SYMBOL," SERIES"," DATE1"," PREV_CLOSE"," OPEN_PRICE"," HIGH_PRICE"," LOW_PRICE"," LAST_PRICE"," CLOSE_PRICE"," AVG_PRICE"," TTL_TRD_QNTY"," TURNOVER_LACS"," NO_OF_TRADES"," DELIV_QTY"," DELIV_PER"
1018GS2026," GS"," 01-Jan-2026"," 106.17"," 103.51"," 106.25"," 103.51"," 106.15"," 106.15"," 106.15"," 2015"," 2.14"," 5"," 2000"," 99.26"
20MICRONS," EQ"," 01-Jan-2026"," 212.77"," 214.47"," 214.47"," 208.41"," 213.50"," 212.08"," 211.57"," 163949"," 346.87"," 6475"," 57533"," 35.09"
21STCENMGM," EQ"," 01-Jan-2026"," 49.65"," 48.66"," 50.64"," 48.66"," 49.00"," 49.03"," 49.50"," 18636"," 9.23"," 95"," 14182"," 76.10"
360ONE," EQ"," 01-Jan-2026"," 1190.00"," 1198.00"," 1198.00"," 1171.30"," 1180.00"," 1179.70"," 1179.95"," 132449"," 1562.83"," 6743"," 68275"," 51.55"
3IINFOLTD," EQ"," 01-Jan-2026"," 16.61"," 16.76"," 16.94"," 16.58"," 16.76"," 16.66"," 16.70"," 150544"," 25.14"," 975"," 88022"," 58.47"
3MINDIA," EQ"," 01-Jan-2026"," 35115.00"," 35185.00"," 36065.00"," 34750.00"," 36000.00"," 36000.00"," 35714.79"," 4965"," 1773.24"," 3166"," 2392"," 48.18"
3PLAND," EQ"," 01-Jan-2026"," 36.63"," 37.20"," 37.90"," 35.91"," 37.25"," 37.39"," 37.18"," 5262"," 1.96"," 152"," 3847"," 73.11"
574GS2026," GS"," 01-Jan-2026"," 99.91"," 99.80"," 99.80"," 99.80"," 99.80"," 99.80"," 99.80"," 14"," 0.01"," 1"," 14"," 100.00"
579GS2030," GS"," 01-Jan-2026"," 97.08"," 98.20"," 98.20"," 98.20"," 98.20"," 98.20"," 98.20"," 750"," 0.74"," 1"," 750"," 100.00"
5PAISA," EQ"," 01-Jan-2026"," 333.85"," 335.60"," 385.90"," 333.00"," 370.80"," 375.80"," 369.33"," 2719813"," 10045.19"," 62141"," 257551"," 9.47"
601GS2030," GS"," 01-Jan-2026"," 99.99"," 100.00"," 100.50"," 100.00"," 100.50"," 100.50"," 100.15"," 400"," 0.40"," 4"," 400"," 100.00"
610GS2031," GS"," 01-Jan-2026"," 99.50"," 100.20"," 100.20"," 100.00"," 100.00"," 100.00"," 100.03"," 12"," 0.01"," 2"," 12"," 100.00"
619GS2034," GS"," 01-Jan-2026"," 98.70"," 98.00"," 98.00"," 98.00"," 98.00"," 98.00"," 98.00"," 190"," 0.19"," 1"," 190"," 100.00"
63MOONS," EQ"," 01-Jan-2026"," 719.00"," 718.90"," 747.00"," 714.35"," 726.75"," 729.00"," 733.24"," 158237"," 1160.25"," 7621"," 61250"," 38.71"
648GS2035," GS"," 01-Jan-2026"," 100.70"," 100.90"," 100.90"," 100.90"," 100.90"," 100.90"," 100.90"," 1"," 0.00"," 1"," 1"," 100.00"
654GS2032," GS"," 01-Jan-2026"," 102.00"," 102.00"," 102.00"," 102.00"," 102.00"," 102.00"," 102.00"," 472"," 0.48"," 1"," 472"," 100.00"
667GS2035," GS"," 01-Jan-2026"," 107.91"," 102.80"," 102.80"," 102.80"," 102.80"," 102.80"," 102.80"," 1300"," 1.34"," 1"," 1300"," 100.00"
667GS2050," GS"," 01-Jan-2026"," 93.00"," 92.55"," 93.00"," 92.55"," 93.00"," 93.00"," 92.99"," 1904"," 1.77"," 9"," 1904"," 100.00"
676GS2061," GS"," 01-Jan-2026"," 94.05"," 94.95"," 95.35"," 94.80"," 95.35"," 95.34"," 95.34"," 1129"," 1.08"," 5"," 1129"," 100.00"
679GS2034," GS"," 01-Jan-2026"," 100.50"," 101.50"," 101.50"," 101.50"," 101.50"," 101.50"," 101.50"," 576"," 0.58"," 2"," 576"," 100.00"
68GS2060," GS"," 01-Jan-2026"," 94.00"," 94.80"," 94.80"," 94.00"," 94.00"," 94.00"," 94.36"," 631"," 0.60"," 15"," 631"," 100.00"
690GS2065," GS"," 01-Jan-2026"," 96.15"," 96.14"," 96.14"," 95.60"," 96.00"," 95.99"," 95.99"," 11458"," 11.00"," 11"," 10748"," 93.80"
692GS2039," GS"," 01-Jan-2026"," 100.10"," 100.10"," 100.10"," 100.10"," 100.10"," 100.10"," 100.10"," 129800"," 129.93"," 3"," 129800"," 100.00"
695GS2061," GS"," 01-Jan-2026"," 94.60"," 94.50"," 94.50"," 94.50"," 94.50"," 94.50"," 94.50"," 1000"," 0.95"," 3"," 1000"," 100.00"
698GR2054," GS"," 01-Jan-2026"," 94.15"," 95.05"," 95.05"," 95.05"," 95.05"," 95.05"," 95.05"," 148"," 0.14"," 2"," 148"," 100.00"
699GS2026," GS"," 01-Jan-2026"," 101.80"," 101.82"," 101.82"," 101.82"," 101.82"," 101.82"," 101.82"," 1"," 0.00"," 1"," 1"," 100.00"
702GS2031," GS"," 01-Jan-2026"," 102.70"," 102.70"," 102.70"," 102.70"," 102.70"," 102.70"," 102.70"," 90"," 0.09"," 1"," 90"," 100.00"
706GS2028," GS"," 01-Jan-2026"," 103.25"," 103.25"," 104.10"," 103.25"," 104.10"," 104.10"," 103.35"," 8251"," 8.53"," 4"," 8251"," 100.00"
709GS2054," GS"," 01-Jan-2026"," 100.49"," 102.15"," 102.15"," 100.51"," 101.49"," 101.49"," 101.49"," 7604"," 7.72"," 7"," 7504"," 98.68"
709GS2074," GS"," 01-Jan-2026"," 97.14"," 97.14"," 97.20"," 97.06"," 97.09"," 97.09"," 97.10"," 71491"," 69.41"," 51"," 71391"," 99.86"
710GS2029," GS"," 01-Jan-2026"," 103.77"," 103.77"," 103.80"," 103.71"," 103.72"," 103.72"," 103.72"," 4884"," 5.07"," 5"," 4884"," 100.00"
717GS2028," GS"," 01-Jan-2026"," 105.00"," 105.00"," 105.40"," 105.00"," 105.40"," 105.40"," 105.20"," 148"," 0.16"," 3"," 74"," 50.00"
717GS2030," GS"," 01-Jan-2026"," 103.55"," 104.59"," 104.60"," 103.05"," 104.00"," 104.00"," 103.82"," 11108"," 11.53"," 7"," 6109"," 55.00"
718GS2033," GS"," 01-Jan-2026"," 111.00"," 105.45"," 105.70"," 105.45"," 105.70"," 105.70"," 105.50"," 3695"," 3.90"," 4"," 3195"," 86.47"
718GS2037," GS"," 01-Jan-2026"," 105.72"," 105.40"," 105.40"," 105.07"," 105.07"," 105.07"," 105.31"," 1400"," 1.47"," 5"," 1400"," 100.00"
71GS2034," GS"," 01-Jan-2026"," 103.71"," 103.71"," 103.71"," 103.71"," 103.71"," 103.71"," 103.71"," 2328"," 2.41"," 1"," 2328"," 100.00"
724GS2055," GS"," 01-Jan-2026"," 102.12"," 102.00"," 102.18"," 101.70"," 102.18"," 102.12"," 102.00"," 20017"," 20.42"," 195"," 19717"," 98.50"
725GS2063," GS"," 01-Jan-2026"," 99.00"," 98.90"," 99.40"," 98.90"," 99.40"," 99.25"," 99.16"," 53213"," 52.77"," 37"," 52212"," 98.12"
726GS2032," GS"," 01-Jan-2026"," 107.50"," 105.00"," 105.80"," 105.00"," 105.50"," 105.54"," 105.53"," 69273"," 73.11"," 5"," 68773"," 99.28"
726GS2033," GS"," 01-Jan-2026"," 106.00"," 106.00"," 106.00"," 105.80"," 105.80"," 105.80"," 105.95"," 26920"," 28.52"," 8"," 26920"," 100.00"
727GS2026," GS"," 01-Jan-2026"," 102.10"," 102.15"," 102.15"," 101.20"," 102.15"," 102.15"," 101.97"," 522"," 0.53"," 5"," 422"," 80.84"
732GS2030," GS"," 01-Jan-2026"," 104.10"," 103.25"," 103.25"," 103.25"," 103.25"," 103.25"," 103.25"," 100"," 0.10"," 1"," 100"," 100.00"
733GS2026," GS"," 01-Jan-2026"," 101.60"," 102.60"," 102.60"," 102.60"," 102.60"," 102.60"," 102.60"," 2"," 0.00"," 1"," 2"," 100.00"
734GS2064," GS"," 01-Jan-2026"," 101.20"," 101.30"," 101.30"," 101.00"," 101.00"," 101.00"," 101.11"," 22576"," 22.83"," 17"," 22576"," 100.00"
736GS2052," GS"," 01-Jan-2026"," 102.51"," 102.35"," 102.35"," 102.35"," 102.35"," 102.35"," 102.35"," 1"," 0.00"," 1"," 1"," 100.00"
737GR2054," GS"," 01-Jan-2026"," 102.67"," 102.67"," 102.67"," 100.50"," 100.50"," 100.50"," 100.52"," 101"," 0.10"," 2"," 101"," 100.00"
737GS2028," GS"," 01-Jan-2026"," 103.58"," 103.61"," 105.27"," 103.61"," 105.27"," 105.27"," 104.99"," 10300"," 10.81"," 9"," 10100"," 98.06"
738GS2027," GS"," 01-Jan-2026"," 102.57"," 102.68"," 102.69"," 102.55"," 102.55"," 102.58"," 102.59"," 231133"," 237.11"," 31"," 231113"," 99.99"
73GS2053," GS"," 01-Jan-2026"," 100.26"," 102.00"," 102.00"," 101.00"," 101.02"," 101.01"," 101.33"," 8521"," 8.63"," 8"," 8501"," 99.77"
741GS2036," GS"," 01-Jan-2026"," 104.80"," 104.90"," 104.90"," 104.50"," 104.50"," 104.50"," 104.57"," 526"," 0.55"," 2"," 526"," 100.00"
746GS2073," GS"," 01-Jan-2026"," 101.73"," 101.73"," 102.00"," 101.37"," 101.60"," 101.60"," 101.63"," 4504"," 4.58"," 12"," 4392"," 97.51"
74GS2062," GS"," 01-Jan-2026"," 101.50"," 101.99"," 101.99"," 101.90"," 101.90"," 101.90"," 101.96"," 71"," 0.07"," 6"," 71"," 100.00"
754GS2036," GS"," 01-Jan-2026"," 106.54"," 106.31"," 106.69"," 106.24"," 106.45"," 106.43"," 106.43"," 1032978"," 1099.35"," 290"," 976435"," 94.53"
757GS2033," GS"," 01-Jan-2026"," 103.70"," 103.55"," 103.65"," 103.55"," 103.65"," 103.65"," 103.60"," 14"," 0.01"," 2"," 7"," 50.00"
772GS2055," GS"," 01-Jan-2026"," 110.50"," 110.50"," 110.50"," 110.50"," 110.50"," 110.50"," 110.50"," 45"," 0.05"," 1"," 45"," 100.00"
824GS2027," GS"," 01-Jan-2026"," 104.66"," 105.06"," 105.06"," 105.06"," 105.06"," 105.06"," 105.06"," 27"," 0.03"," 1"," 27"," 100.00"
828GS2027," GS"," 01-Jan-2026"," 106.00"," 110.30"," 110.30"," 110.00"," 110.00"," 110.00"," 110.00"," 501"," 0.55"," 2"," 501"," 100.00"
92GS2030," GS"," 01-Jan-2026"," 114.01"," 114.30"," 114.65"," 114.30"," 114.30"," 114.53"," 114.44"," 38411"," 43.96"," 26"," 38386"," 99.93"
A2ZINFRA," EQ"," 01-Jan-2026"," 16.63"," 16.63"," 16.99"," 15.80"," 15.80"," 15.83"," 16.02"," 278831"," 44.66"," 441"," 173695"," 62.29"
AAATECH," BE"," 01-Jan-2026"," 106.58"," 103.50"," 104.50"," 101.26"," 101.26"," 101.26"," 102.48"," 29208"," 29.93"," 155"," -"," -"
AADHARHFC," EQ"," 01-Jan-2026"," 485.05"," 489.00"," 489.90"," 479.35"," 482.50"," 481.40"," 484.36"," 279305"," 1352.86"," 14561"," 137328"," 49.17"
AAKAAR," SM"," 01-Jan-2026"," 73.75"," 75.00"," 75.00"," 71.60"," 72.00"," 72.00"," 73.57"," 8000"," 5.89"," 4"," 6400"," 80.00"
AAKASH," EQ"," 01-Jan-2026"," 8.74"," 8.91"," 8.91"," 8.66"," 8.66"," 8.71"," 8.76"," 34685"," 3.04"," 357"," 26397"," 76.10"
AAREYDRUGS," EQ"," 01-Jan-2026"," 67.67"," 68.87"," 68.87"," 64.70"," 66.50"," 67.55"," 66.87"," 198391"," 132.66"," 2007"," 111692"," 56.30"
AARON," EQ"," 01-Jan-2026"," 168.55"," 169.60"," 172.90"," 168.76"," 170.40"," 169.43"," 170.25"," 7072"," 12.04"," 737"," 2810"," 39.73"
AARTECH," EQ"," 01-Jan-2026"," 47.97"," 48.50"," 48.89"," 47.01"," 48.10"," 47.56"," 47.98"," 26520"," 12.72"," 710"," 12751"," 48.08"
AARTIDRUGS," EQ"," 01-Jan-2026"," 411.65"," 412.55"," 417.70"," 411.90"," 417.00"," 416.65"," 414.52"," 58630"," 243.03"," 2726"," 17366"," 29.62"
AARTIIND," EQ"," 01-Jan-2026"," 373.90"," 375.80"," 376.70"," 369.40"," 375.40"," 375.70"," 373.50"," 316338"," 1181.52"," 9907"," 128356"," 40.58"
AARTIPHARM," EQ"," 01-Jan-2026"," 752.40"," 752.40"," 752.50"," 737.65"," 750.60"," 744.20"," 743.03"," 51452"," 382.31"," 4423"," 27557"," 53.56"
AARTISURF," EQ"," 01-Jan-2026"," 387.80"," 386.25"," 395.00"," 386.25"," 393.45"," 391.85"," 392.46"," 4264"," 16.73"," 338"," 2699"," 63.30"
AARVI," EQ"," 01-Jan-2026"," 128.14"," 127.50"," 131.00"," 126.70"," 128.00"," 127.22"," 128.77"," 7827"," 10.08"," 399"," 3415"," 43.63"
AATMAJ," SM"," 01-Jan-2026"," 24.05"," 24.00"," 25.25"," 24.00"," 25.25"," 25.25"," 24.42"," 6000"," 1.47"," 3"," 6000"," 100.00"
AAVAS," EQ"," 01-Jan-2026"," 1464.00"," 1464.00"," 1471.20"," 1455.70"," 1455.90"," 1459.20"," 1461.94"," 31357"," 458.42"," 3367"," 15958"," 50.89"
ABAN," BE"," 01-Jan-2026"," 19.75"," 18.77"," 19.59"," 18.77"," 19.10"," 19.15"," 18.93"," 281778"," 53.34"," 1036"," -"," -"
ABB," EQ"," 01-Jan-2026"," 5170.00"," 5183.00"," 5195.50"," 5146.00"," 5168.00"," 5176.50"," 5168.75"," 37884"," 1958.13"," 6297"," 13829"," 36.50"
ABBOTINDIA," EQ"," 01-Jan-2026"," 29025.00"," 28860.00"," 28990.00"," 28405.00"," 28480.00"," 28485.00"," 28585.65"," 3948"," 1128.56"," 1977"," 2429"," 61.52"
ABCAPITAL," EQ"," 01-Jan-2026"," 357.70"," 357.70"," 362.75"," 353.70"," 362.00"," 361.95"," 359.84"," 3449064"," 12411.23"," 28122"," 1486678"," 43.10"
ABCOTS," EQ"," 01-Jan-2026"," 411.95"," 411.70"," 414.00"," 409.10"," 409.10"," 411.70"," 412.02"," 9022"," 37.17"," 162"," 8518"," 94.41"
ABDL," EQ"," 01-Jan-2026"," 613.55"," 616.15"," 622.00"," 598.00"," 601.30"," 601.15"," 608.37"," 433065"," 2634.64"," 26236"," 230107"," 53.13"
ABFRL," EQ"," 01-Jan-2026"," 76.78"," 76.75"," 77.09"," 75.82"," 76.28"," 76.10"," 76.32"," 1804455"," 1377.10"," 13067"," 781877"," 43.33"
ABGSEC," EQ"," 01-Jan-2026"," 111.68"," 111.66"," 111.66"," 111.16"," 111.16"," 111.16"," 111.34"," 3"," 0.00"," 3"," 2"," 66.67"
ABHAPOWER," SM"," 01-Jan-2026"," 37.50"," 36.00"," 37.65"," 35.10"," 36.90"," 36.90"," 36.19"," 9600"," 3.47"," 6"," 6400"," 66.67"
ABINFRA," EQ"," 01-Jan-2026"," 17.72"," 17.89"," 18.15"," 17.67"," 17.71"," 17.82"," 17.93"," 137388"," 24.63"," 399"," 90543"," 65.90"
ABLBL," EQ"," 01-Jan-2026"," 127.58"," 127.54"," 128.49"," 124.60"," 126.00"," 126.43"," 125.95"," 780259"," 982.70"," 7671"," 401710"," 51.48"
ABMINTLLTD," EQ"," 01-Jan-2026"," 41.93"," 45.70"," 45.70"," 42.21"," 43.60"," 43.35"," 43.53"," 3556"," 1.55"," 52"," 1934"," 54.39"
ABREL," EQ"," 01-Jan-2026"," 1674.80"," 1673.50"," 1687.10"," 1655.00"," 1680.00"," 1680.60"," 1672.34"," 52535"," 878.56"," 5051"," 24817"," 47.24"
ABSLAMC," EQ"," 01-Jan-2026"," 805.25"," 806.90"," 848.00"," 802.55"," 840.55"," 843.40"," 831.76"," 500274"," 4161.08"," 34015"," 173158"," 34.61"
ABSLBANETF," EQ"," 01-Jan-2026"," 60.82"," 59.29"," 62.34"," 59.29"," 60.94"," 60.90"," 60.97"," 45575"," 27.79"," 306"," 22309"," 48.95"
ABSLLIQUID," EQ"," 01-Jan-2026"," 999.99"," 1000.00"," 1000.01"," 999.99"," 1000.01"," 1000.00"," 1000.00"," 2073"," 20.73"," 32"," 1555"," 75.01"
ABSLNN50ET," EQ"," 01-Jan-2026"," 73.18"," 74.59"," 74.60"," 72.66"," 72.89"," 72.93"," 73.13"," 25484"," 18.64"," 384"," 16077"," 63.09"
ABSLPSE," EQ"," 01-Jan-2026"," 10.15"," 10.20"," 10.21"," 10.12"," 10.18"," 10.19"," 10.18"," 234538"," 23.88"," 494"," 215964"," 92.08"
ABSMARINE," SM"," 01-Jan-2026"," 197.25"," 198.00"," 202.05"," 196.00"," 198.00"," 197.15"," 198.64"," 14000"," 27.81"," 27"," 9500"," 67.86"
ACC," EQ"," 01-Jan-2026"," 1737.70"," 1737.90"," 1744.90"," 1730.10"," 1737.80"," 1740.40"," 1739.49"," 161847"," 2815.31"," 6775"," 100681"," 62.21"
ACCELYA," EQ"," 01-Jan-2026"," 1308.60"," 1309.50"," 1321.30"," 1303.00"," 1310.00"," 1309.30"," 1311.14"," 16328"," 214.08"," 1048"," 11378"," 69.68"
ACCENTMIC," SM"," 01-Jan-2026"," 345.45"," 345.00"," 349.80"," 337.60"," 340.00"," 340.20"," 344.01"," 13000"," 44.72"," 24"," 9000"," 69.23"
ACCPL," ST"," 01-Jan-2026"," 87.85"," 86.00"," 86.00"," 84.00"," 84.05"," 84.05"," 85.29"," 21600"," 18.42"," 10"," 20400"," 94.44"
ACCURACY," EQ"," 01-Jan-2026"," 5.77"," 5.83"," 5.83"," 5.45"," 5.69"," 5.67"," 5.68"," 62890"," 3.57"," 443"," 44205"," 70.29"
ACE," EQ"," 01-Jan-2026"," 946.65"," 954.00"," 957.00"," 941.45"," 943.00"," 943.95"," 946.69"," 56964"," 539.27"," 4858"," 25518"," 44.80"
ACEINTEG," EQ"," 01-Jan-2026"," 22.89"," 22.00"," 22.88"," 22.00"," 22.72"," 22.76"," 22.63"," 406"," 0.09"," 31"," 289"," 71.18"
ACI," EQ"," 01-Jan-2026"," 557.15"," 560.00"," 560.00"," 548.10"," 550.30"," 554.00"," 554.83"," 64622"," 358.54"," 4666"," 27905"," 43.18"
ACL," EQ"," 01-Jan-2026"," 66.52"," 67.00"," 68.00"," 65.00"," 65.60"," 65.65"," 65.74"," 14061"," 9.24"," 328"," 11759"," 83.63"
ACMESOLAR," EQ"," 01-Jan-2026"," 237.49"," 238.00"," 238.88"," 235.90"," 238.84"," 237.84"," 237.18"," 624050"," 1480.10"," 5517"," 501984"," 80.44"
ACTIVEINFR," SM"," 01-Jan-2026"," 178.00"," 171.00"," 171.00"," 170.00"," 170.00"," 170.00"," 170.25"," 2400"," 4.09"," 2"," 2400"," 100.00"
ACUTAAS," EQ"," 01-Jan-2026"," 1704.90"," 1710.00"," 1770.00"," 1695.70"," 1748.00"," 1750.80"," 1740.80"," 324292"," 5645.28"," 27062"," 130204"," 40.15"
ADANIENSOL," EQ"," 01-Jan-2026"," 1027.35"," 1029.00"," 1061.70"," 1026.30"," 1049.00"," 1046.40"," 1051.69"," 2771177"," 29144.23"," 54127"," 539892"," 19.48"
ADANIENT," EQ"," 01-Jan-2026"," 2239.70"," 2249.00"," 2287.40"," 2241.00"," 2254.40"," 2260.00"," 2265.77"," 1046220"," 23704.93"," 44508"," 265633"," 25.39"
ADANIGREEN," EQ"," 01-Jan-2026"," 1015.10"," 1019.70"," 1045.00"," 1015.50"," 1025.90"," 1025.90"," 1030.88"," 2304811"," 23759.86"," 46605"," 466751"," 20.25"
ADANIPORTS," EQ"," 01-Jan-2026"," 1469.80"," 1472.80"," 1490.90"," 1470.40"," 1478.30"," 1481.10"," 1483.37"," 981252"," 14555.59"," 36178"," 340209"," 34.67"
ADANIPOWER," EQ"," 01-Jan-2026"," 142.99"," 143.25"," 153.16"," 142.80"," 148.70"," 148.76"," 149.74"," 64003449"," 95837.40"," 272788"," 10595516"," 16.55"
ADDICTIVE," SM"," 01-Jan-2026"," 121.00"," 121.20"," 121.20"," 120.00"," 121.00"," 121.00"," 120.99"," 10500"," 12.70"," 9"," 10500"," 100.00"
ADFFOODS," EQ"," 01-Jan-2026"," 203.95"," 204.60"," 204.99"," 203.02"," 204.99"," 204.14"," 203.95"," 27344"," 55.77"," 1021"," 13620"," 49.81"
ADL," EQ"," 01-Jan-2026"," 76.10"," 76.50"," 78.80"," 76.48"," 78.75"," 77.51"," 77.36"," 962"," 0.74"," 24"," 807"," 83.89"
ADOR," EQ"," 01-Jan-2026"," 1065.00"," 1069.90"," 1069.90"," 1040.20"," 1040.20"," 1043.30"," 1048.54"," 4524"," 47.44"," 574"," 2793"," 61.74"
ADROITINFO," EQ"," 01-Jan-2026"," 10.34"," 10.03"," 10.48"," 10.03"," 10.14"," 10.16"," 10.18"," 3027"," 0.31"," 59"," 2465"," 81.43"
ADSL," EQ"," 01-Jan-2026"," 151.90"," 152.48"," 153.70"," 151.32"," 153.47"," 152.46"," 152.39"," 62945"," 95.92"," 1682"," 24443"," 38.83"
ADVANCE," EQ"," 01-Jan-2026"," 122.79"," 123.41"," 123.70"," 120.58"," 121.50"," 121.39"," 121.56"," 52661"," 64.01"," 670"," 27552"," 52.32"
ADVANIHOTR," EQ"," 01-Jan-2026"," 58.69"," 58.89"," 59.00"," 57.99"," 58.15"," 58.12"," 58.23"," 16629"," 9.68"," 475"," 11868"," 71.37"
ADVENTHTL," EQ"," 01-Jan-2026"," 223.59"," 225.69"," 227.90"," 223.53"," 224.50"," 224.81"," 224.88"," 49658"," 111.67"," 1665"," 28217"," 56.82"
ADVENZYMES," EQ"," 01-Jan-2026"," 302.25"," 303.35"," 306.00"," 298.95"," 305.00"," 304.05"," 303.05"," 64889"," 196.65"," 3278"," 34716"," 53.50"
AEGISLOG," EQ"," 01-Jan-2026"," 717.60"," 721.90"," 721.90"," 709.10"," 714.95"," 713.30"," 713.16"," 68018"," 485.08"," 5054"," 34368"," 50.53"
AEGISVOPAK," EQ"," 01-Jan-2026"," 249.35"," 250.00"," 256.40"," 246.75"," 251.73"," 252.22"," 251.43"," 234577"," 589.80"," 4176"," 69107"," 29.46"
AEQUS," EQ"," 01-Jan-2026"," 137.49"," 137.50"," 141.10"," 136.26"," 138.00"," 138.19"," 138.79"," 1282865"," 1780.51"," 10844"," 358600"," 27.95"
AEROENTER," EQ"," 01-Jan-2026"," 85.36"," 86.00"," 86.80"," 84.52"," 84.75"," 84.94"," 85.36"," 38188"," 32.60"," 894"," 21497"," 56.29"
AEROFLEX," EQ"," 01-Jan-2026"," 193.10"," 193.99"," 196.71"," 191.07"," 193.10"," 192.61"," 193.59"," 283639"," 549.09"," 6100"," 112232"," 39.57"
AERON," SM"," 01-Jan-2026"," 103.00"," 100.60"," 104.00"," 100.60"," 103.15"," 103.50"," 102.87"," 36000"," 37.03"," 24"," 32000"," 88.89"
AERONEU," EQ"," 01-Jan-2026"," 74.15"," 75.00"," 79.74"," 74.15"," 74.15"," 74.90"," 76.47"," 41807"," 31.97"," 2508"," 6525"," 15.61"
AESTHETIK," SM"," 01-Jan-2026"," 89.90"," 88.00"," 89.90"," 88.00"," 88.00"," 88.00"," 88.96"," 5000"," 4.45"," 5"," 5000"," 100.00"
AETHER," EQ"," 01-Jan-2026"," 860.10"," 855.00"," 913.45"," 850.15"," 897.90"," 898.95"," 894.17"," 441373"," 3946.62"," 31228"," 134185"," 30.40"
AFCONS," EQ"," 01-Jan-2026"," 386.90"," 387.90"," 396.50"," 385.70"," 393.00"," 392.95"," 391.01"," 222986"," 871.90"," 7299"," 86172"," 38.64"
AFFLE," EQ"," 01-Jan-2026"," 1799.40"," 1801.00"," 1802.60"," 1774.00"," 1779.00"," 1781.40"," 1784.71"," 65102"," 1161.88"," 8775"," 31604"," 48.55"
AFFORDABLE," EQ"," 01-Jan-2026"," 201.85"," 204.82"," 209.00"," 202.10"," 206.00"," 204.12"," 205.38"," 17206"," 35.34"," 826"," 8154"," 47.39"
AFIL," EQ"," 01-Jan-2026"," 6.34"," 6.31"," 6.57"," 6.31"," 6.39"," 6.41"," 6.45"," 980696"," 63.23"," 1793"," 449146"," 45.80"
AFSL," EQ"," 01-Jan-2026"," 201.99"," 201.05"," 208.45"," 201.05"," 201.95"," 202.61"," 204.56"," 12212"," 24.98"," 771"," 2764"," 22.63"
AGARIND," EQ"," 01-Jan-2026"," 711.50"," 718.90"," 724.90"," 703.00"," 705.05"," 710.70"," 711.65"," 17431"," 124.05"," 1139"," 10091"," 57.89"
AGARWALEYE," EQ"," 01-Jan-2026"," 508.35"," 508.35"," 511.70"," 498.15"," 501.40"," 500.25"," 503.28"," 40189"," 202.26"," 2606"," 18345"," 45.65"
AGARWALFT," SM"," 01-Jan-2026"," 40.00"," 42.00"," 42.00"," 42.00"," 42.00"," 42.00"," 42.00"," 4500"," 1.89"," 3"," 4500"," 100.00"
AGARWALTUF," SM"," 01-Jan-2026"," 125.90"," 129.00"," 130.00"," 121.55"," 129.95"," 127.70"," 126.90"," 63600"," 80.71"," 34"," 45600"," 71.70"
AGI," EQ"," 01-Jan-2026"," 751.05"," 748.20"," 760.90"," 748.20"," 754.00"," 752.35"," 753.92"," 22709"," 171.21"," 2467"," 10295"," 45.33"
AGIIL," EQ"," 01-Jan-2026"," 262.40"," 264.00"," 270.70"," 256.45"," 262.10"," 262.75"," 260.90"," 5718035"," 14918.51"," 26674"," 3733949"," 65.30"
AGNI," SM"," 01-Jan-2026"," 23.50"," 23.50"," 24.00"," 22.95"," 23.25"," 23.25"," 23.43"," 17500"," 4.10"," 7"," 12500"," 71.43"
AGRITECH," BE"," 01-Jan-2026"," 153.00"," 155.90"," 155.90"," 150.10"," 154.00"," 151.67"," 152.43"," 2087"," 3.18"," 66"," -"," -"
AGROPHOS," EQ"," 01-Jan-2026"," 42.60"," 42.50"," 42.88"," 40.80"," 41.00"," 41.46"," 41.85"," 21442"," 8.97"," 220"," 11601"," 54.10"
AGSTRA," BZ"," 01-Jan-2026"," 4.18"," 4.18"," 4.23"," 4.12"," 4.19"," 4.16"," 4.15"," 70628"," 2.93"," 289"," -"," -"
AHCL," EQ"," 01-Jan-2026"," 150.95"," 151.80"," 151.80"," 147.00"," 147.40"," 148.32"," 148.23"," 67346"," 99.82"," 1302"," 39218"," 58.23"
AHLADA," EQ"," 01-Jan-2026"," 47.83"," 48.90"," 48.90"," 46.51"," 48.04"," 47.95"," 47.83"," 5148"," 2.46"," 116"," 4420"," 85.86"
AHLEAST," EQ"," 01-Jan-2026"," 132.90"," 130.11"," 139.00"," 130.11"," 138.74"," 138.33"," 137.17"," 2819"," 3.87"," 76"," 2220"," 78.75"
AHLUCONT," EQ"," 01-Jan-2026"," 980.60"," 985.80"," 994.20"," 956.75"," 960.00"," 959.20"," 962.89"," 35941"," 346.07"," 4789"," 19872"," 55.29"
AIAENG," EQ"," 01-Jan-2026"," 4017.50"," 4029.50"," 4099.90"," 3963.10"," 4020.00"," 4030.10"," 4034.10"," 74906"," 3021.79"," 18179"," 38691"," 51.65"
AIIL," EQ"," 01-Jan-2026"," 3133.40"," 3149.00"," 3202.60"," 3095.00"," 3136.90"," 3136.00"," 3148.45"," 139519"," 4392.69"," 17772"," 59964"," 42.98"
AILIMITED," SM"," 01-Jan-2026"," 40.00"," 40.00"," 40.00"," 40.00"," 40.00"," 40.00"," 40.00"," 1500"," 0.60"," 1"," 1500"," 100.00"
AIMTRON," ST"," 01-Jan-2026"," 831.90"," 838.00"," 873.45"," 838.00"," 857.10"," 859.45"," 867.88"," 35800"," 310.70"," 138"," 30800"," 86.03"
AIRAN," EQ"," 01-Jan-2026"," 18.07"," 18.35"," 18.49"," 17.90"," 18.25"," 18.06"," 18.19"," 41063"," 7.47"," 340"," 26800"," 65.27"
AIROLAM," EQ"," 01-Jan-2026"," 101.80"," 103.97"," 103.97"," 101.50"," 101.59"," 101.58"," 101.75"," 471"," 0.48"," 19"," 361"," 76.65"
AIRTELPP," E1"," 01-Jan-2026"," 1691.05"," 1682.00"," 1714.75"," 1682.00"," 1694.50"," 1697.65"," 1702.58"," 147578"," 2512.64"," 2566"," 129634"," 87.84"
AISL," SM"," 01-Jan-2026"," 83.25"," 79.35"," 84.50"," 79.30"," 84.50"," 84.50"," 81.05"," 1800"," 1.46"," 3"," 1200"," 66.67"
AJANTPHARM," EQ"," 01-Jan-2026"," 2768.90"," 2787.60"," 2962.00"," 2744.80"," 2945.20"," 2938.40"," 2904.00"," 620493"," 18019.13"," 54004"," 111635"," 17.99"
AJAXENGG," EQ"," 01-Jan-2026"," 593.80"," 595.05"," 599.30"," 590.20"," 590.30"," 591.20"," 592.92"," 14152"," 83.91"," 1280"," 7609"," 53.77"
AJMERA," EQ"," 01-Jan-2026"," 960.20"," 970.00"," 974.00"," 952.00"," 964.00"," 959.60"," 960.53"," 21731"," 208.73"," 1989"," 9101"," 41.88"
AJOONI," EQ"," 01-Jan-2026"," 4.31"," 4.40"," 4.40"," 4.31"," 4.31"," 4.33"," 4.35"," 156116"," 6.80"," 436"," 113322"," 72.59"
AKASH," EQ"," 01-Jan-2026"," 25.68"," 25.80"," 25.98"," 25.20"," 25.27"," 25.27"," 25.28"," 2867"," 0.72"," 38"," 2834"," 98.85"
AKG," EQ"," 01-Jan-2026"," 12.30"," 12.30"," 12.45"," 12.05"," 12.34"," 12.30"," 12.25"," 14682"," 1.80"," 106"," 13673"," 93.13"
AKI," EQ"," 01-Jan-2026"," 6.60"," 6.95"," 6.95"," 6.11"," 6.51"," 6.56"," 6.49"," 79958"," 5.19"," 433"," 54084"," 67.64"
AKIKO," ST"," 01-Jan-2026"," 263.80"," 267.00"," 267.00"," 260.00"," 260.00"," 260.00"," 261.85"," 11200"," 29.33"," 10"," 11200"," 100.00"
AKSHAR," EQ"," 01-Jan-2026"," 0.51"," 0.52"," 0.52"," 0.47"," 0.50"," 0.49"," 0.50"," 2255042"," 11.27"," 753"," 1831233"," 81.21"
AKSHARCHEM," EQ"," 01-Jan-2026"," 241.00"," 238.59"," 243.90"," 238.00"," 238.00"," 243.52"," 241.38"," 594"," 1.43"," 57"," 372"," 62.63"
AKSHOPTFBR," EQ"," 01-Jan-2026"," 6.44"," 6.55"," 6.58"," 6.21"," 6.40"," 6.39"," 6.39"," 210145"," 13.44"," 453"," 145730"," 69.35"
AKUMS," EQ"," 01-Jan-2026"," 453.40"," 453.40"," 453.70"," 445.05"," 445.15"," 445.90"," 447.54"," 55387"," 247.88"," 1760"," 24872"," 44.91"
AKZOINDIA," EQ"," 01-Jan-2026"," 3177.30"," 3175.10"," 3193.90"," 3141.00"," 3180.00"," 3185.90"," 3172.37"," 44106"," 1399.21"," 6396"," 19133"," 43.38"
ALANKIT," EQ"," 01-Jan-2026"," 10.80"," 10.85"," 10.92"," 10.71"," 10.73"," 10.77"," 10.80"," 136105"," 14.70"," 628"," 101395"," 74.50"
ALBERTDAVD," EQ"," 01-Jan-2026"," 736.60"," 738.20"," 742.95"," 735.35"," 742.95"," 739.50"," 739.74"," 1243"," 9.19"," 146"," 933"," 75.06"
ALCODIS," SM"," 01-Jan-2026"," 92.70"," 93.15"," 94.85"," 92.10"," 94.85"," 94.40"," 93.46"," 5000"," 4.67"," 8"," 5000"," 100.00"
ALEMBICLTD," EQ"," 01-Jan-2026"," 101.19"," 101.19"," 102.45"," 100.90"," 102.30"," 102.08"," 101.64"," 181633"," 184.61"," 1479"," 99090"," 54.56"
ALICON," EQ"," 01-Jan-2026"," 815.30"," 819.40"," 827.00"," 811.35"," 815.00"," 820.95"," 816.94"," 6872"," 56.14"," 650"," 3632"," 52.85"
ALIVUS," EQ"," 01-Jan-2026"," 916.60"," 916.60"," 922.90"," 905.20"," 905.20"," 907.60"," 912.34"," 19593"," 178.75"," 2223"," 9930"," 50.68"
ALKALI," EQ"," 01-Jan-2026"," 80.56"," 81.88"," 81.88"," 79.26"," 80.94"," 80.73"," 80.62"," 2373"," 1.91"," 101"," 1259"," 53.06"
ALKEM," EQ"," 01-Jan-2026"," 5506.50"," 5477.00"," 5519.50"," 5384.00"," 5465.00"," 5463.50"," 5438.72"," 44385"," 2413.97"," 8166"," 12575"," 28.33"
ALKYLAMINE," EQ"," 01-Jan-2026"," 1596.10"," 1596.10"," 1630.10"," 1596.10"," 1620.00"," 1618.40"," 1618.85"," 30942"," 500.90"," 5158"," 12579"," 40.65"
ALLCARGO," EQ"," 01-Jan-2026"," 10.14"," 10.14"," 10.73"," 10.14"," 10.72"," 10.64"," 10.47"," 7048933"," 737.85"," 12191"," 2156773"," 30.60"
ALLDIGI," EQ"," 01-Jan-2026"," 869.40"," 869.00"," 874.90"," 861.05"," 871.75"," 867.15"," 868.98"," 1617"," 14.05"," 235"," 1051"," 65.00"
ALLETEC," SM"," 01-Jan-2026"," 212.85"," 212.85"," 216.00"," 212.85"," 214.00"," 214.75"," 214.33"," 12000"," 25.72"," 19"," 9600"," 80.00"
ALLTIME," EQ"," 01-Jan-2026"," 265.20"," 262.05"," 269.25"," 261.00"," 263.75"," 262.65"," 264.53"," 28735"," 76.01"," 1915"," 15625"," 54.38"
ALMONDZ," EQ"," 01-Jan-2026"," 17.70"," 17.25"," 19.28"," 17.25"," 18.57"," 18.15"," 18.42"," 642242"," 118.29"," 992"," 562635"," 87.60"
ALOKINDS," EQ"," 01-Jan-2026"," 16.03"," 16.09"," 16.23"," 16.04"," 16.07"," 16.12"," 16.11"," 1545158"," 249.00"," 4479"," 795701"," 51.50"
ALPA," EQ"," 01-Jan-2026"," 77.69"," 77.85"," 79.50"," 77.60"," 79.40"," 78.84"," 78.43"," 9779"," 7.67"," 393"," 6501"," 66.48"
ALPEXSOLAR," SM"," 01-Jan-2026"," 821.55"," 824.90"," 828.45"," 810.15"," 817.00"," 817.55"," 818.88"," 16200"," 132.66"," 122"," 11100"," 68.52"
ALPHA," EQ"," 01-Jan-2026"," 48.23"," 47.75"," 48.59"," 47.75"," 48.24"," 48.20"," 48.20"," 431763"," 208.11"," 2367"," 265379"," 61.46"
ALPHAETF," EQ"," 01-Jan-2026"," 24.93"," 24.94"," 25.15"," 24.90"," 25.14"," 25.06"," 25.05"," 323852"," 81.11"," 927"," 210980"," 65.15"
ALPHAGEO," EQ"," 01-Jan-2026"," 226.92"," 225.05"," 230.36"," 224.94"," 227.07"," 226.42"," 228.64"," 1753"," 4.01"," 109"," 1005"," 57.33"
ALPL30IETF," EQ"," 01-Jan-2026"," 27.87"," 27.86"," 27.97"," 27.85"," 27.95"," 27.94"," 27.92"," 221719"," 61.91"," 898"," 144595"," 65.22"
ALPSINDUS," BE"," 01-Jan-2026"," 3.49"," 3.43"," 3.43"," 3.43"," 3.43"," 3.43"," 3.43"," 11633"," 0.40"," 42"," -"," -"
ALUWIND," SM"," 01-Jan-2026"," 71.00"," 73.00"," 73.00"," 71.00"," 71.00"," 71.00"," 72.01"," 6000"," 4.32"," 4"," 4500"," 75.00"
AMANTA," EQ"," 01-Jan-2026"," 109.06"," 109.00"," 112.03"," 104.10"," 107.00"," 106.91"," 107.51"," 89009"," 95.69"," 1076"," 43670"," 49.06"
AMBER," EQ"," 01-Jan-2026"," 6387.00"," 6405.00"," 6465.00"," 6373.50"," 6460.00"," 6447.50"," 6414.84"," 86159"," 5526.96"," 9772"," 20396"," 23.67"
AMBEY," SM"," 01-Jan-2026"," 44.05"," 43.90"," 43.90"," 43.50"," 43.50"," 43.50"," 43.58"," 10000"," 4.36"," 3"," 10000"," 100.00"
AMBICAAGAR," EQ"," 01-Jan-2026"," 25.61"," 25.57"," 25.90"," 25.06"," 25.20"," 25.19"," 25.16"," 7146"," 1.80"," 41"," 6682"," 93.51"
AMBIKCO," EQ"," 01-Jan-2026"," 1234.40"," 1244.90"," 1248.90"," 1239.00"," 1248.90"," 1243.30"," 1244.36"," 2485"," 30.92"," 456"," 1842"," 74.12"
AMBUJACEM," EQ"," 01-Jan-2026"," 556.35"," 556.90"," 561.00"," 555.10"," 558.70"," 559.65"," 559.47"," 1568506"," 8775.27"," 19343"," 642001"," 40.93"
AMDIND," EQ"," 01-Jan-2026"," 47.97"," 48.00"," 49.54"," 47.50"," 47.70"," 47.87"," 48.32"," 8309"," 4.02"," 164"," 4213"," 50.70"
AMEYA," SM"," 01-Jan-2026"," 97.10"," 97.10"," 99.95"," 97.10"," 99.95"," 99.95"," 98.53"," 2000"," 1.97"," 2"," 1000"," 50.00"
AMIABLE," SM"," 01-Jan-2026"," 83.95"," 98.50"," 98.50"," 98.50"," 98.50"," 98.50"," 98.50"," 1600"," 1.58"," 1"," 1600"," 100.00"
AMJLAND," EQ"," 01-Jan-2026"," 52.27"," 51.15"," 53.47"," 51.15"," 52.90"," 52.78"," 52.56"," 17904"," 9.41"," 202"," 10653"," 59.50"
AMJUMBO," SM"," 01-Jan-2026"," 9.65"," 10.10"," 10.10"," 9.30"," 9.95"," 9.95"," 9.71"," 56000"," 5.44"," 7"," 32000"," 57.14"
AMNPLST," EQ"," 01-Jan-2026"," 185.07"," 189.01"," 193.58"," 187.00"," 192.70"," 191.18"," 189.38"," 4609"," 8.73"," 167"," 3541"," 76.83"
AMRUTANJAN," EQ"," 01-Jan-2026"," 668.55"," 668.55"," 673.45"," 666.00"," 666.00"," 667.20"," 668.42"," 2381"," 15.92"," 364"," 1281"," 53.80"
ANANDRATHI," EQ"," 01-Jan-2026"," 3112.40"," 3103.00"," 3103.60"," 3062.00"," 3095.00"," 3094.90"," 3077.15"," 265253"," 8162.22"," 20807"," 179083"," 67.51"
ANANTAM," IV"," 01-Jan-2026"," 103.86"," 104.00"," 104.00"," 103.75"," 103.82"," 103.85"," 103.95"," 3899"," 4.05"," 151"," 3596"," 92.23"
ANANTRAJ," EQ"," 01-Jan-2026"," 547.30"," 547.95"," 556.20"," 546.35"," 554.00"," 552.50"," 551.94"," 759230"," 4190.47"," 17916"," 243598"," 32.08"
ANDHRAPAP," EQ"," 01-Jan-2026"," 67.20"," 67.21"," 67.50"," 66.75"," 67.30"," 67.01"," 67.11"," 42962"," 28.83"," 1131"," 30203"," 70.30"
ANDHRSUGAR," EQ"," 01-Jan-2026"," 75.68"," 75.68"," 76.39"," 75.21"," 76.05"," 75.92"," 75.77"," 68153"," 51.64"," 1112"," 35493"," 52.08"
ANGELONE," EQ"," 01-Jan-2026"," 2344.00"," 2352.00"," 2375.00"," 2320.70"," 2371.00"," 2362.80"," 2343.78"," 474163"," 11113.33"," 23542"," 162307"," 34.23"
ANIKINDS," EQ"," 01-Jan-2026"," 53.16"," 54.22"," 54.78"," 51.05"," 51.40"," 51.78"," 52.93"," 53221"," 28.17"," 655"," 10431"," 19.60"
ANKITMETAL," BZ"," 01-Jan-2026"," 1.75"," 1.72"," 1.79"," 1.72"," 1.73"," 1.73"," 1.75"," 6412"," 0.11"," 23"," -"," -"
ANLON," SM"," 01-Jan-2026"," 410.40"," 408.45"," 409.00"," 408.45"," 409.00"," 409.00"," 408.73"," 800"," 3.27"," 2"," 400"," 50.00"
ANMOL," EQ"," 01-Jan-2026"," 13.84"," 13.84"," 13.97"," 13.70"," 13.76"," 13.87"," 13.81"," 21372"," 2.95"," 186"," 15262"," 71.41"
ANNAPURNA," SM"," 01-Jan-2026"," 197.60"," 200.00"," 202.90"," 190.10"," 192.85"," 194.85"," 199.22"," 152250"," 303.32"," 189"," 48500"," 31.86"
ANONDITA," ST"," 01-Jan-2026"," 1017.15"," 1037.00"," 1037.45"," 1032.90"," 1032.90"," 1032.90"," 1035.37"," 18000"," 186.37"," 18"," 18000"," 100.00"
ANSALAPI," BZ"," 01-Jan-2026"," 3.36"," 3.35"," 3.37"," 3.30"," 3.37"," 3.36"," 3.36"," 15266"," 0.51"," 40"," -"," -"
ANTELOPUS," EQ"," 01-Jan-2026"," 411.15"," 415.50"," 416.35"," 410.00"," 410.00"," 411.25"," 412.40"," 10137"," 41.81"," 581"," 6760"," 66.69"
ANTGRAPHIC," EQ"," 01-Jan-2026"," 0.98"," 0.99"," 1.17"," 0.99"," 1.09"," 1.07"," 1.11"," 1511621"," 16.79"," 696"," 920921"," 60.92"
ANTHEM," EQ"," 01-Jan-2026"," 651.50"," 649.50"," 659.55"," 633.55"," 634.00"," 638.10"," 642.84"," 248340"," 1596.44"," 11507"," 148293"," 59.71"
ANUHPHR," EQ"," 01-Jan-2026"," 80.52"," 82.25"," 82.25"," 78.41"," 79.35"," 78.69"," 79.24"," 30340"," 24.04"," 764"," 18797"," 61.95"
ANUP," EQ"," 01-Jan-2026"," 2243.10"," 2258.00"," 2258.00"," 2223.80"," 2244.00"," 2231.80"," 2237.71"," 4408"," 98.64"," 1197"," 1972"," 44.74"
ANURAS," EQ"," 01-Jan-2026"," 1318.90"," 1321.00"," 1330.00"," 1310.20"," 1329.50"," 1326.50"," 1319.14"," 408433"," 5387.79"," 5560"," 127142"," 31.13"
ANZEN," IV"," 01-Jan-2026"," 116.00"," 117.35"," 117.35"," 117.35"," 117.35"," 117.35"," 117.35"," 25000"," 29.34"," 1"," 25000"," 100.00"
AONEGOLD," EQ"," 01-Jan-2026"," 12.41"," 12.09"," 12.55"," 12.09"," 12.55"," 12.51"," 12.48"," 322990"," 40.32"," 2100"," 253391"," 78.45"
AONELIQUID," EQ"," 01-Jan-2026"," 1040.84"," 1041.00"," 1041.00"," 1040.98"," 1041.00"," 1040.99"," 1041.00"," 59948"," 624.06"," 193"," 59688"," 99.57"
AONENIFTY," EQ"," 01-Jan-2026"," 10.70"," 10.81"," 10.81"," 10.69"," 10.72"," 10.70"," 10.72"," 147867"," 15.85"," 1707"," 128981"," 87.23"
AONETMMQ50," EQ"," 01-Jan-2026"," 9.61"," 9.68"," 9.82"," 9.57"," 9.61"," 9.64"," 9.63"," 53376"," 5.14"," 226"," 41899"," 78.50"
AONETOTAL," EQ"," 01-Jan-2026"," 12.06"," 12.08"," 12.09"," 12.02"," 12.03"," 12.06"," 12.07"," 271567"," 32.77"," 2561"," 172105"," 63.37"
APARINDS," EQ"," 01-Jan-2026"," 8367.50"," 8424.00"," 8455.00"," 8314.00"," 8335.00"," 8327.50"," 8368.35"," 17662"," 1478.02"," 4378"," 7732"," 43.78"
APCL," EQ"," 01-Jan-2026"," 131.87"," 133.80"," 133.80"," 126.00"," 130.00"," 127.66"," 129.34"," 22442"," 29.03"," 1321"," 8224"," 36.65"
APCOTEXIND," EQ"," 01-Jan-2026"," 374.30"," 370.90"," 373.25"," 365.00"," 365.10"," 366.00"," 366.68"," 7660"," 28.09"," 351"," 6100"," 79.63"
APEX," EQ"," 01-Jan-2026"," 278.90"," 280.90"," 294.50"," 277.85"," 289.80"," 290.65"," 287.54"," 980183"," 2818.46"," 22807"," 159319"," 16.25"
APEXECO," SM"," 01-Jan-2026"," 132.50"," 131.00"," 131.00"," 129.10"," 131.00"," 131.00"," 130.52"," 4000"," 5.22"," 5"," 2400"," 60.00"
APLAPOLLO," EQ"," 01-Jan-2026"," 1914.00"," 1925.60"," 1989.90"," 1914.00"," 1970.00"," 1970.00"," 1969.96"," 1879995"," 37035.18"," 78753"," 955167"," 50.81"
APLLTD," EQ"," 01-Jan-2026"," 846.15"," 843.00"," 849.00"," 835.00"," 839.00"," 837.65"," 839.65"," 26324"," 221.03"," 3696"," 13747"," 52.22"
APOLLO," EQ"," 01-Jan-2026"," 272.00"," 271.90"," 280.00"," 268.00"," 276.00"," 276.00"," 275.90"," 5182472"," 14298.23"," 42442"," 1301058"," 25.10"
APOLLOHOSP," EQ"," 01-Jan-2026"," 7042.50"," 7063.00"," 7125.00"," 7023.50"," 7116.00"," 7111.50"," 7083.61"," 81987"," 5807.64"," 11561"," 30837"," 37.61"
APOLLOPIPE," EQ"," 01-Jan-2026"," 294.00"," 294.00"," 297.90"," 292.05"," 292.05"," 293.50"," 294.63"," 39671"," 116.88"," 1897"," 14964"," 37.72"
APOLLOTYRE," EQ"," 01-Jan-2026"," 500.00"," 500.75"," 502.50"," 492.35"," 495.00"," 494.20"," 495.02"," 517987"," 2564.12"," 16722"," 267152"," 51.58"
APOLSINHOT," EQ"," 01-Jan-2026"," 1209.20"," 1218.70"," 1234.90"," 1191.20"," 1209.00"," 1208.60"," 1210.67"," 639"," 7.74"," 122"," 503"," 78.72"
APRAMEYA," SM"," 01-Jan-2026"," 315.55"," 317.75"," 318.00"," 290.00"," 290.00"," 301.10"," 305.97"," 21500"," 65.78"," 34"," 18500"," 86.05"
APS," SM"," 01-Jan-2026"," 367.45"," 368.05"," 373.00"," 367.45"," 371.70"," 370.35"," 370.66"," 7250"," 26.87"," 28"," 5500"," 75.86"
APTECHT," EQ"," 01-Jan-2026"," 93.27"," 93.27"," 93.73"," 88.90"," 89.90"," 89.82"," 90.64"," 380617"," 344.98"," 4694"," 213801"," 56.17"
APTUS," EQ"," 01-Jan-2026"," 279.10"," 281.60"," 284.85"," 279.05"," 282.50"," 282.05"," 281.94"," 455178"," 1283.34"," 12448"," 133683"," 29.37"
ARABIAN," SM"," 01-Jan-2026"," 70.00"," 73.00"," 73.00"," 71.00"," 71.00"," 71.00"," 72.00"," 4000"," 2.88"," 2"," 2000"," 50.00"
ARCHIDPLY," EQ"," 01-Jan-2026"," 89.27"," 90.60"," 91.29"," 89.00"," 90.50"," 90.90"," 90.65"," 8648"," 7.84"," 79"," 7529"," 87.06"
ARCHIES," EQ"," 01-Jan-2026"," 18.86"," 18.90"," 18.90"," 18.50"," 18.55"," 18.50"," 18.56"," 7134"," 1.32"," 72"," 5996"," 84.05"
ARCIIL," SM"," 01-Jan-2026"," 65.05"," 66.95"," 67.20"," 66.00"," 66.00"," 66.50"," 66.61"," 4000"," 2.66"," 4"," 4000"," 100.00"
ARE&M," EQ"," 01-Jan-2026"," 909.55"," 914.05"," 931.90"," 904.05"," 927.50"," 927.80"," 920.75"," 342003"," 3148.98"," 18793"," 137729"," 40.27"
ARENTERP," EQ"," 01-Jan-2026"," 46.30"," 48.30"," 48.30"," 45.60"," 46.97"," 46.97"," 47.40"," 391"," 0.19"," 13"," 268"," 68.54"
ARFIN," EQ"," 01-Jan-2026"," 73.12"," 73.90"," 75.00"," 73.90"," 75.00"," 74.89"," 74.70"," 669299"," 499.98"," 2766"," 248823"," 37.18"
ARHAM," ST"," 01-Jan-2026"," 151.10"," 151.10"," 151.10"," 151.10"," 151.10"," 151.10"," 151.10"," 1000"," 1.51"," 1"," 1000"," 100.00"
ARIES," EQ"," 01-Jan-2026"," 326.90"," 331.00"," 335.50"," 324.10"," 324.30"," 327.15"," 329.45"," 19161"," 63.13"," 1790"," 8818"," 46.02"
ARIHANTACA," ST"," 01-Jan-2026"," 499.90"," 499.50"," 499.50"," 499.50"," 499.50"," 499.50"," 499.50"," 400"," 2.00"," 1"," 400"," 100.00"
ARIHANTCAP," EQ"," 01-Jan-2026"," 89.92"," 90.00"," 90.69"," 89.00"," 89.10"," 89.49"," 89.66"," 146335"," 131.20"," 2045"," 41138"," 28.11"
ARIHANTSUP," EQ"," 01-Jan-2026"," 336.70"," 341.75"," 352.00"," 338.70"," 340.50"," 344.10"," 345.43"," 45377"," 156.75"," 1479"," 3220"," 7.10"
ARISINFRA," EQ"," 01-Jan-2026"," 128.64"," 129.00"," 129.98"," 128.00"," 128.60"," 128.38"," 128.98"," 50277"," 64.85"," 1370"," 18346"," 36.49"
ARISTO," SM"," 01-Jan-2026"," 120.00"," 120.00"," 120.00"," 118.00"," 120.00"," 120.00"," 119.00"," 3200"," 3.81"," 3"," 3200"," 100.00"
ARKADE," EQ"," 01-Jan-2026"," 135.63"," 136.21"," 136.91"," 135.33"," 135.91"," 135.89"," 136.19"," 196768"," 267.99"," 2644"," 101910"," 51.79"
ARMANFIN," EQ"," 01-Jan-2026"," 1557.40"," 1549.00"," 1583.90"," 1542.90"," 1564.00"," 1568.70"," 1568.91"," 130688"," 2050.38"," 9092"," 112131"," 85.80"
AROGRANITE," EQ"," 01-Jan-2026"," 31.21"," 31.55"," 36.40"," 30.39"," 33.02"," 33.04"," 34.08"," 201262"," 68.59"," 999"," 92185"," 45.80"
ARROWGREEN," EQ"," 01-Jan-2026"," 505.75"," 508.90"," 508.90"," 500.00"," 506.90"," 502.35"," 503.46"," 9820"," 49.44"," 884"," 6476"," 65.95"
ARSHIYA," BZ"," 01-Jan-2026"," 1.28"," 1.33"," 1.33"," 1.22"," 1.30"," 1.29"," 1.25"," 109031"," 1.36"," 50"," -"," -"
ARSSBL," EQ"," 01-Jan-2026"," 630.10"," 630.70"," 636.50"," 621.50"," 636.00"," 632.70"," 629.89"," 318878"," 2008.60"," 8901"," 92522"," 29.01"
ARTEMISMED," EQ"," 01-Jan-2026"," 271.05"," 271.95"," 280.60"," 271.95"," 279.95"," 278.90"," 277.14"," 129061"," 357.68"," 3806"," 81857"," 63.43"
ARTNIRMAN," EQ"," 01-Jan-2026"," 46.27"," 46.31"," 48.50"," 46.31"," 46.53"," 47.70"," 47.55"," 192"," 0.09"," 8"," 112"," 58.33"
ARVEE," BE"," 01-Jan-2026"," 213.33"," 213.33"," 221.50"," 202.67"," 207.00"," 204.13"," 208.32"," 6205"," 12.93"," 219"," -"," -"
ARVIND," EQ"," 01-Jan-2026"," 317.05"," 316.40"," 319.90"," 315.80"," 319.00"," 318.65"," 317.86"," 86972"," 276.45"," 3102"," 41955"," 48.24"
ARVINDFASN," EQ"," 01-Jan-2026"," 499.15"," 499.00"," 514.85"," 498.95"," 507.50"," 507.95"," 505.73"," 96572"," 488.39"," 8087"," 41287"," 42.75"
ARVINDPORT," SM"," 01-Jan-2026"," 41.70"," 40.05"," 41.00"," 39.65"," 39.65"," 39.65"," 40.06"," 34500"," 13.82"," 23"," 24000"," 69.57"
ARVSMART," EQ"," 01-Jan-2026"," 591.15"," 593.00"," 599.40"," 588.65"," 599.40"," 596.25"," 593.08"," 8559"," 50.76"," 648"," 4558"," 53.25"
ASAHIINDIA," EQ"," 01-Jan-2026"," 1015.00"," 1008.00"," 1018.90"," 992.50"," 996.80"," 997.60"," 999.53"," 62796"," 627.66"," 5430"," 22542"," 35.90"
ASAHISONG," EQ"," 01-Jan-2026"," 266.50"," 269.30"," 272.65"," 260.05"," 260.05"," 262.20"," 266.82"," 8046"," 21.47"," 422"," 5118"," 63.61"
ASAL," EQ"," 01-Jan-2026"," 482.25"," 481.00"," 488.95"," 481.00"," 483.00"," 482.50"," 484.00"," 7692"," 37.23"," 653"," 3585"," 46.61"
ASALCBR," EQ"," 01-Jan-2026"," 955.20"," 962.90"," 962.90"," 947.00"," 953.40"," 950.50"," 951.49"," 21213"," 201.84"," 2544"," 11526"," 54.33"
ASCOM," ST"," 01-Jan-2026"," 126.50"," 127.00"," 127.00"," 126.50"," 126.50"," 126.50"," 126.75"," 1000"," 1.27"," 2"," 1000"," 100.00"
ASHALOG," SM"," 01-Jan-2026"," 68.30"," 68.55"," 68.55"," 68.55"," 68.55"," 68.55"," 68.55"," 1000"," 0.69"," 1"," 1000"," 100.00"
ASHAPURMIN," EQ"," 01-Jan-2026"," 878.65"," 880.90"," 886.20"," 860.00"," 864.90"," 862.30"," 868.50"," 279096"," 2423.95"," 10869"," 131346"," 47.06"
ASHIANA," EQ"," 01-Jan-2026"," 288.35"," 290.85"," 290.85"," 280.35"," 282.05"," 283.05"," 283.35"," 39696"," 112.48"," 1551"," 26284"," 66.21"
ASHIMASYN," EQ"," 01-Jan-2026"," 19.20"," 19.50"," 19.61"," 18.81"," 19.40"," 19.20"," 19.16"," 69536"," 13.33"," 434"," 52717"," 75.81"
ASHOKA," EQ"," 01-Jan-2026"," 168.46"," 168.00"," 169.49"," 167.30"," 168.15"," 167.88"," 168.12"," 278657"," 468.49"," 3350"," 116641"," 41.86"
ASHOKAMET," EQ"," 01-Jan-2026"," 15.64"," 15.64"," 15.70"," 15.26"," 15.53"," 15.57"," 15.61"," 12629"," 1.97"," 143"," 7892"," 62.49"
ASHOKLEY," EQ"," 01-Jan-2026"," 179.19"," 179.19"," 185.56"," 178.81"," 185.00"," 184.88"," 183.84"," 26287021"," 48325.62"," 134074"," 8390684"," 31.92"
ASHWINI," ST"," 01-Jan-2026"," 138.25"," 140.00"," 140.00"," 137.00"," 137.00"," 137.25"," 138.44"," 9000"," 12.46"," 8"," 8000"," 88.89"
ASIANENE," EQ"," 01-Jan-2026"," 283.30"," 283.75"," 286.25"," 282.00"," 282.10"," 283.35"," 283.98"," 12094"," 34.34"," 533"," 7161"," 59.21"
ASIANHOTNR," EQ"," 01-Jan-2026"," 325.30"," 325.00"," 328.90"," 319.60"," 327.85"," 326.95"," 324.78"," 16484"," 53.54"," 361"," 5910"," 35.85"
ASIANPAINT," EQ"," 01-Jan-2026"," 2769.50"," 2775.90"," 2782.70"," 2746.10"," 2756.00"," 2752.00"," 2766.47"," 327945"," 9072.50"," 24149"," 180477"," 55.03"
ASIANTILES," EQ"," 01-Jan-2026"," 75.39"," 76.00"," 76.99"," 75.00"," 75.80"," 76.52"," 75.93"," 1975052"," 1499.72"," 8486"," 601015"," 30.43"
ASKAUTOLTD," EQ"," 01-Jan-2026"," 478.65"," 481.00"," 481.30"," 475.30"," 478.45"," 478.30"," 478.22"," 65729"," 314.33"," 3730"," 29828"," 45.38"
ASLIND," ST"," 01-Jan-2026"," 116.15"," 116.10"," 116.10"," 116.10"," 116.10"," 116.10"," 116.10"," 2000"," 2.32"," 1"," 2000"," 100.00"
ASMS," EQ"," 01-Jan-2026"," 11.86"," 12.09"," 12.24"," 11.90"," 12.00"," 11.95"," 12.05"," 114741"," 13.83"," 639"," 59625"," 51.96"
ASPINWALL," EQ"," 01-Jan-2026"," 261.08"," 294.80"," 299.80"," 251.15"," 255.55"," 257.15"," 276.48"," 261050"," 721.75"," 6935"," 51931"," 19.89"
ASPIRE," SM"," 01-Jan-2026"," 15.55"," 15.55"," 15.55"," 15.50"," 15.50"," 15.50"," 15.53"," 4000"," 0.62"," 2"," 4000"," 100.00"
ASTEC," EQ"," 01-Jan-2026"," 705.00"," 715.00"," 715.00"," 696.65"," 710.00"," 709.15"," 706.27"," 90427"," 638.66"," 3480"," 23453"," 25.94"
ASTERDM," EQ"," 01-Jan-2026"," 616.85"," 615.00"," 615.00"," 603.00"," 607.00"," 606.70"," 607.62"," 521216"," 3167.02"," 28412"," 250920"," 48.14"
ASTRAL," EQ"," 01-Jan-2026"," 1388.50"," 1397.90"," 1437.10"," 1392.10"," 1436.00"," 1434.90"," 1418.53"," 592945"," 8411.13"," 21718"," 221322"," 37.33"
ASTRAMICRO," EQ"," 01-Jan-2026"," 981.25"," 978.00"," 995.95"," 975.05"," 981.00"," 983.00"," 984.96"," 163879"," 1614.15"," 10314"," 67483"," 41.18"
ASTRAZEN," EQ"," 01-Jan-2026"," 9029.00"," 9000.00"," 9064.00"," 8700.00"," 8766.00"," 8777.50"," 8812.67"," 26383"," 2325.05"," 8976"," 13609"," 51.58"
ASTRON," EQ"," 01-Jan-2026"," 6.10"," 6.22"," 6.22"," 6.03"," 6.04"," 6.05"," 6.09"," 31610"," 1.92"," 125"," 19446"," 61.52"
ATALREAL," EQ"," 01-Jan-2026"," 25.93"," 26.00"," 26.21"," 25.86"," 26.10"," 26.00"," 25.94"," 1425255"," 369.76"," 944"," 225728"," 15.84"
ATAM," EQ"," 01-Jan-2026"," 82.80"," 83.00"," 83.49"," 81.00"," 81.66"," 82.45"," 82.38"," 5309"," 4.37"," 148"," 3711"," 69.90"
ATCENERGY," SM"," 01-Jan-2026"," 37.30"," 37.00"," 37.45"," 36.80"," 37.45"," 37.45"," 36.98"," 9600"," 3.55"," 7"," 4800"," 50.00"
ATGL," EQ"," 01-Jan-2026"," 566.70"," 567.35"," 621.00"," 567.35"," 591.00"," 594.10"," 605.30"," 10982992"," 66480.01"," 219720"," 932295"," 8.49"
ATHERENERG," EQ"," 01-Jan-2026"," 754.75"," 755.00"," 764.90"," 727.85"," 731.95"," 738.50"," 747.73"," 1392172"," 10409.75"," 35389"," 329619"," 23.68"
ATL," EQ"," 01-Jan-2026"," 28.01"," 28.16"," 28.70"," 28.06"," 28.70"," 28.38"," 28.36"," 117797"," 33.41"," 1367"," 54890"," 46.60"
ATLANTAA," BE"," 01-Jan-2026"," 43.91"," 43.70"," 44.25"," 43.60"," 44.00"," 43.93"," 44.11"," 27755"," 12.24"," 160"," -"," -"
ATLANTAELE," EQ"," 01-Jan-2026"," 879.40"," 897.00"," 904.05"," 867.00"," 891.50"," 893.90"," 875.63"," 263828"," 2310.15"," 5637"," 214541"," 81.32"
ATLASCYCLE," EQ"," 01-Jan-2026"," 103.73"," 103.22"," 107.99"," 100.52"," 106.45"," 107.27"," 104.95"," 14516"," 15.23"," 337"," 10018"," 69.01"
ATLPP," E1"," 01-Jan-2026"," 11.99"," 11.25"," 12.41"," 11.25"," 12.25"," 12.25"," 12.28"," 8690"," 1.07"," 45"," 8683"," 99.92"
ATMASTCO," SM"," 01-Jan-2026"," 128.75"," 130.00"," 134.85"," 130.00"," 133.00"," 133.30"," 133.21"," 19600"," 26.11"," 40"," 16800"," 85.71"
ATUL," EQ"," 01-Jan-2026"," 6141.00"," 6159.00"," 6190.00"," 6093.00"," 6169.00"," 6169.00"," 6150.92"," 10914"," 671.31"," 2284"," 5682"," 52.06"
ATULAUTO," EQ"," 01-Jan-2026"," 439.80"," 445.00"," 495.00"," 438.00"," 471.20"," 473.80"," 475.40"," 3220456"," 15310.12"," 79582"," 313500"," 9.73"
AUBANK," EQ"," 01-Jan-2026"," 994.50"," 994.50"," 1003.15"," 991.10"," 998.10"," 999.45"," 997.51"," 685959"," 6842.48"," 19838"," 396963"," 57.87"
AURIGROW," BE"," 01-Jan-2026"," 0.76"," 0.73"," 0.73"," 0.73"," 0.73"," 0.73"," 0.73"," 2665916"," 19.46"," 1847"," -"," -"
AURIONPRO," EQ"," 01-Jan-2026"," 1035.70"," 1042.70"," 1066.70"," 1032.00"," 1064.80"," 1060.40"," 1050.88"," 79028"," 830.49"," 7137"," 43057"," 54.48"
AUROPHARMA," EQ"," 01-Jan-2026"," 1183.00"," 1190.00"," 1197.00"," 1170.20"," 1197.00"," 1193.00"," 1181.76"," 412064"," 4869.60"," 14483"," 112630"," 27.33"
AURUM," EQ"," 01-Jan-2026"," 188.04"," 185.10"," 189.30"," 185.10"," 188.00"," 188.25"," 187.71"," 22410"," 42.07"," 883"," 11818"," 52.74"
AUSOMENT," EQ"," 01-Jan-2026"," 109.92"," 109.28"," 111.00"," 107.51"," 109.90"," 108.42"," 110.07"," 2206"," 2.43"," 163"," 1804"," 81.78"
AUTOAXLES," EQ"," 01-Jan-2026"," 1882.50"," 1892.30"," 1897.40"," 1850.00"," 1870.00"," 1881.60"," 1874.54"," 44130"," 827.23"," 2327"," 37676"," 85.38"
AUTOBEES," EQ"," 01-Jan-2026"," 289.93"," 282.68"," 293.00"," 282.68"," 292.70"," 292.80"," 291.99"," 770963"," 2251.15"," 4391"," 563304"," 73.06"
AUTOIETF," EQ"," 01-Jan-2026"," 28.94"," 28.94"," 29.32"," 28.94"," 29.30"," 29.29"," 29.18"," 1025910"," 299.35"," 2597"," 721323"," 70.31"
AUTOIND," EQ"," 01-Jan-2026"," 79.44"," 80.50"," 81.50"," 78.55"," 79.25"," 79.77"," 79.88"," 113392"," 90.57"," 1315"," 61865"," 54.56"
AVADHSUGAR," EQ"," 01-Jan-2026"," 369.80"," 370.65"," 370.65"," 365.00"," 367.25"," 366.40"," 366.91"," 14861"," 54.53"," 695"," 9541"," 64.20"
AVALON," EQ"," 01-Jan-2026"," 878.90"," 876.50"," 889.00"," 872.20"," 885.00"," 882.40"," 880.47"," 65551"," 577.16"," 5947"," 35615"," 54.33"
AVANTEL," EQ"," 01-Jan-2026"," 157.69"," 153.80"," 159.88"," 153.40"," 156.40"," 156.48"," 157.51"," 704673"," 1109.90"," 8347"," 263035"," 37.33"
AVANTIFEED," EQ"," 01-Jan-2026"," 831.95"," 837.55"," 883.75"," 833.25"," 877.40"," 878.50"," 865.77"," 1560522"," 13510.50"," 46973"," 442665"," 28.37"
AVG," EQ"," 01-Jan-2026"," 177.92"," 182.29"," 182.29"," 173.40"," 176.50"," 175.38"," 176.95"," 5034"," 8.91"," 171"," 2760"," 54.83"
AVIANSH," SM"," 01-Jan-2026"," 115.00"," 115.50"," 116.50"," 115.50"," 116.50"," 116.50"," 115.73"," 22000"," 25.46"," 18"," 22000"," 100.00"
AVL," EQ"," 01-Jan-2026"," 488.05"," 491.00"," 491.00"," 479.35"," 484.00"," 482.00"," 482.54"," 72336"," 349.05"," 6313"," 37172"," 51.39"
AVONMORE," EQ"," 01-Jan-2026"," 18.74"," 18.75"," 18.96"," 18.36"," 18.70"," 18.69"," 18.70"," 152772"," 28.57"," 1000"," 66613"," 43.60"
AVPINFRA," SM"," 01-Jan-2026"," 119.00"," 122.80"," 122.85"," 118.00"," 118.05"," 118.35"," 119.62"," 28000"," 33.49"," 30"," 20000"," 71.43"
AVROIND," EQ"," 01-Jan-2026"," 119.89"," 117.60"," 120.99"," 116.50"," 117.45"," 118.94"," 118.57"," 6657"," 7.89"," 192"," 4583"," 68.84"
AVTNPL," EQ"," 01-Jan-2026"," 66.20"," 66.20"," 67.43"," 66.01"," 67.01"," 67.03"," 66.98"," 20004"," 13.40"," 447"," 13834"," 69.16"
AWFIS," EQ"," 01-Jan-2026"," 492.80"," 492.80"," 501.45"," 489.95"," 500.60"," 498.40"," 496.99"," 60716"," 301.75"," 4148"," 25200"," 41.50"
AWHCL," EQ"," 01-Jan-2026"," 485.35"," 484.90"," 492.10"," 483.25"," 485.90"," 486.00"," 487.89"," 99411"," 485.02"," 3499"," 40673"," 40.91"
AWL," EQ"," 01-Jan-2026"," 237.30"," 238.10"," 242.40"," 237.00"," 239.00"," 239.45"," 239.79"," 1249175"," 2995.34"," 18646"," 445514"," 35.66"
AXISBANK," EQ"," 01-Jan-2026"," 1269.40"," 1270.00"," 1279.20"," 1263.80"," 1273.60"," 1274.40"," 1273.36"," 2022412"," 25752.59"," 78736"," 1121487"," 55.45"
AXISBNKETF," EQ"," 01-Jan-2026"," 613.53"," 613.53"," 614.27"," 612.33"," 613.10"," 613.10"," 613.10"," 340"," 2.08"," 32"," 299"," 87.94"
AXISBPSETF," EQ"," 01-Jan-2026"," 13.07"," 13.46"," 13.46"," 13.03"," 13.13"," 13.12"," 13.12"," 51722"," 6.79"," 326"," 43185"," 83.49"
AXISCADES," BE"," 01-Jan-2026"," 1323.50"," 1330.00"," 1355.50"," 1325.00"," 1341.40"," 1342.70"," 1344.31"," 16095"," 216.37"," 804"," -"," -"
AXISCETF," EQ"," 01-Jan-2026"," 126.45"," 126.30"," 126.49"," 125.21"," 126.49"," 126.49"," 125.91"," 1572"," 1.98"," 44"," 1489"," 94.72"
AXISGOLD," EQ"," 01-Jan-2026"," 110.69"," 112.45"," 112.45"," 109.49"," 111.50"," 111.43"," 111.21"," 379423"," 421.96"," 3684"," 265689"," 70.02"
AXISHCETF," EQ"," 01-Jan-2026"," 149.50"," 148.99"," 148.99"," 148.07"," 148.79"," 148.77"," 148.45"," 3448"," 5.12"," 93"," 3436"," 99.65"
AXISILVER," EQ"," 01-Jan-2026"," 224.14"," 224.15"," 226.66"," 222.57"," 224.80"," 225.11"," 224.18"," 933885"," 2093.55"," 5508"," 491007"," 52.58"
AXISNIFTY," EQ"," 01-Jan-2026"," 287.02"," 287.55"," 287.55"," 286.60"," 286.81"," 286.71"," 287.08"," 8442"," 24.24"," 200"," 8218"," 97.35"
AXISTECETF," EQ"," 01-Jan-2026"," 413.37"," 412.50"," 416.61"," 412.50"," 416.19"," 416.47"," 415.79"," 702"," 2.92"," 43"," 547"," 77.92"
AXISVALUE," EQ"," 01-Jan-2026"," 31.65"," 31.66"," 31.94"," 31.53"," 31.70"," 31.69"," 31.63"," 39242"," 12.41"," 164"," 26786"," 68.26"
AXITA," BE"," 01-Jan-2026"," 12.99"," 12.35"," 12.35"," 12.35"," 12.35"," 12.35"," 12.35"," 267577"," 33.05"," 594"," -"," -"
AXSENSEX," EQ"," 01-Jan-2026"," 87.84"," 87.83"," 87.85"," 87.59"," 87.85"," 87.80"," 87.77"," 667"," 0.59"," 27"," 567"," 85.01"
AYMSYNTEX," EQ"," 01-Jan-2026"," 180.33"," 183.00"," 183.00"," 169.65"," 169.81"," 170.58"," 173.10"," 8513"," 14.74"," 347"," 5245"," 61.61"
AZAD," EQ"," 01-Jan-2026"," 1652.80"," 1653.00"," 1660.00"," 1622.10"," 1627.90"," 1625.80"," 1634.78"," 41773"," 682.90"," 4541"," 21666"," 51.87"
BABAFP," SM"," 01-Jan-2026"," 33.30"," 33.25"," 33.25"," 33.25"," 33.25"," 33.25"," 33.25"," 1600"," 0.53"," 1"," 1600"," 100.00"
BAFNAPH," BE"," 01-Jan-2026"," 150.72"," 150.72"," 150.72"," 146.30"," 148.95"," 148.39"," 147.67"," 627"," 0.93"," 43"," -"," -"
BAGDIGITAL," SM"," 01-Jan-2026"," 121.00"," 120.25"," 120.25"," 120.00"," 120.00"," 120.00"," 120.13"," 3200"," 3.84"," 2"," 3200"," 100.00"
BAGFILMS," EQ"," 01-Jan-2026"," 6.37"," 6.38"," 6.39"," 6.22"," 6.30"," 6.27"," 6.29"," 47194"," 2.97"," 158"," 31856"," 67.50"
BAHETI," SM"," 01-Jan-2026"," 590.80"," 595.00"," 614.00"," 590.00"," 609.50"," 605.10"," 597.01"," 24375"," 145.52"," 47"," 19125"," 78.46"
BAIDFIN," EQ"," 01-Jan-2026"," 11.08"," 11.53"," 11.53"," 10.98"," 11.02"," 11.05"," 11.11"," 61963"," 6.88"," 354"," 47341"," 76.40"
BAJAJ-AUTO," EQ"," 01-Jan-2026"," 9343.00"," 9365.00"," 9585.00"," 9318.50"," 9585.00"," 9558.00"," 9483.21"," 306936"," 29107.39"," 28387"," 136179"," 44.37"
BAJAJCON," EQ"," 01-Jan-2026"," 256.20"," 256.90"," 268.00"," 254.05"," 267.30"," 265.70"," 263.38"," 503316"," 1325.62"," 9900"," 261332"," 51.92"
BAJAJELEC," EQ"," 01-Jan-2026"," 477.25"," 476.00"," 479.70"," 473.30"," 474.75"," 474.70"," 475.92"," 26416"," 125.72"," 1939"," 10800"," 40.88"
BAJAJFINSV," EQ"," 01-Jan-2026"," 2039.90"," 2045.00"," 2048.80"," 2027.80"," 2037.50"," 2037.00"," 2035.42"," 270917"," 5514.31"," 19191"," 153419"," 56.63"
BAJAJHCARE," EQ"," 01-Jan-2026"," 415.10"," 422.90"," 430.00"," 416.40"," 426.20"," 424.65"," 421.55"," 226064"," 952.97"," 3409"," 59515"," 26.33"
BAJAJHFL," EQ"," 01-Jan-2026"," 94.33"," 94.50"," 97.29"," 94.41"," 96.10"," 96.11"," 96.10"," 8661687"," 8323.86"," 44689"," 3085010"," 35.62"
BAJAJHIND," EQ"," 01-Jan-2026"," 18.56"," 18.56"," 18.63"," 18.39"," 18.47"," 18.46"," 18.49"," 1683805"," 311.27"," 5420"," 877458"," 52.11"
BAJAJHLDNG," EQ"," 01-Jan-2026"," 11328.00"," 11350.00"," 11438.00"," 11220.00"," 11320.00"," 11342.00"," 11317.11"," 37154"," 4204.76"," 8291"," 14141"," 38.06"
BAJAJINDEF," EQ"," 01-Jan-2026"," 337.00"," 338.70"," 369.00"," 338.70"," 360.00"," 363.75"," 360.25"," 242819"," 874.75"," 7924"," 52171"," 21.49"
BAJEL," EQ"," 01-Jan-2026"," 173.26"," 173.20"," 175.00"," 170.81"," 174.10"," 172.98"," 172.14"," 94468"," 162.62"," 2301"," 40095"," 42.44"
BAJFINANCE," EQ"," 01-Jan-2026"," 986.80"," 988.20"," 989.00"," 969.00"," 975.60"," 973.10"," 975.57"," 7118751"," 69448.25"," 223760"," 4781307"," 67.16"
BALAJEE," EQ"," 01-Jan-2026"," 39.51"," 39.51"," 40.03"," 39.00"," 39.06"," 39.50"," 39.58"," 34601"," 13.70"," 505"," 20148"," 58.23"
BALAJIPHOS," SM"," 01-Jan-2026"," 142.75"," 143.50"," 143.50"," 143.50"," 143.50"," 143.50"," 143.50"," 2000"," 2.87"," 2"," 1000"," 50.00"
BALAJITELE," EQ"," 01-Jan-2026"," 104.99"," 106.25"," 106.38"," 104.20"," 105.11"," 105.65"," 105.33"," 69772"," 73.49"," 1978"," 29656"," 42.50"
BALAMINES," EQ"," 01-Jan-2026"," 1121.00"," 1118.80"," 1128.00"," 1104.30"," 1121.60"," 1109.70"," 1113.71"," 27820"," 309.83"," 2533"," 12615"," 45.35"
BALAXI," EQ"," 01-Jan-2026"," 26.87"," 27.63"," 29.90"," 27.19"," 28.50"," 28.29"," 28.62"," 351188"," 100.50"," 2179"," 133243"," 37.94"
BALCO," SM"," 01-Jan-2026"," 24.75"," 25.05"," 25.95"," 25.05"," 25.95"," 25.95"," 25.50"," 2400"," 0.61"," 2"," 1200"," 50.00"
BALKRISHNA," EQ"," 01-Jan-2026"," 18.45"," 18.81"," 18.81"," 17.80"," 18.04"," 18.21"," 18.28"," 12450"," 2.28"," 124"," 9900"," 79.52"
BALKRISIND," EQ"," 01-Jan-2026"," 2319.70"," 2315.10"," 2337.90"," 2305.00"," 2318.40"," 2316.30"," 2318.76"," 23501"," 544.93"," 4594"," 10427"," 44.37"
BALMLAWRIE," EQ"," 01-Jan-2026"," 183.46"," 184.40"," 187.11"," 183.58"," 184.89"," 184.76"," 185.76"," 221239"," 410.97"," 3769"," 108927"," 49.23"
BALPHARMA," EQ"," 01-Jan-2026"," 73.32"," 71.50"," 74.89"," 71.50"," 72.70"," 73.02"," 72.95"," 2557"," 1.87"," 66"," 2190"," 85.65"
BALRAMCHIN," EQ"," 01-Jan-2026"," 444.40"," 445.00"," 445.65"," 437.00"," 438.75"," 438.30"," 439.12"," 111969"," 491.68"," 4613"," 48669"," 43.47"
BALUFORGE," EQ"," 01-Jan-2026"," 604.90"," 605.00"," 606.45"," 598.80"," 601.00"," 600.10"," 600.87"," 98027"," 589.02"," 3838"," 56572"," 57.71"
BANARBEADS," EQ"," 01-Jan-2026"," 126.25"," 128.00"," 128.00"," 123.10"," 123.10"," 124.74"," 125.38"," 712"," 0.89"," 96"," 500"," 70.22"
BANARISUG," EQ"," 01-Jan-2026"," 3600.20"," 3640.00"," 3640.00"," 3600.00"," 3600.00"," 3600.60"," 3602.76"," 418"," 15.06"," 61"," 326"," 77.99"
BANCOINDIA," EQ"," 01-Jan-2026"," 688.85"," 684.50"," 693.00"," 681.20"," 683.50"," 682.60"," 685.68"," 70734"," 485.01"," 5174"," 27868"," 39.40"
BANDHANBNK," EQ"," 01-Jan-2026"," 145.82"," 146.04"," 146.43"," 143.80"," 144.20"," 144.18"," 144.80"," 4298978"," 6224.88"," 21012"," 1481985"," 34.47"
BANG," EQ"," 01-Jan-2026"," 48.07"," 48.49"," 49.28"," 46.00"," 47.49"," 47.28"," 47.52"," 41090"," 19.53"," 410"," 27656"," 67.31"
BANKA," EQ"," 01-Jan-2026"," 66.92"," 67.99"," 68.00"," 66.00"," 66.99"," 66.98"," 66.38"," 1868"," 1.24"," 64"," 1268"," 67.88"
BANKADD," EQ"," 01-Jan-2026"," 60.81"," 61.12"," 61.12"," 60.73"," 61.00"," 60.81"," 60.82"," 7600"," 4.62"," 66"," 6524"," 85.84"
BANKBARODA," EQ"," 01-Jan-2026"," 295.90"," 296.50"," 302.90"," 295.65"," 301.40"," 300.75"," 300.26"," 8464712"," 25415.83"," 87916"," 3269269"," 38.62"
BANKBEES," EQ"," 01-Jan-2026"," 615.18"," 617.99"," 617.99"," 613.46"," 615.00"," 615.29"," 615.52"," 314736"," 1937.27"," 5305"," 212795"," 67.61"
BANKBETA," EQ"," 01-Jan-2026"," 61.31"," 59.77"," 61.74"," 59.77"," 61.68"," 61.49"," 61.54"," 38974"," 23.99"," 400"," 26886"," 68.98"
BANKBETF," EQ"," 01-Jan-2026"," 60.38"," 60.50"," 60.68"," 60.19"," 60.32"," 60.35"," 60.40"," 9437"," 5.70"," 245"," 5650"," 59.87"
BANKETF," EQ"," 01-Jan-2026"," 604.19"," 607.21"," 607.21"," 604.20"," 605.84"," 605.39"," 604.95"," 4562"," 27.60"," 74"," 4455"," 97.65"
BANKIETF," EQ"," 01-Jan-2026"," 60.89"," 61.17"," 61.20"," 60.71"," 60.90"," 61.00"," 61.04"," 120579"," 73.61"," 1053"," 81944"," 67.96"
BANKINDIA," EQ"," 01-Jan-2026"," 143.85"," 144.10"," 147.79"," 143.51"," 147.60"," 146.99"," 145.99"," 7447505"," 10872.26"," 47861"," 3314079"," 44.50"
BANKNIFTY1," EQ"," 01-Jan-2026"," 615.37"," 618.44"," 618.44"," 615.36"," 618.00"," 617.60"," 617.22"," 10097"," 62.32"," 410"," 8552"," 84.70"
BANKPSU," EQ"," 01-Jan-2026"," 85.48"," 85.61"," 86.35"," 85.61"," 86.12"," 85.97"," 86.07"," 17044"," 14.67"," 95"," 13813"," 81.04"
BANSALWIRE," EQ"," 01-Jan-2026"," 308.95"," 309.55"," 310.50"," 305.00"," 305.40"," 305.40"," 306.21"," 26691"," 81.73"," 1054"," 13717"," 51.39"
BANSWRAS," EQ"," 01-Jan-2026"," 115.09"," 115.12"," 117.00"," 114.31"," 117.00"," 115.95"," 115.72"," 6759"," 7.82"," 156"," 4592"," 67.94"
BARFLEX," SM"," 01-Jan-2026"," 75.40"," 75.60"," 75.60"," 75.60"," 75.60"," 75.60"," 75.60"," 2000"," 1.51"," 1"," 2000"," 100.00"
BASF," EQ"," 01-Jan-2026"," 3958.20"," 3985.00"," 4019.40"," 3905.00"," 3924.00"," 3915.50"," 3945.49"," 11232"," 443.16"," 3759"," 5163"," 45.97"
BASILIC," SM"," 01-Jan-2026"," 335.00"," 339.95"," 340.60"," 335.00"," 340.00"," 338.85"," 338.16"," 11700"," 39.56"," 28"," 9600"," 82.05"
BASML," EQ"," 01-Jan-2026"," 25.90"," 26.70"," 26.70"," 25.96"," 26.35"," 26.31"," 26.20"," 42675"," 11.18"," 475"," 29363"," 68.81"
BATAINDIA," EQ"," 01-Jan-2026"," 943.00"," 945.00"," 949.50"," 942.00"," 949.00"," 946.70"," 946.65"," 35424"," 335.34"," 2902"," 18002"," 50.82"
BAWEJA," SM"," 01-Jan-2026"," 41.55"," 42.95"," 42.95"," 42.95"," 42.95"," 42.95"," 42.95"," 1600"," 0.69"," 2"," 1600"," 100.00"
BAYERCROP," EQ"," 01-Jan-2026"," 4558.00"," 4558.00"," 4576.70"," 4525.10"," 4549.00"," 4543.20"," 4548.09"," 6730"," 306.09"," 1727"," 3037"," 45.13"
BBETF0432," EQ"," 01-Jan-2026"," 1313.31"," 1313.31"," 1314.38"," 1311.51"," 1314.07"," 1313.83"," 1313.62"," 1599"," 21.00"," 39"," 965"," 60.35"
BBL," EQ"," 01-Jan-2026"," 2684.00"," 2677.80"," 2717.90"," 2669.00"," 2673.50"," 2675.80"," 2683.09"," 6793"," 182.26"," 1368"," 3608"," 53.11"
BBNPNBETF," EQ"," 01-Jan-2026"," 59.82"," 59.71"," 60.09"," 59.71"," 60.00"," 60.00"," 59.92"," 1089"," 0.65"," 34"," 1013"," 93.02"
BBNPPGOLD," EQ"," 01-Jan-2026"," 129.50"," 130.10"," 130.10"," 129.15"," 129.40"," 129.45"," 129.43"," 12922"," 16.73"," 95"," 12185"," 94.30"
BBOX," EQ"," 01-Jan-2026"," 550.85"," 548.40"," 553.20"," 544.15"," 547.10"," 547.05"," 548.46"," 70115"," 384.55"," 3794"," 36156"," 51.57"
BBTC," EQ"," 01-Jan-2026"," 1889.10"," 1890.00"," 1895.00"," 1858.00"," 1867.90"," 1867.60"," 1869.71"," 23537"," 440.07"," 3310"," 9863"," 41.90"
BBTCL," EQ"," 01-Jan-2026"," 190.14"," 190.00"," 195.89"," 189.15"," 189.65"," 189.67"," 189.99"," 1329"," 2.52"," 40"," 856"," 64.41"
BCG," EQ"," 01-Jan-2026"," 10.53"," 10.80"," 10.80"," 10.47"," 10.65"," 10.62"," 10.60"," 4036085"," 427.64"," 5923"," 1932850"," 47.89"
BCLIND," EQ"," 01-Jan-2026"," 32.71"," 32.87"," 32.87"," 32.21"," 32.77"," 32.58"," 32.42"," 241408"," 78.27"," 1907"," 131012"," 54.27"
BCONCEPTS," EQ"," 01-Jan-2026"," 358.35"," 359.05"," 361.45"," 349.50"," 350.00"," 353.05"," 354.69"," 9696"," 34.39"," 559"," 5337"," 55.04"
BDL," EQ"," 01-Jan-2026"," 1466.50"," 1475.00"," 1487.00"," 1446.20"," 1485.60"," 1481.50"," 1465.42"," 819562"," 12009.99"," 28017"," 283996"," 34.65"
BEACON," ST"," 01-Jan-2026"," 84.10"," 86.75"," 86.95"," 83.65"," 84.25"," 85.20"," 85.27"," 37000"," 31.55"," 25"," 31000"," 83.78"
BEARDSELL," EQ"," 01-Jan-2026"," 30.64"," 30.90"," 30.90"," 29.80"," 29.82"," 30.00"," 30.27"," 29583"," 8.95"," 116"," 25609"," 86.57"
BECTORFOOD," EQ"," 01-Jan-2026"," 230.40"," 230.40"," 249.25"," 228.74"," 246.60"," 247.22"," 244.92"," 2877318"," 7047.24"," 41687"," 480412"," 16.70"
BEDMUTHA," EQ"," 01-Jan-2026"," 111.99"," 111.01"," 114.00"," 108.50"," 110.00"," 109.00"," 109.57"," 7759"," 8.50"," 208"," 6059"," 78.09"
BEL," EQ"," 01-Jan-2026"," 399.60"," 399.90"," 400.75"," 394.60"," 397.85"," 397.70"," 396.62"," 6084786"," 24133.43"," 79957"," 2746548"," 45.14"
BELLACASA," EQ"," 01-Jan-2026"," 369.70"," 365.00"," 371.60"," 361.50"," 363.50"," 361.90"," 363.73"," 4273"," 15.54"," 329"," 3392"," 79.38"
BELRISE," EQ"," 01-Jan-2026"," 185.34"," 185.21"," 185.65"," 182.80"," 184.00"," 184.07"," 184.21"," 2288925"," 4216.32"," 16516"," 816891"," 35.69"
BEML," EQ"," 01-Jan-2026"," 1859.90"," 1857.90"," 1864.40"," 1837.70"," 1852.00"," 1847.40"," 1848.52"," 82086"," 1517.37"," 7611"," 27244"," 33.19"
BEPL," EQ"," 01-Jan-2026"," 90.69"," 90.34"," 91.00"," 90.00"," 90.50"," 90.65"," 90.47"," 161264"," 145.90"," 1785"," 86153"," 53.42"
BERGEPAINT," EQ"," 01-Jan-2026"," 536.55"," 539.00"," 539.00"," 529.30"," 532.00"," 533.65"," 532.35"," 206112"," 1097.23"," 10443"," 111020"," 53.86"
BESTAGRO," EQ"," 01-Jan-2026"," 380.70"," 382.40"," 389.85"," 376.55"," 383.90"," 382.20"," 383.18"," 74956"," 287.22"," 3147"," 23481"," 31.33"
BETA," EQ"," 01-Jan-2026"," 1549.10"," 1564.30"," 1564.30"," 1523.90"," 1545.00"," 1545.40"," 1539.38"," 1771"," 27.26"," 265"," 1201"," 67.81"
BEWLTD," SM"," 01-Jan-2026"," 119.10"," 119.10"," 124.00"," 117.00"," 124.00"," 121.35"," 119.68"," 16000"," 19.15"," 32"," 13500"," 84.38"
BFINVEST," EQ"," 01-Jan-2026"," 412.10"," 413.40"," 417.90"," 413.00"," 416.00"," 415.60"," 415.10"," 7587"," 31.49"," 409"," 4353"," 57.37"
BFSI," EQ"," 01-Jan-2026"," 28.54"," 28.68"," 28.68"," 28.48"," 28.60"," 28.59"," 28.57"," 83375"," 23.82"," 587"," 67975"," 81.53"
BFUTILITIE," BZ"," 01-Jan-2026"," 664.45"," 677.95"," 692.00"," 666.30"," 682.00"," 682.40"," 684.13"," 13272"," 90.80"," 311"," -"," -"
BGRENERGY," BE"," 01-Jan-2026"," 373.90"," 379.00"," 380.00"," 355.25"," 364.45"," 364.15"," 366.34"," 111673"," 409.10"," 1387"," -"," -"
BHADORA," SM"," 01-Jan-2026"," 77.10"," 73.70"," 73.70"," 73.70"," 73.70"," 73.70"," 73.70"," 1200"," 0.88"," 1"," 1200"," 100.00"
BHAGCHEM," EQ"," 01-Jan-2026"," 219.71"," 221.67"," 221.67"," 205.02"," 205.50"," 206.04"," 209.84"," 452062"," 948.61"," 4650"," 215768"," 47.73"
BHAGERIA," EQ"," 01-Jan-2026"," 180.57"," 181.80"," 181.80"," 178.20"," 180.50"," 180.63"," 180.30"," 23440"," 42.26"," 910"," 14679"," 62.62"
BHAGYANGR," BE"," 01-Jan-2026"," 159.32"," 159.32"," 162.90"," 152.12"," 159.00"," 159.26"," 158.44"," 132163"," 209.40"," 1796"," -"," -"
BHANDARI," EQ"," 01-Jan-2026"," 3.98"," 3.98"," 4.02"," 3.90"," 4.00"," 4.00"," 3.97"," 82764"," 3.29"," 415"," 56805"," 68.63"
BHARATFORG," EQ"," 01-Jan-2026"," 1470.40"," 1480.00"," 1480.00"," 1459.40"," 1466.00"," 1464.40"," 1468.38"," 368504"," 5411.02"," 14715"," 109475"," 29.71"
BHARATGEAR," BE"," 01-Jan-2026"," 109.60"," 109.76"," 115.00"," 109.00"," 113.25"," 112.91"," 112.56"," 41353"," 46.55"," 317"," -"," -"
BHARATRAS," EQ"," 01-Jan-2026"," 2231.00"," 2232.00"," 2239.80"," 2210.00"," 2210.00"," 2215.90"," 2223.67"," 5168"," 114.92"," 1093"," 2698"," 52.21"
BHARATSE," EQ"," 01-Jan-2026"," 172.17"," 173.70"," 174.90"," 170.30"," 173.21"," 172.92"," 172.95"," 53569"," 92.65"," 1196"," 28298"," 52.83"
BHARATWIRE," EQ"," 01-Jan-2026"," 181.55"," 181.88"," 183.90"," 179.10"," 179.45"," 179.81"," 181.52"," 251547"," 456.61"," 2427"," 185617"," 73.79"
BHARTIARTL," EQ"," 01-Jan-2026"," 2105.60"," 2114.80"," 2123.90"," 2107.00"," 2111.40"," 2110.40"," 2114.82"," 2097756"," 44363.72"," 85306"," 722550"," 34.44"
BHARTIHEXA," EQ"," 01-Jan-2026"," 1821.70"," 1800.00"," 1823.90"," 1781.00"," 1806.00"," 1810.40"," 1800.96"," 122537"," 2206.84"," 10391"," 55591"," 45.37"
BHEL," EQ"," 01-Jan-2026"," 287.45"," 288.50"," 293.30"," 288.10"," 291.80"," 291.45"," 291.31"," 7927074"," 23092.06"," 61347"," 2741123"," 34.58"
BIGBLOC," EQ"," 01-Jan-2026"," 78.02"," 79.19"," 80.00"," 74.10"," 75.50"," 75.04"," 76.62"," 1253371"," 960.34"," 11196"," 372785"," 29.74"
BIKAJI," EQ"," 01-Jan-2026"," 749.80"," 751.90"," 754.70"," 733.50"," 736.35"," 738.40"," 742.10"," 85886"," 637.36"," 6303"," 47273"," 55.04"
BIKEWO," SM"," 01-Jan-2026"," 21.40"," 21.40"," 22.75"," 21.40"," 22.25"," 22.25"," 22.32"," 116000"," 25.89"," 41"," 88000"," 75.86"
BIL," EQ"," 01-Jan-2026"," 719.75"," 737.00"," 737.00"," 712.60"," 726.60"," 726.05"," 723.23"," 1464"," 10.59"," 171"," 896"," 61.20"
BILVYAPAR," BE"," 01-Jan-2026"," 7.31"," 7.20"," 7.59"," 7.07"," 7.50"," 7.37"," 7.21"," 7673"," 0.55"," 33"," -"," -"
BIOCON," EQ"," 01-Jan-2026"," 393.90"," 393.00"," 393.90"," 386.10"," 388.25"," 387.75"," 388.32"," 1345267"," 5223.92"," 22541"," 617195"," 45.88"
BIOFILCHEM," EQ"," 01-Jan-2026"," 33.57"," 33.92"," 33.92"," 32.86"," 32.86"," 32.98"," 33.20"," 5798"," 1.92"," 138"," 4228"," 72.92"
BIRET," RR"," 01-Jan-2026"," 331.60"," 332.40"," 334.94"," 331.03"," 333.07"," 333.57"," 333.50"," 77916"," 259.85"," 2801"," 62070"," 79.66"
BIRLACABLE," EQ"," 01-Jan-2026"," 136.91"," 138.86"," 139.90"," 135.00"," 135.99"," 135.67"," 137.07"," 38169"," 52.32"," 1131"," 19600"," 51.35"
BIRLACORPN," EQ"," 01-Jan-2026"," 1063.50"," 1060.00"," 1114.60"," 1060.00"," 1109.00"," 1110.10"," 1098.65"," 131892"," 1449.03"," 18225"," 53390"," 40.48"
BIRLAMONEY," EQ"," 01-Jan-2026"," 142.40"," 144.50"," 144.78"," 140.50"," 143.99"," 142.55"," 142.74"," 17782"," 25.38"," 503"," 12081"," 67.94"
BIRLANU," EQ"," 01-Jan-2026"," 1626.70"," 1602.20"," 1720.00"," 1602.20"," 1680.00"," 1695.20"," 1683.91"," 45532"," 766.72"," 5199"," 10027"," 22.02"
BLACKBUCK," EQ"," 01-Jan-2026"," 679.75"," 681.00"," 687.50"," 671.30"," 674.55"," 674.55"," 677.32"," 163949"," 1110.46"," 8797"," 79190"," 48.30"
BLAL," EQ"," 01-Jan-2026"," 207.93"," 208.36"," 208.96"," 205.15"," 205.44"," 205.75"," 206.27"," 10149"," 20.93"," 359"," 6999"," 68.96"
BLBLIMITED," EQ"," 01-Jan-2026"," 14.07"," 14.16"," 14.19"," 13.93"," 13.96"," 13.97"," 14.00"," 20857"," 2.92"," 182"," 12908"," 61.89"
BLISSGVS," EQ"," 01-Jan-2026"," 163.39"," 164.90"," 164.90"," 161.45"," 162.01"," 162.11"," 162.47"," 411099"," 667.91"," 5072"," 162645"," 39.56"
BLKASHYAP," EQ"," 01-Jan-2026"," 53.16"," 53.16"," 53.80"," 52.31"," 53.10"," 52.87"," 52.94"," 209296"," 110.80"," 1682"," 111808"," 53.42"
BLS," EQ"," 01-Jan-2026"," 321.10"," 321.90"," 322.95"," 316.45"," 317.00"," 317.10"," 318.88"," 346196"," 1103.96"," 7375"," 189421"," 54.71"
BLSE," EQ"," 01-Jan-2026"," 203.07"," 202.95"," 204.17"," 201.60"," 203.00"," 202.36"," 202.63"," 63741"," 129.16"," 1655"," 26985"," 42.34"
BLUECOAST," BE"," 01-Jan-2026"," 33.61"," 32.95"," 34.66"," 32.50"," 33.53"," 33.68"," 33.76"," 6043"," 2.04"," 60"," -"," -"
BLUEDART," EQ"," 01-Jan-2026"," 5521.00"," 5612.00"," 6039.50"," 5612.00"," 5689.00"," 5676.00"," 5852.55"," 649756"," 38027.27"," 101764"," 47519"," 7.31"
BLUEJET," EQ"," 01-Jan-2026"," 530.20"," 532.00"," 532.00"," 525.10"," 530.00"," 529.00"," 528.12"," 82242"," 434.34"," 3318"," 50365"," 61.24"
BLUEPEBBLE," SM"," 01-Jan-2026"," 113.45"," 116.50"," 130.00"," 116.50"," 125.00"," 125.05"," 124.00"," 37600"," 46.62"," 54"," 18400"," 48.94"
BLUESTARCO," EQ"," 01-Jan-2026"," 1730.70"," 1738.00"," 1790.20"," 1733.00"," 1780.00"," 1772.20"," 1770.17"," 197014"," 3487.48"," 14732"," 44932"," 22.81"
BLUESTONE," EQ"," 01-Jan-2026"," 470.75"," 475.00"," 484.70"," 472.55"," 476.00"," 476.65"," 479.43"," 98455"," 472.02"," 6209"," 14407"," 14.63"
BLUEWATER," SM"," 01-Jan-2026"," 147.00"," 141.25"," 143.20"," 141.25"," 141.90"," 142.40"," 142.14"," 7000"," 9.95"," 7"," 4000"," 57.14"
BLUSPRING," EQ"," 01-Jan-2026"," 66.52"," 66.91"," 67.30"," 64.51"," 65.00"," 65.05"," 65.23"," 86395"," 56.36"," 3252"," 56055"," 64.88"
BMETRICS," SM"," 01-Jan-2026"," 42.90"," 42.05"," 44.25"," 42.05"," 43.75"," 43.75"," 43.04"," 12000"," 5.16"," 12"," 8800"," 73.33"
BMWVENTLTD," EQ"," 01-Jan-2026"," 56.45"," 56.11"," 58.70"," 56.11"," 58.50"," 58.05"," 57.74"," 372148"," 214.88"," 2320"," 221250"," 59.45"
BODALCHEM," EQ"," 01-Jan-2026"," 53.61"," 54.30"," 54.30"," 53.00"," 53.75"," 53.58"," 53.36"," 82586"," 44.07"," 1771"," 48449"," 58.66"
BOHRAIND," EQ"," 01-Jan-2026"," 16.67"," 17.40"," 17.40"," 16.00"," 17.19"," 16.94"," 16.48"," 15251"," 2.51"," 95"," 12502"," 81.97"
BOMDYEING," EQ"," 01-Jan-2026"," 133.29"," 133.70"," 133.95"," 131.85"," 132.40"," 132.26"," 132.55"," 245434"," 325.33"," 2671"," 104961"," 42.77"
BORANA," BE"," 01-Jan-2026"," 297.95"," 293.00"," 300.00"," 290.00"," 299.95"," 296.85"," 294.30"," 14519"," 42.73"," 173"," -"," -"
BOROLTD," EQ"," 01-Jan-2026"," 281.65"," 282.25"," 283.35"," 273.35"," 278.50"," 276.60"," 278.67"," 71265"," 198.59"," 2108"," 29678"," 41.64"
BORORENEW," EQ"," 01-Jan-2026"," 543.15"," 543.75"," 546.00"," 537.00"," 538.10"," 538.95"," 540.19"," 153921"," 831.47"," 6747"," 81486"," 52.94"
BOROSCI," EQ"," 01-Jan-2026"," 119.85"," 119.75"," 121.18"," 118.71"," 121.15"," 120.21"," 120.23"," 26558"," 31.93"," 838"," 14897"," 56.09"
BOSCH-HCIL," EQ"," 01-Jan-2026"," 1428.70"," 1439.50"," 1443.90"," 1415.00"," 1430.00"," 1421.50"," 1431.58"," 4962"," 71.04"," 453"," 3439"," 69.31"
BOSCHLTD," EQ"," 01-Jan-2026"," 36040.00"," 36040.00"," 36270.00"," 35755.00"," 36170.00"," 36140.00"," 36001.09"," 6055"," 2179.87"," 3070"," 2070"," 34.19"
BPCL," EQ"," 01-Jan-2026"," 384.00"," 386.40"," 388.15"," 379.15"," 381.00"," 381.50"," 382.75"," 6554899"," 25089.12"," 83594"," 2575091"," 39.28"
BPL," EQ"," 01-Jan-2026"," 59.56"," 59.56"," 60.49"," 58.50"," 58.61"," 58.77"," 59.16"," 16769"," 9.92"," 622"," 9330"," 55.64"
BRACEPORT," SM"," 01-Jan-2026"," 92.95"," 94.90"," 95.95"," 94.90"," 95.85"," 95.85"," 95.57"," 4800"," 4.59"," 3"," 4800"," 100.00"
BRIGADE," EQ"," 01-Jan-2026"," 885.00"," 885.95"," 900.00"," 875.80"," 895.00"," 896.65"," 890.72"," 80473"," 716.79"," 6652"," 41884"," 52.05"
BRIGHOTEL," EQ"," 01-Jan-2026"," 66.87"," 66.87"," 67.99"," 66.51"," 67.12"," 67.45"," 67.18"," 121359"," 81.53"," 1509"," 61582"," 50.74"
BRITANNIA," EQ"," 01-Jan-2026"," 6031.00"," 6031.00"," 6063.00"," 5992.00"," 5999.00"," 6009.50"," 6021.09"," 138484"," 8338.25"," 21012"," 77914"," 56.26"
BRNL," EQ"," 01-Jan-2026"," 22.62"," 23.06"," 23.06"," 22.40"," 22.45"," 22.42"," 22.54"," 26844"," 6.05"," 229"," 21105"," 78.62"
BROOKS," EQ"," 01-Jan-2026"," 80.14"," 80.50"," 80.58"," 76.50"," 77.97"," 77.63"," 78.10"," 101661"," 79.40"," 4331"," 32332"," 31.80"
BSE," EQ"," 01-Jan-2026"," 2632.20"," 2640.90"," 2650.50"," 2603.00"," 2627.00"," 2628.00"," 2621.62"," 1665389"," 43660.19"," 67877"," 386693"," 23.22"
BSE500IETF," EQ"," 01-Jan-2026"," 40.34"," 40.34"," 40.47"," 40.27"," 40.40"," 40.39"," 40.39"," 51877"," 20.96"," 1022"," 27287"," 52.60"
BSHSL," EQ"," 01-Jan-2026"," 105.24"," 105.70"," 109.19"," 103.32"," 106.08"," 105.81"," 106.27"," 37586"," 39.94"," 2643"," 10897"," 28.99"
BSL," EQ"," 01-Jan-2026"," 155.04"," 155.99"," 159.99"," 153.20"," 153.55"," 155.13"," 155.47"," 4538"," 7.06"," 482"," 1002"," 22.08"
BSLGOLDETF," EQ"," 01-Jan-2026"," 117.48"," 116.37"," 120.52"," 116.37"," 117.35"," 117.53"," 117.49"," 2735505"," 3214.04"," 1614"," 2621879"," 95.85"
BSLNIFTY," EQ"," 01-Jan-2026"," 30.39"," 31.14"," 31.14"," 30.34"," 30.39"," 30.38"," 30.40"," 229451"," 69.75"," 3849"," 191940"," 83.65"
BSLSENETFG," EQ"," 01-Jan-2026"," 85.51"," 84.05"," 86.65"," 84.05"," 85.57"," 85.33"," 84.92"," 2648"," 2.25"," 89"," 461"," 17.41"
BSOFT," EQ"," 01-Jan-2026"," 433.30"," 434.05"," 434.70"," 429.70"," 432.50"," 432.00"," 432.43"," 292765"," 1266.00"," 9366"," 105155"," 35.92"
BTML," EQ"," 01-Jan-2026"," 9.00"," 9.00"," 9.08"," 8.40"," 8.57"," 8.67"," 8.73"," 317963"," 27.75"," 1420"," 158143"," 49.74"
BULKCORP," SM"," 01-Jan-2026"," 57.90"," 60.75"," 60.75"," 59.00"," 60.00"," 60.00"," 59.71"," 6000"," 3.58"," 5"," 6000"," 100.00"
BUTTERFLY," EQ"," 01-Jan-2026"," 647.55"," 644.35"," 650.00"," 636.00"," 638.05"," 640.30"," 642.64"," 2600"," 16.71"," 319"," 1613"," 62.04"
BVCL," EQ"," 01-Jan-2026"," 42.65"," 43.08"," 43.87"," 42.10"," 42.80"," 43.03"," 43.07"," 59165"," 25.48"," 395"," 37939"," 64.12"
BYKE," EQ"," 01-Jan-2026"," 50.52"," 51.55"," 51.55"," 50.05"," 50.45"," 50.55"," 50.64"," 57517"," 29.13"," 503"," 29324"," 50.98"
C2C," SM"," 01-Jan-2026"," 488.45"," 495.00"," 495.00"," 465.00"," 472.00"," 470.10"," 477.04"," 84450"," 402.86"," 355"," 53400"," 63.23"
CADSYS," SM"," 01-Jan-2026"," 48.95"," 50.45"," 50.45"," 49.90"," 49.90"," 49.90"," 50.18"," 1000"," 0.50"," 2"," 1000"," 100.00"
CALSOFT," EQ"," 01-Jan-2026"," 16.93"," 17.10"," 17.88"," 15.61"," 15.94"," 15.82"," 16.88"," 654203"," 110.42"," 2278"," 234787"," 35.89"
CALSOFTPP," E1"," 01-Jan-2026"," 5.39"," 5.87"," 5.87"," 4.61"," 5.32"," 5.32"," 5.27"," 9727"," 0.51"," 104"," 8280"," 85.12"
CAMLINFINE," EQ"," 01-Jan-2026"," 148.40"," 148.58"," 149.65"," 146.11"," 146.90"," 146.83"," 147.75"," 159232"," 235.26"," 3825"," 83349"," 52.34"
CAMPUS," EQ"," 01-Jan-2026"," 261.95"," 261.05"," 262.95"," 260.10"," 260.70"," 261.95"," 261.57"," 92715"," 242.51"," 2599"," 37721"," 40.68"
CAMS," EQ"," 01-Jan-2026"," 740.90"," 743.15"," 744.10"," 734.00"," 736.20"," 735.10"," 737.90"," 335302"," 2474.21"," 14212"," 174219"," 51.96"
CANARYS," SM"," 01-Jan-2026"," 29.80"," 29.90"," 30.15"," 29.40"," 30.15"," 30.15"," 29.84"," 16000"," 4.77"," 4"," 12000"," 75.00"
CANBK," EQ"," 01-Jan-2026"," 154.91"," 155.00"," 156.28"," 153.55"," 154.39"," 154.24"," 154.72"," 18111681"," 28022.42"," 86844"," 6589865"," 36.38"
CANFINHOME," EQ"," 01-Jan-2026"," 930.05"," 933.70"," 950.95"," 922.50"," 934.00"," 931.45"," 936.42"," 149358"," 1398.61"," 10759"," 66642"," 44.62"
CANHLIFE," EQ"," 01-Jan-2026"," 148.17"," 148.22"," 148.70"," 146.00"," 146.50"," 146.48"," 147.09"," 336600"," 495.09"," 5782"," 112196"," 33.33"
CANTABIL," EQ"," 01-Jan-2026"," 281.98"," 281.90"," 291.70"," 281.05"," 289.05"," 289.40"," 286.11"," 312757"," 894.84"," 6638"," 162896"," 52.08"
CAPACITE," EQ"," 01-Jan-2026"," 254.40"," 253.00"," 258.25"," 252.45"," 256.70"," 256.20"," 256.19"," 141221"," 361.80"," 4944"," 60718"," 43.00"
CAPILLARY," EQ"," 01-Jan-2026"," 673.15"," 673.15"," 683.10"," 672.15"," 677.00"," 677.05"," 676.68"," 174648"," 1181.81"," 6529"," 29434"," 16.85"
CAPINVIT," IV"," 01-Jan-2026"," 74.48"," 74.79"," 74.79"," 74.20"," 74.25"," 74.24"," 74.36"," 102847"," 76.48"," 23724"," 89972"," 87.48"
CAPITALSFB," EQ"," 01-Jan-2026"," 263.55"," 266.95"," 266.95"," 260.50"," 263.60"," 263.50"," 262.83"," 29988"," 78.82"," 1807"," 19952"," 66.53"
CAPLIPOINT," EQ"," 01-Jan-2026"," 1838.10"," 1840.10"," 1871.00"," 1788.00"," 1808.00"," 1798.90"," 1822.72"," 130326"," 2375.48"," 16269"," 43861"," 33.65"
CAPTRUST," EQ"," 01-Jan-2026"," 13.14"," 13.14"," 13.25"," 12.49"," 12.49"," 12.49"," 12.61"," 111666"," 14.08"," 477"," 74748"," 66.94"
CARBORUNIV," EQ"," 01-Jan-2026"," 855.90"," 856.00"," 865.00"," 843.10"," 861.00"," 859.75"," 854.24"," 78547"," 670.98"," 10916"," 37702"," 48.00"
CARERATING," EQ"," 01-Jan-2026"," 1599.90"," 1592.00"," 1614.70"," 1592.00"," 1613.00"," 1610.50"," 1606.63"," 19756"," 317.41"," 2369"," 14046"," 71.10"
CARRARO," EQ"," 01-Jan-2026"," 529.35"," 529.35"," 533.35"," 515.20"," 525.05"," 523.75"," 526.45"," 28468"," 149.87"," 2420"," 14166"," 49.76"
CARTRADE," EQ"," 01-Jan-2026"," 2826.20"," 2795.00"," 2845.00"," 2780.00"," 2825.00"," 2829.50"," 2820.07"," 153651"," 4333.06"," 31365"," 54494"," 35.47"
CARYSIL," EQ"," 01-Jan-2026"," 898.70"," 895.00"," 913.50"," 886.70"," 912.70"," 908.00"," 898.57"," 29652"," 266.44"," 2290"," 16412"," 55.35"
CASHIETF," EQ"," 01-Jan-2026"," 1043.41"," 1043.54"," 1043.56"," 1043.54"," 1043.56"," 1043.55"," 1043.56"," 98797"," 1031.00"," 53"," 83605"," 84.62"
CASTROLIND," EQ"," 01-Jan-2026"," 192.55"," 193.30"," 193.45"," 190.01"," 191.27"," 190.79"," 191.30"," 1116643"," 2136.18"," 14133"," 529618"," 47.43"
CCCL," BE"," 01-Jan-2026"," 17.59"," 17.65"," 17.75"," 17.28"," 17.69"," 17.49"," 17.51"," 153663"," 26.90"," 346"," -"," -"
CCHHL," EQ"," 01-Jan-2026"," 15.31"," 15.53"," 15.53"," 15.00"," 15.19"," 15.20"," 15.22"," 12544"," 1.91"," 94"," 8952"," 71.36"
CCL," EQ"," 01-Jan-2026"," 944.20"," 948.00"," 948.00"," 905.00"," 916.00"," 910.35"," 919.07"," 319456"," 2936.03"," 19523"," 161175"," 50.45"
CDSL," EQ"," 01-Jan-2026"," 1443.60"," 1443.70"," 1452.00"," 1436.00"," 1446.50"," 1446.20"," 1444.57"," 681478"," 9844.45"," 31203"," 249176"," 36.56"
CEATLTD," EQ"," 01-Jan-2026"," 3812.60"," 3820.00"," 3839.00"," 3755.00"," 3775.00"," 3774.70"," 3786.22"," 61940"," 2345.19"," 6280"," 27691"," 44.71"
CEDAAR," SM"," 01-Jan-2026"," 59.40"," 58.25"," 58.95"," 57.25"," 58.00"," 58.00"," 57.94"," 22000"," 12.75"," 18"," 19000"," 86.36"
CEIGALL," EQ"," 01-Jan-2026"," 268.82"," 274.45"," 274.45"," 267.75"," 271.70"," 271.70"," 271.26"," 439439"," 1192.00"," 7174"," 252388"," 57.43"
CELEBRITY," EQ"," 01-Jan-2026"," 9.01"," 9.20"," 9.20"," 8.71"," 9.09"," 8.97"," 8.93"," 26214"," 2.34"," 159"," 18297"," 69.80"
CELLECOR," SM"," 01-Jan-2026"," 29.00"," 29.00"," 30.00"," 28.80"," 29.00"," 29.05"," 29.27"," 159000"," 46.53"," 42"," 111000"," 69.81"
CELLO," EQ"," 01-Jan-2026"," 542.15"," 541.00"," 544.75"," 538.00"," 540.90"," 540.95"," 539.86"," 38975"," 210.41"," 7960"," 21111"," 54.17"
CELLPOINT," SM"," 01-Jan-2026"," 16.50"," 16.05"," 16.80"," 16.00"," 16.00"," 16.30"," 16.26"," 8400"," 1.37"," 7"," 8400"," 100.00"
CEMPRO," EQ"," 01-Jan-2026"," 788.35"," 790.10"," 792.00"," 769.10"," 771.70"," 770.55"," 775.40"," 178522"," 1384.27"," 12452"," 94805"," 53.11"
CENTENKA," EQ"," 01-Jan-2026"," 441.05"," 461.50"," 473.75"," 450.95"," 453.80"," 452.55"," 456.61"," 41060"," 187.48"," 1591"," 19047"," 46.39"
CENTEXT," BE"," 01-Jan-2026"," 22.71"," 22.68"," 22.85"," 22.02"," 22.20"," 22.37"," 22.35"," 44767"," 10.01"," 326"," -"," -"
CENTRALBK," EQ"," 01-Jan-2026"," 37.40"," 37.54"," 38.07"," 37.24"," 37.60"," 37.60"," 37.67"," 3995490"," 1505.21"," 11183"," 1390115"," 34.79"
CENTRUM," EQ"," 01-Jan-2026"," 28.99"," 29.39"," 30.38"," 28.85"," 29.25"," 29.35"," 29.74"," 400485"," 119.09"," 1324"," 139937"," 34.94"
CENTUM," EQ"," 01-Jan-2026"," 2336.70"," 2336.70"," 2347.30"," 2262.00"," 2305.00"," 2289.50"," 2289.59"," 26279"," 601.68"," 4037"," 13108"," 49.88"
CENTURYPLY," EQ"," 01-Jan-2026"," 828.80"," 824.00"," 831.65"," 820.15"," 827.95"," 826.25"," 826.01"," 18381"," 151.83"," 3395"," 10119"," 55.05"
CERA," EQ"," 01-Jan-2026"," 5235.50"," 5277.00"," 5277.00"," 5211.50"," 5230.00"," 5239.00"," 5237.57"," 7796"," 408.32"," 2400"," 3933"," 50.45"
CEREBRAINT," BZ"," 01-Jan-2026"," 5.92"," 5.92"," 6.19"," 5.92"," 6.08"," 6.08"," 6.07"," 20636"," 1.25"," 102"," -"," -"
CESC," EQ"," 01-Jan-2026"," 167.56"," 168.75"," 168.75"," 166.32"," 167.46"," 167.10"," 167.19"," 544829"," 910.89"," 10846"," 254772"," 46.76"
CEWATER," EQ"," 01-Jan-2026"," 449.35"," 449.00"," 458.00"," 447.90"," 450.00"," 449.55"," 452.35"," 11701"," 52.93"," 1280"," 5359"," 45.80"
CGCL," EQ"," 01-Jan-2026"," 182.84"," 182.19"," 186.20"," 182.19"," 186.15"," 185.40"," 184.62"," 698046"," 1288.76"," 9087"," 231131"," 33.11"
CGPOWER," EQ"," 01-Jan-2026"," 647.90"," 650.00"," 650.95"," 636.95"," 639.00"," 637.90"," 640.76"," 2758184"," 17673.39"," 46844"," 1765044"," 63.99"
CGRAPHICS," SM"," 01-Jan-2026"," 194.80"," 195.05"," 197.00"," 194.95"," 197.00"," 197.00"," 195.98"," 8000"," 15.68"," 10"," 4800"," 60.00"
CHALET," EQ"," 01-Jan-2026"," 870.55"," 876.00"," 902.50"," 871.85"," 896.05"," 899.70"," 888.59"," 648535"," 5762.83"," 28572"," 455548"," 70.24"
CHAMBLFERT," EQ"," 01-Jan-2026"," 482.10"," 485.00"," 486.30"," 476.15"," 479.20"," 480.25"," 480.16"," 384358"," 1845.52"," 9128"," 193602"," 50.37"
CHAMUNDA," SM"," 01-Jan-2026"," 51.40"," 50.00"," 51.00"," 50.00"," 51.00"," 50.85"," 50.56"," 15000"," 7.58"," 5"," 9000"," 60.00"
CHANDAN," SM"," 01-Jan-2026"," 324.55"," 318.60"," 320.80"," 315.25"," 315.25"," 316.60"," 318.32"," 22400"," 71.30"," 22"," 11200"," 50.00"
CHAVDA," SM"," 01-Jan-2026"," 122.80"," 122.80"," 124.00"," 122.10"," 124.00"," 123.35"," 122.91"," 11000"," 13.52"," 10"," 10000"," 90.91"
CHEMBOND," EQ"," 01-Jan-2026"," 161.69"," 162.91"," 164.94"," 158.91"," 159.20"," 161.20"," 161.19"," 6920"," 11.15"," 448"," 4114"," 59.45"
CHEMBONDCH," EQ"," 01-Jan-2026"," 151.60"," 153.62"," 154.95"," 146.00"," 150.50"," 150.15"," 151.03"," 11695"," 17.66"," 490"," 7353"," 62.87"
CHEMCON," EQ"," 01-Jan-2026"," 203.37"," 204.40"," 217.45"," 201.41"," 212.50"," 212.10"," 210.87"," 97343"," 205.27"," 3943"," 52955"," 54.40"
CHEMFAB," EQ"," 01-Jan-2026"," 412.75"," 411.00"," 416.30"," 411.00"," 411.10"," 412.80"," 413.90"," 3657"," 15.14"," 359"," 2398"," 65.57"
CHEMICAL," EQ"," 01-Jan-2026"," 29.11"," 29.25"," 29.25"," 28.89"," 29.02"," 29.02"," 28.99"," 142523"," 41.31"," 818"," 118509"," 83.15"
CHEMPLASTS," EQ"," 01-Jan-2026"," 261.20"," 259.40"," 260.60"," 255.25"," 257.20"," 256.05"," 257.10"," 37917"," 97.49"," 1518"," 20497"," 54.06"
CHENNPETRO," EQ"," 01-Jan-2026"," 836.20"," 836.20"," 855.80"," 831.60"," 844.65"," 846.55"," 846.15"," 982826"," 8316.22"," 28475"," 249739"," 25.41"
CHETANA," SM"," 01-Jan-2026"," 55.65"," 56.75"," 57.90"," 56.75"," 57.90"," 57.90"," 57.33"," 3200"," 1.83"," 2"," 1600"," 50.00"
CHEVIOT," EQ"," 01-Jan-2026"," 1080.10"," 1081.50"," 1096.70"," 1074.00"," 1085.80"," 1084.00"," 1081.50"," 437"," 4.73"," 109"," 328"," 75.06"
CHOICEGOLD," EQ"," 01-Jan-2026"," 131.79"," 131.79"," 133.25"," 130.00"," 132.50"," 132.47"," 132.36"," 15329"," 20.29"," 272"," 4445"," 29.00"
CHOICEIN," EQ"," 01-Jan-2026"," 836.45"," 840.30"," 843.35"," 833.15"," 836.00"," 838.20"," 839.14"," 399651"," 3353.65"," 8694"," 71907"," 17.99"
CHOLAFIN," EQ"," 01-Jan-2026"," 1702.20"," 1707.10"," 1727.50"," 1698.70"," 1723.70"," 1724.00"," 1716.19"," 390859"," 6707.87"," 16247"," 150835"," 38.59"
CHOLAHLDNG," EQ"," 01-Jan-2026"," 1812.90"," 1832.50"," 1886.00"," 1827.90"," 1878.90"," 1878.60"," 1862.18"," 329439"," 6134.74"," 39467"," 82832"," 25.14"
CIEINDIA," EQ"," 01-Jan-2026"," 424.50"," 417.00"," 441.40"," 410.25"," 431.00"," 434.05"," 425.82"," 404784"," 1723.64"," 20585"," 103590"," 25.59"
CIFL," EQ"," 01-Jan-2026"," 35.17"," 35.20"," 35.73"," 33.96"," 34.50"," 34.34"," 34.69"," 394243"," 136.75"," 2221"," 229774"," 58.28"
CIGNITITEC," EQ"," 01-Jan-2026"," 1636.40"," 1636.40"," 1644.40"," 1621.00"," 1631.70"," 1631.00"," 1634.34"," 15086"," 246.56"," 1631"," 6263"," 41.52"
CINELINE," EQ"," 01-Jan-2026"," 86.20"," 85.94"," 87.75"," 85.32"," 86.65"," 86.83"," 86.51"," 7958"," 6.88"," 187"," 3690"," 46.37"
CINEVISTA," EQ"," 01-Jan-2026"," 15.71"," 15.78"," 16.09"," 15.33"," 16.03"," 15.93"," 15.92"," 23740"," 3.78"," 112"," 19324"," 81.40"
CIPLA," EQ"," 01-Jan-2026"," 1511.30"," 1512.00"," 1512.00"," 1499.00"," 1502.00"," 1500.90"," 1501.65"," 228078"," 3424.94"," 18814"," 96517"," 42.32"
CLASSICEIL," SM"," 01-Jan-2026"," 74.00"," 73.00"," 77.60"," 70.00"," 76.00"," 76.00"," 73.29"," 16000"," 11.73"," 10"," 9600"," 60.00"
CLEAN," EQ"," 01-Jan-2026"," 876.05"," 880.70"," 881.75"," 857.30"," 858.90"," 859.00"," 863.64"," 329674"," 2847.19"," 18436"," 206996"," 62.79"
CLEDUCATE," EQ"," 01-Jan-2026"," 86.89"," 86.57"," 88.50"," 86.57"," 87.04"," 88.09"," 87.66"," 11616"," 10.18"," 295"," 7505"," 64.61"
CLSEL," EQ"," 01-Jan-2026"," 264.05"," 263.00"," 265.60"," 260.70"," 264.00"," 264.25"," 262.96"," 16751"," 44.05"," 654"," 8353"," 49.87"
CLSL," SM"," 01-Jan-2026"," 49.90"," 52.00"," 52.00"," 52.00"," 52.00"," 52.00"," 52.00"," 14000"," 7.28"," 6"," 14000"," 100.00"
CMNL," SM"," 01-Jan-2026"," 118.50"," 118.50"," 125.00"," 118.50"," 125.00"," 122.75"," 122.05"," 11250"," 13.73"," 10"," 9750"," 86.67"
CMRSL," SM"," 01-Jan-2026"," 74.25"," 77.95"," 77.95"," 77.95"," 77.95"," 77.95"," 77.95"," 800"," 0.62"," 1"," 800"," 100.00"
CMSINFO," EQ"," 01-Jan-2026"," 339.50"," 342.40"," 353.70"," 338.50"," 352.00"," 352.20"," 348.11"," 246947"," 859.65"," 11617"," 123819"," 50.14"
CNL," EQ"," 01-Jan-2026"," 726.45"," 733.25"," 733.25"," 716.10"," 720.20"," 724.80"," 723.66"," 1620"," 11.72"," 229"," 987"," 60.93"
COALINDIA," EQ"," 01-Jan-2026"," 399.00"," 399.00"," 402.80"," 398.25"," 400.30"," 400.45"," 400.60"," 3161157"," 12663.54"," 56238"," 1575218"," 49.83"
COASTCORP," BE"," 01-Jan-2026"," 45.51"," 45.30"," 46.10"," 43.50"," 45.42"," 44.08"," 44.64"," 64640"," 28.85"," 255"," -"," -"
COCHINSHIP," EQ"," 01-Jan-2026"," 1620.10"," 1622.00"," 1634.00"," 1607.30"," 1632.00"," 1622.60"," 1617.50"," 312028"," 5047.04"," 18519"," 106886"," 34.26"
COFFEEDAY," EQ"," 01-Jan-2026"," 36.21"," 36.21"," 36.55"," 35.48"," 35.99"," 35.91"," 35.93"," 701500"," 252.05"," 3683"," 347837"," 49.58"
COFORGE," EQ"," 01-Jan-2026"," 1663.00"," 1670.00"," 1672.00"," 1651.90"," 1657.10"," 1655.80"," 1660.61"," 1009599"," 16765.52"," 28478"," 499816"," 49.51"
COHANCE," EQ"," 01-Jan-2026"," 528.60"," 528.95"," 531.35"," 521.40"," 524.00"," 523.50"," 525.59"," 210029"," 1103.89"," 5719"," 168718"," 80.33"
COLPAL," EQ"," 01-Jan-2026"," 2075.70"," 2086.10"," 2100.00"," 2079.10"," 2094.00"," 2093.80"," 2090.64"," 340463"," 7117.84"," 19100"," 182400"," 53.57"
COMMITTED," SM"," 01-Jan-2026"," 203.40"," 202.90"," 202.90"," 202.90"," 202.90"," 202.90"," 202.90"," 2400"," 4.87"," 3"," 2400"," 100.00"
COMMOIETF," EQ"," 01-Jan-2026"," 96.76"," 97.24"," 97.48"," 96.58"," 97.00"," 97.39"," 97.18"," 121278"," 117.86"," 864"," 98576"," 81.28"
COMPINFO," BZ"," 01-Jan-2026"," 1.66"," 1.67"," 1.72"," 1.60"," 1.72"," 1.64"," 1.63"," 10652"," 0.17"," 37"," -"," -"
COMPUSOFT," EQ"," 01-Jan-2026"," 16.26"," 16.59"," 16.59"," 16.03"," 16.08"," 16.07"," 16.18"," 19740"," 3.19"," 230"," 15535"," 78.70"
COMSYN," BE"," 01-Jan-2026"," 144.44"," 140.55"," 151.66"," 140.55"," 151.00"," 149.36"," 148.52"," 34350"," 51.02"," 146"," -"," -"
CONCOR," EQ"," 01-Jan-2026"," 524.95"," 527.55"," 529.00"," 521.90"," 523.50"," 524.25"," 524.83"," 515680"," 2706.47"," 12763"," 221490"," 42.95"
CONCORDBIO," EQ"," 01-Jan-2026"," 1345.60"," 1345.60"," 1355.70"," 1330.20"," 1336.60"," 1336.30"," 1342.64"," 20231"," 271.63"," 1927"," 10583"," 52.31"
CONFIPET," EQ"," 01-Jan-2026"," 36.55"," 36.89"," 36.92"," 35.54"," 35.79"," 35.79"," 35.97"," 229286"," 82.47"," 2198"," 112752"," 49.18"
CONNPLEX," SM"," 01-Jan-2026"," 267.60"," 269.00"," 270.00"," 265.00"," 267.50"," 266.50"," 267.09"," 28800"," 76.92"," 31"," 24000"," 83.33"
CONS," EQ"," 01-Jan-2026"," 125.50"," 125.51"," 126.05"," 124.84"," 125.20"," 125.31"," 125.52"," 776"," 0.97"," 52"," 560"," 72.16"
CONSOFINVT," EQ"," 01-Jan-2026"," 167.78"," 168.81"," 172.00"," 160.37"," 167.50"," 164.35"," 163.92"," 14695"," 24.09"," 497"," 7437"," 50.61"
CONSUMBEES," EQ"," 01-Jan-2026"," 136.20"," 136.99"," 136.99"," 135.38"," 136.08"," 135.89"," 135.87"," 100231"," 136.19"," 1161"," 63049"," 62.90"
CONSUMER," EQ"," 01-Jan-2026"," 11.87"," 11.90"," 11.95"," 11.86"," 11.94"," 11.93"," 11.92"," 78470"," 9.35"," 299"," 51104"," 65.13"
CONSUMIETF," EQ"," 01-Jan-2026"," 126.71"," 126.80"," 127.10"," 125.92"," 126.54"," 126.60"," 126.42"," 12703"," 16.06"," 338"," 7446"," 58.62"
CONTI," SM"," 01-Jan-2026"," 21.15"," 20.75"," 22.20"," 20.75"," 22.20"," 22.20"," 21.48"," 6666"," 1.43"," 2"," 6666"," 100.00"
CONTROLPR," EQ"," 01-Jan-2026"," 692.10"," 692.10"," 694.45"," 677.80"," 685.00"," 684.25"," 684.07"," 20713"," 141.69"," 1892"," 14242"," 68.76"
COOLCAPS," SM"," 01-Jan-2026"," 68.55"," 68.55"," 70.00"," 68.55"," 69.80"," 69.80"," 69.39"," 16250"," 11.28"," 12"," 12500"," 76.92"
CORALFINAC," EQ"," 01-Jan-2026"," 39.91"," 40.72"," 42.50"," 39.45"," 40.43"," 40.02"," 41.03"," 131161"," 53.82"," 893"," 22937"," 17.49"
CORDSCABLE," EQ"," 01-Jan-2026"," 186.20"," 186.01"," 189.22"," 185.11"," 187.49"," 187.09"," 186.46"," 13398"," 24.98"," 1459"," 3732"," 27.85"
COROMANDEL," EQ"," 01-Jan-2026"," 2266.40"," 2281.70"," 2281.70"," 2243.30"," 2265.00"," 2263.00"," 2260.86"," 134704"," 3045.47"," 14043"," 60107"," 44.62"
CORONA," EQ"," 01-Jan-2026"," 1384.90"," 1389.30"," 1415.00"," 1387.90"," 1405.00"," 1402.40"," 1404.37"," 88994"," 1249.80"," 7054"," 19160"," 21.53"
COSMOFIRST," EQ"," 01-Jan-2026"," 687.40"," 685.00"," 692.30"," 672.70"," 682.00"," 677.90"," 686.86"," 26590"," 182.64"," 1054"," 17202"," 64.69"
COUNCODOS," EQ"," 01-Jan-2026"," 5.96"," 5.95"," 6.20"," 5.90"," 6.00"," 6.03"," 6.04"," 82738"," 5.00"," 462"," 50488"," 61.02"
CPCAP," EQ"," 01-Jan-2026"," 112.91"," 115.00"," 116.89"," 112.29"," 115.70"," 115.61"," 114.56"," 8408"," 9.63"," 228"," 6270"," 74.57"
CPEDU," EQ"," 01-Jan-2026"," 257.75"," 266.90"," 266.90"," 250.25"," 252.00"," 253.95"," 255.69"," 12912"," 33.01"," 868"," 3051"," 23.63"
CPPLUS," EQ"," 01-Jan-2026"," 1490.30"," 1490.30"," 1534.90"," 1485.00"," 1528.00"," 1522.00"," 1516.15"," 61642"," 934.58"," 5595"," 16650"," 27.01"
CPS," ST"," 01-Jan-2026"," 1190.00"," 1155.00"," 1155.00"," 1154.00"," 1154.00"," 1154.00"," 1154.33"," 450"," 5.19"," 2"," 450"," 100.00"
CPSEETF," EQ"," 01-Jan-2026"," 91.75"," 91.75"," 92.30"," 91.45"," 91.90"," 91.94"," 91.86"," 739939"," 679.71"," 6701"," 486980"," 65.81"
CRAFTSMAN," EQ"," 01-Jan-2026"," 7689.50"," 7600.00"," 7761.50"," 7459.00"," 7728.00"," 7722.50"," 7639.52"," 108494"," 8288.43"," 28950"," 29636"," 27.32"
CRAMC," EQ"," 01-Jan-2026"," 314.80"," 314.00"," 314.10"," 309.30"," 310.70"," 310.70"," 311.25"," 225103"," 700.64"," 6958"," 102775"," 45.66"
CRAYONS," SM"," 01-Jan-2026"," 38.25"," 38.30"," 38.30"," 38.30"," 38.30"," 38.30"," 38.30"," 1000"," 0.38"," 1"," 1000"," 100.00"
CREATIVEYE," EQ"," 01-Jan-2026"," 7.05"," 7.32"," 7.32"," 7.00"," 7.18"," 7.20"," 7.13"," 2823"," 0.20"," 90"," 2561"," 90.72"
CREDITACC," EQ"," 01-Jan-2026"," 1273.60"," 1267.30"," 1280.00"," 1251.10"," 1261.60"," 1259.10"," 1263.77"," 274086"," 3463.82"," 29566"," 148818"," 54.30"
CREST," EQ"," 01-Jan-2026"," 385.15"," 386.00"," 391.90"," 383.15"," 390.00"," 388.50"," 387.85"," 4096"," 15.89"," 168"," 2467"," 60.23"
CRISIL," EQ"," 01-Jan-2026"," 4321.60"," 4320.00"," 4355.00"," 4291.40"," 4318.00"," 4328.50"," 4315.61"," 23193"," 1000.92"," 4598"," 10566"," 45.56"
CRIZAC," EQ"," 01-Jan-2026"," 283.60"," 283.60"," 288.95"," 283.00"," 283.90"," 283.95"," 285.43"," 87114"," 248.65"," 2717"," 36343"," 41.72"
CROMPTON," EQ"," 01-Jan-2026"," 252.25"," 252.30"," 254.15"," 248.30"," 249.35"," 249.25"," 250.19"," 1673462"," 4186.87"," 16592"," 993602"," 59.37"
CROWN," EQ"," 01-Jan-2026"," 134.09"," 132.01"," 138.00"," 131.05"," 138.00"," 137.80"," 136.33"," 6637"," 9.05"," 333"," 4762"," 71.75"
CSBBANK," EQ"," 01-Jan-2026"," 459.10"," 459.10"," 488.80"," 451.25"," 487.00"," 483.90"," 472.79"," 1266211"," 5986.55"," 37987"," 560481"," 44.26"
CSLFINANCE," EQ"," 01-Jan-2026"," 302.10"," 308.60"," 308.60"," 290.35"," 295.90"," 294.65"," 299.29"," 14355"," 42.96"," 654"," 7520"," 52.39"
CSSL," SM"," 01-Jan-2026"," 127.95"," 127.65"," 134.00"," 127.60"," 133.60"," 133.35"," 132.04"," 248000"," 327.47"," 217"," 161000"," 64.92"
CTE," EQ"," 01-Jan-2026"," 39.48"," 40.44"," 40.49"," 38.70"," 40.34"," 39.88"," 39.93"," 9358"," 3.74"," 291"," 5382"," 57.51"
CUB," EQ"," 01-Jan-2026"," 290.80"," 289.30"," 290.50"," 286.05"," 288.40"," 289.00"," 289.12"," 1412527"," 4083.92"," 53451"," 739453"," 52.35"
CUBEXTUB," EQ"," 01-Jan-2026"," 114.74"," 114.60"," 124.60"," 113.31"," 120.00"," 119.44"," 120.14"," 528503"," 634.92"," 9638"," 177299"," 33.55"
CUDML," SM"," 01-Jan-2026"," 135.95"," 148.95"," 148.95"," 133.10"," 137.00"," 137.00"," 138.44"," 7000"," 9.69"," 7"," 4000"," 57.14"
CUMMINSIND," EQ"," 01-Jan-2026"," 4434.40"," 4439.00"," 4504.90"," 4420.30"," 4470.60"," 4470.60"," 4477.16"," 289174"," 12946.79"," 26617"," 165957"," 57.39"
CUPID," EQ"," 01-Jan-2026"," 518.10"," 521.55"," 525.00"," 518.10"," 525.00"," 524.90"," 524.08"," 3595774"," 18844.59"," 35904"," 1300132"," 36.16"
CURAA," BE"," 01-Jan-2026"," 105.65"," 106.65"," 107.76"," 106.65"," 107.76"," 107.76"," 106.87"," 5"," 0.01"," 4"," -"," -"
CURIS," SM"," 01-Jan-2026"," 120.60"," 120.60"," 126.00"," 120.60"," 125.00"," 125.50"," 124.71"," 36000"," 44.90"," 30"," 34000"," 94.44"
CURRENT," SM"," 01-Jan-2026"," 137.00"," 141.50"," 141.70"," 141.50"," 141.70"," 141.70"," 141.60"," 3200"," 4.53"," 2"," 3200"," 100.00"
CYBERMEDIA," EQ"," 01-Jan-2026"," 17.44"," 17.44"," 17.90"," 16.97"," 17.90"," 17.53"," 17.47"," 3707"," 0.65"," 92"," 2173"," 58.62"
CYBERTECH," BE"," 01-Jan-2026"," 144.21"," 144.93"," 145.00"," 143.21"," 144.21"," 144.13"," 144.46"," 11950"," 17.26"," 222"," -"," -"
CYIENT," EQ"," 01-Jan-2026"," 1117.80"," 1116.00"," 1120.90"," 1105.00"," 1108.80"," 1109.10"," 1112.67"," 157220"," 1749.33"," 7264"," 64419"," 40.97"
CYIENTDLM," EQ"," 01-Jan-2026"," 415.75"," 415.55"," 417.90"," 412.80"," 415.50"," 414.60"," 414.85"," 58809"," 243.97"," 2514"," 23611"," 40.15"
DABUR," EQ"," 01-Jan-2026"," 503.60"," 505.00"," 505.90"," 497.85"," 499.55"," 499.95"," 500.15"," 698247"," 3492.26"," 9211"," 386222"," 55.31"
DALBHARAT," EQ"," 01-Jan-2026"," 2130.90"," 2145.30"," 2159.70"," 2109.80"," 2140.00"," 2136.20"," 2134.84"," 137763"," 2941.02"," 10714"," 63156"," 45.84"
DALMIASUG," EQ"," 01-Jan-2026"," 299.95"," 301.65"," 301.65"," 295.25"," 296.90"," 296.10"," 297.18"," 22995"," 68.34"," 886"," 14139"," 61.49"
DAMCAPITAL," EQ"," 01-Jan-2026"," 210.21"," 211.79"," 221.70"," 210.71"," 216.80"," 215.45"," 216.73"," 754832"," 1635.94"," 10373"," 239269"," 31.70"
DAMODARIND," EQ"," 01-Jan-2026"," 29.62"," 29.71"," 30.90"," 29.45"," 30.90"," 29.82"," 29.77"," 3887"," 1.16"," 60"," 3196"," 82.22"
DANGEE," EQ"," 01-Jan-2026"," 3.54"," 3.55"," 3.68"," 3.52"," 3.60"," 3.58"," 3.60"," 27307"," 0.98"," 172"," 18240"," 66.80"
DANISH," SM"," 01-Jan-2026"," 647.65"," 640.00"," 647.80"," 635.05"," 645.10"," 645.80"," 642.57"," 11100"," 71.33"," 69"," 6000"," 54.05"
DATAMATICS," EQ"," 01-Jan-2026"," 809.75"," 811.00"," 811.05"," 789.50"," 795.70"," 793.45"," 798.36"," 56773"," 453.25"," 3874"," 29265"," 51.55"
DATAPATTNS," EQ"," 01-Jan-2026"," 2626.60"," 2623.00"," 2633.10"," 2592.80"," 2605.00"," 2601.20"," 2607.98"," 82385"," 2148.59"," 10227"," 23031"," 27.96"
DAVANGERE," EQ"," 01-Jan-2026"," 3.71"," 3.71"," 3.75"," 3.66"," 3.71"," 3.71"," 3.72"," 42210681"," 1569.37"," 2512"," 37551870"," 88.96"
DBCORP," EQ"," 01-Jan-2026"," 262.70"," 263.00"," 263.75"," 260.40"," 261.30"," 261.00"," 261.61"," 13742"," 35.95"," 753"," 8188"," 59.58"
DBEIL," EQ"," 01-Jan-2026"," 117.97"," 119.43"," 119.43"," 115.92"," 117.10"," 117.12"," 116.91"," 18552"," 21.69"," 649"," 9396"," 50.65"
DBL," EQ"," 01-Jan-2026"," 476.80"," 477.95"," 478.30"," 471.20"," 474.00"," 473.90"," 474.31"," 55750"," 264.43"," 3042"," 21510"," 38.58"
DBOL," EQ"," 01-Jan-2026"," 79.17"," 77.20"," 81.98"," 77.20"," 80.60"," 81.59"," 80.64"," 76071"," 61.35"," 1036"," 43373"," 57.02"
DBREALTY," EQ"," 01-Jan-2026"," 118.54"," 118.40"," 119.50"," 116.93"," 118.50"," 117.70"," 118.00"," 404477"," 477.28"," 4803"," 184357"," 45.58"
DBSTOCKBRO," EQ"," 01-Jan-2026"," 25.00"," 25.39"," 25.39"," 24.71"," 24.95"," 24.84"," 24.80"," 1789"," 0.44"," 40"," 1647"," 92.06"
DCAL," EQ"," 01-Jan-2026"," 247.59"," 248.80"," 259.00"," 247.96"," 255.70"," 256.48"," 254.61"," 181412"," 461.89"," 5234"," 92536"," 51.01"
DCBBANK," EQ"," 01-Jan-2026"," 172.10"," 172.50"," 177.47"," 171.04"," 176.00"," 175.89"," 174.04"," 772079"," 1343.71"," 9760"," 371671"," 48.14"
DCG," SM"," 01-Jan-2026"," 66.50"," 66.50"," 68.35"," 66.50"," 67.90"," 67.75"," 67.48"," 8400"," 5.67"," 7"," 7200"," 85.71"
DCI," EQ"," 01-Jan-2026"," 248.40"," 245.00"," 251.79"," 244.85"," 247.98"," 246.81"," 246.77"," 3058"," 7.55"," 211"," 1462"," 47.81"
DCM," EQ"," 01-Jan-2026"," 93.46"," 93.60"," 93.85"," 91.55"," 92.00"," 92.36"," 92.74"," 7771"," 7.21"," 230"," 5811"," 74.78"
DCMFINSERV," EQ"," 01-Jan-2026"," 5.32"," 5.48"," 5.48"," 5.25"," 5.35"," 5.30"," 5.33"," 13047"," 0.70"," 54"," 12798"," 98.09"
DCMNVL," EQ"," 01-Jan-2026"," 134.22"," 134.30"," 137.60"," 131.22"," 133.25"," 133.67"," 135.55"," 8964"," 12.15"," 363"," 5644"," 62.96"
DCMSHRIRAM," EQ"," 01-Jan-2026"," 1252.10"," 1261.00"," 1273.70"," 1248.10"," 1270.00"," 1269.20"," 1266.02"," 29816"," 377.48"," 4637"," 12197"," 40.91"
DCMSRIND," BE"," 01-Jan-2026"," 58.78"," 55.85"," 58.49"," 55.85"," 55.85"," 55.95"," 56.03"," 172212"," 96.49"," 1015"," -"," -"
DCW," EQ"," 01-Jan-2026"," 58.29"," 58.10"," 58.98"," 57.52"," 57.90"," 57.78"," 57.94"," 315233"," 182.65"," 2299"," 165501"," 52.50"
DCXINDIA," EQ"," 01-Jan-2026"," 193.22"," 194.18"," 194.90"," 190.00"," 190.10"," 190.73"," 192.01"," 408259"," 783.88"," 5944"," 129030"," 31.60"
DDEVPLSTIK," EQ"," 01-Jan-2026"," 300.95"," 300.10"," 302.15"," 300.00"," 300.10"," 300.50"," 300.46"," 42794"," 128.58"," 1252"," 31823"," 74.36"
DECCANCE," EQ"," 01-Jan-2026"," 743.85"," 746.45"," 749.00"," 740.00"," 740.10"," 740.95"," 743.95"," 4575"," 34.04"," 244"," 3474"," 75.93"
DECCANTRAN," SM"," 01-Jan-2026"," 23.80"," 23.05"," 23.75"," 23.05"," 23.75"," 23.75"," 23.51"," 8400"," 1.97"," 6"," 6000"," 71.43"
DEEDEV," EQ"," 01-Jan-2026"," 209.60"," 212.50"," 212.50"," 206.19"," 208.00"," 208.91"," 208.46"," 31840"," 66.38"," 1521"," 15265"," 47.94"
DEEM," SM"," 01-Jan-2026"," 50.80"," 50.40"," 50.40"," 50.40"," 50.40"," 50.40"," 50.40"," 1000"," 0.50"," 1"," 1000"," 100.00"
DEEPAKFERT," EQ"," 01-Jan-2026"," 1287.10"," 1289.90"," 1297.00"," 1236.70"," 1245.00"," 1243.50"," 1253.13"," 570077"," 7143.82"," 32604"," 205198"," 35.99"
DEEPAKNTR," EQ"," 01-Jan-2026"," 1731.70"," 1731.70"," 1737.50"," 1695.10"," 1700.60"," 1701.30"," 1710.92"," 66231"," 1133.16"," 7955"," 29938"," 45.20"
DEEPINDS," EQ"," 01-Jan-2026"," 460.80"," 462.30"," 469.80"," 453.60"," 457.00"," 456.90"," 459.41"," 60213"," 276.63"," 2793"," 20902"," 34.71"
DELAPLEX," SM"," 01-Jan-2026"," 129.50"," 130.00"," 130.20"," 129.65"," 130.20"," 130.20"," 129.95"," 1800"," 2.34"," 3"," 1800"," 100.00"
DELHIVERY," EQ"," 01-Jan-2026"," 403.85"," 403.05"," 404.10"," 398.35"," 400.25"," 400.60"," 400.40"," 814894"," 3262.86"," 29613"," 430635"," 52.85"
DELPHIFX," EQ"," 01-Jan-2026"," 237.28"," 237.50"," 238.84"," 234.94"," 235.06"," 236.52"," 236.11"," 26453"," 62.46"," 343"," 21297"," 80.51"
DELTACORP," EQ"," 01-Jan-2026"," 69.77"," 69.74"," 70.63"," 69.42"," 69.85"," 69.71"," 69.85"," 538067"," 375.84"," 5111"," 254358"," 47.27"
DELTAMAGNT," EQ"," 01-Jan-2026"," 68.14"," 69.75"," 69.75"," 67.75"," 69.00"," 68.99"," 68.44"," 1310"," 0.90"," 37"," 1019"," 77.79"
DELTIC," SM"," 01-Jan-2026"," 50.50"," 58.00"," 58.00"," 49.20"," 50.40"," 50.60"," 50.82"," 22000"," 11.18"," 18"," 18000"," 81.82"
DEN," EQ"," 01-Jan-2026"," 31.14"," 31.17"," 31.50"," 30.84"," 31.21"," 31.22"," 31.18"," 224237"," 69.92"," 2005"," 104951"," 46.80"
DENEERS," SM"," 01-Jan-2026"," 154.55"," 152.05"," 161.95"," 147.30"," 150.50"," 150.00"," 152.56"," 26400"," 40.28"," 41"," 13200"," 50.00"
DENORA," EQ"," 01-Jan-2026"," 686.10"," 682.00"," 697.90"," 682.00"," 682.00"," 684.05"," 689.46"," 975"," 6.72"," 168"," 587"," 60.21"
DENTA," EQ"," 01-Jan-2026"," 335.90"," 335.90"," 341.20"," 327.55"," 332.00"," 329.65"," 332.92"," 126455"," 420.99"," 4834"," 61294"," 48.47"
DENTALKART," SM"," 01-Jan-2026"," 575.80"," 569.00"," 579.00"," 568.00"," 579.00"," 579.00"," 572.00"," 750"," 4.29"," 3"," 500"," 66.67"
DEVIT," EQ"," 01-Jan-2026"," 32.23"," 33.01"," 36.40"," 32.75"," 34.30"," 34.20"," 34.68"," 968327"," 335.82"," 9954"," 201917"," 20.85"
DEVX," EQ"," 01-Jan-2026"," 41.28"," 41.33"," 42.25"," 40.60"," 41.27"," 41.00"," 41.30"," 681971"," 281.65"," 3564"," 368186"," 53.99"
DEVYANI," EQ"," 01-Jan-2026"," 147.95"," 148.00"," 149.79"," 144.35"," 145.70"," 147.43"," 146.52"," 1528295"," 2239.20"," 15764"," 511978"," 33.50"
DGCONTENT," EQ"," 01-Jan-2026"," 32.74"," 32.89"," 33.74"," 32.11"," 33.39"," 33.43"," 33.00"," 6501"," 2.15"," 121"," 4775"," 73.45"
DHAMPURSUG," EQ"," 01-Jan-2026"," 123.36"," 123.96"," 124.29"," 122.70"," 122.90"," 123.05"," 123.12"," 112705"," 138.77"," 1638"," 60646"," 53.81"
DHANBANK," EQ"," 01-Jan-2026"," 24.72"," 24.76"," 25.14"," 24.66"," 25.00"," 24.99"," 24.82"," 336035"," 83.41"," 2490"," 150863"," 44.90"
DHANLAXMI," SM"," 01-Jan-2026"," 30.80"," 30.05"," 30.75"," 30.05"," 30.75"," 30.75"," 30.58"," 8000"," 2.45"," 4"," 4000"," 50.00"
DHANUKA," EQ"," 01-Jan-2026"," 1179.80"," 1181.10"," 1192.80"," 1171.00"," 1180.00"," 1177.40"," 1178.26"," 21436"," 252.57"," 2679"," 12779"," 59.61"
DHARAN," BZ"," 01-Jan-2026"," 0.23"," 0.22"," 0.23"," 0.22"," 0.22"," 0.22"," 0.22"," 47430537"," 104.99"," 2461"," -"," -"
DHARARAIL," ST"," 01-Jan-2026"," 157.50"," 149.65"," 153.80"," 149.65"," 149.65"," 149.65"," 150.34"," 180000"," 270.61"," 119"," 166000"," 92.22"
DHARIWAL," ST"," 01-Jan-2026"," 361.15"," 361.20"," 368.35"," 361.20"," 368.35"," 368.35"," 363.71"," 34200"," 124.39"," 29"," 34200"," 100.00"
DHARMAJ," EQ"," 01-Jan-2026"," 240.92"," 240.92"," 244.40"," 239.61"," 243.69"," 243.12"," 241.89"," 11533"," 27.90"," 666"," 6473"," 56.13"
DHRUV," EQ"," 01-Jan-2026"," 47.89"," 47.90"," 48.99"," 47.04"," 48.00"," 48.08"," 48.19"," 7278"," 3.51"," 66"," 5891"," 80.94"
DHTL," ST"," 01-Jan-2026"," 71.30"," 72.70"," 72.70"," 72.70"," 72.70"," 72.70"," 72.70"," 800"," 0.58"," 1"," 800"," 100.00"
DHUNINV," EQ"," 01-Jan-2026"," 1238.00"," 1248.00"," 1263.70"," 1215.20"," 1249.80"," 1222.60"," 1227.24"," 281"," 3.45"," 99"," 201"," 71.53"
DIACABS," EQ"," 01-Jan-2026"," 138.05"," 138.70"," 140.39"," 137.57"," 138.00"," 137.91"," 138.72"," 795930"," 1104.10"," 4958"," 301751"," 37.91"
DIAMINESQ," EQ"," 01-Jan-2026"," 268.45"," 267.00"," 286.95"," 265.95"," 271.05"," 273.05"," 274.61"," 9907"," 27.21"," 729"," 4495"," 45.37"
DIAMONDYD," EQ"," 01-Jan-2026"," 1184.40"," 1181.90"," 1223.40"," 1181.90"," 1206.20"," 1218.00"," 1209.17"," 136744"," 1653.47"," 4378"," 98778"," 72.24"
DICIND," EQ"," 01-Jan-2026"," 485.20"," 494.05"," 502.85"," 480.20"," 490.10"," 490.70"," 490.72"," 608"," 2.98"," 67"," 473"," 77.80"
DIFFNKG," EQ"," 01-Jan-2026"," 334.80"," 336.85"," 337.80"," 331.50"," 335.20"," 334.65"," 334.23"," 33778"," 112.90"," 1579"," 14416"," 42.68"
DIGIDRIVE," EQ"," 01-Jan-2026"," 25.98"," 26.39"," 26.88"," 25.50"," 26.01"," 26.04"," 26.19"," 13573"," 3.55"," 190"," 9742"," 71.77"
DIGIKORE," SM"," 01-Jan-2026"," 72.00"," 71.70"," 74.50"," 71.30"," 71.30"," 72.25"," 72.86"," 3600"," 2.62"," 9"," 3200"," 88.89"
DIGISPICE," EQ"," 01-Jan-2026"," 23.97"," 24.49"," 24.49"," 23.68"," 23.80"," 23.85"," 23.95"," 65332"," 15.65"," 236"," 56792"," 86.93"
DIGITIDE," EQ"," 01-Jan-2026"," 132.10"," 132.29"," 133.15"," 128.28"," 130.62"," 130.58"," 130.36"," 168115"," 219.15"," 5477"," 74685"," 44.42"
DIGJAMLMTD," EQ"," 01-Jan-2026"," 50.20"," 49.01"," 52.71"," 49.01"," 52.71"," 52.71"," 52.30"," 10245"," 5.36"," 76"," 9922"," 96.85"
DIL," BZ"," 01-Jan-2026"," 1.72"," 1.72"," 1.75"," 1.66"," 1.75"," 1.70"," 1.69"," 113383"," 1.92"," 172"," -"," -"
DISHTV," EQ"," 01-Jan-2026"," 3.98"," 3.98"," 4.06"," 3.98"," 4.00"," 4.00"," 4.00"," 2038383"," 81.62"," 1655"," 1527204"," 74.92"
DIVGIITTS," EQ"," 01-Jan-2026"," 611.75"," 618.80"," 618.80"," 604.25"," 614.30"," 611.35"," 612.05"," 1882"," 11.52"," 277"," 1399"," 74.34"
DIVIDEND," EQ"," 01-Jan-2026"," 36.41"," 36.46"," 36.52"," 36.30"," 36.47"," 36.47"," 36.47"," 20622"," 7.52"," 57"," 20372"," 98.79"
DIVINEHIRA," ST"," 01-Jan-2026"," 230.10"," 234.70"," 234.70"," 234.70"," 234.70"," 234.70"," 234.70"," 1600"," 3.76"," 1"," 1600"," 100.00"
DIVISLAB," EQ"," 01-Jan-2026"," 6392.50"," 6398.00"," 6413.50"," 6300.00"," 6346.00"," 6344.00"," 6332.03"," 146473"," 9274.71"," 14323"," 84404"," 57.62"
DIVOPPBEES," EQ"," 01-Jan-2026"," 83.54"," 83.85"," 83.85"," 82.99"," 83.33"," 83.34"," 83.27"," 66696"," 55.53"," 1103"," 45050"," 67.55"
DIXON," EQ"," 01-Jan-2026"," 12102.00"," 12112.00"," 12220.00"," 11820.00"," 12180.00"," 12091.00"," 11973.54"," 697383"," 83501.40"," 78696"," 230930"," 33.11"
DJML," EQ"," 01-Jan-2026"," 69.50"," 69.09"," 69.38"," 68.25"," 68.99"," 68.69"," 68.74"," 71180"," 48.93"," 462"," 27087"," 38.05"
DKEGL," SM"," 01-Jan-2026"," 82.20"," 77.10"," 77.10"," 77.10"," 77.10"," 77.10"," 77.10"," 1500"," 1.16"," 1"," 1500"," 100.00"
DLF," EQ"," 01-Jan-2026"," 687.40"," 690.20"," 693.85"," 681.95"," 691.65"," 691.40"," 689.92"," 1564403"," 10793.16"," 25458"," 700465"," 44.78"
DLINKINDIA," EQ"," 01-Jan-2026"," 420.20"," 424.75"," 424.75"," 418.00"," 419.10"," 419.55"," 420.16"," 27989"," 117.60"," 1588"," 14946"," 53.40"
DMART," EQ"," 01-Jan-2026"," 3782.20"," 3794.80"," 3808.00"," 3703.00"," 3714.20"," 3716.10"," 3723.73"," 517006"," 19251.90"," 27818"," 333365"," 64.48"
DMCC," EQ"," 01-Jan-2026"," 254.25"," 257.55"," 257.55"," 252.00"," 256.95"," 255.60"," 254.34"," 9761"," 24.83"," 613"," 6155"," 63.06"
DNAMEDIA," EQ"," 01-Jan-2026"," 3.86"," 3.92"," 3.92"," 3.80"," 3.90"," 3.89"," 3.84"," 43401"," 1.67"," 147"," 32134"," 74.04"
DODLA," EQ"," 01-Jan-2026"," 1250.80"," 1270.00"," 1270.00"," 1228.10"," 1229.50"," 1232.50"," 1240.44"," 8254"," 102.39"," 1487"," 4155"," 50.34"
DOLATALGO," EQ"," 01-Jan-2026"," 90.28"," 90.50"," 91.97"," 88.26"," 88.50"," 88.76"," 89.88"," 228988"," 205.81"," 3255"," 88774"," 38.77"
DOLLAR," EQ"," 01-Jan-2026"," 351.35"," 351.90"," 354.40"," 347.50"," 348.75"," 349.50"," 350.07"," 76890"," 269.17"," 1687"," 59236"," 77.04"
DOLLEX," SM"," 01-Jan-2026"," 39.95"," 39.85"," 39.85"," 38.90"," 38.90"," 39.20"," 39.29"," 28000"," 11.00"," 7"," 16000"," 57.14"
DOLPHIN," EQ"," 01-Jan-2026"," 479.20"," 490.00"," 494.80"," 470.00"," 470.00"," 473.75"," 480.36"," 33616"," 161.48"," 1516"," 11409"," 33.94"
DOMS," EQ"," 01-Jan-2026"," 2615.40"," 2614.60"," 2630.00"," 2581.00"," 2597.00"," 2601.80"," 2607.51"," 15811"," 412.27"," 2956"," 6456"," 40.83"
DONEAR," EQ"," 01-Jan-2026"," 92.89"," 93.14"," 93.59"," 92.51"," 92.96"," 92.91"," 92.93"," 11093"," 10.31"," 272"," 8130"," 73.29"
DPABHUSHAN," EQ"," 01-Jan-2026"," 1427.40"," 1444.90"," 1467.90"," 1415.00"," 1445.00"," 1427.20"," 1437.66"," 7934"," 114.06"," 2020"," 3718"," 46.86"
DPEL," ST"," 01-Jan-2026"," 265.80"," 269.80"," 272.80"," 265.00"," 272.00"," 272.30"," 270.24"," 52000"," 140.53"," 55"," 51500"," 99.04"
DPSCLTD," EQ"," 01-Jan-2026"," 10.05"," 10.00"," 10.18"," 9.90"," 9.97"," 9.97"," 10.02"," 60752"," 6.09"," 533"," 45067"," 74.18"
DPWIRES," EQ"," 01-Jan-2026"," 203.78"," 203.78"," 203.78"," 202.21"," 202.30"," 202.45"," 202.84"," 4250"," 8.62"," 210"," 3530"," 83.06"
DRCSYSTEMS," EQ"," 01-Jan-2026"," 17.56"," 17.76"," 17.76"," 17.27"," 17.37"," 17.39"," 17.44"," 24230"," 4.23"," 192"," 17180"," 70.90"
DREAMFOLKS," EQ"," 01-Jan-2026"," 109.10"," 109.65"," 110.40"," 106.98"," 107.64"," 107.43"," 108.07"," 93726"," 101.29"," 2230"," 55455"," 59.17"
DREDGECORP," EQ"," 01-Jan-2026"," 997.55"," 1014.90"," 1053.60"," 991.00"," 1002.00"," 997.30"," 1029.88"," 754582"," 7771.29"," 29118"," 121053"," 16.04"
DRL," SM"," 01-Jan-2026"," 20.90"," 19.90"," 19.90"," 19.90"," 19.90"," 19.90"," 19.90"," 12000"," 2.39"," 2"," 12000"," 100.00"
DRONE," SM"," 01-Jan-2026"," 66.80"," 67.50"," 68.00"," 66.55"," 67.60"," 67.45"," 67.30"," 16000"," 10.77"," 25"," 11000"," 68.75"
DRREDDY," EQ"," 01-Jan-2026"," 1271.40"," 1270.00"," 1270.00"," 1248.00"," 1252.00"," 1253.40"," 1253.36"," 553856"," 6941.82"," 25369"," 159702"," 28.83"
DSSL," EQ"," 01-Jan-2026"," 1017.65"," 1025.00"," 1067.00"," 988.00"," 1004.80"," 1014.60"," 1020.07"," 446134"," 4550.88"," 22821"," 45668"," 10.24"
DTIL," EQ"," 01-Jan-2026"," 160.46"," 161.49"," 161.49"," 158.22"," 158.60"," 158.66"," 158.97"," 5503"," 8.75"," 216"," 3726"," 67.71"
DUCON," EQ"," 01-Jan-2026"," 3.54"," 3.60"," 3.68"," 3.47"," 3.56"," 3.51"," 3.57"," 382283"," 13.66"," 800"," 272579"," 71.30"
DUGLOBAL," SM"," 01-Jan-2026"," 30.40"," 30.15"," 30.50"," 30.15"," 30.15"," 30.15"," 30.23"," 12500"," 3.78"," 5"," 10000"," 80.00"
DURLAX," SM"," 01-Jan-2026"," 42.00"," 42.30"," 42.50"," 41.65"," 42.00"," 42.00"," 42.37"," 26000"," 11.02"," 12"," 22000"," 84.62"
DVL," EQ"," 01-Jan-2026"," 284.85"," 285.95"," 285.95"," 273.65"," 280.00"," 278.30"," 279.47"," 22002"," 61.49"," 675"," 16251"," 73.86"
DWARKESH," EQ"," 01-Jan-2026"," 37.73"," 37.84"," 37.84"," 36.75"," 37.20"," 37.24"," 37.18"," 356517"," 132.56"," 2142"," 182518"," 51.19"
DYCL," EQ"," 01-Jan-2026"," 334.10"," 336.10"," 347.45"," 331.25"," 336.00"," 336.65"," 339.59"," 82899"," 281.52"," 4430"," 29323"," 35.37"
DYNAMATECH," EQ"," 01-Jan-2026"," 9372.00"," 9404.00"," 9640.00"," 9143.00"," 9350.00"," 9261.00"," 9416.57"," 27182"," 2559.61"," 8536"," 7358"," 27.07"
DYNAMIC," SM"," 01-Jan-2026"," 130.40"," 125.55"," 131.90"," 125.00"," 131.90"," 130.30"," 127.38"," 13000"," 16.56"," 20"," 9000"," 69.23"
DYNPRO," EQ"," 01-Jan-2026"," 263.20"," 263.25"," 263.55"," 246.60"," 248.20"," 248.20"," 252.46"," 84372"," 213.00"," 2054"," 63120"," 74.81"
E2E," EQ"," 01-Jan-2026"," 1991.50"," 1991.50"," 2020.90"," 1975.00"," 1995.00"," 1999.20"," 1999.95"," 50833"," 1016.64"," 6537"," 25748"," 50.65"
EASEMYTRIP," EQ"," 01-Jan-2026"," 7.34"," 7.36"," 7.42"," 7.32"," 7.40"," 7.36"," 7.38"," 4312694"," 318.32"," 6717"," 1858778"," 43.10"
EBANKNIFTY," EQ"," 01-Jan-2026"," 59.83"," 60.43"," 60.43"," 59.82"," 59.90"," 59.90"," 60.22"," 84081"," 50.63"," 53"," 83964"," 99.86"
EBBETF0430," EQ"," 01-Jan-2026"," 1562.28"," 1552.38"," 1564.58"," 1515.41"," 1564.49"," 1564.32"," 1562.60"," 30324"," 473.84"," 648"," 27427"," 90.45"
EBBETF0431," EQ"," 01-Jan-2026"," 1396.37"," 1399.69"," 1399.69"," 1393.81"," 1395.90"," 1396.59"," 1396.97"," 6314"," 88.20"," 123"," 3524"," 55.81"
EBBETF0433," EQ"," 01-Jan-2026"," 1273.98"," 1274.49"," 1275.79"," 1274.05"," 1275.50"," 1274.25"," 1275.06"," 7913"," 100.90"," 109"," 5085"," 64.26"
EBGNG," EQ"," 01-Jan-2026"," 307.65"," 307.65"," 315.60"," 306.75"," 309.15"," 310.25"," 311.59"," 87176"," 271.63"," 3851"," 36100"," 41.41"
ECAPINSURE," EQ"," 01-Jan-2026"," 24.25"," 23.64"," 24.55"," 23.64"," 24.22"," 24.04"," 24.08"," 32228"," 7.76"," 345"," 22153"," 68.74"
ECLERX," EQ"," 01-Jan-2026"," 4695.30"," 4688.00"," 4855.40"," 4643.90"," 4825.00"," 4821.70"," 4791.15"," 110052"," 5272.76"," 26973"," 33863"," 30.77"
ECOLINE," SM"," 01-Jan-2026"," 130.00"," 132.00"," 132.00"," 132.00"," 132.00"," 132.00"," 132.00"," 5000"," 6.60"," 5"," 5000"," 100.00"
ECOSMOBLTY," EQ"," 01-Jan-2026"," 198.73"," 199.00"," 201.76"," 195.50"," 198.01"," 198.05"," 199.62"," 90300"," 180.26"," 2154"," 38477"," 42.61"
EDELWEISS," EQ"," 01-Jan-2026"," 108.06"," 108.00"," 110.00"," 107.30"," 108.84"," 108.66"," 108.41"," 1836854"," 1991.31"," 12535"," 662202"," 36.05"
EEPL," SM"," 01-Jan-2026"," 202.95"," 204.00"," 210.50"," 204.00"," 204.00"," 204.20"," 207.19"," 39000"," 80.80"," 36"," 13000"," 33.33"
EFACTOR," ST"," 01-Jan-2026"," 337.00"," 340.95"," 340.95"," 340.95"," 340.95"," 340.95"," 340.95"," 800"," 2.73"," 2"," 800"," 100.00"
EFCIL," EQ"," 01-Jan-2026"," 306.20"," 309.80"," 309.80"," 298.05"," 298.10"," 298.95"," 301.84"," 79333"," 239.46"," 1875"," 42996"," 54.20"
EFFWA," SM"," 01-Jan-2026"," 228.30"," 223.35"," 230.50"," 223.35"," 227.00"," 227.00"," 226.94"," 4000"," 9.08"," 10"," 2000"," 50.00"
EFORCE," SM"," 01-Jan-2026"," 34.00"," 34.00"," 34.00"," 33.40"," 33.90"," 33.90"," 33.60"," 13200"," 4.44"," 11"," 9600"," 72.73"
EGOLD," EQ"," 01-Jan-2026"," 133.10"," 134.40"," 134.40"," 132.00"," 134.30"," 133.55"," 133.54"," 1129224"," 1507.92"," 630"," 1098313"," 97.26"
EICHERMOT," EQ"," 01-Jan-2026"," 7312.50"," 7317.00"," 7363.00"," 7271.50"," 7349.00"," 7348.00"," 7327.50"," 155326"," 11381.52"," 23334"," 44217"," 28.47"
EIDPARRY," EQ"," 01-Jan-2026"," 1034.70"," 1034.00"," 1038.30"," 1015.60"," 1017.00"," 1018.00"," 1024.74"," 90193"," 924.24"," 7269"," 55010"," 60.99"
EIEL," EQ"," 01-Jan-2026"," 205.91"," 206.00"," 206.99"," 202.83"," 203.70"," 203.48"," 204.62"," 288522"," 590.39"," 5268"," 127841"," 44.31"
EIFFL," EQ"," 01-Jan-2026"," 269.00"," 271.15"," 280.10"," 262.30"," 268.25"," 267.20"," 269.96"," 39759"," 107.33"," 849"," 30527"," 76.78"
EIHAHOTELS," EQ"," 01-Jan-2026"," 358.65"," 356.05"," 359.20"," 355.10"," 356.00"," 356.50"," 356.68"," 6633"," 23.66"," 371"," 4773"," 71.96"
EIHOTEL," EQ"," 01-Jan-2026"," 368.25"," 368.25"," 370.20"," 364.55"," 366.70"," 366.10"," 366.38"," 45668"," 167.32"," 1860"," 29165"," 63.86"
EIMCOELECO," EQ"," 01-Jan-2026"," 1598.90"," 1598.90"," 1655.90"," 1587.10"," 1630.80"," 1624.90"," 1627.67"," 14623"," 238.01"," 2000"," 7927"," 54.21"
EKC," EQ"," 01-Jan-2026"," 116.29"," 117.80"," 118.00"," 115.11"," 115.80"," 115.88"," 115.92"," 98646"," 114.35"," 1640"," 42845"," 43.43"
ELDEHSG," EQ"," 01-Jan-2026"," 991.80"," 1000.80"," 1044.10"," 953.65"," 990.00"," 1000.90"," 987.37"," 2971"," 29.33"," 380"," 1443"," 48.57"
ELECON," EQ"," 01-Jan-2026"," 481.45"," 482.55"," 489.55"," 479.00"," 480.50"," 480.70"," 482.32"," 169972"," 819.81"," 13031"," 87152"," 51.27"
ELECTCAST," EQ"," 01-Jan-2026"," 78.42"," 78.42"," 78.94"," 76.25"," 77.11"," 76.97"," 77.44"," 560707"," 434.20"," 5076"," 219401"," 39.13"
ELECTHERM," EQ"," 01-Jan-2026"," 873.35"," 877.75"," 888.10"," 872.60"," 880.40"," 877.60"," 876.43"," 5921"," 51.89"," 419"," 3172"," 53.57"
ELGIEQUIP," EQ"," 01-Jan-2026"," 473.75"," 474.35"," 479.05"," 473.75"," 477.70"," 476.15"," 476.56"," 155578"," 741.43"," 8306"," 61343"," 39.43"
ELGIRUBCO," EQ"," 01-Jan-2026"," 45.38"," 45.00"," 46.41"," 45.00"," 45.80"," 45.62"," 45.54"," 14852"," 6.76"," 541"," 9117"," 61.39"
ELGNZ," SM"," 01-Jan-2026"," 96.60"," 97.00"," 97.00"," 87.35"," 91.60"," 91.80"," 91.34"," 74000"," 67.59"," 67"," 50000"," 67.57"
ELIN," EQ"," 01-Jan-2026"," 165.26"," 163.26"," 166.39"," 163.26"," 163.61"," 164.47"," 164.68"," 10524"," 17.33"," 583"," 6440"," 61.19"
ELIQUID," EQ"," 01-Jan-2026"," 1012.54"," 1012.68"," 1012.68"," 1012.67"," 1012.68"," 1012.68"," 1012.68"," 2613"," 26.46"," 9"," 2609"," 99.85"
ELLEN," EQ"," 01-Jan-2026"," 340.15"," 340.00"," 343.00"," 334.25"," 338.35"," 336.45"," 337.64"," 86634"," 292.51"," 3430"," 44675"," 51.57"
ELM250," EQ"," 01-Jan-2026"," 16.83"," 16.88"," 16.92"," 16.76"," 16.92"," 16.87"," 16.88"," 1011100"," 170.67"," 78"," 1008298"," 99.72"
EMAMILTD," EQ"," 01-Jan-2026"," 528.60"," 524.65"," 530.30"," 523.80"," 524.60"," 524.95"," 525.72"," 107589"," 565.61"," 9901"," 41691"," 38.75"
EMAMIPAP," EQ"," 01-Jan-2026"," 87.39"," 87.83"," 88.99"," 86.26"," 88.50"," 88.01"," 87.51"," 15004"," 13.13"," 189"," 11427"," 76.16"
EMAMIREAL," EQ"," 01-Jan-2026"," 80.99"," 82.00"," 82.00"," 79.37"," 81.40"," 80.46"," 80.71"," 7409"," 5.98"," 175"," 5030"," 67.89"
EMAPARTNER," SM"," 01-Jan-2026"," 99.90"," 99.00"," 99.50"," 96.00"," 96.00"," 96.00"," 97.65"," 13000"," 12.70"," 11"," 13000"," 100.00"
EMBASSY," RR"," 01-Jan-2026"," 435.32"," 435.30"," 439.00"," 431.13"," 434.80"," 435.69"," 435.11"," 364501"," 1585.99"," 5792"," 328813"," 90.21"
EMBDL," BE"," 01-Jan-2026"," 58.82"," 59.00"," 61.00"," 58.82"," 60.00"," 59.46"," 59.70"," 2169549"," 1295.33"," 6427"," -"," -"
EMCURE," EQ"," 01-Jan-2026"," 1364.50"," 1360.00"," 1405.00"," 1356.00"," 1400.00"," 1401.80"," 1389.48"," 186238"," 2587.73"," 9936"," 131882"," 70.81"
EMIL," EQ"," 01-Jan-2026"," 103.16"," 103.16"," 110.88"," 103.16"," 106.90"," 106.62"," 107.75"," 2753305"," 2966.82"," 25374"," 486042"," 17.65"
EMKAY," EQ"," 01-Jan-2026"," 283.80"," 293.70"," 305.50"," 283.80"," 285.00"," 287.60"," 293.73"," 51630"," 151.65"," 1789"," 24244"," 46.96"
EMKAYTOOLS," SM"," 01-Jan-2026"," 113.00"," 113.00"," 114.70"," 112.70"," 113.00"," 113.00"," 113.33"," 1200"," 1.36"," 7"," 1050"," 87.50"
EMMBI," EQ"," 01-Jan-2026"," 96.75"," 98.50"," 101.50"," 96.21"," 99.64"," 98.37"," 98.69"," 24712"," 24.39"," 481"," 14999"," 60.70"
EMMIL," SM"," 01-Jan-2026"," 185.00"," 186.00"," 186.00"," 185.00"," 185.20"," 185.20"," 185.48"," 1250"," 2.32"," 4"," 1250"," 100.00"
EMMVEE," EQ"," 01-Jan-2026"," 192.35"," 192.00"," 192.33"," 188.10"," 188.30"," 188.86"," 189.84"," 332916"," 632.01"," 7951"," 119167"," 35.79"
EMSLIMITED," EQ"," 01-Jan-2026"," 433.95"," 436.70"," 439.20"," 427.15"," 429.90"," 428.55"," 431.43"," 147254"," 635.30"," 3740"," 109930"," 74.65"
EMUDHRA," EQ"," 01-Jan-2026"," 566.55"," 570.00"," 575.00"," 558.00"," 558.65"," 559.85"," 562.62"," 46436"," 261.26"," 3225"," 24282"," 52.29"
EMULTIMQ," EQ"," 01-Jan-2026"," 41.61"," 41.79"," 41.79"," 41.16"," 41.39"," 41.38"," 41.32"," 78699"," 32.52"," 528"," 74347"," 94.47"
ENCOMPAS," SM"," 01-Jan-2026"," 237.10"," 238.00"," 260.00"," 238.00"," 251.00"," 254.00"," 250.64"," 56400"," 141.36"," 46"," 28800"," 51.06"
ENDURANCE," EQ"," 01-Jan-2026"," 2589.90"," 2589.90"," 2591.20"," 2537.00"," 2538.40"," 2543.20"," 2557.13"," 57858"," 1479.50"," 10195"," 28203"," 48.75"
ENERGY," EQ"," 01-Jan-2026"," 35.32"," 36.30"," 36.30"," 35.41"," 35.56"," 35.55"," 35.51"," 110037"," 39.07"," 263"," 90938"," 82.64"
ENERGYDEV," BE"," 01-Jan-2026"," 18.93"," 18.80"," 19.87"," 18.80"," 19.87"," 19.67"," 19.44"," 74003"," 14.38"," 239"," -"," -"
ENFUSE," SM"," 01-Jan-2026"," 215.00"," 215.50"," 222.00"," 215.50"," 222.00"," 222.00"," 218.75"," 1200"," 2.63"," 2"," 1200"," 100.00"
ENGINERSIN," EQ"," 01-Jan-2026"," 201.24"," 202.00"," 204.70"," 201.53"," 202.80"," 202.69"," 203.20"," 1097326"," 2229.72"," 19854"," 450985"," 41.10"
ENIFTY," EQ"," 01-Jan-2026"," 26.08"," 26.22"," 26.22"," 26.08"," 26.11"," 26.09"," 26.11"," 888"," 0.23"," 16"," 777"," 87.50"
ENIL," EQ"," 01-Jan-2026"," 116.29"," 117.70"," 117.70"," 111.27"," 113.00"," 112.44"," 112.83"," 34064"," 38.43"," 788"," 25663"," 75.34"
ENRIN," EQ"," 01-Jan-2026"," 2560.10"," 2561.10"," 2566.70"," 2526.10"," 2536.00"," 2539.00"," 2538.48"," 203170"," 5157.43"," 13345"," 94762"," 46.64"
ENSER," SM"," 01-Jan-2026"," 16.60"," 16.00"," 16.00"," 15.50"," 16.00"," 16.00"," 15.76"," 40000"," 6.30"," 8"," 30000"," 75.00"
ENTERO," EQ"," 01-Jan-2026"," 1026.60"," 1020.00"," 1150.60"," 1012.40"," 1141.00"," 1129.60"," 1110.14"," 782763"," 8689.79"," 48888"," 179755"," 22.96"
EPACK," EQ"," 01-Jan-2026"," 282.25"," 284.15"," 284.15"," 278.05"," 279.00"," 279.45"," 280.06"," 217202"," 608.29"," 3151"," 104194"," 47.97"
EPACKPEB," EQ"," 01-Jan-2026"," 274.15"," 275.00"," 275.35"," 267.50"," 268.00"," 268.45"," 270.75"," 426852"," 1155.68"," 9409"," 168607"," 39.50"
EPIGRAL," EQ"," 01-Jan-2026"," 1220.10"," 1232.70"," 1270.00"," 1221.00"," 1270.00"," 1262.60"," 1248.29"," 42830"," 534.64"," 6183"," 15271"," 35.65"
EPL," EQ"," 01-Jan-2026"," 215.21"," 217.00"," 217.00"," 214.05"," 215.99"," 216.20"," 215.65"," 403251"," 869.62"," 9327"," 178894"," 44.36"
EPWINDIA," ST"," 01-Jan-2026"," 120.35"," 116.00"," 118.90"," 114.35"," 114.35"," 114.35"," 115.40"," 52800"," 60.93"," 39"," 48000"," 90.91"
EQUAL200," EQ"," 01-Jan-2026"," 13.50"," 13.51"," 13.57"," 13.48"," 13.53"," 13.55"," 13.54"," 88834"," 12.03"," 90"," 62142"," 69.95"
EQUAL50," EQ"," 01-Jan-2026"," 335.86"," 335.91"," 336.67"," 335.52"," 336.67"," 335.96"," 335.88"," 185"," 0.62"," 10"," 148"," 80.00"
EQUAL50ADD," EQ"," 01-Jan-2026"," 345.99"," 348.94"," 348.94"," 345.35"," 347.01"," 346.81"," 346.56"," 4172"," 14.46"," 130"," 3508"," 84.08"
EQUIPPP," BE"," 01-Jan-2026"," 22.91"," 22.90"," 23.24"," 22.45"," 23.24"," 22.84"," 22.82"," 21180"," 4.83"," 29"," -"," -"
EQUITASBNK," EQ"," 01-Jan-2026"," 62.99"," 63.30"," 64.46"," 61.51"," 64.40"," 64.02"," 62.92"," 2826706"," 1778.46"," 16383"," 1324164"," 46.84"
ERIS," EQ"," 01-Jan-2026"," 1505.60"," 1517.00"," 1517.00"," 1488.80"," 1501.60"," 1501.40"," 1499.06"," 16853"," 252.64"," 3304"," 8071"," 47.89"
ESABINDIA," EQ"," 01-Jan-2026"," 6091.00"," 6156.00"," 6190.00"," 6087.00"," 6190.00"," 6145.50"," 6127.59"," 2156"," 132.11"," 660"," 1206"," 55.94"
ESAFSFB," EQ"," 01-Jan-2026"," 26.65"," 26.99"," 27.19"," 26.73"," 27.18"," 27.10"," 26.96"," 219781"," 59.25"," 1489"," 133380"," 60.69"
ESCONET," SM"," 01-Jan-2026"," 135.35"," 139.50"," 139.50"," 135.00"," 136.55"," 136.70"," 136.73"," 13600"," 18.60"," 21"," 12800"," 94.12"
ESCORTS," EQ"," 01-Jan-2026"," 3719.80"," 3721.00"," 3850.00"," 3721.00"," 3820.60"," 3820.60"," 3806.84"," 231329"," 8806.33"," 26773"," 46678"," 20.18"
ESENSEX," EQ"," 01-Jan-2026"," 84.94"," 85.34"," 85.34"," 84.91"," 84.91"," 85.07"," 85.21"," 247"," 0.21"," 7"," 247"," 100.00"
ESFL," SM"," 01-Jan-2026"," 190.45"," 190.00"," 190.00"," 180.95"," 180.95"," 180.95"," 182.07"," 136440"," 248.41"," 304"," 73080"," 53.56"
ESG," EQ"," 01-Jan-2026"," 44.32"," 44.98"," 44.98"," 44.42"," 44.62"," 44.55"," 44.49"," 71397"," 31.77"," 137"," 68664"," 96.17"
ESILVER," EQ"," 01-Jan-2026"," 228.30"," 222.59"," 229.99"," 222.59"," 226.00"," 225.64"," 225.72"," 123709"," 279.24"," 1219"," 39932"," 32.28"
ESPRIT," SM"," 01-Jan-2026"," 53.00"," 53.00"," 54.00"," 53.00"," 54.00"," 54.00"," 53.63"," 6400"," 3.43"," 4"," 3200"," 50.00"
ESSARSHPNG," BE"," 01-Jan-2026"," 27.34"," 27.40"," 27.50"," 27.00"," 27.11"," 27.27"," 27.17"," 65094"," 17.69"," 342"," -"," -"
ESSENTIA," EQ"," 01-Jan-2026"," 1.50"," 1.51"," 1.55"," 1.51"," 1.53"," 1.53"," 1.53"," 1010478"," 15.45"," 1087"," 754419"," 74.66"
ESTER," EQ"," 01-Jan-2026"," 102.32"," 102.33"," 102.99"," 101.60"," 101.65"," 101.84"," 101.99"," 35045"," 35.74"," 1069"," 22844"," 65.18"
ETERNAL," EQ"," 01-Jan-2026"," 278.05"," 278.60"," 285.00"," 278.55"," 283.55"," 283.80"," 283.24"," 13427852"," 38032.90"," 146429"," 6482096"," 48.27"
ETHOSLTD," EQ"," 01-Jan-2026"," 2976.90"," 2980.00"," 3020.00"," 2905.60"," 2968.00"," 2944.60"," 2941.50"," 6857"," 201.70"," 1858"," 3234"," 47.16"
ETML," SM"," 01-Jan-2026"," 104.20"," 104.00"," 109.75"," 104.00"," 107.75"," 106.40"," 106.86"," 46800"," 50.01"," 18"," 39600"," 84.62"
EUREKAFORB," EQ"," 01-Jan-2026"," 618.80"," 622.00"," 625.85"," 616.90"," 623.70"," 621.35"," 621.16"," 46894"," 291.29"," 5468"," 26663"," 56.86"
EUROBOND," EQ"," 01-Jan-2026"," 176.62"," 177.37"," 178.78"," 174.01"," 175.00"," 175.20"," 175.69"," 4521"," 7.94"," 367"," 2676"," 59.19"
EUROPRATIK," EQ"," 01-Jan-2026"," 308.10"," 301.00"," 315.00"," 301.00"," 310.00"," 311.40"," 309.65"," 36806"," 113.97"," 1865"," 15646"," 42.51"
EUROTEXIND," BE"," 01-Jan-2026"," 14.93"," 14.93"," 14.93"," 14.93"," 14.93"," 14.93"," 14.93"," 20"," 0.00"," 3"," -"," -"
EVEREADY," EQ"," 01-Jan-2026"," 328.75"," 329.75"," 330.80"," 327.05"," 328.00"," 328.90"," 328.99"," 25764"," 84.76"," 757"," 18182"," 70.57"
EVERESTIND," EQ"," 01-Jan-2026"," 520.85"," 520.00"," 534.00"," 510.00"," 510.60"," 515.25"," 517.52"," 4035"," 20.88"," 320"," 3055"," 75.71"
EVIETF," EQ"," 01-Jan-2026"," 31.57"," 31.72"," 31.75"," 31.53"," 31.75"," 31.68"," 31.65"," 80393"," 25.44"," 526"," 41391"," 51.49"
EVINDIA," EQ"," 01-Jan-2026"," 31.60"," 31.70"," 31.80"," 31.17"," 31.71"," 31.68"," 31.64"," 221210"," 69.99"," 1315"," 210908"," 95.34"
EXCEL," EQ"," 01-Jan-2026"," 1.38"," 1.34"," 1.44"," 1.34"," 1.44"," 1.44"," 1.42"," 8348140"," 118.45"," 2709"," 5076956"," 60.82"
EXCELINDUS," EQ"," 01-Jan-2026"," 933.15"," 933.05"," 948.90"," 930.00"," 947.80"," 944.55"," 937.21"," 4393"," 41.17"," 812"," 1916"," 43.61"
EXCELLENT," SM"," 01-Jan-2026"," 42.15"," 42.00"," 42.00"," 42.00"," 42.00"," 42.00"," 42.00"," 1600"," 0.67"," 1"," 1600"," 100.00"
EXCELSOFT," EQ"," 01-Jan-2026"," 92.93"," 91.36"," 92.35"," 89.61"," 90.65"," 90.87"," 90.85"," 2371218"," 2154.15"," 11924"," 410768"," 17.32"
EXICOM," EQ"," 01-Jan-2026"," 117.39"," 117.50"," 118.35"," 115.80"," 116.00"," 116.12"," 116.99"," 137133"," 160.44"," 2426"," 53254"," 38.83"
EXIDEIND," EQ"," 01-Jan-2026"," 362.20"," 363.00"," 364.00"," 361.10"," 362.60"," 363.25"," 362.57"," 589837"," 2138.54"," 9979"," 344055"," 58.33"
EXIMROUTES," ST"," 01-Jan-2026"," 145.50"," 140.05"," 152.75"," 140.05"," 152.75"," 152.75"," 150.99"," 59200"," 89.38"," 33"," 49600"," 83.78"
EXPLEOSOL," EQ"," 01-Jan-2026"," 968.60"," 963.00"," 984.00"," 954.30"," 958.10"," 959.15"," 968.37"," 11198"," 108.44"," 1365"," 7495"," 66.93"
EXXARO," BE"," 01-Jan-2026"," 8.23"," 8.27"," 8.27"," 8.00"," 8.14"," 8.03"," 8.04"," 52166"," 4.19"," 237"," -"," -"
FABTECH," EQ"," 01-Jan-2026"," 196.71"," 196.90"," 199.76"," 194.00"," 194.50"," 194.48"," 196.04"," 261084"," 511.84"," 5239"," 99808"," 38.23"
FACT," EQ"," 01-Jan-2026"," 912.45"," 912.45"," 918.00"," 900.20"," 901.00"," 903.60"," 907.74"," 93047"," 844.63"," 5283"," 35341"," 37.98"
FAIRCHEMOR," EQ"," 01-Jan-2026"," 723.45"," 733.50"," 785.00"," 725.05"," 767.10"," 774.75"," 758.18"," 198172"," 1502.50"," 7209"," 115012"," 58.04"
FALCONTECH," SM"," 01-Jan-2026"," 15.60"," 15.60"," 15.60"," 14.90"," 15.00"," 14.95"," 15.17"," 3600"," 0.55"," 3"," 3600"," 100.00"
FAZE3Q," EQ"," 01-Jan-2026"," 415.40"," 415.40"," 425.00"," 408.00"," 413.00"," 409.90"," 412.36"," 20794"," 85.75"," 1700"," 11632"," 55.94"
FCL," EQ"," 01-Jan-2026"," 24.66"," 24.66"," 24.81"," 24.40"," 24.55"," 24.55"," 24.58"," 1545157"," 379.74"," 5746"," 771969"," 49.96"
FCSSOFT," EQ"," 01-Jan-2026"," 1.83"," 1.86"," 1.86"," 1.82"," 1.84"," 1.84"," 1.84"," 1083557"," 19.96"," 2891"," 599512"," 55.33"
FDC," EQ"," 01-Jan-2026"," 423.10"," 422.00"," 422.70"," 416.15"," 416.50"," 418.85"," 419.04"," 42030"," 176.12"," 2307"," 9687"," 23.05"
FEDERALBNK," EQ"," 01-Jan-2026"," 267.10"," 267.65"," 267.65"," 264.55"," 267.00"," 266.25"," 265.86"," 2846254"," 7567.10"," 33433"," 1354569"," 47.59"
FEDFINA," EQ"," 01-Jan-2026"," 150.89"," 151.90"," 157.00"," 149.60"," 155.45"," 154.49"," 154.38"," 1951602"," 3012.83"," 22073"," 916276"," 46.95"
FEL," BZ"," 01-Jan-2026"," 0.47"," 0.47"," 0.48"," 0.47"," 0.48"," 0.47"," 0.48"," 107083"," 0.51"," 73"," -"," -"
FELDVR," BZ"," 01-Jan-2026"," 3.20"," 3.21"," 3.24"," 3.10"," 3.15"," 3.14"," 3.18"," 2466"," 0.08"," 15"," -"," -"
FELIX," SM"," 01-Jan-2026"," 156.25"," 156.25"," 180.00"," 155.15"," 170.00"," 170.35"," 170.78"," 182000"," 310.83"," 265"," 125500"," 68.96"
FIBERWEB," EQ"," 01-Jan-2026"," 36.30"," 36.79"," 36.90"," 36.00"," 36.44"," 36.05"," 36.23"," 9216"," 3.34"," 142"," 5564"," 60.37"
FIDEL," SM"," 01-Jan-2026"," 128.00"," 144.00"," 144.00"," 131.00"," 132.30"," 132.30"," 136.18"," 7000"," 9.53"," 7"," 5000"," 71.43"
FIEMIND," EQ"," 01-Jan-2026"," 2260.40"," 2262.00"," 2291.90"," 2222.00"," 2230.00"," 2228.30"," 2258.13"," 30349"," 685.32"," 6668"," 13930"," 45.90"
FILATEX," EQ"," 01-Jan-2026"," 48.86"," 48.86"," 49.50"," 48.83"," 49.02"," 49.03"," 49.14"," 412183"," 202.56"," 2730"," 204388"," 49.59"
FILATFASH," EQ"," 01-Jan-2026"," 0.27"," 0.27"," 0.32"," 0.27"," 0.32"," 0.32"," 0.31"," 239408683"," 736.16"," 8917"," 120443007"," 50.31"
FINBUD," SM"," 01-Jan-2026"," 129.60"," 129.60"," 129.60"," 126.05"," 126.15"," 126.80"," 126.82"," 5000"," 6.34"," 3"," 5000"," 100.00"
FINCABLES," EQ"," 01-Jan-2026"," 749.70"," 751.00"," 789.00"," 748.05"," 787.60"," 786.35"," 779.35"," 691490"," 5389.10"," 30886"," 181312"," 26.22"
FINEORG," EQ"," 01-Jan-2026"," 4116.20"," 4116.60"," 4156.00"," 4088.90"," 4094.00"," 4106.50"," 4105.24"," 7158"," 293.85"," 2103"," 5249"," 73.33"
FINIETF," EQ"," 01-Jan-2026"," 32.58"," 33.56"," 33.56"," 32.34"," 32.67"," 32.64"," 32.60"," 468412"," 152.70"," 1341"," 332349"," 70.95"
FINKURVE," EQ"," 01-Jan-2026"," 99.40"," 101.25"," 102.99"," 95.49"," 99.70"," 101.14"," 100.30"," 46138"," 46.27"," 1360"," 26530"," 57.50"
FINOPB," EQ"," 01-Jan-2026"," 261.80"," 260.50"," 264.45"," 256.05"," 256.55"," 257.15"," 258.39"," 95530"," 246.84"," 1669"," 46988"," 49.19"
FINPIPE," EQ"," 01-Jan-2026"," 174.01"," 175.00"," 175.90"," 172.73"," 175.85"," 175.77"," 174.66"," 317055"," 553.77"," 7903"," 151707"," 47.85"
FIRSTCRY," EQ"," 01-Jan-2026"," 286.90"," 288.80"," 290.05"," 285.30"," 287.00"," 287.05"," 287.28"," 161830"," 464.90"," 8033"," 94267"," 58.25"
FISCHER," EQ"," 01-Jan-2026"," 41.62"," 42.30"," 43.70"," 41.25"," 41.40"," 41.42"," 42.65"," 3822695"," 1630.56"," 7277"," 865848"," 22.65"
FIVESTAR," EQ"," 01-Jan-2026"," 545.35"," 543.55"," 548.85"," 532.45"," 536.00"," 534.35"," 537.45"," 575696"," 3094.06"," 25677"," 306157"," 53.18"
FLAIR," EQ"," 01-Jan-2026"," 315.20"," 320.00"," 320.00"," 310.65"," 311.00"," 311.75"," 315.23"," 56809"," 179.08"," 1908"," 22655"," 39.88"
FLEXIADD," EQ"," 01-Jan-2026"," 10.64"," 10.70"," 10.70"," 10.57"," 10.62"," 10.62"," 10.60"," 248755"," 26.37"," 384"," 111408"," 44.79"
FLEXITUFF," EQ"," 01-Jan-2026"," 12.59"," 13.19"," 13.19"," 12.02"," 12.27"," 12.60"," 12.56"," 14718"," 1.85"," 116"," 7430"," 50.48"
FLFL," BZ"," 01-Jan-2026"," 1.44"," 1.44"," 1.47"," 1.43"," 1.47"," 1.46"," 1.45"," 12893"," 0.19"," 40"," -"," -"
FLUOROCHEM," EQ"," 01-Jan-2026"," 3666.30"," 3665.40"," 3697.70"," 3657.50"," 3690.00"," 3674.90"," 3677.33"," 40208"," 1478.58"," 5144"," 20381"," 50.69"
FLYSBS," SM"," 01-Jan-2026"," 526.35"," 527.00"," 531.00"," 526.60"," 528.60"," 528.85"," 528.39"," 8600"," 45.44"," 22"," 8400"," 97.67"
FMCGIETF," EQ"," 01-Jan-2026"," 59.22"," 59.47"," 59.47"," 57.26"," 57.64"," 57.51"," 57.78"," 5939971"," 3432.32"," 21518"," 4858160"," 81.79"
FMGOETZE," EQ"," 01-Jan-2026"," 466.10"," 463.00"," 473.90"," 461.00"," 462.00"," 464.10"," 466.47"," 37892"," 176.76"," 1594"," 20973"," 55.35"
FMNL," EQ"," 01-Jan-2026"," 8.88"," 9.20"," 9.20"," 8.60"," 8.60"," 8.75"," 8.75"," 53413"," 4.67"," 196"," 37594"," 70.38"
FOCUS," EQ"," 01-Jan-2026"," 73.95"," 75.31"," 75.31"," 73.53"," 74.00"," 74.23"," 74.48"," 26200"," 19.51"," 424"," 19981"," 76.26"
FONEBOX," ST"," 01-Jan-2026"," 90.00"," 90.00"," 90.00"," 90.00"," 90.00"," 90.00"," 90.00"," 1000"," 0.90"," 1"," 1000"," 100.00"
FOODSIN," EQ"," 01-Jan-2026"," 69.46"," 70.10"," 70.17"," 68.00"," 68.70"," 68.39"," 68.75"," 77191"," 53.07"," 828"," 56982"," 73.82"
FORCAS," SM"," 01-Jan-2026"," 121.00"," 121.00"," 121.00"," 115.05"," 115.05"," 115.45"," 116.84"," 6400"," 7.48"," 4"," 4800"," 75.00"
FORCEMOT," EQ"," 01-Jan-2026"," 20566.00"," 20695.00"," 20895.00"," 20455.00"," 20750.00"," 20860.00"," 20709.38"," 63443"," 13138.65"," 17833"," 18503"," 29.16"
FORGEAUTO," SM"," 01-Jan-2026"," 117.00"," 112.50"," 112.50"," 112.50"," 112.50"," 112.50"," 112.50"," 1200"," 1.35"," 1"," 1200"," 100.00"
FORTIS," EQ"," 01-Jan-2026"," 884.00"," 885.00"," 903.00"," 878.00"," 902.20"," 900.55"," 889.20"," 910259"," 8094.01"," 35368"," 427579"," 46.97"
FOSECOIND," EQ"," 01-Jan-2026"," 4970.00"," 5015.00"," 5060.00"," 4877.00"," 4880.10"," 4897.90"," 4935.64"," 1072"," 52.91"," 361"," 555"," 51.77"
FRESHARA," SM"," 01-Jan-2026"," 175.15"," 176.95"," 176.95"," 171.20"," 173.15"," 174.20"," 174.35"," 21600"," 37.66"," 35"," 16200"," 75.00"
FROG," SM"," 01-Jan-2026"," 162.75"," 158.30"," 160.00"," 157.45"," 160.00"," 159.40"," 159.13"," 4400"," 7.00"," 11"," 2400"," 54.55"
FSL," EQ"," 01-Jan-2026"," 335.80"," 337.95"," 337.95"," 332.40"," 334.65"," 334.00"," 334.65"," 218260"," 730.41"," 7825"," 77528"," 35.52"
FUSION," EQ"," 01-Jan-2026"," 156.46"," 156.99"," 159.90"," 155.96"," 159.31"," 159.53"," 157.46"," 121631"," 191.52"," 1674"," 88265"," 72.57"
FWSTC," SM"," 01-Jan-2026"," 223.00"," 226.95"," 227.60"," 220.15"," 223.10"," 223.55"," 224.22"," 96600"," 216.60"," 70"," 58200"," 60.25"
GABRIEL," EQ"," 01-Jan-2026"," 1009.80"," 1017.00"," 1055.00"," 1017.00"," 1038.20"," 1038.90"," 1042.49"," 655120"," 6829.54"," 39838"," 134557"," 20.54"
GAEL," EQ"," 01-Jan-2026"," 137.81"," 137.99"," 138.32"," 133.50"," 133.50"," 134.29"," 135.84"," 983664"," 1336.17"," 14032"," 483032"," 49.11"
GAIL," EQ"," 01-Jan-2026"," 172.16"," 172.00"," 172.50"," 171.04"," 171.68"," 171.77"," 171.69"," 2897460"," 4974.62"," 17951"," 1912725"," 66.01"
GAJANAND," SM"," 01-Jan-2026"," 9.80"," 10.10"," 10.10"," 9.55"," 9.55"," 9.55"," 9.87"," 9000"," 0.89"," 3"," 9000"," 100.00"
GALAPREC," EQ"," 01-Jan-2026"," 776.85"," 786.00"," 799.00"," 772.85"," 781.50"," 782.45"," 780.80"," 6609"," 51.60"," 682"," 3905"," 59.09"
GALAXYSURF," EQ"," 01-Jan-2026"," 2049.40"," 2032.60"," 2052.90"," 2019.90"," 2049.70"," 2034.30"," 2040.84"," 17013"," 347.21"," 1703"," 14325"," 84.20"
GALLANTT," EQ"," 01-Jan-2026"," 538.05"," 535.00"," 542.70"," 532.15"," 535.90"," 538.80"," 538.88"," 66108"," 356.24"," 1684"," 36039"," 54.52"
GANDHAR," EQ"," 01-Jan-2026"," 154.36"," 154.58"," 158.40"," 153.96"," 154.20"," 154.28"," 155.88"," 289507"," 451.27"," 5122"," 111789"," 38.61"
GANDHITUBE," EQ"," 01-Jan-2026"," 765.75"," 768.75"," 814.80"," 763.55"," 802.85"," 796.55"," 795.29"," 8840"," 70.30"," 748"," 5061"," 57.25"
GANECOS," EQ"," 01-Jan-2026"," 850.55"," 860.00"," 864.00"," 840.00"," 841.00"," 840.85"," 843.26"," 36120"," 304.58"," 3499"," 23425"," 64.85"
GANESHBE," EQ"," 01-Jan-2026"," 81.31"," 81.97"," 82.07"," 81.50"," 81.95"," 81.74"," 81.83"," 35077"," 28.70"," 323"," 25824"," 73.62"
GANESHCP," EQ"," 01-Jan-2026"," 227.00"," 227.00"," 230.87"," 225.00"," 225.00"," 226.38"," 227.48"," 34809"," 79.19"," 1536"," 15003"," 43.10"
GANESHHOU," EQ"," 01-Jan-2026"," 802.50"," 802.60"," 805.90"," 799.00"," 805.00"," 803.50"," 802.66"," 9819"," 78.81"," 991"," 5057"," 51.50"
GANESHIN," SM"," 01-Jan-2026"," 132.55"," 145.80"," 145.80"," 138.00"," 145.80"," 145.80"," 145.35"," 951200"," 1382.58"," 417"," 386400"," 40.62"
GANGABATH," SM"," 01-Jan-2026"," 20.95"," 21.00"," 21.00"," 20.90"," 20.90"," 20.90"," 20.93"," 12000"," 2.51"," 4"," 12000"," 100.00"
GANGAFORGE," EQ"," 01-Jan-2026"," 3.60"," 3.65"," 3.72"," 3.60"," 3.70"," 3.65"," 3.66"," 311012"," 11.37"," 839"," 202517"," 65.12"
GANGESSECU," EQ"," 01-Jan-2026"," 134.67"," 134.67"," 139.00"," 133.01"," 136.50"," 137.06"," 137.43"," 194"," 0.27"," 23"," 133"," 68.56"
GARFIBRES," EQ"," 01-Jan-2026"," 697.55"," 697.35"," 702.00"," 695.00"," 699.80"," 696.60"," 698.58"," 16538"," 115.53"," 2792"," 9221"," 55.76"
GARUDA," EQ"," 01-Jan-2026"," 192.94"," 193.90"," 195.70"," 190.50"," 192.25"," 191.26"," 192.76"," 265683"," 512.13"," 5540"," 109253"," 41.12"
GATECH," EQ"," 01-Jan-2026"," 0.54"," 0.54"," 0.56"," 0.54"," 0.56"," 0.55"," 0.55"," 3567927"," 19.55"," 1293"," 2489778"," 69.78"
GATECHDVR," EQ"," 01-Jan-2026"," 0.50"," 0.50"," 0.51"," 0.49"," 0.50"," 0.49"," 0.50"," 740479"," 3.68"," 237"," 504037"," 68.07"
GATEWAY," EQ"," 01-Jan-2026"," 59.66"," 59.60"," 60.59"," 59.60"," 60.33"," 60.40"," 60.19"," 470382"," 283.13"," 4964"," 220427"," 46.86"
GAYAHWS," BE"," 01-Jan-2026"," 2.86"," 2.85"," 2.89"," 2.75"," 2.85"," 2.78"," 2.81"," 375170"," 10.53"," 491"," -"," -"
GCHOTELS," SM"," 01-Jan-2026"," 167.00"," 167.50"," 167.50"," 164.00"," 165.95"," 165.95"," 166.09"," 4200"," 6.98"," 7"," 1800"," 42.86"
GCSL," BE"," 01-Jan-2026"," 357.50"," 345.00"," 345.00"," 342.00"," 342.05"," 342.05"," 344.95"," 1032"," 3.56"," 10"," -"," -"
GEECEE," EQ"," 01-Jan-2026"," 317.35"," 321.10"," 321.10"," 312.25"," 315.90"," 315.75"," 315.73"," 3319"," 10.48"," 210"," 1825"," 54.99"
GEEKAYWIRE," EQ"," 01-Jan-2026"," 34.34"," 34.88"," 35.00"," 33.20"," 33.20"," 33.75"," 33.82"," 41545"," 14.05"," 509"," 24792"," 59.68"
GEMAROMA," EQ"," 01-Jan-2026"," 167.64"," 167.64"," 173.00"," 167.00"," 167.70"," 168.36"," 169.66"," 228638"," 387.91"," 4100"," 118771"," 51.95"
GENCON," EQ"," 01-Jan-2026"," 41.91"," 41.66"," 42.73"," 40.50"," 41.00"," 40.97"," 41.47"," 237757"," 98.61"," 2512"," 134206"," 56.45"
GENESYS," EQ"," 01-Jan-2026"," 436.95"," 435.00"," 439.00"," 421.00"," 424.05"," 424.25"," 427.73"," 263562"," 1127.33"," 6329"," 152224"," 57.76"
GENSOL," BZ"," 01-Jan-2026"," 26.38"," 26.21"," 27.09"," 26.21"," 26.80"," 26.82"," 26.67"," 53525"," 14.27"," 539"," -"," -"
GENUSPAPER," EQ"," 01-Jan-2026"," 12.94"," 12.88"," 13.40"," 12.88"," 13.00"," 12.98"," 13.14"," 113216"," 14.87"," 456"," 74626"," 65.91"
GENUSPOWER," EQ"," 01-Jan-2026"," 301.60"," 302.70"," 302.85"," 297.00"," 298.75"," 298.35"," 299.22"," 189731"," 567.72"," 6960"," 103243"," 54.42"
GEOJITFSL," EQ"," 01-Jan-2026"," 74.23"," 73.80"," 76.00"," 73.80"," 75.80"," 74.33"," 74.44"," 487409"," 362.83"," 3683"," 259368"," 53.21"
GESHIP," EQ"," 01-Jan-2026"," 1129.00"," 1135.00"," 1135.00"," 1110.50"," 1115.00"," 1114.60"," 1118.34"," 225676"," 2523.82"," 10009"," 151545"," 67.15"
GFLLIMITED," EQ"," 01-Jan-2026"," 58.76"," 58.76"," 59.08"," 58.02"," 58.02"," 58.21"," 58.53"," 14191"," 8.31"," 260"," 4483"," 31.59"
GGBL," SM"," 01-Jan-2026"," 315.40"," 316.95"," 326.00"," 314.10"," 324.00"," 324.45"," 322.92"," 35700"," 115.28"," 75"," 26100"," 73.11"
GHCL," EQ"," 01-Jan-2026"," 564.70"," 569.80"," 572.65"," 559.00"," 562.50"," 561.80"," 561.76"," 38290"," 215.10"," 1946"," 18859"," 49.25"
GHCLTEXTIL," EQ"," 01-Jan-2026"," 73.80"," 74.50"," 74.50"," 73.07"," 74.20"," 74.06"," 73.80"," 27965"," 20.64"," 374"," 15940"," 57.00"
GICHSGFIN," EQ"," 01-Jan-2026"," 173.07"," 174.62"," 179.00"," 173.55"," 177.08"," 178.03"," 176.62"," 109332"," 193.11"," 2414"," 52726"," 48.23"
GICL," ST"," 01-Jan-2026"," 46.55"," 46.55"," 48.80"," 44.30"," 48.40"," 47.20"," 45.93"," 453000"," 208.05"," 110"," 399000"," 88.08"
GICRE," EQ"," 01-Jan-2026"," 380.80"," 380.75"," 383.75"," 376.35"," 378.70"," 377.85"," 380.12"," 202794"," 770.87"," 5816"," 95786"," 47.23"
GILLANDERS," EQ"," 01-Jan-2026"," 104.11"," 104.00"," 107.05"," 102.50"," 105.00"," 105.20"," 105.40"," 2711"," 2.86"," 74"," 2090"," 77.09"
GILLETTE," EQ"," 01-Jan-2026"," 8362.50"," 8378.00"," 8389.50"," 8117.00"," 8200.00"," 8152.00"," 8200.07"," 20849"," 1709.63"," 7330"," 11285"," 54.13"
GILT10BETA," EQ"," 01-Jan-2026"," 26.16"," 26.16"," 26.36"," 26.02"," 26.17"," 26.08"," 26.10"," 3168"," 0.83"," 45"," 2287"," 72.19"
GILT5BETA," EQ"," 01-Jan-2026"," 63.47"," 63.78"," 63.78"," 63.19"," 63.19"," 63.19"," 63.26"," 2871"," 1.82"," 17"," 2440"," 84.99"
GILT5YBEES," EQ"," 01-Jan-2026"," 63.57"," 65.15"," 65.95"," 63.40"," 63.62"," 63.58"," 63.57"," 293929"," 186.85"," 1159"," 197256"," 67.11"
GINNIFILA," EQ"," 01-Jan-2026"," 41.44"," 41.96"," 43.48"," 41.50"," 41.99"," 42.23"," 42.75"," 88764"," 37.95"," 1867"," 43902"," 49.46"
GIPCL," EQ"," 01-Jan-2026"," 156.61"," 157.74"," 159.90"," 156.13"," 157.39"," 157.40"," 158.21"," 185992"," 294.26"," 3396"," 89061"," 47.88"
GIRIRAJ," SM"," 01-Jan-2026"," 272.55"," 272.00"," 280.00"," 258.95"," 258.95"," 258.95"," 264.34"," 6500"," 17.18"," 22"," 5750"," 88.46"
GKENERGY," EQ"," 01-Jan-2026"," 147.07"," 149.00"," 154.42"," 147.00"," 154.42"," 154.42"," 152.33"," 847132"," 1290.39"," 6310"," 363690"," 42.93"
GKSL," EQ"," 01-Jan-2026"," 102.97"," 103.11"," 105.44"," 102.40"," 103.51"," 103.44"," 104.00"," 1368827"," 1423.62"," 10482"," 281078"," 20.53"
GKWLIMITED," EQ"," 01-Jan-2026"," 1709.00"," 1710.10"," 1710.20"," 1706.00"," 1706.60"," 1706.60"," 1707.69"," 48"," 0.82"," 9"," 38"," 79.17"
GLAND," EQ"," 01-Jan-2026"," 1722.00"," 1716.60"," 1725.60"," 1695.00"," 1712.50"," 1715.10"," 1707.57"," 21105"," 360.38"," 4038"," 5720"," 27.10"
GLAXO," EQ"," 01-Jan-2026"," 2473.60"," 2476.00"," 2476.00"," 2442.50"," 2455.90"," 2455.90"," 2456.17"," 40789"," 1001.85"," 4133"," 26601"," 65.22"
GLENMARK," EQ"," 01-Jan-2026"," 2035.20"," 2034.00"," 2039.10"," 2011.00"," 2030.00"," 2026.20"," 2022.52"," 278356"," 5629.81"," 18243"," 134497"," 48.32"
GLOBAL," BE"," 01-Jan-2026"," 89.60"," 92.00"," 92.00"," 88.25"," 89.85"," 88.51"," 90.39"," 20595"," 18.62"," 145"," -"," -"
GLOBALE," EQ"," 01-Jan-2026"," 12.34"," 12.34"," 12.49"," 12.11"," 12.44"," 12.30"," 12.37"," 23831"," 2.95"," 86"," 22218"," 93.23"
GLOBALPET," SM"," 01-Jan-2026"," 116.00"," 120.00"," 120.00"," 120.00"," 120.00"," 120.00"," 120.00"," 750"," 0.90"," 1"," 750"," 100.00"
GLOBALVECT," EQ"," 01-Jan-2026"," 196.16"," 197.42"," 204.70"," 196.00"," 204.69"," 200.97"," 198.97"," 9121"," 18.15"," 390"," 6862"," 75.23"
GLOBE," EQ"," 01-Jan-2026"," 2.88"," 2.95"," 2.96"," 2.81"," 2.94"," 2.94"," 2.91"," 1399984"," 40.71"," 521"," 1140130"," 81.44"
GLOBECIVIL," EQ"," 01-Jan-2026"," 60.41"," 60.50"," 60.79"," 59.04"," 59.34"," 59.30"," 59.55"," 44267"," 26.36"," 667"," 28338"," 64.02"
GLOBUSSPR," EQ"," 01-Jan-2026"," 1064.70"," 1063.10"," 1095.00"," 1056.10"," 1078.00"," 1074.80"," 1075.16"," 195777"," 2104.91"," 12840"," 49771"," 25.42"
GLOSTERLTD," EQ"," 01-Jan-2026"," 667.25"," 675.05"," 675.05"," 660.50"," 670.00"," 668.05"," 665.02"," 1724"," 11.46"," 201"," 1006"," 58.35"
GLOTTIS," EQ"," 01-Jan-2026"," 61.55"," 62.00"," 62.20"," 58.97"," 59.22"," 59.25"," 60.48"," 773254"," 467.68"," 2960"," 444428"," 57.48"
GMBREW," EQ"," 01-Jan-2026"," 1207.50"," 1196.00"," 1228.80"," 1195.30"," 1202.10"," 1208.50"," 1213.51"," 146463"," 1777.34"," 7512"," 49471"," 33.78"
GMDCLTD," EQ"," 01-Jan-2026"," 598.75"," 598.95"," 609.75"," 594.05"," 598.90"," 599.50"," 601.67"," 2964686"," 17837.58"," 42925"," 716523"," 24.17"
GML," SM"," 01-Jan-2026"," 21.60"," 21.75"," 21.75"," 21.75"," 21.75"," 21.75"," 21.75"," 2000"," 0.44"," 1"," 2000"," 100.00"
GMMPFAUDLR," EQ"," 01-Jan-2026"," 1104.50"," 1105.80"," 1107.10"," 1082.00"," 1083.90"," 1085.10"," 1092.10"," 13760"," 150.27"," 1959"," 6451"," 46.88"
GMRAIRPORT," EQ"," 01-Jan-2026"," 104.37"," 104.38"," 105.78"," 103.78"," 105.36"," 105.50"," 105.10"," 8598840"," 9037.56"," 27558"," 3657242"," 42.53"
GMRP&UI," EQ"," 01-Jan-2026"," 111.31"," 111.78"," 112.07"," 110.26"," 111.27"," 111.28"," 111.01"," 628021"," 697.18"," 6061"," 268715"," 42.79"
GNA," EQ"," 01-Jan-2026"," 298.15"," 299.70"," 305.00"," 299.55"," 304.00"," 303.75"," 302.21"," 33050"," 99.88"," 1244"," 20643"," 62.46"
GNFC," EQ"," 01-Jan-2026"," 493.75"," 493.75"," 495.00"," 489.05"," 491.00"," 490.50"," 491.27"," 56384"," 277.00"," 3453"," 30713"," 54.47"
GOACARBON," EQ"," 01-Jan-2026"," 424.85"," 429.00"," 439.90"," 422.45"," 426.30"," 424.85"," 430.83"," 57963"," 249.72"," 3120"," 16039"," 27.67"
GOCLCORP," EQ"," 01-Jan-2026"," 294.10"," 291.10"," 294.75"," 288.10"," 291.90"," 291.00"," 291.19"," 16066"," 46.78"," 1105"," 8205"," 51.07"
GOCOLORS," EQ"," 01-Jan-2026"," 461.90"," 461.90"," 461.90"," 455.55"," 457.25"," 458.50"," 458.43"," 19483"," 89.32"," 1438"," 9770"," 50.15"
GODAVARIB," EQ"," 01-Jan-2026"," 279.26"," 285.00"," 295.90"," 284.80"," 288.00"," 288.65"," 290.34"," 204851"," 594.76"," 6576"," 85709"," 41.84"
GODFRYPHLP," EQ"," 01-Jan-2026"," 2762.30"," 2750.00"," 2753.70"," 2230.30"," 2288.00"," 2290.50"," 2364.36"," 7660539"," 181122.91"," 428025"," 1839881"," 24.02"
GODIGIT," EQ"," 01-Jan-2026"," 344.60"," 345.95"," 347.95"," 341.60"," 347.75"," 346.80"," 345.67"," 100445"," 347.21"," 4744"," 59791"," 59.53"
GODREJAGRO," EQ"," 01-Jan-2026"," 571.20"," 571.95"," 573.05"," 566.05"," 568.00"," 568.25"," 568.79"," 55558"," 316.01"," 3064"," 24103"," 43.38"
GODREJCP," EQ"," 01-Jan-2026"," 1222.20"," 1225.00"," 1245.80"," 1214.40"," 1239.60"," 1243.40"," 1237.32"," 644338"," 7972.52"," 17007"," 373696"," 58.00"
GODREJIND," EQ"," 01-Jan-2026"," 1002.40"," 1002.00"," 1036.00"," 994.20"," 1035.30"," 1030.10"," 1023.59"," 143073"," 1464.48"," 10228"," 54418"," 38.04"
GODREJPROP," EQ"," 01-Jan-2026"," 2004.40"," 2010.00"," 2029.90"," 1996.60"," 2017.20"," 2015.30"," 2016.00"," 279220"," 5629.09"," 12710"," 162689"," 58.27"
GOKEX," EQ"," 01-Jan-2026"," 742.10"," 742.10"," 747.00"," 728.15"," 730.00"," 732.10"," 732.86"," 463218"," 3394.75"," 10102"," 365404"," 78.88"
GOKUL," EQ"," 01-Jan-2026"," 38.25"," 38.45"," 38.90"," 37.58"," 37.79"," 37.98"," 37.97"," 17371"," 6.60"," 244"," 13694"," 78.83"
GOKULAGRO," EQ"," 01-Jan-2026"," 179.29"," 180.68"," 186.02"," 178.00"," 179.85"," 179.00"," 181.28"," 426959"," 774.00"," 8030"," 107592"," 25.20"
GOLD1," EQ"," 01-Jan-2026"," 110.68"," 112.00"," 112.00"," 110.03"," 111.24"," 111.29"," 111.05"," 1457757"," 1618.88"," 5987"," 1000380"," 68.62"
GOLD360," EQ"," 01-Jan-2026"," 129.95"," 130.55"," 132.60"," 129.65"," 129.65"," 130.20"," 130.58"," 17684"," 23.09"," 321"," 12420"," 70.23"
GOLDADD," EQ"," 01-Jan-2026"," 129.84"," 130.40"," 130.40"," 129.21"," 129.73"," 129.68"," 129.57"," 576820"," 747.41"," 734"," 517315"," 89.68"
GOLDBEES," EQ"," 01-Jan-2026"," 110.11"," 110.35"," 110.65"," 109.70"," 110.54"," 110.52"," 110.37"," 24308237"," 26829.33"," 107784"," 16903171"," 69.54"
GOLDBETA," EQ"," 01-Jan-2026"," 115.80"," 115.65"," 115.65"," 111.80"," 112.40"," 112.25"," 112.29"," 2525343"," 2835.75"," 8060"," 2206411"," 87.37"
GOLDBND," EQ"," 01-Jan-2026"," 132.85"," 132.85"," 133.50"," 132.85"," 133.00"," 133.26"," 133.32"," 2332"," 3.11"," 39"," 2239"," 96.01"
GOLDCASE," EQ"," 01-Jan-2026"," 20.98"," 21.49"," 21.49"," 20.35"," 21.01"," 21.01"," 20.99"," 9284130"," 1948.72"," 14138"," 6276743"," 67.61"
GOLDENTOBC," BZ"," 01-Jan-2026"," 31.87"," 32.00"," 32.32"," 31.00"," 31.95"," 31.95"," 31.95"," 1382"," 0.44"," 34"," -"," -"
GOLDETF," EQ"," 01-Jan-2026"," 129.94"," 129.98"," 129.98"," 129.30"," 129.65"," 129.72"," 129.61"," 1004366"," 1301.79"," 4611"," 767919"," 76.46"
GOLDIAM," EQ"," 01-Jan-2026"," 362.55"," 361.85"," 364.15"," 360.10"," 363.00"," 362.80"," 362.46"," 121072"," 438.83"," 4109"," 49547"," 40.92"
GOLDIETF," EQ"," 01-Jan-2026"," 114.29"," 114.29"," 114.62"," 113.31"," 114.50"," 114.48"," 114.35"," 5614684"," 6420.50"," 29188"," 4616998"," 82.23"
GOLDSTAR," SM"," 01-Jan-2026"," 7.00"," 7.00"," 7.00"," 6.80"," 6.80"," 6.80"," 6.85"," 56250"," 3.85"," 5"," 45000"," 80.00"
GOLDTECH," EQ"," 01-Jan-2026"," 50.74"," 51.40"," 51.40"," 50.10"," 50.85"," 50.85"," 50.73"," 14885"," 7.55"," 305"," 12097"," 81.27"
GOODLUCK," EQ"," 01-Jan-2026"," 1087.70"," 1095.30"," 1095.30"," 1063.00"," 1063.00"," 1064.70"," 1071.58"," 40341"," 432.29"," 3361"," 20637"," 51.16"
GOPAL," EQ"," 01-Jan-2026"," 313.50"," 312.50"," 314.60"," 310.70"," 314.55"," 312.65"," 312.82"," 35376"," 110.66"," 1083"," 12375"," 34.98"
GOYALALUM," EQ"," 01-Jan-2026"," 6.96"," 7.09"," 7.18"," 6.71"," 7.18"," 7.08"," 7.01"," 177473"," 12.45"," 873"," 108799"," 61.30"
GOYALSALT," SM"," 01-Jan-2026"," 160.45"," 163.00"," 163.00"," 163.00"," 163.00"," 163.00"," 163.00"," 600"," 0.98"," 1"," 600"," 100.00"
GPECO," SM"," 01-Jan-2026"," 420.30"," 414.00"," 415.00"," 413.05"," 415.00"," 413.70"," 413.62"," 2200"," 9.10"," 11"," 2200"," 100.00"
GPIL," EQ"," 01-Jan-2026"," 266.07"," 265.20"," 270.00"," 262.00"," 265.95"," 266.60"," 265.87"," 1520198"," 4041.80"," 18786"," 672473"," 44.24"
GPPL," EQ"," 01-Jan-2026"," 182.03"," 182.00"," 182.50"," 180.25"," 182.35"," 182.14"," 181.87"," 414837"," 754.46"," 7563"," 208491"," 50.26"
GPTHEALTH," EQ"," 01-Jan-2026"," 140.35"," 140.00"," 141.87"," 139.51"," 140.05"," 140.19"," 140.43"," 57075"," 80.15"," 1716"," 38767"," 67.92"
GPTINFRA," EQ"," 01-Jan-2026"," 111.71"," 111.00"," 111.79"," 109.08"," 109.98"," 109.49"," 110.27"," 261121"," 287.94"," 3610"," 96824"," 37.08"
GRANULES," EQ"," 01-Jan-2026"," 598.50"," 600.40"," 620.00"," 600.05"," 619.90"," 619.20"," 614.41"," 1156936"," 7108.30"," 26217"," 370791"," 32.05"
GRAPHISAD," SM"," 01-Jan-2026"," 47.65"," 47.75"," 49.80"," 45.30"," 46.60"," 48.90"," 47.33"," 100800"," 47.71"," 68"," 37200"," 36.90"
GRAPHITE," EQ"," 01-Jan-2026"," 641.70"," 644.00"," 663.30"," 635.65"," 648.60"," 648.15"," 648.26"," 4033522"," 26147.78"," 68143"," 629093"," 15.60"
GRASIM," EQ"," 01-Jan-2026"," 2829.00"," 2833.00"," 2854.90"," 2822.30"," 2851.70"," 2851.70"," 2838.14"," 449775"," 12765.24"," 20750"," 284533"," 63.26"
GRAVITA," EQ"," 01-Jan-2026"," 1857.80"," 1867.00"," 1875.00"," 1838.50"," 1865.00"," 1858.50"," 1852.19"," 90386"," 1674.12"," 10480"," 37483"," 41.47"
GREAVESCOT," EQ"," 01-Jan-2026"," 191.70"," 192.50"," 195.49"," 192.43"," 193.38"," 193.21"," 193.71"," 750479"," 1453.77"," 8789"," 280150"," 37.33"
GREENCHEF," SM"," 01-Jan-2026"," 57.00"," 56.50"," 57.15"," 56.50"," 57.15"," 57.15"," 56.83"," 1600"," 0.91"," 2"," 800"," 50.00"
GREENLAM," EQ"," 01-Jan-2026"," 242.80"," 245.40"," 245.40"," 240.61"," 243.50"," 242.42"," 242.18"," 6816"," 16.51"," 464"," 3580"," 52.52"
GREENLEAF," SM"," 01-Jan-2026"," 168.95"," 168.45"," 172.75"," 168.45"," 171.10"," 171.55"," 170.95"," 11000"," 18.81"," 11"," 7000"," 63.64"
GREENPANEL," EQ"," 01-Jan-2026"," 229.16"," 230.90"," 231.79"," 225.16"," 230.00"," 230.92"," 229.23"," 157103"," 360.12"," 6435"," 100705"," 64.10"
GREENPLY," EQ"," 01-Jan-2026"," 268.40"," 269.90"," 271.00"," 265.00"," 268.25"," 268.25"," 268.15"," 103084"," 276.42"," 3528"," 45882"," 44.51"
GREENPOWER," EQ"," 01-Jan-2026"," 11.53"," 11.50"," 11.65"," 11.46"," 11.62"," 11.58"," 11.57"," 2365162"," 273.70"," 4641"," 1076369"," 45.51"
GRINDWELL," EQ"," 01-Jan-2026"," 1564.10"," 1565.00"," 1589.00"," 1547.90"," 1565.00"," 1558.20"," 1571.05"," 53162"," 835.20"," 5842"," 21480"," 40.40"
GRINFRA," EQ"," 01-Jan-2026"," 998.70"," 998.70"," 1002.95"," 993.10"," 1000.00"," 999.70"," 998.70"," 6058"," 60.50"," 965"," 3744"," 61.80"
GRMOVER," EQ"," 01-Jan-2026"," 162.85"," 162.00"," 162.69"," 160.00"," 161.13"," 161.46"," 161.38"," 977349"," 1577.23"," 3337"," 270106"," 27.64"
GROBTEA," EQ"," 01-Jan-2026"," 998.10"," 997.00"," 1031.60"," 958.10"," 997.00"," 982.90"," 1001.95"," 136"," 1.36"," 31"," 105"," 77.21"
GROWW," EQ"," 01-Jan-2026"," 156.17"," 156.23"," 157.10"," 153.92"," 155.34"," 155.30"," 155.02"," 10837426"," 16800.13"," 58645"," 2592260"," 23.92"
GROWWCAPM," EQ"," 01-Jan-2026"," 9.83"," 9.83"," 9.84"," 9.72"," 9.77"," 9.77"," 9.76"," 197292"," 19.26"," 726"," 165809"," 84.04"
GROWWDEFNC," EQ"," 01-Jan-2026"," 77.34"," 77.72"," 77.80"," 76.70"," 77.23"," 77.27"," 77.16"," 116504"," 89.89"," 2305"," 99137"," 85.09"
GROWWEV," EQ"," 01-Jan-2026"," 31.41"," 31.99"," 32.35"," 31.23"," 31.40"," 31.56"," 31.52"," 164904"," 51.98"," 1638"," 150737"," 91.41"
GROWWGOLD," EQ"," 01-Jan-2026"," 130.41"," 129.22"," 131.19"," 129.21"," 130.50"," 130.59"," 130.64"," 219385"," 286.61"," 3863"," 112978"," 51.50"
GROWWLIQID," EQ"," 01-Jan-2026"," 107.26"," 107.28"," 107.28"," 107.27"," 107.28"," 107.27"," 107.27"," 659185"," 707.12"," 271"," 448506"," 68.04"
GROWWLOVOL," EQ"," 01-Jan-2026"," 10.71"," 10.76"," 10.89"," 10.69"," 10.77"," 10.76"," 10.78"," 9208"," 0.99"," 129"," 6639"," 72.10"
GROWWMC150," EQ"," 01-Jan-2026"," 223.00"," 223.22"," 223.30"," 221.00"," 222.10"," 222.54"," 222.72"," 712"," 1.59"," 47"," 686"," 96.35"
GROWWMETAL," EQ"," 01-Jan-2026"," 10.62"," 10.88"," 10.90"," 10.58"," 10.90"," 10.71"," 10.68"," 1254769"," 134.05"," 2149"," 1017740"," 81.11"
GROWWMOM50," EQ"," 01-Jan-2026"," 10.57"," 10.73"," 10.73"," 10.51"," 10.62"," 10.61"," 10.56"," 97224"," 10.27"," 576"," 73804"," 75.91"
GROWWN200," EQ"," 01-Jan-2026"," 11.72"," 12.01"," 12.01"," 11.69"," 11.77"," 11.76"," 11.75"," 69461"," 8.16"," 458"," 55343"," 79.67"
GROWWNET," EQ"," 01-Jan-2026"," 10.39"," 10.70"," 10.70"," 10.36"," 10.42"," 10.45"," 10.45"," 137052"," 14.33"," 582"," 112893"," 82.37"
GROWWNIFTY," EQ"," 01-Jan-2026"," 10.48"," 10.58"," 10.58"," 10.45"," 10.50"," 10.48"," 10.49"," 240118"," 25.20"," 1268"," 189657"," 78.98"
GROWWNXT50," EQ"," 01-Jan-2026"," 69.23"," 69.23"," 69.85"," 67.50"," 69.85"," 69.83"," 69.54"," 5869"," 4.08"," 170"," 3542"," 60.35"
GROWWPOWER," EQ"," 01-Jan-2026"," 9.79"," 9.88"," 9.90"," 9.75"," 9.89"," 9.88"," 9.85"," 670383"," 66.05"," 910"," 582809"," 86.94"
GROWWRAIL," EQ"," 01-Jan-2026"," 35.36"," 35.36"," 35.67"," 35.17"," 35.44"," 35.41"," 35.32"," 555840"," 196.34"," 2194"," 471565"," 84.84"
GROWWRLTY," EQ"," 01-Jan-2026"," 9.83"," 9.91"," 9.93"," 9.78"," 9.92"," 9.91"," 9.85"," 98554"," 9.71"," 320"," 82037"," 83.24"
GROWWSC250," EQ"," 01-Jan-2026"," 9.56"," 9.64"," 9.65"," 9.52"," 9.61"," 9.59"," 9.60"," 71752"," 6.89"," 451"," 53558"," 74.64"
GROWWSLVR," EQ"," 01-Jan-2026"," 220.24"," 220.25"," 223.09"," 218.60"," 220.67"," 219.86"," 220.68"," 548365"," 1210.11"," 7137"," 169526"," 30.91"
GRPLTD," EQ"," 01-Jan-2026"," 1794.60"," 1790.00"," 1815.00"," 1782.10"," 1814.00"," 1805.70"," 1800.26"," 585"," 10.53"," 176"," 401"," 68.55"
GRSE," EQ"," 01-Jan-2026"," 2444.10"," 2450.00"," 2456.50"," 2406.00"," 2447.00"," 2442.10"," 2434.17"," 641933"," 15625.73"," 30168"," 114404"," 17.82"
GRWRHITECH," EQ"," 01-Jan-2026"," 3109.90"," 3115.00"," 3149.00"," 3075.00"," 3097.80"," 3099.80"," 3104.96"," 25136"," 780.46"," 4011"," 10957"," 43.59"
GSEC10ABSL," EQ"," 01-Jan-2026"," 110.03"," 110.25"," 110.26"," 109.77"," 109.77"," 109.77"," 109.95"," 14"," 0.02"," 5"," 9"," 64.29"
GSEC10IETF," EQ"," 01-Jan-2026"," 258.71"," 259.41"," 259.41"," 258.26"," 258.26"," 258.51"," 258.65"," 416"," 1.08"," 15"," 344"," 82.69"
GSEC10YEAR," EQ"," 01-Jan-2026"," 29.54"," 29.63"," 29.66"," 29.52"," 29.66"," 29.66"," 29.63"," 861"," 0.26"," 28"," 789"," 91.64"
GSEC5IETF," EQ"," 01-Jan-2026"," 63.98"," 63.93"," 63.94"," 63.68"," 63.71"," 63.83"," 63.78"," 1642"," 1.05"," 39"," 1224"," 74.54"
GSFC," EQ"," 01-Jan-2026"," 182.54"," 183.45"," 183.65"," 181.01"," 182.60"," 181.98"," 182.11"," 355002"," 646.49"," 5081"," 145883"," 41.09"
GSLSU," BE"," 01-Jan-2026"," 100.50"," 99.00"," 101.78"," 99.00"," 100.95"," 100.66"," 100.93"," 8749"," 8.83"," 82"," -"," -"
GSMFOILS," SM"," 01-Jan-2026"," 203.50"," 203.00"," 206.00"," 203.00"," 203.00"," 203.00"," 205.08"," 4500"," 9.23"," 9"," 4000"," 88.89"
GSPL," EQ"," 01-Jan-2026"," 306.25"," 308.00"," 314.65"," 306.00"," 312.15"," 311.95"," 311.37"," 492447"," 1533.31"," 16288"," 212341"," 43.12"
GSS," EQ"," 01-Jan-2026"," 15.90"," 16.40"," 16.80"," 15.85"," 16.24"," 16.39"," 16.31"," 129097"," 21.05"," 468"," 73952"," 57.28"
GSTL," ST"," 01-Jan-2026"," 14.45"," 14.45"," 14.70"," 14.45"," 14.70"," 14.70"," 14.59"," 12000"," 1.75"," 10"," 12000"," 100.00"
GTECJAINX," EQ"," 01-Jan-2026"," 24.01"," 24.00"," 25.30"," 23.52"," 23.52"," 23.68"," 24.36"," 1171"," 0.29"," 35"," 518"," 44.24"
GTL," EQ"," 01-Jan-2026"," 8.04"," 8.01"," 8.16"," 8.01"," 8.09"," 8.08"," 8.09"," 106104"," 8.58"," 479"," 81249"," 76.57"
GTLINFRA," EQ"," 01-Jan-2026"," 1.16"," 1.17"," 1.24"," 1.16"," 1.24"," 1.21"," 1.19"," 40668631"," 485.60"," 9675"," 17526275"," 43.10"
GTPL," EQ"," 01-Jan-2026"," 99.60"," 97.50"," 100.30"," 97.50"," 98.18"," 98.57"," 98.98"," 4122"," 4.08"," 291"," 2502"," 60.70"
GUFICBIO," EQ"," 01-Jan-2026"," 336.00"," 337.00"," 342.90"," 333.15"," 342.50"," 341.40"," 340.45"," 20871"," 71.06"," 1647"," 9822"," 47.06"
GUJALKALI," EQ"," 01-Jan-2026"," 504.25"," 506.75"," 507.00"," 494.70"," 504.00"," 500.95"," 501.66"," 20633"," 103.51"," 1229"," 11871"," 57.53"
GUJAPOLLO," EQ"," 01-Jan-2026"," 416.40"," 416.60"," 419.50"," 410.30"," 417.00"," 413.70"," 413.97"," 4399"," 18.21"," 544"," 2048"," 46.56"
GUJGASLTD," EQ"," 01-Jan-2026"," 412.20"," 415.00"," 421.60"," 412.90"," 420.35"," 420.75"," 418.64"," 580364"," 2429.61"," 20999"," 223772"," 38.56"
GUJRAFFIA," BE"," 01-Jan-2026"," 48.51"," 47.99"," 49.48"," 47.99"," 49.48"," 49.48"," 48.61"," 6371"," 3.10"," 31"," -"," -"
GUJTHEM," EQ"," 01-Jan-2026"," 441.65"," 441.65"," 445.00"," 433.20"," 438.05"," 440.55"," 437.56"," 41967"," 183.63"," 2118"," 23945"," 57.06"
GULFOILLUB," EQ"," 01-Jan-2026"," 1200.40"," 1204.00"," 1223.40"," 1198.70"," 1212.10"," 1215.80"," 1212.97"," 59077"," 716.58"," 5079"," 40546"," 68.63"
GULFPETRO," EQ"," 01-Jan-2026"," 35.19"," 35.00"," 35.79"," 34.40"," 35.20"," 34.74"," 34.98"," 53647"," 18.76"," 541"," 29740"," 55.44"
GULPOLY," EQ"," 01-Jan-2026"," 141.77"," 142.27"," 142.27"," 138.36"," 141.50"," 140.34"," 140.09"," 42125"," 59.01"," 1783"," 27677"," 65.70"
GURUNANAK," SM"," 01-Jan-2026"," 33.15"," 31.80"," 33.15"," 31.80"," 32.50"," 32.80"," 32.51"," 12800"," 4.16"," 8"," 8000"," 62.50"
GVKPIL," BE"," 01-Jan-2026"," 3.06"," 3.06"," 3.12"," 3.01"," 3.12"," 3.12"," 3.08"," 511573"," 15.77"," 687"," -"," -"
GVPIL," EQ"," 01-Jan-2026"," 321.35"," 323.95"," 327.50"," 317.30"," 325.00"," 324.85"," 323.50"," 104481"," 338.00"," 2914"," 51916"," 49.69"
GVPTECH," EQ"," 01-Jan-2026"," 8.89"," 9.29"," 9.29"," 8.81"," 8.95"," 8.96"," 9.00"," 7975"," 0.72"," 128"," 6196"," 77.69"
GVPTECHPP," E1"," 01-Jan-2026"," 4.00"," 4.71"," 4.78"," 4.00"," 4.62"," 4.62"," 4.49"," 11235"," 0.50"," 88"," 7704"," 68.57"
GVT&D," EQ"," 01-Jan-2026"," 3132.50"," 3135.90"," 3184.90"," 3125.40"," 3170.00"," 3164.50"," 3156.83"," 214019"," 6756.22"," 30633"," 96400"," 45.04"
HAL," EQ"," 01-Jan-2026"," 4388.70"," 4388.70"," 4414.40"," 4342.60"," 4400.00"," 4397.90"," 4380.42"," 384408"," 16838.69"," 24895"," 177477"," 46.17"
HALEOSLABS," BE"," 01-Jan-2026"," 1324.00"," 1291.10"," 1310.00"," 1291.10"," 1310.00"," 1310.00"," 1307.14"," 33"," 0.43"," 4"," -"," -"
HAPPSTMNDS," EQ"," 01-Jan-2026"," 460.40"," 462.95"," 462.95"," 455.40"," 456.30"," 455.95"," 456.95"," 144028"," 658.14"," 8307"," 83233"," 57.79"
HAPPYFORGE," EQ"," 01-Jan-2026"," 1149.10"," 1149.10"," 1164.70"," 1139.10"," 1159.50"," 1155.90"," 1152.29"," 35825"," 412.81"," 4004"," 8583"," 23.96"
HARDWYN," EQ"," 01-Jan-2026"," 16.87"," 16.96"," 17.39"," 16.55"," 17.00"," 16.76"," 16.83"," 640544"," 107.82"," 1254"," 209830"," 32.76"
HARIOMPIPE," EQ"," 01-Jan-2026"," 374.55"," 370.40"," 386.00"," 368.05"," 382.55"," 382.85"," 377.20"," 114402"," 431.53"," 4253"," 53529"," 46.79"
HARRMALAYA," EQ"," 01-Jan-2026"," 167.99"," 170.63"," 170.63"," 165.02"," 167.80"," 166.85"," 167.48"," 2633"," 4.41"," 164"," 1910"," 72.54"
HARSHA," EQ"," 01-Jan-2026"," 375.60"," 376.55"," 391.95"," 375.25"," 389.40"," 389.95"," 387.10"," 59874"," 231.77"," 2427"," 26409"," 44.11"
HATHWAY," EQ"," 01-Jan-2026"," 12.43"," 12.46"," 12.58"," 12.41"," 12.45"," 12.45"," 12.48"," 899375"," 112.25"," 2454"," 404367"," 44.96"
HATSUN," EQ"," 01-Jan-2026"," 977.20"," 977.20"," 981.40"," 970.00"," 974.50"," 973.85"," 975.40"," 6649"," 64.85"," 1142"," 3132"," 47.10"
HAVELLS," EQ"," 01-Jan-2026"," 1424.90"," 1430.60"," 1432.90"," 1413.80"," 1419.50"," 1417.50"," 1419.58"," 320747"," 4553.26"," 12672"," 247792"," 77.25"
HAVISHA," EQ"," 01-Jan-2026"," 1.81"," 1.81"," 1.87"," 1.70"," 1.86"," 1.82"," 1.77"," 32600"," 0.58"," 144"," 21097"," 64.71"
HBLENGINE," EQ"," 01-Jan-2026"," 926.60"," 928.00"," 931.40"," 915.55"," 921.00"," 919.30"," 920.80"," 522197"," 4808.37"," 15541"," 184645"," 35.36"
HBSL," BE"," 01-Jan-2026"," 72.00"," 72.00"," 74.80"," 71.50"," 73.97"," 73.49"," 72.12"," 1675"," 1.21"," 36"," -"," -"
HCC," EQ"," 01-Jan-2026"," 18.94"," 19.05"," 19.36"," 18.84"," 19.05"," 19.04"," 19.03"," 21927089"," 4172.19"," 21811"," 7627993"," 34.79"
HCG," EQ"," 01-Jan-2026"," 662.00"," 667.80"," 667.80"," 651.10"," 652.00"," 652.80"," 658.54"," 90864"," 598.37"," 6816"," 53812"," 59.22"
HCL-INSYS," EQ"," 01-Jan-2026"," 13.29"," 13.50"," 13.50"," 13.25"," 13.28"," 13.28"," 13.32"," 115950"," 15.44"," 690"," 94007"," 81.08"
HCLTECH," EQ"," 01-Jan-2026"," 1623.30"," 1622.90"," 1645.70"," 1618.40"," 1632.00"," 1634.50"," 1636.32"," 773806"," 12661.96"," 37755"," 386921"," 50.00"
HDBFS," EQ"," 01-Jan-2026"," 765.55"," 766.00"," 766.40"," 760.15"," 764.00"," 764.05"," 763.67"," 210702"," 1609.06"," 9170"," 126344"," 59.96"
HDFCAMC," EQ"," 01-Jan-2026"," 2672.20"," 2674.80"," 2682.00"," 2635.50"," 2650.00"," 2648.20"," 2646.86"," 344128"," 9108.58"," 25724"," 198534"," 57.69"
HDFCBANK," EQ"," 01-Jan-2026"," 991.20"," 993.50"," 997.55"," 989.50"," 991.15"," 991.15"," 991.88"," 7132074"," 70741.48"," 126886"," 2485813"," 34.85"
HDFCBSE500," EQ"," 01-Jan-2026"," 38.20"," 38.50"," 38.50"," 38.21"," 38.28"," 38.25"," 38.28"," 7085"," 2.71"," 181"," 4447"," 62.77"
HDFCGOLD," EQ"," 01-Jan-2026"," 113.71"," 114.93"," 114.93"," 113.53"," 114.04"," 114.10"," 113.94"," 4265213"," 4859.76"," 11513"," 2992738"," 70.17"
HDFCGROWTH," EQ"," 01-Jan-2026"," 130.05"," 130.70"," 130.75"," 129.35"," 130.75"," 130.38"," 130.15"," 5781"," 7.52"," 134"," 5564"," 96.25"
HDFCLIFE," EQ"," 01-Jan-2026"," 749.85"," 750.00"," 753.40"," 746.90"," 750.85"," 750.10"," 749.68"," 820228"," 6149.10"," 23640"," 484839"," 59.11"
HDFCLIQUID," EQ"," 01-Jan-2026"," 1042.38"," 1042.52"," 1042.52"," 1042.48"," 1042.52"," 1042.51"," 1042.51"," 15060"," 157.00"," 72"," 13047"," 86.63"
HDFCLOWVOL," EQ"," 01-Jan-2026"," 21.55"," 21.63"," 21.63"," 21.49"," 21.62"," 21.58"," 21.55"," 4415"," 0.95"," 102"," 3200"," 72.48"
HDFCMID150," EQ"," 01-Jan-2026"," 22.50"," 23.06"," 23.06"," 22.39"," 22.61"," 22.58"," 22.55"," 227311"," 51.25"," 1256"," 186464"," 82.03"
HDFCMOMENT," EQ"," 01-Jan-2026"," 31.38"," 31.48"," 31.56"," 31.17"," 31.56"," 31.48"," 31.40"," 163276"," 51.26"," 686"," 122792"," 75.21"
HDFCNEXT50," EQ"," 01-Jan-2026"," 70.60"," 70.52"," 70.99"," 70.52"," 70.96"," 70.96"," 70.79"," 23874"," 16.90"," 508"," 18223"," 76.33"
HDFCNIF100," EQ"," 01-Jan-2026"," 27.39"," 27.39"," 27.57"," 27.39"," 27.54"," 27.53"," 27.51"," 17042"," 4.69"," 273"," 12414"," 72.84"
HDFCNIFBAN," EQ"," 01-Jan-2026"," 61.19"," 61.13"," 61.33"," 61.05"," 61.20"," 61.18"," 61.19"," 25348"," 15.51"," 386"," 21083"," 83.17"
HDFCNIFIT," EQ"," 01-Jan-2026"," 40.06"," 40.06"," 40.42"," 40.00"," 40.19"," 40.22"," 40.18"," 142815"," 57.39"," 232"," 139068"," 97.38"
HDFCNIFTY," EQ"," 01-Jan-2026"," 292.49"," 299.80"," 299.80"," 292.10"," 292.29"," 292.34"," 292.68"," 29111"," 85.20"," 750"," 21838"," 75.02"
HDFCPSUBK," EQ"," 01-Jan-2026"," 86.03"," 86.23"," 86.84"," 85.63"," 86.50"," 86.48"," 86.46"," 48531"," 41.96"," 190"," 37688"," 77.66"
HDFCPVTBAN," EQ"," 01-Jan-2026"," 29.11"," 29.25"," 29.26"," 29.11"," 29.23"," 29.18"," 29.19"," 13560"," 3.96"," 330"," 9929"," 73.22"
HDFCQUAL," EQ"," 01-Jan-2026"," 60.41"," 60.71"," 60.71"," 60.03"," 60.25"," 60.21"," 60.24"," 9437"," 5.68"," 143"," 5137"," 54.43"
HDFCSENSEX," EQ"," 01-Jan-2026"," 96.08"," 96.30"," 96.39"," 95.83"," 96.10"," 96.16"," 96.16"," 20165"," 19.39"," 447"," 13471"," 66.80"
HDFCSILVER," EQ"," 01-Jan-2026"," 216.04"," 217.56"," 217.87"," 213.01"," 215.49"," 215.18"," 215.41"," 6340699"," 13658.66"," 22434"," 2691481"," 42.45"
HDFCSML250," EQ"," 01-Jan-2026"," 167.71"," 168.07"," 168.46"," 167.08"," 167.77"," 167.53"," 167.65"," 569348"," 954.49"," 6996"," 417100"," 73.26"
HDFCVALUE," EQ"," 01-Jan-2026"," 140.09"," 140.24"," 140.24"," 139.16"," 139.41"," 139.45"," 139.46"," 20136"," 28.08"," 92"," 20136"," 100.00"
HDIL," BZ"," 01-Jan-2026"," 2.40"," 2.40"," 2.44"," 2.39"," 2.40"," 2.40"," 2.42"," 39392"," 0.95"," 129"," -"," -"
HEADSUP," EQ"," 01-Jan-2026"," 9.22"," 9.22"," 9.22"," 9.00"," 9.11"," 9.13"," 9.11"," 1567"," 0.14"," 39"," 869"," 55.46"
HEALTHADD," EQ"," 01-Jan-2026"," 147.65"," 147.52"," 147.52"," 146.69"," 147.29"," 147.29"," 147.13"," 920"," 1.35"," 34"," 577"," 62.72"
HEALTHIETF," EQ"," 01-Jan-2026"," 150.06"," 150.25"," 150.30"," 148.83"," 150.30"," 149.70"," 149.43"," 44096"," 65.89"," 1130"," 25896"," 58.73"
HEALTHY," EQ"," 01-Jan-2026"," 15.07"," 15.07"," 15.07"," 14.94"," 15.03"," 15.01"," 14.99"," 158478"," 23.75"," 1134"," 105054"," 66.29"
HECPROJECT," EQ"," 01-Jan-2026"," 122.05"," 120.11"," 124.96"," 120.11"," 124.70"," 123.83"," 122.65"," 12548"," 15.39"," 1524"," 2121"," 16.90"
HEG," EQ"," 01-Jan-2026"," 623.85"," 626.00"," 638.00"," 615.50"," 622.85"," 624.15"," 627.23"," 4891684"," 30682.06"," 119710"," 810624"," 16.57"
HEIDELBERG," EQ"," 01-Jan-2026"," 174.76"," 174.00"," 175.90"," 173.90"," 175.29"," 174.61"," 174.42"," 40045"," 69.85"," 681"," 32205"," 80.42"
HEMIPROP," EQ"," 01-Jan-2026"," 137.09"," 137.90"," 138.39"," 135.80"," 136.50"," 136.28"," 136.76"," 143277"," 195.95"," 2068"," 70252"," 49.03"
HERANBA," EQ"," 01-Jan-2026"," 247.30"," 248.50"," 248.59"," 242.50"," 242.51"," 243.45"," 244.65"," 12360"," 30.24"," 695"," 7754"," 62.73"
HERCULES," EQ"," 01-Jan-2026"," 159.87"," 161.14"," 161.14"," 159.00"," 159.00"," 159.32"," 159.56"," 11437"," 18.25"," 297"," 8867"," 77.53"
HERITGFOOD," EQ"," 01-Jan-2026"," 460.30"," 460.30"," 461.35"," 450.10"," 451.35"," 452.00"," 454.78"," 90963"," 413.68"," 3107"," 42148"," 46.34"
HEROMOTOCO," EQ"," 01-Jan-2026"," 5771.00"," 5771.00"," 5856.00"," 5730.00"," 5837.00"," 5841.50"," 5800.81"," 384697"," 22315.53"," 38681"," 172656"," 44.88"
HESTERBIO," EQ"," 01-Jan-2026"," 1599.70"," 1602.50"," 1605.00"," 1576.60"," 1604.00"," 1594.10"," 1591.18"," 1464"," 23.29"," 269"," 945"," 64.55"
HEUBACHIND," EQ"," 01-Jan-2026"," 470.65"," 467.00"," 478.45"," 467.00"," 471.00"," 473.95"," 472.91"," 10549"," 49.89"," 326"," 8985"," 85.17"
HEXATRADEX," EQ"," 01-Jan-2026"," 163.00"," 160.70"," 164.99"," 160.70"," 162.00"," 162.37"," 162.44"," 1995"," 3.24"," 76"," 1064"," 53.33"
HEXT," EQ"," 01-Jan-2026"," 765.55"," 765.05"," 765.30"," 752.40"," 759.00"," 758.00"," 759.83"," 194545"," 1478.22"," 10248"," 94024"," 48.33"
HFCL," EQ"," 01-Jan-2026"," 67.79"," 67.79"," 70.65"," 67.22"," 68.94"," 68.92"," 69.31"," 49902209"," 34589.54"," 101152"," 7955273"," 15.94"
HGINFRA," EQ"," 01-Jan-2026"," 753.90"," 759.85"," 767.85"," 738.00"," 740.00"," 739.90"," 745.07"," 100602"," 749.56"," 6832"," 58595"," 58.24"
HGM," EQ"," 01-Jan-2026"," 67.83"," 67.80"," 69.30"," 67.00"," 69.29"," 69.26"," 68.75"," 974"," 0.67"," 41"," 530"," 54.41"
HGS," EQ"," 01-Jan-2026"," 445.35"," 445.65"," 461.05"," 445.00"," 460.00"," 458.10"," 454.14"," 22653"," 102.88"," 1648"," 12664"," 55.90"
HIGREEN," SM"," 01-Jan-2026"," 172.75"," 172.75"," 172.75"," 167.50"," 169.90"," 169.90"," 170.00"," 3200"," 5.44"," 4"," 2400"," 75.00"
HIKAL," EQ"," 01-Jan-2026"," 226.83"," 227.79"," 229.10"," 225.53"," 227.00"," 226.92"," 226.88"," 198193"," 449.66"," 3243"," 131397"," 66.30"
HILINFRA," EQ"," 01-Jan-2026"," 58.35"," 58.89"," 58.89"," 57.51"," 57.86"," 57.73"," 57.87"," 101939"," 58.99"," 1739"," 59547"," 58.41"
HILTON," EQ"," 01-Jan-2026"," 34.97"," 35.40"," 35.75"," 35.00"," 35.59"," 35.62"," 35.53"," 59580"," 21.17"," 708"," 40132"," 67.36"
HIMATSEIDE," EQ"," 01-Jan-2026"," 113.92"," 114.90"," 114.90"," 111.28"," 113.29"," 112.73"," 113.40"," 222478"," 252.28"," 3132"," 98519"," 44.28"
HINDALCO," EQ"," 01-Jan-2026"," 886.70"," 888.10"," 895.95"," 882.45"," 894.30"," 894.95"," 892.30"," 2566505"," 22901.05"," 46878"," 1308717"," 50.99"
HINDCOMPOS," EQ"," 01-Jan-2026"," 431.40"," 436.40"," 437.05"," 422.75"," 426.05"," 425.75"," 428.10"," 3649"," 15.62"," 271"," 2341"," 64.15"
HINDCON," EQ"," 01-Jan-2026"," 27.12"," 27.12"," 27.99"," 27.00"," 27.20"," 27.23"," 27.29"," 19293"," 5.26"," 248"," 11754"," 60.92"
HINDCOPPER," EQ"," 01-Jan-2026"," 518.30"," 521.50"," 534.10"," 520.25"," 523.50"," 522.65"," 526.92"," 34632582"," 182487.12"," 306498"," 5378785"," 15.53"
HINDOILEXP," EQ"," 01-Jan-2026"," 156.04"," 157.25"," 163.39"," 154.55"," 155.00"," 156.25"," 158.39"," 1221710"," 1935.03"," 8749"," 698309"," 57.16"
HINDPETRO," EQ"," 01-Jan-2026"," 499.05"," 499.75"," 502.15"," 493.00"," 497.45"," 498.60"," 497.70"," 3287789"," 16363.37"," 62599"," 1294939"," 39.39"
HINDUNILVR," EQ"," 01-Jan-2026"," 2315.90"," 2322.00"," 2326.00"," 2300.00"," 2323.00"," 2323.00"," 2312.95"," 758866"," 17552.20"," 39091"," 459415"," 60.54"
HINDWAREAP," EQ"," 01-Jan-2026"," 266.85"," 268.30"," 276.00"," 264.55"," 271.85"," 271.95"," 269.94"," 120014"," 323.97"," 5561"," 25842"," 21.53"
HINDZINC," EQ"," 01-Jan-2026"," 612.45"," 610.55"," 617.00"," 605.20"," 610.45"," 611.95"," 611.73"," 4767635"," 29164.96"," 57146"," 1392447"," 29.21"
HIRECT," EQ"," 01-Jan-2026"," 1510.80"," 1516.00"," 1521.30"," 1496.00"," 1499.90"," 1502.80"," 1506.62"," 6480"," 97.63"," 960"," 4173"," 64.40"
HISARMETAL," EQ"," 01-Jan-2026"," 161.57"," 164.99"," 164.99"," 161.56"," 164.00"," 163.91"," 163.78"," 628"," 1.03"," 24"," 344"," 54.78"
HITECH," EQ"," 01-Jan-2026"," 92.07"," 92.65"," 94.89"," 91.45"," 93.45"," 93.32"," 93.50"," 1768122"," 1653.24"," 10678"," 462504"," 26.16"
HITECHCORP," EQ"," 01-Jan-2026"," 168.27"," 166.15"," 171.90"," 166.15"," 171.70"," 171.70"," 170.06"," 1904"," 3.24"," 35"," 1737"," 91.23"
HITECHGEAR," BE"," 01-Jan-2026"," 688.70"," 710.95"," 723.10"," 693.05"," 723.10"," 717.00"," 715.56"," 8107"," 58.01"," 157"," -"," -"
HLEGLAS," EQ"," 01-Jan-2026"," 439.15"," 439.15"," 446.30"," 438.00"," 442.00"," 440.65"," 441.92"," 26091"," 115.30"," 1745"," 12903"," 49.45"
HLVLTD," EQ"," 01-Jan-2026"," 9.09"," 9.12"," 9.49"," 9.08"," 9.28"," 9.28"," 9.28"," 378011"," 35.06"," 2100"," 232873"," 61.60"
HMAAGRO," EQ"," 01-Jan-2026"," 29.04"," 29.29"," 31.00"," 28.71"," 29.20"," 29.57"," 29.14"," 109719"," 31.97"," 759"," 80057"," 72.97"
HMT," BZ"," 01-Jan-2026"," 47.04"," 46.00"," 47.80"," 46.00"," 47.01"," 47.33"," 46.75"," 5139"," 2.40"," 106"," -"," -"
HMVL," EQ"," 01-Jan-2026"," 68.84"," 69.70"," 69.70"," 68.10"," 68.40"," 68.56"," 68.72"," 12928"," 8.88"," 450"," 6220"," 48.11"
HNDFDS," EQ"," 01-Jan-2026"," 519.00"," 516.85"," 518.55"," 511.10"," 511.90"," 512.85"," 514.35"," 16397"," 84.34"," 1419"," 7991"," 48.73"
HNGSNGBEES," EQ"," 01-Jan-2026"," 494.17"," 505.32"," 505.32"," 494.17"," 497.50"," 497.21"," 497.30"," 62683"," 311.73"," 4075"," 41580"," 66.33"
HOACFOODS," ST"," 01-Jan-2026"," 340.05"," 340.15"," 340.15"," 340.05"," 340.05"," 340.05"," 340.10"," 1500"," 5.10"," 2"," 1500"," 100.00"
HOLMARC," SM"," 01-Jan-2026"," 96.15"," 100.00"," 100.00"," 100.00"," 100.00"," 100.00"," 100.00"," 1500"," 1.50"," 1"," 1500"," 100.00"
HOMEFIRST," EQ"," 01-Jan-2026"," 1102.20"," 1105.00"," 1124.70"," 1098.60"," 1102.00"," 1100.80"," 1106.68"," 82075"," 908.31"," 7236"," 37408"," 45.58"
HOMESFY," SM"," 01-Jan-2026"," 161.95"," 162.00"," 162.00"," 161.90"," 162.00"," 162.00"," 161.96"," 3300"," 5.34"," 11"," 3300"," 100.00"
HONASA," EQ"," 01-Jan-2026"," 286.25"," 284.65"," 286.85"," 282.20"," 284.10"," 283.60"," 284.33"," 167288"," 475.65"," 4756"," 51788"," 30.96"
HONAUT," EQ"," 01-Jan-2026"," 32805.00"," 32990.00"," 33150.00"," 32865.00"," 33050.00"," 33050.00"," 33046.19"," 32244"," 10655.41"," 1262"," 1449"," 4.49"
HONDAPOWER," EQ"," 01-Jan-2026"," 2349.90"," 2336.00"," 2397.00"," 2327.00"," 2353.60"," 2333.20"," 2348.65"," 4175"," 98.06"," 1204"," 1913"," 45.82"
HPAL," EQ"," 01-Jan-2026"," 41.17"," 41.80"," 41.80"," 41.02"," 41.02"," 41.34"," 41.44"," 45622"," 18.90"," 792"," 27456"," 60.18"
HPIL," EQ"," 01-Jan-2026"," 132.59"," 134.00"," 154.45"," 134.00"," 141.55"," 144.25"," 143.87"," 32436"," 46.67"," 366"," 22760"," 70.17"
HPL," EQ"," 01-Jan-2026"," 407.50"," 407.95"," 411.60"," 401.00"," 405.05"," 405.70"," 405.39"," 41190"," 166.98"," 2828"," 15958"," 38.74"
HPTL," ST"," 01-Jan-2026"," 298.00"," 284.00"," 284.00"," 283.95"," 283.95"," 283.95"," 283.98"," 1200"," 3.41"," 2"," 1200"," 100.00"
HRHNEXT," SM"," 01-Jan-2026"," 27.10"," 28.40"," 28.45"," 28.35"," 28.45"," 28.45"," 28.43"," 27000"," 7.68"," 17"," 27000"," 100.00"
HSCL," EQ"," 01-Jan-2026"," 487.85"," 487.75"," 490.20"," 484.00"," 484.25"," 485.40"," 487.15"," 297411"," 1448.83"," 5902"," 111381"," 37.45"
HTMEDIA," EQ"," 01-Jan-2026"," 23.35"," 23.00"," 23.49"," 22.91"," 23.22"," 23.24"," 23.27"," 23155"," 5.39"," 170"," 17117"," 73.92"
HUBTOWN," EQ"," 01-Jan-2026"," 247.30"," 248.75"," 257.79"," 244.42"," 255.60"," 256.38"," 253.88"," 957303"," 2430.45"," 10832"," 477373"," 49.87"
HUDCO," EQ"," 01-Jan-2026"," 228.13"," 229.75"," 231.09"," 226.33"," 226.64"," 227.58"," 228.23"," 2136513"," 4876.12"," 17766"," 631036"," 29.54"
HUHTAMAKI," EQ"," 01-Jan-2026"," 211.70"," 211.00"," 211.83"," 209.00"," 210.61"," 210.36"," 210.09"," 26578"," 55.84"," 1034"," 12139"," 45.67"
HYBRIDFIN," BE"," 01-Jan-2026"," 19.39"," 20.30"," 20.35"," 19.00"," 20.30"," 20.23"," 19.90"," 9124"," 1.82"," 72"," -"," -"
HYUNDAI," EQ"," 01-Jan-2026"," 2298.00"," 2305.00"," 2314.80"," 2283.30"," 2310.00"," 2310.80"," 2296.33"," 386894"," 8884.37"," 17960"," 228688"," 59.11"
IBLFL," SM"," 01-Jan-2026"," 61.00"," 60.00"," 60.95"," 58.80"," 58.80"," 59.10"," 59.43"," 16000"," 9.51"," 8"," 10000"," 62.50"
IBULLSLTD," EQ"," 01-Jan-2026"," 17.27"," 17.30"," 17.55"," 16.92"," 17.18"," 17.09"," 17.29"," 1600298"," 276.71"," 2833"," 960896"," 60.04"
ICDSLTD," EQ"," 01-Jan-2026"," 45.77"," 46.00"," 47.01"," 44.21"," 47.00"," 46.63"," 46.30"," 1809"," 0.84"," 37"," 1447"," 79.99"
ICEMAKE," EQ"," 01-Jan-2026"," 809.65"," 819.00"," 819.00"," 800.20"," 807.45"," 809.40"," 806.36"," 7274"," 58.65"," 1130"," 4106"," 56.45"
ICICIAMC," EQ"," 01-Jan-2026"," 2661.10"," 2660.00"," 2665.00"," 2613.40"," 2624.90"," 2631.80"," 2642.92"," 366321"," 9681.58"," 22504"," 228833"," 62.47"
ICICIB22," EQ"," 01-Jan-2026"," 118.27"," 118.28"," 118.61"," 117.12"," 117.50"," 117.46"," 117.49"," 318846"," 374.60"," 3530"," 261842"," 82.12"
ICICIBANK," EQ"," 01-Jan-2026"," 1342.90"," 1343.90"," 1348.40"," 1336.00"," 1337.60"," 1338.00"," 1340.30"," 4179311"," 56015.12"," 92659"," 1320425"," 31.59"
ICICIGI," EQ"," 01-Jan-2026"," 1962.10"," 1962.10"," 1967.10"," 1938.50"," 1954.00"," 1956.90"," 1951.34"," 213510"," 4166.30"," 22839"," 134161"," 62.84"
ICICIPRULI," EQ"," 01-Jan-2026"," 668.25"," 669.30"," 676.40"," 666.00"," 673.30"," 674.30"," 671.18"," 393336"," 2639.98"," 15313"," 186221"," 47.34"
ICIL," EQ"," 01-Jan-2026"," 282.40"," 283.00"," 287.10"," 280.55"," 285.00"," 283.80"," 284.04"," 211636"," 601.12"," 8127"," 45445"," 21.47"
ICRA," EQ"," 01-Jan-2026"," 6075.50"," 6111.00"," 6197.00"," 6086.00"," 6194.00"," 6152.50"," 6134.96"," 1570"," 96.32"," 735"," 604"," 38.47"
IDBI," EQ"," 01-Jan-2026"," 102.99"," 103.20"," 104.29"," 102.52"," 103.81"," 103.76"," 103.62"," 6990148"," 7243.45"," 21580"," 2815214"," 40.27"
IDEA," EQ"," 01-Jan-2026"," 10.76"," 11.20"," 11.93"," 10.84"," 11.63"," 11.60"," 11.51"," 3038646084"," 349691.47"," 507419"," 342280867"," 11.26"
IDEAFORGE," EQ"," 01-Jan-2026"," 468.80"," 469.50"," 471.90"," 462.90"," 465.35"," 464.15"," 466.01"," 102736"," 478.76"," 3619"," 39121"," 38.08"
IDENTICAL," SM"," 01-Jan-2026"," 23.10"," 23.20"," 23.90"," 21.25"," 22.00"," 21.95"," 22.50"," 40000"," 9.00"," 19"," 30000"," 75.00"
IDFCFIRSTB," EQ"," 01-Jan-2026"," 85.61"," 85.62"," 85.84"," 84.86"," 85.76"," 85.61"," 85.36"," 10741268"," 9168.93"," 93543"," 5791346"," 53.92"
IDFNIFTYET," EQ"," 01-Jan-2026"," 286.27"," 288.00"," 288.00"," 285.27"," 286.01"," 286.29"," 286.51"," 1671"," 4.79"," 95"," 1133"," 67.80"
IEML," SM"," 01-Jan-2026"," 89.85"," 92.80"," 92.80"," 88.60"," 89.85"," 89.35"," 90.15"," 11000"," 9.92"," 22"," 6500"," 59.09"
IEX," EQ"," 01-Jan-2026"," 134.22"," 134.50"," 134.70"," 132.84"," 133.72"," 133.39"," 133.52"," 2725291"," 3638.72"," 36659"," 993840"," 36.47"
IFBAGRO," EQ"," 01-Jan-2026"," 1356.90"," 1380.00"," 1492.50"," 1367.00"," 1492.50"," 1483.80"," 1465.93"," 149552"," 2192.32"," 10458"," 52713"," 35.25"
IFBIND," EQ"," 01-Jan-2026"," 1560.00"," 1563.00"," 1580.80"," 1555.00"," 1560.50"," 1560.30"," 1565.43"," 6265"," 98.07"," 1361"," 3018"," 48.17"
IFCI," EQ"," 01-Jan-2026"," 52.90"," 52.89"," 53.50"," 52.28"," 53.10"," 53.07"," 52.77"," 5679236"," 2996.71"," 18225"," 1490391"," 26.24"
IFGLEXPOR," EQ"," 01-Jan-2026"," 208.46"," 208.46"," 210.40"," 203.25"," 206.53"," 206.69"," 207.98"," 12830"," 26.68"," 500"," 6305"," 49.14"
IGARASHI," EQ"," 01-Jan-2026"," 435.95"," 436.00"," 445.45"," 435.60"," 439.50"," 438.95"," 439.73"," 20274"," 89.15"," 1450"," 9178"," 45.27"
IGCL," EQ"," 01-Jan-2026"," 82.87"," 82.85"," 83.09"," 81.11"," 83.00"," 82.47"," 81.78"," 54681"," 44.72"," 1229"," 33823"," 61.86"
IGIL," EQ"," 01-Jan-2026"," 335.00"," 338.40"," 340.40"," 328.55"," 331.85"," 333.00"," 332.47"," 125622"," 417.65"," 5207"," 55265"," 43.99"
IGL," EQ"," 01-Jan-2026"," 194.57"," 194.74"," 195.75"," 190.90"," 191.90"," 191.96"," 192.88"," 717574"," 1384.03"," 12155"," 338842"," 47.22"
IGPL," EQ"," 01-Jan-2026"," 397.45"," 399.70"," 399.80"," 394.25"," 396.00"," 395.00"," 396.12"," 7505"," 29.73"," 547"," 4781"," 63.70"
IIFL," EQ"," 01-Jan-2026"," 610.50"," 611.00"," 621.95"," 609.45"," 619.00"," 620.45"," 617.00"," 1008135"," 6220.21"," 27224"," 350836"," 34.80"
IIFLCAPS," EQ"," 01-Jan-2026"," 363.25"," 362.80"," 383.90"," 353.00"," 382.50"," 379.80"," 375.89"," 1696764"," 6377.97"," 32341"," 768176"," 45.27"
IITL," EQ"," 01-Jan-2026"," 165.85"," 166.04"," 169.39"," 163.50"," 168.40"," 164.62"," 166.89"," 10299"," 17.19"," 148"," 1089"," 10.57"
IKIO," EQ"," 01-Jan-2026"," 181.74"," 182.70"," 182.70"," 177.35"," 179.30"," 178.57"," 179.74"," 29769"," 53.51"," 1059"," 14324"," 48.12"
IKS," EQ"," 01-Jan-2026"," 1657.80"," 1657.80"," 1691.80"," 1655.50"," 1691.80"," 1682.20"," 1675.90"," 43660"," 731.70"," 4753"," 19717"," 45.16"
IL&FSENGG," BZ"," 01-Jan-2026"," 26.75"," 26.00"," 26.70"," 25.76"," 26.60"," 26.60"," 26.05"," 1789"," 0.47"," 23"," -"," -"
IL&FSTRANS," BZ"," 01-Jan-2026"," 2.90"," 3.00"," 3.00"," 2.80"," 2.98"," 2.97"," 2.93"," 116351"," 3.40"," 107"," -"," -"
IMAGICAA," EQ"," 01-Jan-2026"," 46.22"," 46.25"," 48.50"," 46.10"," 48.32"," 47.86"," 47.31"," 653167"," 308.98"," 3803"," 393843"," 60.30"
IMFA," EQ"," 01-Jan-2026"," 1492.20"," 1496.00"," 1502.20"," 1462.00"," 1487.60"," 1491.20"," 1484.50"," 152071"," 2257.49"," 13812"," 56294"," 37.02"
IMPAL," EQ"," 01-Jan-2026"," 1038.40"," 1037.10"," 1045.00"," 1034.20"," 1045.00"," 1043.00"," 1040.41"," 887"," 9.23"," 116"," 511"," 57.61"
IMPEXFERRO," BZ"," 01-Jan-2026"," 1.83"," 1.83"," 1.89"," 1.83"," 1.89"," 1.83"," 1.83"," 1528"," 0.03"," 6"," -"," -"
INCREDIBLE," EQ"," 01-Jan-2026"," 40.66"," 39.70"," 40.65"," 39.70"," 40.29"," 40.29"," 40.29"," 2372"," 0.96"," 53"," 2006"," 84.57"
INDBANK," EQ"," 01-Jan-2026"," 34.81"," 35.00"," 36.00"," 34.11"," 34.50"," 34.59"," 34.84"," 48633"," 16.95"," 660"," 22085"," 45.41"
INDGN," EQ"," 01-Jan-2026"," 520.45"," 520.25"," 522.80"," 519.20"," 520.50"," 520.05"," 520.40"," 62287"," 324.14"," 3196"," 38831"," 62.34"
INDHOTEL," EQ"," 01-Jan-2026"," 738.85"," 741.95"," 742.70"," 731.40"," 739.80"," 738.60"," 735.45"," 1108196"," 8150.28"," 15634"," 585362"," 52.82"
INDIACEM," EQ"," 01-Jan-2026"," 435.25"," 435.90"," 439.50"," 434.45"," 437.40"," 436.05"," 436.74"," 197478"," 862.47"," 6204"," 93569"," 47.38"
INDIAGLYCO," EQ"," 01-Jan-2026"," 1016.20"," 1019.00"," 1025.00"," 999.50"," 1007.60"," 1009.30"," 1008.90"," 88188"," 889.73"," 8043"," 41695"," 47.28"
INDIAMART," EQ"," 01-Jan-2026"," 2223.50"," 2234.00"," 2236.40"," 2188.50"," 2189.10"," 2194.10"," 2205.67"," 30530"," 673.39"," 5709"," 17779"," 58.23"
INDIANB," EQ"," 01-Jan-2026"," 837.25"," 838.00"," 844.00"," 826.05"," 833.50"," 832.60"," 835.54"," 1205991"," 10076.52"," 32692"," 388641"," 32.23"
INDIANCARD," EQ"," 01-Jan-2026"," 241.70"," 239.01"," 244.53"," 236.25"," 243.00"," 241.07"," 239.94"," 664"," 1.59"," 50"," 421"," 63.40"
INDIANHUME," EQ"," 01-Jan-2026"," 407.50"," 409.80"," 411.45"," 401.10"," 404.00"," 404.10"," 406.33"," 12714"," 51.66"," 842"," 7601"," 59.78"
INDIASHLTR," EQ"," 01-Jan-2026"," 803.85"," 801.00"," 819.40"," 800.45"," 819.00"," 817.05"," 811.67"," 79913"," 648.63"," 7476"," 38495"," 48.17"
INDIFRA," SM"," 01-Jan-2026"," 15.90"," 15.20"," 15.20"," 15.20"," 15.20"," 15.20"," 15.20"," 2000"," 0.30"," 1"," 2000"," 100.00"
INDIGO," EQ"," 01-Jan-2026"," 5059.50"," 5081.00"," 5175.00"," 5062.50"," 5109.00"," 5110.50"," 5123.26"," 744719"," 38153.87"," 49289"," 222300"," 29.85"
INDIGOPNTS," EQ"," 01-Jan-2026"," 1143.80"," 1138.60"," 1215.50"," 1138.60"," 1190.00"," 1187.00"," 1189.02"," 131124"," 1559.09"," 14393"," 27903"," 21.28"
INDIGRID," IV"," 01-Jan-2026"," 168.16"," 168.69"," 168.74"," 168.05"," 168.39"," 168.25"," 168.28"," 232609"," 391.44"," 6464"," 148144"," 63.69"
INDIQUBE," EQ"," 01-Jan-2026"," 209.83"," 210.99"," 213.00"," 206.30"," 209.50"," 209.69"," 209.34"," 13330"," 27.90"," 738"," 6470"," 48.54"
INDNIPPON," EQ"," 01-Jan-2026"," 814.30"," 823.00"," 823.00"," 800.60"," 815.00"," 811.85"," 808.92"," 10384"," 84.00"," 1843"," 5322"," 51.25"
INDOAMIN," EQ"," 01-Jan-2026"," 128.90"," 129.80"," 131.04"," 128.02"," 129.69"," 128.70"," 129.57"," 54048"," 70.03"," 2430"," 24849"," 45.98"
INDOBORAX," EQ"," 01-Jan-2026"," 283.21"," 286.00"," 286.90"," 270.10"," 272.90"," 271.20"," 275.10"," 98949"," 272.21"," 3069"," 48809"," 49.33"
INDOCO," EQ"," 01-Jan-2026"," 234.60"," 235.60"," 235.60"," 227.80"," 230.70"," 229.47"," 230.73"," 24614"," 56.79"," 1282"," 14606"," 59.34"
INDOFARM," EQ"," 01-Jan-2026"," 207.89"," 208.05"," 219.43"," 206.10"," 217.85"," 216.89"," 214.75"," 328402"," 705.24"," 8108"," 120777"," 36.78"
INDORAMA," EQ"," 01-Jan-2026"," 48.57"," 48.03"," 48.94"," 47.50"," 48.00"," 48.00"," 47.95"," 45377"," 21.76"," 882"," 26220"," 57.78"
INDOSTAR," EQ"," 01-Jan-2026"," 229.39"," 229.89"," 253.77"," 229.89"," 243.00"," 241.41"," 245.84"," 771663"," 1897.09"," 17934"," 178450"," 23.13"
INDOTECH," EQ"," 01-Jan-2026"," 1560.10"," 1550.00"," 1568.90"," 1540.00"," 1554.00"," 1558.90"," 1558.29"," 6253"," 97.44"," 1089"," 4116"," 65.82"
INDOTHAI," EQ"," 01-Jan-2026"," 296.45"," 281.65"," 292.30"," 281.65"," 281.65"," 281.65"," 282.58"," 240972"," 680.94"," 1878"," 124350"," 51.60"
INDOUS," EQ"," 01-Jan-2026"," 121.56"," 124.00"," 124.00"," 118.50"," 123.80"," 120.50"," 120.16"," 21728"," 26.11"," 533"," 10695"," 49.22"
INDOWIND," EQ"," 01-Jan-2026"," 14.57"," 14.80"," 15.73"," 14.52"," 15.59"," 15.51"," 15.18"," 3076490"," 467.06"," 5713"," 661266"," 21.49"
INDRAMEDCO," EQ"," 01-Jan-2026"," 448.10"," 451.00"," 454.20"," 445.05"," 450.65"," 450.55"," 449.05"," 70253"," 315.47"," 3228"," 44821"," 63.80"
INDSWFTLAB," EQ"," 01-Jan-2026"," 88.15"," 89.24"," 91.00"," 88.37"," 90.25"," 90.49"," 89.74"," 51638"," 46.34"," 1145"," 30251"," 58.58"
INDTERRAIN," EQ"," 01-Jan-2026"," 35.01"," 34.76"," 34.94"," 34.25"," 34.41"," 34.37"," 34.45"," 24046"," 8.28"," 188"," 19104"," 79.45"
INDUSINDBK," EQ"," 01-Jan-2026"," 864.20"," 865.45"," 891.60"," 863.50"," 890.35"," 890.20"," 883.10"," 4244931"," 37486.79"," 64814"," 1936096"," 45.61"
INDUSINVIT," IV"," 01-Jan-2026"," 116.76"," 117.50"," 117.55"," 116.05"," 116.28"," 116.68"," 117.28"," 65808"," 77.18"," 2773"," 57776"," 87.79"
INDUSTOWER," EQ"," 01-Jan-2026"," 418.75"," 421.05"," 439.85"," 421.05"," 435.00"," 435.80"," 434.96"," 17970341"," 78164.50"," 300655"," 7832674"," 43.59"
INFIBEAM," EQ"," 01-Jan-2026"," 16.66"," 16.66"," 16.70"," 16.45"," 16.50"," 16.48"," 16.53"," 3385448"," 559.54"," 6331"," 1614157"," 47.68"
INFINIUM," SM"," 01-Jan-2026"," 222.90"," 215.00"," 224.90"," 215.00"," 224.90"," 224.90"," 222.62"," 3000"," 6.68"," 6"," 2500"," 83.33"
INFLUX," SM"," 01-Jan-2026"," 226.10"," 228.00"," 231.90"," 226.50"," 228.90"," 228.90"," 229.22"," 10800"," 24.76"," 17"," 8400"," 77.78"
INFOBEAN," EQ"," 01-Jan-2026"," 821.70"," 816.40"," 825.00"," 805.05"," 813.75"," 811.10"," 814.95"," 83261"," 678.53"," 6166"," 35789"," 42.98"
INFOMEDIA," EQ"," 01-Jan-2026"," 6.35"," 6.54"," 6.65"," 6.30"," 6.40"," 6.40"," 6.47"," 6716"," 0.43"," 26"," 4263"," 63.48"
INFRABEES," EQ"," 01-Jan-2026"," 992.02"," 993.49"," 1000.00"," 990.37"," 996.10"," 997.35"," 997.00"," 11039"," 110.06"," 620"," 5214"," 47.23"
INFRAIETF," EQ"," 01-Jan-2026"," 98.91"," 99.50"," 99.61"," 98.95"," 99.35"," 99.50"," 99.47"," 131702"," 131.00"," 2271"," 86356"," 65.57"
INFY," EQ"," 01-Jan-2026"," 1615.40"," 1615.40"," 1639.60"," 1614.10"," 1629.50"," 1629.80"," 1630.77"," 3658165"," 59656.16"," 96560"," 1356702"," 37.09"
INGERRAND," EQ"," 01-Jan-2026"," 3497.00"," 3471.00"," 3496.40"," 3448.50"," 3485.00"," 3485.60"," 3478.80"," 3794"," 131.99"," 1890"," 2153"," 56.75"
INNOMET," SM"," 01-Jan-2026"," 103.35"," 106.00"," 108.00"," 105.00"," 105.00"," 107.35"," 106.97"," 12600"," 13.48"," 18"," 12600"," 100.00"
INNOVACAP," EQ"," 01-Jan-2026"," 720.10"," 720.10"," 743.60"," 712.50"," 740.00"," 738.45"," 730.59"," 34468"," 251.82"," 3579"," 11033"," 32.01"
INNOVANA," EQ"," 01-Jan-2026"," 408.75"," 414.95"," 427.20"," 408.20"," 411.60"," 410.40"," 415.94"," 5279"," 21.96"," 410"," 3720"," 70.47"
INOXGREEN," EQ"," 01-Jan-2026"," 210.35"," 209.82"," 210.70"," 207.00"," 208.45"," 207.96"," 209.24"," 405979"," 849.46"," 14985"," 198265"," 48.84"
INOXINDIA," EQ"," 01-Jan-2026"," 1134.10"," 1137.00"," 1137.00"," 1110.00"," 1115.90"," 1112.90"," 1119.88"," 17197"," 192.59"," 1911"," 9994"," 58.11"
INOXWIND," EQ"," 01-Jan-2026"," 123.53"," 123.64"," 124.14"," 122.20"," 123.06"," 122.85"," 122.90"," 3154164"," 3876.51"," 13086"," 1468391"," 46.55"
INSECTICID," EQ"," 01-Jan-2026"," 716.70"," 720.50"," 721.50"," 702.25"," 706.00"," 705.05"," 707.55"," 10118"," 71.59"," 1104"," 5928"," 58.59"
INSPIRE," SM"," 01-Jan-2026"," 11.00"," 10.75"," 10.75"," 10.40"," 10.40"," 10.40"," 10.58"," 4000"," 0.42"," 2"," 4000"," 100.00"
INSPIRISYS," EQ"," 01-Jan-2026"," 88.95"," 88.51"," 89.99"," 87.40"," 88.11"," 89.76"," 88.65"," 650"," 0.58"," 18"," 411"," 63.23"
INTELLECT," EQ"," 01-Jan-2026"," 971.00"," 977.40"," 980.75"," 942.20"," 947.90"," 947.75"," 956.19"," 141317"," 1351.25"," 8782"," 86203"," 61.00"
INTENTECH," EQ"," 01-Jan-2026"," 113.28"," 118.87"," 118.87"," 114.33"," 114.52"," 115.94"," 115.68"," 74726"," 86.45"," 1101"," 48706"," 65.18"
INTERARCH," EQ"," 01-Jan-2026"," 2307.80"," 2333.20"," 2333.20"," 2284.00"," 2298.00"," 2302.60"," 2301.49"," 26683"," 614.11"," 3622"," 13445"," 50.39"
INTERNET," EQ"," 01-Jan-2026"," 14.02"," 14.20"," 14.20"," 14.04"," 14.04"," 14.05"," 14.10"," 31284"," 4.41"," 157"," 23904"," 76.41"
INTLCONV," EQ"," 01-Jan-2026"," 88.50"," 88.50"," 89.90"," 88.20"," 89.90"," 88.81"," 88.84"," 33065"," 29.38"," 875"," 19776"," 59.81"
INVENTURE," EQ"," 01-Jan-2026"," 1.14"," 1.13"," 1.15"," 1.10"," 1.15"," 1.14"," 1.14"," 676799"," 7.69"," 655"," 584621"," 86.38"
INVICTA," SM"," 01-Jan-2026"," 79.30"," 78.50"," 79.05"," 76.90"," 76.90"," 77.40"," 77.95"," 27200"," 21.20"," 14"," 17600"," 64.71"
IOB," EQ"," 01-Jan-2026"," 36.13"," 36.00"," 36.41"," 35.80"," 36.22"," 36.29"," 36.18"," 5902372"," 2135.50"," 13484"," 2159527"," 36.59"
IOC," EQ"," 01-Jan-2026"," 166.46"," 167.00"," 168.20"," 164.92"," 166.00"," 165.88"," 166.16"," 9679405"," 16083.31"," 47031"," 4458536"," 46.06"
IOLCP," EQ"," 01-Jan-2026"," 82.26"," 83.00"," 83.16"," 81.82"," 82.40"," 82.18"," 82.25"," 278258"," 228.86"," 3238"," 104384"," 37.51"
IONEXCHANG," EQ"," 01-Jan-2026"," 380.60"," 381.45"," 383.10"," 372.55"," 374.00"," 373.55"," 376.11"," 94761"," 356.41"," 4964"," 45853"," 48.39"
IPCALAB," EQ"," 01-Jan-2026"," 1418.90"," 1420.00"," 1436.60"," 1391.10"," 1395.50"," 1398.20"," 1410.52"," 104562"," 1474.87"," 9284"," 44790"," 42.84"
IPHL," SM"," 01-Jan-2026"," 63.65"," 63.95"," 64.00"," 63.25"," 63.25"," 63.25"," 63.43"," 9600"," 6.09"," 6"," 7200"," 75.00"
IPL," EQ"," 01-Jan-2026"," 172.89"," 173.46"," 175.74"," 173.10"," 175.69"," 174.47"," 174.36"," 113372"," 197.67"," 2301"," 45127"," 39.80"
IRB," EQ"," 01-Jan-2026"," 42.05"," 42.19"," 42.48"," 41.98"," 42.17"," 42.16"," 42.19"," 3291468"," 1388.68"," 11048"," 1416010"," 43.02"
IRBINVIT," IV"," 01-Jan-2026"," 62.19"," 62.49"," 62.50"," 62.06"," 62.31"," 62.36"," 62.37"," 231636"," 144.48"," 2720"," 189146"," 81.66"
IRCON," EQ"," 01-Jan-2026"," 177.65"," 177.60"," 179.69"," 175.51"," 177.92"," 177.98"," 177.64"," 3712327"," 6594.41"," 28894"," 993843"," 26.77"
IRCTC," EQ"," 01-Jan-2026"," 684.60"," 683.50"," 687.40"," 679.25"," 685.50"," 685.65"," 682.83"," 620303"," 4235.62"," 19229"," 204219"," 32.92"
IREDA," EQ"," 01-Jan-2026"," 139.90"," 141.00"," 142.30"," 138.74"," 139.15"," 139.36"," 140.17"," 8273710"," 11597.66"," 37100"," 2334562"," 28.22"
IRFC," EQ"," 01-Jan-2026"," 124.62"," 125.31"," 126.22"," 124.01"," 126.08"," 125.79"," 125.28"," 16340819"," 20471.99"," 62365"," 4003726"," 24.50"
IRIS," EQ"," 01-Jan-2026"," 305.50"," 306.95"," 312.40"," 305.00"," 309.25"," 307.90"," 307.91"," 10946"," 33.70"," 872"," 6060"," 55.36"
IRISDOREME," EQ"," 01-Jan-2026"," 37.97"," 38.00"," 38.35"," 37.36"," 37.40"," 37.54"," 37.86"," 418220"," 158.34"," 1156"," 165028"," 39.46"
IRMENERGY," EQ"," 01-Jan-2026"," 284.95"," 284.95"," 290.70"," 283.50"," 289.90"," 289.35"," 288.10"," 52410"," 150.99"," 3026"," 24294"," 46.35"
ISFT," EQ"," 01-Jan-2026"," 92.38"," 94.00"," 94.50"," 90.60"," 91.04"," 91.14"," 91.54"," 6988"," 6.40"," 266"," 5045"," 72.20"
ISGEC," EQ"," 01-Jan-2026"," 911.45"," 911.45"," 925.95"," 892.25"," 898.00"," 899.05"," 909.44"," 29752"," 270.58"," 4431"," 12507"," 42.04"
ISHAN," SM"," 01-Jan-2026"," 0.75"," 0.80"," 0.80"," 0.80"," 0.80"," 0.80"," 0.80"," 96000"," 0.77"," 2"," 96000"," 100.00"
ISHANCH," EQ"," 01-Jan-2026"," 65.65"," 66.06"," 67.23"," 64.80"," 65.99"," 64.92"," 66.70"," 72795"," 48.55"," 146"," 60778"," 83.49"
IT," EQ"," 01-Jan-2026"," 41.55"," 42.19"," 42.19"," 41.02"," 41.96"," 41.83"," 41.80"," 296220"," 123.83"," 890"," 58612"," 19.79"
ITADD," EQ"," 01-Jan-2026"," 39.72"," 39.72"," 40.08"," 39.72"," 39.92"," 40.01"," 39.94"," 15769"," 6.30"," 66"," 14128"," 89.59"
ITALIANE," SM"," 01-Jan-2026"," 27.75"," 27.45"," 31.00"," 27.45"," 31.00"," 29.60"," 28.98"," 28000"," 8.11"," 14"," 24000"," 85.71"
ITBEES," EQ"," 01-Jan-2026"," 41.67"," 40.75"," 42.30"," 40.75"," 41.96"," 41.97"," 41.91"," 3866387"," 1620.27"," 10935"," 2191230"," 56.67"
ITBETA," EQ"," 01-Jan-2026"," 393.65"," 392.86"," 398.02"," 392.86"," 396.97"," 396.62"," 396.53"," 830"," 3.29"," 22"," 544"," 65.54"
ITC," EQ"," 01-Jan-2026"," 403.00"," 402.70"," 402.70"," 362.70"," 363.95"," 363.85"," 374.71"," 282626710"," 1059029.87"," 1497861"," 156367722"," 55.33"
ITCHOTELS," EQ"," 01-Jan-2026"," 197.43"," 197.80"," 197.80"," 195.85"," 197.40"," 196.53"," 196.52"," 737500"," 1449.32"," 14895"," 417511"," 56.61"
ITDC," EQ"," 01-Jan-2026"," 585.25"," 591.80"," 627.95"," 585.45"," 610.00"," 607.05"," 614.15"," 310010"," 1903.93"," 15498"," 51483"," 16.61"
ITETF," EQ"," 01-Jan-2026"," 39.68"," 40.02"," 40.09"," 39.65"," 39.98"," 39.99"," 39.92"," 90356"," 36.07"," 1654"," 74006"," 81.90"
ITI," EQ"," 01-Jan-2026"," 309.85"," 312.40"," 314.85"," 310.10"," 310.55"," 310.85"," 311.90"," 419012"," 1306.89"," 8795"," 128123"," 30.58"
ITIETF," EQ"," 01-Jan-2026"," 41.55"," 41.75"," 42.00"," 41.56"," 41.93"," 41.93"," 41.76"," 591100"," 246.87"," 1094"," 459893"," 77.80"
ITTL," ST"," 01-Jan-2026"," 91.40"," 89.60"," 93.20"," 89.60"," 93.20"," 93.20"," 92.00"," 315"," 0.29"," 3"," 315"," 100.00"
IVALUE," EQ"," 01-Jan-2026"," 280.35"," 282.60"," 293.90"," 277.25"," 280.05"," 280.65"," 286.23"," 332257"," 951.04"," 13409"," 144349"," 43.44"
IVC," EQ"," 01-Jan-2026"," 8.14"," 8.30"," 8.38"," 8.02"," 8.15"," 8.12"," 8.13"," 232340"," 18.88"," 970"," 149855"," 64.50"
IVP," EQ"," 01-Jan-2026"," 144.64"," 146.80"," 156.90"," 143.60"," 152.00"," 151.94"," 151.04"," 10213"," 15.43"," 244"," 6303"," 61.72"
IVZINGOLD," EQ"," 01-Jan-2026"," 11583.30"," 11583.35"," 11668.95"," 11512.00"," 11610.00"," 11590.95"," 11593.43"," 359"," 41.62"," 108"," 130"," 36.21"
IVZINNIFTY," EQ"," 01-Jan-2026"," 2964.34"," 2992.06"," 2992.06"," 2962.39"," 2962.39"," 2962.39"," 2985.52"," 29"," 0.87"," 16"," 13"," 44.83"
IWARE," ST"," 01-Jan-2026"," 197.30"," 202.00"," 204.00"," 199.05"," 199.05"," 199.05"," 202.01"," 6000"," 12.12"," 5"," 4800"," 80.00"
IXIGO," EQ"," 01-Jan-2026"," 254.95"," 252.00"," 252.70"," 240.00"," 241.40"," 240.85"," 244.07"," 1388553"," 3388.98"," 25428"," 558932"," 40.25"
IZMO," EQ"," 01-Jan-2026"," 812.15"," 812.15"," 823.00"," 805.00"," 809.40"," 808.15"," 811.21"," 34845"," 282.66"," 2960"," 17979"," 51.60"
J&KBANK," EQ"," 01-Jan-2026"," 100.30"," 100.31"," 101.67"," 99.74"," 101.00"," 101.04"," 100.94"," 1950480"," 1968.87"," 10529"," 925064"," 47.43"
JAGRAN," EQ"," 01-Jan-2026"," 71.58"," 71.20"," 72.20"," 71.00"," 72.00"," 71.89"," 71.63"," 70753"," 50.68"," 1311"," 49911"," 70.54"
JAGSNPHARM," EQ"," 01-Jan-2026"," 192.61"," 193.57"," 194.25"," 191.43"," 192.70"," 192.53"," 192.83"," 18242"," 35.18"," 818"," 10269"," 56.29"
JAIBALAJI," EQ"," 01-Jan-2026"," 72.29"," 72.49"," 74.25"," 69.50"," 70.98"," 71.08"," 72.13"," 3451267"," 2489.28"," 27240"," 795381"," 23.05"
JAICORPLTD," EQ"," 01-Jan-2026"," 131.80"," 132.80"," 133.14"," 131.30"," 131.35"," 131.64"," 131.98"," 376553"," 496.97"," 4624"," 113979"," 30.27"
JAINAM," SM"," 01-Jan-2026"," 247.05"," 234.70"," 235.00"," 234.70"," 235.00"," 235.00"," 234.85"," 1000"," 2.35"," 2"," 500"," 50.00"
JAINIK," SM"," 01-Jan-2026"," 127.00"," 128.00"," 128.00"," 128.00"," 128.00"," 128.00"," 128.00"," 1200"," 1.54"," 1"," 1200"," 100.00"
JAINREC," EQ"," 01-Jan-2026"," 415.40"," 416.80"," 418.80"," 402.20"," 405.50"," 405.40"," 410.63"," 938601"," 3854.15"," 17987"," 413033"," 44.01"
JAIPURKURT," EQ"," 01-Jan-2026"," 26.56"," 26.97"," 31.87"," 26.28"," 31.87"," 31.71"," 31.03"," 515101"," 159.85"," 2393"," 145343"," 28.22"
JALAN," ST"," 01-Jan-2026"," 3.40"," 3.25"," 3.25"," 3.25"," 3.25"," 3.25"," 3.25"," 3000"," 0.10"," 1"," 3000"," 100.00"
JAMNAAUTO," EQ"," 01-Jan-2026"," 126.58"," 127.00"," 128.81"," 126.11"," 126.39"," 126.52"," 127.48"," 1657033"," 2112.37"," 16392"," 667400"," 40.28"
JARO," EQ"," 01-Jan-2026"," 465.85"," 465.85"," 475.90"," 460.80"," 463.00"," 462.35"," 465.99"," 111535"," 519.74"," 4971"," 43689"," 39.17"
JASH," EQ"," 01-Jan-2026"," 439.95"," 444.20"," 444.90"," 431.95"," 435.00"," 435.30"," 435.48"," 32968"," 143.57"," 2124"," 22131"," 67.13"
JAYAGROGN," EQ"," 01-Jan-2026"," 205.42"," 206.00"," 206.00"," 201.41"," 202.32"," 201.69"," 202.48"," 2275"," 4.61"," 156"," 985"," 43.30"
JAYBARMARU," EQ"," 01-Jan-2026"," 90.71"," 91.99"," 91.99"," 90.50"," 90.51"," 91.02"," 91.06"," 62221"," 56.66"," 1113"," 40890"," 65.72"
JAYBEE," SM"," 01-Jan-2026"," 118.45"," 117.50"," 120.00"," 116.55"," 116.60"," 116.60"," 117.90"," 7000"," 8.25"," 12"," 5000"," 71.43"
JAYESH," SM"," 01-Jan-2026"," 166.00"," 164.90"," 164.90"," 164.80"," 164.80"," 164.80"," 164.85"," 2000"," 3.30"," 2"," 1000"," 50.00"
JAYKAY," EQ"," 01-Jan-2026"," 195.19"," 194.55"," 197.20"," 186.00"," 189.69"," 187.93"," 190.25"," 122053"," 232.21"," 2921"," 70126"," 57.46"
JAYNECOIND," EQ"," 01-Jan-2026"," 87.82"," 87.82"," 89.25"," 85.53"," 86.99"," 86.93"," 87.53"," 5143559"," 4502.18"," 23109"," 1424673"," 27.70"
JAYSREETEA," EQ"," 01-Jan-2026"," 87.22"," 87.77"," 88.74"," 86.51"," 88.08"," 87.75"," 87.72"," 11453"," 10.05"," 268"," 6863"," 59.92"
JBCHEPHARM," EQ"," 01-Jan-2026"," 1819.70"," 1828.60"," 1835.00"," 1809.80"," 1820.00"," 1820.00"," 1819.69"," 92226"," 1678.23"," 3902"," 64750"," 70.21"
JBMA," EQ"," 01-Jan-2026"," 627.35"," 625.00"," 633.10"," 622.45"," 625.00"," 625.65"," 627.21"," 293274"," 1839.46"," 8894"," 90112"," 30.73"
JETFREIGHT," BE"," 01-Jan-2026"," 16.20"," 16.40"," 16.98"," 16.21"," 16.83"," 16.75"," 16.46"," 43296"," 7.13"," 147"," -"," -"
JFLLIFE," SM"," 01-Jan-2026"," 12.50"," 12.50"," 13.00"," 12.50"," 13.00"," 13.00"," 12.83"," 18000"," 2.31"," 3"," 18000"," 100.00"
JGCHEM," EQ"," 01-Jan-2026"," 353.45"," 355.20"," 355.20"," 349.30"," 352.00"," 352.35"," 351.40"," 20228"," 71.08"," 1296"," 9646"," 47.69"
JHS," EQ"," 01-Jan-2026"," 9.82"," 9.99"," 9.99"," 9.43"," 9.50"," 9.53"," 9.66"," 67740"," 6.54"," 362"," 40893"," 60.37"
JINDALPHOT," EQ"," 01-Jan-2026"," 1500.70"," 1499.00"," 1504.80"," 1499.00"," 1500.00"," 1500.70"," 1500.98"," 3030"," 45.48"," 175"," 2251"," 74.29"
JINDALPOLY," EQ"," 01-Jan-2026"," 488.50"," 488.50"," 488.50"," 475.50"," 480.40"," 480.25"," 481.39"," 60191"," 289.76"," 3371"," 17322"," 28.78"
JINDALSAW," EQ"," 01-Jan-2026"," 167.94"," 168.40"," 169.18"," 165.80"," 168.70"," 167.46"," 167.05"," 649515"," 1085.03"," 8561"," 284371"," 43.78"
JINDALSTEL," EQ"," 01-Jan-2026"," 1053.80"," 1053.80"," 1070.00"," 1046.60"," 1067.20"," 1068.40"," 1060.30"," 1361672"," 14437.81"," 33653"," 467857"," 34.36"
JINDRILL," EQ"," 01-Jan-2026"," 573.70"," 578.85"," 578.85"," 564.70"," 565.15"," 566.50"," 570.07"," 41750"," 238.01"," 2402"," 18137"," 43.44"
JINDWORLD," EQ"," 01-Jan-2026"," 29.18"," 29.18"," 29.30"," 28.76"," 29.25"," 29.00"," 29.01"," 151002"," 43.81"," 1831"," 77318"," 51.20"
JIOFIN," EQ"," 01-Jan-2026"," 294.95"," 295.40"," 296.75"," 294.15"," 295.60"," 295.70"," 295.60"," 3697802"," 10930.63"," 36567"," 1685664"," 45.59"
JISLDVREQS," EQ"," 01-Jan-2026"," 28.00"," 28.21"," 28.50"," 27.51"," 27.61"," 27.61"," 27.62"," 9906"," 2.74"," 113"," 8895"," 89.79"
JISLJALEQS," EQ"," 01-Jan-2026"," 42.14"," 42.35"," 42.38"," 41.59"," 41.94"," 41.91"," 41.96"," 710077"," 297.96"," 3216"," 368131"," 51.84"
JITFINFRA," EQ"," 01-Jan-2026"," 272.25"," 277.85"," 287.95"," 274.95"," 282.75"," 281.25"," 282.55"," 23114"," 65.31"," 829"," 14915"," 64.53"
JIWANRAM," SM"," 01-Jan-2026"," 6.30"," 6.00"," 6.00"," 6.00"," 6.00"," 6.00"," 6.00"," 12000"," 0.72"," 2"," 6000"," 50.00"
JKCEMENT," EQ"," 01-Jan-2026"," 5531.00"," 5531.00"," 5544.00"," 5410.00"," 5508.50"," 5498.00"," 5479.06"," 75199"," 4120.20"," 12697"," 38652"," 51.40"
JKIL," EQ"," 01-Jan-2026"," 582.75"," 582.80"," 584.90"," 572.35"," 573.20"," 574.95"," 575.91"," 47431"," 273.16"," 1979"," 35135"," 74.08"
JKIPL," EQ"," 01-Jan-2026"," 88.58"," 89.29"," 91.19"," 89.10"," 90.01"," 90.76"," 90.18"," 118121"," 106.52"," 1206"," 93406"," 79.08"
JKLAKSHMI," EQ"," 01-Jan-2026"," 778.10"," 782.20"," 796.00"," 775.00"," 791.00"," 793.50"," 786.00"," 162086"," 1273.99"," 7466"," 106051"," 65.43"
JKPAPER," EQ"," 01-Jan-2026"," 356.10"," 356.10"," 358.50"," 352.10"," 354.00"," 353.85"," 354.46"," 70146"," 248.64"," 3300"," 33059"," 47.13"
JKTYRE," EQ"," 01-Jan-2026"," 502.70"," 503.20"," 522.40"," 502.60"," 517.00"," 516.65"," 517.19"," 2060164"," 10654.90"," 48306"," 558426"," 27.11"
JLHL," EQ"," 01-Jan-2026"," 1393.40"," 1394.90"," 1410.20"," 1385.10"," 1388.00"," 1397.80"," 1397.70"," 16038"," 224.16"," 2470"," 11065"," 68.99"
JMA," EQ"," 01-Jan-2026"," 78.76"," 80.00"," 80.06"," 78.01"," 79.95"," 79.75"," 79.41"," 6433"," 5.11"," 158"," 4120"," 64.04"
JMFINANCIL," EQ"," 01-Jan-2026"," 150.10"," 150.59"," 150.66"," 146.95"," 147.30"," 147.56"," 147.96"," 1393299"," 2061.47"," 12879"," 628418"," 45.10"
JNKINDIA," EQ"," 01-Jan-2026"," 249.10"," 253.00"," 253.00"," 240.00"," 241.00"," 240.97"," 243.50"," 153805"," 374.52"," 6820"," 74273"," 48.29"
JOCIL," EQ"," 01-Jan-2026"," 145.00"," 144.05"," 144.99"," 144.00"," 144.00"," 144.00"," 144.04"," 89"," 0.13"," 7"," 89"," 100.00"
JPOLYINVST," EQ"," 01-Jan-2026"," 1036.00"," 1037.00"," 1044.90"," 1025.50"," 1044.80"," 1041.00"," 1037.33"," 1877"," 19.47"," 422"," 1009"," 53.76"
JPPOWER," EQ"," 01-Jan-2026"," 17.18"," 17.22"," 18.26"," 17.16"," 17.68"," 17.61"," 17.69"," 65798812"," 11642.36"," 47541"," 14288988"," 21.72"
JSFB," EQ"," 01-Jan-2026"," 425.30"," 425.30"," 425.30"," 419.00"," 421.95"," 421.55"," 422.01"," 35270"," 148.84"," 1695"," 15763"," 44.69"
JSL," EQ"," 01-Jan-2026"," 839.25"," 834.00"," 857.90"," 828.05"," 851.10"," 853.75"," 845.85"," 627100"," 5304.30"," 25274"," 251636"," 40.13"
JSLL," EQ"," 01-Jan-2026"," 680.65"," 680.50"," 685.35"," 675.00"," 678.50"," 682.20"," 680.88"," 87326"," 594.59"," 4184"," 60811"," 69.64"
JSWCEMENT," EQ"," 01-Jan-2026"," 118.86"," 119.35"," 120.71"," 118.44"," 119.95"," 120.23"," 119.68"," 1229335"," 1471.28"," 11639"," 612347"," 49.81"
JSWENERGY," EQ"," 01-Jan-2026"," 482.45"," 484.00"," 503.05"," 483.00"," 501.70"," 502.00"," 497.32"," 6027942"," 29978.39"," 66725"," 1454869"," 24.14"
JSWHL," EQ"," 01-Jan-2026"," 20280.00"," 20280.00"," 20540.00"," 19625.00"," 19880.00"," 19775.00"," 19956.83"," 2191"," 437.25"," 1041"," 816"," 37.24"
JSWINFRA," EQ"," 01-Jan-2026"," 284.80"," 285.00"," 285.95"," 283.00"," 283.15"," 283.25"," 283.98"," 326964"," 928.50"," 9209"," 176692"," 54.04"
JSWSTEEL," EQ"," 01-Jan-2026"," 1164.80"," 1163.50"," 1176.80"," 1161.00"," 1170.00"," 1171.50"," 1169.03"," 1173697"," 13720.91"," 31846"," 313800"," 26.74"
JTEKTINDIA," EQ"," 01-Jan-2026"," 140.85"," 140.85"," 141.66"," 139.55"," 141.37"," 141.12"," 140.68"," 42653"," 60.01"," 4066"," 18987"," 44.52"
JTLIND," EQ"," 01-Jan-2026"," 59.79"," 59.60"," 60.00"," 58.86"," 59.08"," 59.04"," 59.22"," 335916"," 198.93"," 1888"," 204647"," 60.92"
JUBLCPL," EQ"," 01-Jan-2026"," 2242.40"," 2253.70"," 2292.00"," 2244.30"," 2280.00"," 2269.00"," 2263.44"," 871"," 19.71"," 197"," 513"," 58.90"
JUBLFOOD," EQ"," 01-Jan-2026"," 558.60"," 558.60"," 559.30"," 551.55"," 553.50"," 553.15"," 554.59"," 826911"," 4585.93"," 23790"," 422010"," 51.03"
JUBLINGREA," EQ"," 01-Jan-2026"," 703.45"," 703.45"," 709.15"," 700.50"," 706.60"," 707.00"," 705.42"," 44217"," 311.92"," 2763"," 19740"," 44.64"
JUBLPHARMA," EQ"," 01-Jan-2026"," 1073.30"," 1068.00"," 1082.60"," 1050.00"," 1065.90"," 1058.10"," 1067.54"," 112709"," 1203.21"," 13768"," 53712"," 47.66"
JUNIORBEES," EQ"," 01-Jan-2026"," 744.88"," 745.40"," 748.47"," 743.52"," 747.43"," 747.76"," 746.34"," 232825"," 1737.66"," 10386"," 164232"," 70.54"
JUNIPER," EQ"," 01-Jan-2026"," 254.37"," 256.95"," 257.00"," 248.25"," 249.95"," 250.50"," 251.56"," 37837"," 95.18"," 1903"," 27768"," 73.39"
JUSTDIAL," EQ"," 01-Jan-2026"," 725.30"," 722.60"," 730.35"," 722.10"," 725.45"," 726.30"," 725.97"," 33392"," 242.42"," 3246"," 12625"," 37.81"
JWL," EQ"," 01-Jan-2026"," 339.75"," 341.40"," 343.10"," 334.25"," 336.15"," 337.10"," 337.86"," 2553674"," 8627.83"," 33974"," 450537"," 17.64"
JYOTHYLAB," EQ"," 01-Jan-2026"," 282.65"," 282.55"," 282.60"," 276.45"," 278.15"," 277.80"," 278.18"," 259772"," 722.63"," 16441"," 128581"," 49.50"
JYOTICNC," EQ"," 01-Jan-2026"," 989.30"," 996.00"," 1003.60"," 981.00"," 991.50"," 992.95"," 989.80"," 72015"," 712.80"," 4933"," 19067"," 26.48"
JYOTIGLOBL," SM"," 01-Jan-2026"," 47.50"," 46.10"," 46.50"," 45.30"," 45.30"," 45.30"," 45.85"," 24000"," 11.00"," 12"," 18000"," 75.00"
JYOTISTRUC," EQ"," 01-Jan-2026"," 9.76"," 9.81"," 9.81"," 9.47"," 9.60"," 9.56"," 9.63"," 4894253"," 471.43"," 4697"," 1790919"," 36.59"
K2INFRA," SM"," 01-Jan-2026"," 62.90"," 64.45"," 69.15"," 64.20"," 69.15"," 68.70"," 66.74"," 59400"," 39.65"," 74"," 55800"," 93.94"
KABRAEXTRU," EQ"," 01-Jan-2026"," 227.23"," 229.03"," 230.00"," 224.37"," 225.90"," 226.07"," 225.94"," 13738"," 31.04"," 379"," 10124"," 73.69"
KAJARIACER," EQ"," 01-Jan-2026"," 968.50"," 970.70"," 975.00"," 954.00"," 965.00"," 962.85"," 959.61"," 259009"," 2485.46"," 14979"," 159810"," 61.70"
KAKATCEM," EQ"," 01-Jan-2026"," 131.58"," 130.00"," 133.00"," 127.00"," 127.55"," 128.15"," 128.82"," 5322"," 6.86"," 142"," 4333"," 81.42"
KALAMANDIR," EQ"," 01-Jan-2026"," 156.88"," 157.40"," 157.40"," 151.51"," 152.16"," 152.84"," 153.58"," 634091"," 973.81"," 8452"," 304650"," 48.05"
KALANA," SM"," 01-Jan-2026"," 23.25"," 22.80"," 24.00"," 22.80"," 23.95"," 23.70"," 23.01"," 44000"," 10.13"," 17"," 28000"," 63.64"
KALPATARU," EQ"," 01-Jan-2026"," 335.80"," 344.00"," 351.00"," 339.25"," 348.40"," 347.25"," 345.12"," 95697"," 330.27"," 3428"," 32158"," 33.60"
KALYANIFRG," EQ"," 01-Jan-2026"," 632.60"," 633.00"," 635.00"," 619.05"," 635.00"," 627.70"," 627.25"," 353"," 2.21"," 65"," 208"," 58.92"
KALYANKJIL," EQ"," 01-Jan-2026"," 485.35"," 486.90"," 486.90"," 480.75"," 484.85"," 484.20"," 483.13"," 718123"," 3469.47"," 14052"," 270345"," 37.65"
KAMATHOTEL," EQ"," 01-Jan-2026"," 237.10"," 237.10"," 242.98"," 235.69"," 237.01"," 238.40"," 239.35"," 34246"," 81.97"," 2581"," 18794"," 54.88"
KAMDHENU," EQ"," 01-Jan-2026"," 24.95"," 25.00"," 25.38"," 24.93"," 25.29"," 25.22"," 25.15"," 365995"," 92.06"," 2061"," 230957"," 63.10"
KAMOPAINTS," EQ"," 01-Jan-2026"," 6.01"," 6.01"," 6.08"," 6.00"," 6.05"," 6.03"," 6.04"," 270006"," 16.30"," 637"," 162516"," 60.19"
KANANIIND," EQ"," 01-Jan-2026"," 1.66"," 1.64"," 1.71"," 1.64"," 1.69"," 1.69"," 1.69"," 186716"," 3.15"," 673"," 155132"," 83.08"
KANDARP," ST"," 01-Jan-2026"," 143.95"," 143.95"," 146.45"," 140.20"," 146.45"," 146.45"," 143.53"," 3000"," 4.31"," 3"," 2000"," 66.67"
KANORICHEM," EQ"," 01-Jan-2026"," 77.45"," 77.01"," 78.30"," 76.03"," 76.40"," 76.84"," 77.27"," 6605"," 5.10"," 112"," 5271"," 79.80"
KANPRPLA," EQ"," 01-Jan-2026"," 177.60"," 176.35"," 181.00"," 176.35"," 180.99"," 179.70"," 178.19"," 1317"," 2.35"," 64"," 922"," 70.01"
KANSAINER," EQ"," 01-Jan-2026"," 235.45"," 236.00"," 240.53"," 234.40"," 240.00"," 239.72"," 238.98"," 207218"," 495.20"," 5367"," 131146"," 63.29"
KAPSTON," EQ"," 01-Jan-2026"," 299.90"," 298.90"," 302.40"," 298.00"," 300.60"," 300.25"," 300.52"," 5529"," 16.62"," 236"," 4031"," 72.91"
KARMAENG," EQ"," 01-Jan-2026"," 50.09"," 50.95"," 50.95"," 48.50"," 48.52"," 48.69"," 49.02"," 2026"," 0.99"," 141"," 1220"," 60.22"
KARNIKA," ST"," 01-Jan-2026"," 117.45"," 117.55"," 117.55"," 117.55"," 117.55"," 117.55"," 117.55"," 1000"," 1.18"," 1"," 1000"," 100.00"
KARURVYSYA," EQ"," 01-Jan-2026"," 263.83"," 261.80"," 273.80"," 260.50"," 268.00"," 269.40"," 270.42"," 4178850"," 11300.65"," 46571"," 1019983"," 24.41"
KATARIA," SM"," 01-Jan-2026"," 102.75"," 105.95"," 106.25"," 100.95"," 100.95"," 101.75"," 103.05"," 7200"," 7.42"," 10"," 6600"," 91.67"
KAUSHALYA," EQ"," 01-Jan-2026"," 857.90"," 853.65"," 879.40"," 853.65"," 864.30"," 863.15"," 863.25"," 337"," 2.91"," 86"," 256"," 75.96"
KAVDEFENCE," BE"," 01-Jan-2026"," 67.03"," 65.65"," 70.38"," 65.10"," 70.38"," 70.38"," 69.16"," 58513"," 40.47"," 479"," -"," -"
KAYA," EQ"," 01-Jan-2026"," 395.60"," 380.00"," 407.80"," 380.00"," 396.30"," 399.60"," 400.08"," 9808"," 39.24"," 506"," 3886"," 39.62"
KAYNES," EQ"," 01-Jan-2026"," 4013.00"," 4023.50"," 4030.50"," 3923.70"," 3941.70"," 3943.50"," 3958.45"," 864355"," 34215.04"," 51805"," 220699"," 25.53"
KAYTEX," SM"," 01-Jan-2026"," 74.30"," 75.00"," 75.00"," 73.00"," 73.00"," 73.00"," 74.04"," 4800"," 3.55"," 6"," 4000"," 83.33"
KCEIL," SM"," 01-Jan-2026"," 142.30"," 145.80"," 149.00"," 143.25"," 147.85"," 147.85"," 146.26"," 23500"," 34.37"," 44"," 18500"," 78.72"
KCK," ST"," 01-Jan-2026"," 26.05"," 25.55"," 25.55"," 25.55"," 25.55"," 25.55"," 25.55"," 12500"," 3.19"," 5"," 12500"," 100.00"
KCP," EQ"," 01-Jan-2026"," 180.13"," 180.50"," 181.08"," 179.99"," 180.00"," 180.16"," 180.11"," 47652"," 85.83"," 536"," 33452"," 70.20"
KCPSUGIND," EQ"," 01-Jan-2026"," 26.07"," 25.76"," 26.30"," 25.71"," 26.15"," 26.10"," 25.97"," 60094"," 15.61"," 381"," 34546"," 57.49"
KDDL," EQ"," 01-Jan-2026"," 2485.30"," 2500.00"," 2507.90"," 2451.70"," 2452.40"," 2465.60"," 2469.54"," 4241"," 104.73"," 818"," 2197"," 51.80"
KDL," SM"," 01-Jan-2026"," 174.45"," 174.45"," 178.90"," 170.70"," 178.90"," 178.90"," 173.29"," 4650"," 8.06"," 30"," 3300"," 70.97"
KEC," EQ"," 01-Jan-2026"," 737.90"," 738.65"," 743.90"," 733.00"," 739.00"," 738.30"," 739.30"," 351159"," 2596.13"," 14309"," 72147"," 20.55"
KECL," EQ"," 01-Jan-2026"," 103.99"," 104.70"," 107.30"," 104.10"," 104.50"," 104.75"," 105.60"," 162439"," 171.53"," 3984"," 44195"," 27.21"
KEEPLEARN," EQ"," 01-Jan-2026"," 2.40"," 2.40"," 2.54"," 2.32"," 2.49"," 2.43"," 2.48"," 71684"," 1.78"," 161"," 42398"," 59.15"
KEI," EQ"," 01-Jan-2026"," 4460.20"," 4489.40"," 4523.00"," 4444.50"," 4515.20"," 4514.50"," 4486.98"," 161348"," 7239.65"," 24295"," 71509"," 44.32"
KELLTONTEC," EQ"," 01-Jan-2026"," 18.75"," 18.80"," 18.88"," 18.37"," 18.60"," 18.52"," 18.57"," 734503"," 136.36"," 3167"," 327197"," 44.55"
KEN," SM"," 01-Jan-2026"," 44.70"," 44.10"," 44.75"," 44.10"," 44.75"," 44.55"," 44.53"," 3600"," 1.60"," 3"," 3600"," 100.00"
KERNEX," EQ"," 01-Jan-2026"," 1219.30"," 1227.70"," 1232.40"," 1201.00"," 1216.00"," 1209.80"," 1210.69"," 64291"," 778.37"," 4204"," 27726"," 43.13"
KESORAMIND," BE"," 01-Jan-2026"," 13.23"," 12.57"," 12.57"," 12.57"," 12.57"," 12.57"," 12.57"," 293308"," 36.87"," 1086"," -"," -"
KEYFINSERV," EQ"," 01-Jan-2026"," 326.45"," 331.30"," 331.30"," 310.00"," 318.70"," 315.10"," 317.98"," 3299"," 10.49"," 299"," 1573"," 47.68"
KFINTECH," EQ"," 01-Jan-2026"," 1082.00"," 1083.00"," 1084.60"," 1065.70"," 1077.00"," 1076.70"," 1073.47"," 335302"," 3599.36"," 14758"," 121702"," 36.30"
KHADIM," EQ"," 01-Jan-2026"," 176.59"," 176.70"," 190.39"," 176.70"," 181.09"," 182.14"," 184.26"," 258653"," 476.59"," 7366"," 94908"," 36.69"
KHAICHEM," EQ"," 01-Jan-2026"," 78.60"," 79.00"," 79.38"," 77.10"," 78.93"," 78.59"," 78.13"," 73405"," 57.35"," 1305"," 36441"," 49.64"
KHAITANLTD," EQ"," 01-Jan-2026"," 100.99"," 102.65"," 109.40"," 99.51"," 105.85"," 104.06"," 103.41"," 5803"," 6.00"," 174"," 4941"," 85.15"
KHANDSE," EQ"," 01-Jan-2026"," 20.55"," 20.30"," 23.50"," 19.62"," 21.33"," 20.98"," 21.58"," 115750"," 24.98"," 453"," 81388"," 70.31"
KHFM," SM"," 01-Jan-2026"," 64.60"," 61.10"," 64.25"," 61.10"," 64.25"," 64.25"," 62.68"," 3100"," 1.94"," 2"," 3100"," 100.00"
KICL," EQ"," 01-Jan-2026"," 4972.00"," 4945.00"," 4998.20"," 4940.00"," 4977.80"," 4953.20"," 4961.98"," 654"," 32.45"," 238"," 324"," 49.54"
KILITCH," EQ"," 01-Jan-2026"," 350.20"," 346.85"," 368.15"," 346.75"," 360.00"," 359.35"," 360.52"," 24391"," 87.93"," 1011"," 12848"," 52.68"
KIMS," EQ"," 01-Jan-2026"," 608.60"," 610.50"," 622.00"," 606.10"," 622.00"," 616.10"," 615.38"," 204789"," 1260.23"," 15495"," 79164"," 38.66"
KINGFA," EQ"," 01-Jan-2026"," 4440.40"," 4498.00"," 4527.30"," 4333.00"," 4390.00"," 4423.70"," 4460.44"," 43625"," 1945.87"," 2172"," 36483"," 83.63"
KIOCL," EQ"," 01-Jan-2026"," 401.55"," 403.00"," 418.40"," 400.60"," 406.35"," 406.40"," 408.26"," 338266"," 1381.01"," 10672"," 74362"," 21.98"
KIRIINDUS," EQ"," 01-Jan-2026"," 725.30"," 761.20"," 779.00"," 665.20"," 676.80"," 682.35"," 715.38"," 32766224"," 234401.77"," 491138"," 3872608"," 11.82"
KIRLOSBROS," EQ"," 01-Jan-2026"," 1610.20"," 1624.70"," 1624.70"," 1589.00"," 1613.30"," 1610.80"," 1608.62"," 56233"," 904.58"," 9408"," 20950"," 37.26"
KIRLOSENG," EQ"," 01-Jan-2026"," 1218.80"," 1224.00"," 1257.60"," 1206.30"," 1230.00"," 1230.50"," 1231.27"," 372204"," 4582.84"," 26343"," 89084"," 23.93"
KIRLOSIND," EQ"," 01-Jan-2026"," 3176.30"," 3183.40"," 3209.30"," 3137.90"," 3190.00"," 3163.40"," 3176.87"," 2514"," 79.87"," 752"," 766"," 30.47"
KIRLPNU," EQ"," 01-Jan-2026"," 1059.80"," 1059.90"," 1064.90"," 1035.00"," 1040.00"," 1039.20"," 1041.85"," 23754"," 247.48"," 3077"," 12042"," 50.69"
KITEX," EQ"," 01-Jan-2026"," 181.64"," 181.60"," 182.11"," 179.41"," 180.60"," 180.54"," 180.72"," 247220"," 446.78"," 3962"," 119074"," 48.17"
KKCL," EQ"," 01-Jan-2026"," 489.35"," 487.05"," 490.20"," 480.00"," 483.00"," 483.60"," 483.80"," 10708"," 51.81"," 781"," 6428"," 60.03"
KKJEWELS," SM"," 01-Jan-2026"," 88.75"," 89.95"," 91.00"," 88.90"," 91.00"," 90.75"," 89.94"," 29000"," 26.08"," 26"," 25000"," 86.21"
KLL," SM"," 01-Jan-2026"," 48.10"," 48.10"," 48.10"," 48.05"," 48.05"," 48.05"," 48.06"," 5600"," 2.69"," 6"," 4800"," 85.71"
KMEW," EQ"," 01-Jan-2026"," 1871.00"," 1860.00"," 1945.00"," 1841.30"," 1914.00"," 1926.90"," 1916.80"," 218164"," 4181.76"," 14626"," 31183"," 14.29"
KMSUGAR," EQ"," 01-Jan-2026"," 27.27"," 27.59"," 27.59"," 27.00"," 27.10"," 27.12"," 27.15"," 113547"," 30.83"," 489"," 94912"," 83.59"
KNAGRI," EQ"," 01-Jan-2026"," 204.35"," 204.95"," 207.50"," 200.30"," 200.30"," 204.36"," 204.93"," 24233"," 49.66"," 465"," 17581"," 72.55"
KNRCON," EQ"," 01-Jan-2026"," 162.78"," 162.25"," 165.00"," 161.00"," 161.24"," 161.54"," 162.67"," 560230"," 911.33"," 8296"," 230812"," 41.20"
KODYTECH," SM"," 01-Jan-2026"," 910.20"," 922.75"," 930.00"," 911.00"," 930.00"," 928.50"," 923.72"," 2200"," 20.32"," 21"," 1600"," 72.73"
KOHINOOR," EQ"," 01-Jan-2026"," 26.59"," 26.55"," 26.93"," 26.42"," 26.58"," 26.54"," 26.54"," 39320"," 10.43"," 521"," 16745"," 42.59"
KOKUYOCMLN," EQ"," 01-Jan-2026"," 90.81"," 91.81"," 91.81"," 89.61"," 89.76"," 90.09"," 90.12"," 25794"," 23.25"," 372"," 20510"," 79.51"
KOLTEPATIL," EQ"," 01-Jan-2026"," 399.70"," 396.50"," 400.90"," 390.15"," 390.15"," 391.15"," 393.63"," 34956"," 137.60"," 2006"," 20609"," 58.96"
KONSTELEC," SM"," 01-Jan-2026"," 50.00"," 51.25"," 51.25"," 51.25"," 51.25"," 51.25"," 51.25"," 1000"," 0.51"," 1"," 1000"," 100.00"
KOPRAN," EQ"," 01-Jan-2026"," 150.43"," 151.40"," 154.26"," 149.25"," 151.40"," 151.54"," 151.78"," 185418"," 281.44"," 3836"," 55162"," 29.75"
KORE," ST"," 01-Jan-2026"," 157.75"," 155.00"," 158.85"," 155.00"," 158.85"," 158.85"," 156.98"," 1000"," 1.57"," 3"," 1000"," 100.00"
KOTAKBANK," EQ"," 01-Jan-2026"," 2201.10"," 2210.00"," 2220.90"," 2189.00"," 2217.00"," 2217.80"," 2209.31"," 1346975"," 29758.84"," 55782"," 856655"," 63.60"
KOTARISUG," EQ"," 01-Jan-2026"," 27.16"," 27.44"," 27.45"," 26.60"," 27.14"," 27.08"," 27.07"," 20539"," 5.56"," 325"," 12544"," 61.07"
KOTHARIPET," EQ"," 01-Jan-2026"," 130.42"," 131.00"," 133.20"," 128.01"," 129.77"," 130.32"," 130.34"," 52788"," 68.80"," 1394"," 31305"," 59.30"
KOTHARIPRO," EQ"," 01-Jan-2026"," 74.32"," 74.96"," 76.63"," 74.55"," 75.40"," 75.24"," 75.77"," 2345"," 1.78"," 85"," 1987"," 84.73"
KOTYARK," SM"," 01-Jan-2026"," 240.00"," 240.00"," 243.75"," 236.05"," 240.90"," 238.45"," 239.77"," 1700"," 4.08"," 10"," 1500"," 88.24"
KPEL," EQ"," 01-Jan-2026"," 354.30"," 357.15"," 361.00"," 346.80"," 352.30"," 350.30"," 353.39"," 264324"," 934.09"," 7670"," 93074"," 35.21"
KPIGREEN," EQ"," 01-Jan-2026"," 502.70"," 501.80"," 505.45"," 476.60"," 484.75"," 485.25"," 492.79"," 6738406"," 33205.86"," 100068"," 889715"," 13.20"
KPIL," EQ"," 01-Jan-2026"," 1202.40"," 1219.00"," 1227.20"," 1186.00"," 1200.50"," 1202.20"," 1200.81"," 185454"," 2226.95"," 19307"," 50667"," 27.32"
KPITTECH," EQ"," 01-Jan-2026"," 1172.50"," 1178.00"," 1184.00"," 1160.00"," 1167.50"," 1163.20"," 1165.55"," 284550"," 3316.57"," 11545"," 130854"," 45.99"
KPRMILL," EQ"," 01-Jan-2026"," 942.40"," 942.40"," 942.45"," 905.50"," 912.90"," 912.40"," 922.77"," 222223"," 2050.62"," 16361"," 121119"," 54.50"
KRBL," EQ"," 01-Jan-2026"," 394.50"," 394.50"," 399.95"," 393.10"," 395.50"," 395.50"," 397.04"," 133393"," 529.63"," 5445"," 54286"," 40.70"
KREBSBIO," EQ"," 01-Jan-2026"," 69.04"," 71.80"," 71.80"," 68.23"," 70.49"," 69.92"," 69.08"," 5889"," 4.07"," 117"," 5252"," 89.18"
KRIDHANINF," EQ"," 01-Jan-2026"," 4.46"," 4.60"," 4.60"," 4.06"," 4.30"," 4.30"," 4.32"," 118578"," 5.12"," 280"," 78719"," 66.39"
KRISHANA," EQ"," 01-Jan-2026"," 532.20"," 532.20"," 536.35"," 516.90"," 524.00"," 522.35"," 525.79"," 65959"," 346.81"," 2278"," 38384"," 58.19"
KRISHCA," SM"," 01-Jan-2026"," 192.75"," 194.50"," 199.50"," 194.50"," 198.00"," 197.75"," 197.16"," 14000"," 27.60"," 26"," 8500"," 60.71"
KRISHIVAL," EQ"," 01-Jan-2026"," 348.30"," 348.25"," 355.00"," 341.05"," 345.70"," 348.05"," 350.79"," 10242"," 35.93"," 366"," 8969"," 87.57"
KRISHNADEF," EQ"," 01-Jan-2026"," 796.25"," 808.95"," 821.00"," 785.00"," 812.50"," 812.25"," 802.01"," 19982"," 160.26"," 1300"," 10973"," 54.91"
KRITI," EQ"," 01-Jan-2026"," 81.01"," 79.64"," 83.00"," 78.26"," 80.85"," 80.76"," 80.98"," 7840"," 6.35"," 816"," 2795"," 35.65"
KRITIKA," EQ"," 01-Jan-2026"," 7.36"," 7.48"," 7.55"," 7.18"," 7.25"," 7.22"," 7.27"," 142159"," 10.33"," 668"," 100964"," 71.02"
KRITINUT," EQ"," 01-Jan-2026"," 68.57"," 68.92"," 69.49"," 68.21"," 69.48"," 68.87"," 68.67"," 12664"," 8.70"," 179"," 9935"," 78.45"
KRN," EQ"," 01-Jan-2026"," 727.55"," 730.70"," 747.00"," 722.95"," 745.05"," 743.85"," 737.84"," 212940"," 1571.16"," 9147"," 85265"," 40.04"
KRONOX," EQ"," 01-Jan-2026"," 139.74"," 141.86"," 141.86"," 136.35"," 138.35"," 137.51"," 138.35"," 20506"," 28.37"," 704"," 9466"," 46.16"
KROSS," EQ"," 01-Jan-2026"," 185.41"," 185.70"," 213.98"," 185.70"," 204.80"," 206.37"," 206.13"," 30170435"," 62189.28"," 204264"," 1363187"," 4.52"
KRSNAA," EQ"," 01-Jan-2026"," 721.35"," 715.00"," 745.60"," 715.00"," 738.25"," 740.45"," 735.94"," 74652"," 549.40"," 3117"," 58213"," 77.98"
KRT," RR"," 01-Jan-2026"," 122.01"," 122.64"," 124.35"," 122.10"," 123.88"," 123.82"," 123.52"," 224810"," 277.69"," 11104"," 174148"," 77.46"
KRYSTAL," EQ"," 01-Jan-2026"," 516.70"," 518.40"," 521.30"," 512.60"," 520.90"," 519.20"," 517.47"," 3406"," 17.62"," 419"," 1859"," 54.58"
KSB," EQ"," 01-Jan-2026"," 754.75"," 752.10"," 758.95"," 739.25"," 750.00"," 746.25"," 746.37"," 86832"," 648.09"," 10183"," 55672"," 64.11"
KSCL," EQ"," 01-Jan-2026"," 986.00"," 986.10"," 988.05"," 966.00"," 973.50"," 974.60"," 972.41"," 33153"," 322.38"," 3106"," 14970"," 45.15"
KSHINTL," EQ"," 01-Jan-2026"," 357.60"," 360.00"," 363.95"," 351.80"," 353.80"," 353.30"," 356.20"," 191779"," 683.11"," 4954"," 77405"," 40.36"
KSHITIJPOL," EQ"," 01-Jan-2026"," 2.59"," 2.59"," 2.68"," 2.56"," 2.63"," 2.59"," 2.63"," 212081"," 5.58"," 387"," 151365"," 71.37"
KSL," EQ"," 01-Jan-2026"," 771.00"," 770.85"," 777.65"," 748.35"," 755.00"," 753.30"," 760.19"," 37479"," 284.91"," 3502"," 18951"," 50.56"
KSOLVES," EQ"," 01-Jan-2026"," 284.35"," 283.75"," 287.05"," 282.25"," 283.00"," 284.45"," 284.15"," 14677"," 41.70"," 1002"," 10037"," 68.39"
KSR," EQ"," 01-Jan-2026"," 18.06"," 20.00"," 21.67"," 20.00"," 21.67"," 21.67"," 21.18"," 817029"," 173.07"," 2419"," 317921"," 38.91"
KTKBANK," EQ"," 01-Jan-2026"," 205.50"," 205.50"," 208.20"," 205.40"," 207.10"," 206.92"," 206.92"," 1507317"," 3118.93"," 13139"," 715466"," 47.47"
KUANTUM," EQ"," 01-Jan-2026"," 91.98"," 91.98"," 92.49"," 91.33"," 91.50"," 91.75"," 91.95"," 25414"," 23.37"," 326"," 21174"," 83.32"
LAGNAM," EQ"," 01-Jan-2026"," 73.83"," 76.40"," 76.40"," 73.50"," 75.19"," 75.11"," 73.97"," 2181"," 1.61"," 59"," 1729"," 79.28"
LAKPRE," BZ"," 01-Jan-2026"," 5.26"," 5.30"," 5.40"," 5.00"," 5.00"," 5.00"," 5.25"," 1429"," 0.07"," 5"," -"," -"
LAKSHYA," SM"," 01-Jan-2026"," 126.00"," 124.00"," 124.00"," 124.00"," 124.00"," 124.00"," 124.00"," 800"," 0.99"," 1"," 800"," 100.00"
LAL," EQ"," 01-Jan-2026"," 9.07"," 9.40"," 9.40"," 9.00"," 9.17"," 9.16"," 9.12"," 10647"," 0.97"," 107"," 7761"," 72.89"
LALPATHLAB," EQ"," 01-Jan-2026"," 1482.60"," 1483.30"," 1520.00"," 1469.40"," 1507.10"," 1509.80"," 1498.12"," 239371"," 3586.08"," 20565"," 110621"," 46.21"
LAMBODHARA," EQ"," 01-Jan-2026"," 120.83"," 122.83"," 123.73"," 120.54"," 121.01"," 121.51"," 122.09"," 6466"," 7.89"," 122"," 4452"," 68.85"
LAMOSAIC," SM"," 01-Jan-2026"," 34.00"," 34.40"," 35.15"," 34.15"," 35.15"," 35.15"," 34.57"," 1800"," 0.62"," 3"," 1200"," 66.67"
LANCORHOL," BE"," 01-Jan-2026"," 25.45"," 25.35"," 25.99"," 25.00"," 25.36"," 25.34"," 25.43"," 21891"," 5.57"," 53"," -"," -"
LANDMARK," EQ"," 01-Jan-2026"," 472.10"," 475.85"," 475.85"," 469.85"," 472.00"," 471.85"," 472.02"," 10643"," 50.24"," 2098"," 6029"," 56.65"
LAOPALA," EQ"," 01-Jan-2026"," 201.95"," 202.80"," 203.25"," 201.00"," 202.30"," 202.20"," 201.77"," 33284"," 67.16"," 837"," 18616"," 55.93"
LASA," EQ"," 01-Jan-2026"," 9.44"," 10.38"," 10.38"," 9.10"," 10.38"," 10.38"," 10.28"," 169907"," 17.46"," 436"," 104277"," 61.37"
LATENTVIEW," EQ"," 01-Jan-2026"," 458.70"," 457.00"," 463.40"," 453.70"," 454.00"," 455.05"," 458.14"," 119252"," 546.34"," 4293"," 52454"," 43.99"
LATTEYS," BE"," 01-Jan-2026"," 22.45"," 22.01"," 22.01"," 22.01"," 22.01"," 22.01"," 22.01"," 23568"," 5.19"," 53"," -"," -"
LAURUSLABS," EQ"," 01-Jan-2026"," 1108.00"," 1108.00"," 1115.90"," 1101.10"," 1113.20"," 1110.40"," 1109.06"," 959580"," 10642.33"," 34813"," 547627"," 57.07"
LAXMICOT," EQ"," 01-Jan-2026"," 18.96"," 19.24"," 19.24"," 18.60"," 18.71"," 18.74"," 18.73"," 3041"," 0.57"," 54"," 2657"," 87.37"
LAXMIDENTL," EQ"," 01-Jan-2026"," 272.45"," 267.00"," 276.00"," 267.00"," 275.85"," 274.75"," 272.59"," 64694"," 176.35"," 3073"," 26109"," 40.36"
LAXMIINDIA," EQ"," 01-Jan-2026"," 124.92"," 125.92"," 126.40"," 120.85"," 122.95"," 122.72"," 123.94"," 69060"," 85.59"," 1134"," 28816"," 41.73"
LCCINFOTEC," BE"," 01-Jan-2026"," 4.60"," 4.40"," 4.59"," 4.37"," 4.57"," 4.57"," 4.39"," 58110"," 2.55"," 37"," -"," -"
LEMERITE," EQ"," 01-Jan-2026"," 471.15"," 473.55"," 475.00"," 467.00"," 472.45"," 470.15"," 470.86"," 20249"," 95.35"," 746"," 10112"," 49.94"
LEMONTREE," EQ"," 01-Jan-2026"," 159.26"," 160.00"," 163.20"," 156.59"," 156.90"," 156.89"," 159.09"," 2852078"," 4537.36"," 47413"," 1300178"," 45.59"
LENSKART," EQ"," 01-Jan-2026"," 450.70"," 451.95"," 459.90"," 436.05"," 438.80"," 438.50"," 446.33"," 1351297"," 6031.30"," 25894"," 302686"," 22.40"
LEXUS," EQ"," 01-Jan-2026"," 26.10"," 26.30"," 26.95"," 25.90"," 25.91"," 25.93"," 26.19"," 7525"," 1.97"," 50"," 6626"," 88.05"
LFIC," EQ"," 01-Jan-2026"," 171.25"," 171.25"," 174.89"," 167.97"," 168.01"," 168.02"," 170.11"," 673"," 1.14"," 65"," 425"," 63.15"
LGBBROSLTD," EQ"," 01-Jan-2026"," 1789.50"," 1798.90"," 1801.20"," 1780.00"," 1791.20"," 1789.10"," 1788.46"," 25038"," 447.80"," 4888"," 12168"," 48.60"
LGEINDIA," EQ"," 01-Jan-2026"," 1521.40"," 1523.90"," 1532.90"," 1481.00"," 1482.00"," 1484.70"," 1504.03"," 793315"," 11931.68"," 56567"," 464245"," 58.52"
LGHL," EQ"," 01-Jan-2026"," 283.85"," 286.30"," 298.00"," 281.75"," 294.65"," 295.10"," 290.38"," 157425"," 457.13"," 2141"," 15801"," 10.04"
LIBAS," EQ"," 01-Jan-2026"," 11.03"," 11.25"," 11.25"," 10.76"," 10.90"," 10.94"," 10.90"," 21844"," 2.38"," 139"," 16137"," 73.87"
LIBERTSHOE," EQ"," 01-Jan-2026"," 278.80"," 278.80"," 283.00"," 278.80"," 282.95"," 281.75"," 281.06"," 7974"," 22.41"," 412"," 5843"," 73.28"
LICHSGFIN," EQ"," 01-Jan-2026"," 539.55"," 539.65"," 539.95"," 534.20"," 536.00"," 535.85"," 535.98"," 698194"," 3742.17"," 11737"," 435792"," 62.42"
LICI," EQ"," 01-Jan-2026"," 854.90"," 855.00"," 859.35"," 851.55"," 852.45"," 852.80"," 853.81"," 240945"," 2057.21"," 11010"," 132959"," 55.18"
LICMFGOLD," EQ"," 01-Jan-2026"," 12502.80"," 12492.95"," 12493.00"," 12040.95"," 12080.00"," 12087.35"," 12130.89"," 10054"," 1219.64"," 1033"," 8017"," 79.74"
LICNETFGSC," EQ"," 01-Jan-2026"," 28.74"," 28.74"," 28.84"," 28.70"," 28.80"," 28.74"," 28.75"," 66362"," 19.08"," 156"," 65245"," 98.32"
LICNETFN50," EQ"," 01-Jan-2026"," 290.21"," 291.21"," 291.21"," 289.98"," 290.56"," 290.56"," 290.72"," 797"," 2.32"," 34"," 697"," 87.45"
LICNETFSEN," EQ"," 01-Jan-2026"," 953.00"," 958.27"," 958.27"," 952.19"," 952.19"," 952.20"," 953.47"," 182"," 1.74"," 11"," 142"," 78.02"
LICNFNHGP," EQ"," 01-Jan-2026"," 289.80"," 291.98"," 292.12"," 290.20"," 290.38"," 290.38"," 291.80"," 1084"," 3.16"," 23"," 980"," 90.41"
LICNMID100," EQ"," 01-Jan-2026"," 60.58"," 60.88"," 61.20"," 60.64"," 61.20"," 61.12"," 60.92"," 14401"," 8.77"," 82"," 13655"," 94.82"
LIKHITHA," EQ"," 01-Jan-2026"," 191.09"," 189.45"," 193.51"," 189.45"," 193.40"," 192.06"," 191.66"," 19103"," 36.61"," 1230"," 8143"," 42.63"
LINC," EQ"," 01-Jan-2026"," 108.57"," 110.40"," 110.40"," 106.50"," 106.99"," 106.95"," 107.32"," 19538"," 20.97"," 450"," 14926"," 76.39"
LINCOLN," EQ"," 01-Jan-2026"," 483.95"," 485.20"," 485.20"," 478.00"," 478.05"," 479.80"," 480.50"," 8369"," 40.21"," 608"," 4524"," 54.06"
LINDEINDIA," EQ"," 01-Jan-2026"," 5955.50"," 5935.00"," 5961.00"," 5887.00"," 5891.00"," 5908.00"," 5913.94"," 7219"," 426.93"," 1772"," 3063"," 42.43"
LIQGRWBEES," EQ"," 01-Jan-2026"," 1022.12"," 1022.25"," 1022.27"," 1022.25"," 1022.27"," 1022.26"," 1022.27"," 70020"," 715.79"," 114"," 63736"," 91.03"
LIQUID," EQ"," 01-Jan-2026"," 999.99"," 999.99"," 1000.00"," 999.99"," 1000.00"," 999.99"," 1000.00"," 153909"," 1539.09"," 429"," 99186"," 64.44"
LIQUID1," EQ"," 01-Jan-2026"," 1084.77"," 1084.91"," 1084.93"," 1084.91"," 1084.93"," 1084.92"," 1084.92"," 652268"," 7076.59"," 728"," 334727"," 51.32"
LIQUIDADD," EQ"," 01-Jan-2026"," 1106.92"," 1107.00"," 1107.08"," 1107.00"," 1107.08"," 1107.07"," 1107.07"," 518680"," 5742.17"," 1005"," 448265"," 86.42"
LIQUIDBEES," EQ"," 01-Jan-2026"," 999.99"," 999.99"," 1000.50"," 999.99"," 1000.00"," 1000.00"," 1000.00"," 4785423"," 47854.44"," 13708"," 4615446"," 96.45"
LIQUIDBETF," EQ"," 01-Jan-2026"," 1063.09"," 1063.25"," 1063.25"," 1063.23"," 1063.25"," 1063.24"," 1063.23"," 722919"," 7686.32"," 667"," 585800"," 81.03"
LIQUIDCASE," EQ"," 01-Jan-2026"," 112.08"," 112.10"," 112.10"," 112.08"," 112.10"," 112.09"," 112.09"," 16614521"," 18623.96"," 15008"," 15419171"," 92.81"
LIQUIDETF," EQ"," 01-Jan-2026"," 1000.00"," 1000.00"," 1000.01"," 999.99"," 1000.01"," 1000.00"," 1000.00"," 247095"," 2470.96"," 518"," 181512"," 73.46"
LIQUIDIETF," EQ"," 01-Jan-2026"," 999.99"," 1000.00"," 1000.01"," 999.99"," 1000.00"," 999.99"," 1000.00"," 826125"," 8261.25"," 914"," 470261"," 56.92"
LIQUIDPLUS," EQ"," 01-Jan-2026"," 1066.27"," 1066.41"," 1066.43"," 1066.41"," 1066.43"," 1066.42"," 1066.43"," 737138"," 7861.06"," 183"," 723522"," 98.15"
LIQUIDSBI," EQ"," 01-Jan-2026"," 1000.01"," 999.99"," 1000.01"," 999.99"," 1000.01"," 1000.00"," 999.99"," 8254"," 82.54"," 39"," 7131"," 86.39"
LIQUIDSHRI," EQ"," 01-Jan-2026"," 1085.89"," 1086.05"," 1086.05"," 1086.03"," 1086.05"," 1086.04"," 1086.05"," 13079"," 142.04"," 60"," 11771"," 90.00"
LLOYDPP," E1"," 01-Jan-2026"," 40.07"," 40.39"," 42.00"," 39.95"," 41.05"," 41.22"," 41.07"," 333932"," 137.13"," 493"," 239603"," 71.75"
LLOYDSENGG," EQ"," 01-Jan-2026"," 56.02"," 56.14"," 56.64"," 55.73"," 56.30"," 56.32"," 56.24"," 1679465"," 944.52"," 7171"," 599363"," 35.69"
LLOYDSENPP," E1"," 01-Jan-2026"," 37.79"," 38.67"," 38.67"," 37.75"," 38.53"," 38.39"," 38.29"," 71230"," 27.27"," 278"," 52567"," 73.80"
LLOYDSENT," EQ"," 01-Jan-2026"," 59.75"," 59.90"," 63.47"," 59.69"," 62.70"," 62.59"," 62.22"," 3839581"," 2389.03"," 17848"," 1080021"," 28.13"
LLOYDSME," EQ"," 01-Jan-2026"," 1321.30"," 1322.50"," 1369.80"," 1315.40"," 1346.00"," 1352.40"," 1348.29"," 601297"," 8107.22"," 29622"," 332450"," 55.29"
LMW," EQ"," 01-Jan-2026"," 14983.00"," 14911.00"," 15100.00"," 14900.00"," 15023.00"," 14985.00"," 14967.05"," 1037"," 155.21"," 381"," 680"," 65.57"
LODHA," EQ"," 01-Jan-2026"," 1061.30"," 1061.00"," 1074.90"," 1061.00"," 1073.40"," 1072.80"," 1070.09"," 393122"," 4206.76"," 16008"," 126747"," 32.24"
LOKESHMACH," EQ"," 01-Jan-2026"," 162.70"," 166.49"," 175.01"," 163.52"," 170.48"," 170.44"," 171.88"," 121928"," 209.57"," 9926"," 33215"," 27.24"
LORDSCHLO," EQ"," 01-Jan-2026"," 170.02"," 170.04"," 171.56"," 165.10"," 166.99"," 166.91"," 168.31"," 8260"," 13.90"," 470"," 5086"," 61.57"
LOTUSDEV," EQ"," 01-Jan-2026"," 159.31"," 158.45"," 161.21"," 157.89"," 159.50"," 159.36"," 158.95"," 274277"," 435.95"," 3749"," 140224"," 51.12"
LOTUSEYE," EQ"," 01-Jan-2026"," 119.24"," 119.58"," 120.98"," 116.50"," 120.75"," 120.45"," 118.96"," 7395"," 8.80"," 245"," 5105"," 69.03"
LOVABLE," EQ"," 01-Jan-2026"," 81.26"," 82.00"," 82.00"," 79.56"," 80.10"," 80.18"," 80.66"," 12424"," 10.02"," 459"," 7577"," 60.99"
LOWVOL," EQ"," 01-Jan-2026"," 215.86"," 215.82"," 216.11"," 215.79"," 216.04"," 216.04"," 215.90"," 92"," 0.20"," 8"," 92"," 100.00"
LOWVOL1," EQ"," 01-Jan-2026"," 21.98"," 21.97"," 22.06"," 21.93"," 21.96"," 22.01"," 21.99"," 9126"," 2.01"," 139"," 7930"," 86.89"
LOWVOLIETF," EQ"," 01-Jan-2026"," 23.23"," 23.64"," 23.64"," 23.12"," 23.16"," 23.18"," 23.18"," 833356"," 193.17"," 1160"," 719405"," 86.33"
LOYALTEX," EQ"," 01-Jan-2026"," 219.64"," 219.99"," 219.99"," 210.15"," 211.50"," 213.95"," 212.06"," 385"," 0.82"," 23"," 252"," 65.45"
LPDC," EQ"," 01-Jan-2026"," 7.08"," 7.44"," 7.44"," 6.26"," 7.11"," 6.99"," 6.86"," 93519"," 6.42"," 423"," 60982"," 65.21"
LRRPL," SM"," 01-Jan-2026"," 73.60"," 73.50"," 73.50"," 73.50"," 73.50"," 73.50"," 73.50"," 1500"," 1.10"," 1"," 1500"," 100.00"
LT," EQ"," 01-Jan-2026"," 4083.50"," 4090.00"," 4146.80"," 4088.30"," 4136.00"," 4140.40"," 4132.19"," 1360716"," 56227.35"," 103110"," 663745"," 48.78"
LTF," EQ"," 01-Jan-2026"," 315.95"," 315.95"," 321.90"," 313.40"," 317.00"," 317.25"," 318.26"," 5017284"," 15968.13"," 49543"," 1613744"," 32.16"
LTFOODS," EQ"," 01-Jan-2026"," 389.45"," 389.80"," 389.95"," 382.00"," 385.00"," 386.10"," 386.00"," 227277"," 877.29"," 9395"," 90605"," 39.87"
LTGILTBEES," EQ"," 01-Jan-2026"," 29.17"," 29.66"," 29.66"," 29.14"," 29.19"," 29.18"," 29.17"," 1150253"," 335.54"," 952"," 940327"," 81.75"
LTGILTCASE," EQ"," 01-Jan-2026"," 29.74"," 30.63"," 30.63"," 28.75"," 29.73"," 29.74"," 29.71"," 46819"," 13.91"," 459"," 39756"," 84.91"
LTIM," EQ"," 01-Jan-2026"," 6063.50"," 6063.50"," 6120.00"," 6040.00"," 6118.00"," 6112.00"," 6081.11"," 54661"," 3324.00"," 7131"," 17640"," 32.27"
LTTS," EQ"," 01-Jan-2026"," 4462.20"," 4463.00"," 4515.00"," 4351.00"," 4400.00"," 4380.00"," 4396.77"," 59526"," 2617.22"," 12556"," 26991"," 45.34"
LUMAXIND," EQ"," 01-Jan-2026"," 5218.00"," 5289.00"," 5349.00"," 5000.00"," 5099.00"," 5071.50"," 5167.02"," 19280"," 996.20"," 5707"," 5160"," 26.76"
LUMAXTECH," EQ"," 01-Jan-2026"," 1544.50"," 1553.00"," 1650.00"," 1553.00"," 1618.20"," 1616.60"," 1625.04"," 907914"," 14753.99"," 73239"," 214688"," 23.65"
LUPIN," EQ"," 01-Jan-2026"," 2109.50"," 2114.00"," 2114.00"," 2082.00"," 2106.20"," 2102.80"," 2093.78"," 380593"," 7968.78"," 11681"," 210806"," 55.39"
LUXIND," EQ"," 01-Jan-2026"," 1113.10"," 1108.00"," 1118.00"," 1103.50"," 1103.70"," 1112.50"," 1109.95"," 12125"," 134.58"," 1283"," 7467"," 61.58"
LXCHEM," EQ"," 01-Jan-2026"," 169.19"," 170.50"," 170.57"," 167.28"," 168.15"," 167.90"," 168.67"," 219141"," 369.63"," 4400"," 126180"," 57.58"
LYKALABS," EQ"," 01-Jan-2026"," 75.89"," 75.10"," 77.50"," 75.10"," 76.99"," 76.59"," 76.40"," 14115"," 10.78"," 250"," 10325"," 73.15"
LYPSAGEMS," EQ"," 01-Jan-2026"," 5.50"," 5.70"," 5.88"," 5.30"," 5.37"," 5.36"," 5.52"," 205544"," 11.34"," 565"," 115717"," 56.30"
M&M," EQ"," 01-Jan-2026"," 3709.20"," 3725.00"," 3774.00"," 3721.10"," 3755.00"," 3761.00"," 3756.90"," 1498161"," 56284.41"," 95505"," 540724"," 36.09"
M&MFIN," EQ"," 01-Jan-2026"," 403.00"," 402.50"," 405.80"," 398.25"," 403.90"," 404.15"," 402.85"," 2358460"," 9501.07"," 39079"," 1177552"," 49.93"
MAANALU," BE"," 01-Jan-2026"," 161.67"," 163.70"," 163.70"," 155.35"," 159.79"," 158.33"," 159.66"," 45432"," 72.54"," 506"," -"," -"
MACOBSTECH," SM"," 01-Jan-2026"," 214.00"," 212.00"," 212.00"," 209.00"," 210.00"," 210.00"," 210.59"," 18400"," 38.75"," 23"," 10400"," 56.52"
MACPOWER," EQ"," 01-Jan-2026"," 1030.20"," 1035.40"," 1045.80"," 1015.10"," 1019.00"," 1022.90"," 1025.09"," 7998"," 81.99"," 814"," 4082"," 51.04"
MADHAV," EQ"," 01-Jan-2026"," 42.27"," 42.06"," 43.40"," 42.06"," 42.90"," 42.95"," 42.91"," 2306"," 0.99"," 45"," 1654"," 71.73"
MADHAVBAUG," SM"," 01-Jan-2026"," 284.55"," 286.00"," 286.00"," 286.00"," 286.00"," 286.00"," 286.00"," 400"," 1.14"," 1"," 400"," 100.00"
MADHUCON," EQ"," 01-Jan-2026"," 6.14"," 6.26"," 6.26"," 6.08"," 6.08"," 6.10"," 6.14"," 13467"," 0.83"," 68"," 10640"," 79.01"
MADRASFERT," EQ"," 01-Jan-2026"," 79.61"," 80.20"," 80.60"," 79.35"," 80.42"," 79.57"," 79.79"," 42533"," 33.94"," 871"," 23835"," 56.04"
MAFANG," EQ"," 01-Jan-2026"," 169.39"," 169.11"," 169.11"," 169.11"," 169.11"," 169.11"," 169.11"," 125059"," 211.49"," 501"," 125059"," 100.00"
MAGADSUGAR," EQ"," 01-Jan-2026"," 502.80"," 503.00"," 504.50"," 501.25"," 504.50"," 504.10"," 503.54"," 1545"," 7.78"," 112"," 1358"," 87.90"
MAGNUM," EQ"," 01-Jan-2026"," 23.13"," 23.20"," 23.20"," 22.75"," 23.18"," 22.92"," 22.95"," 7814"," 1.79"," 104"," 6388"," 81.75"
MAGSON," SM"," 01-Jan-2026"," 124.00"," 126.00"," 126.00"," 124.00"," 124.00"," 124.00"," 124.75"," 4000"," 4.99"," 4"," 4000"," 100.00"
MAHABANK," EQ"," 01-Jan-2026"," 62.05"," 62.45"," 63.84"," 61.44"," 63.63"," 63.63"," 63.15"," 31800785"," 20083.55"," 72154"," 15247118"," 47.95"
MAHAPEXLTD," EQ"," 01-Jan-2026"," 105.88"," 107.99"," 109.00"," 105.81"," 109.00"," 108.11"," 107.63"," 10504"," 11.31"," 421"," 7235"," 68.88"
MAHASTEEL," BE"," 01-Jan-2026"," 1001.00"," 1020.00"," 1031.00"," 998.50"," 1005.00"," 1014.70"," 1015.00"," 8356"," 84.81"," 504"," -"," -"
MAHEPC," EQ"," 01-Jan-2026"," 128.55"," 127.50"," 130.48"," 127.20"," 129.70"," 128.01"," 128.55"," 10413"," 13.39"," 497"," 4076"," 39.14"
MAHESHWARI," EQ"," 01-Jan-2026"," 46.90"," 46.90"," 48.56"," 46.90"," 47.30"," 47.33"," 47.59"," 9088"," 4.32"," 90"," 6798"," 74.80"
MAHICKRA," SM"," 01-Jan-2026"," 148.55"," 152.50"," 152.50"," 149.95"," 149.95"," 149.95"," 151.23"," 1500"," 2.27"," 2"," 1500"," 100.00"
MAHKTECH," EQ"," 01-Jan-2026"," 25.48"," 25.84"," 25.84"," 25.60"," 25.66"," 25.69"," 25.72"," 1883488"," 484.48"," 7727"," 1537717"," 81.64"
MAHLIFE," EQ"," 01-Jan-2026"," 394.60"," 394.60"," 399.80"," 392.00"," 392.50"," 393.85"," 395.38"," 64604"," 255.43"," 4153"," 34407"," 53.26"
MAHLOG," EQ"," 01-Jan-2026"," 316.60"," 318.15"," 322.65"," 315.05"," 322.50"," 319.55"," 318.06"," 207634"," 660.40"," 2406"," 177439"," 85.46"
MAHSCOOTER," EQ"," 01-Jan-2026"," 14223.00"," 14279.00"," 14279.00"," 14133.00"," 14185.00"," 14205.00"," 14175.47"," 1895"," 268.63"," 790"," 1125"," 59.37"
MAHSEAMLES," EQ"," 01-Jan-2026"," 561.35"," 564.40"," 564.85"," 553.50"," 554.15"," 554.80"," 557.08"," 63370"," 353.02"," 3122"," 37590"," 59.32"
MAITHANALL," EQ"," 01-Jan-2026"," 1020.00"," 1015.00"," 1025.80"," 1002.20"," 1008.00"," 1008.40"," 1012.72"," 10122"," 102.51"," 987"," 5976"," 59.04"
MAITREYA," SM"," 01-Jan-2026"," 218.90"," 208.95"," 214.90"," 208.95"," 214.00"," 212.60"," 211.18"," 3200"," 6.76"," 7"," 2000"," 62.50"
MAKEINDIA," EQ"," 01-Jan-2026"," 156.48"," 156.48"," 156.99"," 155.86"," 156.58"," 156.92"," 156.65"," 12480"," 19.55"," 320"," 11059"," 88.61"
MAL," SM"," 01-Jan-2026"," 47.45"," 49.80"," 49.80"," 49.80"," 49.80"," 49.80"," 49.80"," 3200"," 1.59"," 2"," 3200"," 100.00"
MALLCOM," EQ"," 01-Jan-2026"," 1201.10"," 1183.10"," 1198.20"," 1156.00"," 1157.00"," 1173.00"," 1185.71"," 1525"," 18.08"," 304"," 713"," 46.75"
MALUPAPER," EQ"," 01-Jan-2026"," 35.33"," 35.25"," 36.80"," 35.25"," 35.95"," 35.89"," 35.84"," 4688"," 1.68"," 58"," 4393"," 93.71"
MAMATA," EQ"," 01-Jan-2026"," 426.05"," 430.00"," 445.00"," 423.50"," 436.00"," 435.10"," 436.01"," 217500"," 948.31"," 11747"," 56578"," 26.01"
MANAKALUCO," BE"," 01-Jan-2026"," 28.89"," 29.40"," 30.00"," 29.00"," 29.05"," 29.07"," 29.39"," 43877"," 12.90"," 226"," -"," -"
MANAKCOAT," EQ"," 01-Jan-2026"," 131.70"," 132.70"," 134.80"," 129.12"," 132.00"," 132.58"," 131.49"," 451459"," 593.61"," 4486"," 249625"," 55.29"
MANAKSIA," EQ"," 01-Jan-2026"," 64.50"," 64.90"," 65.50"," 64.00"," 64.50"," 64.62"," 64.73"," 25000"," 16.18"," 357"," 13390"," 53.56"
MANAKSTEEL," EQ"," 01-Jan-2026"," 70.03"," 70.05"," 72.98"," 68.29"," 72.49"," 72.46"," 70.69"," 48702"," 34.43"," 482"," 31267"," 64.20"
MANALIPETC," EQ"," 01-Jan-2026"," 62.84"," 63.20"," 63.49"," 62.33"," 62.85"," 62.86"," 62.88"," 110361"," 69.40"," 1780"," 57069"," 51.71"
MANAPPURAM," EQ"," 01-Jan-2026"," 308.55"," 310.05"," 315.70"," 306.00"," 314.50"," 314.10"," 312.78"," 3758145"," 11754.63"," 51493"," 1492825"," 39.72"
MANAV," ST"," 01-Jan-2026"," 30.10"," 28.60"," 28.60"," 28.60"," 28.60"," 28.60"," 28.60"," 4000"," 1.14"," 1"," 4000"," 100.00"
MANBA," EQ"," 01-Jan-2026"," 140.42"," 139.50"," 141.50"," 139.40"," 141.10"," 140.01"," 139.91"," 55392"," 77.50"," 600"," 27742"," 50.08"
MANCREDIT," EQ"," 01-Jan-2026"," 167.59"," 166.55"," 169.09"," 165.12"," 166.80"," 167.06"," 166.82"," 25509"," 42.55"," 1078"," 1876"," 7.35"
MANGALAM," EQ"," 01-Jan-2026"," 27.51"," 28.88"," 28.88"," 28.88"," 28.88"," 28.88"," 28.88"," 26337"," 7.61"," 55"," 26337"," 100.00"
MANGLMCEM," EQ"," 01-Jan-2026"," 768.10"," 777.00"," 780.00"," 759.90"," 764.50"," 764.55"," 768.82"," 45430"," 349.28"," 1893"," 28731"," 63.24"
MANINDS," EQ"," 01-Jan-2026"," 386.55"," 389.00"," 396.00"," 384.15"," 390.10"," 391.70"," 390.48"," 168059"," 656.23"," 4201"," 79317"," 47.20"
MANINFRA," EQ"," 01-Jan-2026"," 127.88"," 127.90"," 128.90"," 127.15"," 127.36"," 127.68"," 127.76"," 83262"," 106.37"," 1975"," 34935"," 41.96"
MANKIND," EQ"," 01-Jan-2026"," 2196.50"," 2202.00"," 2202.00"," 2156.00"," 2164.60"," 2164.60"," 2170.66"," 85103"," 1847.30"," 8589"," 38769"," 45.56"
MANOMAY," BE"," 01-Jan-2026"," 201.25"," 201.00"," 205.00"," 197.71"," 203.60"," 203.60"," 202.81"," 3211"," 6.51"," 25"," -"," -"
MANORAMA," EQ"," 01-Jan-2026"," 1335.20"," 1325.10"," 1341.90"," 1325.10"," 1330.10"," 1333.30"," 1331.36"," 93317"," 1242.39"," 3812"," 75134"," 80.51"
MANORG," EQ"," 01-Jan-2026"," 491.20"," 488.95"," 489.90"," 485.00"," 485.00"," 485.00"," 486.29"," 483"," 2.35"," 68"," 300"," 62.11"
MANUFGBEES," EQ"," 01-Jan-2026"," 154.13"," 154.50"," 154.50"," 153.52"," 154.50"," 154.50"," 154.06"," 2843"," 4.38"," 71"," 2707"," 95.22"
MANUGRAPH," EQ"," 01-Jan-2026"," 16.16"," 16.22"," 16.47"," 16.16"," 16.29"," 16.28"," 16.26"," 6920"," 1.13"," 30"," 6552"," 94.68"
MANYAVAR," EQ"," 01-Jan-2026"," 582.10"," 582.00"," 584.50"," 574.05"," 576.00"," 575.70"," 577.32"," 51598"," 297.89"," 4785"," 30063"," 58.26"
MAPMYINDIA," EQ"," 01-Jan-2026"," 1727.20"," 1715.20"," 1740.00"," 1705.00"," 1715.40"," 1730.70"," 1730.65"," 60891"," 1053.81"," 7070"," 26540"," 43.59"
MARALOVER," EQ"," 01-Jan-2026"," 44.29"," 44.21"," 44.95"," 43.10"," 44.00"," 43.99"," 43.96"," 2714"," 1.19"," 63"," 2338"," 86.15"
MARATHON," EQ"," 01-Jan-2026"," 556.05"," 552.75"," 555.45"," 542.30"," 542.30"," 544.60"," 548.38"," 16556"," 90.79"," 847"," 7969"," 48.13"
MARC," ST"," 01-Jan-2026"," 57.70"," 54.85"," 60.50"," 54.85"," 55.00"," 56.10"," 55.87"," 988800"," 552.44"," 493"," 979200"," 99.03"
MARICO," EQ"," 01-Jan-2026"," 750.60"," 755.00"," 762.85"," 746.00"," 759.60"," 760.45"," 755.88"," 710787"," 5372.69"," 24586"," 315657"," 44.41"
MARINE," EQ"," 01-Jan-2026"," 216.29"," 217.00"," 217.00"," 211.00"," 212.40"," 211.67"," 212.80"," 101318"," 215.60"," 2900"," 59304"," 58.53"
MARINETRAN," ST"," 01-Jan-2026"," 24.40"," 23.20"," 23.20"," 23.20"," 23.20"," 23.20"," 23.20"," 4000"," 0.93"," 1"," 4000"," 100.00"
MARKOLINES," EQ"," 01-Jan-2026"," 164.66"," 166.00"," 166.00"," 161.04"," 164.00"," 161.64"," 162.54"," 31632"," 51.42"," 899"," 13355"," 42.22"
MARKSANS," EQ"," 01-Jan-2026"," 180.29"," 181.80"," 181.87"," 179.00"," 180.35"," 179.87"," 180.01"," 318058"," 572.53"," 6994"," 151122"," 47.51"
MARUTI," EQ"," 01-Jan-2026"," 16697.00"," 16700.00"," 16798.00"," 16602.00"," 16713.00"," 16708.00"," 16718.22"," 171293"," 28637.15"," 39926"," 77189"," 45.06"
MASFIN," EQ"," 01-Jan-2026"," 323.60"," 323.00"," 326.00"," 316.45"," 320.10"," 319.60"," 319.57"," 97024"," 310.06"," 6414"," 51598"," 53.18"
MASKINVEST," BE"," 01-Jan-2026"," 142.15"," 145.00"," 145.00"," 145.00"," 145.00"," 145.00"," 145.00"," 6"," 0.01"," 4"," -"," -"
MASON," SM"," 01-Jan-2026"," 196.00"," 194.00"," 194.00"," 193.00"," 193.00"," 193.00"," 193.33"," 1500"," 2.90"," 3"," 1500"," 100.00"
MASPTOP50," EQ"," 01-Jan-2026"," 71.41"," 72.19"," 72.19"," 71.07"," 72.19"," 72.19"," 71.98"," 235276"," 169.35"," 2313"," 194373"," 82.61"
MASTEK," EQ"," 01-Jan-2026"," 2050.90"," 2058.00"," 2115.00"," 2047.00"," 2112.50"," 2110.50"," 2088.35"," 63996"," 1336.46"," 6963"," 28449"," 44.45"
MASTERTR," EQ"," 01-Jan-2026"," 118.94"," 119.95"," 119.95"," 116.70"," 117.10"," 117.69"," 117.89"," 110680"," 130.48"," 2503"," 34104"," 30.81"
MATRIMONY," EQ"," 01-Jan-2026"," 532.00"," 534.00"," 548.70"," 533.85"," 542.00"," 541.70"," 541.39"," 113064"," 612.12"," 3510"," 66617"," 58.92"
MAWANASUG," EQ"," 01-Jan-2026"," 90.14"," 90.59"," 90.59"," 87.02"," 88.00"," 87.78"," 88.47"," 61786"," 54.66"," 798"," 50249"," 81.33"
MAXESTATES," EQ"," 01-Jan-2026"," 450.10"," 446.05"," 467.00"," 446.05"," 457.00"," 456.90"," 452.56"," 26452"," 119.71"," 1320"," 11562"," 43.71"
MAXHEALTH," EQ"," 01-Jan-2026"," 1045.10"," 1048.20"," 1054.00"," 1040.10"," 1047.70"," 1049.40"," 1048.40"," 1219041"," 12780.47"," 34203"," 701240"," 57.52"
MAXIND," EQ"," 01-Jan-2026"," 184.38"," 182.33"," 184.99"," 182.33"," 183.05"," 183.56"," 183.60"," 23566"," 43.27"," 493"," 18127"," 76.92"
MAXPOSURE," SM"," 01-Jan-2026"," 45.00"," 44.90"," 44.90"," 44.45"," 44.45"," 44.55"," 44.73"," 6000"," 2.68"," 6"," 5000"," 83.33"
MAXVOLT," ST"," 01-Jan-2026"," 493.75"," 483.15"," 493.45"," 475.00"," 491.95"," 491.95"," 482.62"," 12800"," 61.78"," 16"," 9600"," 75.00"
MAYASHEEL," ST"," 01-Jan-2026"," 61.50"," 61.90"," 63.00"," 61.90"," 63.00"," 62.60"," 62.45"," 66000"," 41.22"," 8"," 36000"," 54.55"
MAYURUNIQ," EQ"," 01-Jan-2026"," 495.30"," 497.90"," 520.00"," 492.35"," 513.00"," 515.35"," 510.06"," 63564"," 324.21"," 3317"," 33049"," 51.99"
MAZDA," EQ"," 01-Jan-2026"," 221.65"," 224.94"," 224.94"," 216.55"," 218.00"," 219.68"," 220.26"," 7322"," 16.13"," 458"," 3706"," 50.61"
MAZDOCK," EQ"," 01-Jan-2026"," 2490.20"," 2500.00"," 2504.00"," 2455.00"," 2482.60"," 2476.70"," 2472.94"," 807674"," 19973.31"," 33463"," 222347"," 27.53"
MBAPL," EQ"," 01-Jan-2026"," 421.90"," 427.30"," 429.70"," 418.35"," 427.00"," 428.05"," 425.44"," 60576"," 257.71"," 2035"," 24032"," 39.67"
MBEL," EQ"," 01-Jan-2026"," 382.95"," 382.00"," 387.45"," 381.00"," 382.20"," 382.45"," 384.02"," 103637"," 397.98"," 6151"," 39427"," 38.04"
MBLINFRA," EQ"," 01-Jan-2026"," 31.46"," 32.10"," 32.11"," 31.47"," 31.96"," 31.64"," 31.72"," 10833"," 3.44"," 282"," 6743"," 62.24"
MCL," EQ"," 01-Jan-2026"," 71.59"," 74.50"," 75.16"," 72.55"," 75.16"," 75.16"," 74.75"," 937497"," 700.82"," 3039"," 307223"," 32.77"
MCLEODRUSS," BE"," 01-Jan-2026"," 49.77"," 49.77"," 50.50"," 48.50"," 48.71"," 48.72"," 49.26"," 185753"," 91.51"," 652"," -"," -"
MCLOUD," EQ"," 01-Jan-2026"," 26.00"," 26.04"," 26.15"," 25.52"," 25.83"," 25.74"," 25.77"," 1143587"," 294.67"," 4606"," 617092"," 53.96"
MCON," ST"," 01-Jan-2026"," 59.60"," 59.65"," 60.45"," 58.00"," 60.45"," 60.45"," 59.37"," 3000"," 1.78"," 3"," 3000"," 100.00"
MCX," EQ"," 01-Jan-2026"," 11136.00"," 11160.00"," 11160.00"," 10966.00"," 11015.00"," 10989.00"," 11016.94"," 264671"," 29158.63"," 35744"," 102276"," 38.64"
MEDANTA," EQ"," 01-Jan-2026"," 1186.40"," 1186.30"," 1198.00"," 1185.20"," 1192.00"," 1191.90"," 1193.20"," 80927"," 965.62"," 14844"," 37249"," 46.03"
MEDIASSIST," EQ"," 01-Jan-2026"," 459.45"," 461.95"," 465.95"," 455.00"," 463.00"," 463.45"," 461.47"," 98660"," 455.29"," 4088"," 49976"," 50.65"
MEDICAMEQ," EQ"," 01-Jan-2026"," 364.65"," 368.35"," 384.40"," 366.65"," 380.80"," 381.55"," 376.70"," 24357"," 91.75"," 999"," 13211"," 54.24"
MEDICO," EQ"," 01-Jan-2026"," 50.60"," 50.92"," 53.00"," 48.31"," 49.10"," 49.17"," 50.00"," 197380"," 98.70"," 1823"," 101492"," 51.42"
MEDIORG," SM"," 01-Jan-2026"," 24.00"," 25.20"," 25.20"," 25.20"," 25.20"," 25.20"," 25.20"," 2000"," 0.50"," 1"," 2000"," 100.00"
MEDISTEP," SM"," 01-Jan-2026"," 23.10"," 23.50"," 25.40"," 23.50"," 25.10"," 24.55"," 24.46"," 33000"," 8.07"," 8"," 24000"," 72.73"
MEDPLUS," EQ"," 01-Jan-2026"," 807.30"," 805.00"," 816.00"," 801.85"," 816.00"," 810.65"," 808.07"," 33846"," 273.50"," 3171"," 18738"," 55.36"
MEESHO," EQ"," 01-Jan-2026"," 180.22"," 181.12"," 183.88"," 179.10"," 181.10"," 181.58"," 181.10"," 5077902"," 9195.92"," 31906"," 906422"," 17.85"
MEGAFLEX," ST"," 01-Jan-2026"," 127.55"," 121.40"," 121.40"," 121.20"," 121.20"," 121.20"," 121.30"," 6000"," 7.28"," 2"," 6000"," 100.00"
MEGASOFT," BE"," 01-Jan-2026"," 188.06"," 188.05"," 197.46"," 188.00"," 197.46"," 197.46"," 194.59"," 101370"," 197.26"," 343"," -"," -"
MEGASTAR," BE"," 01-Jan-2026"," 229.79"," 229.88"," 230.00"," 224.10"," 228.85"," 226.21"," 226.78"," 861"," 1.95"," 28"," -"," -"
MEGATHERM," SM"," 01-Jan-2026"," 230.00"," 231.00"," 231.00"," 225.00"," 225.95"," 225.65"," 226.77"," 6000"," 13.61"," 14"," 4800"," 80.00"
MEIL," EQ"," 01-Jan-2026"," 371.65"," 371.00"," 378.00"," 368.60"," 369.00"," 370.25"," 372.28"," 19241"," 71.63"," 1357"," 10864"," 56.46"
MENONBE," EQ"," 01-Jan-2026"," 106.94"," 104.10"," 112.00"," 104.10"," 111.98"," 110.95"," 108.55"," 34666"," 37.63"," 548"," 27415"," 79.08"
MEP," BZ"," 01-Jan-2026"," 1.90"," 1.90"," 1.90"," 1.87"," 1.87"," 1.87"," 1.87"," 54616"," 1.02"," 49"," -"," -"
METAL," EQ"," 01-Jan-2026"," 11.22"," 11.22"," 11.50"," 11.21"," 11.30"," 11.30"," 11.28"," 9956464"," 1122.74"," 7758"," 8313098"," 83.49"
METALIETF," EQ"," 01-Jan-2026"," 11.23"," 11.44"," 11.44"," 11.20"," 11.35"," 11.31"," 11.28"," 25582609"," 2886.22"," 15359"," 21346713"," 83.44"
METROBRAND," EQ"," 01-Jan-2026"," 1207.10"," 1200.20"," 1216.40"," 1187.20"," 1205.00"," 1202.30"," 1206.72"," 91108"," 1099.42"," 6828"," 72356"," 79.42"
METROPOLIS," EQ"," 01-Jan-2026"," 1928.90"," 1935.00"," 1939.00"," 1885.00"," 1885.00"," 1896.80"," 1907.84"," 7233"," 137.99"," 1360"," 2692"," 37.22"
MFML," EQ"," 01-Jan-2026"," 25.49"," 25.89"," 25.90"," 24.50"," 25.49"," 25.03"," 24.93"," 5461"," 1.36"," 84"," 4360"," 79.84"
MFSL," EQ"," 01-Jan-2026"," 1671.80"," 1677.50"," 1691.00"," 1664.60"," 1677.70"," 1674.00"," 1678.99"," 315743"," 5301.28"," 22290"," 178907"," 56.66"
MGEL," EQ"," 01-Jan-2026"," 14.13"," 14.39"," 14.39"," 13.81"," 13.96"," 13.96"," 14.05"," 471185"," 66.22"," 2002"," 271176"," 57.55"
MGL," EQ"," 01-Jan-2026"," 1136.10"," 1136.20"," 1142.10"," 1123.40"," 1128.00"," 1128.10"," 1130.26"," 90633"," 1024.39"," 10410"," 44110"," 48.67"
MGSL," SM"," 01-Jan-2026"," 107.45"," 109.80"," 110.90"," 105.10"," 105.10"," 105.45"," 108.94"," 51600"," 56.21"," 30"," 43200"," 83.72"
MHHL," SM"," 01-Jan-2026"," 39.15"," 37.50"," 37.50"," 37.50"," 37.50"," 37.50"," 37.50"," 1500"," 0.56"," 1"," 1500"," 100.00"
MHLXMIRU," EQ"," 01-Jan-2026"," 205.66"," 208.58"," 212.50"," 205.61"," 212.45"," 209.94"," 209.62"," 4082"," 8.56"," 298"," 2465"," 60.39"
MHRIL," EQ"," 01-Jan-2026"," 309.20"," 311.20"," 311.90"," 307.00"," 309.00"," 308.40"," 309.46"," 29571"," 91.51"," 2690"," 15181"," 51.34"
MICEL," EQ"," 01-Jan-2026"," 43.93"," 44.17"," 44.50"," 43.46"," 43.50"," 43.65"," 43.89"," 398723"," 174.98"," 2875"," 184670"," 46.32"
MICROPRO," SM"," 01-Jan-2026"," 19.25"," 20.00"," 20.00"," 20.00"," 20.00"," 20.00"," 20.00"," 1600"," 0.32"," 1"," 1600"," 100.00"
MID150," EQ"," 01-Jan-2026"," 22.55"," 22.44"," 22.69"," 22.43"," 22.66"," 22.61"," 22.59"," 87942"," 19.87"," 445"," 13596"," 15.46"
MID150BEES," EQ"," 01-Jan-2026"," 229.80"," 231.27"," 231.27"," 228.97"," 230.95"," 230.69"," 230.19"," 378411"," 871.05"," 6019"," 231607"," 61.21"
MID150CASE," EQ"," 01-Jan-2026"," 11.13"," 11.24"," 11.24"," 11.02"," 11.18"," 11.16"," 11.15"," 1201536"," 133.97"," 4270"," 836443"," 69.61"
MIDCAP," EQ"," 01-Jan-2026"," 175.71"," 175.70"," 176.68"," 175.51"," 176.62"," 176.50"," 176.01"," 22171"," 39.02"," 476"," 15168"," 68.41"
MIDCAPADD," EQ"," 01-Jan-2026"," 23.59"," 23.47"," 23.47"," 22.22"," 22.69"," 22.40"," 22.36"," 116269"," 26.00"," 359"," 79036"," 67.98"
MIDCAPBETA," EQ"," 01-Jan-2026"," 224.71"," 225.84"," 227.99"," 223.87"," 225.30"," 225.30"," 225.10"," 239"," 0.54"," 34"," 216"," 90.38"
MIDCAPETF," EQ"," 01-Jan-2026"," 22.71"," 23.00"," 23.00"," 22.63"," 22.81"," 22.79"," 22.74"," 4499187"," 1023.24"," 4689"," 4000291"," 88.91"
MIDCAPIETF," EQ"," 01-Jan-2026"," 22.91"," 23.04"," 23.10"," 22.91"," 23.00"," 23.04"," 22.99"," 803765"," 184.81"," 2451"," 620439"," 77.19"
MIDHANI," EQ"," 01-Jan-2026"," 343.45"," 343.40"," 344.00"," 337.40"," 342.75"," 341.75"," 339.88"," 592578"," 2014.03"," 13050"," 154688"," 26.10"
MIDQ50ADD," EQ"," 01-Jan-2026"," 246.64"," 246.96"," 247.63"," 245.41"," 247.62"," 247.59"," 246.93"," 3536"," 8.73"," 97"," 2679"," 75.76"
MIDSELIETF," EQ"," 01-Jan-2026"," 18.50"," 19.06"," 19.06"," 18.43"," 18.56"," 18.53"," 18.52"," 80893"," 14.98"," 716"," 56495"," 69.84"
MIDSMALL," EQ"," 01-Jan-2026"," 47.65"," 47.75"," 47.80"," 47.46"," 47.80"," 47.72"," 47.66"," 293708"," 139.99"," 958"," 249162"," 84.83"
MIDWESTLTD," EQ"," 01-Jan-2026"," 1720.60"," 1729.20"," 1770.40"," 1714.20"," 1740.50"," 1742.60"," 1745.28"," 95170"," 1660.98"," 6904"," 21545"," 22.64"
MIEL," SM"," 01-Jan-2026"," 19.05"," 20.95"," 20.95"," 20.00"," 20.70"," 20.70"," 20.42"," 16000"," 3.27"," 8"," 12000"," 75.00"
MINDACORP," EQ"," 01-Jan-2026"," 574.10"," 577.00"," 586.90"," 572.40"," 584.30"," 584.90"," 580.83"," 195587"," 1136.03"," 10172"," 91813"," 46.94"
MINDSPACE," RR"," 01-Jan-2026"," 474.99"," 476.00"," 476.00"," 471.26"," 473.70"," 474.01"," 474.35"," 62888"," 298.31"," 3252"," 50855"," 80.87"
MINDTECK," EQ"," 01-Jan-2026"," 204.18"," 205.24"," 206.74"," 203.35"," 205.20"," 204.84"," 205.44"," 21351"," 43.86"," 775"," 13438"," 62.94"
MIRCELECTR," EQ"," 01-Jan-2026"," 28.39"," 28.22"," 29.15"," 28.00"," 28.11"," 28.17"," 28.52"," 619711"," 176.76"," 1588"," 329965"," 53.24"
MIRZAINT," EQ"," 01-Jan-2026"," 36.99"," 37.14"," 37.45"," 36.43"," 36.75"," 36.93"," 36.83"," 95303"," 35.10"," 1396"," 45613"," 47.86"
MITCON," EQ"," 01-Jan-2026"," 67.87"," 68.97"," 68.97"," 66.20"," 66.70"," 66.75"," 66.90"," 934"," 0.62"," 33"," 830"," 88.87"
MITTAL," EQ"," 01-Jan-2026"," 1.15"," 1.12"," 1.17"," 1.12"," 1.15"," 1.14"," 1.15"," 360248"," 4.15"," 416"," 269766"," 74.88"
MKPL," EQ"," 01-Jan-2026"," 6.07"," 6.14"," 6.14"," 6.01"," 6.06"," 6.05"," 6.05"," 36483"," 2.21"," 392"," 26006"," 71.28"
MMFL," EQ"," 01-Jan-2026"," 362.60"," 366.00"," 366.10"," 356.35"," 362.00"," 362.25"," 360.47"," 42568"," 153.44"," 3730"," 22007"," 51.70"
MMP," EQ"," 01-Jan-2026"," 252.15"," 250.90"," 274.00"," 250.90"," 267.00"," 266.10"," 265.04"," 24493"," 64.92"," 1183"," 11169"," 45.60"
MMTC," EQ"," 01-Jan-2026"," 67.23"," 67.00"," 67.01"," 65.50"," 65.60"," 65.71"," 65.96"," 2965343"," 1955.93"," 14071"," 701750"," 23.67"
MNC," EQ"," 01-Jan-2026"," 31.22"," 31.19"," 31.33"," 31.05"," 31.20"," 31.30"," 31.24"," 187641"," 58.62"," 445"," 184620"," 98.39"
MOALPHA50," EQ"," 01-Jan-2026"," 50.27"," 50.26"," 50.32"," 49.95"," 50.32"," 50.21"," 50.13"," 1928"," 0.97"," 36"," 941"," 48.81"
MOBIKWIK," EQ"," 01-Jan-2026"," 232.01"," 233.15"," 233.86"," 229.05"," 230.30"," 230.05"," 231.09"," 412544"," 953.35"," 5882"," 168826"," 40.92"
MOCAPITAL," EQ"," 01-Jan-2026"," 46.76"," 46.77"," 46.99"," 46.20"," 46.53"," 46.46"," 46.45"," 201463"," 93.58"," 1860"," 178643"," 88.67"
MODEFENCE," EQ"," 01-Jan-2026"," 84.89"," 85.89"," 85.89"," 84.29"," 84.94"," 84.86"," 84.74"," 1374318"," 1164.53"," 6116"," 996851"," 72.53"
MODINATUR," EQ"," 01-Jan-2026"," 358.25"," 368.05"," 368.05"," 349.00"," 361.90"," 353.80"," 358.52"," 1408"," 5.05"," 88"," 1079"," 76.63"
MODIRUBBER," EQ"," 01-Jan-2026"," 142.97"," 142.00"," 142.00"," 137.54"," 138.26"," 138.69"," 139.46"," 20258"," 28.25"," 769"," 10066"," 49.69"
MODIS," EQ"," 01-Jan-2026"," 343.35"," 342.65"," 347.00"," 337.50"," 344.60"," 343.45"," 342.98"," 2007"," 6.88"," 314"," 690"," 34.38"
MODISONLTD," EQ"," 01-Jan-2026"," 154.36"," 155.00"," 155.20"," 151.10"," 152.60"," 152.07"," 152.46"," 39924"," 60.87"," 2042"," 21604"," 54.11"
MODTHREAD," EQ"," 01-Jan-2026"," 45.09"," 45.99"," 46.00"," 45.21"," 46.00"," 46.00"," 45.96"," 1358"," 0.62"," 58"," 1296"," 95.43"
MOENERGY," EQ"," 01-Jan-2026"," 35.40"," 36.11"," 36.11"," 35.33"," 35.67"," 35.51"," 35.55"," 53843"," 19.14"," 261"," 48614"," 90.29"
MOGOLD," EQ"," 01-Jan-2026"," 132.70"," 132.40"," 132.45"," 131.00"," 131.00"," 131.55"," 131.87"," 64388"," 84.91"," 633"," 23835"," 37.02"
MOGSEC," EQ"," 01-Jan-2026"," 62.99"," 62.99"," 63.00"," 62.67"," 63.00"," 62.99"," 62.89"," 3605"," 2.27"," 79"," 2751"," 76.31"
MOHEALTH," EQ"," 01-Jan-2026"," 44.56"," 44.94"," 44.94"," 44.09"," 44.42"," 44.34"," 44.27"," 65120"," 28.83"," 795"," 49751"," 76.40"
MOHITIND," EQ"," 01-Jan-2026"," 28.11"," 28.11"," 28.45"," 28.07"," 28.29"," 28.10"," 28.11"," 7737"," 2.17"," 33"," 7560"," 97.71"
MOIL," EQ"," 01-Jan-2026"," 368.55"," 368.50"," 370.00"," 361.55"," 368.95"," 367.85"," 365.70"," 572892"," 2095.08"," 12408"," 232419"," 40.57"
MOINFRA," EQ"," 01-Jan-2026"," 59.65"," 59.99"," 60.27"," 59.94"," 60.27"," 60.27"," 60.10"," 4823"," 2.90"," 38"," 4315"," 89.47"
MOIPO," EQ"," 01-Jan-2026"," 46.33"," 46.10"," 46.41"," 46.10"," 46.36"," 46.35"," 46.36"," 644"," 0.30"," 9"," 539"," 83.70"
MOKSH," EQ"," 01-Jan-2026"," 14.06"," 14.04"," 14.47"," 14.04"," 14.33"," 14.24"," 14.30"," 52088"," 7.45"," 301"," 31120"," 59.75"
MOL," EQ"," 01-Jan-2026"," 64.27"," 64.45"," 64.58"," 63.50"," 63.82"," 63.72"," 63.89"," 255659"," 163.35"," 2451"," 155657"," 60.88"
MOLDTECH," EQ"," 01-Jan-2026"," 149.20"," 151.00"," 152.01"," 148.50"," 150.20"," 150.50"," 150.33"," 19150"," 28.79"," 497"," 11375"," 59.40"
MOLDTKPAC," EQ"," 01-Jan-2026"," 613.20"," 617.80"," 617.85"," 599.90"," 605.30"," 606.15"," 605.25"," 59105"," 357.73"," 6003"," 30224"," 51.14"
MOLOWVOL," EQ"," 01-Jan-2026"," 39.16"," 39.06"," 39.09"," 38.87"," 39.00"," 38.99"," 39.00"," 4486"," 1.75"," 42"," 4437"," 98.91"
MOM100," EQ"," 01-Jan-2026"," 65.21"," 64.40"," 65.50"," 64.40"," 65.48"," 65.40"," 65.25"," 189820"," 123.86"," 2211"," 132984"," 70.06"
MOM30IETF," EQ"," 01-Jan-2026"," 31.68"," 31.59"," 31.83"," 31.58"," 31.82"," 31.81"," 31.72"," 491783"," 155.97"," 1767"," 298578"," 60.71"
MOM50," EQ"," 01-Jan-2026"," 271.19"," 279.33"," 279.33"," 269.10"," 269.10"," 271.90"," 271.74"," 2748"," 7.47"," 136"," 2131"," 77.55"
MOMENTUM," EQ"," 01-Jan-2026"," 31.53"," 31.69"," 31.71"," 31.42"," 31.71"," 31.64"," 31.60"," 23004"," 7.27"," 273"," 17080"," 74.25"
MOMENTUM30," EQ"," 01-Jan-2026"," 31.13"," 31.20"," 31.37"," 31.05"," 31.37"," 31.33"," 31.18"," 4753"," 1.48"," 69"," 3845"," 80.90"
MOMENTUM50," EQ"," 01-Jan-2026"," 52.22"," 52.29"," 52.50"," 52.06"," 52.50"," 52.40"," 52.29"," 223144"," 116.67"," 1532"," 163737"," 73.38"
MOMGF," EQ"," 01-Jan-2026"," 153.10"," 154.25"," 154.25"," 153.00"," 153.51"," 153.52"," 153.19"," 2401"," 3.68"," 34"," 2227"," 92.75"
MOMIDMTM," EQ"," 01-Jan-2026"," 62.84"," 63.15"," 63.15"," 62.67"," 63.10"," 63.14"," 62.96"," 18928"," 11.92"," 178"," 17548"," 92.71"
MOMNC," EQ"," 01-Jan-2026"," 30.34"," 30.47"," 30.50"," 30.31"," 30.50"," 30.50"," 30.44"," 3336"," 1.02"," 16"," 2944"," 88.25"
MOMOMENTUM," EQ"," 01-Jan-2026"," 62.91"," 64.80"," 64.80"," 62.65"," 63.60"," 63.16"," 63.06"," 64705"," 40.80"," 494"," 44421"," 68.65"
MON100," EQ"," 01-Jan-2026"," 231.63"," 234.00"," 235.50"," 230.62"," 235.20"," 234.54"," 233.43"," 685936"," 1601.16"," 16014"," 433458"," 63.19"
MON50EQUAL," EQ"," 01-Jan-2026"," 33.50"," 33.65"," 33.70"," 33.56"," 33.56"," 33.56"," 33.68"," 6446"," 2.17"," 15"," 6046"," 93.79"
MONARCH," EQ"," 01-Jan-2026"," 308.10"," 308.10"," 315.50"," 307.05"," 315.00"," 314.40"," 312.52"," 60107"," 187.85"," 1629"," 30060"," 50.01"
MONEXT50," EQ"," 01-Jan-2026"," 69.05"," 69.00"," 69.16"," 68.91"," 69.16"," 69.02"," 69.10"," 1924"," 1.33"," 35"," 1755"," 91.22"
MONEYBOXX," EQ"," 01-Jan-2026"," 61.95"," 62.48"," 62.75"," 61.30"," 61.82"," 62.00"," 62.03"," 25848"," 16.03"," 310"," 20900"," 80.86"
MONIFTY100," EQ"," 01-Jan-2026"," 26.80"," 26.80"," 26.84"," 26.67"," 26.84"," 26.84"," 26.73"," 1685"," 0.45"," 21"," 1685"," 100.00"
MONIFTY500," EQ"," 01-Jan-2026"," 24.28"," 24.40"," 24.40"," 24.26"," 24.34"," 24.34"," 24.33"," 138709"," 33.74"," 1055"," 103976"," 74.96"
MONOLITH," SM"," 01-Jan-2026"," 502.00"," 521.00"," 521.00"," 498.00"," 499.00"," 499.50"," 502.61"," 9750"," 49.00"," 27"," 6250"," 64.10"
MONOPHARMA," SM"," 01-Jan-2026"," 15.20"," 14.50"," 14.50"," 14.50"," 14.50"," 14.50"," 14.50"," 2000"," 0.29"," 1"," 2000"," 100.00"
MONQ50," EQ"," 01-Jan-2026"," 98.89"," 101.36"," 101.36"," 98.64"," 98.91"," 99.07"," 99.14"," 98085"," 97.24"," 1771"," 66410"," 67.71"
MONTECARLO," EQ"," 01-Jan-2026"," 639.60"," 640.00"," 650.40"," 633.50"," 636.95"," 636.45"," 639.88"," 34810"," 222.74"," 2946"," 18136"," 52.10"
MOPSE," EQ"," 01-Jan-2026"," 99.58"," 99.68"," 99.85"," 99.51"," 99.85"," 99.85"," 99.81"," 1659"," 1.66"," 28"," 1659"," 100.00"
MOQUALITY," EQ"," 01-Jan-2026"," 199.41"," 199.41"," 199.41"," 198.60"," 199.41"," 199.41"," 198.93"," 792"," 1.58"," 23"," 785"," 99.12"
MOREALTY," EQ"," 01-Jan-2026"," 87.82"," 88.25"," 88.58"," 87.23"," 88.53"," 88.44"," 88.22"," 265925"," 234.61"," 1508"," 152015"," 57.16"
MOREPENLAB," EQ"," 01-Jan-2026"," 41.07"," 41.07"," 41.44"," 40.83"," 41.19"," 41.11"," 41.12"," 807631"," 332.08"," 4784"," 372138"," 46.08"
MOS," SM"," 01-Jan-2026"," 22.15"," 22.10"," 23.35"," 22.00"," 22.75"," 22.90"," 22.63"," 868000"," 196.39"," 124"," 488000"," 56.22"
MOSCHIP," EQ"," 01-Jan-2026"," 205.73"," 206.80"," 207.29"," 201.77"," 202.79"," 202.19"," 203.48"," 432769"," 880.59"," 8244"," 224340"," 51.84"
MOSERVICE," EQ"," 01-Jan-2026"," 33.66"," 33.76"," 33.77"," 33.76"," 33.76"," 33.76"," 33.76"," 1054"," 0.36"," 17"," 1053"," 99.91"
MOSILVER," EQ"," 01-Jan-2026"," 221.76"," 224.94"," 224.94"," 216.65"," 221.20"," 223.12"," 221.88"," 84604"," 187.72"," 1231"," 36084"," 42.65"
MOSMALL250," EQ"," 01-Jan-2026"," 16.76"," 16.82"," 16.82"," 16.67"," 16.74"," 16.72"," 16.72"," 485099"," 81.13"," 2346"," 329120"," 67.85"
MOTHERSON," EQ"," 01-Jan-2026"," 119.94"," 120.40"," 122.75"," 119.84"," 122.55"," 122.52"," 121.53"," 13120204"," 15944.53"," 59502"," 5587788"," 42.59"
MOTILALOFS," EQ"," 01-Jan-2026"," 855.75"," 861.45"," 862.45"," 840.10"," 843.50"," 841.65"," 845.42"," 405179"," 3425.45"," 23036"," 193905"," 47.86"
MOTISONS," EQ"," 01-Jan-2026"," 14.79"," 14.35"," 14.97"," 14.35"," 14.65"," 14.62"," 14.69"," 1896150"," 278.63"," 4665"," 1030388"," 54.34"
MOTOGENFIN," EQ"," 01-Jan-2026"," 22.66"," 22.60"," 23.00"," 22.43"," 22.90"," 22.86"," 22.66"," 7711"," 1.75"," 111"," 4642"," 60.20"
MOTOUR," EQ"," 01-Jan-2026"," 85.84"," 86.00"," 86.06"," 85.55"," 85.98"," 85.90"," 85.81"," 6775"," 5.81"," 125"," 6495"," 95.87"
MOVALUE," EQ"," 01-Jan-2026"," 117.07"," 114.14"," 117.58"," 114.14"," 117.14"," 117.33"," 116.87"," 982604"," 1148.38"," 1165"," 944761"," 96.15"
MPEL," SM"," 01-Jan-2026"," 90.95"," 91.00"," 91.00"," 89.90"," 89.90"," 90.00"," 90.52"," 64000"," 57.93"," 5"," 64000"," 100.00"
MPHASIS," EQ"," 01-Jan-2026"," 2791.20"," 2788.90"," 2840.90"," 2788.90"," 2820.00"," 2828.60"," 2818.86"," 96465"," 2719.22"," 10206"," 29983"," 31.08"
MPSLTD," EQ"," 01-Jan-2026"," 2032.20"," 2051.40"," 2051.50"," 1998.00"," 2005.00"," 2004.60"," 2010.32"," 11178"," 224.71"," 2278"," 7972"," 71.32"
MRF," EQ"," 01-Jan-2026"," 152855.00"," 152500.00"," 153115.00"," 151220.00"," 151230.00"," 151535.00"," 152119.49"," 2867"," 4361.27"," 1819"," 989"," 34.50"
MRIL," SM"," 01-Jan-2026"," 50.50"," 51.80"," 52.35"," 50.10"," 51.00"," 51.00"," 51.09"," 9600"," 4.90"," 6"," 6400"," 66.67"
MRPL," EQ"," 01-Jan-2026"," 152.03"," 151.00"," 156.79"," 149.77"," 153.25"," 153.48"," 153.59"," 12509505"," 19213.40"," 77238"," 1606103"," 12.84"
MSCIADD," EQ"," 01-Jan-2026"," 30.69"," 30.83"," 30.83"," 30.73"," 30.83"," 30.83"," 30.81"," 2128"," 0.66"," 20"," 2122"," 99.72"
MSCIINDIA," EQ"," 01-Jan-2026"," 31.05"," 31.19"," 31.25"," 30.99"," 31.25"," 31.22"," 31.19"," 170173"," 53.07"," 86"," 168912"," 99.26"
MSPL," EQ"," 01-Jan-2026"," 37.37"," 37.70"," 37.70"," 36.55"," 36.96"," 37.05"," 36.90"," 737661"," 272.21"," 2495"," 355332"," 48.17"
MSTCLTD," EQ"," 01-Jan-2026"," 522.90"," 522.90"," 524.85"," 512.50"," 514.60"," 514.15"," 517.79"," 90999"," 471.18"," 3710"," 47835"," 52.57"
MSUMI," EQ"," 01-Jan-2026"," 48.52"," 48.52"," 49.17"," 47.85"," 48.80"," 48.92"," 48.62"," 4813143"," 2339.97"," 24570"," 1464029"," 30.42"
MTARTECH," EQ"," 01-Jan-2026"," 2416.70"," 2428.00"," 2435.80"," 2390.00"," 2396.00"," 2395.50"," 2408.94"," 48568"," 1169.97"," 6642"," 12829"," 26.41"
MTEDUCARE," BE"," 01-Jan-2026"," 1.72"," 1.66"," 1.74"," 1.66"," 1.69"," 1.70"," 1.70"," 43249"," 0.73"," 39"," -"," -"
MTNL," EQ"," 01-Jan-2026"," 36.00"," 35.78"," 37.14"," 35.78"," 36.53"," 36.50"," 36.56"," 1895380"," 692.87"," 7149"," 485139"," 25.60"
MUFIN," EQ"," 01-Jan-2026"," 115.70"," 115.71"," 117.00"," 114.59"," 116.32"," 116.04"," 115.94"," 566577"," 656.89"," 2550"," 333774"," 58.91"
MUFTI," EQ"," 01-Jan-2026"," 100.89"," 100.90"," 101.35"," 98.87"," 99.26"," 99.44"," 99.89"," 84202"," 84.11"," 1187"," 56225"," 66.77"
MUKANDLTD," EQ"," 01-Jan-2026"," 135.95"," 136.01"," 137.33"," 133.63"," 135.05"," 136.50"," 135.35"," 61938"," 83.83"," 1876"," 24108"," 38.92"
MUKKA," EQ"," 01-Jan-2026"," 24.02"," 24.14"," 24.17"," 23.95"," 24.06"," 24.06"," 24.04"," 162594"," 39.08"," 1283"," 85535"," 52.61"
MUKTAARTS," EQ"," 01-Jan-2026"," 62.79"," 62.00"," 63.78"," 61.32"," 62.90"," 62.68"," 62.83"," 5691"," 3.58"," 53"," 1776"," 31.21"
MULTICAP," EQ"," 01-Jan-2026"," 16.59"," 16.59"," 16.64"," 16.55"," 16.63"," 16.62"," 16.61"," 73280"," 12.17"," 388"," 55314"," 75.48"
MUNISH," SM"," 01-Jan-2026"," 103.00"," 100.85"," 103.00"," 99.50"," 103.00"," 103.00"," 100.78"," 8400"," 8.47"," 6"," 7200"," 85.71"
MUNJALAU," EQ"," 01-Jan-2026"," 79.66"," 79.15"," 80.94"," 79.15"," 79.66"," 79.85"," 80.04"," 60526"," 48.44"," 1600"," 29150"," 48.16"
MUNJALSHOW," EQ"," 01-Jan-2026"," 123.63"," 124.99"," 125.00"," 122.68"," 123.13"," 123.30"," 123.44"," 23109"," 28.53"," 388"," 15475"," 66.97"
MURUDCERA," EQ"," 01-Jan-2026"," 34.86"," 34.55"," 35.24"," 34.50"," 34.80"," 34.65"," 34.82"," 24075"," 8.38"," 323"," 19276"," 80.07"
MUTHOOTCAP," EQ"," 01-Jan-2026"," 274.05"," 272.00"," 274.30"," 271.60"," 272.00"," 272.30"," 272.83"," 5954"," 16.24"," 199"," 4404"," 73.97"
MUTHOOTFIN," EQ"," 01-Jan-2026"," 3811.70"," 3801.50"," 3844.90"," 3766.50"," 3831.80"," 3839.00"," 3816.90"," 200637"," 7658.11"," 28748"," 77384"," 38.57"
MUTHOOTMF," EQ"," 01-Jan-2026"," 176.64"," 175.00"," 180.00"," 171.00"," 173.00"," 172.49"," 172.90"," 173428"," 299.86"," 4954"," 85864"," 49.51"
MVGJL," EQ"," 01-Jan-2026"," 181.12"," 181.10"," 184.95"," 176.10"," 184.95"," 182.00"," 181.09"," 44149"," 79.95"," 1092"," 26645"," 60.35"
MVKAGRO," ST"," 01-Jan-2026"," 765.80"," 765.80"," 765.80"," 740.00"," 758.00"," 749.55"," 747.45"," 4200"," 31.39"," 12"," 3600"," 85.71"
MWL," EQ"," 01-Jan-2026"," 276.80"," 272.05"," 283.15"," 272.05"," 280.85"," 279.35"," 277.76"," 77404"," 215.00"," 1335"," 39474"," 51.00"
MYMUDRA," SM"," 01-Jan-2026"," 94.00"," 92.50"," 92.50"," 91.00"," 91.25"," 91.25"," 91.78"," 21600"," 19.82"," 11"," 21600"," 100.00"
NACLIND," BE"," 01-Jan-2026"," 163.77"," 165.50"," 171.95"," 164.09"," 171.95"," 171.95"," 170.13"," 88861"," 151.18"," 932"," -"," -"
NAGAFERT," EQ"," 01-Jan-2026"," 5.44"," 5.53"," 5.63"," 5.31"," 5.40"," 5.43"," 5.45"," 1008714"," 54.95"," 1569"," 573771"," 56.88"
NAGREEKCAP," BE"," 01-Jan-2026"," 27.85"," 29.10"," 29.10"," 26.60"," 27.90"," 26.90"," 27.11"," 3298"," 0.89"," 26"," -"," -"
NAGREEKEXP," EQ"," 01-Jan-2026"," 25.27"," 25.28"," 26.85"," 24.75"," 25.38"," 25.44"," 25.48"," 83245"," 21.21"," 425"," 18944"," 22.76"
NAHARCAP," EQ"," 01-Jan-2026"," 257.80"," 255.85"," 259.00"," 249.10"," 252.80"," 253.50"," 252.86"," 5405"," 13.67"," 209"," 4661"," 86.23"
NAHARINDUS," EQ"," 01-Jan-2026"," 109.35"," 109.36"," 109.40"," 107.50"," 107.51"," 107.97"," 108.43"," 4427"," 4.80"," 149"," 3131"," 70.73"
NAHARPOLY," EQ"," 01-Jan-2026"," 233.00"," 233.00"," 236.90"," 230.45"," 235.00"," 232.93"," 231.93"," 16260"," 37.71"," 632"," 13055"," 80.29"
NAHARSPING," EQ"," 01-Jan-2026"," 195.00"," 195.92"," 196.88"," 193.65"," 193.72"," 193.99"," 194.57"," 9886"," 19.24"," 465"," 7755"," 78.44"
NAM-INDIA," EQ"," 01-Jan-2026"," 879.65"," 879.10"," 885.00"," 868.50"," 876.00"," 875.05"," 876.03"," 446088"," 3907.85"," 19835"," 277664"," 62.24"
NAMAN," SM"," 01-Jan-2026"," 62.15"," 63.00"," 63.00"," 63.00"," 63.00"," 63.00"," 63.00"," 800"," 0.50"," 1"," 800"," 100.00"
NAMOEWASTE," SM"," 01-Jan-2026"," 182.25"," 182.25"," 184.30"," 180.40"," 181.70"," 181.60"," 182.27"," 15200"," 27.70"," 19"," 12000"," 78.95"
NARMADA," BE"," 01-Jan-2026"," 21.44"," 21.40"," 21.97"," 21.30"," 21.80"," 21.75"," 21.53"," 78887"," 16.99"," 69"," -"," -"
NATCAPSUQ," EQ"," 01-Jan-2026"," 166.00"," 165.99"," 182.60"," 165.99"," 182.60"," 181.01"," 175.94"," 4689"," 8.25"," 135"," 4408"," 94.01"
NATCOPHARM," EQ"," 01-Jan-2026"," 903.05"," 901.05"," 901.05"," 884.20"," 889.95"," 888.20"," 889.30"," 552559"," 4913.88"," 32152"," 220130"," 39.84"
NATHBIOGEN," EQ"," 01-Jan-2026"," 155.49"," 155.48"," 157.08"," 153.61"," 156.02"," 156.29"," 155.61"," 8936"," 13.90"," 321"," 6251"," 69.95"
NATIONALUM," EQ"," 01-Jan-2026"," 314.30"," 315.50"," 317.25"," 312.10"," 315.00"," 314.60"," 314.48"," 6888014"," 21661.42"," 77416"," 2570789"," 37.32"
NAUKRI," EQ"," 01-Jan-2026"," 1333.60"," 1340.60"," 1348.00"," 1329.10"," 1340.50"," 1340.90"," 1338.82"," 249766"," 3343.92"," 11876"," 109938"," 44.02"
NAVA," EQ"," 01-Jan-2026"," 567.40"," 567.10"," 572.40"," 562.00"," 566.00"," 565.00"," 565.47"," 116647"," 659.61"," 5423"," 62009"," 53.16"
NAVINFLUOR," EQ"," 01-Jan-2026"," 5920.00"," 5950.00"," 6036.00"," 5870.50"," 5912.00"," 5932.50"," 5944.07"," 101811"," 6051.72"," 16939"," 21418"," 21.04"
NAVKARCORP," EQ"," 01-Jan-2026"," 98.84"," 99.28"," 102.40"," 99.10"," 101.29"," 101.14"," 101.03"," 202070"," 204.16"," 2332"," 77031"," 38.12"
NAVKARURB," EQ"," 01-Jan-2026"," 1.58"," 1.65"," 1.65"," 1.65"," 1.65"," 1.65"," 1.65"," 101427"," 1.67"," 35"," 101427"," 100.00"
NAVNETEDUL," EQ"," 01-Jan-2026"," 143.56"," 142.81"," 144.52"," 141.00"," 142.00"," 142.04"," 142.06"," 76578"," 108.79"," 1731"," 37154"," 48.52"
NAZARA," EQ"," 01-Jan-2026"," 273.55"," 274.00"," 281.35"," 272.00"," 279.80"," 280.00"," 277.55"," 2765065"," 7674.37"," 25163"," 702641"," 25.41"
NBCC," EQ"," 01-Jan-2026"," 121.77"," 122.30"," 123.79"," 121.21"," 122.15"," 122.10"," 122.28"," 8976396"," 10976.32"," 39750"," 2330320"," 25.96"
NBIFIN," EQ"," 01-Jan-2026"," 2230.80"," 2210.00"," 2270.10"," 2210.00"," 2238.00"," 2238.00"," 2233.02"," 53"," 1.18"," 12"," 37"," 69.81"
NCC," EQ"," 01-Jan-2026"," 160.44"," 162.03"," 166.50"," 160.81"," 161.30"," 161.62"," 162.68"," 9262220"," 15067.94"," 50597"," 2486169"," 26.84"
NCLIND," EQ"," 01-Jan-2026"," 201.07"," 199.51"," 203.75"," 199.02"," 203.75"," 203.16"," 201.59"," 46305"," 93.35"," 633"," 36128"," 78.02"
NDGL," EQ"," 01-Jan-2026"," 2863.70"," 2863.70"," 2900.00"," 2800.00"," 2810.00"," 2826.70"," 2852.32"," 111"," 3.17"," 35"," 60"," 54.05"
NDL," EQ"," 01-Jan-2026"," 2.95"," 2.99"," 3.00"," 2.91"," 2.94"," 2.93"," 2.94"," 1139163"," 33.52"," 1621"," 689544"," 60.53"
NDLVENTURE," EQ"," 01-Jan-2026"," 87.93"," 86.22"," 90.90"," 86.22"," 88.35"," 88.33"," 88.97"," 4479"," 3.98"," 76"," 3991"," 89.10"
NDRAUTO," EQ"," 01-Jan-2026"," 833.25"," 820.00"," 823.25"," 796.10"," 804.00"," 805.00"," 806.58"," 44930"," 362.40"," 4279"," 21506"," 47.87"
NDTV," EQ"," 01-Jan-2026"," 95.98"," 96.00"," 101.22"," 96.00"," 99.55"," 99.37"," 99.23"," 1128368"," 1119.65"," 14271"," 237561"," 21.05"
NECCLTD," EQ"," 01-Jan-2026"," 18.09"," 18.22"," 18.27"," 17.99"," 18.25"," 18.20"," 18.19"," 26752"," 4.87"," 178"," 18876"," 70.56"
NECLIFE," BE"," 01-Jan-2026"," 19.41"," 19.62"," 20.38"," 19.60"," 20.38"," 20.38"," 20.18"," 347667"," 70.14"," 682"," -"," -"
NELCAST," EQ"," 01-Jan-2026"," 104.06"," 106.48"," 106.50"," 103.20"," 106.50"," 103.93"," 104.08"," 25983"," 27.04"," 1176"," 14002"," 53.89"
NELCO," EQ"," 01-Jan-2026"," 729.50"," 731.00"," 736.50"," 720.60"," 722.70"," 722.10"," 725.89"," 45314"," 328.93"," 3832"," 24732"," 54.58"
NEOCHEM," SM"," 01-Jan-2026"," 88.10"," 89.95"," 89.95"," 85.00"," 85.10"," 85.50"," 86.23"," 7200"," 6.21"," 6"," 4800"," 66.67"
NEOGEN," EQ"," 01-Jan-2026"," 1184.20"," 1184.20"," 1191.10"," 1171.50"," 1175.00"," 1176.00"," 1178.97"," 44752"," 527.61"," 3312"," 17615"," 39.36"
NEPHROCARE," ST"," 01-Jan-2026"," 110.50"," 111.00"," 114.50"," 110.25"," 110.25"," 110.25"," 112.90"," 5600"," 6.32"," 14"," 5600"," 100.00"
NEPHROPLUS," EQ"," 01-Jan-2026"," 468.70"," 468.70"," 468.70"," 453.25"," 455.00"," 455.80"," 459.71"," 127387"," 585.61"," 4268"," 64218"," 50.41"
NEPTUNE," SM"," 01-Jan-2026"," 199.95"," 202.90"," 203.80"," 201.95"," 201.95"," 201.95"," 202.88"," 3000"," 6.09"," 3"," 2000"," 66.67"
NESCO," EQ"," 01-Jan-2026"," 1225.10"," 1224.20"," 1230.00"," 1218.00"," 1224.50"," 1225.00"," 1224.18"," 19355"," 236.94"," 2557"," 11699"," 60.44"
NESTLEIND," EQ"," 01-Jan-2026"," 1288.00"," 1293.00"," 1299.00"," 1284.00"," 1292.00"," 1295.00"," 1292.81"," 932297"," 12052.82"," 46054"," 563514"," 60.44"
NETF," EQ"," 01-Jan-2026"," 282.41"," 284.97"," 284.97"," 282.22"," 282.22"," 283.04"," 283.78"," 1592"," 4.52"," 147"," 1250"," 78.52"
NETWEB," EQ"," 01-Jan-2026"," 3110.80"," 3120.00"," 3125.00"," 3065.00"," 3085.00"," 3075.90"," 3086.80"," 114489"," 3534.05"," 12891"," 33131"," 28.94"
NETWORK18," EQ"," 01-Jan-2026"," 43.39"," 43.40"," 44.25"," 43.01"," 43.11"," 43.11"," 43.58"," 1587393"," 691.74"," 9294"," 726584"," 45.77"
NEUEON," BE"," 01-Jan-2026"," 7.32"," 7.68"," 7.68"," 7.68"," 7.68"," 7.68"," 7.68"," 12161"," 0.93"," 15"," -"," -"
NEULANDLAB," EQ"," 01-Jan-2026"," 15175.00"," 15277.00"," 15310.00"," 15003.00"," 15045.00"," 15060.00"," 15147.57"," 13382"," 2027.05"," 4929"," 3547"," 26.51"
NEWGEN," EQ"," 01-Jan-2026"," 845.10"," 848.00"," 848.00"," 833.00"," 833.65"," 834.90"," 838.69"," 90666"," 760.40"," 10792"," 47771"," 52.69"
NEWJAISA," SM"," 01-Jan-2026"," 26.10"," 26.90"," 28.00"," 26.90"," 27.95"," 27.95"," 27.60"," 12000"," 3.31"," 6"," 12000"," 100.00"
NEXT30ADD," EQ"," 01-Jan-2026"," 40.77"," 40.82"," 41.12"," 40.82"," 41.12"," 41.07"," 40.91"," 28581"," 11.69"," 63"," 24406"," 85.39"
NEXT50," EQ"," 01-Jan-2026"," 711.35"," 712.10"," 715.66"," 710.67"," 713.76"," 715.31"," 714.03"," 9802"," 69.99"," 466"," 7371"," 75.20"
NEXT50BETA," EQ"," 01-Jan-2026"," 74.35"," 74.34"," 75.84"," 74.03"," 74.03"," 74.75"," 74.60"," 47085"," 35.13"," 715"," 31521"," 66.94"
NEXT50IETF," EQ"," 01-Jan-2026"," 72.92"," 73.70"," 73.70"," 72.73"," 73.18"," 73.16"," 73.09"," 330337"," 241.44"," 4108"," 199416"," 60.37"
NEXTMEDIA," EQ"," 01-Jan-2026"," 5.99"," 6.01"," 6.19"," 5.96"," 6.11"," 6.11"," 6.01"," 2163"," 0.13"," 32"," 2017"," 93.25"
NFL," EQ"," 01-Jan-2026"," 91.51"," 92.00"," 92.20"," 89.91"," 90.10"," 90.35"," 90.90"," 858888"," 780.75"," 5092"," 422656"," 49.21"
NGIL," EQ"," 01-Jan-2026"," 30.66"," 30.22"," 31.89"," 29.70"," 30.30"," 30.77"," 30.32"," 3853"," 1.17"," 104"," 2622"," 68.05"
NGLFINE," EQ"," 01-Jan-2026"," 1406.20"," 1413.20"," 1439.20"," 1364.00"," 1420.00"," 1396.60"," 1398.20"," 1097"," 15.34"," 145"," 769"," 70.10"
NH," EQ"," 01-Jan-2026"," 1892.00"," 1880.00"," 1940.00"," 1855.00"," 1930.90"," 1934.40"," 1906.74"," 555904"," 10599.64"," 54710"," 178500"," 32.11"
NHIT," IV"," 01-Jan-2026"," 147.45"," 148.00"," 148.00"," 148.00"," 148.00"," 148.00"," 148.00"," 50000"," 74.00"," 2"," 50000"," 100.00"
NHPC," EQ"," 01-Jan-2026"," 79.22"," 79.06"," 80.23"," 79.06"," 79.64"," 79.56"," 79.67"," 6861848"," 5466.76"," 43826"," 3542699"," 51.63"
NIACL," EQ"," 01-Jan-2026"," 155.82"," 157.00"," 157.00"," 154.30"," 155.78"," 155.52"," 155.63"," 243188"," 378.48"," 4335"," 104038"," 42.78"
NIBE," EQ"," 01-Jan-2026"," 1110.40"," 1133.50"," 1150.00"," 1101.20"," 1150.00"," 1141.70"," 1123.81"," 22243"," 249.97"," 2253"," 11355"," 51.05"
NIBL," EQ"," 01-Jan-2026"," 37.07"," 36.51"," 37.49"," 35.22"," 36.49"," 36.38"," 36.18"," 114280"," 41.35"," 1062"," 62002"," 54.25"
NIDAN," SM"," 01-Jan-2026"," 18.65"," 19.25"," 19.25"," 18.60"," 18.60"," 18.60"," 18.80"," 7000"," 1.32"," 7"," 7000"," 100.00"
NIF100BEES," EQ"," 01-Jan-2026"," 281.88"," 283.04"," 283.04"," 280.93"," 282.84"," 282.67"," 282.60"," 23563"," 66.59"," 419"," 21333"," 90.54"
NIF100IETF," EQ"," 01-Jan-2026"," 29.98"," 30.88"," 30.88"," 29.51"," 29.77"," 29.72"," 29.75"," 146330"," 43.54"," 1537"," 142734"," 97.54"
NIFTY1," EQ"," 01-Jan-2026"," 288.03"," 288.04"," 289.62"," 287.39"," 287.42"," 288.33"," 288.33"," 201592"," 581.26"," 1075"," 180838"," 89.70"
NIFTY100EW," EQ"," 01-Jan-2026"," 34.19"," 34.36"," 34.36"," 34.09"," 34.36"," 34.32"," 34.29"," 44330"," 15.20"," 119"," 43616"," 98.39"
NIFTYADD," EQ"," 01-Jan-2026"," 273.15"," 273.96"," 273.96"," 272.86"," 273.18"," 273.41"," 273.49"," 4066"," 11.12"," 202"," 3034"," 74.62"
NIFTYBEES," EQ"," 01-Jan-2026"," 295.31"," 296.19"," 296.19"," 294.91"," 295.37"," 295.33"," 295.47"," 3647078"," 10776.14"," 48225"," 2282146"," 62.57"
NIFTYBETA," EQ"," 01-Jan-2026"," 287.88"," 288.14"," 288.14"," 287.04"," 287.04"," 287.41"," 287.71"," 11535"," 33.19"," 439"," 7404"," 64.19"
NIFTYBETF," EQ"," 01-Jan-2026"," 266.66"," 266.78"," 267.64"," 266.54"," 267.21"," 267.16"," 267.19"," 1661"," 4.44"," 86"," 1224"," 73.69"
NIFTYCASE," EQ"," 01-Jan-2026"," 10.40"," 10.45"," 10.45"," 10.38"," 10.42"," 10.41"," 10.40"," 362927"," 37.76"," 712"," 247296"," 68.14"
NIFTYETF," EQ"," 01-Jan-2026"," 281.99"," 282.68"," 282.68"," 281.72"," 282.31"," 282.00"," 282.09"," 45957"," 129.64"," 779"," 30492"," 66.35"
NIFTYIETF," EQ"," 01-Jan-2026"," 294.06"," 294.84"," 294.84"," 293.55"," 294.00"," 293.92"," 294.17"," 404454"," 1189.78"," 12627"," 316181"," 78.17"
NIFTYQLITY," EQ"," 01-Jan-2026"," 22.23"," 22.23"," 22.29"," 22.05"," 22.20"," 22.19"," 22.18"," 34247"," 7.60"," 272"," 32838"," 95.89"
NIITLTD," EQ"," 01-Jan-2026"," 91.04"," 91.29"," 93.05"," 90.70"," 91.60"," 91.23"," 91.49"," 304051"," 278.18"," 4369"," 103037"," 33.89"
NIITMTS," EQ"," 01-Jan-2026"," 398.35"," 400.00"," 405.65"," 396.55"," 400.60"," 399.55"," 400.39"," 16513"," 66.12"," 1634"," 8021"," 48.57"
NIKITA," ST"," 01-Jan-2026"," 134.65"," 140.50"," 140.50"," 139.00"," 139.00"," 139.00"," 139.75"," 2400"," 3.35"," 2"," 2400"," 100.00"
NILAINFRA," EQ"," 01-Jan-2026"," 9.68"," 9.80"," 9.87"," 8.71"," 9.55"," 9.49"," 9.56"," 495040"," 47.31"," 1111"," 280909"," 56.74"
NILASPACES," BE"," 01-Jan-2026"," 16.17"," 16.29"," 16.29"," 15.82"," 15.90"," 15.87"," 15.99"," 188734"," 30.18"," 493"," -"," -"
NILKAMAL," EQ"," 01-Jan-2026"," 1379.20"," 1366.70"," 1414.90"," 1366.70"," 1400.00"," 1399.00"," 1397.35"," 5065"," 70.78"," 404"," 4028"," 79.53"
NINSYS," EQ"," 01-Jan-2026"," 397.45"," 397.45"," 401.90"," 393.10"," 397.00"," 397.60"," 397.14"," 899"," 3.57"," 132"," 451"," 50.17"
NIPPOBATRY," EQ"," 01-Jan-2026"," 407.10"," 413.90"," 413.90"," 402.05"," 407.30"," 407.20"," 407.56"," 481"," 1.96"," 87"," 406"," 84.41"
NIRAJ," EQ"," 01-Jan-2026"," 39.26"," 40.86"," 40.86"," 39.20"," 40.25"," 40.17"," 39.89"," 45548"," 18.17"," 592"," 17978"," 39.47"
NIRAJISPAT," EQ"," 01-Jan-2026"," 205.00"," 209.10"," 209.10"," 200.06"," 209.10"," 208.79"," 205.03"," 418"," 0.86"," 15"," 315"," 75.36"
NIRMAN," SM"," 01-Jan-2026"," 61.95"," 63.00"," 63.00"," 60.80"," 61.20"," 61.00"," 61.65"," 18300"," 11.28"," 51"," 14700"," 80.33"
NITCO," EQ"," 01-Jan-2026"," 99.50"," 99.50"," 101.67"," 98.60"," 101.63"," 101.16"," 100.61"," 146463"," 147.36"," 1683"," 74703"," 51.00"
NITINSPIN," EQ"," 01-Jan-2026"," 314.85"," 314.80"," 325.80"," 313.00"," 318.50"," 317.95"," 318.13"," 32385"," 103.03"," 1210"," 18058"," 55.76"
NITIRAJ," EQ"," 01-Jan-2026"," 186.83"," 183.49"," 190.00"," 183.49"," 190.00"," 187.41"," 186.45"," 1032"," 1.92"," 34"," 731"," 70.83"
NIVABUPA," EQ"," 01-Jan-2026"," 75.40"," 75.57"," 75.66"," 75.00"," 75.13"," 75.08"," 75.15"," 171252"," 128.70"," 3409"," 111919"," 65.35"
NKIND," EQ"," 01-Jan-2026"," 66.81"," 68.00"," 72.00"," 64.00"," 64.00"," 64.78"," 67.62"," 435"," 0.29"," 34"," 291"," 66.90"
NLCINDIA," EQ"," 01-Jan-2026"," 250.22"," 251.20"," 262.00"," 249.80"," 255.30"," 256.15"," 256.16"," 1735069"," 4444.59"," 24925"," 677595"," 39.05"
NMDC," EQ"," 01-Jan-2026"," 83.17"," 83.17"," 84.00"," 82.21"," 84.00"," 83.66"," 83.15"," 17474087"," 14529.40"," 39287"," 8425305"," 48.22"
NOCIL," EQ"," 01-Jan-2026"," 154.02"," 154.80"," 154.95"," 151.44"," 152.99"," 152.73"," 152.62"," 170272"," 259.87"," 2833"," 103344"," 60.69"
NOIDATOLL," EQ"," 01-Jan-2026"," 4.30"," 4.40"," 4.40"," 4.09"," 4.09"," 4.09"," 4.12"," 423465"," 17.43"," 441"," 313570"," 74.05"
NORBTEAEXP," BE"," 01-Jan-2026"," 95.50"," 97.41"," 97.41"," 97.41"," 97.41"," 97.41"," 97.41"," 5872"," 5.72"," 37"," -"," -"
NORTHARC," EQ"," 01-Jan-2026"," 249.35"," 250.60"," 258.59"," 249.25"," 249.71"," 250.19"," 253.81"," 698092"," 1771.82"," 9931"," 249359"," 35.72"
NOVAAGRI," EQ"," 01-Jan-2026"," 38.58"," 38.05"," 39.00"," 38.05"," 38.91"," 38.82"," 38.81"," 55398"," 21.50"," 554"," 36685"," 66.22"
NPBET," EQ"," 01-Jan-2026"," 296.90"," 296.80"," 297.26"," 295.28"," 297.26"," 297.26"," 296.70"," 608"," 1.80"," 18"," 605"," 99.51"
NPST," EQ"," 01-Jan-2026"," 1398.20"," 1419.90"," 1419.90"," 1357.10"," 1366.00"," 1366.30"," 1379.25"," 6418"," 88.52"," 780"," 3017"," 47.01"
NRAIL," EQ"," 01-Jan-2026"," 484.30"," 489.50"," 489.65"," 470.60"," 487.00"," 474.90"," 479.14"," 7081"," 33.93"," 855"," 2876"," 40.62"
NRBBEARING," EQ"," 01-Jan-2026"," 269.15"," 270.35"," 274.20"," 269.20"," 273.90"," 272.40"," 272.43"," 136625"," 372.21"," 4659"," 59092"," 43.25"
NRL," EQ"," 01-Jan-2026"," 56.68"," 56.97"," 57.02"," 56.37"," 56.40"," 56.68"," 56.74"," 17372"," 9.86"," 412"," 6739"," 38.79"
NRVANDANA," ST"," 01-Jan-2026"," 57.35"," 57.40"," 57.55"," 54.65"," 56.00"," 55.65"," 56.11"," 66000"," 37.03"," 17"," 57000"," 86.36"
NSIL," EQ"," 01-Jan-2026"," 6520.50"," 6540.00"," 6575.00"," 6460.00"," 6525.00"," 6519.00"," 6509.64"," 1942"," 126.42"," 613"," 1326"," 68.28"
NSLNISP," EQ"," 01-Jan-2026"," 44.25"," 44.30"," 44.79"," 43.60"," 44.10"," 44.09"," 44.08"," 3486141"," 1536.78"," 12998"," 1376573"," 39.49"
NTPC," EQ"," 01-Jan-2026"," 329.55"," 329.80"," 336.90"," 329.60"," 336.10"," 336.30"," 334.63"," 10357315"," 34658.64"," 76770"," 5789145"," 55.89"
NTPCGREEN," EQ"," 01-Jan-2026"," 94.55"," 95.00"," 96.39"," 94.42"," 95.20"," 95.21"," 95.47"," 3037680"," 2899.97"," 21126"," 1224044"," 40.30"
NUCLEUS," EQ"," 01-Jan-2026"," 915.40"," 912.05"," 928.90"," 910.00"," 912.80"," 922.15"," 919.61"," 6901"," 63.46"," 1362"," 3795"," 54.99"
NURECA," EQ"," 01-Jan-2026"," 307.95"," 316.00"," 317.95"," 306.65"," 307.00"," 310.80"," 312.96"," 36494"," 114.21"," 2056"," 18045"," 49.45"
NUVAMA," EQ"," 01-Jan-2026"," 1480.50"," 1485.00"," 1485.00"," 1448.50"," 1464.60"," 1458.50"," 1458.23"," 232327"," 3387.85"," 16153"," 87721"," 37.76"
NUVOCO," EQ"," 01-Jan-2026"," 355.95"," 356.40"," 358.50"," 347.65"," 351.80"," 350.20"," 350.58"," 501270"," 1757.33"," 24709"," 262633"," 52.39"
NV20," EQ"," 01-Jan-2026"," 155.09"," 154.75"," 155.20"," 154.07"," 154.70"," 154.63"," 154.75"," 15312"," 23.70"," 211"," 11593"," 75.71"
NV20BEES," EQ"," 01-Jan-2026"," 155.25"," 156.03"," 156.03"," 154.43"," 154.53"," 154.65"," 154.87"," 15435"," 23.90"," 262"," 12744"," 82.57"
NV20IETF," EQ"," 01-Jan-2026"," 15.14"," 15.14"," 15.30"," 15.02"," 15.12"," 15.08"," 15.10"," 261257"," 39.46"," 2121"," 149160"," 57.09"
NXST," RR"," 01-Jan-2026"," 154.79"," 154.98"," 158.50"," 154.98"," 157.88"," 157.80"," 157.31"," 139533"," 219.50"," 2249"," 97610"," 69.95"
NYKAA," EQ"," 01-Jan-2026"," 265.15"," 265.00"," 268.30"," 264.25"," 265.05"," 265.75"," 265.86"," 2627582"," 6985.69"," 32479"," 1236627"," 47.06"
OAL," EQ"," 01-Jan-2026"," 289.95"," 291.95"," 292.00"," 286.55"," 287.00"," 289.50"," 289.43"," 3425"," 9.91"," 398"," 1708"," 49.87"
OBCL," EQ"," 01-Jan-2026"," 56.65"," 56.00"," 56.50"," 55.03"," 56.10"," 55.68"," 55.81"," 645"," 0.36"," 35"," 461"," 71.47"
OBEROIRLTY," EQ"," 01-Jan-2026"," 1670.60"," 1677.00"," 1703.00"," 1650.00"," 1700.00"," 1695.90"," 1683.87"," 115765"," 1949.33"," 7006"," 51045"," 44.09"
OBSCP," SM"," 01-Jan-2026"," 308.50"," 309.45"," 316.80"," 306.00"," 310.05"," 307.85"," 310.08"," 10400"," 32.25"," 24"," 7600"," 73.08"
OCCLLTD," EQ"," 01-Jan-2026"," 101.49"," 102.00"," 104.00"," 99.35"," 100.70"," 100.88"," 101.02"," 54965"," 55.52"," 558"," 46034"," 83.75"
ODIGMA," EQ"," 01-Jan-2026"," 32.14"," 32.58"," 32.58"," 31.36"," 31.67"," 31.78"," 31.89"," 7323"," 2.34"," 440"," 6230"," 85.07"
OFSS," EQ"," 01-Jan-2026"," 7687.00"," 7699.50"," 7714.00"," 7642.00"," 7685.00"," 7687.50"," 7678.70"," 48035"," 3688.46"," 8064"," 25082"," 52.22"
OIL," EQ"," 01-Jan-2026"," 424.35"," 424.25"," 429.50"," 418.70"," 427.55"," 427.55"," 424.47"," 1780489"," 7557.65"," 31274"," 818965"," 46.00"
OILCOUNTUB," EQ"," 01-Jan-2026"," 61.11"," 61.79"," 61.79"," 61.01"," 61.02"," 61.05"," 61.27"," 2711"," 1.66"," 84"," 1762"," 64.99"
OILIETF," EQ"," 01-Jan-2026"," 12.39"," 12.69"," 12.69"," 12.36"," 12.41"," 12.40"," 12.43"," 4602348"," 572.24"," 4139"," 3902223"," 84.79"
OLAELEC," EQ"," 01-Jan-2026"," 36.24"," 36.30"," 38.16"," 36.04"," 37.65"," 37.52"," 37.35"," 85390233"," 31892.48"," 116613"," 26155402"," 30.63"
OLECTRA," EQ"," 01-Jan-2026"," 1199.00"," 1198.60"," 1209.90"," 1195.00"," 1204.00"," 1200.60"," 1202.60"," 137032"," 1647.95"," 9033"," 48436"," 35.35"
OLIL," SM"," 01-Jan-2026"," 310.00"," 310.35"," 310.35"," 301.05"," 306.80"," 303.90"," 306.81"," 5600"," 17.18"," 14"," 3600"," 64.29"
OMAXAUTO," EQ"," 01-Jan-2026"," 100.91"," 101.40"," 102.00"," 99.45"," 99.50"," 99.78"," 100.53"," 21866"," 21.98"," 655"," 15791"," 72.22"
OMAXE," EQ"," 01-Jan-2026"," 82.92"," 82.90"," 82.90"," 80.32"," 80.64"," 80.90"," 81.26"," 190795"," 155.05"," 2067"," 66050"," 34.62"
OMFREIGHT," EQ"," 01-Jan-2026"," 95.44"," 94.10"," 96.24"," 93.35"," 94.21"," 93.68"," 94.21"," 65473"," 61.68"," 1310"," 45578"," 69.61"
OMFURN," SM"," 01-Jan-2026"," 86.50"," 86.45"," 86.45"," 86.45"," 86.45"," 86.45"," 86.45"," 1200"," 1.04"," 1"," 1200"," 100.00"
OMINFRAL," EQ"," 01-Jan-2026"," 97.54"," 99.00"," 99.01"," 96.50"," 96.54"," 96.89"," 97.25"," 34963"," 34.00"," 1208"," 22575"," 64.57"
OMKARCHEM," BZ"," 01-Jan-2026"," 5.70"," 5.52"," 5.98"," 5.52"," 5.95"," 5.95"," 5.71"," 11439"," 0.65"," 68"," -"," -"
ONDOOR," SM"," 01-Jan-2026"," 123.00"," 111.05"," 116.60"," 108.30"," 115.00"," 115.00"," 112.56"," 2100"," 2.36"," 7"," 1500"," 71.43"
ONELIFECAP," BE"," 01-Jan-2026"," 16.12"," 16.79"," 16.79"," 16.00"," 16.38"," 16.06"," 16.11"," 13644"," 2.20"," 71"," -"," -"
ONEPOINT," EQ"," 01-Jan-2026"," 54.59"," 54.52"," 54.75"," 53.18"," 53.38"," 53.47"," 53.84"," 527022"," 283.73"," 3336"," 297389"," 56.43"
ONESOURCE," EQ"," 01-Jan-2026"," 1810.60"," 1809.00"," 1809.00"," 1761.20"," 1764.00"," 1787.70"," 1787.92"," 88614"," 1584.35"," 10495"," 34535"," 38.97"
ONGC," EQ"," 01-Jan-2026"," 240.38"," 240.90"," 241.11"," 237.41"," 237.90"," 237.94"," 238.88"," 5840586"," 13951.76"," 57612"," 3083200"," 52.79"
ONMOBILE," EQ"," 01-Jan-2026"," 57.09"," 57.75"," 58.39"," 57.20"," 57.75"," 57.76"," 57.52"," 88634"," 50.98"," 799"," 44577"," 50.29"
ONWARDTEC," EQ"," 01-Jan-2026"," 286.00"," 282.00"," 297.20"," 282.00"," 291.30"," 294.00"," 292.52"," 31079"," 90.91"," 1995"," 17870"," 57.50"
ONYX," SM"," 01-Jan-2026"," 40.80"," 40.50"," 40.80"," 40.05"," 40.05"," 40.05"," 40.45"," 6000"," 2.43"," 3"," 6000"," 100.00"
OPTIEMUS," EQ"," 01-Jan-2026"," 504.70"," 505.95"," 509.20"," 487.95"," 494.00"," 493.05"," 493.72"," 112604"," 555.95"," 3955"," 65579"," 58.24"
OPTIVALUE," SM"," 01-Jan-2026"," 83.50"," 86.50"," 91.00"," 86.00"," 88.00"," 87.95"," 88.53"," 129600"," 114.73"," 78"," 86400"," 66.67"
ORBTEXP," EQ"," 01-Jan-2026"," 191.29"," 192.63"," 194.90"," 190.81"," 193.30"," 193.53"," 193.02"," 7309"," 14.11"," 288"," 4935"," 67.52"
ORCHASP," EQ"," 01-Jan-2026"," 2.92"," 2.86"," 3.06"," 2.86"," 3.00"," 2.98"," 2.98"," 148748"," 4.43"," 222"," 139085"," 93.50"
ORCHPHARMA," EQ"," 01-Jan-2026"," 758.95"," 767.45"," 799.25"," 765.00"," 790.05"," 793.15"," 784.98"," 44057"," 345.84"," 3948"," 21786"," 49.45"
ORIANA," SM"," 01-Jan-2026"," 2247.10"," 2285.95"," 2285.95"," 2230.00"," 2250.00"," 2250.20"," 2249.85"," 17250"," 388.10"," 123"," 13800"," 80.00"
ORICONENT," BE"," 01-Jan-2026"," 60.02"," 60.30"," 60.50"," 59.16"," 60.00"," 60.00"," 60.02"," 51133"," 30.69"," 168"," -"," -"
ORIENTALTL," EQ"," 01-Jan-2026"," 8.20"," 8.15"," 8.34"," 8.15"," 8.25"," 8.23"," 8.22"," 91300"," 7.51"," 380"," 74475"," 81.57"
ORIENTBELL," EQ"," 01-Jan-2026"," 317.30"," 317.00"," 317.45"," 302.60"," 309.55"," 308.80"," 309.80"," 18816"," 58.29"," 2237"," 5306"," 28.20"
ORIENTCEM," EQ"," 01-Jan-2026"," 170.87"," 170.26"," 172.80"," 170.26"," 172.30"," 172.29"," 171.97"," 368393"," 633.51"," 2919"," 203774"," 55.31"
ORIENTCER," EQ"," 01-Jan-2026"," 49.47"," 49.60"," 55.00"," 48.91"," 54.52"," 54.12"," 52.87"," 798101"," 421.95"," 11356"," 333113"," 41.74"
ORIENTELEC," EQ"," 01-Jan-2026"," 176.13"," 177.10"," 177.85"," 173.50"," 174.67"," 174.38"," 174.85"," 79763"," 139.46"," 9843"," 39154"," 49.09"
ORIENTHOT," EQ"," 01-Jan-2026"," 103.00"," 103.30"," 113.40"," 102.71"," 109.51"," 109.89"," 109.17"," 1710451"," 1867.25"," 19964"," 391142"," 22.87"
ORIENTLTD," EQ"," 01-Jan-2026"," 77.07"," 75.70"," 79.90"," 75.70"," 76.60"," 77.56"," 77.53"," 2678"," 2.08"," 82"," 1869"," 69.79"
ORIENTPPR," EQ"," 01-Jan-2026"," 22.67"," 22.62"," 22.89"," 22.50"," 22.83"," 22.73"," 22.70"," 267966"," 60.83"," 814"," 175850"," 65.62"
ORIENTTECH," EQ"," 01-Jan-2026"," 453.05"," 441.95"," 454.55"," 423.60"," 428.40"," 433.70"," 439.22"," 14728103"," 64688.26"," 162157"," 985098"," 6.69"
ORISSAMINE," EQ"," 01-Jan-2026"," 5008.50"," 5032.00"," 5077.50"," 4965.50"," 4986.00"," 4985.50"," 5021.16"," 6809"," 341.89"," 2256"," 2785"," 40.90"
ORKLAINDIA," EQ"," 01-Jan-2026"," 634.95"," 633.30"," 638.50"," 630.20"," 635.50"," 633.50"," 634.52"," 58929"," 373.92"," 3720"," 28691"," 48.69"
ORTINGLOBE," BE"," 01-Jan-2026"," 13.81"," 13.80"," 13.80"," 13.13"," 13.80"," 13.80"," 13.40"," 3465"," 0.46"," 12"," -"," -"
OSELDEVICE," ST"," 01-Jan-2026"," 562.00"," 571.90"," 579.95"," 551.00"," 551.00"," 555.50"," 568.91"," 8600"," 48.93"," 39"," 7200"," 83.72"
OSIAHYPER," EQ"," 01-Jan-2026"," 15.48"," 16.25"," 16.25"," 16.25"," 16.25"," 16.25"," 16.25"," 98989"," 16.09"," 93"," 98989"," 100.00"
OSWALAGRO," EQ"," 01-Jan-2026"," 58.93"," 59.22"," 59.29"," 57.72"," 57.80"," 58.28"," 58.43"," 33040"," 19.31"," 1037"," 21191"," 64.14"
OSWALGREEN," EQ"," 01-Jan-2026"," 33.23"," 33.67"," 33.90"," 32.89"," 33.39"," 33.13"," 33.33"," 168264"," 56.08"," 4354"," 43877"," 26.08"
OSWALPUMPS," EQ"," 01-Jan-2026"," 527.10"," 529.95"," 530.15"," 521.00"," 525.00"," 525.35"," 524.85"," 194866"," 1022.76"," 5622"," 90404"," 46.39"
OSWALSEEDS," EQ"," 01-Jan-2026"," 17.09"," 17.84"," 17.84"," 16.80"," 17.40"," 17.54"," 17.36"," 86032"," 14.93"," 248"," 50888"," 59.15"
OWAIS," SM"," 01-Jan-2026"," 264.15"," 264.00"," 273.75"," 261.15"," 273.75"," 270.60"," 268.63"," 10600"," 28.47"," 88"," 6000"," 56.60"
PACEDIGITK," EQ"," 01-Jan-2026"," 188.49"," 195.00"," 195.45"," 186.80"," 187.10"," 187.75"," 190.72"," 949471"," 1810.86"," 14201"," 194541"," 20.49"
PAGEIND," EQ"," 01-Jan-2026"," 36045.00"," 36285.00"," 36285.00"," 35500.00"," 35695.00"," 35645.00"," 35608.47"," 25148"," 8954.82"," 6047"," 19402"," 77.15"
PAISALO," EQ"," 01-Jan-2026"," 36.27"," 36.20"," 36.68"," 35.90"," 36.40"," 36.46"," 36.35"," 1911547"," 694.86"," 4122"," 933412"," 48.83"
PAKKA," EQ"," 01-Jan-2026"," 105.80"," 106.64"," 107.35"," 105.00"," 105.89"," 105.24"," 106.04"," 34087"," 36.14"," 829"," 20554"," 60.30"
PALASHSECU," EQ"," 01-Jan-2026"," 107.00"," 106.10"," 109.70"," 106.00"," 109.03"," 109.03"," 107.60"," 1212"," 1.30"," 32"," 958"," 79.04"
PALREDTEC," EQ"," 01-Jan-2026"," 42.78"," 44.91"," 44.91"," 44.03"," 44.91"," 44.91"," 44.90"," 4481"," 2.01"," 53"," 4475"," 99.87"
PANACEABIO," EQ"," 01-Jan-2026"," 376.30"," 379.50"," 387.25"," 374.35"," 377.60"," 377.65"," 379.87"," 295331"," 1121.88"," 5139"," 47497"," 16.08"
PANACHE," BE"," 01-Jan-2026"," 336.65"," 325.70"," 348.95"," 325.70"," 340.00"," 338.75"," 337.33"," 4192"," 14.14"," 50"," -"," -"
PANAMAPET," EQ"," 01-Jan-2026"," 284.70"," 293.70"," 323.30"," 293.70"," 313.00"," 306.90"," 313.43"," 2305965"," 7227.51"," 56857"," 172783"," 7.49"
PANSARI," BE"," 01-Jan-2026"," 300.00"," 300.00"," 300.00"," 300.00"," 300.00"," 300.00"," 300.00"," 2"," 0.01"," 1"," -"," -"
PAR," EQ"," 01-Jan-2026"," 101.26"," 101.00"," 102.79"," 101.00"," 101.53"," 101.68"," 101.82"," 2943"," 3.00"," 123"," 1737"," 59.02"
PARACABLES," EQ"," 01-Jan-2026"," 39.67"," 39.77"," 40.00"," 38.75"," 39.20"," 39.16"," 39.21"," 559919"," 219.52"," 3689"," 278042"," 49.66"
PARADEEP," EQ"," 01-Jan-2026"," 164.71"," 164.71"," 166.80"," 163.90"," 164.85"," 164.88"," 165.03"," 1893892"," 3125.47"," 16659"," 691419"," 36.51"
PARAGMILK," EQ"," 01-Jan-2026"," 290.45"," 290.05"," 304.80"," 290.00"," 303.60"," 303.05"," 298.79"," 888506"," 2654.79"," 14632"," 284739"," 32.05"
PARAGON," SM"," 01-Jan-2026"," 40.00"," 41.00"," 41.00"," 41.00"," 41.00"," 41.00"," 41.00"," 2400"," 0.98"," 2"," 2400"," 100.00"
PARAMOUNT," SM"," 01-Jan-2026"," 53.00"," 52.00"," 52.00"," 51.90"," 51.90"," 51.90"," 51.97"," 3600"," 1.87"," 3"," 3600"," 100.00"
PARAS," EQ"," 01-Jan-2026"," 684.40"," 685.45"," 687.50"," 678.75"," 684.90"," 683.95"," 682.88"," 188669"," 1288.38"," 8580"," 66300"," 35.14"
PARASPETRO," EQ"," 01-Jan-2026"," 1.77"," 1.77"," 1.85"," 1.77"," 1.84"," 1.83"," 1.82"," 71930"," 1.31"," 278"," 52525"," 73.02"
PARKHOSPS," EQ"," 01-Jan-2026"," 146.55"," 147.97"," 150.35"," 146.26"," 149.05"," 149.90"," 148.83"," 547337"," 814.59"," 5710"," 245291"," 44.82"
PARKHOTELS," EQ"," 01-Jan-2026"," 134.05"," 133.03"," 134.70"," 131.60"," 133.70"," 132.62"," 133.21"," 188009"," 250.45"," 1635"," 136763"," 72.74"
PARSVNATH," EQ"," 01-Jan-2026"," 9.98"," 10.03"," 10.30"," 10.02"," 10.10"," 10.21"," 10.17"," 206476"," 21.00"," 1132"," 106361"," 51.51"
PARTH," SM"," 01-Jan-2026"," 206.75"," 208.00"," 211.00"," 208.00"," 210.95"," 210.95"," 209.49"," 2400"," 5.03"," 6"," 2400"," 100.00"
PARTYCRUS," SM"," 01-Jan-2026"," 90.15"," 90.00"," 91.00"," 90.00"," 91.00"," 91.00"," 90.60"," 5000"," 4.53"," 5"," 5000"," 100.00"
PASHUPATI," EQ"," 01-Jan-2026"," 809.50"," 825.00"," 835.00"," 801.00"," 808.00"," 806.70"," 820.16"," 984"," 8.07"," 230"," 544"," 55.28"
PASUPTAC," EQ"," 01-Jan-2026"," 53.15"," 53.90"," 53.90"," 51.80"," 52.00"," 52.00"," 52.49"," 74386"," 39.05"," 1087"," 49698"," 66.81"
PATANJALI," EQ"," 01-Jan-2026"," 545.50"," 549.10"," 554.55"," 545.55"," 551.15"," 552.55"," 551.14"," 587559"," 3238.29"," 11511"," 302617"," 51.50"
PATELENG," EQ"," 01-Jan-2026"," 28.72"," 28.90"," 29.02"," 28.32"," 28.47"," 28.42"," 28.61"," 6070387"," 1736.69"," 14911"," 1976382"," 32.56"
PATELRMART," EQ"," 01-Jan-2026"," 198.35"," 199.05"," 201.24"," 197.02"," 199.05"," 198.51"," 198.88"," 55599"," 110.58"," 2233"," 26897"," 48.38"
PATILAUTOM," SM"," 01-Jan-2026"," 179.65"," 180.00"," 181.95"," 178.00"," 179.00"," 178.95"," 179.71"," 4800"," 8.63"," 8"," 3000"," 62.50"
PATINTLOG," EQ"," 01-Jan-2026"," 14.19"," 14.39"," 14.39"," 13.55"," 13.84"," 13.75"," 13.89"," 107414"," 14.92"," 539"," 56280"," 52.40"
PATTECH," SM"," 01-Jan-2026"," 107.90"," 113.25"," 113.25"," 113.00"," 113.00"," 113.00"," 113.15"," 4500"," 5.09"," 3"," 4500"," 100.00"
PAUSHAKLTD," EQ"," 01-Jan-2026"," 594.70"," 584.05"," 604.50"," 580.60"," 590.00"," 586.70"," 587.11"," 4814"," 28.26"," 600"," 3310"," 68.76"
PAVNAIND," EQ"," 01-Jan-2026"," 22.47"," 22.90"," 23.79"," 22.70"," 23.00"," 22.88"," 23.05"," 98246"," 22.65"," 1162"," 48323"," 49.19"
PAYTM," EQ"," 01-Jan-2026"," 1298.90"," 1298.90"," 1305.40"," 1288.30"," 1296.00"," 1291.70"," 1295.15"," 1072057"," 13884.78"," 29914"," 388136"," 36.20"
PCBL," EQ"," 01-Jan-2026"," 301.50"," 303.00"," 304.20"," 295.05"," 297.85"," 296.25"," 298.83"," 730332"," 2182.44"," 18521"," 282669"," 38.70"
PCCL," SM"," 01-Jan-2026"," 211.55"," 210.00"," 210.00"," 207.70"," 207.70"," 207.70"," 208.90"," 1600"," 3.34"," 4"," 1600"," 100.00"
PCJEWELLER," EQ"," 01-Jan-2026"," 9.53"," 9.50"," 9.65"," 9.16"," 9.31"," 9.30"," 9.36"," 39437110"," 3690.75"," 29036"," 12055656"," 30.57"
PDMJEPAPER," EQ"," 01-Jan-2026"," 95.16"," 95.64"," 99.25"," 95.51"," 97.60"," 98.51"," 97.05"," 101792"," 98.79"," 1660"," 70470"," 69.23"
PDSL," EQ"," 01-Jan-2026"," 373.45"," 375.90"," 377.80"," 370.35"," 372.70"," 373.70"," 374.26"," 25854"," 96.76"," 1479"," 11711"," 45.30"
PEARLPOLY," EQ"," 01-Jan-2026"," 23.13"," 23.13"," 23.49"," 23.13"," 23.40"," 23.39"," 23.32"," 3719"," 0.87"," 87"," 1952"," 52.49"
PELATRO," SM"," 01-Jan-2026"," 364.50"," 353.30"," 353.30"," 348.00"," 348.50"," 349.90"," 349.43"," 3900"," 13.63"," 12"," 2100"," 53.85"
PENIND," EQ"," 01-Jan-2026"," 204.49"," 205.50"," 206.88"," 201.14"," 202.75"," 202.79"," 202.91"," 282460"," 573.14"," 4537"," 127074"," 44.99"
PENINLAND," EQ"," 01-Jan-2026"," 25.36"," 25.14"," 25.64"," 24.07"," 24.69"," 24.60"," 24.89"," 171212"," 42.61"," 2025"," 97976"," 57.22"
PENTAGON," ST"," 01-Jan-2026"," 67.70"," 67.70"," 67.70"," 65.05"," 66.50"," 66.50"," 66.38"," 6000"," 3.98"," 6"," 6000"," 100.00"
PERSISTENT," EQ"," 01-Jan-2026"," 6272.00"," 6285.00"," 6299.00"," 6213.50"," 6275.00"," 6282.50"," 6260.86"," 113350"," 7096.68"," 11936"," 33579"," 29.62"
PETRONET," EQ"," 01-Jan-2026"," 284.10"," 284.90"," 288.65"," 283.80"," 287.90"," 288.10"," 286.82"," 1656639"," 4751.62"," 17108"," 860342"," 51.93"
PFC," EQ"," 01-Jan-2026"," 355.40"," 358.90"," 363.95"," 356.25"," 363.70"," 363.15"," 360.54"," 7388994"," 26640.57"," 49815"," 2753679"," 37.27"
PFIZER," EQ"," 01-Jan-2026"," 4987.70"," 4940.00"," 4973.30"," 4900.50"," 4925.00"," 4915.80"," 4930.49"," 13941"," 687.36"," 4373"," 7307"," 52.41"
PFOCUS," EQ"," 01-Jan-2026"," 235.57"," 234.50"," 235.50"," 226.62"," 229.74"," 229.32"," 230.80"," 1653629"," 3816.58"," 16432"," 376340"," 22.76"
PFS," EQ"," 01-Jan-2026"," 33.50"," 33.70"," 34.00"," 33.52"," 33.65"," 33.75"," 33.74"," 213668"," 72.09"," 2168"," 121209"," 56.73"
PGEL," EQ"," 01-Jan-2026"," 575.30"," 577.90"," 580.55"," 571.35"," 580.00"," 578.95"," 576.26"," 590083"," 3400.44"," 12878"," 193381"," 32.77"
PGHH," EQ"," 01-Jan-2026"," 12971.00"," 13020.00"," 13050.00"," 12920.00"," 13000.00"," 12985.00"," 12972.29"," 1865"," 241.93"," 921"," 917"," 49.17"
PGHL," EQ"," 01-Jan-2026"," 5703.00"," 5679.00"," 5729.00"," 5671.50"," 5729.00"," 5722.50"," 5707.89"," 886"," 50.57"," 459"," 472"," 53.27"
PGIL," EQ"," 01-Jan-2026"," 1610.90"," 1610.90"," 1622.10"," 1596.40"," 1610.00"," 1601.20"," 1605.64"," 25813"," 414.46"," 2485"," 14323"," 55.49"
PGINVIT," IV"," 01-Jan-2026"," 89.36"," 89.74"," 89.74"," 88.77"," 89.06"," 88.92"," 89.16"," 1829852"," 1631.53"," 14638"," 1647581"," 90.04"
PHANTOMFX," SM"," 01-Jan-2026"," 233.55"," 232.10"," 243.45"," 232.00"," 243.45"," 241.00"," 237.03"," 13200"," 31.29"," 39"," 9000"," 68.18"
PHARMABEES," EQ"," 01-Jan-2026"," 23.34"," 23.60"," 23.60"," 23.12"," 23.24"," 23.20"," 23.18"," 2745956"," 636.58"," 9705"," 2114869"," 77.02"
PHOENIXLTD," EQ"," 01-Jan-2026"," 1853.50"," 1853.50"," 1875.90"," 1846.60"," 1865.10"," 1872.70"," 1868.52"," 187779"," 3508.69"," 8542"," 111256"," 59.25"
PHOGLOBAL," SM"," 01-Jan-2026"," 21.25"," 22.50"," 24.95"," 22.50"," 23.15"," 23.15"," 23.71"," 70000"," 16.59"," 34"," 58000"," 82.86"
PICCADIL," EQ"," 01-Jan-2026"," 565.85"," 573.00"," 648.80"," 573.00"," 604.65"," 604.55"," 629.35"," 7531332"," 47398.31"," 165906"," 513807"," 6.82"
PIDILITIND," EQ"," 01-Jan-2026"," 1482.40"," 1483.90"," 1486.60"," 1467.20"," 1468.00"," 1469.30"," 1473.81"," 108609"," 1600.69"," 9837"," 57838"," 53.25"
PIGL," EQ"," 01-Jan-2026"," 126.25"," 126.25"," 126.99"," 123.10"," 123.97"," 123.75"," 125.31"," 22342"," 28.00"," 676"," 14026"," 62.78"
PIIND," EQ"," 01-Jan-2026"," 3238.20"," 3255.00"," 3255.00"," 3200.00"," 3239.90"," 3219.10"," 3217.11"," 42718"," 1374.29"," 6362"," 18787"," 43.98"
PILANIINVS," EQ"," 01-Jan-2026"," 5223.50"," 5225.00"," 5225.00"," 5166.00"," 5175.00"," 5179.00"," 5186.61"," 1070"," 55.50"," 383"," 794"," 74.21"
PILITA," EQ"," 01-Jan-2026"," 9.09"," 9.39"," 9.62"," 9.22"," 9.55"," 9.55"," 9.43"," 254349"," 24.00"," 776"," 163482"," 64.27"
PINELABS," EQ"," 01-Jan-2026"," 239.33"," 239.60"," 239.99"," 233.83"," 235.25"," 235.12"," 236.11"," 204739"," 483.42"," 4626"," 102301"," 49.97"
PIONEEREMB," EQ"," 01-Jan-2026"," 28.13"," 28.80"," 28.80"," 28.08"," 28.20"," 28.20"," 28.20"," 7850"," 2.21"," 40"," 7114"," 90.62"
PIRAMALFIN," EQ"," 01-Jan-2026"," 1643.00"," 1653.70"," 1657.00"," 1621.00"," 1646.10"," 1645.00"," 1638.05"," 127844"," 2094.14"," 16601"," 68431"," 53.53"
PITTIENG," EQ"," 01-Jan-2026"," 822.25"," 826.60"," 828.00"," 818.45"," 823.00"," 824.50"," 824.92"," 5356"," 44.18"," 525"," 3094"," 57.77"
PIXTRANS," EQ"," 01-Jan-2026"," 1415.20"," 1417.30"," 1425.00"," 1400.00"," 1400.00"," 1401.20"," 1408.24"," 2340"," 32.95"," 453"," 1619"," 69.19"
PKTEA," EQ"," 01-Jan-2026"," 882.05"," 884.05"," 885.00"," 850.00"," 850.05"," 852.60"," 863.22"," 310"," 2.68"," 47"," 210"," 67.74"
PLASTIBLEN," EQ"," 01-Jan-2026"," 164.69"," 163.49"," 167.64"," 162.65"," 163.40"," 163.76"," 164.82"," 6630"," 10.93"," 527"," 3553"," 53.59"
PLATIND," EQ"," 01-Jan-2026"," 247.90"," 249.90"," 249.90"," 242.00"," 246.99"," 246.05"," 245.18"," 151699"," 371.94"," 4198"," 54150"," 35.70"
PLAZACABLE," EQ"," 01-Jan-2026"," 41.90"," 41.90"," 42.26"," 41.20"," 41.35"," 41.50"," 41.72"," 29714"," 12.40"," 1889"," 10489"," 35.30"
PNB," EQ"," 01-Jan-2026"," 123.58"," 123.70"," 124.70"," 123.16"," 123.76"," 123.94"," 123.97"," 7729355"," 9582.35"," 28495"," 2177398"," 28.17"
PNBGILTS," EQ"," 01-Jan-2026"," 81.03"," 81.00"," 82.00"," 79.80"," 81.85"," 81.17"," 80.72"," 179759"," 145.10"," 1773"," 87806"," 48.85"
PNBHOUSING," EQ"," 01-Jan-2026"," 951.50"," 954.00"," 998.00"," 951.55"," 984.50"," 986.60"," 983.95"," 3562795"," 35056.11"," 67911"," 1133022"," 31.80"
PNC," EQ"," 01-Jan-2026"," 26.92"," 27.30"," 28.00"," 26.86"," 27.54"," 27.51"," 27.21"," 4377"," 1.19"," 158"," 2579"," 58.92"
PNCINFRA," EQ"," 01-Jan-2026"," 251.68"," 252.40"," 253.10"," 250.55"," 251.00"," 251.25"," 251.72"," 95072"," 239.32"," 3820"," 45032"," 47.37"
PNGJL," EQ"," 01-Jan-2026"," 607.45"," 607.45"," 611.00"," 601.65"," 607.50"," 604.75"," 606.32"," 75181"," 455.84"," 5197"," 39207"," 52.15"
POCL," EQ"," 01-Jan-2026"," 1454.10"," 1454.70"," 1554.20"," 1452.50"," 1515.10"," 1518.90"," 1521.83"," 839759"," 12779.74"," 47238"," 237591"," 28.29"
PODDARMENT," EQ"," 01-Jan-2026"," 265.35"," 265.15"," 265.15"," 262.90"," 265.00"," 264.60"," 264.59"," 617"," 1.63"," 43"," 585"," 94.81"
POKARNA," EQ"," 01-Jan-2026"," 829.90"," 829.90"," 844.10"," 825.60"," 840.00"," 840.05"," 835.80"," 42647"," 356.44"," 2643"," 18238"," 42.77"
POLICYBZR," EQ"," 01-Jan-2026"," 1825.60"," 1837.70"," 1848.00"," 1799.50"," 1803.20"," 1805.80"," 1817.92"," 434380"," 7896.70"," 23063"," 89779"," 20.67"
POLYCAB," EQ"," 01-Jan-2026"," 7619.00"," 7615.00"," 7695.00"," 7520.00"," 7675.00"," 7673.00"," 7616.45"," 139174"," 10600.11"," 22989"," 52350"," 37.61"
POLYMED," EQ"," 01-Jan-2026"," 1773.70"," 1762.00"," 1769.30"," 1736.00"," 1737.90"," 1742.50"," 1753.40"," 43991"," 771.34"," 5773"," 19901"," 45.24"
POLYPLEX," EQ"," 01-Jan-2026"," 834.75"," 834.75"," 842.75"," 827.90"," 838.00"," 836.70"," 836.23"," 40573"," 339.28"," 2968"," 21446"," 52.86"
POLYSIL," ST"," 01-Jan-2026"," 306.35"," 296.00"," 305.00"," 295.00"," 296.00"," 297.50"," 298.72"," 6000"," 17.92"," 9"," 6000"," 100.00"
PONNIERODE," EQ"," 01-Jan-2026"," 263.60"," 264.40"," 270.60"," 263.15"," 269.20"," 269.20"," 267.53"," 22291"," 59.63"," 844"," 13696"," 61.44"
POONAWALLA," EQ"," 01-Jan-2026"," 482.95"," 485.85"," 490.00"," 481.00"," 483.25"," 483.20"," 485.75"," 740840"," 3598.61"," 21107"," 341132"," 46.05"
POSITRON," SM"," 01-Jan-2026"," 203.45"," 207.30"," 217.00"," 205.50"," 209.00"," 209.00"," 211.56"," 7800"," 16.50"," 26"," 5700"," 73.08"
POWERGRID," EQ"," 01-Jan-2026"," 264.60"," 264.10"," 267.55"," 264.10"," 267.55"," 266.80"," 266.03"," 4298196"," 11434.34"," 46089"," 2172803"," 50.55"
POWERINDIA," EQ"," 01-Jan-2026"," 18310.00"," 18285.00"," 18521.00"," 18205.00"," 18500.00"," 18482.00"," 18368.31"," 36058"," 6623.24"," 12002"," 10293"," 28.55"
POWERMECH," EQ"," 01-Jan-2026"," 2291.60"," 2291.60"," 2312.00"," 2270.00"," 2284.90"," 2278.10"," 2285.72"," 15637"," 357.42"," 3628"," 7949"," 50.83"
PPAP," EQ"," 01-Jan-2026"," 212.74"," 212.25"," 218.90"," 211.40"," 211.45"," 212.10"," 212.97"," 6516"," 13.88"," 267"," 3698"," 56.75"
PPL," EQ"," 01-Jan-2026"," 241.53"," 243.10"," 243.51"," 237.00"," 238.53"," 238.08"," 238.74"," 50022"," 119.42"," 2278"," 29556"," 59.09"
PPLPHARMA," EQ"," 01-Jan-2026"," 172.21"," 172.75"," 173.34"," 169.36"," 169.95"," 169.88"," 170.48"," 2136651"," 3642.55"," 13889"," 981331"," 45.93"
PPSL," SM"," 01-Jan-2026"," 10.20"," 10.20"," 10.45"," 10.20"," 10.40"," 10.40"," 10.28"," 18000"," 1.85"," 3"," 18000"," 100.00"
PRABHA," EQ"," 01-Jan-2026"," 186.95"," 189.21"," 189.97"," 186.13"," 188.00"," 187.06"," 187.61"," 9027"," 16.94"," 941"," 2998"," 33.21"
PRAENG," BE"," 01-Jan-2026"," 26.05"," 26.00"," 26.53"," 25.26"," 26.00"," 26.23"," 25.88"," 8341"," 2.16"," 54"," -"," -"
PRAJIND," EQ"," 01-Jan-2026"," 322.60"," 322.60"," 325.40"," 319.05"," 320.00"," 319.70"," 321.41"," 279572"," 898.57"," 9436"," 147141"," 52.63"
PRAKASH," EQ"," 01-Jan-2026"," 146.70"," 147.99"," 148.26"," 145.15"," 145.90"," 145.91"," 146.44"," 275698"," 403.72"," 4531"," 130859"," 47.46"
PRAKASHSTL," EQ"," 01-Jan-2026"," 5.75"," 5.82"," 6.00"," 5.31"," 5.50"," 5.40"," 5.57"," 1263749"," 70.42"," 1522"," 639719"," 50.62"
PRAMARA," SM"," 01-Jan-2026"," 346.40"," 348.05"," 351.00"," 348.05"," 349.80"," 349.50"," 349.49"," 38000"," 132.80"," 48"," 24500"," 64.47"
PRATHAM," SM"," 01-Jan-2026"," 147.85"," 145.00"," 149.90"," 145.00"," 149.90"," 149.90"," 147.09"," 1600"," 2.35"," 4"," 1200"," 75.00"
PRAXIS," EQ"," 01-Jan-2026"," 9.15"," 9.16"," 9.43"," 9.03"," 9.05"," 9.05"," 9.10"," 135661"," 12.35"," 186"," 98576"," 72.66"
PRECAM," EQ"," 01-Jan-2026"," 166.39"," 166.62"," 178.40"," 166.44"," 172.80"," 172.41"," 173.97"," 888322"," 1545.41"," 13567"," 161680"," 18.20"
PRECISION," SM"," 01-Jan-2026"," 12.20"," 12.20"," 12.20"," 11.60"," 11.60"," 11.60"," 11.79"," 10000"," 1.18"," 5"," 10000"," 100.00"
PRECOT," EQ"," 01-Jan-2026"," 389.95"," 397.90"," 404.80"," 392.80"," 392.80"," 394.95"," 397.22"," 1963"," 7.80"," 128"," 1620"," 82.53"
PRECWIRE," EQ"," 01-Jan-2026"," 237.05"," 239.00"," 257.02"," 238.87"," 247.20"," 248.55"," 248.77"," 2029987"," 5049.99"," 32020"," 289366"," 14.25"
PREMEXPLN," EQ"," 01-Jan-2026"," 524.75"," 528.00"," 529.00"," 515.00"," 519.00"," 517.20"," 518.80"," 120011"," 622.61"," 4406"," 56848"," 47.37"
PREMIER," BE"," 01-Jan-2026"," 2.94"," 2.94"," 3.08"," 2.82"," 3.05"," 3.04"," 2.92"," 5246"," 0.15"," 26"," -"," -"
PREMIERENE," EQ"," 01-Jan-2026"," 842.15"," 847.00"," 854.60"," 843.50"," 846.50"," 847.20"," 848.25"," 539672"," 4577.76"," 16551"," 180539"," 33.45"
PREMIERPOL," EQ"," 01-Jan-2026"," 41.38"," 41.14"," 41.88"," 40.01"," 40.56"," 40.63"," 40.77"," 31875"," 13.00"," 603"," 21162"," 66.39"
PREMIUM," SM"," 01-Jan-2026"," 38.50"," 39.00"," 39.00"," 38.25"," 38.50"," 38.50"," 38.69"," 12000"," 4.64"," 4"," 9000"," 75.00"
PRESSTONIC," SM"," 01-Jan-2026"," 62.45"," 62.95"," 62.95"," 60.50"," 60.50"," 60.50"," 61.51"," 9600"," 5.90"," 5"," 9600"," 100.00"
PRESTIGE," EQ"," 01-Jan-2026"," 1594.80"," 1600.00"," 1615.20"," 1584.10"," 1605.00"," 1604.10"," 1599.23"," 723300"," 11567.25"," 16135"," 532158"," 73.57"
PRICOLLTD," EQ"," 01-Jan-2026"," 661.10"," 663.50"," 664.60"," 652.85"," 658.00"," 660.50"," 658.42"," 249630"," 1643.62"," 18523"," 93696"," 37.53"
PRIMECAB," SM"," 01-Jan-2026"," 84.80"," 87.45"," 87.50"," 80.70"," 82.25"," 82.30"," 82.14"," 67200"," 55.20"," 42"," 44800"," 66.67"
PRIMESECU," EQ"," 01-Jan-2026"," 276.10"," 279.75"," 279.75"," 272.20"," 272.80"," 274.70"," 273.97"," 9701"," 26.58"," 483"," 4294"," 44.26"
PRIMO," EQ"," 01-Jan-2026"," 23.94"," 24.20"," 24.20"," 23.42"," 23.63"," 23.52"," 23.60"," 39359"," 9.29"," 392"," 26760"," 67.99"
PRINCEPIPE," EQ"," 01-Jan-2026"," 261.15"," 264.65"," 276.50"," 260.50"," 265.20"," 267.20"," 269.21"," 477032"," 1284.21"," 13304"," 106931"," 22.42"
PRITI," EQ"," 01-Jan-2026"," 58.87"," 60.50"," 60.50"," 57.20"," 58.78"," 58.67"," 58.16"," 7850"," 4.57"," 169"," 6602"," 84.10"
PRITIKA," SM"," 01-Jan-2026"," 80.00"," 81.50"," 81.50"," 81.50"," 81.50"," 81.50"," 81.50"," 2000"," 1.63"," 1"," 2000"," 100.00"
PRITIKAUTO," EQ"," 01-Jan-2026"," 13.67"," 13.60"," 13.95"," 13.26"," 13.95"," 13.84"," 13.62"," 148404"," 20.21"," 983"," 88159"," 59.40"
PRIVISCL," EQ"," 01-Jan-2026"," 2804.40"," 2811.90"," 2836.00"," 2785.30"," 2803.50"," 2799.20"," 2814.34"," 260016"," 7317.72"," 18214"," 125794"," 48.38"
PRIZOR," SM"," 01-Jan-2026"," 296.75"," 300.00"," 302.00"," 295.00"," 300.00"," 300.50"," 299.81"," 8800"," 26.38"," 15"," 8400"," 95.45"
PRLIND," SM"," 01-Jan-2026"," 78.50"," 79.50"," 80.00"," 79.50"," 80.00"," 80.00"," 79.75"," 2000"," 1.60"," 2"," 2000"," 100.00"
PROFX," SM"," 01-Jan-2026"," 76.30"," 76.30"," 76.30"," 74.20"," 74.20"," 74.20"," 74.50"," 11200"," 8.34"," 4"," 11200"," 100.00"
PROPEQUITY," SM"," 01-Jan-2026"," 186.30"," 182.00"," 182.00"," 182.00"," 182.00"," 182.00"," 182.00"," 1800"," 3.28"," 1"," 1800"," 100.00"
PROSTARM," EQ"," 01-Jan-2026"," 177.97"," 178.49"," 181.88"," 178.00"," 178.54"," 178.33"," 179.24"," 274206"," 491.49"," 3943"," 69542"," 25.36"
PROTEAN," EQ"," 01-Jan-2026"," 755.30"," 757.00"," 760.25"," 748.10"," 752.00"," 751.60"," 752.22"," 141392"," 1063.58"," 5661"," 72771"," 51.47"
PROZONER," BE"," 01-Jan-2026"," 55.88"," 56.99"," 56.99"," 56.99"," 56.99"," 56.99"," 56.99"," 53227"," 30.33"," 113"," -"," -"
PRSMJOHNSN," EQ"," 01-Jan-2026"," 135.94"," 135.35"," 145.00"," 135.35"," 138.14"," 138.54"," 140.28"," 1091235"," 1530.73"," 24898"," 194242"," 17.80"
PRUDENT," EQ"," 01-Jan-2026"," 2548.40"," 2540.00"," 2589.40"," 2540.00"," 2554.00"," 2551.60"," 2565.58"," 6814"," 174.82"," 1689"," 3378"," 49.57"
PRUDMOULI," EQ"," 01-Jan-2026"," 20.41"," 21.00"," 21.00"," 19.52"," 19.75"," 19.94"," 19.97"," 16162"," 3.23"," 142"," 13703"," 84.79"
PSB," EQ"," 01-Jan-2026"," 27.69"," 27.69"," 28.19"," 27.54"," 27.91"," 27.97"," 27.92"," 1403119"," 391.71"," 5047"," 537385"," 38.30"
PSFL," SM"," 01-Jan-2026"," 28.85"," 29.90"," 29.90"," 28.25"," 28.50"," 28.50"," 28.72"," 28000"," 8.04"," 13"," 20000"," 71.43"
PSPPROJECT," EQ"," 01-Jan-2026"," 867.55"," 871.80"," 873.90"," 860.05"," 869.40"," 866.85"," 866.81"," 23874"," 206.94"," 1872"," 11799"," 49.42"
PSUBANK," EQ"," 01-Jan-2026"," 853.00"," 831.67"," 858.99"," 831.67"," 853.07"," 854.37"," 852.31"," 17606"," 150.06"," 613"," 7876"," 44.73"
PSUBANKADD," EQ"," 01-Jan-2026"," 85.66"," 85.73"," 86.37"," 85.51"," 86.25"," 86.05"," 86.03"," 14184"," 12.20"," 155"," 11894"," 83.86"
PSUBNKBEES," EQ"," 01-Jan-2026"," 94.83"," 93.80"," 96.00"," 93.80"," 95.35"," 95.27"," 95.24"," 1928544"," 1836.84"," 6378"," 1026663"," 53.24"
PSUBNKIETF," EQ"," 01-Jan-2026"," 86.16"," 88.31"," 88.31"," 85.90"," 86.20"," 86.44"," 86.54"," 135857"," 117.57"," 1024"," 85348"," 62.82"
PTC," EQ"," 01-Jan-2026"," 161.37"," 161.50"," 163.59"," 160.93"," 163.05"," 162.83"," 162.42"," 851756"," 1383.44"," 7597"," 417022"," 48.96"
PTCIL," EQ"," 01-Jan-2026"," 18582.00"," 18566.00"," 18566.00"," 18185.00"," 18250.00"," 18352.00"," 18381.78"," 11186"," 2056.19"," 4008"," 2195"," 19.62"
PTL," EQ"," 01-Jan-2026"," 39.21"," 39.00"," 39.55"," 39.00"," 39.55"," 39.27"," 39.26"," 19887"," 7.81"," 435"," 8984"," 45.18"
PULZ," SM"," 01-Jan-2026"," 32.50"," 33.00"," 33.00"," 31.50"," 32.40"," 32.40"," 32.62"," 26000"," 8.48"," 7"," 24000"," 92.31"
PUNJABCHEM," EQ"," 01-Jan-2026"," 1210.90"," 1217.30"," 1220.60"," 1185.00"," 1186.30"," 1190.70"," 1200.94"," 8073"," 96.95"," 826"," 5213"," 64.57"
PURPLEUTED," SM"," 01-Jan-2026"," 401.10"," 405.00"," 428.95"," 398.00"," 415.00"," 412.90"," 405.74"," 11250"," 45.65"," 42"," 9750"," 86.67"
PURVA," EQ"," 01-Jan-2026"," 239.23"," 240.00"," 242.50"," 237.85"," 240.40"," 240.88"," 240.35"," 101873"," 244.85"," 3024"," 43658"," 42.86"
PURVFLEXI," SM"," 01-Jan-2026"," 81.00"," 79.45"," 79.45"," 74.00"," 74.00"," 74.10"," 75.09"," 16000"," 12.01"," 18"," 15200"," 95.00"
PUSHPA," SM"," 01-Jan-2026"," 103.70"," 103.05"," 103.05"," 98.00"," 101.00"," 100.20"," 100.18"," 23000"," 23.04"," 20"," 23000"," 100.00"
PVP," BE"," 01-Jan-2026"," 36.64"," 36.62"," 37.26"," 35.83"," 35.83"," 36.03"," 36.26"," 93955"," 34.06"," 283"," -"," -"
PVRINOX," EQ"," 01-Jan-2026"," 1015.20"," 1012.00"," 1025.00"," 1011.10"," 1014.60"," 1017.00"," 1019.96"," 127215"," 1297.54"," 6480"," 71107"," 55.90"
PVSL," EQ"," 01-Jan-2026"," 112.87"," 115.08"," 123.32"," 112.00"," 123.00"," 121.55"," 118.79"," 99398"," 118.07"," 1989"," 57598"," 57.95"
PVTBANIETF," EQ"," 01-Jan-2026"," 28.98"," 29.11"," 29.11"," 28.90"," 29.00"," 29.03"," 29.03"," 2827581"," 820.84"," 996"," 2683753"," 94.91"
PVTBANKADD," EQ"," 01-Jan-2026"," 29.01"," 29.05"," 29.17"," 29.03"," 29.17"," 29.10"," 29.07"," 10594"," 3.08"," 82"," 9727"," 91.82"
PWL," EQ"," 01-Jan-2026"," 132.81"," 132.10"," 134.30"," 131.70"," 132.08"," 132.63"," 133.08"," 2300067"," 3060.82"," 14229"," 714173"," 31.05"
PYRAMID," EQ"," 01-Jan-2026"," 162.43"," 162.30"," 164.00"," 160.95"," 164.00"," 162.86"," 162.09"," 6217"," 10.08"," 332"," 3341"," 53.74"
QFIL," SM"," 01-Jan-2026"," 60.60"," 62.80"," 63.60"," 62.80"," 63.60"," 63.15"," 63.04"," 5000"," 3.15"," 5"," 5000"," 100.00"
QGOLDHALF," EQ"," 01-Jan-2026"," 110.39"," 113.14"," 113.14"," 109.19"," 110.36"," 110.38"," 110.42"," 69235"," 76.45"," 552"," 60319"," 87.12"
QMSMEDI," SM"," 01-Jan-2026"," 89.60"," 87.80"," 91.90"," 87.10"," 91.90"," 91.90"," 88.79"," 5000"," 4.44"," 5"," 3000"," 60.00"
QNIFTY," EQ"," 01-Jan-2026"," 2856.00"," 2860.00"," 2868.00"," 2848.00"," 2858.00"," 2858.02"," 2857.35"," 477"," 13.63"," 70"," 279"," 58.49"
QPOWER," EQ"," 01-Jan-2026"," 730.75"," 729.00"," 843.35"," 728.95"," 805.80"," 812.45"," 816.52"," 9789450"," 79932.92"," 241076"," 719457"," 7.35"
QUADFUTURE," EQ"," 01-Jan-2026"," 337.65"," 335.65"," 341.75"," 327.70"," 329.50"," 330.40"," 333.54"," 990473"," 3303.64"," 15187"," 136582"," 13.79"
QUADPRO," SM"," 01-Jan-2026"," 2.35"," 2.45"," 2.45"," 2.45"," 2.45"," 2.45"," 2.45"," 12000"," 0.29"," 1"," 12000"," 100.00"
QUAL30IETF," EQ"," 01-Jan-2026"," 22.06"," 22.03"," 22.13"," 21.91"," 22.05"," 22.02"," 21.99"," 42962"," 9.45"," 221"," 21228"," 49.41"
QUALITY30," EQ"," 01-Jan-2026"," 21.54"," 21.54"," 21.56"," 21.43"," 21.50"," 21.50"," 21.50"," 532"," 0.11"," 17"," 527"," 99.06"
QUESS," EQ"," 01-Jan-2026"," 205.59"," 208.58"," 208.88"," 206.01"," 208.00"," 208.33"," 207.59"," 105593"," 219.20"," 4620"," 49317"," 46.70"
QUESTLAB," SM"," 01-Jan-2026"," 110.10"," 110.25"," 111.00"," 110.20"," 111.00"," 111.00"," 110.56"," 9600"," 10.61"," 8"," 8400"," 87.50"
QUICKHEAL," EQ"," 01-Jan-2026"," 265.75"," 265.00"," 269.75"," 265.00"," 265.40"," 266.70"," 266.88"," 29140"," 77.77"," 2101"," 10697"," 36.71"
QUICKTOUCH," SM"," 01-Jan-2026"," 40.30"," 40.25"," 40.30"," 40.25"," 40.30"," 40.30"," 40.29"," 4500"," 1.81"," 3"," 4500"," 100.00"
RACE," EQ"," 01-Jan-2026"," 141.25"," 145.80"," 145.80"," 140.15"," 142.45"," 142.35"," 141.75"," 3711"," 5.26"," 60"," 3662"," 98.68"
RACLGEAR," EQ"," 01-Jan-2026"," 1131.60"," 1121.00"," 1150.00"," 1110.00"," 1111.00"," 1114.80"," 1121.44"," 10255"," 115.00"," 1344"," 4591"," 44.77"
RADAAN," EQ"," 01-Jan-2026"," 3.36"," 3.36"," 3.47"," 3.29"," 3.41"," 3.43"," 3.42"," 18567"," 0.64"," 159"," 12913"," 69.55"
RADHIKAJWE," EQ"," 01-Jan-2026"," 74.62"," 74.65"," 74.77"," 73.50"," 74.19"," 73.97"," 74.05"," 83530"," 61.86"," 1692"," 38594"," 46.20"
RADIANTCMS," EQ"," 01-Jan-2026"," 51.79"," 52.07"," 52.45"," 51.49"," 51.80"," 51.84"," 51.95"," 41693"," 21.66"," 847"," 26355"," 63.21"
RADICO," EQ"," 01-Jan-2026"," 3298.40"," 3282.00"," 3307.80"," 3246.00"," 3254.80"," 3253.90"," 3265.19"," 168345"," 5496.79"," 23709"," 84548"," 50.22"
RADIOCITY," EQ"," 01-Jan-2026"," 6.72"," 6.88"," 6.90"," 6.63"," 6.73"," 6.75"," 6.73"," 68310"," 4.60"," 311"," 44644"," 65.35"
RADIOCITY," P1"," 01-Jan-2026"," 118.05"," 119.20"," 119.20"," 119.20"," 119.20"," 119.20"," 119.20"," 50"," 0.06"," 1"," 50"," 100.00"
RADIOWALLA," SM"," 01-Jan-2026"," 58.95"," 59.95"," 61.00"," 59.95"," 61.00"," 60.45"," 60.48"," 3200"," 1.94"," 2"," 3200"," 100.00"
RAILTEL," EQ"," 01-Jan-2026"," 371.55"," 373.00"," 374.25"," 366.50"," 370.95"," 370.95"," 370.54"," 1056729"," 3915.61"," 21065"," 303077"," 28.68"
RAIN," EQ"," 01-Jan-2026"," 144.94"," 145.00"," 151.01"," 143.43"," 146.00"," 146.72"," 147.43"," 3337472"," 4920.34"," 17511"," 1032227"," 30.93"
RAINBOW," EQ"," 01-Jan-2026"," 1320.00"," 1333.40"," 1333.50"," 1311.00"," 1313.40"," 1315.40"," 1314.77"," 26060"," 342.63"," 3160"," 13299"," 51.03"
RAJESHEXPO," BZ"," 01-Jan-2026"," 183.64"," 182.00"," 183.90"," 177.96"," 179.79"," 178.68"," 180.54"," 224166"," 404.70"," 3288"," -"," -"
RAJINDLTD," SM"," 01-Jan-2026"," 83.10"," 83.20"," 84.50"," 83.20"," 84.50"," 84.50"," 84.05"," 6000"," 5.04"," 4"," 3000"," 50.00"
RAJMET," EQ"," 01-Jan-2026"," 4.75"," 4.77"," 5.09"," 4.77"," 4.85"," 4.88"," 4.95"," 1264657"," 62.59"," 2885"," 809461"," 64.01"
RAJOOENG," EQ"," 01-Jan-2026"," 64.21"," 63.59"," 65.38"," 63.00"," 63.50"," 63.39"," 64.16"," 478693"," 307.15"," 4824"," 216600"," 45.25"
RAJPUTANA," SM"," 01-Jan-2026"," 240.20"," 240.40"," 242.95"," 236.25"," 242.95"," 242.95"," 239.31"," 4500"," 10.77"," 8"," 4000"," 88.89"
RAJRATAN," EQ"," 01-Jan-2026"," 465.75"," 463.00"," 474.50"," 458.35"," 459.50"," 461.15"," 466.05"," 57316"," 267.12"," 4907"," 21420"," 37.37"
RAJRILTD," BE"," 01-Jan-2026"," 22.22"," 22.22"," 22.66"," 21.80"," 22.34"," 22.23"," 21.97"," 13420"," 2.95"," 109"," -"," -"
RAJSREESUG," EQ"," 01-Jan-2026"," 35.39"," 35.39"," 35.44"," 33.80"," 34.51"," 34.45"," 34.40"," 87516"," 30.11"," 1197"," 60285"," 68.88"
RAJTV," EQ"," 01-Jan-2026"," 43.04"," 43.04"," 43.40"," 41.55"," 43.40"," 43.22"," 42.54"," 2431"," 1.03"," 42"," 1864"," 76.68"
RALLIS," EQ"," 01-Jan-2026"," 280.00"," 281.00"," 281.80"," 276.05"," 276.20"," 277.10"," 278.06"," 160588"," 446.53"," 7571"," 66764"," 41.57"
RAMANEWS," EQ"," 01-Jan-2026"," 32.72"," 32.72"," 33.09"," 31.50"," 31.50"," 31.70"," 32.36"," 34302"," 11.10"," 421"," 21649"," 63.11"
RAMAPHO," EQ"," 01-Jan-2026"," 160.47"," 161.75"," 165.00"," 157.00"," 160.60"," 160.78"," 160.04"," 82941"," 132.74"," 2123"," 35565"," 42.88"
RAMASTEEL," EQ"," 01-Jan-2026"," 9.38"," 9.42"," 9.45"," 9.31"," 9.35"," 9.35"," 9.37"," 3476029"," 325.69"," 5114"," 1791528"," 51.54"
RAMCOCEM," EQ"," 01-Jan-2026"," 1056.60"," 1060.00"," 1065.00"," 1047.10"," 1060.00"," 1058.30"," 1057.73"," 114521"," 1211.32"," 5218"," 67596"," 59.02"
RAMCOIND," EQ"," 01-Jan-2026"," 311.45"," 312.45"," 313.90"," 308.30"," 313.85"," 311.15"," 310.62"," 15400"," 47.84"," 795"," 8009"," 52.01"
RAMCOSYS," EQ"," 01-Jan-2026"," 567.50"," 568.50"," 578.80"," 566.00"," 571.00"," 568.30"," 571.90"," 36578"," 209.19"," 3252"," 14690"," 40.16"
RAMKY," EQ"," 01-Jan-2026"," 556.85"," 558.75"," 559.00"," 548.00"," 550.10"," 551.25"," 552.34"," 18640"," 102.96"," 810"," 12232"," 65.62"
RAMRAT," EQ"," 01-Jan-2026"," 307.75"," 310.00"," 314.85"," 308.05"," 310.00"," 310.10"," 310.99"," 41095"," 127.80"," 1679"," 27089"," 65.92"
RANASUG," EQ"," 01-Jan-2026"," 12.51"," 12.56"," 12.64"," 12.10"," 12.29"," 12.28"," 12.33"," 158955"," 19.59"," 661"," 115618"," 72.74"
RANEHOLDIN," EQ"," 01-Jan-2026"," 1363.10"," 1362.90"," 1382.40"," 1336.10"," 1380.00"," 1375.40"," 1360.36"," 4930"," 67.07"," 812"," 2894"," 58.70"
RAPPID," SM"," 01-Jan-2026"," 300.00"," 301.00"," 301.00"," 300.00"," 300.00"," 300.00"," 300.20"," 3000"," 9.01"," 5"," 3000"," 100.00"
RATEGAIN," EQ"," 01-Jan-2026"," 691.70"," 694.40"," 716.00"," 694.40"," 699.10"," 702.00"," 704.65"," 333676"," 2351.26"," 18348"," 140154"," 42.00"
RATNAMANI," EQ"," 01-Jan-2026"," 2380.50"," 2392.90"," 2395.80"," 2349.20"," 2390.00"," 2389.40"," 2382.98"," 6495"," 154.77"," 1695"," 3612"," 55.61"
RATNAVEER," EQ"," 01-Jan-2026"," 152.31"," 153.50"," 154.30"," 150.90"," 153.50"," 152.91"," 152.81"," 344156"," 525.91"," 4036"," 148512"," 43.15"
RAYMOND," EQ"," 01-Jan-2026"," 427.25"," 430.00"," 430.50"," 422.75"," 424.65"," 425.60"," 425.95"," 125090"," 532.82"," 4783"," 56197"," 44.93"
RAYMONDLSL," EQ"," 01-Jan-2026"," 1042.50"," 1042.60"," 1050.90"," 1016.00"," 1020.50"," 1019.50"," 1032.80"," 47144"," 486.90"," 5501"," 20839"," 44.20"
RAYMONDREL," EQ"," 01-Jan-2026"," 522.35"," 520.00"," 526.00"," 517.35"," 521.00"," 521.40"," 522.61"," 87649"," 458.06"," 3344"," 48612"," 55.46"
RBA," EQ"," 01-Jan-2026"," 63.10"," 63.40"," 63.76"," 62.63"," 63.11"," 63.54"," 63.32"," 1711162"," 1083.52"," 4571"," 1001029"," 58.50"
RBLBANK," EQ"," 01-Jan-2026"," 315.80"," 313.95"," 316.50"," 310.80"," 315.50"," 315.30"," 313.97"," 1946232"," 6110.61"," 17574"," 452781"," 23.26"
RBMINFRA," SM"," 01-Jan-2026"," 412.25"," 414.00"," 420.90"," 412.25"," 418.00"," 415.75"," 415.18"," 3800"," 15.78"," 10"," 3000"," 78.95"
RBS," SM"," 01-Jan-2026"," 91.60"," 93.45"," 95.00"," 93.45"," 95.00"," 95.00"," 94.48"," 2400"," 2.27"," 3"," 2400"," 100.00"
RBZJEWEL," EQ"," 01-Jan-2026"," 140.01"," 138.70"," 142.57"," 138.51"," 141.40"," 139.37"," 139.60"," 26298"," 36.71"," 945"," 13445"," 51.13"
RCF," EQ"," 01-Jan-2026"," 146.24"," 147.00"," 147.19"," 145.01"," 145.75"," 146.07"," 145.97"," 595862"," 869.76"," 5668"," 230346"," 38.66"
RCOM," BE"," 01-Jan-2026"," 1.11"," 1.11"," 1.12"," 1.10"," 1.11"," 1.11"," 1.11"," 2040276"," 22.66"," 1509"," -"," -"
RECLTD," EQ"," 01-Jan-2026"," 356.80"," 360.00"," 368.60"," 359.35"," 368.50"," 367.70"," 364.74"," 13409679"," 48910.12"," 80418"," 5729027"," 42.72"
REDINGTON," EQ"," 01-Jan-2026"," 272.35"," 270.55"," 275.70"," 269.15"," 274.10"," 274.95"," 274.25"," 899625"," 2467.21"," 18707"," 301045"," 33.46"
REDTAPE," EQ"," 01-Jan-2026"," 123.92"," 122.64"," 125.69"," 122.64"," 124.90"," 124.20"," 123.92"," 113758"," 140.97"," 2130"," 49970"," 43.93"
REFEX," EQ"," 01-Jan-2026"," 259.90"," 259.90"," 267.30"," 255.00"," 262.80"," 261.50"," 260.33"," 1198117"," 3119.10"," 15522"," 242394"," 20.23"
REFRACTORY," SM"," 01-Jan-2026"," 55.10"," 55.10"," 55.10"," 55.10"," 55.10"," 55.10"," 55.10"," 1000"," 0.55"," 1"," 1000"," 100.00"
REGAAL," EQ"," 01-Jan-2026"," 70.29"," 70.85"," 70.85"," 69.10"," 69.50"," 69.57"," 69.69"," 672087"," 468.36"," 3194"," 475150"," 70.70"
REGENCERAM," EQ"," 01-Jan-2026"," 46.36"," 46.36"," 47.87"," 45.00"," 46.02"," 46.03"," 46.44"," 1492"," 0.69"," 54"," 848"," 56.84"
RELAXO," EQ"," 01-Jan-2026"," 404.40"," 405.70"," 406.30"," 401.00"," 404.25"," 402.65"," 403.31"," 30035"," 121.13"," 2469"," 16313"," 54.31"
RELCHEMQ," EQ"," 01-Jan-2026"," 133.49"," 133.50"," 138.00"," 132.11"," 138.00"," 137.27"," 135.61"," 2976"," 4.04"," 108"," 1821"," 61.19"
RELIABLE," BE"," 01-Jan-2026"," 147.22"," 152.00"," 154.58"," 143.00"," 154.58"," 153.58"," 151.51"," 36570"," 55.41"," 221"," -"," -"
RELIANCE," EQ"," 01-Jan-2026"," 1570.40"," 1573.70"," 1592.50"," 1571.10"," 1572.90"," 1575.60"," 1578.67"," 6408128"," 101163.47"," 134062"," 2100118"," 32.77"
RELIGARE," EQ"," 01-Jan-2026"," 246.77"," 246.25"," 249.98"," 246.25"," 248.25"," 247.87"," 247.98"," 710222"," 1761.19"," 7023"," 493353"," 69.46"
RELTD," EQ"," 01-Jan-2026"," 158.86"," 159.50"," 159.97"," 156.00"," 156.75"," 156.74"," 157.81"," 203214"," 320.69"," 2262"," 132237"," 65.07"
REMSONSIND," EQ"," 01-Jan-2026"," 117.91"," 120.96"," 121.50"," 118.82"," 121.49"," 120.62"," 119.94"," 67509"," 80.97"," 1434"," 40871"," 60.54"
REMUS," SM"," 01-Jan-2026"," 702.20"," 701.00"," 718.85"," 693.00"," 693.00"," 693.35"," 702.34"," 1000"," 7.02"," 10"," 400"," 40.00"
RENUKA," EQ"," 01-Jan-2026"," 26.13"," 26.13"," 26.29"," 25.95"," 26.05"," 26.08"," 26.07"," 1367595"," 356.51"," 5412"," 552201"," 40.38"
REPCOHOME," EQ"," 01-Jan-2026"," 414.85"," 413.10"," 432.45"," 412.60"," 429.90"," 429.15"," 425.80"," 174078"," 741.23"," 6372"," 95659"," 54.95"
REPL," EQ"," 01-Jan-2026"," 116.88"," 118.01"," 119.98"," 115.20"," 116.30"," 117.48"," 118.27"," 9851"," 11.65"," 221"," 5879"," 59.68"
REPRO," EQ"," 01-Jan-2026"," 462.60"," 455.00"," 471.00"," 455.00"," 462.40"," 465.10"," 465.21"," 3659"," 17.02"," 265"," 2153"," 58.84"
RESPONIND," EQ"," 01-Jan-2026"," 200.32"," 199.00"," 203.00"," 198.10"," 202.30"," 199.48"," 200.50"," 130084"," 260.82"," 3560"," 45796"," 35.20"
RETAIL," EQ"," 01-Jan-2026"," 24.42"," 25.02"," 25.02"," 24.52"," 24.53"," 24.70"," 24.75"," 2019"," 0.50"," 33"," 1475"," 73.06"
REXPRO," SM"," 01-Jan-2026"," 62.50"," 57.10"," 57.50"," 57.10"," 57.50"," 57.50"," 57.30"," 2000"," 1.15"," 2"," 1000"," 50.00"
RGL," EQ"," 01-Jan-2026"," 125.89"," 125.15"," 127.45"," 123.23"," 127.00"," 126.70"," 126.26"," 460378"," 581.27"," 3778"," 219695"," 47.72"
RHETAN," EQ"," 01-Jan-2026"," 24.32"," 24.30"," 24.65"," 24.00"," 24.64"," 24.62"," 24.48"," 652863"," 159.80"," 1405"," 166598"," 25.52"
RHFL," BZ"," 01-Jan-2026"," 2.89"," 2.86"," 2.90"," 2.85"," 2.89"," 2.87"," 2.87"," 401010"," 11.51"," 913"," -"," -"
RHIM," EQ"," 01-Jan-2026"," 459.05"," 459.00"," 464.00"," 452.30"," 456.00"," 454.55"," 456.13"," 48411"," 220.82"," 3480"," 19602"," 40.49"
RHL," EQ"," 01-Jan-2026"," 177.25"," 178.30"," 187.70"," 176.00"," 185.00"," 185.07"," 183.25"," 23467"," 43.00"," 249"," 21061"," 89.75"
RICHA," ST"," 01-Jan-2026"," 63.65"," 60.70"," 64.75"," 60.65"," 64.75"," 64.75"," 63.16"," 6000"," 3.79"," 6"," 4000"," 66.67"
RICOAUTO," EQ"," 01-Jan-2026"," 136.20"," 137.59"," 139.79"," 136.22"," 137.73"," 138.05"," 137.92"," 5785184"," 7978.86"," 30234"," 963442"," 16.65"
RIIL," EQ"," 01-Jan-2026"," 805.70"," 809.80"," 827.90"," 809.80"," 819.50"," 818.20"," 819.41"," 73847"," 605.11"," 3915"," 28320"," 38.35"
RILINFRA," SM"," 01-Jan-2026"," 36.90"," 37.95"," 37.95"," 36.05"," 36.90"," 36.85"," 36.97"," 19200"," 7.10"," 57"," 16600"," 86.46"
RISHABH," EQ"," 01-Jan-2026"," 399.25"," 406.95"," 435.00"," 395.85"," 428.00"," 425.90"," 423.84"," 131889"," 558.99"," 6045"," 46094"," 34.95"
RITCO," EQ"," 01-Jan-2026"," 271.30"," 273.45"," 273.45"," 268.00"," 271.00"," 270.15"," 270.37"," 33515"," 90.61"," 645"," 22411"," 66.87"
RITES," EQ"," 01-Jan-2026"," 242.81"," 243.00"," 245.00"," 241.22"," 243.00"," 243.25"," 242.79"," 837633"," 2033.69"," 13615"," 200211"," 23.90"
RKDL," EQ"," 01-Jan-2026"," 23.18"," 23.66"," 23.66"," 22.73"," 22.81"," 23.08"," 23.38"," 25135"," 5.88"," 196"," 15042"," 59.84"
RKEC," EQ"," 01-Jan-2026"," 53.88"," 54.00"," 54.60"," 53.51"," 53.98"," 53.79"," 54.07"," 14363"," 7.77"," 270"," 9473"," 65.95"
RKFORGE," EQ"," 01-Jan-2026"," 523.15"," 525.60"," 526.85"," 514.00"," 516.80"," 516.45"," 518.29"," 140326"," 727.29"," 6025"," 60696"," 43.25"
RKSWAMY," EQ"," 01-Jan-2026"," 111.97"," 111.00"," 111.54"," 110.12"," 111.00"," 110.76"," 110.91"," 25371"," 28.14"," 642"," 18124"," 71.44"
RMDRIP," EQ"," 01-Jan-2026"," 83.33"," 83.71"," 84.94"," 83.60"," 84.38"," 84.35"," 84.22"," 1470478"," 1238.45"," 3052"," 1031967"," 70.18"
RML," EQ"," 01-Jan-2026"," 799.75"," 790.30"," 818.00"," 790.05"," 812.40"," 809.25"," 802.97"," 6189"," 49.70"," 600"," 4214"," 68.09"
RNBDENIMS," EQ"," 01-Jan-2026"," 136.28"," 137.20"," 139.39"," 134.00"," 134.43"," 134.89"," 136.72"," 51968"," 71.05"," 1557"," 29547"," 56.86"
RNFI," SM"," 01-Jan-2026"," 310.25"," 317.65"," 317.65"," 310.05"," 316.45"," 316.45"," 314.32"," 4200"," 13.20"," 7"," 3000"," 71.43"
RNPL," ST"," 01-Jan-2026"," 141.00"," 144.50"," 145.00"," 141.00"," 145.00"," 145.00"," 143.68"," 19200"," 27.59"," 16"," 19200"," 100.00"
ROCKINGDCE," ST"," 01-Jan-2026"," 242.90"," 231.00"," 253.90"," 230.80"," 230.80"," 233.65"," 234.91"," 5250"," 12.33"," 21"," 4000"," 76.19"
ROHLTD," EQ"," 01-Jan-2026"," 417.35"," 419.45"," 419.45"," 413.40"," 415.30"," 415.10"," 415.19"," 16129"," 66.97"," 1166"," 10989"," 68.13"
ROLEXRINGS," EQ"," 01-Jan-2026"," 128.77"," 130.00"," 130.00"," 127.32"," 127.67"," 127.99"," 128.08"," 311844"," 399.42"," 4096"," 129188"," 41.43"
ROLLT," EQ"," 01-Jan-2026"," 1.23"," 1.27"," 1.28"," 1.24"," 1.25"," 1.25"," 1.26"," 131680"," 1.66"," 179"," 82315"," 62.51"
ROML," EQ"," 01-Jan-2026"," 50.60"," 51.00"," 52.05"," 50.91"," 51.30"," 51.28"," 51.38"," 5220"," 2.68"," 85"," 3963"," 75.92"
ROSSARI," EQ"," 01-Jan-2026"," 582.15"," 584.00"," 585.15"," 576.75"," 580.00"," 579.15"," 579.39"," 10598"," 61.40"," 862"," 6279"," 59.25"
ROSSELLIND," EQ"," 01-Jan-2026"," 50.61"," 50.62"," 51.55"," 49.80"," 50.00"," 50.16"," 50.36"," 22424"," 11.29"," 1104"," 16407"," 73.17"
ROSSTECH," EQ"," 01-Jan-2026"," 629.20"," 629.20"," 636.05"," 624.15"," 627.50"," 626.85"," 629.82"," 16287"," 102.58"," 1324"," 8213"," 50.43"
ROTO," EQ"," 01-Jan-2026"," 68.82"," 69.19"," 69.24"," 67.94"," 68.61"," 68.65"," 68.51"," 636845"," 436.31"," 4853"," 138765"," 21.79"
ROUTE," EQ"," 01-Jan-2026"," 701.80"," 710.00"," 710.95"," 695.00"," 698.90"," 696.15"," 700.52"," 64799"," 453.93"," 3317"," 28201"," 43.52"
ROXHITECH," SM"," 01-Jan-2026"," 45.00"," 43.55"," 44.00"," 43.50"," 43.50"," 43.50"," 43.57"," 14400"," 6.27"," 7"," 14400"," 100.00"
ROYALARC," SM"," 01-Jan-2026"," 169.85"," 158.05"," 168.95"," 158.05"," 168.00"," 168.00"," 165.00"," 7200"," 11.88"," 6"," 4800"," 66.67"
RPEL," EQ"," 01-Jan-2026"," 950.90"," 951.00"," 975.90"," 949.35"," 962.00"," 964.95"," 963.74"," 25811"," 248.75"," 2086"," 9499"," 36.80"
RPGLIFE," EQ"," 01-Jan-2026"," 2322.30"," 2322.30"," 2330.10"," 2280.00"," 2293.00"," 2312.70"," 2309.21"," 4247"," 98.07"," 1046"," 2595"," 61.10"
RPOWER," EQ"," 01-Jan-2026"," 34.85"," 35.36"," 35.52"," 34.55"," 34.79"," 34.72"," 34.86"," 27715090"," 9662.74"," 45205"," 8102339"," 29.23"
RPPINFRA," EQ"," 01-Jan-2026"," 100.70"," 101.90"," 102.10"," 100.01"," 100.64"," 100.47"," 100.72"," 41907"," 42.21"," 1671"," 17515"," 41.79"
RPPL," EQ"," 01-Jan-2026"," 19.59"," 19.81"," 19.90"," 18.85"," 19.01"," 19.17"," 19.15"," 75311"," 14.42"," 648"," 51813"," 68.80"
RPSGVENT," EQ"," 01-Jan-2026"," 751.75"," 751.00"," 756.25"," 741.50"," 741.50"," 747.00"," 747.80"," 10607"," 79.32"," 849"," 7070"," 66.65"
RPTECH," EQ"," 01-Jan-2026"," 358.95"," 357.60"," 363.00"," 353.55"," 362.00"," 360.55"," 360.70"," 82709"," 298.33"," 3143"," 44890"," 54.27"
RRKABEL," EQ"," 01-Jan-2026"," 1452.70"," 1460.00"," 1473.00"," 1441.90"," 1470.00"," 1469.30"," 1462.61"," 125259"," 1832.05"," 10988"," 54033"," 43.14"
RSSOFTWARE," EQ"," 01-Jan-2026"," 50.18"," 50.88"," 52.74"," 50.88"," 52.05"," 51.57"," 51.55"," 43867"," 22.61"," 786"," 25891"," 59.02"
RSWM," EQ"," 01-Jan-2026"," 148.85"," 149.33"," 150.00"," 148.02"," 148.37"," 148.41"," 148.87"," 4319"," 6.43"," 161"," 2686"," 62.19"
RSYSTEMS," EQ"," 01-Jan-2026"," 404.55"," 404.00"," 409.15"," 404.00"," 408.70"," 407.75"," 407.54"," 23033"," 93.87"," 1401"," 11346"," 49.26"
RTL," SM"," 01-Jan-2026"," 66.00"," 65.50"," 65.50"," 65.50"," 65.50"," 65.50"," 65.50"," 2000"," 1.31"," 1"," 2000"," 100.00"
RTNINDIA," EQ"," 01-Jan-2026"," 41.27"," 41.25"," 41.62"," 40.74"," 40.80"," 40.82"," 41.05"," 670251"," 275.13"," 5652"," 280010"," 41.78"
RTNPOWER," EQ"," 01-Jan-2026"," 9.44"," 9.70"," 9.70"," 9.41"," 9.47"," 9.45"," 9.52"," 11035704"," 1050.19"," 12765"," 3512034"," 31.82"
RUBFILA," EQ"," 01-Jan-2026"," 74.78"," 75.90"," 76.40"," 74.00"," 74.50"," 74.21"," 74.74"," 27881"," 20.84"," 267"," 21624"," 77.56"
RUBICON," EQ"," 01-Jan-2026"," 680.75"," 672.30"," 686.20"," 669.00"," 670.00"," 676.50"," 676.36"," 66010"," 446.47"," 3162"," 41110"," 62.28"
RUBYMILLS," EQ"," 01-Jan-2026"," 220.20"," 221.62"," 225.99"," 220.00"," 223.00"," 223.00"," 222.74"," 3982"," 8.87"," 172"," 2792"," 70.12"
RUCHINFRA," EQ"," 01-Jan-2026"," 6.29"," 6.20"," 6.47"," 6.20"," 6.30"," 6.30"," 6.33"," 51858"," 3.28"," 220"," 39090"," 75.38"
RUCHIRA," EQ"," 01-Jan-2026"," 122.14"," 122.49"," 123.87"," 121.00"," 122.32"," 122.43"," 122.22"," 26853"," 32.82"," 1056"," 16695"," 62.17"
RUDRA," EQ"," 01-Jan-2026"," 25.36"," 25.12"," 25.96"," 25.12"," 25.90"," 25.86"," 25.72"," 25343"," 6.52"," 638"," 15373"," 60.66"
RULKA," SM"," 01-Jan-2026"," 106.60"," 106.60"," 109.75"," 106.60"," 109.75"," 109.75"," 107.65"," 900"," 0.97"," 3"," 600"," 66.67"
RUPA," EQ"," 01-Jan-2026"," 159.91"," 160.36"," 162.00"," 159.40"," 161.05"," 160.97"," 160.11"," 57377"," 91.87"," 2206"," 34050"," 59.34"
RUSHIL," EQ"," 01-Jan-2026"," 22.32"," 22.18"," 22.95"," 22.18"," 22.79"," 22.84"," 22.59"," 230712"," 52.13"," 1336"," 100757"," 43.67"
RUSTOMJEE," EQ"," 01-Jan-2026"," 526.70"," 528.85"," 540.00"," 523.50"," 539.95"," 537.40"," 534.45"," 16729"," 89.41"," 2557"," 11725"," 70.09"
RVHL," EQ"," 01-Jan-2026"," 51.34"," 52.38"," 52.99"," 50.15"," 52.20"," 51.93"," 51.09"," 9068"," 4.63"," 181"," 5765"," 63.58"
RVNL," EQ"," 01-Jan-2026"," 357.25"," 359.20"," 365.40"," 355.50"," 362.15"," 361.50"," 360.21"," 7782539"," 28033.22"," 69708"," 1461319"," 18.78"
RVTH," EQ"," 01-Jan-2026"," 706.55"," 734.20"," 734.20"," 696.05"," 702.00"," 702.00"," 704.85"," 243"," 1.71"," 51"," 189"," 77.78"
S&SPOWER," EQ"," 01-Jan-2026"," 290.29"," 303.40"," 304.80"," 288.55"," 304.80"," 304.80"," 300.57"," 5954"," 17.90"," 407"," 3335"," 56.01"
SAAKSHI," SM"," 01-Jan-2026"," 188.00"," 188.00"," 188.00"," 178.40"," 181.00"," 181.75"," 181.62"," 22200"," 40.32"," 12"," 21000"," 94.59"
SAATVIKGL," EQ"," 01-Jan-2026"," 376.40"," 375.10"," 379.40"," 370.30"," 376.20"," 376.70"," 373.69"," 99367"," 371.33"," 3540"," 42126"," 42.39"
SABAR," ST"," 01-Jan-2026"," 4.80"," 4.60"," 4.60"," 4.60"," 4.60"," 4.60"," 4.60"," 5000"," 0.23"," 1"," 5000"," 100.00"
SABEVENTS," BE"," 01-Jan-2026"," 8.96"," 9.13"," 9.13"," 9.11"," 9.12"," 9.12"," 9.12"," 1748"," 0.16"," 6"," -"," -"
SABTNL," BE"," 01-Jan-2026"," 1590.90"," 1595.50"," 1670.40"," 1595.00"," 1670.40"," 1646.20"," 1625.27"," 43303"," 703.79"," 626"," -"," -"
SACHEEROME," ST"," 01-Jan-2026"," 381.45"," 396.00"," 400.50"," 386.80"," 400.00"," 396.25"," 396.93"," 30000"," 119.08"," 46"," 27600"," 92.00"
SADBHAV," BE"," 01-Jan-2026"," 10.78"," 10.50"," 11.31"," 10.40"," 11.05"," 10.97"," 10.91"," 75690"," 8.26"," 157"," -"," -"
SADBHIN," EQ"," 01-Jan-2026"," 3.85"," 3.85"," 3.99"," 3.73"," 3.94"," 3.93"," 3.91"," 138330"," 5.40"," 258"," 107203"," 77.50"
SADHAV," SM"," 01-Jan-2026"," 98.20"," 97.00"," 109.00"," 97.00"," 104.00"," 104.00"," 104.45"," 16800"," 17.55"," 24"," 15000"," 89.29"
SADHNANIQ," EQ"," 01-Jan-2026"," 7.28"," 7.45"," 7.45"," 7.15"," 7.29"," 7.22"," 7.27"," 234503"," 17.06"," 835"," 148929"," 63.51"
SAFARI," EQ"," 01-Jan-2026"," 2174.40"," 2169.90"," 2205.40"," 2157.60"," 2173.00"," 2180.00"," 2182.39"," 20198"," 440.80"," 3634"," 10643"," 52.69"
SAFEENTP," SM"," 01-Jan-2026"," 260.00"," 262.00"," 263.00"," 257.00"," 260.00"," 260.00"," 260.46"," 6500"," 16.93"," 11"," 6000"," 92.31"
SAGARDEEP," EQ"," 01-Jan-2026"," 28.01"," 27.36"," 28.50"," 27.36"," 27.83"," 27.93"," 27.99"," 16648"," 4.66"," 169"," 9663"," 58.04"
SAGCEM," EQ"," 01-Jan-2026"," 214.43"," 214.43"," 215.60"," 212.00"," 214.00"," 213.47"," 213.52"," 12133"," 25.91"," 448"," 8734"," 71.99"
SAGILITY," EQ"," 01-Jan-2026"," 52.02"," 52.40"," 52.40"," 51.27"," 52.12"," 52.02"," 51.96"," 12198555"," 6338.02"," 31401"," 5014385"," 41.11"
SAHAJSOLAR," SM"," 01-Jan-2026"," 174.55"," 174.55"," 174.55"," 167.50"," 167.50"," 170.30"," 173.15"," 14400"," 24.93"," 28"," 6400"," 44.44"
SAHANA," SM"," 01-Jan-2026"," 841.20"," 830.65"," 844.00"," 816.00"," 828.00"," 826.00"," 825.72"," 7875"," 65.03"," 48"," 6625"," 84.13"
SAHASRA," SM"," 01-Jan-2026"," 293.20"," 301.10"," 303.50"," 297.50"," 298.00"," 298.20"," 300.38"," 26800"," 80.50"," 61"," 21600"," 80.60"
SAHYADRI," EQ"," 01-Jan-2026"," 255.50"," 256.00"," 260.00"," 256.00"," 258.00"," 259.00"," 258.15"," 4102"," 10.59"," 63"," 4002"," 97.56"
SAIFL," SM"," 01-Jan-2026"," 13.00"," 12.55"," 13.30"," 12.35"," 13.30"," 13.30"," 12.69"," 24000"," 3.05"," 6"," 16000"," 66.67"
SAIL," EQ"," 01-Jan-2026"," 146.99"," 147.10"," 149.47"," 145.46"," 147.91"," 148.45"," 147.91"," 22828687"," 33765.74"," 74990"," 6211263"," 27.21"
SAILIFE," EQ"," 01-Jan-2026"," 908.40"," 905.00"," 905.00"," 895.65"," 904.00"," 900.25"," 899.71"," 31882"," 286.85"," 2774"," 13790"," 43.25"
SAJHOTELS," SM"," 01-Jan-2026"," 56.00"," 58.00"," 58.00"," 58.00"," 58.00"," 58.00"," 58.00"," 4000"," 2.32"," 2"," 4000"," 100.00"
SAKAR," EQ"," 01-Jan-2026"," 409.20"," 409.70"," 409.75"," 403.10"," 406.00"," 406.90"," 405.61"," 4986"," 20.22"," 234"," 3611"," 72.42"
SAKHTISUG," EQ"," 01-Jan-2026"," 19.31"," 19.60"," 19.60"," 19.00"," 19.02"," 19.05"," 19.19"," 50254"," 9.64"," 425"," 26164"," 52.06"
SAKSOFT," EQ"," 01-Jan-2026"," 198.65"," 200.20"," 200.20"," 196.76"," 197.15"," 197.06"," 197.63"," 49451"," 97.73"," 2118"," 23713"," 47.95"
SAKUMA," EQ"," 01-Jan-2026"," 2.13"," 2.13"," 2.16"," 2.12"," 2.13"," 2.13"," 2.14"," 694146"," 14.83"," 1139"," 432317"," 62.28"
SALASAR," EQ"," 01-Jan-2026"," 8.83"," 8.92"," 8.93"," 8.81"," 8.84"," 8.86"," 8.85"," 2741100"," 242.65"," 3165"," 1413256"," 51.56"
SALONA," EQ"," 01-Jan-2026"," 261.35"," 257.00"," 262.45"," 255.10"," 261.00"," 260.90"," 258.12"," 1030"," 2.66"," 78"," 649"," 63.01"
SALSTEEL," BE"," 01-Jan-2026"," 43.38"," 42.52"," 44.24"," 42.52"," 44.24"," 44.24"," 43.69"," 145636"," 63.63"," 211"," -"," -"
SALZERELEC," EQ"," 01-Jan-2026"," 685.05"," 694.25"," 699.00"," 682.00"," 684.50"," 684.95"," 689.17"," 27062"," 186.50"," 1583"," 9201"," 34.00"
SAMAY," ST"," 01-Jan-2026"," 43.00"," 44.95"," 45.15"," 44.00"," 45.10"," 45.10"," 44.94"," 56000"," 25.17"," 12"," 56000"," 100.00"
SAMBHAAV," BE"," 01-Jan-2026"," 8.97"," 8.97"," 9.00"," 8.85"," 8.90"," 8.90"," 8.93"," 37194"," 3.32"," 97"," -"," -"
SAMBHV," EQ"," 01-Jan-2026"," 96.06"," 96.75"," 98.50"," 93.92"," 98.50"," 96.13"," 95.33"," 537826"," 512.72"," 4125"," 171428"," 31.87"
SAMHI," EQ"," 01-Jan-2026"," 182.87"," 182.80"," 183.24"," 178.65"," 179.80"," 179.25"," 179.84"," 295611"," 531.63"," 6790"," 156944"," 53.09"
SAMMAANCAP," EQ"," 01-Jan-2026"," 145.64"," 146.19"," 146.48"," 143.60"," 144.28"," 144.21"," 144.55"," 5883721"," 8504.96"," 18047"," 2404266"," 40.86"
SAMPANN," EQ"," 01-Jan-2026"," 33.48"," 34.15"," 34.38"," 32.50"," 33.00"," 32.90"," 33.13"," 39101"," 12.95"," 826"," 25293"," 64.69"
SANATHAN," EQ"," 01-Jan-2026"," 437.60"," 437.60"," 442.90"," 429.70"," 434.80"," 432.40"," 436.77"," 10733"," 46.88"," 1472"," 6390"," 59.54"
SANCO," BZ"," 01-Jan-2026"," 2.31"," 2.42"," 2.42"," 2.42"," 2.42"," 2.42"," 2.42"," 10749"," 0.26"," 12"," -"," -"
SANDESH," EQ"," 01-Jan-2026"," 1075.80"," 1076.40"," 1085.00"," 1065.00"," 1065.00"," 1066.00"," 1072.88"," 264"," 2.83"," 47"," 146"," 55.30"
SANDHAR," EQ"," 01-Jan-2026"," 550.10"," 552.85"," 557.95"," 539.70"," 542.00"," 542.00"," 545.36"," 92810"," 506.14"," 4660"," 49338"," 53.16"
SANDUMA," EQ"," 01-Jan-2026"," 242.79"," 243.50"," 245.90"," 241.00"," 244.32"," 244.44"," 243.84"," 2392307"," 5833.40"," 20565"," 819047"," 34.24"
SANGAMIND," EQ"," 01-Jan-2026"," 497.95"," 498.80"," 509.00"," 490.00"," 491.20"," 491.50"," 498.38"," 51976"," 259.04"," 3253"," 24910"," 47.93"
SANGANI," SM"," 01-Jan-2026"," 54.15"," 53.95"," 53.95"," 53.95"," 53.95"," 53.95"," 53.95"," 1500"," 0.81"," 1"," 1500"," 100.00"
SANGHIIND," EQ"," 01-Jan-2026"," 64.80"," 64.90"," 65.52"," 64.77"," 65.30"," 65.40"," 65.26"," 150268"," 98.06"," 589"," 103912"," 69.15"
SANGHVIMOV," EQ"," 01-Jan-2026"," 345.55"," 347.90"," 349.25"," 342.50"," 348.45"," 347.60"," 345.55"," 95172"," 328.87"," 2345"," 41017"," 43.10"
SANGINITA," EQ"," 01-Jan-2026"," 10.22"," 10.23"," 10.29"," 10.00"," 10.15"," 10.10"," 10.13"," 14893"," 1.51"," 142"," 13044"," 87.58"
SANOFI," EQ"," 01-Jan-2026"," 4087.20"," 4096.50"," 4108.00"," 4079.90"," 4104.00"," 4097.90"," 4096.81"," 5688"," 233.03"," 1272"," 3432"," 60.34"
SANOFICONR," EQ"," 01-Jan-2026"," 4519.90"," 4479.40"," 4579.00"," 4458.20"," 4545.00"," 4561.30"," 4523.85"," 2068"," 93.55"," 739"," 1073"," 51.89"
SANSERA," EQ"," 01-Jan-2026"," 1677.00"," 1662.00"," 1794.80"," 1662.00"," 1794.80"," 1765.50"," 1738.72"," 205849"," 3579.14"," 19514"," 94352"," 45.84"
SANSTAR," EQ"," 01-Jan-2026"," 96.67"," 98.50"," 99.00"," 95.23"," 96.40"," 95.99"," 96.89"," 255424"," 247.49"," 3369"," 113098"," 44.28"
SANWARIA," BZ"," 01-Jan-2026"," 0.26"," 0.26"," 0.27"," 0.26"," 0.27"," 0.26"," 0.26"," 591165"," 1.57"," 119"," -"," -"
SAPPHIRE," EQ"," 01-Jan-2026"," 257.05"," 258.55"," 265.40"," 253.30"," 264.00"," 262.70"," 258.88"," 1302542"," 3372.02"," 23664"," 699797"," 53.73"
SARDAEN," EQ"," 01-Jan-2026"," 520.55"," 520.95"," 523.00"," 505.20"," 512.00"," 509.75"," 511.65"," 385888"," 1974.41"," 13495"," 170420"," 44.16"
SAREGAMA," EQ"," 01-Jan-2026"," 351.00"," 352.45"," 355.30"," 349.45"," 350.70"," 350.75"," 351.60"," 221405"," 778.45"," 13262"," 96893"," 43.76"
SARLAPOLY," EQ"," 01-Jan-2026"," 90.31"," 91.50"," 91.99"," 89.65"," 91.30"," 91.30"," 90.91"," 54355"," 49.41"," 1489"," 24733"," 45.50"
SARTELE," SM"," 01-Jan-2026"," 249.25"," 252.30"," 259.65"," 241.90"," 252.00"," 256.00"," 254.68"," 919000"," 2340.55"," 455"," 720000"," 78.35"
SARVESHWAR," EQ"," 01-Jan-2026"," 4.50"," 4.54"," 4.69"," 4.52"," 4.61"," 4.60"," 4.60"," 4874388"," 224.35"," 4997"," 1840027"," 37.75"
SASKEN," EQ"," 01-Jan-2026"," 1522.50"," 1504.20"," 1533.90"," 1490.80"," 1518.00"," 1523.80"," 1514.56"," 17146"," 259.69"," 1404"," 7002"," 40.84"
SASTASUNDR," EQ"," 01-Jan-2026"," 295.10"," 298.25"," 299.50"," 294.00"," 294.00"," 294.90"," 297.03"," 3421"," 10.16"," 160"," 2703"," 79.01"
SATECH," ST"," 01-Jan-2026"," 54.70"," 53.00"," 57.35"," 52.15"," 57.35"," 55.10"," 54.52"," 21000"," 11.45"," 20"," 20000"," 95.24"
SATIA," EQ"," 01-Jan-2026"," 66.56"," 66.20"," 66.89"," 66.02"," 66.40"," 66.72"," 66.43"," 33434"," 22.21"," 671"," 21161"," 63.29"
SATIN," EQ"," 01-Jan-2026"," 143.76"," 144.00"," 144.70"," 143.09"," 144.14"," 144.29"," 144.15"," 31470"," 45.36"," 923"," 15326"," 48.70"
SATIPOLY," SM"," 01-Jan-2026"," 60.00"," 61.95"," 61.95"," 61.95"," 61.95"," 61.95"," 61.95"," 500"," 0.31"," 1"," 500"," 100.00"
SATKARTAR," SM"," 01-Jan-2026"," 143.00"," 143.10"," 143.15"," 142.05"," 142.05"," 142.45"," 142.90"," 5600"," 8.00"," 6"," 3200"," 57.14"
SATTVAENGG," SM"," 01-Jan-2026"," 62.10"," 62.10"," 64.00"," 62.10"," 64.00"," 64.00"," 62.80"," 4800"," 3.01"," 3"," 4800"," 100.00"
SAURASHCEM," EQ"," 01-Jan-2026"," 81.84"," 83.96"," 83.96"," 81.71"," 82.11"," 82.34"," 82.45"," 26368"," 21.74"," 570"," 11517"," 43.68"
SAVY," SM"," 01-Jan-2026"," 161.45"," 165.60"," 166.40"," 161.25"," 161.25"," 161.25"," 163.80"," 7200"," 11.79"," 6"," 6000"," 83.33"
SAWALIYA," SM"," 01-Jan-2026"," 317.85"," 316.60"," 319.00"," 315.00"," 317.50"," 316.75"," 317.10"," 230400"," 730.61"," 195"," 16800"," 7.29"
SBC," EQ"," 01-Jan-2026"," 28.20"," 28.15"," 28.85"," 28.15"," 28.80"," 28.76"," 28.55"," 12369387"," 3531.09"," 5597"," 5655869"," 45.72"
SBCL," EQ"," 01-Jan-2026"," 429.70"," 427.10"," 433.95"," 424.10"," 425.50"," 426.50"," 428.65"," 56403"," 241.77"," 3229"," 36466"," 64.65"
SBFC," EQ"," 01-Jan-2026"," 104.05"," 104.00"," 104.29"," 102.40"," 103.01"," 102.86"," 103.07"," 925896"," 954.35"," 14400"," 544611"," 58.82"
SBGLP," EQ"," 01-Jan-2026"," 35.04"," 35.98"," 36.48"," 35.04"," 35.90"," 35.66"," 35.71"," 28379"," 10.13"," 753"," 11867"," 41.82"
SBIBPB," EQ"," 01-Jan-2026"," 49.68"," 49.92"," 50.00"," 49.40"," 49.91"," 49.95"," 49.79"," 22762"," 11.33"," 380"," 14530"," 63.83"
SBICARD," EQ"," 01-Jan-2026"," 861.70"," 861.70"," 865.80"," 854.60"," 860.00"," 859.50"," 859.43"," 486194"," 4178.52"," 11335"," 310638"," 63.89"
SBIETFCON," EQ"," 01-Jan-2026"," 126.61"," 129.69"," 129.70"," 125.24"," 125.24"," 125.71"," 126.05"," 8128"," 10.25"," 195"," 5988"," 73.67"
SBIETFIT," EQ"," 01-Jan-2026"," 416.02"," 415.01"," 419.89"," 415.00"," 419.21"," 418.93"," 417.91"," 6678"," 27.91"," 160"," 4036"," 60.44"
SBIETFPB," EQ"," 01-Jan-2026"," 291.69"," 295.62"," 295.62"," 291.69"," 293.00"," 292.98"," 292.37"," 2651"," 7.75"," 90"," 2430"," 91.66"
SBIETFQLTY," EQ"," 01-Jan-2026"," 231.50"," 230.18"," 232.49"," 230.18"," 231.62"," 231.62"," 231.55"," 19348"," 44.80"," 72"," 19233"," 99.41"
SBILIFE," EQ"," 01-Jan-2026"," 2034.90"," 2034.90"," 2045.90"," 2027.20"," 2045.90"," 2040.40"," 2036.52"," 235630"," 4798.65"," 24391"," 112682"," 47.82"
SBILIQETF," EQ"," 01-Jan-2026"," 1020.69"," 1020.81"," 1020.83"," 1020.81"," 1020.83"," 1020.82"," 1020.81"," 388817"," 3969.08"," 114"," 387703"," 99.71"
SBIN," EQ"," 01-Jan-2026"," 982.20"," 983.20"," 987.65"," 980.35"," 984.60"," 984.75"," 984.57"," 4328348"," 42615.71"," 95120"," 2382544"," 55.05"
SBINEQWETF," EQ"," 01-Jan-2026"," 33.58"," 33.74"," 33.75"," 33.42"," 33.60"," 33.73"," 33.69"," 20039"," 6.75"," 194"," 19487"," 97.25"
SBISILVER," EQ"," 01-Jan-2026"," 221.34"," 223.52"," 224.69"," 218.81"," 220.40"," 220.27"," 220.32"," 3227942"," 7111.80"," 15567"," 1703260"," 52.77"
SCHAEFFLER," EQ"," 01-Jan-2026"," 3879.00"," 3879.00"," 3914.20"," 3861.20"," 3862.40"," 3870.90"," 3886.07"," 12234"," 475.42"," 4389"," 4124"," 33.71"
SCHAND," EQ"," 01-Jan-2026"," 159.72"," 159.72"," 159.72"," 154.00"," 155.10"," 155.87"," 157.13"," 132728"," 208.55"," 925"," 83348"," 62.80"
SCHNEIDER," EQ"," 01-Jan-2026"," 722.90"," 723.00"," 724.90"," 711.55"," 715.15"," 715.70"," 716.40"," 73688"," 527.90"," 4637"," 38098"," 51.70"
SCI," EQ"," 01-Jan-2026"," 231.76"," 232.68"," 233.90"," 227.93"," 229.90"," 229.46"," 230.55"," 1381300"," 3184.60"," 17604"," 555682"," 40.23"
SCILAL," EQ"," 01-Jan-2026"," 46.79"," 47.00"," 47.63"," 46.80"," 47.30"," 47.26"," 47.17"," 164753"," 77.71"," 1940"," 94095"," 57.11"
SCML," ST"," 01-Jan-2026"," 139.00"," 143.50"," 143.50"," 143.50"," 143.50"," 143.50"," 143.50"," 1000"," 1.44"," 1"," 1000"," 100.00"
SCODATUBES," EQ"," 01-Jan-2026"," 162.07"," 164.40"," 165.87"," 162.00"," 162.99"," 162.93"," 163.39"," 100350"," 163.96"," 2817"," 49387"," 49.21"
SCPL," EQ"," 01-Jan-2026"," 318.99"," 322.90"," 322.90"," 317.15"," 320.40"," 320.75"," 320.67"," 47998"," 153.92"," 331"," 10779"," 22.46"
SDBL," EQ"," 01-Jan-2026"," 107.57"," 107.75"," 108.45"," 106.40"," 107.14"," 107.12"," 107.01"," 258028"," 276.13"," 5044"," 130356"," 50.52"
SDL26BEES," EQ"," 01-Jan-2026"," 137.43"," 137.43"," 137.47"," 135.00"," 135.01"," 135.14"," 135.61"," 21230"," 28.79"," 124"," 18768"," 88.40"
SDREAMS," SM"," 01-Jan-2026"," 77.00"," 77.00"," 82.50"," 77.00"," 82.00"," 81.70"," 80.86"," 12000"," 9.70"," 12"," 12000"," 100.00"
SEAMECLTD," EQ"," 01-Jan-2026"," 1099.65"," 1089.00"," 1108.40"," 1073.30"," 1080.10"," 1093.80"," 1093.96"," 45368"," 496.31"," 4254"," 26446"," 58.29"
SECMARK," EQ"," 01-Jan-2026"," 113.04"," 122.99"," 123.00"," 113.41"," 114.10"," 113.70"," 115.72"," 1779"," 2.06"," 61"," 1064"," 59.81"
SECURKLOUD," BE"," 01-Jan-2026"," 26.00"," 26.18"," 26.89"," 24.80"," 26.30"," 26.33"," 25.67"," 66905"," 17.17"," 181"," -"," -"
SEJALLTD," BE"," 01-Jan-2026"," 863.20"," 866.00"," 889.00"," 835.10"," 835.10"," 853.55"," 862.02"," 1043"," 8.99"," 79"," -"," -"
SEL," SM"," 01-Jan-2026"," 215.05"," 209.05"," 210.00"," 209.00"," 210.00"," 210.00"," 209.18"," 1200"," 2.51"," 6"," 1000"," 83.33"
SELECTIPO," EQ"," 01-Jan-2026"," 45.85"," 45.81"," 46.32"," 45.67"," 45.96"," 45.89"," 46.01"," 95204"," 43.80"," 164"," 90461"," 95.02"
SELLOWRAP," SM"," 01-Jan-2026"," 80.00"," 80.10"," 80.50"," 77.00"," 77.00"," 77.95"," 79.37"," 65600"," 52.07"," 11"," 62400"," 95.12"
SELMC," BE"," 01-Jan-2026"," 30.42"," 31.03"," 31.03"," 29.50"," 30.97"," 30.30"," 30.53"," 14613"," 4.46"," 105"," -"," -"
SEMAC," EQ"," 01-Jan-2026"," 310.85"," 314.00"," 314.10"," 303.40"," 308.00"," 309.80"," 311.05"," 291"," 0.91"," 31"," 259"," 89.00"
SENCO," EQ"," 01-Jan-2026"," 317.95"," 316.65"," 319.35"," 315.00"," 318.10"," 318.25"," 317.23"," 194240"," 616.19"," 6414"," 81428"," 41.92"
SENORES," EQ"," 01-Jan-2026"," 822.20"," 825.00"," 828.45"," 818.15"," 826.20"," 826.45"," 824.66"," 72563"," 598.40"," 3222"," 37233"," 51.31"
SENSEXADD," EQ"," 01-Jan-2026"," 87.05"," 87.01"," 87.59"," 87.01"," 87.35"," 87.36"," 87.38"," 2147"," 1.88"," 45"," 1795"," 83.61"
SENSEXBETA," EQ"," 01-Jan-2026"," 937.89"," 938.26"," 941.30"," 936.45"," 938.00"," 938.00"," 937.20"," 1659"," 15.55"," 101"," 1557"," 93.85"
SENSEXETF," EQ"," 01-Jan-2026"," 87.42"," 87.70"," 87.86"," 87.15"," 87.38"," 87.36"," 87.36"," 10488"," 9.16"," 220"," 3825"," 36.47"
SENSEXIETF," EQ"," 01-Jan-2026"," 973.91"," 976.81"," 984.75"," 970.86"," 981.74"," 974.57"," 974.98"," 18678"," 182.11"," 2624"," 16323"," 87.39"
SEPC," EQ"," 01-Jan-2026"," 10.12"," 10.18"," 10.24"," 9.95"," 10.08"," 10.01"," 10.04"," 5473013"," 549.48"," 6139"," 2489778"," 45.49"
SEQUENT," EQ"," 01-Jan-2026"," 208.54"," 208.44"," 209.50"," 206.00"," 209.00"," 208.38"," 207.68"," 397312"," 825.15"," 6020"," 206774"," 52.04"
SERVICE," SM"," 01-Jan-2026"," 43.05"," 45.00"," 45.00"," 44.05"," 44.05"," 44.05"," 44.37"," 10000"," 4.44"," 5"," 10000"," 100.00"
SERVOTECH," EQ"," 01-Jan-2026"," 79.52"," 79.30"," 80.60"," 78.40"," 78.53"," 78.57"," 79.25"," 339651"," 269.19"," 4434"," 184761"," 54.40"
SESHAPAPER," EQ"," 01-Jan-2026"," 235.91"," 237.20"," 241.71"," 235.00"," 239.70"," 237.11"," 236.79"," 7492"," 17.74"," 218"," 4810"," 64.20"
SETCO," EQ"," 01-Jan-2026"," 15.70"," 15.74"," 16.15"," 15.45"," 15.75"," 15.68"," 15.79"," 15774"," 2.49"," 124"," 11413"," 72.35"
SETF10GILT," EQ"," 01-Jan-2026"," 259.71"," 259.70"," 259.99"," 258.50"," 259.50"," 259.16"," 258.91"," 101077"," 261.70"," 116"," 77081"," 76.26"
SETFGOLD," EQ"," 01-Jan-2026"," 113.58"," 113.58"," 115.50"," 113.03"," 114.35"," 114.00"," 113.86"," 6975538"," 7942.45"," 13400"," 5437133"," 77.95"
SETFNIF50," EQ"," 01-Jan-2026"," 279.32"," 279.98"," 279.99"," 279.00"," 279.46"," 279.28"," 279.50"," 469650"," 1312.67"," 7367"," 427957"," 91.12"
SETFNIFBK," EQ"," 01-Jan-2026"," 609.82"," 609.83"," 611.79"," 608.87"," 610.75"," 610.42"," 610.66"," 4826"," 29.47"," 364"," 3399"," 70.43"
SETFNN50," EQ"," 01-Jan-2026"," 738.74"," 742.99"," 743.00"," 737.65"," 742.00"," 741.86"," 740.23"," 15060"," 111.48"," 1327"," 9654"," 64.10"
SETUINFRA," BZ"," 01-Jan-2026"," 0.45"," 0.43"," 0.47"," 0.43"," 0.47"," 0.47"," 0.45"," 11429"," 0.05"," 38"," -"," -"
SEYAIND," BE"," 01-Jan-2026"," 16.65"," 17.48"," 17.48"," 17.48"," 17.48"," 17.48"," 17.48"," 1413"," 0.25"," 7"," -"," -"
SFL," EQ"," 01-Jan-2026"," 584.55"," 589.20"," 592.45"," 580.15"," 590.00"," 590.05"," 586.83"," 29555"," 173.44"," 3452"," 15719"," 53.19"
SFML," SM"," 01-Jan-2026"," 31.50"," 32.00"," 32.00"," 30.10"," 31.45"," 31.45"," 31.34"," 12800"," 4.01"," 8"," 9600"," 75.00"
SGBAPR28I," GB"," 01-Jan-2026"," 14503.23"," 14550.00"," 14650.00"," 14430.00"," 14650.00"," 14602.24"," 14493.63"," 472"," 68.41"," 132"," 280"," 59.32"
SGBAUG27," GB"," 01-Jan-2026"," 14960.33"," 15020.00"," 15199.00"," 14999.00"," 15047.53"," 15047.53"," 15056.08"," 102"," 15.36"," 27"," 61"," 59.80"
SGBAUG28V," GB"," 01-Jan-2026"," 14569.01"," 14569.01"," 14680.00"," 14474.99"," 14650.00"," 14634.04"," 14547.81"," 1374"," 199.89"," 385"," 782"," 56.91"
SGBAUG29V," GB"," 01-Jan-2026"," 15011.65"," 14701.00"," 15064.99"," 14701.00"," 15063.00"," 15045.52"," 15015.36"," 167"," 25.08"," 60"," 114"," 68.26"
SGBAUG30," GB"," 01-Jan-2026"," 15290.83"," 15499.99"," 15550.00"," 15399.00"," 15550.00"," 15503.33"," 15483.29"," 119"," 18.43"," 50"," 82"," 68.91"
SGBD29VIII," GB"," 01-Jan-2026"," 14669.93"," 14701.00"," 14849.00"," 14691.99"," 14849.00"," 14757.50"," 14733.32"," 146"," 21.51"," 50"," 113"," 77.40"
SGBDC27VII," GB"," 01-Jan-2026"," 14766.80"," 14990.00"," 15000.00"," 14482.42"," 14794.96"," 14794.96"," 14689.95"," 50"," 7.34"," 16"," 44"," 88.00"
SGBDE30III," GB"," 01-Jan-2026"," 15116.45"," 15100.00"," 15300.01"," 15100.00"," 15240.00"," 15245.03"," 15214.87"," 194"," 29.52"," 56"," 95"," 48.97"
SGBDE31III," GB"," 01-Jan-2026"," 15337.55"," 15337.55"," 15450.01"," 15330.01"," 15435.00"," 15420.82"," 15378.46"," 1895"," 291.42"," 477"," 1371"," 72.35"
SGBDEC26," GB"," 01-Jan-2026"," 15005.00"," 14011.01"," 16505.00"," 14011.01"," 16505.00"," 16505.00"," 15881.25"," 8"," 1.27"," 3"," 6"," 75.00"
SGBFEB28IX," GB"," 01-Jan-2026"," 14450.20"," 14450.20"," 14700.00"," 14450.20"," 14700.00"," 14700.00"," 14573.69"," 36"," 5.25"," 10"," 29"," 80.56"
SGBFEB29XI," GB"," 01-Jan-2026"," 14628.52"," 14550.00"," 14696.96"," 14500.00"," 14650.00"," 14625.00"," 14615.52"," 27"," 3.95"," 12"," 24"," 88.89"
SGBFEB32IV," GB"," 01-Jan-2026"," 15809.51"," 15975.00"," 16100.01"," 15849.99"," 16014.99"," 16006.30"," 16001.38"," 1792"," 286.74"," 464"," 1338"," 74.67"
SGBJ28VIII," GB"," 01-Jan-2026"," 14470.00"," 14470.00"," 14600.00"," 14470.00"," 14470.00"," 14470.00"," 14476.50"," 20"," 2.90"," 9"," 17"," 85.00"
SGBJAN27," GB"," 01-Jan-2026"," 14889.00"," 14889.00"," 14889.00"," 14650.00"," 14889.00"," 14888.50"," 14849.15"," 13"," 1.93"," 7"," 13"," 100.00"
SGBJAN29IX," GB"," 01-Jan-2026"," 14525.95"," 14378.00"," 14778.00"," 14378.00"," 14633.00"," 14570.48"," 14587.59"," 72"," 10.50"," 29"," 52"," 72.22"
SGBJAN29X," GB"," 01-Jan-2026"," 14576.12"," 14501.00"," 14570.00"," 14470.00"," 14570.00"," 14542.50"," 14499.40"," 480"," 69.60"," 37"," 472"," 98.33"
SGBJAN30IX," GB"," 01-Jan-2026"," 14905.80"," 14905.80"," 15000.00"," 14835.14"," 14980.00"," 14980.00"," 14916.06"," 33"," 4.92"," 13"," 27"," 81.82"
SGBJU29III," GB"," 01-Jan-2026"," 14493.50"," 14492.50"," 14544.00"," 14411.07"," 14466.00"," 14496.84"," 14496.47"," 573"," 83.06"," 165"," 530"," 92.50"
SGBJUL27," GB"," 01-Jan-2026"," 14500.20"," 14800.00"," 14850.00"," 14800.00"," 14850.00"," 14850.00"," 14807.69"," 13"," 1.93"," 3"," 13"," 100.00"
SGBJUL28IV," GB"," 01-Jan-2026"," 14349.96"," 14493.00"," 14493.00"," 14203.00"," 14463.00"," 14437.04"," 14357.52"," 432"," 62.02"," 87"," 302"," 69.91"
SGBJUL29IV," GB"," 01-Jan-2026"," 14470.24"," 14481.00"," 14599.00"," 14461.00"," 14590.00"," 14590.00"," 14509.52"," 78"," 11.32"," 31"," 64"," 82.05"
SGBJUN27," GB"," 01-Jan-2026"," 15199.80"," 15199.80"," 15199.80"," 15199.80"," 15199.80"," 15199.80"," 15199.80"," 2"," 0.30"," 1"," 2"," 100.00"
SGBJUN28," GB"," 01-Jan-2026"," 14305.84"," 14311.00"," 14444.99"," 14247.62"," 14424.00"," 14396.15"," 14368.49"," 587"," 84.34"," 96"," 454"," 77.34"
SGBJUN29II," GB"," 01-Jan-2026"," 14491.31"," 14563.76"," 14798.00"," 14476.19"," 14525.00"," 14506.59"," 14571.45"," 393"," 57.27"," 143"," 246"," 62.60"
SGBJUN30," GB"," 01-Jan-2026"," 14896.71"," 14998.00"," 14999.00"," 14900.00"," 14965.00"," 14960.46"," 14949.82"," 184"," 27.51"," 39"," 155"," 84.24"
SGBJUN31I," GB"," 01-Jan-2026"," 15196.09"," 15250.00"," 15380.00"," 15250.00"," 15313.00"," 15319.07"," 15307.84"," 328"," 50.21"," 147"," 252"," 76.83"
SGBMAR28X," GB"," 01-Jan-2026"," 14400.00"," 14514.10"," 14514.10"," 14514.10"," 14514.10"," 14514.10"," 14514.10"," 2"," 0.29"," 1"," 2"," 100.00"
SGBMAR30X," GB"," 01-Jan-2026"," 14732.03"," 14733.03"," 15000.00"," 14733.03"," 14998.00"," 14998.00"," 14966.40"," 15"," 2.24"," 6"," 13"," 86.67"
SGBMAR31IV," GB"," 01-Jan-2026"," 15205.00"," 15205.00"," 15320.00"," 15205.00"," 15320.00"," 15316.21"," 15260.08"," 114"," 17.40"," 27"," 91"," 79.82"
SGBMAY26," GB"," 01-Jan-2026"," 14918.80"," 14899.00"," 15299.00"," 14501.02"," 14918.99"," 14918.99"," 14905.95"," 161"," 24.00"," 21"," 158"," 98.14"
SGBMAY28," GB"," 01-Jan-2026"," 14328.00"," 14328.00"," 14448.40"," 14300.00"," 14413.10"," 14410.86"," 14360.11"," 132"," 18.96"," 53"," 103"," 78.03"
SGBMAY29I," GB"," 01-Jan-2026"," 14502.61"," 14500.00"," 14619.90"," 14466.00"," 14587.00"," 14534.41"," 14521.09"," 576"," 83.64"," 161"," 448"," 77.78"
SGBMR29XII," GB"," 01-Jan-2026"," 14437.93"," 14448.99"," 14532.14"," 14448.99"," 14499.99"," 14475.15"," 14493.73"," 161"," 23.33"," 85"," 118"," 73.29"
SGBN28VIII," GB"," 01-Jan-2026"," 14469.60"," 14468.00"," 14514.63"," 14403.01"," 14514.63"," 14514.03"," 14440.93"," 135"," 19.50"," 51"," 70"," 51.85"
SGBNV29VII," GB"," 01-Jan-2026"," 14501.03"," 14795.96"," 14795.96"," 14412.00"," 14583.00"," 14583.72"," 14546.31"," 158"," 22.98"," 82"," 105"," 66.46"
SGBOC28VII," GB"," 01-Jan-2026"," 14379.20"," 14874.00"," 14874.00"," 14356.00"," 14412.00"," 14420.17"," 14530.75"," 82"," 11.92"," 30"," 54"," 65.85"
SGBOCT26," GB"," 01-Jan-2026"," 15479.80"," 15000.00"," 15000.00"," 15000.00"," 15000.00"," 15000.00"," 15000.00"," 2"," 0.30"," 2"," 2"," 100.00"
SGBOCT27," GB"," 01-Jan-2026"," 15000.00"," 15200.00"," 15200.00"," 15200.00"," 15200.00"," 15200.00"," 15200.00"," 1"," 0.15"," 1"," 1"," 100.00"
SGBOCT27VI," GB"," 01-Jan-2026"," 14900.00"," 15100.00"," 15100.00"," 14700.00"," 15000.00"," 15000.00"," 14815.17"," 48"," 7.11"," 22"," 43"," 89.58"
SGBSEP27," GB"," 01-Jan-2026"," 14900.00"," 14900.00"," 14900.00"," 14799.00"," 14800.00"," 14799.03"," 14802.09"," 33"," 4.88"," 18"," 33"," 100.00"
SGBSEP28VI," GB"," 01-Jan-2026"," 14358.67"," 14380.00"," 14481.00"," 14380.00"," 14480.00"," 14474.61"," 14453.15"," 102"," 14.74"," 22"," 101"," 99.02"
SGBSEP29VI," GB"," 01-Jan-2026"," 14492.77"," 14479.00"," 14693.00"," 14479.00"," 14599.00"," 14578.52"," 14595.92"," 168"," 24.52"," 71"," 99"," 58.93"
SGBSEP31II," GB"," 01-Jan-2026"," 15240.68"," 15475.00"," 15475.00"," 15241.00"," 15344.00"," 15342.89"," 15353.39"," 955"," 146.62"," 255"," 698"," 73.09"
SGFIN," EQ"," 01-Jan-2026"," 412.65"," 415.00"," 417.60"," 402.15"," 405.00"," 406.55"," 407.22"," 88434"," 360.12"," 4681"," 42354"," 47.89"
SGIL," EQ"," 01-Jan-2026"," 515.15"," 528.80"," 529.00"," 489.10"," 508.00"," 503.80"," 508.46"," 20293"," 103.18"," 1875"," 4675"," 23.04"
SGL," EQ"," 01-Jan-2026"," 12.89"," 13.20"," 13.38"," 11.86"," 12.70"," 12.70"," 12.45"," 15158"," 1.89"," 114"," 11725"," 77.35"
SGLTL," EQ"," 01-Jan-2026"," 150.29"," 152.00"," 152.75"," 149.00"," 150.50"," 149.87"," 150.86"," 143984"," 217.22"," 2263"," 83889"," 58.26"
SGMART," EQ"," 01-Jan-2026"," 375.10"," 376.50"," 384.40"," 373.45"," 381.10"," 382.95"," 381.15"," 236457"," 901.25"," 3663"," 148638"," 62.86"
SHAH," EQ"," 01-Jan-2026"," 5.01"," 5.00"," 5.04"," 5.00"," 5.01"," 5.00"," 5.00"," 914280"," 45.74"," 542"," 862634"," 94.35"
SHAHALLOYS," EQ"," 01-Jan-2026"," 69.85"," 71.99"," 71.99"," 67.55"," 68.70"," 68.74"," 69.18"," 4637"," 3.21"," 73"," 2681"," 57.82"
SHAILY," EQ"," 01-Jan-2026"," 2261.60"," 2320.00"," 2344.50"," 2220.00"," 2226.00"," 2226.20"," 2267.14"," 233065"," 5283.91"," 25389"," 100992"," 43.33"
SHAKTIPUMP," EQ"," 01-Jan-2026"," 724.15"," 726.30"," 747.55"," 721.00"," 738.10"," 739.30"," 736.34"," 2189077"," 16119.13"," 55679"," 356731"," 16.30"
SHALBY," EQ"," 01-Jan-2026"," 203.93"," 204.93"," 205.00"," 201.35"," 203.78"," 202.96"," 203.43"," 69528"," 141.44"," 1797"," 31438"," 45.22"
SHALPAINTS," EQ"," 01-Jan-2026"," 61.65"," 61.81"," 65.00"," 61.56"," 64.35"," 64.54"," 63.78"," 144658"," 92.26"," 2414"," 96578"," 66.76"
SHANKARA," EQ"," 01-Jan-2026"," 104.45"," 105.29"," 107.99"," 103.00"," 106.10"," 106.49"," 105.32"," 45825"," 48.26"," 1907"," 19544"," 42.65"
SHANTHALA," ST"," 01-Jan-2026"," 31.80"," 33.35"," 33.35"," 33.35"," 33.35"," 33.35"," 33.35"," 7200"," 2.40"," 5"," 7200"," 100.00"
SHANTI," EQ"," 01-Jan-2026"," 9.01"," 8.93"," 9.23"," 8.70"," 9.03"," 9.02"," 8.95"," 27089"," 2.42"," 166"," 22010"," 81.25"
SHANTIGEAR," EQ"," 01-Jan-2026"," 470.55"," 470.80"," 473.25"," 462.05"," 468.85"," 465.25"," 468.85"," 8461"," 39.67"," 745"," 3939"," 46.55"
SHANTIGOLD," EQ"," 01-Jan-2026"," 188.10"," 188.35"," 190.90"," 187.14"," 190.00"," 190.10"," 189.04"," 118811"," 224.60"," 2701"," 60885"," 51.25"
SHARDACROP," EQ"," 01-Jan-2026"," 873.10"," 873.10"," 887.95"," 863.50"," 866.75"," 868.85"," 874.66"," 79682"," 696.95"," 6934"," 31159"," 39.10"
SHARDAMOTR," EQ"," 01-Jan-2026"," 940.35"," 942.00"," 946.80"," 936.05"," 942.00"," 941.40"," 941.83"," 7671"," 72.25"," 1053"," 4481"," 58.41"
SHAREINDIA," EQ"," 01-Jan-2026"," 166.60"," 169.70"," 169.79"," 164.05"," 164.40"," 164.39"," 165.61"," 108608"," 179.86"," 1731"," 52979"," 48.78"
SHARIABEES," EQ"," 01-Jan-2026"," 516.34"," 523.40"," 523.40"," 511.91"," 517.64"," 517.52"," 517.36"," 8485"," 43.90"," 521"," 4553"," 53.66"
SHEEL," SM"," 01-Jan-2026"," 71.00"," 71.00"," 71.00"," 71.00"," 71.00"," 71.00"," 71.00"," 2000"," 1.42"," 1"," 2000"," 100.00"
SHEETAL," SM"," 01-Jan-2026"," 164.90"," 165.50"," 167.70"," 165.50"," 166.00"," 165.85"," 166.31"," 14000"," 23.28"," 13"," 10000"," 71.43"
SHEKHAWATI," EQ"," 01-Jan-2026"," 19.02"," 19.64"," 19.64"," 18.72"," 18.83"," 18.95"," 19.12"," 11851"," 2.27"," 176"," 7238"," 61.08"
SHEMAROO," EQ"," 01-Jan-2026"," 107.12"," 108.61"," 108.61"," 105.01"," 107.90"," 107.32"," 106.69"," 698"," 0.74"," 54"," 508"," 72.78"
SHERA," SM"," 01-Jan-2026"," 130.05"," 130.05"," 130.05"," 130.05"," 130.05"," 130.05"," 130.05"," 1000"," 1.30"," 1"," 1000"," 100.00"
SHETHJI," SM"," 01-Jan-2026"," 114.95"," 116.00"," 116.10"," 114.20"," 114.20"," 114.20"," 115.35"," 12000"," 13.84"," 12"," 11000"," 91.67"
SHIGAN," SM"," 01-Jan-2026"," 45.75"," 46.00"," 46.00"," 46.00"," 46.00"," 46.00"," 46.00"," 1500"," 0.69"," 1"," 1500"," 100.00"
SHILCTECH," EQ"," 01-Jan-2026"," 3827.00"," 3832.30"," 3884.80"," 3820.60"," 3840.00"," 3830.30"," 3844.24"," 3579"," 137.59"," 1114"," 1975"," 55.18"
SHILPAMED," EQ"," 01-Jan-2026"," 321.15"," 320.00"," 324.55"," 314.30"," 317.20"," 315.85"," 318.63"," 189534"," 603.92"," 8067"," 109634"," 57.84"
SHIVALIK," EQ"," 01-Jan-2026"," 354.90"," 357.80"," 361.45"," 354.05"," 356.00"," 357.25"," 357.63"," 9327"," 33.36"," 596"," 6267"," 67.19"
SHIVAMAUTO," EQ"," 01-Jan-2026"," 23.71"," 24.30"," 25.10"," 23.07"," 23.38"," 23.65"," 24.12"," 106419"," 25.66"," 895"," 61157"," 57.47"
SHIVAMILLS," EQ"," 01-Jan-2026"," 60.21"," 61.89"," 61.89"," 60.03"," 61.00"," 60.91"," 60.92"," 696"," 0.42"," 7"," 694"," 99.71"
SHIVASHRIT," SM"," 01-Jan-2026"," 130.00"," 129.00"," 129.00"," 129.00"," 129.00"," 129.00"," 129.00"," 1000"," 1.29"," 1"," 1000"," 100.00"
SHIVATEX," EQ"," 01-Jan-2026"," 183.98"," 182.11"," 187.00"," 182.11"," 183.20"," 185.09"," 184.78"," 1144"," 2.11"," 30"," 837"," 73.16"
SHIVAUM," EQ"," 01-Jan-2026"," 298.25"," 296.80"," 305.00"," 296.80"," 298.00"," 298.00"," 297.52"," 34"," 0.10"," 8"," 34"," 100.00"
SHK," EQ"," 01-Jan-2026"," 179.18"," 178.26"," 179.95"," 174.24"," 176.00"," 176.19"," 176.19"," 112105"," 197.51"," 2766"," 69998"," 62.44"
SHKSIL," SM"," 01-Jan-2026"," 56.00"," 53.05"," 58.00"," 53.05"," 55.10"," 55.15"," 55.97"," 14000"," 7.84"," 7"," 4000"," 28.57"
SHOPERSTOP," EQ"," 01-Jan-2026"," 384.90"," 385.00"," 386.40"," 380.50"," 383.95"," 381.90"," 382.79"," 22163"," 84.84"," 2014"," 12086"," 54.53"
SHRADHA," EQ"," 01-Jan-2026"," 38.63"," 38.10"," 39.50"," 37.70"," 38.25"," 38.25"," 38.12"," 12316"," 4.70"," 130"," 7867"," 63.88"
SHREDIGCEM," EQ"," 01-Jan-2026"," 90.96"," 91.20"," 91.50"," 90.85"," 91.00"," 90.98"," 91.08"," 65199"," 59.38"," 497"," 43665"," 66.97"
SHREECEM," EQ"," 01-Jan-2026"," 26575.00"," 26600.00"," 26865.00"," 26425.00"," 26775.00"," 26835.00"," 26706.89"," 9497"," 2536.35"," 4063"," 4152"," 43.72"
SHREEJISPG," EQ"," 01-Jan-2026"," 364.90"," 362.00"," 378.00"," 359.00"," 376.10"," 377.05"," 372.06"," 3018745"," 11231.48"," 15536"," 1156843"," 38.32"
SHREEKARNI," SM"," 01-Jan-2026"," 496.90"," 501.85"," 501.85"," 483.60"," 495.00"," 495.00"," 488.55"," 1050"," 5.13"," 7"," 750"," 71.43"
SHREEOSFM," SM"," 01-Jan-2026"," 75.00"," 77.00"," 78.90"," 77.00"," 78.85"," 78.25"," 78.25"," 3000"," 2.35"," 3"," 3000"," 100.00"
SHREEPUSHK," EQ"," 01-Jan-2026"," 394.75"," 399.00"," 399.50"," 375.60"," 376.60"," 377.05"," 382.53"," 70512"," 269.73"," 3920"," 42176"," 59.81"
SHREERAMA," EQ"," 01-Jan-2026"," 67.86"," 68.70"," 70.00"," 66.79"," 69.22"," 69.23"," 68.62"," 384832"," 264.08"," 3778"," 179121"," 46.55"
SHREMINVIT," IV"," 01-Jan-2026"," 102.00"," 102.00"," 102.00"," 102.00"," 102.00"," 102.00"," 102.00"," 125000"," 127.50"," 5"," 125000"," 100.00"
SHRENIK," EQ"," 01-Jan-2026"," 0.47"," 0.47"," 0.48"," 0.45"," 0.47"," 0.45"," 0.46"," 1859977"," 8.62"," 549"," 1372414"," 73.79"
SHREYANIND," EQ"," 01-Jan-2026"," 174.76"," 176.98"," 179.00"," 174.11"," 175.50"," 175.41"," 176.61"," 3017"," 5.33"," 55"," 2393"," 79.32"
SHRIAHIMSA," SM"," 01-Jan-2026"," 222.35"," 222.35"," 243.95"," 215.00"," 239.90"," 238.40"," 223.95"," 59400"," 133.03"," 82"," 40200"," 67.68"
SHRIKANHA," SM"," 01-Jan-2026"," 30.50"," 30.80"," 30.80"," 27.90"," 28.60"," 28.15"," 28.65"," 201600"," 57.76"," 114"," 136000"," 67.46"
SHRINGARMS," EQ"," 01-Jan-2026"," 225.97"," 228.97"," 239.85"," 228.97"," 238.00"," 238.11"," 236.50"," 3362460"," 7952.38"," 17150"," 788827"," 23.46"
SHRIPISTON," EQ"," 01-Jan-2026"," 3238.00"," 3245.00"," 3265.00"," 3080.00"," 3150.00"," 3144.80"," 3141.95"," 126502"," 3974.63"," 19226"," 37897"," 29.96"
SHRIRAMFIN," EQ"," 01-Jan-2026"," 996.20"," 996.20"," 1025.60"," 996.00"," 1020.00"," 1019.70"," 1009.26"," 4289057"," 43287.83"," 88282"," 1619247"," 37.75"
SHRIRAMPPS," EQ"," 01-Jan-2026"," 85.02"," 85.39"," 85.40"," 83.35"," 84.48"," 83.88"," 83.88"," 424871"," 356.40"," 3108"," 222626"," 52.40"
SHRITECH," SM"," 01-Jan-2026"," 57.20"," 58.00"," 60.00"," 58.00"," 60.00"," 60.00"," 59.49"," 8000"," 4.76"," 4"," 8000"," 100.00"
SHUBHLAXMI," ST"," 01-Jan-2026"," 35.60"," 34.00"," 36.80"," 33.85"," 36.75"," 35.80"," 34.78"," 70000"," 24.34"," 52"," 69000"," 98.57"
SHUBHSHREE," SM"," 01-Jan-2026"," 400.00"," 395.00"," 395.00"," 395.00"," 395.00"," 395.00"," 395.00"," 1500"," 5.93"," 5"," 1500"," 100.00"
SHYAMCENT," BE"," 01-Jan-2026"," 6.14"," 6.16"," 6.25"," 6.02"," 6.24"," 6.23"," 6.19"," 150047"," 9.29"," 137"," -"," -"
SHYAMDHANI," ST"," 01-Jan-2026"," 132.70"," 126.10"," 126.10"," 126.10"," 126.10"," 126.10"," 126.10"," 18000"," 22.70"," 9"," 18000"," 100.00"
SHYAMMETL," EQ"," 01-Jan-2026"," 847.65"," 842.00"," 854.00"," 836.00"," 844.00"," 841.85"," 843.75"," 72162"," 608.87"," 4580"," 31092"," 43.09"
SHYAMTEL," EQ"," 01-Jan-2026"," 12.13"," 11.63"," 12.47"," 11.63"," 12.39"," 12.29"," 11.95"," 2584"," 0.31"," 40"," 1887"," 73.03"
SICALLOG," BE"," 01-Jan-2026"," 87.15"," 87.58"," 90.20"," 86.10"," 86.50"," 87.33"," 88.12"," 1726"," 1.52"," 28"," -"," -"
SIDDHICOTS," SM"," 01-Jan-2026"," 30.10"," 30.35"," 30.40"," 30.30"," 30.40"," 30.40"," 30.37"," 10800"," 3.28"," 9"," 10800"," 100.00"
SIDDHIKA," SM"," 01-Jan-2026"," 208.00"," 197.90"," 198.15"," 197.75"," 198.15"," 198.15"," 197.91"," 4000"," 7.92"," 4"," 3000"," 75.00"
SIEMENS," EQ"," 01-Jan-2026"," 3063.30"," 3072.00"," 3095.70"," 3050.20"," 3094.80"," 3091.30"," 3074.59"," 68164"," 2095.76"," 7377"," 17436"," 25.58"
SIGACHI," EQ"," 01-Jan-2026"," 31.12"," 31.15"," 31.43"," 30.52"," 30.70"," 30.62"," 30.79"," 3868708"," 1191.00"," 12027"," 1908530"," 49.33"
SIGIND," EQ"," 01-Jan-2026"," 57.28"," 57.28"," 59.70"," 54.00"," 54.99"," 54.42"," 56.11"," 46887"," 26.31"," 767"," 29130"," 62.13"
SIGMA," BE"," 01-Jan-2026"," 57.45"," 58.84"," 58.84"," 57.10"," 57.31"," 57.58"," 57.74"," 38006"," 21.94"," 275"," -"," -"
SIGNATURE," EQ"," 01-Jan-2026"," 1127.40"," 1125.00"," 1131.60"," 1123.00"," 1130.70"," 1128.70"," 1129.05"," 207516"," 2342.97"," 2459"," 3355"," 1.62"
SIGNORIA," SM"," 01-Jan-2026"," 95.45"," 99.90"," 99.90"," 90.70"," 90.70"," 90.70"," 95.30"," 2000"," 1.91"," 2"," 2000"," 100.00"
SIGNPOST," EQ"," 01-Jan-2026"," 220.93"," 222.49"," 222.49"," 219.65"," 219.65"," 220.38"," 220.65"," 7595"," 16.76"," 319"," 5059"," 66.61"
SIKKO," BE"," 01-Jan-2026"," 5.21"," 5.39"," 5.39"," 5.10"," 5.20"," 5.19"," 5.16"," 296444"," 15.28"," 619"," -"," -"
SIL," EQ"," 01-Jan-2026"," 16.21"," 16.30"," 16.37"," 16.00"," 16.10"," 16.09"," 16.22"," 10722"," 1.74"," 162"," 9964"," 92.93"
SILGO," EQ"," 01-Jan-2026"," 79.14"," 79.89"," 79.99"," 75.80"," 77.11"," 78.15"," 78.98"," 246551"," 194.73"," 1033"," 12980"," 5.26"
SILINV," EQ"," 01-Jan-2026"," 519.80"," 519.75"," 525.35"," 513.00"," 522.00"," 517.55"," 519.14"," 733"," 3.81"," 54"," 550"," 75.03"
SILKFLEX," SM"," 01-Jan-2026"," 91.25"," 93.00"," 93.00"," 93.00"," 93.00"," 93.00"," 93.00"," 2000"," 1.86"," 1"," 2000"," 100.00"
SILLYMONKS," BE"," 01-Jan-2026"," 20.90"," 20.90"," 20.90"," 20.00"," 20.04"," 20.12"," 20.15"," 30637"," 6.17"," 118"," -"," -"
SILVER," EQ"," 01-Jan-2026"," 226.46"," 220.79"," 228.00"," 220.79"," 223.99"," 223.75"," 224.36"," 3469806"," 7784.73"," 19518"," 1837538"," 52.96"
SILVER1," EQ"," 01-Jan-2026"," 220.30"," 214.79"," 224.70"," 214.79"," 221.25"," 221.27"," 219.81"," 1223516"," 2689.41"," 6441"," 615806"," 50.33"
SILVER360," EQ"," 01-Jan-2026"," 220.66"," 219.30"," 222.17"," 217.01"," 218.30"," 218.83"," 220.23"," 30814"," 67.86"," 751"," 15038"," 48.80"
SILVERADD," EQ"," 01-Jan-2026"," 216.88"," 216.88"," 218.77"," 215.13"," 216.25"," 218.02"," 217.27"," 654523"," 1422.05"," 4571"," 447792"," 68.42"
SILVERAG," EQ"," 01-Jan-2026"," 218.26"," 219.35"," 220.61"," 216.97"," 218.50"," 218.09"," 218.40"," 265433"," 579.71"," 3146"," 144744"," 54.53"
SILVERBEES," EQ"," 01-Jan-2026"," 215.43"," 216.50"," 217.80"," 213.02"," 215.00"," 214.95"," 215.21"," 39055627"," 84050.51"," 144714"," 13113279"," 33.58"
SILVERBETA," EQ"," 01-Jan-2026"," 218.82"," 220.86"," 220.86"," 215.36"," 217.02"," 217.29"," 217.49"," 1472895"," 3203.42"," 8375"," 607862"," 41.27"
SILVERBND," EQ"," 01-Jan-2026"," 229.40"," 230.55"," 233.97"," 225.10"," 225.10"," 225.87"," 227.06"," 34170"," 77.59"," 479"," 28072"," 82.15"
SILVERCASE," EQ"," 01-Jan-2026"," 22.88"," 22.80"," 23.57"," 22.70"," 22.82"," 22.81"," 22.86"," 10783320"," 2464.68"," 17205"," 4574382"," 42.42"
SILVERIETF," EQ"," 01-Jan-2026"," 225.12"," 226.30"," 226.76"," 219.47"," 224.40"," 224.95"," 224.15"," 10233079"," 22937.45"," 34933"," 6236204"," 60.94"
SILVERTUC," EQ"," 01-Jan-2026"," 1096.15"," 1080.00"," 1123.00"," 1055.00"," 1114.00"," 1104.40"," 1078.97"," 145513"," 1570.05"," 8621"," 25356"," 17.43"
SIMBHALS," BZ"," 01-Jan-2026"," 10.65"," 11.18"," 11.18"," 11.00"," 11.18"," 11.17"," 11.15"," 31877"," 3.55"," 82"," -"," -"
SIMPLEXINF," EQ"," 01-Jan-2026"," 247.40"," 246.94"," 250.53"," 245.50"," 246.00"," 247.47"," 247.45"," 29189"," 72.23"," 1422"," 14678"," 50.29"
SINCLAIR," EQ"," 01-Jan-2026"," 83.98"," 84.96"," 84.96"," 83.01"," 83.10"," 83.44"," 83.66"," 6841"," 5.72"," 181"," 3851"," 56.29"
SINDHUTRAD," EQ"," 01-Jan-2026"," 19.73"," 19.83"," 20.11"," 19.63"," 20.11"," 19.94"," 19.81"," 245655"," 48.65"," 1189"," 113152"," 46.06"
SINTERCOM," EQ"," 01-Jan-2026"," 103.15"," 102.21"," 104.96"," 99.00"," 102.01"," 99.84"," 100.80"," 6688"," 6.74"," 83"," 5699"," 85.21"
SIRCA," EQ"," 01-Jan-2026"," 486.65"," 486.05"," 490.00"," 478.20"," 480.00"," 483.15"," 485.27"," 209125"," 1014.83"," 2641"," 43623"," 20.86"
SIS," EQ"," 01-Jan-2026"," 333.40"," 333.40"," 333.40"," 330.25"," 332.05"," 331.45"," 331.88"," 10736"," 35.63"," 1125"," 5964"," 55.55"
SITINET," BZ"," 01-Jan-2026"," 0.37"," 0.36"," 0.38"," 0.36"," 0.37"," 0.36"," 0.37"," 928701"," 3.47"," 191"," -"," -"
SIYSIL," EQ"," 01-Jan-2026"," 632.25"," 638.00"," 638.00"," 621.00"," 634.05"," 631.60"," 630.81"," 27467"," 173.26"," 2545"," 11919"," 43.39"
SJLOGISTIC," SM"," 01-Jan-2026"," 367.60"," 366.00"," 368.50"," 355.00"," 368.00"," 366.30"," 362.51"," 13250"," 48.03"," 38"," 10500"," 79.25"
SJS," EQ"," 01-Jan-2026"," 1699.50"," 1760.00"," 1790.00"," 1723.40"," 1790.00"," 1779.80"," 1758.70"," 201516"," 3544.06"," 27445"," 74885"," 37.16"
SJVN," EQ"," 01-Jan-2026"," 74.76"," 74.95"," 75.50"," 74.60"," 74.74"," 74.74"," 74.93"," 1601702"," 1200.21"," 15260"," 650825"," 40.63"
SKFINDIA," EQ"," 01-Jan-2026"," 1851.10"," 1867.90"," 1867.90"," 1833.00"," 1852.00"," 1856.20"," 1850.55"," 230847"," 4271.93"," 6310"," 198571"," 86.02"
SKFINDUS," EQ"," 01-Jan-2026"," 2600.80"," 2600.80"," 2610.70"," 2579.90"," 2600.10"," 2600.00"," 2598.89"," 6934"," 180.21"," 1263"," 5363"," 77.34"
SKIPPER," EQ"," 01-Jan-2026"," 435.05"," 436.70"," 438.95"," 426.40"," 430.40"," 430.55"," 431.69"," 163037"," 703.81"," 5993"," 79754"," 48.92"
SKMEGGPROD," EQ"," 01-Jan-2026"," 425.50"," 429.90"," 429.90"," 396.55"," 404.40"," 404.15"," 407.22"," 356344"," 1451.10"," 12939"," 189388"," 53.15"
SKP," SM"," 01-Jan-2026"," 175.00"," 175.00"," 190.00"," 174.90"," 185.25"," 185.25"," 179.81"," 9000"," 16.18"," 11"," 9000"," 100.00"
SKYGOLD," EQ"," 01-Jan-2026"," 333.65"," 333.65"," 338.40"," 331.55"," 333.00"," 333.40"," 334.22"," 136187"," 455.17"," 3524"," 58237"," 42.76"
SLONE," SM"," 01-Jan-2026"," 258.95"," 270.00"," 270.00"," 270.00"," 270.00"," 270.00"," 270.00"," 400"," 1.08"," 1"," 400"," 100.00"
SMALL250," EQ"," 01-Jan-2026"," 16.71"," 16.80"," 16.80"," 16.60"," 16.64"," 16.67"," 16.66"," 118155"," 19.69"," 229"," 91540"," 77.47"
SMALLADD," EQ"," 01-Jan-2026"," 16.68"," 16.72"," 16.72"," 16.60"," 16.68"," 16.68"," 16.65"," 3747"," 0.62"," 25"," 3743"," 99.89"
SMALLCAP," EQ"," 01-Jan-2026"," 44.03"," 44.25"," 44.25"," 43.77"," 43.91"," 43.95"," 43.92"," 1309119"," 575.00"," 3487"," 1061004"," 81.05"
SMARTEN," SM"," 01-Jan-2026"," 75.75"," 75.75"," 77.75"," 74.80"," 74.90"," 74.85"," 75.89"," 10800"," 8.20"," 9"," 9600"," 88.89"
SMARTLINK," EQ"," 01-Jan-2026"," 131.99"," 132.00"," 132.00"," 129.12"," 130.50"," 130.81"," 130.53"," 1848"," 2.41"," 36"," 1429"," 77.33"
SMARTWORKS," EQ"," 01-Jan-2026"," 494.75"," 498.70"," 513.45"," 489.20"," 505.55"," 505.50"," 505.12"," 95418"," 481.98"," 6537"," 38118"," 39.95"
SMCGLOBAL," EQ"," 01-Jan-2026"," 91.10"," 91.68"," 91.85"," 89.12"," 91.25"," 91.09"," 90.49"," 1074596"," 972.43"," 5085"," 462649"," 43.05"
SML100CASE," EQ"," 01-Jan-2026"," 10.01"," 10.31"," 10.31"," 9.95"," 10.01"," 9.98"," 9.98"," 474651"," 47.37"," 958"," 237023"," 49.94"
SMLMAH," EQ"," 01-Jan-2026"," 3975.80"," 4077.50"," 4174.50"," 4060.00"," 4090.00"," 4091.80"," 4143.95"," 253180"," 10491.66"," 16116"," 103014"," 40.69"
SMLT," EQ"," 01-Jan-2026"," 86.29"," 88.03"," 88.79"," 83.21"," 83.21"," 84.71"," 85.74"," 18171"," 15.58"," 455"," 12665"," 69.70"
SMSPHARMA," EQ"," 01-Jan-2026"," 310.40"," 309.40"," 316.55"," 308.40"," 313.00"," 313.45"," 313.01"," 113674"," 355.81"," 3503"," 49100"," 43.19"
SNOWMAN," EQ"," 01-Jan-2026"," 40.15"," 40.35"," 40.74"," 40.00"," 40.26"," 40.09"," 40.15"," 112326"," 45.10"," 822"," 60375"," 53.75"
SNXT30BEES," EQ"," 01-Jan-2026"," 40.84"," 40.93"," 40.93"," 40.57"," 40.93"," 40.92"," 40.88"," 1995"," 0.82"," 85"," 1813"," 90.88"
SNXT50BETA," EQ"," 01-Jan-2026"," 93.30"," 92.97"," 94.77"," 92.97"," 93.91"," 94.39"," 94.23"," 2872"," 2.71"," 111"," 2746"," 95.61"
SOBHA," EQ"," 01-Jan-2026"," 1459.30"," 1467.00"," 1480.10"," 1451.00"," 1460.00"," 1462.80"," 1466.55"," 51815"," 759.89"," 9365"," 19941"," 38.48"
SOCL," ST"," 01-Jan-2026"," 62.15"," 59.05"," 59.05"," 59.05"," 59.05"," 59.05"," 59.05"," 6400"," 3.78"," 4"," 6400"," 100.00"
SOFTTECH," EQ"," 01-Jan-2026"," 317.35"," 319.35"," 328.00"," 309.00"," 313.60"," 314.05"," 318.22"," 7011"," 22.31"," 1078"," 2880"," 41.08"
SOLARA," EQ"," 01-Jan-2026"," 564.95"," 564.95"," 568.55"," 556.00"," 568.00"," 563.10"," 560.96"," 38667"," 216.91"," 3128"," 20007"," 51.74"
SOLARAPP1," E1"," 01-Jan-2026"," 390.00"," 395.00"," 395.00"," 390.00"," 390.00"," 390.00"," 393.96"," 24"," 0.09"," 5"," 24"," 100.00"
SOLARINDS," EQ"," 01-Jan-2026"," 12252.00"," 12335.00"," 12348.00"," 12065.00"," 12198.00"," 12166.00"," 12160.86"," 85262"," 10368.59"," 20322"," 32229"," 37.80"
SOLARWORLD," EQ"," 01-Jan-2026"," 274.15"," 274.15"," 276.85"," 272.00"," 272.00"," 273.40"," 274.60"," 80567"," 221.24"," 2087"," 29336"," 36.41"
SOLEX," EQ"," 01-Jan-2026"," 1238.50"," 1265.00"," 1391.90"," 1246.20"," 1369.00"," 1349.40"," 1342.84"," 144796"," 1944.38"," 16886"," 29436"," 20.33"
SOMANYCERA," EQ"," 01-Jan-2026"," 399.90"," 405.60"," 414.00"," 392.50"," 394.50"," 394.35"," 399.24"," 62622"," 250.01"," 2132"," 42460"," 67.80"
SOMATEX," BE"," 01-Jan-2026"," 143.90"," 141.03"," 141.03"," 141.03"," 141.03"," 141.03"," 141.03"," 4788"," 6.75"," 43"," -"," -"
SOMICONVEY," EQ"," 01-Jan-2026"," 123.47"," 123.08"," 128.46"," 123.08"," 126.88"," 126.22"," 126.49"," 4935"," 6.24"," 250"," 3317"," 67.21"
SONACOMS," EQ"," 01-Jan-2026"," 479.40"," 481.95"," 481.95"," 472.85"," 474.90"," 474.30"," 475.83"," 532720"," 2534.84"," 16873"," 183990"," 34.54"
SONAMAC," SM"," 01-Jan-2026"," 45.00"," 46.00"," 47.45"," 46.00"," 47.45"," 47.45"," 46.87"," 5000"," 2.34"," 5"," 5000"," 100.00"
SONAMLTD," EQ"," 01-Jan-2026"," 42.00"," 42.00"," 42.65"," 41.71"," 42.15"," 42.04"," 42.06"," 18435"," 7.75"," 124"," 14406"," 78.14"
SONATSOFTW," EQ"," 01-Jan-2026"," 359.85"," 362.95"," 364.95"," 358.55"," 362.00"," 362.90"," 362.13"," 274648"," 994.59"," 7849"," 97967"," 35.67"
SONUINFRA," SM"," 01-Jan-2026"," 72.50"," 73.90"," 74.00"," 72.00"," 72.00"," 72.00"," 73.80"," 16500"," 12.18"," 3"," 16500"," 100.00"
SOTL," EQ"," 01-Jan-2026"," 383.90"," 385.00"," 388.55"," 380.60"," 381.00"," 381.75"," 385.02"," 15973"," 61.50"," 793"," 10932"," 68.44"
SOUTHBANK," EQ"," 01-Jan-2026"," 38.32"," 38.32"," 38.48"," 37.88"," 37.99"," 37.93"," 38.08"," 6218391"," 2367.98"," 19370"," 2460458"," 39.57"
SOUTHWEST," BE"," 01-Jan-2026"," 192.68"," 193.75"," 196.97"," 188.00"," 193.56"," 193.12"," 192.32"," 18783"," 36.12"," 214"," -"," -"
SPAL," EQ"," 01-Jan-2026"," 702.40"," 702.40"," 709.00"," 698.00"," 707.00"," 704.60"," 703.26"," 12444"," 87.51"," 1074"," 6581"," 52.88"
SPANDANA," EQ"," 01-Jan-2026"," 269.35"," 274.70"," 274.80"," 266.00"," 268.00"," 267.35"," 268.42"," 89524"," 240.30"," 3290"," 49553"," 55.35"
SPARC," EQ"," 01-Jan-2026"," 134.45"," 133.96"," 136.20"," 133.93"," 134.80"," 135.03"," 135.24"," 381431"," 515.84"," 4972"," 169017"," 44.31"
SPCENET," BE"," 01-Jan-2026"," 6.78"," 6.93"," 6.93"," 6.65"," 6.80"," 6.79"," 6.77"," 58999"," 3.99"," 257"," -"," -"
SPCL," SM"," 01-Jan-2026"," 101.95"," 102.50"," 104.45"," 96.10"," 103.30"," 99.60"," 100.99"," 46800"," 47.26"," 70"," 30600"," 65.38"
SPEB," SM"," 01-Jan-2026"," 54.00"," 46.55"," 51.80"," 46.55"," 51.80"," 51.80"," 49.93"," 44000"," 21.97"," 12"," 34000"," 77.27"
SPECIALITY," EQ"," 01-Jan-2026"," 112.52"," 110.13"," 116.38"," 108.35"," 110.25"," 109.58"," 111.08"," 130185"," 144.60"," 2708"," 80948"," 62.18"
SPECTRUM," EQ"," 01-Jan-2026"," 1243.90"," 1232.00"," 1249.00"," 1220.10"," 1239.80"," 1224.50"," 1231.40"," 731"," 9.00"," 163"," 342"," 46.79"
SPENCERS," EQ"," 01-Jan-2026"," 41.15"," 41.26"," 41.72"," 41.26"," 41.40"," 41.37"," 41.51"," 26857"," 11.15"," 308"," 20800"," 77.45"
SPIC," EQ"," 01-Jan-2026"," 84.05"," 84.72"," 84.72"," 83.10"," 83.10"," 83.25"," 83.39"," 242934"," 202.58"," 2921"," 154943"," 63.78"
SPLIL," EQ"," 01-Jan-2026"," 33.59"," 33.59"," 34.23"," 33.00"," 33.70"," 33.38"," 33.38"," 3315"," 1.11"," 68"," 2680"," 80.84"
SPLPETRO," EQ"," 01-Jan-2026"," 646.00"," 649.40"," 649.40"," 642.45"," 642.45"," 643.00"," 644.21"," 5837"," 37.60"," 722"," 3568"," 61.13"
SPMLINFRA," EQ"," 01-Jan-2026"," 176.41"," 179.06"," 197.45"," 179.06"," 190.00"," 190.29"," 190.87"," 2121691"," 4049.58"," 28204"," 289663"," 13.65"
SPORTKING," EQ"," 01-Jan-2026"," 87.19"," 87.80"," 88.45"," 87.01"," 87.05"," 87.38"," 87.55"," 62470"," 54.69"," 709"," 49503"," 79.24"
SPRL," ST"," 01-Jan-2026"," 152.00"," 159.60"," 159.60"," 159.60"," 159.60"," 159.60"," 159.60"," 800"," 1.28"," 1"," 800"," 100.00"
SPUNWEB," SM"," 01-Jan-2026"," 139.00"," 141.70"," 143.80"," 141.70"," 142.85"," 142.85"," 142.78"," 3600"," 5.14"," 3"," 2400"," 66.67"
SRD," EQ"," 01-Jan-2026"," 64.30"," 65.52"," 65.52"," 64.19"," 64.36"," 64.53"," 64.85"," 14731"," 9.55"," 205"," 11803"," 80.12"
SREEL," EQ"," 01-Jan-2026"," 216.86"," 218.20"," 219.13"," 217.06"," 218.00"," 218.15"," 218.16"," 13152"," 28.69"," 170"," 12680"," 96.41"
SRF," EQ"," 01-Jan-2026"," 3075.00"," 3077.90"," 3077.90"," 3050.30"," 3061.00"," 3057.30"," 3060.99"," 74758"," 2288.34"," 8905"," 35676"," 47.72"
SRGHFL," EQ"," 01-Jan-2026"," 296.75"," 303.50"," 307.35"," 288.10"," 288.10"," 290.95"," 296.44"," 1758"," 5.21"," 92"," 1005"," 57.17"
SRHHYPOLTD," EQ"," 01-Jan-2026"," 516.80"," 519.40"," 521.95"," 514.10"," 521.95"," 517.05"," 518.42"," 2444"," 12.67"," 181"," 1644"," 67.27"
SRIVASAVI," SM"," 01-Jan-2026"," 49.50"," 49.80"," 49.80"," 49.80"," 49.80"," 49.80"," 49.80"," 1000"," 0.50"," 1"," 1000"," 100.00"
SRM," EQ"," 01-Jan-2026"," 530.05"," 530.05"," 536.00"," 524.90"," 532.10"," 533.70"," 531.60"," 22979"," 122.16"," 1414"," 10882"," 47.36"
SRPL," BZ"," 01-Jan-2026"," 0.66"," 0.67"," 0.68"," 0.66"," 0.67"," 0.67"," 0.67"," 477627"," 3.22"," 167"," -"," -"
SSDL," EQ"," 01-Jan-2026"," 76.78"," 76.85"," 78.60"," 76.85"," 77.95"," 78.02"," 77.73"," 11306"," 8.79"," 333"," 6897"," 61.00"
SSEGL," SM"," 01-Jan-2026"," 461.45"," 461.65"," 471.30"," 461.50"," 461.50"," 461.50"," 464.42"," 4200"," 19.51"," 21"," 2800"," 66.67"
SSFL," SM"," 01-Jan-2026"," 129.75"," 127.50"," 131.95"," 127.45"," 131.95"," 130.20"," 128.82"," 6000"," 7.73"," 12"," 3500"," 58.33"
SSFLPP," E1"," 01-Jan-2026"," 139.45"," 138.75"," 141.45"," 136.90"," 140.00"," 139.85"," 139.78"," 4868"," 6.80"," 60"," 4589"," 94.27"
SSWL," EQ"," 01-Jan-2026"," 193.70"," 193.90"," 215.00"," 191.37"," 210.61"," 209.91"," 209.35"," 4864477"," 10183.77"," 72937"," 595620"," 12.24"
STALLION," BE"," 01-Jan-2026"," 235.06"," 230.00"," 246.81"," 226.00"," 246.81"," 246.81"," 243.23"," 309767"," 753.44"," 2483"," -"," -"
STANLEY," EQ"," 01-Jan-2026"," 193.16"," 195.09"," 198.28"," 192.37"," 194.98"," 194.79"," 194.59"," 232134"," 451.72"," 3581"," 141453"," 60.94"
STAR," EQ"," 01-Jan-2026"," 900.35"," 906.35"," 918.00"," 878.05"," 913.10"," 911.35"," 898.50"," 263462"," 2367.20"," 12379"," 110453"," 41.92"
STARCEMENT," EQ"," 01-Jan-2026"," 225.51"," 225.00"," 225.08"," 221.75"," 222.80"," 222.17"," 222.57"," 87386"," 194.49"," 6036"," 57241"," 65.50"
STARHEALTH," EQ"," 01-Jan-2026"," 455.00"," 455.00"," 467.60"," 455.00"," 461.35"," 464.70"," 463.85"," 714802"," 3315.61"," 20410"," 409123"," 57.24"
STARPAPER," EQ"," 01-Jan-2026"," 166.10"," 166.69"," 168.40"," 163.50"," 167.49"," 167.49"," 167.01"," 6575"," 10.98"," 164"," 4306"," 65.49"
STARTECK," EQ"," 01-Jan-2026"," 283.55"," 292.05"," 300.40"," 281.60"," 290.00"," 294.85"," 285.78"," 7729"," 22.09"," 324"," 94"," 1.22"
STCINDIA," EQ"," 01-Jan-2026"," 127.94"," 127.30"," 129.28"," 124.51"," 125.12"," 125.10"," 126.60"," 62584"," 79.23"," 1755"," 35247"," 56.32"
STEELCAS," EQ"," 01-Jan-2026"," 210.11"," 210.80"," 211.83"," 207.66"," 210.88"," 210.67"," 210.40"," 12828"," 26.99"," 683"," 5722"," 44.61"
STEELCITY," EQ"," 01-Jan-2026"," 91.92"," 92.80"," 92.80"," 90.34"," 92.10"," 92.12"," 91.66"," 2916"," 2.67"," 157"," 2016"," 69.14"
STEELXIND," EQ"," 01-Jan-2026"," 9.59"," 9.57"," 9.74"," 9.47"," 9.60"," 9.51"," 9.60"," 949199"," 91.17"," 1513"," 690373"," 72.73"
STEL," EQ"," 01-Jan-2026"," 497.25"," 497.40"," 504.95"," 490.20"," 493.10"," 494.40"," 498.46"," 2110"," 10.52"," 314"," 1359"," 64.41"
STERTOOLS," EQ"," 01-Jan-2026"," 272.20"," 273.70"," 277.70"," 271.05"," 275.60"," 275.35"," 273.72"," 16242"," 44.46"," 857"," 8319"," 51.22"
STLNETWORK," EQ"," 01-Jan-2026"," 22.16"," 22.18"," 22.70"," 22.18"," 22.50"," 22.43"," 22.44"," 701989"," 157.54"," 10157"," 421256"," 60.01"
STLTECH," EQ"," 01-Jan-2026"," 103.20"," 103.00"," 108.60"," 102.05"," 102.91"," 102.50"," 105.06"," 2358698"," 2478.07"," 32984"," 635603"," 26.95"
STOVEKRAFT," EQ"," 01-Jan-2026"," 573.75"," 574.90"," 583.65"," 572.40"," 576.45"," 578.40"," 578.16"," 26577"," 153.66"," 1719"," 14706"," 55.33"
STUDDS," EQ"," 01-Jan-2026"," 538.60"," 538.00"," 538.20"," 529.00"," 532.85"," 532.10"," 534.35"," 16175"," 86.43"," 1283"," 6903"," 42.68"
STUDIOLSD," SM"," 01-Jan-2026"," 13.10"," 13.15"," 13.25"," 13.00"," 13.05"," 13.10"," 13.12"," 48000"," 6.30"," 23"," 34000"," 70.83"
STYL," EQ"," 01-Jan-2026"," 269.35"," 269.35"," 288.50"," 269.35"," 276.60"," 278.20"," 279.88"," 344759"," 964.89"," 9003"," 83991"," 24.36"
STYLAMIND," EQ"," 01-Jan-2026"," 2229.40"," 2222.00"," 2260.00"," 2217.50"," 2252.00"," 2249.60"," 2244.49"," 26002"," 583.61"," 3005"," 16713"," 64.28"
STYLEBAAZA," EQ"," 01-Jan-2026"," 273.75"," 274.60"," 276.00"," 269.50"," 272.90"," 270.40"," 272.04"," 71955"," 195.75"," 1552"," 34032"," 47.30"
STYRENIX," EQ"," 01-Jan-2026"," 1976.20"," 1978.00"," 2050.00"," 1966.90"," 2026.00"," 2027.90"," 2016.86"," 19531"," 393.91"," 2650"," 12742"," 65.24"
SUBAHOTELS," SM"," 01-Jan-2026"," 143.05"," 139.10"," 145.65"," 139.10"," 143.95"," 143.95"," 143.24"," 20400"," 29.22"," 15"," 12000"," 58.82"
SUBEXLTD," EQ"," 01-Jan-2026"," 11.31"," 11.33"," 12.39"," 11.22"," 11.77"," 11.70"," 11.84"," 5048053"," 597.80"," 10928"," 1119259"," 22.17"
SUBROS," EQ"," 01-Jan-2026"," 866.05"," 870.60"," 870.60"," 857.60"," 860.00"," 861.90"," 861.53"," 25159"," 216.75"," 1781"," 16491"," 65.55"
SUDARSCHEM," EQ"," 01-Jan-2026"," 947.70"," 953.70"," 953.70"," 937.30"," 942.15"," 942.40"," 942.09"," 22158"," 208.75"," 2477"," 7996"," 36.09"
SUDEEPPHRM," EQ"," 01-Jan-2026"," 602.75"," 602.75"," 611.00"," 596.65"," 596.95"," 598.55"," 602.75"," 75378"," 454.34"," 3068"," 28250"," 37.48"
SUKHJITS," EQ"," 01-Jan-2026"," 185.73"," 182.50"," 189.98"," 181.50"," 187.00"," 185.86"," 185.38"," 18912"," 35.06"," 633"," 13881"," 73.40"
SULA," EQ"," 01-Jan-2026"," 217.07"," 218.20"," 220.00"," 216.45"," 218.00"," 218.59"," 218.83"," 170861"," 373.89"," 4150"," 80071"," 46.86"
SUMEETINDS," BE"," 01-Jan-2026"," 30.66"," 30.48"," 30.48"," 29.56"," 29.88"," 29.77"," 29.95"," 32843"," 9.84"," 203"," -"," -"
SUMICHEM," EQ"," 01-Jan-2026"," 471.00"," 471.00"," 471.00"," 465.00"," 470.35"," 469.50"," 468.14"," 82796"," 387.60"," 3140"," 42798"," 51.69"
SUMIT," EQ"," 01-Jan-2026"," 67.47"," 69.20"," 71.11"," 63.72"," 64.49"," 64.15"," 66.02"," 76024"," 50.19"," 931"," 58960"," 77.55"
SUMMITSEC," EQ"," 01-Jan-2026"," 1937.20"," 1933.00"," 1961.50"," 1928.20"," 1935.00"," 1937.30"," 1942.24"," 1816"," 35.27"," 482"," 1008"," 55.51"
SUNCLAY," EQ"," 01-Jan-2026"," 1223.60"," 1247.00"," 1247.10"," 1215.00"," 1215.00"," 1215.80"," 1221.31"," 4161"," 50.82"," 1108"," 2577"," 61.93"
SUNDARAM," EQ"," 01-Jan-2026"," 1.81"," 1.83"," 1.84"," 1.75"," 1.78"," 1.76"," 1.78"," 435791"," 7.75"," 376"," 366677"," 84.14"
SUNDARMFIN," EQ"," 01-Jan-2026"," 5282.80"," 5310.00"," 5336.00"," 5270.00"," 5320.00"," 5321.50"," 5301.54"," 64255"," 3406.50"," 7419"," 44357"," 69.03"
SUNDRMBRAK," EQ"," 01-Jan-2026"," 686.45"," 686.45"," 706.85"," 680.00"," 700.00"," 690.85"," 691.86"," 1687"," 11.67"," 161"," 1521"," 90.16"
SUNDRMFAST," EQ"," 01-Jan-2026"," 934.65"," 942.25"," 950.00"," 931.55"," 947.00"," 946.15"," 941.92"," 18823"," 177.30"," 1756"," 11576"," 61.50"
SUNDROP," EQ"," 01-Jan-2026"," 687.55"," 689.60"," 746.00"," 689.60"," 729.00"," 723.95"," 717.56"," 25815"," 185.24"," 1146"," 15785"," 61.15"
SUNFLAG," EQ"," 01-Jan-2026"," 271.65"," 271.75"," 273.30"," 269.50"," 272.95"," 272.10"," 271.40"," 90729"," 246.24"," 1948"," 42065"," 46.36"
SUNLITE," ST"," 01-Jan-2026"," 309.95"," 315.95"," 325.40"," 314.90"," 325.40"," 325.35"," 322.50"," 44400"," 143.19"," 68"," 38400"," 86.49"
SUNPHARMA," EQ"," 01-Jan-2026"," 1719.70"," 1720.00"," 1726.00"," 1708.90"," 1725.00"," 1721.10"," 1718.56"," 877515"," 15080.58"," 31190"," 574242"," 65.44"
SUNREST," SM"," 01-Jan-2026"," 41.55"," 45.00"," 45.00"," 45.00"," 45.00"," 45.00"," 45.00"," 1600"," 0.72"," 1"," 1600"," 100.00"
SUNTECH," SM"," 01-Jan-2026"," 42.55"," 42.65"," 42.65"," 40.30"," 41.20"," 41.20"," 41.09"," 30400"," 12.49"," 18"," 24000"," 78.95"
SUNTECK," EQ"," 01-Jan-2026"," 396.05"," 397.10"," 435.55"," 397.10"," 434.00"," 429.90"," 423.47"," 4428595"," 18753.94"," 97507"," 592515"," 13.38"
SUNTV," EQ"," 01-Jan-2026"," 587.55"," 592.60"," 602.00"," 580.20"," 585.70"," 587.15"," 594.45"," 545260"," 3241.30"," 24226"," 147570"," 27.06"
SUPERHOUSE," EQ"," 01-Jan-2026"," 146.79"," 146.79"," 147.49"," 143.80"," 144.13"," 145.10"," 145.51"," 2992"," 4.35"," 107"," 2000"," 66.84"
SUPERSPIN," EQ"," 01-Jan-2026"," 8.04"," 8.15"," 8.18"," 8.05"," 8.10"," 8.09"," 8.14"," 5960"," 0.49"," 44"," 5736"," 96.24"
SUPRAJIT," EQ"," 01-Jan-2026"," 463.50"," 460.80"," 472.10"," 460.80"," 468.65"," 470.75"," 468.40"," 21481"," 100.62"," 1483"," 9681"," 45.07"
SUPREME," EQ"," 01-Jan-2026"," 74.46"," 74.49"," 74.49"," 71.88"," 72.32"," 72.33"," 72.80"," 20071"," 14.61"," 630"," 7815"," 38.94"
SUPREMEENG," BZ"," 01-Jan-2026"," 1.22"," 1.22"," 1.28"," 1.22"," 1.28"," 1.28"," 1.28"," 46843"," 0.60"," 46"," -"," -"
SUPREMEIND," EQ"," 01-Jan-2026"," 3353.80"," 3367.00"," 3499.00"," 3360.60"," 3480.00"," 3484.40"," 3462.71"," 379188"," 13130.18"," 34406"," 107859"," 28.44"
SUPREMEINF," BZ"," 01-Jan-2026"," 86.09"," 86.09"," 87.90"," 86.09"," 87.85"," 87.85"," 87.50"," 152"," 0.13"," 5"," -"," -"
SUPREMEPWR," SM"," 01-Jan-2026"," 189.80"," 190.05"," 192.50"," 188.30"," 188.50"," 189.50"," 190.13"," 18500"," 35.17"," 36"," 13000"," 70.27"
SUPRIYA," EQ"," 01-Jan-2026"," 751.50"," 753.00"," 762.00"," 735.80"," 740.40"," 740.85"," 745.52"," 72973"," 544.03"," 5161"," 31317"," 42.92"
SURAJEST," EQ"," 01-Jan-2026"," 263.05"," 262.00"," 268.00"," 259.50"," 261.90"," 260.55"," 263.11"," 84190"," 221.52"," 2215"," 44442"," 52.79"
SURAJLTD," EQ"," 01-Jan-2026"," 249.50"," 237.85"," 254.00"," 237.14"," 254.00"," 245.06"," 245.06"," 11"," 0.03"," 4"," 11"," 100.00"
SURAKSHA," EQ"," 01-Jan-2026"," 269.65"," 270.55"," 274.10"," 269.45"," 272.10"," 273.15"," 272.42"," 8381"," 22.83"," 520"," 4816"," 57.46"
SURANASOL," EQ"," 01-Jan-2026"," 26.63"," 27.10"," 27.10"," 26.31"," 26.95"," 26.57"," 26.60"," 25865"," 6.88"," 638"," 16762"," 64.81"
SURANAT&P," EQ"," 01-Jan-2026"," 20.19"," 20.10"," 20.29"," 19.81"," 19.99"," 20.02"," 20.02"," 66878"," 13.39"," 596"," 45023"," 67.32"
SURANI," SM"," 01-Jan-2026"," 60.00"," 60.00"," 60.00"," 59.95"," 59.95"," 59.95"," 59.96"," 1800"," 1.08"," 5"," 1800"," 100.00"
SURYALAXMI," EQ"," 01-Jan-2026"," 59.37"," 60.30"," 61.45"," 58.62"," 58.93"," 59.03"," 59.62"," 5110"," 3.05"," 100"," 3564"," 69.75"
SURYAROSNI," EQ"," 01-Jan-2026"," 275.25"," 273.35"," 277.05"," 273.35"," 276.50"," 275.60"," 275.34"," 120452"," 331.65"," 4124"," 58465"," 48.54"
SURYODAY," EQ"," 01-Jan-2026"," 140.85"," 142.60"," 143.26"," 140.53"," 141.00"," 141.66"," 141.77"," 109505"," 155.25"," 2659"," 38218"," 34.90"
SUTLEJTEX," EQ"," 01-Jan-2026"," 32.18"," 32.70"," 32.70"," 32.00"," 32.10"," 32.04"," 32.16"," 11609"," 3.73"," 167"," 8289"," 71.40"
SUVEN," EQ"," 01-Jan-2026"," 166.27"," 166.50"," 167.85"," 164.10"," 164.40"," 164.69"," 166.14"," 153797"," 255.51"," 2596"," 81980"," 53.30"
SUVIDHAA," EQ"," 01-Jan-2026"," 3.53"," 3.53"," 3.69"," 3.40"," 3.67"," 3.64"," 3.59"," 103394"," 3.71"," 438"," 81074"," 78.41"
SUYOG," EQ"," 01-Jan-2026"," 614.80"," 607.00"," 618.30"," 606.55"," 607.20"," 613.65"," 611.47"," 9235"," 56.47"," 853"," 3072"," 33.26"
SUZLON," EQ"," 01-Jan-2026"," 52.67"," 52.71"," 52.98"," 52.05"," 52.58"," 52.47"," 52.43"," 26749342"," 14026.01"," 51947"," 11847258"," 44.29"
SVLL," EQ"," 01-Jan-2026"," 681.60"," 672.55"," 708.95"," 672.55"," 708.35"," 700.60"," 695.31"," 162"," 1.13"," 19"," 93"," 57.41"
SVPGLOB," BE"," 01-Jan-2026"," 3.74"," 3.62"," 3.84"," 3.62"," 3.75"," 3.73"," 3.69"," 91600"," 3.38"," 107"," -"," -"
SWANCORP," EQ"," 01-Jan-2026"," 468.85"," 470.00"," 477.20"," 464.25"," 464.30"," 465.95"," 470.37"," 975578"," 4588.81"," 11132"," 676502"," 69.34"
SWANDEF," BE"," 01-Jan-2026"," 1388.20"," 1457.60"," 1457.60"," 1457.60"," 1457.60"," 1457.60"," 1457.60"," 1938"," 28.25"," 151"," -"," -"
SWARAJ," ST"," 01-Jan-2026"," 242.00"," 250.50"," 250.50"," 238.00"," 241.50"," 241.35"," 242.66"," 17500"," 42.46"," 28"," 15500"," 88.57"
SWARAJENG," EQ"," 01-Jan-2026"," 3577.50"," 3596.90"," 3744.00"," 3572.90"," 3732.90"," 3727.90"," 3689.63"," 32206"," 1188.28"," 4676"," 13771"," 42.76"
SWASTIK," SM"," 01-Jan-2026"," 23.50"," 22.90"," 23.20"," 22.80"," 23.00"," 23.00"," 22.99"," 7200"," 1.66"," 6"," 4800"," 66.67"
SWELECTES," EQ"," 01-Jan-2026"," 620.40"," 626.30"," 633.00"," 616.20"," 616.50"," 617.90"," 623.73"," 5635"," 35.15"," 604"," 2873"," 50.98"
SWIGGY," EQ"," 01-Jan-2026"," 386.25"," 389.00"," 393.90"," 386.75"," 390.50"," 390.70"," 389.98"," 5158253"," 20116.31"," 27006"," 2947200"," 57.14"
SWSOLAR," EQ"," 01-Jan-2026"," 214.18"," 214.00"," 217.00"," 213.98"," 214.80"," 215.01"," 215.50"," 542316"," 1168.68"," 10501"," 176028"," 32.46"
SYLVANPLY," SM"," 01-Jan-2026"," 58.15"," 59.40"," 59.40"," 59.40"," 59.40"," 59.40"," 59.40"," 2000"," 1.19"," 1"," 2000"," 100.00"
SYMPHONY," EQ"," 01-Jan-2026"," 881.85"," 881.85"," 922.70"," 880.55"," 919.00"," 916.70"," 909.06"," 113311"," 1030.07"," 9487"," 50792"," 44.83"
SYNCOMF," EQ"," 01-Jan-2026"," 14.26"," 14.26"," 14.38"," 14.04"," 14.17"," 14.08"," 14.15"," 983721"," 139.22"," 3489"," 683716"," 69.50"
SYNGENE," EQ"," 01-Jan-2026"," 651.00"," 650.05"," 652.40"," 642.15"," 652.40"," 650.20"," 647.19"," 148160"," 958.88"," 4912"," 58748"," 39.65"
SYNOPTICS," SM"," 01-Jan-2026"," 59.60"," 59.00"," 59.00"," 56.65"," 56.65"," 56.65"," 57.52"," 7200"," 4.14"," 12"," 5400"," 75.00"
SYRMA," EQ"," 01-Jan-2026"," 733.15"," 733.00"," 734.95"," 714.00"," 720.00"," 719.40"," 721.26"," 459942"," 3317.38"," 17460"," 184716"," 40.16"
SYSTANGO," ST"," 01-Jan-2026"," 305.20"," 313.90"," 320.45"," 312.50"," 320.45"," 320.45"," 319.39"," 21200"," 67.71"," 48"," 19200"," 90.57"
SYSTMTXC," EQ"," 01-Jan-2026"," 137.34"," 137.99"," 146.25"," 137.99"," 143.40"," 141.63"," 141.06"," 685112"," 966.43"," 10864"," 78008"," 11.39"
TAC," SM"," 01-Jan-2026"," 755.90"," 755.90"," 769.00"," 751.05"," 766.50"," 760.45"," 761.85"," 19800"," 150.85"," 87"," 9400"," 47.47"
TAINWALCHM," EQ"," 01-Jan-2026"," 192.99"," 193.00"," 199.50"," 192.00"," 199.40"," 195.50"," 194.39"," 1190"," 2.31"," 63"," 827"," 69.50"
TAJGVK," EQ"," 01-Jan-2026"," 432.35"," 430.00"," 430.40"," 422.00"," 425.00"," 425.00"," 425.71"," 129020"," 549.26"," 4058"," 62077"," 48.11"
TAKE," BE"," 01-Jan-2026"," 39.94"," 40.48"," 41.00"," 39.85"," 40.40"," 40.34"," 40.27"," 672282"," 270.71"," 1370"," -"," -"
TALBROAUTO," EQ"," 01-Jan-2026"," 274.95"," 273.70"," 277.90"," 271.80"," 273.00"," 274.85"," 274.39"," 34457"," 94.55"," 1191"," 17269"," 50.12"
TANKUP," ST"," 01-Jan-2026"," 715.00"," 735.00"," 735.00"," 725.00"," 730.00"," 730.00"," 728.75"," 1000"," 7.29"," 3"," 1000"," 100.00"
TANLA," EQ"," 01-Jan-2026"," 525.50"," 526.00"," 529.50"," 513.20"," 522.45"," 521.30"," 519.62"," 300371"," 1560.78"," 13786"," 122777"," 40.88"
TAPIFRUIT," SM"," 01-Jan-2026"," 69.00"," 75.00"," 75.00"," 72.00"," 72.00"," 72.00"," 73.36"," 5250"," 3.85"," 5"," 5250"," 100.00"
TARACHAND," EQ"," 01-Jan-2026"," 77.68"," 77.84"," 82.56"," 76.88"," 80.25"," 79.92"," 79.83"," 135302"," 108.01"," 3114"," 77396"," 57.20"
TARAPUR," BE"," 01-Jan-2026"," 28.77"," 29.00"," 29.80"," 28.77"," 29.68"," 29.63"," 29.49"," 13131"," 3.87"," 110"," -"," -"
TARC," EQ"," 01-Jan-2026"," 170.81"," 170.00"," 176.29"," 169.61"," 173.10"," 172.92"," 173.49"," 1194404"," 2072.18"," 17993"," 486640"," 40.74"
TARIL," EQ"," 01-Jan-2026"," 285.25"," 288.00"," 312.50"," 288.00"," 306.20"," 307.90"," 306.00"," 23960953"," 73320.15"," 240593"," 2285512"," 9.54"
TARMAT," EQ"," 01-Jan-2026"," 50.80"," 50.81"," 52.49"," 50.75"," 52.00"," 51.52"," 51.78"," 35758"," 18.51"," 344"," 22890"," 64.01"
TARSONS," EQ"," 01-Jan-2026"," 233.30"," 235.17"," 235.69"," 233.10"," 235.00"," 234.80"," 234.38"," 40445"," 94.80"," 1337"," 22628"," 55.95"
TASTYBITE," EQ"," 01-Jan-2026"," 7833.00"," 7805.00"," 7896.00"," 7752.00"," 7895.50"," 7857.50"," 7849.10"," 436"," 34.22"," 241"," 221"," 50.69"
TATACAP," EQ"," 01-Jan-2026"," 341.85"," 343.85"," 344.45"," 339.30"," 341.75"," 340.45"," 341.89"," 1314541"," 4494.29"," 20874"," 670987"," 51.04"
TATACHEM," EQ"," 01-Jan-2026"," 765.55"," 768.05"," 771.95"," 750.00"," 752.60"," 751.15"," 754.79"," 382360"," 2886.02"," 18707"," 179729"," 47.01"
TATACOMM," EQ"," 01-Jan-2026"," 1825.30"," 1825.30"," 1834.20"," 1803.70"," 1806.50"," 1811.50"," 1819.18"," 112678"," 2049.81"," 7197"," 74105"," 65.77"
TATACONSUM," EQ"," 01-Jan-2026"," 1192.00"," 1192.00"," 1195.50"," 1173.30"," 1173.30"," 1176.90"," 1180.74"," 947192"," 11183.88"," 27933"," 613961"," 64.82"
TATAELXSI," EQ"," 01-Jan-2026"," 5240.50"," 5250.00"," 5253.00"," 5185.00"," 5215.00"," 5211.50"," 5210.70"," 45872"," 2390.25"," 7333"," 15802"," 34.45"
TATAGOLD," EQ"," 01-Jan-2026"," 12.99"," 12.99"," 13.02"," 12.89"," 12.96"," 12.96"," 12.97"," 38678888"," 5014.76"," 77629"," 23269714"," 60.16"
TATAINVEST," EQ"," 01-Jan-2026"," 697.55"," 698.20"," 707.00"," 695.00"," 697.95"," 696.65"," 699.95"," 206633"," 1446.33"," 12790"," 72277"," 34.98"
TATAPOWER," EQ"," 01-Jan-2026"," 379.60"," 380.00"," 382.25"," 379.00"," 381.65"," 381.85"," 380.98"," 1798707"," 6852.69"," 23604"," 828224"," 46.05"
TATASTEEL," EQ"," 01-Jan-2026"," 180.08"," 180.60"," 182.20"," 180.20"," 181.74"," 181.89"," 181.32"," 21507757"," 38998.82"," 139910"," 8849050"," 41.14"
TATATECH," EQ"," 01-Jan-2026"," 643.00"," 645.00"," 645.85"," 640.40"," 644.00"," 644.25"," 642.77"," 357803"," 2299.84"," 13788"," 134352"," 37.55"
TATSILV," EQ"," 01-Jan-2026"," 21.85"," 21.85"," 22.05"," 21.25"," 21.90"," 21.84"," 21.88"," 61204188"," 13390.56"," 94020"," 23251084"," 37.99"
TATVA," EQ"," 01-Jan-2026"," 1334.20"," 1333.00"," 1362.40"," 1317.10"," 1337.00"," 1324.70"," 1339.37"," 31557"," 422.67"," 3102"," 11877"," 37.64"
TAURIAN," ST"," 01-Jan-2026"," 237.15"," 244.00"," 249.00"," 241.00"," 241.00"," 241.00"," 245.49"," 36800"," 90.34"," 37"," 28800"," 78.26"
TBI," SM"," 01-Jan-2026"," 87.15"," 88.00"," 88.00"," 87.00"," 87.05"," 87.05"," 87.38"," 13200"," 11.53"," 15"," 10800"," 81.82"
TBOTEK," EQ"," 01-Jan-2026"," 1662.70"," 1652.00"," 1679.40"," 1610.00"," 1625.00"," 1623.80"," 1629.66"," 72322"," 1178.60"," 8289"," 32979"," 45.60"
TBZ," EQ"," 01-Jan-2026"," 164.73"," 165.02"," 165.50"," 163.41"," 165.40"," 164.88"," 164.28"," 37743"," 62.00"," 1044"," 14989"," 39.71"
TCI," EQ"," 01-Jan-2026"," 1078.00"," 1078.00"," 1095.20"," 1074.00"," 1089.70"," 1084.30"," 1081.74"," 13252"," 143.35"," 2534"," 8515"," 64.25"
TCIEXP," EQ"," 01-Jan-2026"," 575.10"," 578.05"," 590.00"," 576.00"," 587.70"," 586.85"," 584.78"," 8966"," 52.43"," 807"," 4487"," 50.04"
TCIFINANCE," BE"," 01-Jan-2026"," 27.36"," 28.72"," 28.72"," 28.72"," 28.72"," 28.72"," 28.72"," 46884"," 13.47"," 128"," -"," -"
TCL," SM"," 01-Jan-2026"," 100.10"," 102.75"," 102.75"," 100.55"," 100.55"," 100.55"," 101.47"," 2400"," 2.44"," 3"," 1600"," 66.67"
TCPLPACK," EQ"," 01-Jan-2026"," 3009.50"," 3015.90"," 3059.00"," 3002.10"," 3040.10"," 3041.40"," 3025.17"," 650"," 19.66"," 291"," 399"," 61.38"
TCS," EQ"," 01-Jan-2026"," 3206.20"," 3215.00"," 3234.10"," 3198.20"," 3225.00"," 3227.40"," 3219.97"," 1255735"," 40434.25"," 56642"," 497590"," 39.63"
TDPOWERSYS," EQ"," 01-Jan-2026"," 702.05"," 701.40"," 705.20"," 667.55"," 675.00"," 673.75"," 677.73"," 1040556"," 7052.20"," 30449"," 612768"," 58.89"
TEAMGTY," EQ"," 01-Jan-2026"," 290.35"," 292.50"," 300.90"," 285.00"," 299.90"," 292.65"," 296.94"," 907"," 2.69"," 115"," 559"," 61.63"
TEAMLEASE," EQ"," 01-Jan-2026"," 1557.10"," 1565.50"," 1577.90"," 1557.70"," 1565.00"," 1565.30"," 1569.21"," 10028"," 157.36"," 1275"," 4460"," 44.48"
TECH," EQ"," 01-Jan-2026"," 40.83"," 40.92"," 41.20"," 40.70"," 40.96"," 41.02"," 40.94"," 23356"," 9.56"," 169"," 22621"," 96.85"
TECHD," ST"," 01-Jan-2026"," 626.95"," 621.00"," 629.00"," 620.00"," 621.10"," 621.10"," 622.16"," 21000"," 130.65"," 32"," 20400"," 97.14"
TECHERA," ST"," 01-Jan-2026"," 219.75"," 215.00"," 215.75"," 209.00"," 211.60"," 212.40"," 211.72"," 51200"," 108.40"," 59"," 36800"," 71.88"
TECHLABS," SM"," 01-Jan-2026"," 331.95"," 333.60"," 344.45"," 323.05"," 328.00"," 326.20"," 331.28"," 6750"," 22.36"," 43"," 4625"," 68.52"
TECHM," EQ"," 01-Jan-2026"," 1590.90"," 1591.00"," 1613.50"," 1587.20"," 1607.00"," 1607.70"," 1603.99"," 565878"," 9076.64"," 25823"," 170647"," 30.16"
TECHNOE," EQ"," 01-Jan-2026"," 1082.10"," 1082.20"," 1087.80"," 1061.00"," 1063.60"," 1064.40"," 1071.40"," 91887"," 984.48"," 12096"," 52837"," 57.50"
TECILCHEM," EQ"," 01-Jan-2026"," 20.40"," 20.40"," 20.40"," 18.36"," 20.15"," 20.00"," 19.24"," 5148"," 0.99"," 42"," 3153"," 61.25"
TEGA," EQ"," 01-Jan-2026"," 1950.70"," 1953.00"," 1965.00"," 1930.00"," 1963.00"," 1949.80"," 1950.47"," 116577"," 2273.80"," 3953"," 99498"," 85.35"
TEJASCARGO," SM"," 01-Jan-2026"," 298.00"," 300.00"," 300.00"," 300.00"," 300.00"," 300.00"," 300.00"," 400"," 1.20"," 1"," 400"," 100.00"
TEJASNET," EQ"," 01-Jan-2026"," 449.65"," 452.60"," 453.25"," 450.00"," 451.05"," 452.10"," 451.65"," 305992"," 1382.01"," 9043"," 130968"," 42.80"
TEMBO," EQ"," 01-Jan-2026"," 609.30"," 578.85"," 578.85"," 578.85"," 578.85"," 578.85"," 578.85"," 29755"," 172.24"," 451"," 29755"," 100.00"
TENNIND," EQ"," 01-Jan-2026"," 507.90"," 508.30"," 523.95"," 503.30"," 505.50"," 505.00"," 512.89"," 1991982"," 10216.73"," 53300"," 529059"," 26.56"
TERASOFT," BE"," 01-Jan-2026"," 399.40"," 398.70"," 404.95"," 391.85"," 400.00"," 398.95"," 398.14"," 8835"," 35.18"," 217"," -"," -"
TEXINFRA," EQ"," 01-Jan-2026"," 100.12"," 100.36"," 100.45"," 99.66"," 99.66"," 99.84"," 99.94"," 21176"," 21.16"," 421"," 12775"," 60.33"
TEXMOPIPES," EQ"," 01-Jan-2026"," 49.04"," 49.93"," 49.93"," 48.20"," 48.75"," 48.86"," 48.92"," 25287"," 12.37"," 366"," 11559"," 45.71"
TEXRAIL," EQ"," 01-Jan-2026"," 137.32"," 138.00"," 138.67"," 135.99"," 136.60"," 136.65"," 136.89"," 882723"," 1208.35"," 10269"," 281427"," 31.88"
TFCILTD," EQ"," 01-Jan-2026"," 65.18"," 65.01"," 69.70"," 64.76"," 69.61"," 69.05"," 67.34"," 10089146"," 6794.26"," 22779"," 3855100"," 38.21"
TFL," EQ"," 01-Jan-2026"," 15.82"," 15.83"," 16.56"," 15.22"," 15.25"," 15.38"," 15.69"," 70649"," 11.08"," 384"," 42027"," 59.49"
TGBHOTELS," EQ"," 01-Jan-2026"," 9.57"," 9.40"," 9.99"," 9.40"," 9.70"," 9.74"," 9.79"," 5415"," 0.53"," 74"," 3904"," 72.10"
TGL," ST"," 01-Jan-2026"," 75.15"," 73.65"," 76.65"," 73.65"," 76.65"," 76.65"," 74.79"," 65200"," 48.76"," 190"," 62200"," 95.40"
THANGAMAYL," EQ"," 01-Jan-2026"," 3222.10"," 3221.50"," 3286.30"," 3192.00"," 3223.00"," 3259.60"," 3253.30"," 51648"," 1680.26"," 8704"," 25342"," 49.07"
THEINVEST," EQ"," 01-Jan-2026"," 118.69"," 121.49"," 121.79"," 116.00"," 117.00"," 117.01"," 118.65"," 4731"," 5.61"," 158"," 3257"," 68.84"
THEJO," EQ"," 01-Jan-2026"," 1744.60"," 1750.10"," 1768.90"," 1720.00"," 1720.00"," 1729.50"," 1740.08"," 4388"," 76.35"," 425"," 3602"," 82.09"
THELEELA," EQ"," 01-Jan-2026"," 433.55"," 433.30"," 435.40"," 430.85"," 435.30"," 434.65"," 434.16"," 32712"," 142.02"," 1962"," 19751"," 60.38"
THEMISMED," EQ"," 01-Jan-2026"," 100.60"," 101.91"," 101.95"," 99.25"," 99.51"," 99.83"," 100.18"," 23770"," 23.81"," 665"," 11355"," 47.77"
THERMAX," EQ"," 01-Jan-2026"," 3022.60"," 3023.10"," 3080.00"," 3003.60"," 3066.00"," 3063.40"," 3053.29"," 73271"," 2237.18"," 7507"," 38087"," 51.98"
THESL," SM"," 01-Jan-2026"," 26.10"," 26.20"," 27.40"," 26.00"," 27.00"," 27.30"," 27.04"," 66000"," 17.84"," 22"," 6000"," 9.09"
THOMASCOOK," EQ"," 01-Jan-2026"," 148.73"," 150.00"," 150.50"," 147.73"," 147.80"," 148.55"," 149.03"," 342228"," 510.04"," 5304"," 117544"," 34.35"
THOMASCOTT," EQ"," 01-Jan-2026"," 321.10"," 321.00"," 359.75"," 321.00"," 353.10"," 351.30"," 346.24"," 77775"," 269.29"," 4924"," 26719"," 34.35"
THYROCARE," EQ"," 01-Jan-2026"," 445.70"," 445.00"," 451.65"," 439.00"," 448.00"," 446.70"," 447.22"," 255872"," 1144.31"," 8261"," 125561"," 49.07"
TI," EQ"," 01-Jan-2026"," 457.45"," 457.20"," 457.50"," 450.15"," 453.80"," 454.80"," 453.67"," 367679"," 1668.06"," 10243"," 176169"," 47.91"
TICL," BE"," 01-Jan-2026"," 23.22"," 23.16"," 24.29"," 22.71"," 23.95"," 24.22"," 23.75"," 57616"," 13.68"," 125"," -"," -"
TIGERLOGS," EQ"," 01-Jan-2026"," 35.55"," 35.95"," 36.50"," 35.70"," 36.44"," 36.38"," 36.28"," 37239"," 13.51"," 645"," 21558"," 57.89"
TIIL," EQ"," 01-Jan-2026"," 2251.50"," 2266.90"," 2269.00"," 2230.00"," 2250.00"," 2254.20"," 2251.01"," 3825"," 86.10"," 987"," 2058"," 53.80"
TIINDIA," EQ"," 01-Jan-2026"," 2614.10"," 2614.10"," 2645.90"," 2603.30"," 2628.00"," 2622.90"," 2622.67"," 152873"," 4009.35"," 12961"," 87875"," 57.48"
TIJARIA," EQ"," 01-Jan-2026"," 4.42"," 4.68"," 4.68"," 4.11"," 4.45"," 4.35"," 4.37"," 141093"," 6.16"," 315"," 94999"," 67.33"
TIL," EQ"," 01-Jan-2026"," 271.25"," 270.00"," 275.20"," 268.80"," 271.00"," 271.40"," 271.98"," 3175"," 8.64"," 157"," 1873"," 58.99"
TIMESCAN," SM"," 01-Jan-2026"," 50.35"," 47.85"," 48.60"," 47.85"," 48.60"," 48.60"," 48.41"," 8000"," 3.87"," 4"," 8000"," 100.00"
TIMETECHNO," EQ"," 01-Jan-2026"," 188.01"," 189.28"," 190.25"," 186.34"," 188.25"," 188.42"," 188.57"," 1316516"," 2482.56"," 11996"," 209896"," 15.94"
TIMKEN," EQ"," 01-Jan-2026"," 3003.10"," 2985.00"," 3056.00"," 2985.00"," 3036.00"," 3041.20"," 3029.28"," 11204"," 339.40"," 2376"," 6470"," 57.75"
TINNARUBR," EQ"," 01-Jan-2026"," 785.50"," 783.00"," 787.40"," 772.75"," 780.00"," 779.35"," 776.57"," 14020"," 108.88"," 1566"," 8936"," 63.74"
TIPSFILMS," EQ"," 01-Jan-2026"," 422.35"," 423.95"," 436.15"," 423.95"," 428.80"," 428.30"," 428.33"," 1935"," 8.29"," 235"," 1070"," 55.30"
TIPSMUSIC," EQ"," 01-Jan-2026"," 552.25"," 557.80"," 558.75"," 539.00"," 541.30"," 544.50"," 546.84"," 64309"," 351.67"," 4436"," 22908"," 35.62"
TIRUMALCHM," EQ"," 01-Jan-2026"," 236.01"," 236.00"," 236.98"," 232.80"," 234.00"," 233.94"," 234.50"," 36245"," 85.00"," 970"," 16157"," 44.58"
TIRUPATI," ST"," 01-Jan-2026"," 680.00"," 714.00"," 714.00"," 714.00"," 714.00"," 714.00"," 714.00"," 6875"," 49.09"," 55"," 6875"," 100.00"
TIRUPATIFL," EQ"," 01-Jan-2026"," 33.94"," 34.00"," 35.20"," 34.00"," 35.00"," 34.66"," 34.68"," 381546"," 132.31"," 1432"," 241064"," 63.18"
TITAGARH," EQ"," 01-Jan-2026"," 891.95"," 894.75"," 902.30"," 880.10"," 883.00"," 881.75"," 887.19"," 582098"," 5164.30"," 17501"," 184656"," 31.72"
TITAN," EQ"," 01-Jan-2026"," 4051.50"," 4063.70"," 4068.00"," 4035.70"," 4049.40"," 4049.30"," 4052.33"," 444679"," 18019.84"," 46443"," 227247"," 51.10"
TMB," EQ"," 01-Jan-2026"," 513.80"," 513.80"," 522.50"," 508.05"," 522.00"," 518.40"," 515.26"," 131687"," 678.53"," 6999"," 59642"," 45.29"
TMCV," EQ"," 01-Jan-2026"," 415.50"," 419.20"," 430.00"," 417.55"," 426.45"," 427.75"," 425.64"," 10096081"," 42972.92"," 158871"," 4707561"," 46.63"
TMPV," EQ"," 01-Jan-2026"," 367.35"," 368.85"," 371.00"," 365.55"," 368.55"," 367.55"," 367.93"," 7214281"," 26543.34"," 71670"," 2730487"," 37.85"
TNIDETF," EQ"," 01-Jan-2026"," 98.02"," 98.51"," 99.00"," 98.25"," 99.00"," 98.87"," 98.83"," 103258"," 102.05"," 439"," 99917"," 96.76"
TNPETRO," EQ"," 01-Jan-2026"," 105.65"," 105.23"," 106.21"," 104.76"," 104.76"," 105.14"," 105.44"," 67454"," 71.12"," 1427"," 43136"," 63.95"
TNPL," EQ"," 01-Jan-2026"," 143.57"," 143.60"," 144.69"," 142.21"," 142.35"," 142.73"," 143.31"," 36881"," 52.86"," 678"," 27191"," 73.73"
TNTELE," EQ"," 01-Jan-2026"," 10.02"," 10.40"," 10.40"," 9.94"," 10.20"," 10.12"," 10.07"," 5576"," 0.56"," 100"," 4427"," 79.39"
TOKYOPLAST," EQ"," 01-Jan-2026"," 110.25"," 110.25"," 113.48"," 110.25"," 111.00"," 111.00"," 111.21"," 639"," 0.71"," 16"," 619"," 96.87"
TOLINS," EQ"," 01-Jan-2026"," 133.79"," 133.40"," 134.89"," 132.44"," 133.02"," 133.76"," 133.93"," 59272"," 79.39"," 1373"," 31920"," 53.85"
TOP100CASE," EQ"," 01-Jan-2026"," 11.12"," 11.45"," 11.45"," 11.13"," 11.17"," 11.15"," 11.16"," 558324"," 62.29"," 1778"," 456078"," 81.69"
TOP10ADD," EQ"," 01-Jan-2026"," 101.97"," 99.42"," 101.98"," 99.42"," 101.01"," 101.27"," 101.35"," 26982"," 27.35"," 445"," 18281"," 67.75"
TOP15IETF," EQ"," 01-Jan-2026"," 11.10"," 11.12"," 11.13"," 11.03"," 11.05"," 11.03"," 11.05"," 75789"," 8.38"," 198"," 64888"," 85.62"
TOP20," EQ"," 01-Jan-2026"," 9.69"," 9.69"," 9.70"," 9.66"," 9.69"," 9.66"," 9.68"," 54899"," 5.31"," 92"," 16938"," 30.85"
TORNTPHARM," EQ"," 01-Jan-2026"," 3850.00"," 3860.00"," 3863.50"," 3815.10"," 3840.00"," 3848.40"," 3841.61"," 39767"," 1527.69"," 7176"," 18587"," 46.74"
TORNTPOWER," EQ"," 01-Jan-2026"," 1306.70"," 1301.50"," 1330.00"," 1297.90"," 1327.80"," 1327.00"," 1319.69"," 214183"," 2826.56"," 11800"," 98072"," 45.79"
TOTAL," EQ"," 01-Jan-2026"," 79.07"," 79.00"," 80.98"," 76.11"," 78.40"," 77.46"," 78.38"," 7587"," 5.95"," 290"," 3277"," 43.19"
TOUCHWOOD," EQ"," 01-Jan-2026"," 103.27"," 103.27"," 109.99"," 103.27"," 104.02"," 105.98"," 105.97"," 8283"," 8.78"," 65"," 6656"," 80.36"
TPHQ," EQ"," 01-Jan-2026"," 0.63"," 0.62"," 0.65"," 0.60"," 0.63"," 0.61"," 0.62"," 10490230"," 64.91"," 1358"," 3312037"," 31.57"
TPLPLASTEH," EQ"," 01-Jan-2026"," 67.56"," 68.50"," 68.50"," 65.88"," 66.50"," 66.27"," 66.99"," 74463"," 49.88"," 752"," 25603"," 34.38"
TRACXN," EQ"," 01-Jan-2026"," 40.04"," 40.15"," 40.39"," 39.50"," 39.82"," 39.95"," 39.87"," 125795"," 50.16"," 1551"," 75828"," 60.28"
TRANSRAILL," EQ"," 01-Jan-2026"," 557.05"," 560.80"," 564.50"," 551.75"," 559.30"," 557.35"," 557.68"," 307011"," 1712.14"," 11823"," 128798"," 41.95"
TRANSTEEL," SM"," 01-Jan-2026"," 148.60"," 149.30"," 149.30"," 146.00"," 148.00"," 147.85"," 147.42"," 13000"," 19.16"," 10"," 10000"," 76.92"
TRANSWIND," ST"," 01-Jan-2026"," 24.30"," 25.50"," 25.50"," 25.50"," 25.50"," 25.50"," 25.50"," 12000"," 3.06"," 3"," 12000"," 100.00"
TRANSWORLD," EQ"," 01-Jan-2026"," 198.08"," 200.00"," 202.79"," 198.10"," 198.30"," 198.57"," 199.80"," 6286"," 12.56"," 309"," 3776"," 60.07"
TRAVELFOOD," EQ"," 01-Jan-2026"," 1172.50"," 1172.00"," 1172.40"," 1155.00"," 1155.00"," 1158.80"," 1162.57"," 8017"," 93.20"," 1086"," 4737"," 59.09"
TREEHOUSE," EQ"," 01-Jan-2026"," 7.79"," 7.95"," 8.09"," 7.65"," 7.98"," 7.95"," 7.97"," 31979"," 2.55"," 195"," 22377"," 69.97"
TREJHARA," BE"," 01-Jan-2026"," 230.20"," 226.35"," 238.80"," 226.35"," 227.00"," 227.44"," 228.03"," 9006"," 20.54"," 101"," -"," -"
TREL," EQ"," 01-Jan-2026"," 28.81"," 28.61"," 29.13"," 28.19"," 28.21"," 28.33"," 28.52"," 38111"," 10.87"," 461"," 24136"," 63.33"
TRENT," EQ"," 01-Jan-2026"," 4279.00"," 4279.00"," 4308.00"," 4255.80"," 4295.00"," 4297.40"," 4285.28"," 374599"," 16052.63"," 26012"," 183574"," 49.01"
TRF," EQ"," 01-Jan-2026"," 297.95"," 298.15"," 302.95"," 296.05"," 299.45"," 300.25"," 299.56"," 5793"," 17.35"," 326"," 2818"," 48.64"
TRIDENT," EQ"," 01-Jan-2026"," 26.73"," 26.75"," 26.95"," 26.70"," 26.83"," 26.83"," 26.82"," 1834943"," 492.21"," 8943"," 863445"," 47.06"
TRIDHYA," SM"," 01-Jan-2026"," 15.10"," 15.10"," 15.10"," 15.10"," 15.10"," 15.10"," 15.10"," 3000"," 0.45"," 1"," 3000"," 100.00"
TRIGYN," EQ"," 01-Jan-2026"," 66.93"," 67.98"," 67.98"," 66.31"," 66.80"," 66.81"," 67.14"," 16209"," 10.88"," 224"," 8817"," 54.40"
TRITURBINE," EQ"," 01-Jan-2026"," 538.25"," 538.30"," 544.90"," 531.00"," 537.00"," 537.30"," 536.21"," 103750"," 556.32"," 6714"," 47872"," 46.14"
TRIVENI," EQ"," 01-Jan-2026"," 390.30"," 392.40"," 396.65"," 380.10"," 382.45"," 381.85"," 386.68"," 312424"," 1208.07"," 8981"," 188932"," 60.47"
TROM," SM"," 01-Jan-2026"," 74.00"," 74.35"," 74.35"," 72.50"," 72.50"," 72.50"," 72.98"," 2400"," 1.75"," 4"," 1800"," 75.00"
TRU," EQ"," 01-Jan-2026"," 7.61"," 7.58"," 7.99"," 7.58"," 7.99"," 7.99"," 7.88"," 141114"," 11.11"," 608"," 104819"," 74.28"
TRUALT," EQ"," 01-Jan-2026"," 403.85"," 406.75"," 406.75"," 398.00"," 399.95"," 400.30"," 400.88"," 54005"," 216.49"," 1795"," 33838"," 62.66"
TRUST," ST"," 01-Jan-2026"," 48.35"," 47.50"," 48.10"," 47.50"," 48.10"," 48.10"," 47.90"," 6600"," 3.16"," 11"," 6000"," 90.91"
TSC," SM"," 01-Jan-2026"," 45.50"," 49.00"," 49.00"," 49.00"," 49.00"," 49.00"," 49.00"," 4000"," 1.96"," 1"," 4000"," 100.00"
TSFINV," EQ"," 01-Jan-2026"," 462.40"," 458.30"," 462.95"," 447.55"," 454.00"," 449.00"," 452.23"," 38123"," 172.40"," 3314"," 20730"," 54.38"
TTKHLTCARE," EQ"," 01-Jan-2026"," 1038.80"," 1041.40"," 1054.50"," 1025.00"," 1034.00"," 1026.80"," 1032.03"," 2582"," 26.65"," 724"," 1702"," 65.92"
TTKPRESTIG," EQ"," 01-Jan-2026"," 616.95"," 615.00"," 620.95"," 612.00"," 615.00"," 615.10"," 615.23"," 9312"," 57.29"," 1294"," 5535"," 59.44"
TTL," EQ"," 01-Jan-2026"," 8.25"," 8.30"," 8.51"," 8.26"," 8.50"," 8.43"," 8.40"," 109371"," 9.18"," 376"," 84841"," 77.57"
TTML," EQ"," 01-Jan-2026"," 49.57"," 49.57"," 49.92"," 49.40"," 49.49"," 49.56"," 49.59"," 1394039"," 691.25"," 6967"," 450128"," 32.29"
TUNWAL," SM"," 01-Jan-2026"," 36.45"," 36.70"," 38.75"," 36.60"," 38.15"," 38.10"," 38.13"," 234000"," 89.23"," 99"," 142000"," 60.68"
TVSELECT," BE"," 01-Jan-2026"," 428.50"," 437.05"," 437.05"," 437.05"," 437.05"," 437.05"," 437.05"," 2500"," 10.93"," 68"," -"," -"
TVSHLTD," EQ"," 01-Jan-2026"," 13780.00"," 13880.00"," 13965.00"," 13671.00"," 13863.00"," 13921.00"," 13873.50"," 1475"," 204.63"," 933"," 663"," 44.95"
TVSMOTOR," EQ"," 01-Jan-2026"," 3719.80"," 3737.00"," 3799.90"," 3722.40"," 3794.40"," 3794.40"," 3772.06"," 611579"," 23069.11"," 49417"," 178199"," 29.14"
TVSSCS," EQ"," 01-Jan-2026"," 111.72"," 111.10"," 115.85"," 111.10"," 114.30"," 114.22"," 114.44"," 965070"," 1104.39"," 11030"," 353074"," 36.59"
TVSSRICHAK," EQ"," 01-Jan-2026"," 4207.30"," 4229.80"," 4395.00"," 4209.60"," 4272.00"," 4336.60"," 4295.11"," 8430"," 362.08"," 1579"," 3763"," 44.64"
TVTODAY," EQ"," 01-Jan-2026"," 141.36"," 139.05"," 145.06"," 139.05"," 141.19"," 141.38"," 142.13"," 47138"," 67.00"," 1035"," 24459"," 51.89"
TVVISION," BE"," 01-Jan-2026"," 8.70"," 8.35"," 8.39"," 8.27"," 8.27"," 8.27"," 8.29"," 105610"," 8.75"," 142"," -"," -"
UBL," EQ"," 01-Jan-2026"," 1621.70"," 1629.70"," 1629.70"," 1600.00"," 1609.80"," 1608.10"," 1612.10"," 38178"," 615.47"," 5007"," 12847"," 33.65"
UCAL," EQ"," 01-Jan-2026"," 110.41"," 111.40"," 112.40"," 108.00"," 109.19"," 108.95"," 109.72"," 8447"," 9.27"," 217"," 6072"," 71.88"
UCOBANK," EQ"," 01-Jan-2026"," 29.45"," 29.65"," 29.93"," 29.40"," 29.48"," 29.53"," 29.61"," 5479869"," 1622.54"," 12971"," 1715516"," 31.31"
UDS," EQ"," 01-Jan-2026"," 194.26"," 196.00"," 197.00"," 192.80"," 192.80"," 193.51"," 194.76"," 81209"," 158.16"," 1877"," 35087"," 43.21"
UFBL," EQ"," 01-Jan-2026"," 211.56"," 210.01"," 218.00"," 210.01"," 217.41"," 216.92"," 215.53"," 125943"," 271.45"," 3823"," 66724"," 52.98"
UFLEX," EQ"," 01-Jan-2026"," 501.80"," 499.00"," 503.95"," 497.00"," 500.00"," 498.55"," 498.61"," 7871"," 39.25"," 530"," 5022"," 63.80"
UFO," EQ"," 01-Jan-2026"," 82.83"," 82.37"," 84.30"," 82.15"," 82.35"," 83.40"," 83.21"," 74401"," 61.91"," 2292"," 34954"," 46.98"
UGARSUGAR," EQ"," 01-Jan-2026"," 43.01"," 42.55"," 43.13"," 41.82"," 41.87"," 41.93"," 42.25"," 102753"," 43.41"," 1433"," 65009"," 63.27"
UGROCAP," EQ"," 01-Jan-2026"," 174.93"," 174.30"," 183.75"," 174.30"," 180.75"," 182.43"," 179.56"," 246891"," 443.32"," 5353"," 150721"," 61.05"
UHTL," SM"," 01-Jan-2026"," 59.00"," 60.00"," 60.00"," 56.10"," 56.50"," 56.50"," 57.29"," 40000"," 22.91"," 19"," 36000"," 90.00"
UJJIVANSFB," EQ"," 01-Jan-2026"," 52.99"," 53.00"," 53.50"," 52.35"," 53.41"," 53.40"," 53.10"," 3921599"," 2082.34"," 15651"," 1801448"," 45.94"
ULTRACEMCO," EQ"," 01-Jan-2026"," 11784.00"," 11792.00"," 11915.00"," 11784.00"," 11903.00"," 11901.00"," 11871.62"," 71887"," 8534.15"," 15050"," 28486"," 39.63"
UMA," SM"," 01-Jan-2026"," 19.90"," 20.00"," 20.00"," 20.00"," 20.00"," 20.00"," 20.00"," 16000"," 3.20"," 2"," 16000"," 100.00"
UMAEXPORTS," EQ"," 01-Jan-2026"," 38.75"," 39.00"," 39.60"," 39.00"," 39.60"," 39.11"," 39.17"," 12006"," 4.70"," 239"," 5614"," 46.76"
UMESLTD," EQ"," 01-Jan-2026"," 5.03"," 5.05"," 5.13"," 4.92"," 5.04"," 4.96"," 4.98"," 9695"," 0.48"," 90"," 7429"," 76.63"
UMIYA-MRO," EQ"," 01-Jan-2026"," 86.59"," 88.70"," 88.70"," 86.15"," 88.00"," 87.59"," 86.70"," 7576"," 6.57"," 153"," 5325"," 70.29"
UNICHEMLAB," EQ"," 01-Jan-2026"," 441.85"," 440.10"," 445.95"," 437.80"," 438.35"," 439.90"," 441.37"," 3337"," 14.73"," 368"," 2128"," 63.77"
UNIDT," EQ"," 01-Jan-2026"," 203.14"," 203.15"," 204.03"," 199.94"," 201.99"," 200.74"," 201.58"," 4345"," 8.76"," 202"," 2660"," 61.22"
UNIECOM," EQ"," 01-Jan-2026"," 119.85"," 120.10"," 120.80"," 118.43"," 119.10"," 118.97"," 119.04"," 95948"," 114.22"," 1567"," 59217"," 61.72"
UNIENTER," EQ"," 01-Jan-2026"," 143.63"," 144.60"," 151.99"," 142.00"," 151.00"," 149.90"," 147.90"," 15293"," 22.62"," 176"," 11922"," 77.96"
UNIHEALTH," ST"," 01-Jan-2026"," 299.10"," 293.00"," 314.00"," 293.00"," 307.00"," 307.00"," 308.12"," 41000"," 126.33"," 33"," 37000"," 90.24"
UNIINFO," EQ"," 01-Jan-2026"," 15.69"," 16.80"," 16.80"," 15.25"," 15.80"," 15.80"," 15.77"," 1652"," 0.26"," 29"," 1487"," 90.01"
UNILEX," SM"," 01-Jan-2026"," 35.00"," 36.45"," 37.90"," 36.45"," 37.00"," 37.00"," 36.97"," 8000"," 2.96"," 5"," 6400"," 80.00"
UNIMECH," EQ"," 01-Jan-2026"," 908.10"," 915.90"," 917.00"," 907.05"," 913.50"," 913.40"," 912.59"," 23044"," 210.30"," 2536"," 10907"," 47.33"
UNIONBANK," EQ"," 01-Jan-2026"," 153.76"," 154.20"," 154.99"," 152.70"," 153.70"," 153.58"," 153.63"," 5815300"," 8933.90"," 21879"," 1991154"," 34.24"
UNIONGOLD," EQ"," 01-Jan-2026"," 130.95"," 132.00"," 132.35"," 130.35"," 131.15"," 131.05"," 131.03"," 4498"," 5.89"," 135"," 3932"," 87.42"
UNIPARTS," EQ"," 01-Jan-2026"," 484.55"," 486.00"," 486.00"," 478.05"," 483.00"," 481.45"," 481.42"," 17235"," 82.97"," 1077"," 9749"," 56.57"
UNITDSPR," EQ"," 01-Jan-2026"," 1443.70"," 1447.50"," 1451.50"," 1390.00"," 1405.50"," 1404.20"," 1406.37"," 1020153"," 14347.17"," 32505"," 512267"," 50.21"
UNITECH," EQ"," 01-Jan-2026"," 5.72"," 5.85"," 6.23"," 5.76"," 6.05"," 6.05"," 6.03"," 10889956"," 656.93"," 4899"," 5860650"," 53.82"
UNITEDPOLY," BE"," 01-Jan-2026"," 25.30"," 25.99"," 26.56"," 25.00"," 26.56"," 26.56"," 26.13"," 31157"," 8.14"," 136"," -"," -"
UNITEDTEA," EQ"," 01-Jan-2026"," 458.00"," 471.90"," 471.90"," 456.00"," 461.00"," 460.50"," 458.71"," 1040"," 4.77"," 86"," 836"," 80.38"
UNIVASTU," EQ"," 01-Jan-2026"," 69.00"," 70.50"," 70.50"," 67.21"," 69.30"," 68.68"," 68.28"," 9729"," 6.64"," 246"," 6818"," 70.08"
UNIVCABLES," EQ"," 01-Jan-2026"," 888.50"," 889.90"," 969.00"," 889.90"," 958.00"," 957.90"," 944.32"," 375378"," 3544.78"," 27949"," 74895"," 19.95"
UNIVPHOTO," EQ"," 01-Jan-2026"," 223.90"," 223.90"," 225.20"," 220.20"," 225.14"," 221.77"," 221.68"," 2813"," 6.24"," 155"," 2444"," 86.88"
UNOMINDA," EQ"," 01-Jan-2026"," 1285.80"," 1283.10"," 1296.80"," 1275.90"," 1287.00"," 1286.70"," 1289.07"," 304706"," 3927.88"," 8521"," 178801"," 58.68"
UPL," EQ"," 01-Jan-2026"," 795.15"," 797.30"," 806.50"," 786.10"," 806.40"," 805.35"," 797.04"," 2644289"," 21076.05"," 53577"," 1400081"," 52.95"
URAVIDEF," EQ"," 01-Jan-2026"," 187.66"," 188.59"," 188.59"," 180.43"," 180.70"," 180.93"," 183.20"," 3670"," 6.72"," 277"," 2777"," 75.67"
URBAN," SM"," 01-Jan-2026"," 151.40"," 148.10"," 150.00"," 148.10"," 149.10"," 149.10"," 148.90"," 8000"," 11.91"," 9"," 7200"," 90.00"
URBANCO," EQ"," 01-Jan-2026"," 133.55"," 133.85"," 135.50"," 130.84"," 131.29"," 131.35"," 132.91"," 2493220"," 3313.72"," 18094"," 700867"," 28.11"
URJA," EQ"," 01-Jan-2026"," 11.25"," 11.27"," 11.31"," 11.11"," 11.28"," 11.25"," 11.21"," 732910"," 82.17"," 2557"," 278146"," 37.95"
USASEEDS," SM"," 01-Jan-2026"," 159.00"," 151.05"," 151.05"," 151.05"," 151.05"," 151.05"," 151.05"," 856"," 1.29"," 2"," 856"," 100.00"
USHAFIN," SM"," 01-Jan-2026"," 40.00"," 39.00"," 44.00"," 39.00"," 42.05"," 42.05"," 42.63"," 22400"," 9.55"," 12"," 17600"," 78.57"
USHAMART," EQ"," 01-Jan-2026"," 454.00"," 454.05"," 456.70"," 441.75"," 444.75"," 443.90"," 446.24"," 273176"," 1219.01"," 9132"," 118692"," 43.45"
USK," EQ"," 01-Jan-2026"," 23.40"," 23.50"," 24.40"," 23.00"," 23.77"," 23.55"," 23.72"," 12473"," 2.96"," 194"," 6323"," 50.69"
UTIAMC," EQ"," 01-Jan-2026"," 1129.50"," 1129.60"," 1138.00"," 1110.00"," 1122.50"," 1115.30"," 1118.83"," 55710"," 623.30"," 7874"," 20862"," 37.45"
UTKARSHBNK," EQ"," 01-Jan-2026"," 14.82"," 14.86"," 14.87"," 14.69"," 14.80"," 14.74"," 14.77"," 2877430"," 424.88"," 5470"," 1464309"," 50.89"
UTLSOLAR," EQ"," 01-Jan-2026"," 222.43"," 223.00"," 224.99"," 219.15"," 223.15"," 223.41"," 222.33"," 524269"," 1165.59"," 7990"," 292482"," 55.79"
UTSSAV," SM"," 01-Jan-2026"," 221.10"," 223.90"," 223.95"," 220.80"," 222.90"," 222.90"," 221.96"," 7200"," 15.98"," 12"," 5400"," 75.00"
UTTAMSUGAR," EQ"," 01-Jan-2026"," 254.60"," 255.00"," 256.60"," 250.45"," 250.70"," 251.30"," 252.25"," 96049"," 242.29"," 2919"," 19220"," 20.01"
UYFINCORP," BE"," 01-Jan-2026"," 14.35"," 14.35"," 14.50"," 13.95"," 14.29"," 14.07"," 14.07"," 18251"," 2.57"," 109"," -"," -"
V2RETAIL," EQ"," 01-Jan-2026"," 2447.80"," 2447.80"," 2492.40"," 2428.00"," 2450.00"," 2449.70"," 2455.95"," 62078"," 1524.61"," 8060"," 33118"," 53.35"
VADILALIND," EQ"," 01-Jan-2026"," 4934.00"," 4987.00"," 4987.00"," 4898.00"," 4924.20"," 4916.10"," 4918.38"," 5502"," 270.61"," 1050"," 3672"," 66.74"
VAIBHAVGBL," EQ"," 01-Jan-2026"," 233.67"," 233.69"," 240.90"," 233.68"," 239.90"," 239.83"," 237.94"," 169110"," 402.38"," 4003"," 88771"," 52.49"
VAISHALI," EQ"," 01-Jan-2026"," 8.62"," 8.83"," 9.05"," 8.05"," 8.65"," 8.54"," 8.51"," 253434"," 21.57"," 1121"," 106592"," 42.06"
VAKRANGEE," EQ"," 01-Jan-2026"," 7.84"," 7.87"," 8.04"," 7.85"," 7.92"," 7.95"," 7.96"," 2225030"," 177.16"," 2471"," 1385679"," 62.28"
VAL30IETF," EQ"," 01-Jan-2026"," 15.12"," 15.67"," 15.67"," 14.79"," 15.07"," 15.04"," 15.03"," 678806"," 102.06"," 3061"," 392205"," 57.78"
VALIANTLAB," EQ"," 01-Jan-2026"," 70.00"," 70.35"," 74.40"," 68.00"," 68.60"," 68.78"," 70.88"," 48866"," 34.64"," 2306"," 21877"," 44.77"
VALIANTORG," EQ"," 01-Jan-2026"," 273.50"," 277.30"," 277.30"," 269.40"," 271.50"," 271.15"," 272.35"," 16773"," 45.68"," 679"," 10979"," 65.46"
VARDHACRLC," EQ"," 01-Jan-2026"," 40.16"," 40.49"," 40.49"," 38.60"," 40.39"," 39.62"," 39.53"," 23532"," 9.30"," 312"," 13360"," 56.77"
VARDMNPOLY," EQ"," 01-Jan-2026"," 6.29"," 6.39"," 6.39"," 6.12"," 6.28"," 6.26"," 6.24"," 144212"," 9.00"," 512"," 99040"," 68.68"
VARROC," EQ"," 01-Jan-2026"," 590.60"," 590.60"," 610.00"," 589.65"," 606.00"," 607.35"," 601.76"," 132748"," 798.82"," 9760"," 39369"," 29.66"
VASCONEQ," EQ"," 01-Jan-2026"," 45.29"," 45.62"," 45.75"," 45.15"," 45.40"," 45.33"," 45.47"," 332847"," 151.35"," 2145"," 138901"," 41.73"
VASWANI," EQ"," 01-Jan-2026"," 62.79"," 63.70"," 64.49"," 59.65"," 60.10"," 60.23"," 62.41"," 331438"," 206.85"," 2933"," 88417"," 26.68"
VBL," EQ"," 01-Jan-2026"," 489.85"," 490.05"," 493.40"," 487.05"," 491.00"," 491.75"," 490.91"," 1882033"," 9239.15"," 25500"," 809823"," 43.03"
VCL," BE"," 01-Jan-2026"," 2.05"," 2.05"," 2.15"," 1.98"," 2.15"," 2.15"," 2.13"," 1301485"," 27.76"," 570"," -"," -"
VDEAL," SM"," 01-Jan-2026"," 205.05"," 205.05"," 206.00"," 205.00"," 206.00"," 205.50"," 205.60"," 3600"," 7.40"," 6"," 3000"," 83.33"
VEDL," EQ"," 01-Jan-2026"," 604.40"," 603.00"," 606.90"," 597.70"," 602.40"," 602.65"," 602.58"," 4250535"," 25612.78"," 57250"," 1362332"," 32.05"
VEEDOL," EQ"," 01-Jan-2026"," 1639.70"," 1639.70"," 1653.20"," 1625.00"," 1629.00"," 1630.30"," 1632.50"," 4492"," 73.33"," 1178"," 3131"," 69.70"
VEEKAYEM," SM"," 01-Jan-2026"," 145.00"," 144.55"," 150.00"," 139.10"," 150.00"," 146.70"," 144.78"," 7500"," 10.86"," 13"," 6000"," 80.00"
VENKEYS," EQ"," 01-Jan-2026"," 1517.70"," 1527.90"," 1592.00"," 1520.00"," 1568.00"," 1573.70"," 1566.68"," 144479"," 2263.53"," 12836"," 32609"," 22.57"
VENTIVE," EQ"," 01-Jan-2026"," 762.90"," 767.00"," 767.00"," 741.00"," 741.00"," 744.55"," 748.50"," 24839"," 185.92"," 1641"," 11872"," 47.80"
VENUSPIPES," EQ"," 01-Jan-2026"," 1160.40"," 1150.20"," 1169.00"," 1146.00"," 1168.00"," 1161.20"," 1155.37"," 11907"," 137.57"," 1661"," 6075"," 51.02"
VENUSREM," BE"," 01-Jan-2026"," 766.10"," 780.00"," 780.00"," 742.05"," 772.50"," 760.50"," 752.94"," 10618"," 79.95"," 349"," -"," -"
VERANDA," EQ"," 01-Jan-2026"," 188.13"," 186.21"," 205.00"," 186.21"," 204.00"," 202.52"," 198.79"," 407750"," 810.58"," 8312"," 174766"," 42.86"
VERTOZ," EQ"," 01-Jan-2026"," 71.29"," 71.29"," 71.70"," 70.15"," 70.15"," 70.39"," 71.02"," 168507"," 119.67"," 1214"," 22170"," 13.16"
VESUVIUS," EQ"," 01-Jan-2026"," 480.60"," 480.60"," 484.00"," 475.55"," 482.95"," 482.35"," 481.66"," 54904"," 264.45"," 1712"," 42144"," 76.76"
VETO," EQ"," 01-Jan-2026"," 114.70"," 115.88"," 115.88"," 111.65"," 112.99"," 112.24"," 113.47"," 13170"," 14.94"," 545"," 8212"," 62.35"
VGINFOTECH," SM"," 01-Jan-2026"," 152.20"," 153.20"," 153.90"," 151.85"," 151.85"," 151.85"," 153.02"," 9000"," 13.77"," 9"," 9000"," 100.00"
VGL," EQ"," 01-Jan-2026"," 144.77"," 146.90"," 147.35"," 143.00"," 143.00"," 143.12"," 144.85"," 16940"," 24.54"," 1148"," 4429"," 26.15"
VGUARD," EQ"," 01-Jan-2026"," 328.00"," 328.80"," 351.20"," 317.35"," 320.85"," 321.45"," 333.18"," 4146595"," 13815.76"," 81099"," 776941"," 18.74"
VHL," EQ"," 01-Jan-2026"," 3585.10"," 3585.10"," 3640.00"," 3585.10"," 3615.50"," 3605.20"," 3618.09"," 369"," 13.35"," 119"," 256"," 69.38"
VHLTD," BE"," 01-Jan-2026"," 139.65"," 139.00"," 139.00"," 132.70"," 137.45"," 135.57"," 133.97"," 21295"," 28.53"," 209"," -"," -"
VIAZ," SM"," 01-Jan-2026"," 67.75"," 67.70"," 67.70"," 67.70"," 67.70"," 67.70"," 67.70"," 2000"," 1.35"," 1"," 2000"," 100.00"
VIDHIING," EQ"," 01-Jan-2026"," 347.95"," 344.40"," 349.40"," 336.55"," 340.00"," 339.00"," 342.43"," 2405"," 8.24"," 322"," 1554"," 64.62"
VIDYAWIRES," EQ"," 01-Jan-2026"," 49.75"," 49.79"," 50.45"," 49.79"," 50.00"," 49.98"," 50.06"," 1402399"," 702.02"," 4533"," 450591"," 32.13"
VIESL," ST"," 01-Jan-2026"," 250.00"," 254.00"," 257.00"," 254.00"," 257.00"," 257.00"," 254.75"," 3200"," 8.15"," 4"," 3200"," 100.00"
VIGOR," SM"," 01-Jan-2026"," 74.00"," 75.80"," 75.80"," 73.00"," 73.00"," 73.00"," 75.33"," 9600"," 7.23"," 2"," 9600"," 100.00"
VIJAYA," EQ"," 01-Jan-2026"," 1061.00"," 1061.90"," 1069.50"," 1037.00"," 1037.00"," 1042.40"," 1049.75"," 33006"," 346.48"," 3641"," 14245"," 43.16"
VIJAYPD," SM"," 01-Jan-2026"," 42.05"," 41.10"," 42.30"," 41.10"," 42.30"," 42.30"," 41.76"," 16000"," 6.68"," 4"," 8000"," 50.00"
VIJIFIN," EQ"," 01-Jan-2026"," 2.60"," 2.65"," 2.75"," 2.56"," 2.72"," 2.71"," 2.67"," 180584"," 4.82"," 294"," 127275"," 70.48"
VIKASECO," EQ"," 01-Jan-2026"," 1.70"," 1.70"," 1.71"," 1.68"," 1.70"," 1.70"," 1.70"," 906975"," 15.39"," 1363"," 528942"," 58.32"
VIKASLIFE," EQ"," 01-Jan-2026"," 1.77"," 1.78"," 1.81"," 1.77"," 1.80"," 1.79"," 1.79"," 1771412"," 31.66"," 11869"," 1016911"," 57.41"
VIKRAMSOLR," EQ"," 01-Jan-2026"," 238.00"," 239.00"," 239.70"," 236.71"," 237.02"," 237.19"," 237.48"," 348193"," 826.88"," 10056"," 159761"," 45.88"
VIKRAN," EQ"," 01-Jan-2026"," 100.07"," 100.50"," 100.98"," 99.50"," 100.60"," 100.59"," 100.28"," 3499712"," 3509.35"," 14281"," 702034"," 20.06"
VILAS," SM"," 01-Jan-2026"," 395.15"," 399.90"," 410.00"," 398.80"," 404.20"," 405.80"," 405.85"," 11750"," 47.69"," 46"," 8250"," 70.21"
VILINBIO," SM"," 01-Jan-2026"," 20.95"," 19.95"," 19.95"," 19.95"," 19.95"," 19.95"," 19.95"," 4000"," 0.80"," 1"," 4000"," 100.00"
VIMTALABS," EQ"," 01-Jan-2026"," 605.30"," 605.30"," 609.95"," 597.00"," 604.00"," 601.50"," 601.03"," 63318"," 380.56"," 3039"," 28174"," 44.50"
VINATIORGA," EQ"," 01-Jan-2026"," 1589.20"," 1586.00"," 1600.90"," 1585.70"," 1592.60"," 1596.60"," 1593.69"," 5427"," 86.49"," 919"," 2691"," 49.59"
VINCOFE," EQ"," 01-Jan-2026"," 158.19"," 157.70"," 160.90"," 155.46"," 160.40"," 160.23"," 158.48"," 972473"," 1541.15"," 7444"," 216827"," 22.30"
VINDHYATEL," EQ"," 01-Jan-2026"," 1402.60"," 1413.50"," 1434.90"," 1396.60"," 1418.20"," 1423.00"," 1420.12"," 5475"," 77.75"," 726"," 3302"," 60.31"
VINEET-RE," BE"," 01-Jan-2026"," 6.78"," 5.00"," 5.00"," 4.07"," 4.07"," 4.07"," 4.17"," 20895"," 0.87"," 65"," -"," -"
VINEETLAB," EQ"," 01-Jan-2026"," 36.78"," 36.01"," 36.30"," 35.11"," 35.60"," 35.87"," 35.74"," 79984"," 28.59"," 649"," 47530"," 59.42"
VINNY," EQ"," 01-Jan-2026"," 1.24"," 1.25"," 1.26"," 1.23"," 1.24"," 1.24"," 1.24"," 230052"," 2.85"," 214"," 178971"," 77.80"
VINSYS," SM"," 01-Jan-2026"," 352.60"," 352.00"," 356.75"," 350.00"," 355.00"," 355.50"," 353.80"," 35000"," 123.83"," 50"," 29000"," 82.86"
VINYAS," SM"," 01-Jan-2026"," 1127.75"," 1125.00"," 1143.00"," 1125.00"," 1125.00"," 1125.00"," 1133.25"," 400"," 4.53"," 4"," 200"," 50.00"
VINYLINDIA," EQ"," 01-Jan-2026"," 242.70"," 238.00"," 245.70"," 237.98"," 241.90"," 239.34"," 241.51"," 7200"," 17.39"," 365"," 4668"," 64.83"
VIPCLOTHNG," EQ"," 01-Jan-2026"," 31.51"," 31.05"," 32.74"," 30.90"," 31.37"," 31.09"," 31.66"," 284739"," 90.15"," 1920"," 153621"," 53.95"
VIPIND," EQ"," 01-Jan-2026"," 382.50"," 382.00"," 385.15"," 379.70"," 384.90"," 383.20"," 382.53"," 182656"," 698.71"," 8178"," 89987"," 49.27"
VIPULLTD," EQ"," 01-Jan-2026"," 12.47"," 12.69"," 12.95"," 12.45"," 12.75"," 12.66"," 12.74"," 851766"," 108.53"," 1049"," 687203"," 80.68"
VIRINCHI," EQ"," 01-Jan-2026"," 23.18"," 22.90"," 23.73"," 22.90"," 23.00"," 23.10"," 23.28"," 43867"," 10.21"," 299"," 31167"," 71.05"
VISAKAIND," EQ"," 01-Jan-2026"," 71.21"," 70.74"," 71.98"," 70.40"," 70.90"," 70.75"," 70.99"," 18978"," 13.47"," 391"," 12535"," 66.05"
VISAMAN," ST"," 01-Jan-2026"," 128.90"," 131.00"," 131.00"," 127.00"," 127.10"," 127.10"," 128.28"," 8000"," 10.26"," 8"," 7000"," 87.50"
VISASTEEL," BE"," 01-Jan-2026"," 54.12"," 56.30"," 56.30"," 51.42"," 55.00"," 54.89"," 54.11"," 29755"," 16.10"," 141"," -"," -"
VISHNU," EQ"," 01-Jan-2026"," 540.50"," 547.40"," 555.00"," 540.50"," 550.80"," 550.50"," 547.82"," 62383"," 341.74"," 3531"," 33790"," 54.17"
VISHNUINFR," SM"," 01-Jan-2026"," 179.90"," 173.90"," 183.00"," 173.90"," 183.00"," 181.00"," 179.90"," 23000"," 41.38"," 29"," 20000"," 86.96"
VISHWARAJ," EQ"," 01-Jan-2026"," 6.87"," 6.89"," 7.00"," 6.77"," 6.79"," 6.80"," 6.86"," 297875"," 20.42"," 771"," 212724"," 71.41"
VIVIANA," SM"," 01-Jan-2026"," 723.70"," 727.30"," 750.00"," 713.40"," 718.55"," 718.85"," 725.36"," 4400"," 31.92"," 21"," 2600"," 59.09"
VIVIDHA," EQ"," 01-Jan-2026"," 0.63"," 0.64"," 0.64"," 0.62"," 0.63"," 0.62"," 0.63"," 570970"," 3.58"," 261"," 486791"," 85.26"
VIVIMEDLAB," EQ"," 01-Jan-2026"," 17.67"," 16.79"," 16.79"," 16.79"," 16.79"," 16.79"," 16.79"," 3675"," 0.62"," 35"," 3675"," 100.00"
VLEGOV," EQ"," 01-Jan-2026"," 19.51"," 19.68"," 20.18"," 19.05"," 19.53"," 19.38"," 19.70"," 164722"," 32.46"," 815"," 106246"," 64.50"
VLINFRA," SM"," 01-Jan-2026"," 30.00"," 33.00"," 33.00"," 31.40"," 31.40"," 31.40"," 31.68"," 9000"," 2.85"," 6"," 9000"," 100.00"
VLSFINANCE," EQ"," 01-Jan-2026"," 299.45"," 306.00"," 308.00"," 302.05"," 305.50"," 305.40"," 305.48"," 113107"," 345.52"," 2231"," 64712"," 57.21"
VMARCIND," SM"," 01-Jan-2026"," 683.15"," 687.00"," 693.00"," 667.10"," 676.80"," 674.70"," 681.42"," 23500"," 160.13"," 77"," 14000"," 59.57"
VMART," EQ"," 01-Jan-2026"," 715.30"," 715.95"," 716.00"," 693.05"," 694.05"," 697.85"," 700.26"," 141044"," 987.67"," 13996"," 89721"," 63.61"
VMM," EQ"," 01-Jan-2026"," 136.37"," 136.25"," 137.40"," 135.50"," 135.70"," 135.81"," 136.15"," 1509099"," 2054.63"," 19526"," 617056"," 40.89"
VMSTMT," EQ"," 01-Jan-2026"," 55.22"," 55.50"," 55.68"," 53.71"," 53.98"," 54.11"," 54.66"," 78604"," 42.97"," 1198"," 41520"," 52.82"
VOLERCAR," ST"," 01-Jan-2026"," 211.00"," 209.00"," 209.00"," 209.00"," 209.00"," 209.00"," 209.00"," 14400"," 30.10"," 18"," 14400"," 100.00"
VOLTAMP," EQ"," 01-Jan-2026"," 7852.00"," 7880.00"," 7880.00"," 7745.00"," 7765.00"," 7790.50"," 7796.03"," 19024"," 1483.12"," 3895"," 12286"," 64.58"
VOLTAS," EQ"," 01-Jan-2026"," 1361.20"," 1361.20"," 1388.00"," 1361.20"," 1385.00"," 1384.30"," 1380.79"," 283325"," 3912.12"," 12430"," 75200"," 26.54"
VPRPL," EQ"," 01-Jan-2026"," 52.65"," 52.90"," 54.24"," 49.50"," 50.30"," 50.16"," 51.39"," 12698136"," 6525.08"," 41462"," 2464458"," 19.41"
VRAJ," EQ"," 01-Jan-2026"," 131.73"," 133.70"," 138.00"," 132.00"," 133.80"," 133.63"," 134.17"," 32308"," 43.35"," 944"," 15892"," 49.19"
VRLLOG," EQ"," 01-Jan-2026"," 268.20"," 266.70"," 269.80"," 264.05"," 268.85"," 268.75"," 267.14"," 78165"," 208.81"," 3852"," 39924"," 51.08"
VSSL," EQ"," 01-Jan-2026"," 284.35"," 287.30"," 287.45"," 280.35"," 287.15"," 285.55"," 284.39"," 24872"," 70.73"," 1220"," 12413"," 49.91"
VSTIND," EQ"," 01-Jan-2026"," 257.55"," 260.25"," 260.70"," 237.90"," 255.20"," 255.50"," 251.21"," 2026023"," 5089.50"," 63303"," 361028"," 17.82"
VSTL," EQ"," 01-Jan-2026"," 132.50"," 132.15"," 139.19"," 132.15"," 136.15"," 136.60"," 136.39"," 16163"," 22.04"," 590"," 10027"," 62.04"
VSTTILLERS," EQ"," 01-Jan-2026"," 6262.50"," 6263.00"," 6374.00"," 6176.00"," 6239.00"," 6200.00"," 6285.66"," 43758"," 2750.48"," 8836"," 16437"," 37.56"
VTL," EQ"," 01-Jan-2026"," 437.55"," 437.55"," 439.90"," 433.05"," 435.75"," 435.45"," 436.38"," 39258"," 171.31"," 2444"," 18815"," 47.93"
WAAREEENER," EQ"," 01-Jan-2026"," 2968.10"," 2970.00"," 2994.30"," 2948.00"," 2958.00"," 2955.30"," 2965.77"," 393109"," 11658.72"," 25301"," 109553"," 27.87"
WAAREEINDO," EQ"," 01-Jan-2026"," 542.15"," 539.00"," 561.95"," 515.05"," 535.00"," 536.50"," 529.78"," 543143"," 2877.48"," 5642"," 224994"," 41.42"
WAAREERTL," EQ"," 01-Jan-2026"," 967.60"," 970.00"," 972.70"," 964.60"," 968.50"," 967.95"," 968.31"," 108917"," 1054.65"," 8118"," 45230"," 41.53"
WABAG," EQ"," 01-Jan-2026"," 1303.30"," 1310.00"," 1325.50"," 1310.00"," 1314.70"," 1315.20"," 1316.14"," 134908"," 1775.57"," 10137"," 53124"," 39.38"
WAKEFIT," EQ"," 01-Jan-2026"," 184.44"," 184.44"," 186.78"," 182.26"," 186.00"," 186.03"," 185.03"," 225162"," 416.62"," 3746"," 65995"," 29.31"
WALCHANNAG," EQ"," 01-Jan-2026"," 189.01"," 189.20"," 192.50"," 188.13"," 191.34"," 190.76"," 190.14"," 456350"," 867.69"," 7677"," 179609"," 39.36"
WANBURY," EQ"," 01-Jan-2026"," 226.60"," 225.25"," 232.00"," 225.25"," 231.00"," 229.92"," 228.84"," 24391"," 55.82"," 1209"," 15181"," 62.24"
WCIL," EQ"," 01-Jan-2026"," 120.21"," 120.21"," 121.08"," 119.58"," 120.00"," 120.13"," 120.16"," 82031"," 98.57"," 880"," 54228"," 66.11"
WEALTH," EQ"," 01-Jan-2026"," 912.85"," 928.90"," 934.30"," 915.30"," 924.40"," 919.40"," 921.20"," 1118"," 10.30"," 242"," 638"," 57.07"
WEBELSOLAR," EQ"," 01-Jan-2026"," 89.72"," 89.77"," 90.44"," 88.00"," 88.45"," 88.35"," 88.94"," 1927511"," 1714.30"," 10893"," 656739"," 34.07"
WEIZMANIND," EQ"," 01-Jan-2026"," 96.14"," 96.14"," 96.43"," 93.10"," 95.98"," 94.10"," 94.88"," 765"," 0.73"," 43"," 755"," 98.69"
WEL," EQ"," 01-Jan-2026"," 150.67"," 151.00"," 154.00"," 150.00"," 150.50"," 151.28"," 151.82"," 61021"," 92.64"," 1444"," 19044"," 31.21"
WELCORP," EQ"," 01-Jan-2026"," 814.40"," 812.00"," 814.00"," 797.00"," 799.50"," 799.35"," 802.73"," 411819"," 3305.79"," 17597"," 218838"," 53.14"
WELENT," EQ"," 01-Jan-2026"," 520.10"," 515.85"," 521.00"," 509.85"," 511.20"," 514.45"," 515.30"," 48847"," 251.71"," 3782"," 21016"," 43.02"
WELINV," EQ"," 01-Jan-2026"," 1363.40"," 1396.00"," 1396.00"," 1315.00"," 1315.00"," 1342.80"," 1346.76"," 1572"," 21.17"," 144"," 707"," 44.97"
WELSPUNLIV," EQ"," 01-Jan-2026"," 130.57"," 131.00"," 132.60"," 130.46"," 132.01"," 132.05"," 131.76"," 720871"," 949.81"," 6880"," 356313"," 49.43"
WENDT," EQ"," 01-Jan-2026"," 7797.00"," 7880.00"," 7888.00"," 7769.50"," 7799.00"," 7790.50"," 7815.27"," 2749"," 214.84"," 960"," 1400"," 50.93"
WESTLIFE," EQ"," 01-Jan-2026"," 560.55"," 555.50"," 558.40"," 537.05"," 539.00"," 538.55"," 543.62"," 44273"," 240.67"," 3073"," 22491"," 50.80"
WEWIN," BE"," 01-Jan-2026"," 45.90"," 46.12"," 47.04"," 44.64"," 46.00"," 46.00"," 45.38"," 630"," 0.29"," 17"," -"," -"
WEWORK," EQ"," 01-Jan-2026"," 604.65"," 603.00"," 612.35"," 603.00"," 606.35"," 608.45"," 608.49"," 47285"," 287.72"," 3007"," 15566"," 32.92"
WHEELS," EQ"," 01-Jan-2026"," 860.30"," 865.55"," 870.00"," 851.60"," 860.50"," 864.85"," 862.87"," 19256"," 166.15"," 2053"," 10419"," 54.11"
WHIRLPOOL," EQ"," 01-Jan-2026"," 899.10"," 904.95"," 909.20"," 887.45"," 891.45"," 890.35"," 893.58"," 137529"," 1228.93"," 10273"," 66674"," 48.48"
WILLAMAGOR," EQ"," 01-Jan-2026"," 29.90"," 29.90"," 31.80"," 29.90"," 30.43"," 30.30"," 30.24"," 1791"," 0.54"," 34"," 1475"," 82.36"
WINDLAS," EQ"," 01-Jan-2026"," 795.05"," 808.80"," 808.80"," 781.20"," 802.00"," 801.70"," 791.81"," 30972"," 245.24"," 4128"," 19274"," 62.23"
WINDMACHIN," EQ"," 01-Jan-2026"," 269.80"," 271.20"," 272.30"," 265.00"," 266.35"," 266.60"," 267.50"," 19473"," 52.09"," 1290"," 11581"," 59.47"
WINSOL," SM"," 01-Jan-2026"," 155.85"," 160.00"," 164.95"," 154.90"," 159.00"," 158.65"," 159.50"," 13200"," 21.05"," 30"," 8000"," 60.61"
WINSOME," BZ"," 01-Jan-2026"," 1.84"," 1.87"," 1.87"," 1.81"," 1.81"," 1.81"," 1.85"," 2078"," 0.04"," 9"," -"," -"
WIPL," EQ"," 01-Jan-2026"," 145.65"," 145.65"," 159.40"," 142.42"," 150.00"," 149.01"," 148.07"," 5455"," 8.08"," 86"," 3267"," 59.89"
WIPRO," EQ"," 01-Jan-2026"," 263.28"," 264.50"," 268.05"," 263.75"," 267.30"," 267.35"," 266.73"," 3639755"," 9708.25"," 37501"," 1148153"," 31.54"
WOCKPHARMA," EQ"," 01-Jan-2026"," 1446.20"," 1438.00"," 1443.80"," 1411.60"," 1421.40"," 1422.90"," 1426.95"," 449860"," 6419.28"," 17887"," 150947"," 33.55"
WOMANCART," SM"," 01-Jan-2026"," 275.00"," 285.00"," 285.00"," 274.10"," 274.10"," 274.10"," 279.69"," 5200"," 14.54"," 12"," 4000"," 76.92"
WONDERLA," EQ"," 01-Jan-2026"," 525.20"," 528.00"," 528.90"," 523.05"," 527.25"," 527.15"," 526.16"," 24650"," 129.70"," 1232"," 15281"," 61.99"
WORTHPERI," EQ"," 01-Jan-2026"," 137.02"," 136.95"," 139.99"," 135.99"," 139.50"," 139.34"," 138.57"," 4009"," 5.56"," 270"," 1893"," 47.22"
WSI," EQ"," 01-Jan-2026"," 88.95"," 88.49"," 90.90"," 86.71"," 90.75"," 90.36"," 89.82"," 197655"," 177.53"," 1367"," 113715"," 57.53"
WSTCSTPAPR," EQ"," 01-Jan-2026"," 412.35"," 413.95"," 420.20"," 409.40"," 415.00"," 416.45"," 414.79"," 29729"," 123.31"," 1741"," 17291"," 58.16"
WTICAB," SM"," 01-Jan-2026"," 138.35"," 135.00"," 139.00"," 134.50"," 139.00"," 137.25"," 136.63"," 6500"," 8.88"," 11"," 4500"," 69.23"
XCHANGING," EQ"," 01-Jan-2026"," 80.90"," 80.90"," 82.00"," 80.90"," 82.00"," 81.37"," 81.27"," 31424"," 25.54"," 727"," 17809"," 56.67"
XELPMOC," BE"," 01-Jan-2026"," 129.05"," 134.00"," 134.00"," 128.00"," 130.35"," 128.44"," 129.50"," 3651"," 4.73"," 66"," -"," -"
XPROINDIA," EQ"," 01-Jan-2026"," 951.70"," 950.00"," 973.40"," 942.50"," 970.00"," 961.55"," 954.64"," 11892"," 113.53"," 1155"," 7235"," 60.84"
XTGLOBAL," EQ"," 01-Jan-2026"," 33.89"," 34.57"," 34.77"," 33.10"," 34.00"," 33.57"," 34.08"," 30630"," 10.44"," 259"," 20402"," 66.61"
YASHO," EQ"," 01-Jan-2026"," 1421.20"," 1419.10"," 1437.90"," 1411.10"," 1430.00"," 1429.90"," 1425.63"," 2485"," 35.43"," 572"," 1578"," 63.50"
YATHARTH," EQ"," 01-Jan-2026"," 682.15"," 686.50"," 686.50"," 673.20"," 675.60"," 675.20"," 676.34"," 265846"," 1798.02"," 11830"," 137473"," 51.71"
YATRA," EQ"," 01-Jan-2026"," 173.56"," 174.81"," 178.75"," 174.00"," 175.84"," 176.01"," 176.43"," 880132"," 1552.83"," 10397"," 258302"," 29.35"
YCCL," SM"," 01-Jan-2026"," 13.35"," 12.95"," 13.00"," 12.95"," 13.00"," 13.00"," 12.97"," 9000"," 1.17"," 3"," 9000"," 100.00"
YESBANK," EQ"," 01-Jan-2026"," 21.60"," 21.66"," 21.70"," 21.44"," 21.48"," 21.49"," 21.52"," 32482816"," 6991.58"," 51548"," 12949571"," 39.87"
YUDIZ," SM"," 01-Jan-2026"," 26.35"," 26.30"," 26.90"," 26.30"," 26.90"," 26.90"," 26.60"," 1600"," 0.43"," 2"," 1600"," 100.00"
YUKEN," EQ"," 01-Jan-2026"," 919.45"," 917.95"," 932.95"," 891.05"," 905.00"," 896.25"," 912.32"," 2551"," 23.27"," 462"," 1438"," 56.37"
ZAGGLE," EQ"," 01-Jan-2026"," 347.80"," 353.00"," 357.80"," 346.30"," 349.00"," 347.35"," 351.03"," 601075"," 2109.94"," 9522"," 261748"," 43.55"
ZEAL," SM"," 01-Jan-2026"," 94.00"," 90.05"," 93.45"," 90.05"," 93.45"," 93.45"," 92.08"," 3000"," 2.76"," 5"," 1800"," 60.00"
ZEEL," EQ"," 01-Jan-2026"," 89.96"," 90.00"," 93.57"," 90.00"," 90.49"," 90.48"," 91.59"," 12575298"," 11517.57"," 43877"," 3492208"," 27.77"
ZEELEARN," EQ"," 01-Jan-2026"," 7.28"," 7.30"," 7.44"," 7.18"," 7.26"," 7.20"," 7.24"," 277655"," 20.11"," 853"," 195480"," 70.40"
ZEEMEDIA," EQ"," 01-Jan-2026"," 8.91"," 8.96"," 9.05"," 8.84"," 8.91"," 8.88"," 8.92"," 1459878"," 130.28"," 1782"," 599274"," 41.05"
ZENITHDRUG," SM"," 01-Jan-2026"," 50.20"," 51.90"," 51.90"," 50.40"," 50.40"," 50.40"," 50.78"," 3200"," 1.62"," 4"," 2400"," 75.00"
ZENITHEXPO," EQ"," 01-Jan-2026"," 213.90"," 205.40"," 214.99"," 205.40"," 208.42"," 208.53"," 212.26"," 438"," 0.93"," 44"," 336"," 76.71"
ZENITHSTL," EQ"," 01-Jan-2026"," 7.29"," 7.10"," 7.43"," 7.10"," 7.17"," 7.25"," 7.24"," 60682"," 4.39"," 267"," 43313"," 71.38"
ZENSARTECH," EQ"," 01-Jan-2026"," 703.65"," 705.25"," 708.00"," 700.00"," 700.00"," 701.15"," 702.98"," 130022"," 914.03"," 8146"," 74667"," 57.43"
ZENTEC," EQ"," 01-Jan-2026"," 1368.40"," 1372.60"," 1374.00"," 1353.00"," 1355.10"," 1356.60"," 1357.59"," 133238"," 1808.82"," 9810"," 61786"," 46.37"
ZFCVINDIA," EQ"," 01-Jan-2026"," 14878.00"," 14960.00"," 14989.00"," 14671.00"," 14777.00"," 14729.00"," 14729.12"," 432454"," 63696.66"," 1234"," 430849"," 99.63"
ZIMLAB," EQ"," 01-Jan-2026"," 72.15"," 71.84"," 72.00"," 70.02"," 70.98"," 70.37"," 70.94"," 14129"," 10.02"," 466"," 7187"," 50.87"
ZODIAC," EQ"," 01-Jan-2026"," 305.60"," 311.75"," 311.75"," 299.00"," 303.00"," 301.65"," 303.62"," 8198"," 24.89"," 529"," 4713"," 57.49"
ZODIACLOTH," EQ"," 01-Jan-2026"," 84.42"," 87.70"," 87.70"," 83.97"," 84.95"," 85.81"," 85.10"," 5931"," 5.05"," 159"," 4610"," 77.73"
ZOTA," EQ"," 01-Jan-2026"," 1544.70"," 1550.00"," 1552.60"," 1514.60"," 1523.00"," 1520.20"," 1530.82"," 39244"," 600.76"," 3382"," 21058"," 53.66"
ZTECH," SM"," 01-Jan-2026"," 661.10"," 670.00"," 670.00"," 655.00"," 655.00"," 655.00"," 657.89"," 16800"," 110.53"," 25"," 8400"," 50.00"
ZUARI," EQ"," 01-Jan-2026"," 329.95"," 330.20"," 335.55"," 327.50"," 328.25"," 329.75"," 331.17"," 388465"," 1286.48"," 8930"," 120593"," 31.04"
ZUARIIND," EQ"," 01-Jan-2026"," 325.90"," 326.95"," 327.45"," 319.75"," 320.35"," 321.90"," 322.83"," 52102"," 168.20"," 2307"," 22547"," 43.27"
ZYDUSLIFE," EQ"," 01-Jan-2026"," 914.35"," 919.80"," 921.15"," 907.10"," 915.65"," 915.05"," 912.60"," 472472"," 4311.80"," 29152"," 216585"," 45.84"
ZYDUSWELL," EQ"," 01-Jan-2026"," 454.60"," 457.90"," 483.40"," 455.40"," 465.50"," 464.25"," 468.29"," 1853302"," 8678.74"," 42175"," 264155"," 14.25"
