SYMBOL," SERIES"," DATE1"," PREV_CLOSE"," OPEN_PRICE"," HIGH_PRICE"," LOW_PRICE"," LAST_PRICE"," CLOSE_PRICE"," AVG_PRICE"," TTL_TRD_QNTY"," TURNOVER_LACS"," NO_OF_TRADES"," DELIV_QTY"," DELIV_PER"
1018GS2026," GS"," 02-Jan-2026"," 106.15"," 106.15"," 106.15"," 105.00"," 105.00"," 105.00"," 105.01"," 101"," 0.11"," 2"," 101"," 100.00"
20MICRONS," EQ"," 02-Jan-2026"," 212.08"," 214.20"," 217.79"," 209.01"," 215.57"," 214.30"," 215.03"," 206190"," 443.36"," 7481"," 67003"," 32.50"
21STCENMGM," EQ"," 02-Jan-2026"," 49.03"," 48.09"," 50.00"," 48.05"," 48.17"," 49.39"," 48.34"," 7321"," 3.54"," 82"," 6171"," 84.29"
360ONE," EQ"," 02-Jan-2026"," 1179.70"," 1179.70"," 1213.70"," 1171.20"," 1200.00"," 1200.10"," 1199.84"," 343492"," 4121.34"," 20763"," 144945"," 42.20"
3IINFOLTD," EQ"," 02-Jan-2026"," 16.66"," 16.94"," 17.10"," 16.67"," 16.90"," 16.90"," 16.91"," 314404"," 53.16"," 1309"," 208760"," 66.40"
3MINDIA," EQ"," 02-Jan-2026"," 36000.00"," 36070.00"," 37305.00"," 35530.00"," 36430.00"," 36170.00"," 36340.96"," 8030"," 2918.18"," 4400"," 2778"," 34.60"
3PLAND," EQ"," 02-Jan-2026"," 37.39"," 37.74"," 37.85"," 36.75"," 37.69"," 37.69"," 37.57"," 3067"," 1.15"," 68"," 2155"," 70.26"
574GS2026," GS"," 02-Jan-2026"," 99.80"," 99.96"," 99.96"," 99.94"," 99.94"," 99.94"," 99.95"," 2"," 0.00"," 2"," 1"," 50.00"
585GS2030," GS"," 02-Jan-2026"," 97.50"," 98.89"," 98.89"," 98.89"," 98.89"," 98.89"," 98.89"," 1200"," 1.19"," 1"," 1200"," 100.00"
5PAISA," EQ"," 02-Jan-2026"," 375.80"," 375.50"," 375.55"," 361.45"," 374.60"," 367.80"," 369.35"," 719809"," 2658.64"," 23659"," 94196"," 13.09"
601GS2030," GS"," 02-Jan-2026"," 100.50"," 100.50"," 101.55"," 100.50"," 101.55"," 101.55"," 101.45"," 1101"," 1.12"," 3"," 1101"," 100.00"
610GS2031," GS"," 02-Jan-2026"," 100.00"," 99.40"," 99.40"," 99.40"," 99.40"," 99.40"," 99.40"," 1"," 0.00"," 1"," 1"," 100.00"
633GS2035," GS"," 02-Jan-2026"," 99.50"," 99.70"," 99.70"," 99.60"," 99.60"," 99.60"," 99.68"," 6"," 0.01"," 2"," 6"," 100.00"
63MOONS," EQ"," 02-Jan-2026"," 729.00"," 731.10"," 734.70"," 719.50"," 733.95"," 725.75"," 726.75"," 80337"," 583.85"," 4135"," 48826"," 60.78"
648GS2035," GS"," 02-Jan-2026"," 100.90"," 100.90"," 100.90"," 100.90"," 100.90"," 100.90"," 100.90"," 401"," 0.40"," 5"," 401"," 100.00"
654GS2032," GS"," 02-Jan-2026"," 102.00"," 103.00"," 103.00"," 102.90"," 102.95"," 102.95"," 102.93"," 4603"," 4.74"," 6"," 4603"," 100.00"
667GS2050," GS"," 02-Jan-2026"," 93.00"," 93.80"," 93.80"," 92.90"," 93.00"," 93.00"," 93.00"," 155297"," 144.43"," 18"," 155087"," 99.86"
668GS2040," GS"," 02-Jan-2026"," 100.14"," 100.10"," 100.10"," 100.10"," 100.10"," 100.10"," 100.10"," 100"," 0.10"," 1"," 100"," 100.00"
676GS2061," GS"," 02-Jan-2026"," 95.34"," 94.95"," 95.19"," 94.95"," 95.19"," 95.19"," 95.19"," 20203"," 19.23"," 8"," 20203"," 100.00"
679GS2031," GS"," 02-Jan-2026"," 100.21"," 100.20"," 100.20"," 100.20"," 100.20"," 100.20"," 100.20"," 200"," 0.20"," 1"," 200"," 100.00"
679GS2034," GS"," 02-Jan-2026"," 101.50"," 102.00"," 102.00"," 102.00"," 102.00"," 102.00"," 102.00"," 9"," 0.01"," 1"," 9"," 100.00"
68GS2060," GS"," 02-Jan-2026"," 94.00"," 95.00"," 95.00"," 95.00"," 95.00"," 95.00"," 95.00"," 10"," 0.01"," 2"," 10"," 100.00"
690GS2065," GS"," 02-Jan-2026"," 95.99"," 96.00"," 96.00"," 95.56"," 96.00"," 95.97"," 95.76"," 44265"," 42.39"," 20"," 44265"," 100.00"
692GS2039," GS"," 02-Jan-2026"," 100.10"," 102.25"," 103.35"," 102.25"," 103.35"," 103.35"," 102.47"," 6500"," 6.66"," 3"," 6500"," 100.00"
695GS2061," GS"," 02-Jan-2026"," 94.50"," 94.50"," 95.25"," 94.50"," 95.25"," 95.25"," 95.03"," 23030"," 21.88"," 15"," 23015"," 99.93"
698GR2054," GS"," 02-Jan-2026"," 95.05"," 94.16"," 94.16"," 94.16"," 94.16"," 94.16"," 94.16"," 99"," 0.09"," 1"," 99"," 100.00"
699GS2051," GS"," 02-Jan-2026"," 96.52"," 96.52"," 97.55"," 96.52"," 97.25"," 97.25"," 96.55"," 1031"," 1.00"," 7"," 1000"," 96.99"
709GS2054," GS"," 02-Jan-2026"," 101.49"," 101.75"," 101.75"," 100.80"," 101.25"," 101.25"," 101.49"," 7581"," 7.69"," 8"," 7581"," 100.00"
709GS2074," GS"," 02-Jan-2026"," 97.09"," 97.26"," 97.30"," 97.10"," 97.25"," 97.25"," 97.19"," 61017"," 59.30"," 34"," 61016"," 100.00"
717GS2030," GS"," 02-Jan-2026"," 104.00"," 102.96"," 104.60"," 102.96"," 104.58"," 104.58"," 103.82"," 2254"," 2.34"," 6"," 1700"," 75.42"
718GS2033," GS"," 02-Jan-2026"," 105.70"," 104.27"," 104.27"," 104.27"," 104.27"," 104.27"," 104.27"," 799"," 0.83"," 1"," 799"," 100.00"
718GS2037," GS"," 02-Jan-2026"," 105.07"," 105.40"," 105.79"," 105.12"," 105.70"," 105.42"," 105.54"," 11986"," 12.65"," 18"," 8375"," 69.87"
719GS2060," GS"," 02-Jan-2026"," 99.28"," 100.00"," 100.00"," 100.00"," 100.00"," 100.00"," 100.00"," 2150"," 2.15"," 5"," 2150"," 100.00"
71GS2034," GS"," 02-Jan-2026"," 103.71"," 103.71"," 103.75"," 103.71"," 103.75"," 103.75"," 103.75"," 2010"," 2.09"," 3"," 2010"," 100.00"
723GS2039," GS"," 02-Jan-2026"," 103.25"," 102.51"," 102.51"," 102.51"," 102.51"," 102.51"," 102.51"," 100"," 0.10"," 1"," 100"," 100.00"
724GS2055," GS"," 02-Jan-2026"," 102.12"," 101.81"," 102.30"," 101.80"," 101.91"," 101.91"," 101.83"," 2106"," 2.14"," 14"," 2095"," 99.48"
725GS2063," GS"," 02-Jan-2026"," 99.25"," 99.13"," 99.50"," 98.80"," 99.45"," 99.48"," 99.42"," 95525"," 94.97"," 46"," 95525"," 100.00"
726GS2032," GS"," 02-Jan-2026"," 105.54"," 105.55"," 106.20"," 105.50"," 106.20"," 106.20"," 105.53"," 14068"," 14.85"," 7"," 14068"," 100.00"
727GS2026," GS"," 02-Jan-2026"," 102.15"," 102.15"," 102.15"," 102.15"," 102.15"," 102.15"," 102.15"," 2"," 0.00"," 2"," 2"," 100.00"
733GS2026," GS"," 02-Jan-2026"," 102.60"," 101.60"," 101.60"," 101.60"," 101.60"," 101.60"," 101.60"," 345"," 0.35"," 4"," 345"," 100.00"
734GS2064," GS"," 02-Jan-2026"," 101.00"," 101.35"," 101.35"," 101.00"," 101.15"," 101.15"," 101.25"," 222757"," 225.54"," 37"," 222757"," 100.00"
736GS2052," GS"," 02-Jan-2026"," 102.35"," 99.79"," 103.18"," 99.79"," 103.18"," 103.18"," 103.14"," 1250"," 1.29"," 9"," 1238"," 99.04"
737GR2054," GS"," 02-Jan-2026"," 100.50"," 102.77"," 102.77"," 102.77"," 102.77"," 102.77"," 102.77"," 1"," 0.00"," 1"," 1"," 100.00"
737GS2028," GS"," 02-Jan-2026"," 105.27"," 104.22"," 105.00"," 104.20"," 104.50"," 104.50"," 104.24"," 2418"," 2.52"," 7"," 2418"," 100.00"
738GS2027," GS"," 02-Jan-2026"," 102.58"," 102.58"," 102.66"," 102.51"," 102.60"," 102.57"," 102.57"," 110175"," 113.01"," 38"," 109670"," 99.54"
73GS2053," GS"," 02-Jan-2026"," 101.01"," 100.80"," 100.80"," 100.20"," 100.79"," 100.21"," 100.29"," 679"," 0.68"," 9"," 669"," 98.53"
741GS2036," GS"," 02-Jan-2026"," 104.50"," 105.10"," 105.10"," 104.30"," 104.90"," 104.90"," 104.49"," 3957"," 4.13"," 5"," 2757"," 69.67"
746GS2073," GS"," 02-Jan-2026"," 101.60"," 101.97"," 101.97"," 101.60"," 101.85"," 101.85"," 101.69"," 16595"," 16.88"," 14"," 16545"," 99.70"
74GS2035," GS"," 02-Jan-2026"," 107.00"," 104.71"," 104.71"," 104.71"," 104.71"," 104.71"," 104.71"," 600"," 0.63"," 1"," 600"," 100.00"
74GS2062," GS"," 02-Jan-2026"," 101.90"," 101.97"," 101.97"," 101.51"," 101.75"," 101.75"," 101.75"," 12072"," 12.28"," 10"," 12072"," 100.00"
754GS2036," GS"," 02-Jan-2026"," 106.43"," 106.30"," 106.52"," 106.30"," 106.52"," 106.43"," 106.39"," 793617"," 844.33"," 304"," 724722"," 91.32"
757GS2033," GS"," 02-Jan-2026"," 103.65"," 104.50"," 104.50"," 104.50"," 104.50"," 104.50"," 104.50"," 1260"," 1.32"," 1"," 1260"," 100.00"
772GS2055," GS"," 02-Jan-2026"," 110.50"," 110.50"," 110.50"," 110.50"," 110.50"," 110.50"," 110.50"," 50"," 0.06"," 1"," 50"," 100.00"
813GS2045," GS"," 02-Jan-2026"," 116.90"," 116.00"," 116.00"," 116.00"," 116.00"," 116.00"," 116.00"," 2"," 0.00"," 2"," 2"," 100.00"
824GS2027," GS"," 02-Jan-2026"," 105.06"," 105.01"," 105.01"," 105.01"," 105.01"," 105.01"," 105.01"," 6"," 0.01"," 1"," 6"," 100.00"
828GS2027," GS"," 02-Jan-2026"," 110.00"," 115.50"," 115.50"," 115.50"," 115.50"," 115.50"," 115.50"," 1"," 0.00"," 1"," 1"," 100.00"
883GS2041," GS"," 02-Jan-2026"," 123.00"," 125.00"," 125.00"," 125.00"," 125.00"," 125.00"," 125.00"," 1"," 0.00"," 1"," 1"," 100.00"
92GS2030," GS"," 02-Jan-2026"," 114.53"," 114.65"," 114.65"," 113.75"," 114.50"," 114.50"," 114.50"," 18586"," 21.28"," 21"," 18586"," 100.00"
A2ZINFRA," EQ"," 02-Jan-2026"," 15.83"," 16.00"," 16.43"," 15.20"," 15.50"," 15.53"," 15.75"," 224042"," 35.29"," 492"," 168146"," 75.05"
AAATECH," BE"," 02-Jan-2026"," 101.26"," 96.20"," 104.00"," 96.20"," 98.25"," 96.67"," 96.92"," 74694"," 72.40"," 460"," -"," -"
AADHARHFC," EQ"," 02-Jan-2026"," 481.40"," 485.00"," 508.00"," 483.25"," 502.00"," 500.55"," 498.80"," 999352"," 4984.76"," 34685"," 374797"," 37.50"
AAKAAR," SM"," 02-Jan-2026"," 72.00"," 71.25"," 71.25"," 70.10"," 70.10"," 70.10"," 70.79"," 8000"," 5.66"," 5"," 8000"," 100.00"
AAKASH," EQ"," 02-Jan-2026"," 8.71"," 8.61"," 8.87"," 8.61"," 8.81"," 8.76"," 8.76"," 72029"," 6.31"," 325"," 47255"," 65.61"
AARADHYA," ST"," 02-Jan-2026"," 119.80"," 125.75"," 125.75"," 122.00"," 122.00"," 122.00"," 123.25"," 3600"," 4.44"," 3"," 3600"," 100.00"
AAREYDRUGS," EQ"," 02-Jan-2026"," 67.55"," 67.01"," 67.44"," 65.00"," 65.80"," 66.34"," 65.99"," 270649"," 178.61"," 1255"," 219165"," 80.98"
AARON," EQ"," 02-Jan-2026"," 169.43"," 172.85"," 180.10"," 168.65"," 177.55"," 176.50"," 175.87"," 14764"," 25.96"," 1008"," 7464"," 50.56"
AARTECH," EQ"," 02-Jan-2026"," 47.56"," 47.84"," 50.40"," 47.61"," 49.13"," 48.98"," 49.18"," 34103"," 16.77"," 954"," 25262"," 74.08"
AARTIDRUGS," EQ"," 02-Jan-2026"," 416.65"," 415.10"," 415.15"," 409.55"," 410.65"," 410.95"," 411.71"," 65332"," 268.98"," 3438"," 26067"," 39.90"
AARTIIND," EQ"," 02-Jan-2026"," 375.70"," 375.40"," 377.90"," 371.45"," 377.10"," 376.95"," 374.33"," 406773"," 1522.68"," 11287"," 165453"," 40.67"
AARTIPHARM," EQ"," 02-Jan-2026"," 744.20"," 744.20"," 746.05"," 736.10"," 740.15"," 742.10"," 741.16"," 80166"," 594.16"," 9292"," 49757"," 62.07"
AARTISURF," EQ"," 02-Jan-2026"," 391.85"," 387.10"," 394.95"," 386.10"," 387.00"," 387.55"," 388.81"," 12826"," 49.87"," 1180"," 8336"," 64.99"
AARVI," EQ"," 02-Jan-2026"," 127.22"," 128.00"," 129.90"," 127.85"," 128.00"," 128.69"," 128.74"," 3605"," 4.64"," 175"," 1899"," 52.68"
AATMAJ," SM"," 02-Jan-2026"," 25.25"," 24.00"," 24.00"," 24.00"," 24.00"," 24.00"," 24.00"," 2000"," 0.48"," 1"," 2000"," 100.00"
AAVAS," EQ"," 02-Jan-2026"," 1459.20"," 1451.00"," 1459.70"," 1418.10"," 1445.00"," 1443.40"," 1437.94"," 383092"," 5508.63"," 20031"," 232150"," 60.60"
ABAN," BE"," 02-Jan-2026"," 19.15"," 18.81"," 20.00"," 18.50"," 19.99"," 19.86"," 19.64"," 278370"," 54.67"," 1075"," -"," -"
ABB," EQ"," 02-Jan-2026"," 5176.50"," 5156.50"," 5220.00"," 5156.50"," 5219.00"," 5205.50"," 5187.49"," 63490"," 3293.54"," 8840"," 29151"," 45.91"
ABBOTINDIA," EQ"," 02-Jan-2026"," 28485.00"," 28485.00"," 28490.00"," 27955.00"," 28125.00"," 28125.00"," 28097.39"," 10295"," 2892.63"," 5149"," 6802"," 66.07"
ABCAPITAL," EQ"," 02-Jan-2026"," 361.95"," 363.00"," 366.30"," 359.65"," 361.40"," 361.25"," 362.28"," 2625417"," 9511.32"," 34322"," 1261875"," 48.06"
ABCOTS," EQ"," 02-Jan-2026"," 411.70"," 412.90"," 413.40"," 407.00"," 409.10"," 412.20"," 411.69"," 13172"," 54.23"," 342"," 5287"," 40.14"
ABDL," EQ"," 02-Jan-2026"," 601.15"," 601.35"," 602.40"," 575.10"," 580.50"," 580.00"," 583.42"," 699146"," 4078.94"," 27979"," 374580"," 53.58"
ABFRL," EQ"," 02-Jan-2026"," 76.10"," 76.10"," 78.85"," 75.90"," 77.80"," 78.16"," 77.74"," 3695684"," 2873.07"," 20948"," 1887336"," 51.07"
ABGSEC," EQ"," 02-Jan-2026"," 111.16"," 111.19"," 111.84"," 111.18"," 111.19"," 111.19"," 111.19"," 3850"," 4.28"," 11"," 3844"," 99.84"
ABHAPOWER," SM"," 02-Jan-2026"," 36.90"," 36.00"," 36.95"," 35.05"," 36.55"," 36.55"," 35.85"," 11200"," 4.02"," 7"," 9600"," 85.71"
ABINFRA," EQ"," 02-Jan-2026"," 17.82"," 18.15"," 18.71"," 17.98"," 18.71"," 18.71"," 18.55"," 499971"," 92.76"," 1338"," 339070"," 67.82"
ABLBL," EQ"," 02-Jan-2026"," 126.43"," 126.36"," 126.75"," 124.40"," 125.40"," 125.18"," 125.50"," 620645"," 778.93"," 6576"," 292473"," 47.12"
ABMINTLLTD," EQ"," 02-Jan-2026"," 43.35"," 43.60"," 43.60"," 42.00"," 42.00"," 42.00"," 43.02"," 21"," 0.01"," 6"," 19"," 90.48"
ABREL," EQ"," 02-Jan-2026"," 1680.60"," 1677.50"," 1689.90"," 1660.10"," 1664.90"," 1664.20"," 1673.69"," 52111"," 872.18"," 6320"," 26173"," 50.23"
ABSLAMC," EQ"," 02-Jan-2026"," 843.40"," 838.15"," 838.15"," 816.00"," 836.90"," 833.60"," 824.27"," 409168"," 3372.66"," 26418"," 165348"," 40.41"
ABSLBANETF," EQ"," 02-Jan-2026"," 60.90"," 61.50"," 61.50"," 61.00"," 61.38"," 61.29"," 61.32"," 51972"," 31.87"," 262"," 45968"," 88.45"
ABSLLIQUID," EQ"," 02-Jan-2026"," 1000.00"," 1000.00"," 1000.01"," 999.99"," 1000.01"," 1000.00"," 1000.01"," 8014"," 80.14"," 67"," 7754"," 96.76"
ABSLNN50ET," EQ"," 02-Jan-2026"," 72.93"," 72.78"," 73.65"," 72.71"," 73.50"," 73.52"," 73.30"," 16666"," 12.22"," 237"," 16211"," 97.27"
ABSLPSE," EQ"," 02-Jan-2026"," 10.19"," 10.44"," 10.44"," 10.21"," 10.35"," 10.41"," 10.33"," 1228314"," 126.91"," 945"," 1082403"," 88.12"
ABSMARINE," SM"," 02-Jan-2026"," 197.15"," 196.20"," 201.00"," 195.50"," 199.85"," 199.40"," 198.13"," 16000"," 31.70"," 29"," 10000"," 62.50"
ACC," EQ"," 02-Jan-2026"," 1740.40"," 1740.10"," 1751.90"," 1737.10"," 1750.50"," 1748.80"," 1746.46"," 177224"," 3095.15"," 8791"," 90482"," 51.06"
ACCELYA," EQ"," 02-Jan-2026"," 1309.30"," 1305.10"," 1318.90"," 1303.00"," 1317.80"," 1309.20"," 1309.13"," 15831"," 207.25"," 1443"," 9740"," 61.52"
ACCENTMIC," SM"," 02-Jan-2026"," 340.20"," 340.00"," 353.00"," 336.65"," 347.00"," 348.75"," 346.68"," 56500"," 195.87"," 87"," 36000"," 63.72"
ACCPL," ST"," 02-Jan-2026"," 84.05"," 86.40"," 86.40"," 84.00"," 84.00"," 84.00"," 85.09"," 18000"," 15.32"," 12"," 18000"," 100.00"
ACCURACY," EQ"," 02-Jan-2026"," 5.67"," 5.75"," 5.90"," 5.60"," 5.81"," 5.80"," 5.79"," 85109"," 4.93"," 516"," 61964"," 72.81"
ACE," EQ"," 02-Jan-2026"," 943.95"," 948.40"," 981.00"," 940.55"," 975.00"," 976.80"," 964.85"," 267168"," 2577.78"," 18237"," 101655"," 38.05"
ACEINTEG," EQ"," 02-Jan-2026"," 22.76"," 22.50"," 23.57"," 22.00"," 22.75"," 22.74"," 22.54"," 1722"," 0.39"," 76"," 1197"," 69.51"
ACI," EQ"," 02-Jan-2026"," 554.00"," 550.30"," 566.65"," 550.05"," 559.10"," 562.70"," 560.55"," 101450"," 568.68"," 5318"," 45734"," 45.08"
ACL," EQ"," 02-Jan-2026"," 65.65"," 65.65"," 67.79"," 65.40"," 67.19"," 67.02"," 66.45"," 11543"," 7.67"," 282"," 8087"," 70.06"
ACMESOLAR," EQ"," 02-Jan-2026"," 237.84"," 238.88"," 241.20"," 235.49"," 241.20"," 240.47"," 238.76"," 719847"," 1718.73"," 14856"," 467887"," 65.00"
ACTIVEINFR," SM"," 02-Jan-2026"," 170.00"," 171.00"," 171.00"," 171.00"," 171.00"," 171.00"," 171.00"," 1200"," 2.05"," 2"," 1200"," 100.00"
ACUTAAS," EQ"," 02-Jan-2026"," 1750.80"," 1737.30"," 1765.00"," 1732.50"," 1750.00"," 1749.30"," 1750.52"," 155206"," 2716.91"," 13325"," 87269"," 56.23"
ADANIENSOL," EQ"," 02-Jan-2026"," 1046.40"," 1056.90"," 1067.70"," 1050.20"," 1054.70"," 1057.90"," 1058.71"," 1370725"," 14512.06"," 29400"," 512105"," 37.36"
ADANIENT," EQ"," 02-Jan-2026"," 2260.00"," 2260.00"," 2283.70"," 2259.00"," 2278.00"," 2279.80"," 2273.24"," 715242"," 16259.14"," 31529"," 330288"," 46.18"
ADANIGREEN," EQ"," 02-Jan-2026"," 1025.90"," 1029.00"," 1043.50"," 1026.40"," 1038.40"," 1038.80"," 1035.03"," 1544713"," 15988.31"," 28884"," 673005"," 43.57"
ADANIPORTS," EQ"," 02-Jan-2026"," 1481.10"," 1480.10"," 1495.00"," 1478.30"," 1490.00"," 1489.50"," 1489.42"," 1251176"," 18635.28"," 53129"," 756122"," 60.43"
ADANIPOWER," EQ"," 02-Jan-2026"," 148.76"," 149.00"," 149.90"," 147.30"," 148.15"," 148.17"," 148.46"," 14413809"," 21398.16"," 72799"," 4872801"," 33.81"
ADFFOODS," EQ"," 02-Jan-2026"," 204.14"," 203.00"," 205.89"," 202.80"," 204.00"," 204.09"," 204.18"," 54092"," 110.45"," 1491"," 32966"," 60.94"
ADL," EQ"," 02-Jan-2026"," 77.51"," 78.75"," 79.90"," 75.01"," 79.90"," 79.23"," 78.52"," 717"," 0.56"," 40"," 387"," 53.97"
ADOR," EQ"," 02-Jan-2026"," 1043.30"," 1035.00"," 1045.80"," 1034.20"," 1036.10"," 1037.70"," 1038.38"," 5098"," 52.94"," 712"," 2540"," 49.82"
ADROITINFO," EQ"," 02-Jan-2026"," 10.16"," 10.06"," 10.38"," 10.06"," 10.14"," 10.13"," 10.12"," 67698"," 6.85"," 105"," 65691"," 97.04"
ADSL," EQ"," 02-Jan-2026"," 152.46"," 153.38"," 157.45"," 152.00"," 155.05"," 155.46"," 154.51"," 150901"," 233.16"," 2718"," 52518"," 34.80"
ADVANCE," EQ"," 02-Jan-2026"," 121.39"," 121.95"," 121.96"," 119.11"," 120.76"," 121.26"," 121.15"," 118711"," 143.82"," 1388"," 75907"," 63.94"
ADVANIHOTR," EQ"," 02-Jan-2026"," 58.12"," 58.55"," 58.55"," 57.16"," 58.20"," 58.08"," 57.96"," 35725"," 20.71"," 829"," 27511"," 77.01"
ADVENTHTL," EQ"," 02-Jan-2026"," 224.81"," 223.55"," 245.98"," 221.00"," 238.25"," 235.53"," 231.19"," 248440"," 574.36"," 4618"," 126227"," 50.81"
ADVENZYMES," EQ"," 02-Jan-2026"," 304.05"," 304.05"," 304.05"," 300.00"," 302.30"," 302.15"," 302.25"," 57382"," 173.44"," 2335"," 36395"," 63.43"
AEGISLOG," EQ"," 02-Jan-2026"," 713.30"," 715.10"," 729.45"," 708.85"," 727.80"," 726.15"," 720.73"," 175992"," 1268.43"," 13043"," 75103"," 42.67"
AEGISVOPAK," EQ"," 02-Jan-2026"," 252.22"," 251.75"," 252.78"," 247.99"," 248.80"," 248.82"," 250.04"," 260364"," 651.00"," 4820"," 135821"," 52.17"
AEQUS," EQ"," 02-Jan-2026"," 138.19"," 137.95"," 138.79"," 136.50"," 137.43"," 137.37"," 137.91"," 1335554"," 1841.84"," 46522"," 752454"," 56.34"
AEROENTER," EQ"," 02-Jan-2026"," 84.94"," 85.49"," 89.00"," 84.50"," 87.50"," 87.91"," 87.28"," 320389"," 279.64"," 4227"," 175624"," 54.82"
AEROFLEX," EQ"," 02-Jan-2026"," 192.61"," 193.88"," 200.00"," 192.02"," 198.77"," 197.57"," 197.37"," 1150014"," 2269.74"," 15995"," 452303"," 39.33"
AERON," SM"," 02-Jan-2026"," 103.50"," 102.00"," 105.00"," 102.00"," 104.90"," 104.90"," 103.89"," 40000"," 41.56"," 30"," 39000"," 97.50"
AERONEU," EQ"," 02-Jan-2026"," 74.90"," 74.50"," 78.75"," 73.93"," 74.99"," 74.95"," 75.83"," 41856"," 31.74"," 2307"," 13079"," 31.25"
AESTHETIK," SM"," 02-Jan-2026"," 88.00"," 87.00"," 90.00"," 87.00"," 89.50"," 89.50"," 88.17"," 13000"," 11.46"," 10"," 9000"," 69.23"
AETHER," EQ"," 02-Jan-2026"," 898.95"," 897.10"," 953.10"," 889.95"," 943.70"," 944.10"," 932.20"," 860409"," 8020.73"," 53188"," 348979"," 40.56"
AFCONS," EQ"," 02-Jan-2026"," 392.95"," 392.45"," 392.85"," 387.15"," 390.65"," 390.85"," 389.59"," 922482"," 3593.93"," 16667"," 782487"," 84.82"
AFFLE," EQ"," 02-Jan-2026"," 1781.40"," 1782.00"," 1792.80"," 1760.00"," 1776.00"," 1782.70"," 1780.08"," 103527"," 1842.86"," 16523"," 55963"," 54.06"
AFFORDABLE," EQ"," 02-Jan-2026"," 204.12"," 205.00"," 210.80"," 203.44"," 209.59"," 208.78"," 206.97"," 29398"," 60.84"," 1169"," 15407"," 52.41"
AFIL," EQ"," 02-Jan-2026"," 6.41"," 6.50"," 6.50"," 6.34"," 6.48"," 6.42"," 6.43"," 624436"," 40.18"," 1265"," 400070"," 64.07"
AFSL," EQ"," 02-Jan-2026"," 202.61"," 203.79"," 203.79"," 201.21"," 202.00"," 202.42"," 202.14"," 8909"," 18.01"," 485"," 4523"," 50.77"
AGARIND," EQ"," 02-Jan-2026"," 710.70"," 705.00"," 724.00"," 705.00"," 720.00"," 720.05"," 717.19"," 11920"," 85.49"," 1059"," 7263"," 60.93"
AGARWALEYE," EQ"," 02-Jan-2026"," 500.25"," 498.75"," 505.65"," 498.15"," 500.55"," 501.95"," 501.60"," 69194"," 347.07"," 7438"," 31713"," 45.83"
AGARWALFT," SM"," 02-Jan-2026"," 42.00"," 42.05"," 42.05"," 42.05"," 42.05"," 42.05"," 42.05"," 1500"," 0.63"," 1"," 1500"," 100.00"
AGARWALTUF," SM"," 02-Jan-2026"," 127.70"," 127.05"," 131.95"," 127.05"," 127.30"," 127.30"," 128.91"," 43200"," 55.69"," 35"," 27600"," 63.89"
AGI," EQ"," 02-Jan-2026"," 752.35"," 751.00"," 774.50"," 745.30"," 753.05"," 759.65"," 755.15"," 41652"," 314.54"," 2539"," 19451"," 46.70"
AGIIL," EQ"," 02-Jan-2026"," 262.75"," 264.00"," 275.00"," 263.05"," 272.50"," 273.35"," 271.05"," 493015"," 1336.31"," 10269"," 221701"," 44.97"
AGNI," SM"," 02-Jan-2026"," 23.25"," 23.35"," 23.35"," 23.35"," 23.35"," 23.35"," 23.35"," 2500"," 0.58"," 1"," 2500"," 100.00"
AGRITECH," BE"," 02-Jan-2026"," 151.67"," 154.00"," 154.00"," 150.10"," 153.70"," 153.13"," 151.67"," 3211"," 4.87"," 84"," -"," -"
AGROPHOS," EQ"," 02-Jan-2026"," 41.46"," 41.95"," 42.00"," 39.99"," 40.97"," 40.48"," 40.55"," 35814"," 14.52"," 363"," 22860"," 63.83"
AGSTRA," BZ"," 02-Jan-2026"," 4.16"," 4.19"," 4.22"," 4.10"," 4.17"," 4.15"," 4.14"," 158046"," 6.54"," 338"," -"," -"
AGUL," SM"," 02-Jan-2026"," 68.95"," 65.55"," 65.55"," 65.55"," 65.55"," 65.55"," 65.55"," 2000"," 1.31"," 1"," 2000"," 100.00"
AHCL," EQ"," 02-Jan-2026"," 148.32"," 149.70"," 161.00"," 146.50"," 154.00"," 154.70"," 155.62"," 307477"," 478.50"," 3801"," 135023"," 43.91"
AHLADA," EQ"," 02-Jan-2026"," 47.95"," 48.04"," 48.10"," 46.90"," 47.77"," 47.43"," 47.22"," 11041"," 5.21"," 185"," 8784"," 79.56"
AHLEAST," EQ"," 02-Jan-2026"," 138.33"," 137.99"," 148.01"," 137.99"," 147.99"," 147.53"," 144.90"," 11581"," 16.78"," 197"," 9293"," 80.24"
AHLUCONT," EQ"," 02-Jan-2026"," 959.20"," 969.10"," 973.95"," 957.15"," 962.00"," 960.45"," 961.86"," 69980"," 673.11"," 7803"," 38257"," 54.67"
AIAENG," EQ"," 02-Jan-2026"," 4030.10"," 4030.10"," 4097.70"," 3996.50"," 4080.00"," 4089.70"," 4061.24"," 51661"," 2098.08"," 15221"," 30243"," 58.54"
AIIL," EQ"," 02-Jan-2026"," 3136.00"," 3131.20"," 3131.20"," 3040.00"," 3047.00"," 3045.80"," 3068.69"," 104107"," 3194.72"," 10672"," 51098"," 49.08"
AILIMITED," SM"," 02-Jan-2026"," 40.00"," 39.00"," 39.00"," 39.00"," 39.00"," 39.00"," 39.00"," 1500"," 0.59"," 1"," 1500"," 100.00"
AIMTRON," ST"," 02-Jan-2026"," 859.45"," 845.00"," 888.00"," 830.00"," 885.00"," 884.00"," 864.19"," 33600"," 290.37"," 125"," 28200"," 83.93"
AIRAN," EQ"," 02-Jan-2026"," 18.06"," 18.20"," 18.43"," 17.80"," 18.40"," 18.32"," 18.22"," 48963"," 8.92"," 394"," 30616"," 62.53"
AIROLAM," EQ"," 02-Jan-2026"," 101.58"," 104.40"," 104.40"," 100.00"," 101.70"," 101.01"," 101.08"," 4438"," 4.49"," 47"," 3754"," 84.59"
AIRTELPP," E1"," 02-Jan-2026"," 1697.65"," 1664.30"," 1708.80"," 1664.30"," 1692.90"," 1687.40"," 1690.30"," 250957"," 4241.92"," 12953"," 204024"," 81.30"
AISL," SM"," 02-Jan-2026"," 84.50"," 80.40"," 80.50"," 80.30"," 80.50"," 80.50"," 80.33"," 6000"," 4.82"," 3"," 6000"," 100.00"
AJANTPHARM," EQ"," 02-Jan-2026"," 2938.40"," 2937.00"," 3020.80"," 2902.80"," 2929.00"," 2949.20"," 2962.90"," 289355"," 8573.30"," 34716"," 103487"," 35.76"
AJAXENGG," EQ"," 02-Jan-2026"," 591.20"," 590.50"," 602.80"," 579.15"," 599.70"," 595.10"," 595.25"," 48004"," 285.74"," 3454"," 18579"," 38.70"
AJMERA," EQ"," 02-Jan-2026"," 959.60"," 962.00"," 1014.00"," 961.10"," 993.75"," 1001.75"," 989.02"," 78409"," 775.48"," 3440"," 48211"," 61.49"
AJOONI," EQ"," 02-Jan-2026"," 4.33"," 4.40"," 4.40"," 4.25"," 4.33"," 4.33"," 4.30"," 219045"," 9.43"," 629"," 154001"," 70.31"
AKANKSHA," SM"," 02-Jan-2026"," 69.00"," 68.00"," 69.00"," 68.00"," 68.25"," 68.25"," 68.47"," 9000"," 6.16"," 6"," 9000"," 100.00"
AKASH," EQ"," 02-Jan-2026"," 25.27"," 25.79"," 26.99"," 25.04"," 25.75"," 25.76"," 25.82"," 7419"," 1.92"," 65"," 4957"," 66.81"
AKG," EQ"," 02-Jan-2026"," 12.30"," 12.21"," 12.69"," 12.21"," 12.56"," 12.56"," 12.46"," 34287"," 4.27"," 166"," 30949"," 90.26"
AKI," EQ"," 02-Jan-2026"," 6.56"," 6.75"," 6.85"," 6.51"," 6.83"," 6.79"," 6.67"," 70109"," 4.68"," 336"," 62347"," 88.93"
AKIKO," ST"," 02-Jan-2026"," 260.00"," 262.60"," 262.60"," 262.60"," 262.60"," 262.60"," 262.60"," 800"," 2.10"," 1"," 800"," 100.00"
AKSHAR," EQ"," 02-Jan-2026"," 0.49"," 0.50"," 0.51"," 0.50"," 0.51"," 0.50"," 0.51"," 952647"," 4.82"," 641"," 787104"," 82.62"
AKSHARCHEM," EQ"," 02-Jan-2026"," 243.52"," 241.06"," 245.90"," 234.25"," 239.00"," 239.07"," 238.75"," 10455"," 24.96"," 267"," 5627"," 53.82"
AKSHOPTFBR," EQ"," 02-Jan-2026"," 6.39"," 6.35"," 6.59"," 6.35"," 6.45"," 6.49"," 6.49"," 238968"," 15.50"," 633"," 167591"," 70.13"
AKUMS," EQ"," 02-Jan-2026"," 445.90"," 445.90"," 455.60"," 445.15"," 452.00"," 451.85"," 451.95"," 86016"," 388.75"," 3061"," 39720"," 46.18"
AKZOINDIA," EQ"," 02-Jan-2026"," 3185.90"," 3199.00"," 3218.90"," 3163.00"," 3200.00"," 3211.60"," 3191.54"," 41747"," 1332.37"," 4717"," 20670"," 49.51"
ALANKIT," EQ"," 02-Jan-2026"," 10.77"," 10.71"," 10.93"," 10.71"," 10.82"," 10.87"," 10.85"," 150607"," 16.34"," 726"," 116362"," 77.26"
ALBERTDAVD," EQ"," 02-Jan-2026"," 739.50"," 745.85"," 756.00"," 742.20"," 745.40"," 752.70"," 750.03"," 1813"," 13.60"," 184"," 1301"," 71.76"
ALCODIS," SM"," 02-Jan-2026"," 94.40"," 94.40"," 94.40"," 94.40"," 94.40"," 94.40"," 94.40"," 625"," 0.59"," 1"," 625"," 100.00"
ALEMBICLTD," EQ"," 02-Jan-2026"," 102.08"," 102.22"," 103.60"," 101.94"," 103.40"," 103.37"," 103.08"," 297137"," 306.30"," 2833"," 199981"," 67.30"
ALICON," EQ"," 02-Jan-2026"," 820.95"," 814.95"," 874.00"," 814.95"," 845.00"," 847.20"," 849.84"," 14038"," 119.30"," 1501"," 7622"," 54.30"
ALIVUS," EQ"," 02-Jan-2026"," 907.60"," 905.60"," 919.00"," 900.20"," 910.10"," 913.00"," 911.69"," 37494"," 341.83"," 5515"," 16751"," 44.68"
ALKALI," EQ"," 02-Jan-2026"," 80.73"," 80.90"," 81.50"," 78.31"," 81.49"," 81.16"," 80.25"," 24021"," 19.28"," 102"," 23158"," 96.41"
ALKEM," EQ"," 02-Jan-2026"," 5463.50"," 5498.00"," 5600.00"," 5448.50"," 5585.00"," 5592.50"," 5552.30"," 37645"," 2090.16"," 8886"," 20448"," 54.32"
ALKYLAMINE," EQ"," 02-Jan-2026"," 1618.40"," 1615.00"," 1620.00"," 1600.90"," 1608.70"," 1607.10"," 1609.12"," 25639"," 412.56"," 5558"," 12807"," 49.95"
ALLCARGO," EQ"," 02-Jan-2026"," 10.64"," 10.73"," 11.60"," 10.65"," 11.50"," 11.44"," 11.18"," 13359086"," 1493.49"," 21723"," 4736538"," 35.46"
ALLDIGI," EQ"," 02-Jan-2026"," 867.15"," 859.95"," 866.20"," 831.00"," 840.00"," 836.95"," 844.22"," 5607"," 47.34"," 634"," 3677"," 65.58"
ALLETEC," SM"," 02-Jan-2026"," 214.75"," 214.95"," 219.60"," 214.95"," 219.20"," 219.30"," 217.10"," 10800"," 23.45"," 23"," 8000"," 74.07"
ALLTIME," EQ"," 02-Jan-2026"," 262.65"," 262.00"," 266.70"," 261.70"," 263.05"," 263.35"," 263.73"," 30296"," 79.90"," 2095"," 16335"," 53.92"
ALMONDZ," EQ"," 02-Jan-2026"," 18.15"," 18.01"," 18.90"," 18.01"," 18.40"," 18.68"," 18.67"," 188723"," 35.23"," 696"," 159760"," 84.65"
ALOKINDS," EQ"," 02-Jan-2026"," 16.12"," 16.12"," 16.32"," 16.06"," 16.31"," 16.26"," 16.20"," 3157057"," 511.42"," 6119"," 1492510"," 47.28"
ALPA," EQ"," 02-Jan-2026"," 78.84"," 79.70"," 79.70"," 77.99"," 78.01"," 78.04"," 78.35"," 13112"," 10.27"," 484"," 10486"," 79.97"
ALPEXSOLAR," SM"," 02-Jan-2026"," 817.55"," 813.50"," 827.90"," 813.00"," 824.75"," 825.30"," 820.35"," 19200"," 157.51"," 151"," 12600"," 65.63"
ALPHA," EQ"," 02-Jan-2026"," 48.20"," 46.99"," 48.64"," 46.99"," 48.40"," 48.45"," 48.50"," 782717"," 379.64"," 2843"," 457177"," 58.41"
ALPHAETF," EQ"," 02-Jan-2026"," 25.06"," 25.68"," 25.68"," 25.13"," 25.36"," 25.31"," 25.30"," 508566"," 128.66"," 939"," 305693"," 60.11"
ALPHAGEO," EQ"," 02-Jan-2026"," 226.42"," 225.69"," 230.00"," 225.69"," 229.95"," 229.64"," 228.78"," 2395"," 5.48"," 160"," 1861"," 77.70"
ALPL30IETF," EQ"," 02-Jan-2026"," 27.94"," 28.63"," 28.63"," 27.92"," 28.07"," 28.03"," 28.04"," 1123880"," 315.09"," 1262"," 803191"," 71.47"
ALUWIND," SM"," 02-Jan-2026"," 71.00"," 69.20"," 69.50"," 69.20"," 69.35"," 69.35"," 69.31"," 6000"," 4.16"," 4"," 4500"," 75.00"
AMANTA," EQ"," 02-Jan-2026"," 106.91"," 107.90"," 112.24"," 106.64"," 110.90"," 109.74"," 110.35"," 157859"," 174.19"," 4412"," 113798"," 72.09"
AMBER," EQ"," 02-Jan-2026"," 6447.50"," 6440.00"," 6549.50"," 6420.00"," 6485.00"," 6482.50"," 6484.74"," 161308"," 10460.41"," 20767"," 55810"," 34.60"
AMBICAAGAR," EQ"," 02-Jan-2026"," 25.19"," 25.05"," 25.82"," 25.05"," 25.22"," 25.50"," 25.45"," 2344"," 0.60"," 58"," 1885"," 80.42"
AMBIKCO," EQ"," 02-Jan-2026"," 1243.30"," 1238.10"," 1259.90"," 1231.10"," 1240.10"," 1247.20"," 1244.04"," 4556"," 56.68"," 713"," 2786"," 61.15"
AMBUJACEM," EQ"," 02-Jan-2026"," 559.65"," 560.00"," 566.50"," 558.15"," 566.05"," 565.40"," 563.32"," 1371653"," 7726.74"," 23360"," 542253"," 39.53"
AMCL," ST"," 02-Jan-2026"," 355.10"," 347.10"," 358.00"," 345.50"," 358.00"," 358.00"," 348.06"," 40800"," 142.01"," 47"," 40000"," 98.04"
AMDIND," EQ"," 02-Jan-2026"," 47.87"," 47.86"," 49.22"," 46.96"," 47.50"," 47.29"," 47.79"," 23309"," 11.14"," 274"," 10648"," 45.68"
AMEYA," SM"," 02-Jan-2026"," 99.95"," 104.00"," 104.90"," 102.00"," 102.00"," 102.00"," 104.47"," 10000"," 10.45"," 8"," 10000"," 100.00"
AMJLAND," EQ"," 02-Jan-2026"," 52.78"," 52.90"," 52.90"," 50.90"," 51.00"," 51.37"," 51.55"," 39112"," 20.16"," 343"," 29162"," 74.56"
AMJUMBO," SM"," 02-Jan-2026"," 9.95"," 10.00"," 10.00"," 10.00"," 10.00"," 10.00"," 10.00"," 8000"," 0.80"," 1"," 8000"," 100.00"
AMNPLST," EQ"," 02-Jan-2026"," 191.18"," 194.01"," 197.88"," 187.60"," 192.10"," 192.33"," 192.89"," 5894"," 11.37"," 254"," 4038"," 68.51"
AMRUTANJAN," EQ"," 02-Jan-2026"," 667.20"," 670.50"," 676.50"," 668.15"," 672.00"," 672.75"," 673.37"," 4734"," 31.88"," 451"," 2969"," 62.72"
ANANDRATHI," EQ"," 02-Jan-2026"," 3094.90"," 3074.00"," 3107.50"," 3055.00"," 3079.00"," 3079.40"," 3080.80"," 149134"," 4594.53"," 16093"," 92158"," 61.80"
ANANTAM," IV"," 02-Jan-2026"," 103.85"," 103.82"," 104.05"," 103.76"," 103.76"," 103.98"," 103.99"," 29597"," 30.78"," 139"," 29312"," 99.04"
ANANTRAJ," EQ"," 02-Jan-2026"," 552.50"," 552.50"," 588.00"," 552.00"," 586.00"," 584.05"," 576.05"," 5453591"," 31415.68"," 93890"," 2003520"," 36.74"
ANDHRAPAP," EQ"," 02-Jan-2026"," 67.01"," 67.80"," 67.80"," 66.91"," 67.50"," 67.45"," 67.45"," 183406"," 123.71"," 1471"," 152629"," 83.22"
ANDHRSUGAR," EQ"," 02-Jan-2026"," 75.92"," 75.50"," 76.25"," 75.10"," 76.24"," 75.98"," 75.76"," 103077"," 78.10"," 1181"," 59325"," 57.55"
ANGELONE," EQ"," 02-Jan-2026"," 2362.80"," 2375.00"," 2402.70"," 2357.00"," 2394.00"," 2387.90"," 2377.64"," 1052817"," 25032.24"," 30332"," 546420"," 51.90"
ANIKINDS," EQ"," 02-Jan-2026"," 51.78"," 52.01"," 53.52"," 51.50"," 51.61"," 51.80"," 51.97"," 6621"," 3.44"," 285"," 3645"," 55.05"
ANKITMETAL," BZ"," 02-Jan-2026"," 1.73"," 1.80"," 1.80"," 1.70"," 1.75"," 1.75"," 1.77"," 33127"," 0.59"," 36"," -"," -"
ANLON," SM"," 02-Jan-2026"," 409.00"," 400.00"," 400.00"," 396.95"," 396.95"," 396.95"," 398.70"," 1200"," 4.78"," 3"," 800"," 66.67"
ANMOL," EQ"," 02-Jan-2026"," 13.87"," 13.86"," 14.75"," 13.71"," 14.75"," 14.26"," 14.11"," 66918"," 9.44"," 356"," 51365"," 76.76"
ANNAPURNA," SM"," 02-Jan-2026"," 194.85"," 194.90"," 197.85"," 193.50"," 194.95"," 194.30"," 194.47"," 159000"," 309.21"," 86"," 138250"," 86.95"
ANONDITA," ST"," 02-Jan-2026"," 1032.90"," 1013.05"," 1013.05"," 1012.25"," 1012.25"," 1012.25"," 1012.96"," 17000"," 172.20"," 11"," 17000"," 100.00"
ANSALAPI," BZ"," 02-Jan-2026"," 3.36"," 3.31"," 3.40"," 3.30"," 3.34"," 3.33"," 3.33"," 44909"," 1.50"," 92"," -"," -"
ANTELOPUS," EQ"," 02-Jan-2026"," 411.25"," 413.95"," 418.40"," 400.60"," 408.35"," 406.40"," 408.50"," 37003"," 151.16"," 1371"," 22667"," 61.26"
ANTGRAPHIC," EQ"," 02-Jan-2026"," 1.07"," 1.10"," 1.10"," 1.03"," 1.05"," 1.04"," 1.07"," 518433"," 5.54"," 397"," 430326"," 83.01"
ANTHEM," EQ"," 02-Jan-2026"," 638.10"," 639.10"," 656.55"," 634.70"," 651.05"," 654.45"," 647.73"," 234169"," 1516.78"," 18535"," 106096"," 45.31"
ANUHPHR," EQ"," 02-Jan-2026"," 78.69"," 79.36"," 81.28"," 78.62"," 81.28"," 80.20"," 79.52"," 21816"," 17.35"," 538"," 14540"," 66.65"
ANUP," EQ"," 02-Jan-2026"," 2231.80"," 2228.20"," 2274.90"," 2215.00"," 2264.00"," 2256.40"," 2254.41"," 10675"," 240.66"," 2443"," 5424"," 50.81"
ANURAS," EQ"," 02-Jan-2026"," 1326.50"," 1326.00"," 1330.00"," 1311.20"," 1325.70"," 1325.30"," 1322.77"," 274524"," 3631.33"," 6720"," 56935"," 20.74"
ANZEN," IV"," 02-Jan-2026"," 117.35"," 116.00"," 116.00"," 116.00"," 116.00"," 116.00"," 116.00"," 25000"," 29.00"," 1"," 25000"," 100.00"
AONEGOLD," EQ"," 02-Jan-2026"," 12.51"," 12.67"," 12.69"," 12.46"," 12.61"," 12.61"," 12.58"," 1510902"," 190.09"," 2913"," 1053777"," 69.74"
AONELIQUID," EQ"," 02-Jan-2026"," 1040.99"," 1041.44"," 1041.44"," 1041.42"," 1041.44"," 1041.43"," 1041.44"," 55639"," 579.44"," 397"," 40735"," 73.21"
AONENIFTY," EQ"," 02-Jan-2026"," 10.70"," 11.02"," 11.02"," 10.68"," 10.77"," 10.77"," 10.76"," 278376"," 29.96"," 1659"," 173507"," 62.33"
AONETMMQ50," EQ"," 02-Jan-2026"," 9.64"," 9.69"," 9.77"," 9.60"," 9.71"," 9.70"," 9.68"," 39006"," 3.78"," 185"," 32164"," 82.46"
AONETOTAL," EQ"," 02-Jan-2026"," 12.06"," 12.36"," 12.36"," 11.70"," 12.14"," 12.14"," 12.13"," 534921"," 64.88"," 2691"," 306508"," 57.30"
APARINDS," EQ"," 02-Jan-2026"," 8327.50"," 8379.00"," 8394.00"," 8245.00"," 8270.50"," 8264.50"," 8303.48"," 32960"," 2736.83"," 8568"," 17168"," 52.09"
APCL," EQ"," 02-Jan-2026"," 127.66"," 127.50"," 128.89"," 123.01"," 123.60"," 124.76"," 125.17"," 13175"," 16.49"," 569"," 8024"," 60.90"
APCOTEXIND," EQ"," 02-Jan-2026"," 366.00"," 365.10"," 372.70"," 365.10"," 370.25"," 370.85"," 368.84"," 8931"," 32.94"," 683"," 5359"," 60.00"
APEX," EQ"," 02-Jan-2026"," 290.65"," 290.00"," 301.90"," 287.65"," 297.00"," 295.95"," 294.74"," 743671"," 2191.88"," 20335"," 139946"," 18.82"
APEXECO," SM"," 02-Jan-2026"," 131.00"," 131.00"," 131.00"," 131.00"," 131.00"," 131.00"," 131.00"," 800"," 1.05"," 1"," 800"," 100.00"
APLAPOLLO," EQ"," 02-Jan-2026"," 1970.00"," 1975.00"," 1993.70"," 1921.60"," 1930.20"," 1931.90"," 1941.85"," 755936"," 14679.14"," 38184"," 373258"," 49.38"
APLLTD," EQ"," 02-Jan-2026"," 837.65"," 835.00"," 847.50"," 832.70"," 838.95"," 835.05"," 839.01"," 72417"," 607.58"," 3224"," 47483"," 65.57"
APOLLO," EQ"," 02-Jan-2026"," 276.00"," 276.95"," 279.15"," 268.25"," 271.90"," 271.90"," 273.14"," 3298677"," 9010.17"," 31755"," 1373660"," 41.64"
APOLLOHOSP," EQ"," 02-Jan-2026"," 7111.50"," 7130.00"," 7151.00"," 7075.50"," 7123.50"," 7129.50"," 7110.57"," 353245"," 25117.75"," 28652"," 219243"," 62.07"
APOLLOPIPE," EQ"," 02-Jan-2026"," 293.50"," 293.50"," 294.45"," 289.00"," 290.00"," 289.75"," 290.93"," 118484"," 344.70"," 2970"," 74386"," 62.78"
APOLLOTYRE," EQ"," 02-Jan-2026"," 494.20"," 494.20"," 500.50"," 492.00"," 497.55"," 497.25"," 497.32"," 399501"," 1986.78"," 21657"," 194687"," 48.73"
APOLSINHOT," EQ"," 02-Jan-2026"," 1208.60"," 1208.60"," 1210.00"," 1150.00"," 1184.00"," 1188.00"," 1171.41"," 3309"," 38.76"," 413"," 2372"," 71.68"
APRAMEYA," SM"," 02-Jan-2026"," 301.10"," 302.60"," 307.00"," 300.00"," 302.00"," 302.00"," 302.47"," 15000"," 45.37"," 28"," 10500"," 70.00"
APS," SM"," 02-Jan-2026"," 370.35"," 368.50"," 375.50"," 368.00"," 372.30"," 372.25"," 371.04"," 17750"," 65.86"," 50"," 13250"," 74.65"
APTECHT," EQ"," 02-Jan-2026"," 89.82"," 89.92"," 95.60"," 89.92"," 93.80"," 94.02"," 93.45"," 347051"," 324.31"," 4385"," 136001"," 39.19"
APTUS," EQ"," 02-Jan-2026"," 282.05"," 282.50"," 284.40"," 280.50"," 284.20"," 283.80"," 282.51"," 399826"," 1129.55"," 11789"," 243721"," 60.96"
ARABIAN," SM"," 02-Jan-2026"," 71.00"," 74.50"," 74.50"," 70.15"," 73.80"," 73.75"," 73.26"," 22000"," 16.12"," 10"," 8000"," 36.36"
ARCHIDPLY," EQ"," 02-Jan-2026"," 90.90"," 91.97"," 91.97"," 88.50"," 89.97"," 89.41"," 89.22"," 15190"," 13.55"," 150"," 10509"," 69.18"
ARCHIES," EQ"," 02-Jan-2026"," 18.50"," 18.50"," 18.73"," 17.85"," 18.67"," 18.43"," 18.35"," 20149"," 3.70"," 154"," 12513"," 62.10"
ARCIIL," SM"," 02-Jan-2026"," 66.50"," 67.00"," 67.00"," 67.00"," 67.00"," 67.00"," 67.00"," 4000"," 2.68"," 1"," 4000"," 100.00"
ARE&M," EQ"," 02-Jan-2026"," 927.80"," 928.00"," 933.50"," 920.00"," 929.50"," 928.30"," 927.61"," 256457"," 2378.91"," 18613"," 130513"," 50.89"
ARENTERP," EQ"," 02-Jan-2026"," 46.97"," 47.00"," 47.00"," 44.75"," 44.75"," 44.89"," 45.32"," 3891"," 1.76"," 60"," 3136"," 80.60"
ARFIN," EQ"," 02-Jan-2026"," 74.89"," 75.10"," 75.11"," 73.80"," 74.90"," 74.78"," 74.66"," 2501832"," 1867.88"," 3607"," 1322181"," 52.85"
ARHAM," ST"," 02-Jan-2026"," 151.10"," 155.00"," 155.00"," 151.00"," 151.50"," 151.50"," 152.76"," 15000"," 22.91"," 13"," 13000"," 86.67"
ARIES," EQ"," 02-Jan-2026"," 327.15"," 326.15"," 348.00"," 325.30"," 345.25"," 345.45"," 339.39"," 57937"," 196.63"," 3092"," 30022"," 51.82"
ARIHANTCAP," EQ"," 02-Jan-2026"," 89.49"," 89.60"," 91.71"," 89.53"," 90.12"," 90.57"," 90.67"," 214028"," 194.06"," 2747"," 93216"," 43.55"
ARIHANTSUP," EQ"," 02-Jan-2026"," 344.10"," 343.25"," 352.40"," 340.05"," 340.05"," 343.00"," 347.06"," 35743"," 124.05"," 1144"," 7382"," 20.65"
ARISINFRA," EQ"," 02-Jan-2026"," 128.38"," 128.60"," 132.15"," 128.53"," 131.78"," 131.44"," 130.57"," 89344"," 116.65"," 1992"," 40464"," 45.29"
ARKADE," EQ"," 02-Jan-2026"," 135.89"," 136.00"," 137.40"," 135.15"," 137.30"," 137.21"," 136.57"," 279815"," 382.13"," 2755"," 132467"," 47.34"
ARMANFIN," EQ"," 02-Jan-2026"," 1568.70"," 1568.70"," 1568.70"," 1492.80"," 1515.00"," 1520.90"," 1516.02"," 46623"," 706.81"," 6418"," 24861"," 53.32"
AROGRANITE," EQ"," 02-Jan-2026"," 33.04"," 33.48"," 36.20"," 32.05"," 33.19"," 32.87"," 34.18"," 209880"," 71.74"," 1325"," 46853"," 22.32"
ARROWGREEN," EQ"," 02-Jan-2026"," 502.35"," 498.75"," 519.70"," 498.75"," 515.80"," 516.05"," 512.96"," 21410"," 109.83"," 1419"," 12001"," 56.05"
ARSHIYA," BZ"," 02-Jan-2026"," 1.29"," 1.32"," 1.32"," 1.24"," 1.27"," 1.25"," 1.27"," 55204"," 0.70"," 76"," -"," -"
ARSSBL," EQ"," 02-Jan-2026"," 632.70"," 634.00"," 659.85"," 634.00"," 658.00"," 656.45"," 652.82"," 1135765"," 7414.50"," 25157"," 364192"," 32.07"
ARTEMISMED," EQ"," 02-Jan-2026"," 278.90"," 278.90"," 280.00"," 274.80"," 279.70"," 276.15"," 276.42"," 166739"," 460.90"," 5007"," 104163"," 62.47"
ARTNIRMAN," EQ"," 02-Jan-2026"," 47.70"," 47.50"," 49.68"," 46.50"," 46.52"," 46.67"," 47.30"," 4304"," 2.04"," 49"," 2384"," 55.39"
ARUNAYA," SM"," 02-Jan-2026"," 19.90"," 20.20"," 20.20"," 19.90"," 20.00"," 20.00"," 20.13"," 14000"," 2.82"," 5"," 14000"," 100.00"
ARVEE," BE"," 02-Jan-2026"," 204.13"," 202.09"," 202.09"," 194.10"," 200.00"," 199.93"," 197.23"," 4639"," 9.15"," 129"," -"," -"
ARVIND," EQ"," 02-Jan-2026"," 318.65"," 318.15"," 320.25"," 316.50"," 319.00"," 318.35"," 318.12"," 108491"," 345.14"," 5071"," 54899"," 50.60"
ARVINDFASN," EQ"," 02-Jan-2026"," 507.95"," 505.00"," 511.35"," 502.10"," 510.25"," 510.55"," 507.95"," 123260"," 626.10"," 11234"," 63294"," 51.35"
ARVINDPORT," SM"," 02-Jan-2026"," 39.65"," 39.95"," 41.60"," 38.45"," 41.60"," 41.60"," 40.24"," 30000"," 12.07"," 19"," 22500"," 75.00"
ARVSMART," EQ"," 02-Jan-2026"," 596.25"," 592.00"," 598.35"," 591.00"," 594.45"," 594.30"," 594.09"," 12664"," 75.24"," 1377"," 6292"," 49.68"
ASAHIINDIA," EQ"," 02-Jan-2026"," 997.60"," 999.00"," 1004.90"," 988.60"," 991.20"," 992.10"," 993.63"," 54590"," 542.42"," 5777"," 19680"," 36.05"
ASAHISONG," EQ"," 02-Jan-2026"," 262.20"," 260.50"," 268.10"," 259.00"," 261.20"," 260.95"," 262.92"," 7079"," 18.61"," 351"," 4388"," 61.99"
ASAL," EQ"," 02-Jan-2026"," 482.50"," 483.50"," 494.70"," 480.70"," 487.00"," 485.10"," 485.79"," 22389"," 108.76"," 1868"," 10840"," 48.42"
ASALCBR," EQ"," 02-Jan-2026"," 950.50"," 949.10"," 955.00"," 944.15"," 954.50"," 952.30"," 949.31"," 19707"," 187.08"," 2240"," 11633"," 59.03"
ASCOM," ST"," 02-Jan-2026"," 126.50"," 126.70"," 128.00"," 126.70"," 128.00"," 128.00"," 127.28"," 2500"," 3.18"," 4"," 2500"," 100.00"
ASHAPURMIN," EQ"," 02-Jan-2026"," 862.30"," 865.90"," 906.55"," 865.90"," 901.00"," 901.00"," 895.75"," 783999"," 7022.69"," 26587"," 268611"," 34.26"
ASHIANA," EQ"," 02-Jan-2026"," 283.05"," 284.40"," 289.10"," 282.20"," 285.60"," 286.00"," 286.16"," 17502"," 50.08"," 1234"," 7960"," 45.48"
ASHIMASYN," EQ"," 02-Jan-2026"," 19.20"," 19.89"," 19.95"," 19.25"," 19.41"," 19.44"," 19.49"," 113750"," 22.18"," 569"," 78576"," 69.08"
ASHOKA," EQ"," 02-Jan-2026"," 167.88"," 167.88"," 170.50"," 167.22"," 169.50"," 169.36"," 168.96"," 606081"," 1024.01"," 6690"," 336561"," 55.53"
ASHOKAMET," EQ"," 02-Jan-2026"," 15.57"," 15.40"," 15.72"," 15.40"," 15.71"," 15.68"," 15.66"," 21797"," 3.41"," 146"," 12556"," 57.60"
ASHOKLEY," EQ"," 02-Jan-2026"," 184.88"," 185.00"," 190.00"," 183.77"," 187.90"," 188.78"," 188.11"," 25388934"," 47759.31"," 134787"," 9267420"," 36.50"
ASHWINI," ST"," 02-Jan-2026"," 137.25"," 138.00"," 138.50"," 137.75"," 137.75"," 138.10"," 137.93"," 11000"," 15.17"," 11"," 11000"," 100.00"
ASIANENE," EQ"," 02-Jan-2026"," 283.35"," 282.25"," 290.00"," 281.45"," 288.85"," 288.10"," 286.41"," 21114"," 60.47"," 718"," 13101"," 62.05"
ASIANHOTNR," EQ"," 02-Jan-2026"," 326.95"," 328.85"," 329.00"," 320.10"," 329.00"," 324.00"," 325.20"," 16612"," 54.02"," 285"," 2600"," 15.65"
ASIANPAINT," EQ"," 02-Jan-2026"," 2752.00"," 2755.80"," 2799.00"," 2755.80"," 2771.60"," 2772.60"," 2773.17"," 508884"," 14112.22"," 34439"," 242199"," 47.59"
ASIANTILES," EQ"," 02-Jan-2026"," 76.52"," 76.50"," 77.20"," 75.02"," 76.30"," 76.65"," 76.36"," 2764605"," 2111.00"," 9094"," 1022262"," 36.98"
ASKAUTOLTD," EQ"," 02-Jan-2026"," 478.30"," 483.00"," 487.00"," 478.05"," 484.00"," 482.10"," 482.14"," 124916"," 602.27"," 5391"," 64552"," 51.68"
ASMS," EQ"," 02-Jan-2026"," 11.95"," 11.96"," 12.15"," 11.90"," 12.00"," 12.00"," 12.01"," 195457"," 23.47"," 395"," 160834"," 82.29"
ASPINWALL," EQ"," 02-Jan-2026"," 257.15"," 252.05"," 257.15"," 238.35"," 238.95"," 241.05"," 248.02"," 28420"," 70.49"," 1083"," 16982"," 59.75"
ASPIRE," SM"," 02-Jan-2026"," 15.50"," 15.40"," 16.20"," 15.30"," 16.20"," 16.20"," 15.52"," 12000"," 1.86"," 3"," 12000"," 100.00"
ASTEC," EQ"," 02-Jan-2026"," 709.15"," 710.00"," 721.00"," 705.05"," 715.05"," 715.15"," 715.44"," 51761"," 370.32"," 2307"," 13477"," 26.04"
ASTERDM," EQ"," 02-Jan-2026"," 606.70"," 609.70"," 617.10"," 605.00"," 615.95"," 613.90"," 610.39"," 482500"," 2945.14"," 25596"," 269697"," 55.90"
ASTRAL," EQ"," 02-Jan-2026"," 1434.90"," 1443.00"," 1460.00"," 1434.10"," 1454.90"," 1453.40"," 1450.83"," 441304"," 6402.57"," 22252"," 204315"," 46.30"
ASTRAMICRO," EQ"," 02-Jan-2026"," 983.00"," 982.05"," 985.80"," 957.10"," 966.80"," 963.35"," 965.20"," 188172"," 1816.24"," 12749"," 111691"," 59.36"
ASTRAZEN," EQ"," 02-Jan-2026"," 8777.50"," 8798.50"," 8800.50"," 8561.50"," 8600.00"," 8601.50"," 8628.31"," 34247"," 2954.94"," 11533"," 18953"," 55.34"
ASTRON," EQ"," 02-Jan-2026"," 6.05"," 6.05"," 6.17"," 6.00"," 6.06"," 6.02"," 6.04"," 56442"," 3.41"," 192"," 37609"," 66.63"
ATALREAL," EQ"," 02-Jan-2026"," 26.00"," 26.00"," 26.25"," 25.74"," 26.20"," 25.97"," 25.98"," 2770970"," 719.99"," 2749"," 857449"," 30.94"
ATAM," EQ"," 02-Jan-2026"," 82.45"," 84.21"," 84.21"," 81.50"," 82.50"," 82.58"," 82.54"," 18527"," 15.29"," 155"," 16119"," 87.00"
ATCENERGY," SM"," 02-Jan-2026"," 37.45"," 37.45"," 37.95"," 35.10"," 36.80"," 36.60"," 36.43"," 27600"," 10.05"," 19"," 16800"," 60.87"
ATGL," EQ"," 02-Jan-2026"," 594.10"," 588.50"," 591.80"," 585.10"," 587.55"," 587.60"," 588.12"," 809537"," 4761.02"," 21040"," 242119"," 29.91"
ATHERENERG," EQ"," 02-Jan-2026"," 738.50"," 738.00"," 753.80"," 736.05"," 741.75"," 741.65"," 744.38"," 1251316"," 9314.59"," 26677"," 531823"," 42.50"
ATL," EQ"," 02-Jan-2026"," 28.38"," 28.53"," 28.69"," 27.90"," 28.36"," 28.19"," 28.11"," 173215"," 48.69"," 1177"," 100733"," 58.15"
ATLANTAA," BE"," 02-Jan-2026"," 43.93"," 44.30"," 46.00"," 43.60"," 45.00"," 44.45"," 44.72"," 89498"," 40.03"," 385"," -"," -"
ATLANTAELE," EQ"," 02-Jan-2026"," 893.90"," 909.95"," 945.00"," 894.40"," 915.00"," 907.35"," 919.07"," 117260"," 1077.70"," 6832"," 53619"," 45.73"
ATLASCYCLE," EQ"," 02-Jan-2026"," 107.27"," 108.90"," 108.90"," 103.25"," 105.00"," 104.39"," 105.27"," 8374"," 8.82"," 296"," 5383"," 64.28"
ATLPP," E1"," 02-Jan-2026"," 12.25"," 12.25"," 13.00"," 11.60"," 13.00"," 12.29"," 12.25"," 55333"," 6.78"," 261"," 37717"," 68.16"
ATMASTCO," SM"," 02-Jan-2026"," 133.30"," 133.00"," 135.00"," 131.05"," 132.85"," 131.95"," 133.28"," 20800"," 27.72"," 34"," 16400"," 78.85"
ATUL," EQ"," 02-Jan-2026"," 6169.00"," 6200.00"," 6200.00"," 6091.00"," 6097.50"," 6109.50"," 6122.46"," 11362"," 695.63"," 2703"," 5286"," 46.52"
ATULAUTO," EQ"," 02-Jan-2026"," 473.80"," 473.80"," 484.75"," 462.00"," 463.00"," 464.10"," 473.27"," 333656"," 1579.10"," 12194"," 74922"," 22.45"
AUBANK," EQ"," 02-Jan-2026"," 999.45"," 1002.90"," 1011.00"," 997.05"," 999.45"," 999.40"," 1002.86"," 1014538"," 10174.36"," 35231"," 542385"," 53.46"
AURIGROW," BE"," 02-Jan-2026"," 0.73"," 0.70"," 0.70"," 0.70"," 0.70"," 0.70"," 0.70"," 2907642"," 20.35"," 2068"," -"," -"
AURIONPRO," EQ"," 02-Jan-2026"," 1060.40"," 1064.80"," 1090.00"," 1047.60"," 1085.00"," 1086.20"," 1068.11"," 101450"," 1083.60"," 9995"," 50814"," 50.09"
AUROIMPEX," SM"," 02-Jan-2026"," 40.00"," 40.55"," 40.55"," 39.25"," 39.25"," 39.25"," 39.88"," 11200"," 4.47"," 7"," 9600"," 85.71"
AUROPHARMA," EQ"," 02-Jan-2026"," 1193.00"," 1200.70"," 1217.50"," 1192.00"," 1215.00"," 1215.40"," 1208.13"," 516055"," 6234.59"," 20358"," 184973"," 35.84"
AURUM," EQ"," 02-Jan-2026"," 188.25"," 185.45"," 188.09"," 185.45"," 187.00"," 187.11"," 187.06"," 30471"," 57.00"," 735"," 22304"," 73.20"
AUSOMENT," EQ"," 02-Jan-2026"," 108.42"," 111.90"," 112.90"," 107.32"," 110.05"," 110.63"," 110.09"," 7371"," 8.11"," 356"," 4178"," 56.68"
AUTOAXLES," EQ"," 02-Jan-2026"," 1881.60"," 1893.50"," 1974.90"," 1878.90"," 1960.00"," 1969.20"," 1943.89"," 42899"," 833.91"," 4220"," 20740"," 48.35"
AUTOBEES," EQ"," 02-Jan-2026"," 292.80"," 294.00"," 297.00"," 293.00"," 297.00"," 296.09"," 295.74"," 1130454"," 3343.23"," 5794"," 759177"," 67.16"
AUTOIETF," EQ"," 02-Jan-2026"," 29.29"," 29.65"," 29.70"," 29.29"," 29.65"," 29.65"," 29.60"," 1137447"," 336.71"," 3152"," 873400"," 76.79"
AUTOIND," EQ"," 02-Jan-2026"," 79.77"," 79.98"," 80.88"," 79.00"," 79.05"," 79.35"," 79.81"," 178361"," 142.35"," 1548"," 123099"," 69.02"
AVADHSUGAR," EQ"," 02-Jan-2026"," 366.40"," 368.30"," 375.00"," 366.05"," 375.00"," 373.60"," 371.76"," 13511"," 50.23"," 879"," 8303"," 61.45"
AVALON," EQ"," 02-Jan-2026"," 882.40"," 882.40"," 896.90"," 859.15"," 891.10"," 893.75"," 882.00"," 333048"," 2937.47"," 25388"," 183012"," 54.95"
AVANTEL," EQ"," 02-Jan-2026"," 156.48"," 155.00"," 159.35"," 155.00"," 157.75"," 157.67"," 157.24"," 820637"," 1290.35"," 8481"," 290950"," 35.45"
AVANTIFEED," EQ"," 02-Jan-2026"," 878.50"," 880.45"," 887.20"," 865.50"," 880.35"," 880.25"," 875.87"," 785318"," 6878.37"," 27687"," 225538"," 28.72"
AVG," EQ"," 02-Jan-2026"," 175.38"," 187.90"," 187.90"," 173.25"," 174.10"," 175.15"," 177.13"," 9341"," 16.55"," 294"," 5513"," 59.02"
AVIANSH," SM"," 02-Jan-2026"," 116.50"," 116.75"," 117.25"," 116.75"," 117.25"," 117.25"," 117.07"," 18000"," 21.07"," 14"," 18000"," 100.00"
AVL," EQ"," 02-Jan-2026"," 482.00"," 491.00"," 491.00"," 480.00"," 481.50"," 483.55"," 484.14"," 94285"," 456.47"," 6931"," 58094"," 61.62"
AVONMORE," EQ"," 02-Jan-2026"," 18.69"," 18.55"," 18.99"," 18.51"," 18.72"," 18.65"," 18.60"," 112619"," 20.95"," 346"," 87464"," 77.66"
AVPINFRA," SM"," 02-Jan-2026"," 118.35"," 118.10"," 121.45"," 118.10"," 119.05"," 119.70"," 119.28"," 44000"," 52.48"," 50"," 36800"," 83.64"
AVROIND," EQ"," 02-Jan-2026"," 118.94"," 118.84"," 119.99"," 116.21"," 119.75"," 117.78"," 118.45"," 5466"," 6.47"," 604"," 2684"," 49.10"
AVTNPL," EQ"," 02-Jan-2026"," 67.03"," 68.22"," 68.22"," 66.81"," 67.50"," 67.51"," 67.37"," 26608"," 17.93"," 570"," 20025"," 75.26"
AWFIS," EQ"," 02-Jan-2026"," 498.40"," 498.40"," 500.10"," 492.00"," 495.95"," 493.90"," 495.22"," 43553"," 215.68"," 2658"," 21778"," 50.00"
AWHCL," EQ"," 02-Jan-2026"," 486.00"," 490.00"," 495.05"," 484.30"," 493.80"," 492.65"," 490.33"," 93619"," 459.04"," 4511"," 31896"," 34.07"
AWL," EQ"," 02-Jan-2026"," 239.45"," 240.00"," 240.00"," 234.10"," 234.50"," 236.27"," 237.64"," 2541764"," 6040.29"," 19741"," 1850672"," 72.81"
AXISBANK," EQ"," 02-Jan-2026"," 1274.40"," 1273.90"," 1281.80"," 1264.30"," 1269.00"," 1266.90"," 1271.65"," 5860547"," 74525.38"," 211555"," 4315363"," 73.63"
AXISBNKETF," EQ"," 02-Jan-2026"," 613.10"," 614.00"," 618.74"," 614.00"," 618.12"," 617.08"," 616.75"," 819"," 5.05"," 50"," 614"," 74.97"
AXISBPSETF," EQ"," 02-Jan-2026"," 13.12"," 13.44"," 13.44"," 13.05"," 13.13"," 13.12"," 13.11"," 184418"," 24.18"," 435"," 148335"," 80.43"
AXISCADES," BE"," 02-Jan-2026"," 1342.70"," 1342.00"," 1384.10"," 1320.00"," 1369.50"," 1373.80"," 1350.59"," 34730"," 469.06"," 1566"," -"," -"
AXISCETF," EQ"," 02-Jan-2026"," 126.49"," 124.90"," 127.14"," 124.90"," 126.10"," 125.76"," 126.05"," 13575"," 17.11"," 66"," 8988"," 66.21"
AXISGOLD," EQ"," 02-Jan-2026"," 111.43"," 113.63"," 113.63"," 111.48"," 112.92"," 112.90"," 112.38"," 1721212"," 1934.37"," 4114"," 1473672"," 85.62"
AXISHCETF," EQ"," 02-Jan-2026"," 148.77"," 148.77"," 149.70"," 148.03"," 149.70"," 149.29"," 149.20"," 3113"," 4.64"," 69"," 1779"," 57.15"
AXISILVER," EQ"," 02-Jan-2026"," 225.11"," 225.66"," 232.90"," 218.30"," 230.90"," 230.91"," 229.91"," 1248058"," 2869.37"," 7144"," 646449"," 51.80"
AXISNIFTY," EQ"," 02-Jan-2026"," 286.71"," 289.49"," 289.49"," 286.84"," 289.18"," 288.97"," 288.58"," 44435"," 128.23"," 183"," 44224"," 99.53"
AXISTECETF," EQ"," 02-Jan-2026"," 416.47"," 415.48"," 418.29"," 415.29"," 418.29"," 418.03"," 415.91"," 6585"," 27.39"," 91"," 4505"," 68.41"
AXISVALUE," EQ"," 02-Jan-2026"," 31.69"," 32.08"," 32.32"," 31.41"," 32.29"," 32.28"," 32.09"," 68142"," 21.87"," 254"," 64426"," 94.55"
AXITA," BE"," 02-Jan-2026"," 12.35"," 11.74"," 11.74"," 11.74"," 11.74"," 11.74"," 11.74"," 186776"," 21.93"," 585"," -"," -"
AXSENSEX," EQ"," 02-Jan-2026"," 87.80"," 87.60"," 88.29"," 87.60"," 88.10"," 88.09"," 88.09"," 1092"," 0.96"," 44"," 886"," 81.14"
AYMSYNTEX," EQ"," 02-Jan-2026"," 170.58"," 172.25"," 173.60"," 167.50"," 169.01"," 170.22"," 169.19"," 5900"," 9.98"," 643"," 2321"," 39.34"
AZAD," EQ"," 02-Jan-2026"," 1625.80"," 1626.00"," 1656.00"," 1626.00"," 1655.00"," 1652.80"," 1646.35"," 62473"," 1028.52"," 7415"," 37650"," 60.27"
BABAFP," SM"," 02-Jan-2026"," 33.25"," 33.90"," 33.90"," 31.35"," 32.10"," 32.10"," 32.81"," 6400"," 2.10"," 4"," 4800"," 75.00"
BAFNAPH," BE"," 02-Jan-2026"," 148.39"," 148.39"," 152.50"," 145.35"," 151.90"," 151.15"," 149.45"," 2574"," 3.85"," 48"," -"," -"
BAGDIGITAL," SM"," 02-Jan-2026"," 120.00"," 121.50"," 122.25"," 121.50"," 122.25"," 122.25"," 121.88"," 3200"," 3.90"," 2"," 3200"," 100.00"
BAGFILMS," EQ"," 02-Jan-2026"," 6.27"," 6.23"," 6.39"," 6.17"," 6.26"," 6.27"," 6.25"," 157900"," 9.87"," 340"," 133867"," 84.78"
BAHETI," SM"," 02-Jan-2026"," 605.10"," 617.00"," 617.00"," 607.00"," 610.90"," 609.40"," 609.63"," 18000"," 109.73"," 40"," 12375"," 68.75"
BAIDFIN," EQ"," 02-Jan-2026"," 11.05"," 11.45"," 11.45"," 10.95"," 11.08"," 11.06"," 11.05"," 133767"," 14.78"," 394"," 91456"," 68.37"
BAJAJ-AUTO," EQ"," 02-Jan-2026"," 9558.00"," 9550.00"," 9633.00"," 9310.50"," 9499.00"," 9502.50"," 9507.15"," 733651"," 69749.33"," 57314"," 363114"," 49.49"
BAJAJCON," EQ"," 02-Jan-2026"," 265.70"," 266.80"," 269.95"," 263.60"," 267.60"," 267.35"," 266.91"," 304956"," 813.95"," 7231"," 172741"," 56.64"
BAJAJELEC," EQ"," 02-Jan-2026"," 474.70"," 474.90"," 480.00"," 473.00"," 479.65"," 479.35"," 477.02"," 32039"," 152.83"," 2195"," 11994"," 37.44"
BAJAJFINSV," EQ"," 02-Jan-2026"," 2037.00"," 2030.10"," 2050.00"," 2026.60"," 2039.50"," 2038.40"," 2039.94"," 893818"," 18233.33"," 44371"," 570601"," 63.84"
BAJAJHCARE," EQ"," 02-Jan-2026"," 424.65"," 424.85"," 427.20"," 417.95"," 418.00"," 418.60"," 421.18"," 144479"," 608.52"," 2491"," 59970"," 41.51"
BAJAJHFL," EQ"," 02-Jan-2026"," 96.11"," 96.50"," 96.80"," 95.60"," 96.56"," 96.62"," 96.24"," 5951146"," 5727.20"," 42122"," 3642548"," 61.21"
BAJAJHIND," EQ"," 02-Jan-2026"," 18.46"," 18.46"," 18.80"," 18.38"," 18.70"," 18.68"," 18.63"," 3624719"," 675.12"," 7774"," 1870863"," 51.61"
BAJAJHLDNG," EQ"," 02-Jan-2026"," 11342.00"," 11342.00"," 11342.00"," 11072.00"," 11197.00"," 11181.00"," 11161.87"," 58889"," 6573.11"," 12748"," 27964"," 47.49"
BAJAJINDEF," EQ"," 02-Jan-2026"," 363.75"," 362.00"," 372.00"," 353.85"," 358.85"," 357.30"," 364.78"," 66573"," 242.84"," 2861"," 20650"," 31.02"
BAJEL," EQ"," 02-Jan-2026"," 172.98"," 174.85"," 175.39"," 172.08"," 175.00"," 174.51"," 174.00"," 92854"," 161.56"," 2452"," 41291"," 44.47"
BAJFINANCE," EQ"," 02-Jan-2026"," 973.10"," 972.90"," 994.20"," 960.60"," 990.55"," 990.45"," 986.39"," 6206869"," 61224.10"," 113828"," 3544409"," 57.10"
BALAJEE," EQ"," 02-Jan-2026"," 39.50"," 39.10"," 41.00"," 39.10"," 40.60"," 40.35"," 40.05"," 50446"," 20.21"," 554"," 21710"," 43.04"
BALAJIPHOS," SM"," 02-Jan-2026"," 143.50"," 144.00"," 144.00"," 141.50"," 141.50"," 141.50"," 142.89"," 7000"," 10.00"," 7"," 7000"," 100.00"
BALAJITELE," EQ"," 02-Jan-2026"," 105.65"," 105.65"," 108.39"," 104.70"," 107.00"," 107.30"," 106.44"," 103910"," 110.60"," 2902"," 59020"," 56.80"
BALAMINES," EQ"," 02-Jan-2026"," 1109.70"," 1114.60"," 1119.80"," 1106.00"," 1115.00"," 1110.00"," 1111.54"," 30976"," 344.31"," 3436"," 14955"," 48.28"
BALAXI," EQ"," 02-Jan-2026"," 28.29"," 28.76"," 28.76"," 26.87"," 26.96"," 27.06"," 27.25"," 391027"," 106.56"," 1852"," 347768"," 88.94"
BALCO," SM"," 02-Jan-2026"," 25.95"," 25.95"," 25.95"," 25.95"," 25.95"," 25.95"," 25.95"," 1200"," 0.31"," 1"," 1200"," 100.00"
BALKRISHNA," EQ"," 02-Jan-2026"," 18.21"," 18.21"," 18.80"," 17.91"," 18.50"," 18.47"," 18.38"," 18787"," 3.45"," 146"," 12877"," 68.54"
BALKRISIND," EQ"," 02-Jan-2026"," 2316.30"," 2310.00"," 2380.00"," 2310.00"," 2368.00"," 2368.60"," 2362.05"," 81569"," 1926.70"," 11883"," 37449"," 45.91"
BALMLAWRIE," EQ"," 02-Jan-2026"," 184.76"," 184.00"," 185.50"," 182.41"," 184.85"," 184.43"," 184.10"," 134151"," 246.97"," 3391"," 79146"," 59.00"
BALPHARMA," EQ"," 02-Jan-2026"," 73.02"," 71.25"," 74.00"," 71.25"," 73.79"," 73.25"," 72.99"," 3752"," 2.74"," 212"," 2872"," 76.55"
BALRAMCHIN," EQ"," 02-Jan-2026"," 438.30"," 438.25"," 442.60"," 437.45"," 439.30"," 438.55"," 439.51"," 138587"," 609.10"," 5213"," 64451"," 46.51"
BALUFORGE," EQ"," 02-Jan-2026"," 600.10"," 600.15"," 601.80"," 595.00"," 597.95"," 596.40"," 597.66"," 165134"," 986.94"," 6121"," 100622"," 60.93"
BANARBEADS," EQ"," 02-Jan-2026"," 124.74"," 127.80"," 128.25"," 124.10"," 126.00"," 127.40"," 126.88"," 1745"," 2.21"," 62"," 1586"," 90.89"
BANARISUG," EQ"," 02-Jan-2026"," 3600.60"," 3624.60"," 3650.00"," 3600.00"," 3600.00"," 3602.40"," 3615.68"," 400"," 14.46"," 121"," 256"," 64.00"
BANCOINDIA," EQ"," 02-Jan-2026"," 682.60"," 686.00"," 718.40"," 682.10"," 709.00"," 708.70"," 705.89"," 492435"," 3476.07"," 23007"," 142944"," 29.03"
BANDHANBNK," EQ"," 02-Jan-2026"," 144.18"," 144.50"," 145.90"," 142.65"," 144.95"," 144.46"," 144.34"," 8134028"," 11740.91"," 30242"," 2598531"," 31.95"
BANG," EQ"," 02-Jan-2026"," 47.28"," 48.97"," 48.97"," 47.50"," 48.00"," 48.17"," 48.24"," 10877"," 5.25"," 207"," 6879"," 63.24"
BANKA," EQ"," 02-Jan-2026"," 66.98"," 66.02"," 68.39"," 66.02"," 68.38"," 67.63"," 67.82"," 3465"," 2.35"," 75"," 2641"," 76.22"
BANKADD," EQ"," 02-Jan-2026"," 60.81"," 61.06"," 61.39"," 61.06"," 61.31"," 61.24"," 61.30"," 55516"," 34.03"," 83"," 54285"," 97.78"
BANKBARODA," EQ"," 02-Jan-2026"," 300.75"," 301.00"," 305.95"," 301.00"," 305.80"," 305.05"," 303.58"," 10317519"," 31321.44"," 56723"," 5471562"," 53.03"
BANKBEES," EQ"," 02-Jan-2026"," 615.29"," 617.99"," 621.39"," 615.28"," 620.80"," 619.91"," 619.88"," 879504"," 5451.88"," 8743"," 620879"," 70.59"
BANKBETA," EQ"," 02-Jan-2026"," 61.49"," 61.69"," 62.01"," 61.46"," 61.98"," 61.82"," 61.87"," 35001"," 21.66"," 388"," 27371"," 78.20"
BANKBETF," EQ"," 02-Jan-2026"," 60.35"," 60.40"," 60.94"," 60.40"," 60.83"," 60.81"," 60.78"," 13247"," 8.05"," 238"," 11132"," 84.03"
BANKETF," EQ"," 02-Jan-2026"," 605.39"," 607.12"," 611.15"," 607.12"," 609.92"," 609.61"," 610.12"," 7287"," 44.46"," 134"," 5879"," 80.68"
BANKIETF," EQ"," 02-Jan-2026"," 61.00"," 61.22"," 61.59"," 61.12"," 61.52"," 61.44"," 61.45"," 392617"," 241.24"," 1186"," 294456"," 75.00"
BANKINDIA," EQ"," 02-Jan-2026"," 146.99"," 147.50"," 150.30"," 146.82"," 149.25"," 149.22"," 148.87"," 9401609"," 13996.50"," 44315"," 3781091"," 40.22"
BANKNIFTY1," EQ"," 02-Jan-2026"," 617.60"," 619.00"," 622.65"," 618.55"," 622.65"," 621.69"," 620.65"," 19009"," 117.98"," 465"," 13449"," 70.75"
BANKPSU," EQ"," 02-Jan-2026"," 85.97"," 86.49"," 87.77"," 86.20"," 87.77"," 87.50"," 86.72"," 43933"," 38.10"," 135"," 30152"," 68.63"
BANSALWIRE," EQ"," 02-Jan-2026"," 305.40"," 318.00"," 327.75"," 309.00"," 311.00"," 311.25"," 318.59"," 1165248"," 3712.41"," 17858"," 242282"," 20.79"
BANSWRAS," EQ"," 02-Jan-2026"," 115.95"," 115.95"," 116.84"," 114.05"," 115.01"," 114.38"," 114.89"," 29593"," 34.00"," 305"," 21369"," 72.21"
BARFLEX," SM"," 02-Jan-2026"," 75.60"," 75.45"," 75.45"," 74.05"," 74.05"," 74.60"," 74.57"," 10000"," 7.46"," 5"," 6000"," 60.00"
BASF," EQ"," 02-Jan-2026"," 3915.50"," 3916.00"," 3945.00"," 3868.30"," 3936.30"," 3934.80"," 3910.88"," 9213"," 360.31"," 2700"," 4925"," 53.46"
BASILIC," SM"," 02-Jan-2026"," 338.85"," 333.65"," 340.70"," 333.65"," 337.60"," 340.50"," 339.34"," 9900"," 33.59"," 19"," 8100"," 81.82"
BASML," EQ"," 02-Jan-2026"," 26.31"," 26.01"," 26.55"," 26.01"," 26.50"," 26.19"," 26.31"," 46306"," 12.18"," 433"," 31581"," 68.20"
BATAINDIA," EQ"," 02-Jan-2026"," 946.70"," 949.45"," 951.70"," 943.30"," 950.50"," 950.15"," 946.95"," 41827"," 396.08"," 3569"," 23156"," 55.36"
BAWEJA," SM"," 02-Jan-2026"," 42.95"," 40.50"," 44.00"," 40.50"," 42.35"," 42.35"," 42.80"," 15200"," 6.51"," 17"," 12800"," 84.21"
BAYERCROP," EQ"," 02-Jan-2026"," 4543.20"," 4564.00"," 4585.60"," 4529.90"," 4549.90"," 4546.70"," 4549.37"," 24554"," 1117.05"," 7946"," 12896"," 52.52"
BBETF0432," EQ"," 02-Jan-2026"," 1313.83"," 1310.49"," 1315.51"," 1310.49"," 1314.99"," 1314.86"," 1314.62"," 3319"," 43.63"," 55"," 3011"," 90.72"
BBL," EQ"," 02-Jan-2026"," 2675.80"," 2670.80"," 2777.00"," 2670.80"," 2749.00"," 2759.90"," 2740.86"," 18661"," 511.47"," 3019"," 8785"," 47.08"
BBNPNBETF," EQ"," 02-Jan-2026"," 60.00"," 61.20"," 61.20"," 60.14"," 60.33"," 60.33"," 60.26"," 971"," 0.59"," 41"," 955"," 98.35"
BBNPPGOLD," EQ"," 02-Jan-2026"," 129.45"," 129.45"," 131.95"," 129.45"," 131.10"," 130.85"," 130.86"," 84260"," 110.26"," 159"," 81657"," 96.91"
BBOX," EQ"," 02-Jan-2026"," 547.05"," 547.00"," 562.00"," 544.05"," 558.50"," 557.40"," 555.19"," 342161"," 1899.64"," 11588"," 184084"," 53.80"
BBTC," EQ"," 02-Jan-2026"," 1867.60"," 1867.80"," 1889.60"," 1863.40"," 1884.00"," 1880.90"," 1876.80"," 28789"," 540.31"," 4340"," 10739"," 37.30"
BBTCL," EQ"," 02-Jan-2026"," 189.67"," 198.54"," 198.54"," 188.07"," 192.10"," 193.68"," 192.28"," 3760"," 7.23"," 141"," 3275"," 87.10"
BCG," EQ"," 02-Jan-2026"," 10.62"," 10.64"," 10.75"," 10.48"," 10.57"," 10.55"," 10.58"," 5134021"," 543.16"," 7240"," 2264909"," 44.12"
BCLIND," EQ"," 02-Jan-2026"," 32.58"," 32.70"," 33.00"," 32.30"," 32.78"," 32.74"," 32.64"," 337177"," 110.07"," 5632"," 210680"," 62.48"
BCONCEPTS," EQ"," 02-Jan-2026"," 353.05"," 360.00"," 362.75"," 330.00"," 339.70"," 337.70"," 343.55"," 9948"," 34.18"," 547"," 5824"," 58.54"
BDL," EQ"," 02-Jan-2026"," 1481.50"," 1487.30"," 1506.00"," 1477.00"," 1493.00"," 1495.00"," 1492.92"," 1636024"," 24424.57"," 72724"," 577511"," 35.30"
BEACON," ST"," 02-Jan-2026"," 85.20"," 85.00"," 85.75"," 82.50"," 84.45"," 84.45"," 83.21"," 24000"," 19.97"," 23"," 23000"," 95.83"
BEARDSELL," EQ"," 02-Jan-2026"," 30.00"," 30.85"," 30.85"," 29.00"," 30.80"," 30.33"," 30.03"," 26381"," 7.92"," 271"," 19236"," 72.92"
BECTORFOOD," EQ"," 02-Jan-2026"," 247.22"," 247.22"," 248.99"," 242.05"," 247.80"," 244.49"," 244.59"," 567433"," 1387.91"," 20270"," 250458"," 44.14"
BEDMUTHA," EQ"," 02-Jan-2026"," 109.00"," 111.18"," 113.01"," 109.10"," 112.00"," 111.42"," 111.08"," 4040"," 4.49"," 139"," 2194"," 54.31"
BEL," EQ"," 02-Jan-2026"," 397.70"," 399.65"," 405.60"," 398.95"," 403.30"," 403.15"," 402.89"," 10950368"," 44118.02"," 121282"," 5088606"," 46.47"
BELLACASA," EQ"," 02-Jan-2026"," 361.90"," 370.00"," 384.90"," 363.50"," 379.40"," 379.50"," 371.71"," 5737"," 21.32"," 416"," 3644"," 63.52"
BELRISE," EQ"," 02-Jan-2026"," 184.07"," 184.00"," 190.10"," 183.61"," 184.81"," 185.05"," 187.12"," 5756635"," 10771.56"," 37962"," 1981210"," 34.42"
BEML," EQ"," 02-Jan-2026"," 1847.40"," 1847.70"," 1885.00"," 1847.70"," 1869.00"," 1857.80"," 1865.92"," 186395"," 3477.98"," 16203"," 69840"," 37.47"
BEPL," EQ"," 02-Jan-2026"," 90.65"," 90.00"," 91.70"," 90.00"," 91.59"," 91.24"," 90.94"," 227498"," 206.89"," 2670"," 134010"," 58.91"
BERGEPAINT," EQ"," 02-Jan-2026"," 533.65"," 536.20"," 536.20"," 521.65"," 523.90"," 524.10"," 524.79"," 342256"," 1796.12"," 15988"," 198517"," 58.00"
BESTAGRO," EQ"," 02-Jan-2026"," 382.20"," 383.80"," 394.50"," 377.90"," 388.00"," 390.30"," 386.00"," 145352"," 561.06"," 5771"," 55655"," 38.29"
BETA," EQ"," 02-Jan-2026"," 1545.40"," 1560.10"," 1639.90"," 1542.90"," 1638.00"," 1629.40"," 1600.41"," 5944"," 95.13"," 670"," 3913"," 65.83"
BEWLTD," SM"," 02-Jan-2026"," 121.35"," 123.50"," 124.00"," 123.50"," 123.75"," 123.75"," 123.78"," 3000"," 3.71"," 6"," 3000"," 100.00"
BFINVEST," EQ"," 02-Jan-2026"," 415.60"," 412.45"," 422.10"," 412.45"," 420.00"," 418.55"," 419.50"," 13611"," 57.10"," 1019"," 6852"," 50.34"
BFSI," EQ"," 02-Jan-2026"," 28.59"," 28.84"," 28.89"," 28.55"," 28.86"," 28.80"," 28.76"," 184599"," 53.10"," 745"," 159245"," 86.27"
BFUTILITIE," BZ"," 02-Jan-2026"," 682.40"," 682.00"," 697.00"," 678.20"," 689.90"," 685.25"," 686.93"," 5013"," 34.44"," 268"," -"," -"
BGRENERGY," BE"," 02-Jan-2026"," 364.15"," 363.15"," 364.00"," 354.00"," 361.00"," 359.10"," 358.95"," 58472"," 209.88"," 959"," -"," -"
BHADORA," SM"," 02-Jan-2026"," 73.70"," 77.00"," 79.50"," 77.00"," 77.70"," 77.70"," 78.43"," 18000"," 14.12"," 12"," 18000"," 100.00"
BHAGCHEM," EQ"," 02-Jan-2026"," 206.04"," 206.90"," 212.50"," 198.82"," 200.02"," 200.62"," 203.69"," 438707"," 893.59"," 6587"," 230938"," 52.64"
BHAGERIA," EQ"," 02-Jan-2026"," 180.63"," 181.49"," 184.76"," 180.11"," 183.99"," 183.41"," 182.51"," 37212"," 67.92"," 1202"," 22111"," 59.42"
BHAGYANGR," BE"," 02-Jan-2026"," 159.26"," 159.26"," 163.00"," 156.00"," 162.00"," 161.24"," 160.19"," 167321"," 268.03"," 1706"," -"," -"
BHANDARI," EQ"," 02-Jan-2026"," 4.00"," 4.04"," 4.35"," 3.98"," 4.29"," 4.24"," 4.16"," 563672"," 23.46"," 1143"," 430031"," 76.29"
BHARATFORG," EQ"," 02-Jan-2026"," 1464.40"," 1467.00"," 1487.90"," 1462.40"," 1479.00"," 1477.20"," 1479.13"," 1005873"," 14878.17"," 38154"," 529655"," 52.66"
BHARATGEAR," BE"," 02-Jan-2026"," 112.91"," 113.25"," 117.70"," 113.25"," 116.75"," 117.29"," 115.78"," 64570"," 74.76"," 577"," -"," -"
BHARATRAS," EQ"," 02-Jan-2026"," 2215.90"," 2217.00"," 2253.60"," 2190.00"," 2210.00"," 2202.00"," 2205.36"," 17822"," 393.04"," 2156"," 10120"," 56.78"
BHARATSE," EQ"," 02-Jan-2026"," 172.92"," 174.64"," 178.00"," 173.01"," 177.99"," 177.60"," 176.87"," 119167"," 210.77"," 2334"," 69330"," 58.18"
BHARATWIRE," EQ"," 02-Jan-2026"," 179.81"," 179.45"," 189.00"," 177.65"," 187.00"," 186.62"," 185.22"," 924907"," 1713.14"," 7804"," 446507"," 48.28"
BHARTIARTL," EQ"," 02-Jan-2026"," 2110.40"," 2108.00"," 2125.00"," 2098.00"," 2108.50"," 2106.30"," 2107.79"," 2927138"," 61697.85"," 137361"," 2040630"," 69.71"
BHARTIHEXA," EQ"," 02-Jan-2026"," 1810.40"," 1822.00"," 1822.00"," 1768.00"," 1800.20"," 1802.10"," 1792.66"," 158080"," 2833.83"," 13038"," 82168"," 51.98"
BHEL," EQ"," 02-Jan-2026"," 291.45"," 292.70"," 300.85"," 291.55"," 299.70"," 299.50"," 296.90"," 13871683"," 41185.57"," 97176"," 5472149"," 39.45"
BIGBLOC," EQ"," 02-Jan-2026"," 75.04"," 75.10"," 75.64"," 72.10"," 73.72"," 73.06"," 73.85"," 275277"," 203.29"," 3085"," 112919"," 41.02"
BIKAJI," EQ"," 02-Jan-2026"," 738.40"," 741.90"," 744.40"," 732.50"," 735.50"," 735.60"," 737.32"," 83609"," 616.47"," 9069"," 41042"," 49.09"
BIKEWO," SM"," 02-Jan-2026"," 22.25"," 22.25"," 22.25"," 21.55"," 22.25"," 22.25"," 21.76"," 72000"," 15.67"," 10"," 68000"," 94.44"
BIL," EQ"," 02-Jan-2026"," 726.05"," 726.00"," 738.00"," 722.45"," 738.00"," 735.35"," 731.37"," 540"," 3.95"," 110"," 319"," 59.07"
BILVYAPAR," BE"," 02-Jan-2026"," 7.37"," 7.69"," 7.69"," 7.25"," 7.50"," 7.49"," 7.35"," 7179"," 0.53"," 45"," -"," -"
BIOCON," EQ"," 02-Jan-2026"," 387.75"," 387.75"," 394.75"," 386.35"," 393.45"," 392.95"," 392.09"," 1452427"," 5694.85"," 14749"," 687096"," 47.31"
BIOFILCHEM," EQ"," 02-Jan-2026"," 32.98"," 32.98"," 33.89"," 32.54"," 33.05"," 33.49"," 33.21"," 7074"," 2.35"," 116"," 4708"," 66.55"
BIRET," RR"," 02-Jan-2026"," 333.57"," 334.51"," 335.00"," 332.54"," 333.67"," 334.49"," 334.30"," 222846"," 744.99"," 5514"," 207514"," 93.12"
BIRLACABLE," EQ"," 02-Jan-2026"," 135.67"," 135.65"," 137.98"," 135.65"," 136.98"," 136.54"," 136.78"," 12019"," 16.44"," 862"," 5760"," 47.92"
BIRLACORPN," EQ"," 02-Jan-2026"," 1110.10"," 1110.00"," 1119.00"," 1093.30"," 1108.70"," 1109.30"," 1108.60"," 114350"," 1267.68"," 11067"," 60941"," 53.29"
BIRLAMONEY," EQ"," 02-Jan-2026"," 142.55"," 142.61"," 145.80"," 142.61"," 145.80"," 144.65"," 143.95"," 46488"," 66.92"," 1884"," 27308"," 58.74"
BIRLANU," EQ"," 02-Jan-2026"," 1695.20"," 1698.80"," 1763.90"," 1672.80"," 1741.00"," 1741.10"," 1730.27"," 26358"," 456.07"," 3281"," 10223"," 38.79"
BLACKBUCK," EQ"," 02-Jan-2026"," 674.55"," 674.55"," 707.00"," 672.05"," 699.00"," 699.10"," 696.51"," 1745713"," 12159.06"," 43475"," 968097"," 55.46"
BLAL," EQ"," 02-Jan-2026"," 205.75"," 207.58"," 208.50"," 205.10"," 206.72"," 207.22"," 207.20"," 27884"," 57.78"," 661"," 20164"," 72.31"
BLBLIMITED," EQ"," 02-Jan-2026"," 13.97"," 13.95"," 14.95"," 13.40"," 13.90"," 13.80"," 14.10"," 171031"," 24.12"," 1287"," 77636"," 45.39"
BLISSGVS," EQ"," 02-Jan-2026"," 162.11"," 163.75"," 168.88"," 161.15"," 162.49"," 162.82"," 165.01"," 1774332"," 2927.80"," 18585"," 536407"," 30.23"
BLKASHYAP," EQ"," 02-Jan-2026"," 52.87"," 52.80"," 54.00"," 52.40"," 53.11"," 53.50"," 53.07"," 257247"," 136.53"," 2270"," 140452"," 54.60"
BLS," EQ"," 02-Jan-2026"," 317.10"," 316.00"," 320.00"," 315.30"," 318.80"," 316.80"," 317.39"," 651809"," 2068.79"," 11531"," 332245"," 50.97"
BLSE," EQ"," 02-Jan-2026"," 202.36"," 203.38"," 204.90"," 197.21"," 198.50"," 199.35"," 200.18"," 455919"," 912.68"," 5181"," 213573"," 46.84"
BLUECOAST," BE"," 02-Jan-2026"," 33.68"," 34.39"," 35.28"," 33.68"," 34.99"," 35.09"," 34.63"," 1352"," 0.47"," 33"," -"," -"
BLUEDART," EQ"," 02-Jan-2026"," 5676.00"," 5676.00"," 5688.00"," 5544.00"," 5590.00"," 5593.50"," 5605.10"," 42785"," 2398.14"," 8769"," 12704"," 29.69"
BLUEJET," EQ"," 02-Jan-2026"," 529.00"," 525.55"," 537.30"," 525.55"," 530.00"," 531.10"," 532.64"," 151578"," 807.36"," 6412"," 69717"," 45.99"
BLUEPEBBLE," SM"," 02-Jan-2026"," 125.05"," 126.30"," 144.80"," 124.05"," 124.50"," 124.60"," 127.58"," 8400"," 10.72"," 21"," 5200"," 61.90"
BLUESTARCO," EQ"," 02-Jan-2026"," 1772.20"," 1783.60"," 1829.50"," 1751.00"," 1803.10"," 1816.10"," 1811.64"," 590199"," 10692.26"," 25952"," 346583"," 58.72"
BLUESTONE," EQ"," 02-Jan-2026"," 476.65"," 480.00"," 504.00"," 475.50"," 502.00"," 500.75"," 494.13"," 244632"," 1208.79"," 10393"," 83983"," 34.33"
BLUEWATER," SM"," 02-Jan-2026"," 142.40"," 152.00"," 153.00"," 147.50"," 149.80"," 149.80"," 149.66"," 8000"," 11.97"," 7"," 7000"," 87.50"
BLUSPRING," EQ"," 02-Jan-2026"," 65.05"," 65.00"," 67.37"," 64.20"," 65.60"," 65.97"," 65.96"," 74425"," 49.09"," 2690"," 39921"," 53.64"
BMETRICS," SM"," 02-Jan-2026"," 43.75"," 43.75"," 43.75"," 43.75"," 43.75"," 43.75"," 43.75"," 800"," 0.35"," 1"," 800"," 100.00"
BMWVENTLTD," EQ"," 02-Jan-2026"," 58.05"," 58.40"," 58.40"," 57.26"," 57.30"," 57.52"," 57.56"," 126568"," 72.85"," 1484"," 74582"," 58.93"
BODALCHEM," EQ"," 02-Jan-2026"," 53.58"," 53.60"," 54.29"," 53.50"," 53.90"," 53.99"," 53.89"," 81072"," 43.69"," 1358"," 48922"," 60.34"
BOHRAIND," EQ"," 02-Jan-2026"," 16.94"," 17.40"," 17.89"," 16.09"," 16.83"," 17.06"," 17.05"," 20856"," 3.56"," 95"," 18583"," 89.10"
BOMDYEING," EQ"," 02-Jan-2026"," 132.26"," 132.10"," 132.84"," 128.50"," 129.50"," 130.01"," 130.12"," 1173631"," 1527.16"," 10413"," 662947"," 56.49"
BORANA," BE"," 02-Jan-2026"," 296.85"," 296.95"," 305.00"," 294.10"," 304.00"," 303.15"," 298.65"," 39752"," 118.72"," 409"," -"," -"
BOROLTD," EQ"," 02-Jan-2026"," 276.60"," 280.75"," 289.30"," 277.55"," 282.10"," 283.50"," 284.04"," 89615"," 254.54"," 3549"," 43946"," 49.04"
BORORENEW," EQ"," 02-Jan-2026"," 538.95"," 540.20"," 551.10"," 539.05"," 548.70"," 547.95"," 546.41"," 205249"," 1121.49"," 10267"," 83922"," 40.89"
BOROSCI," EQ"," 02-Jan-2026"," 120.21"," 120.20"," 122.01"," 119.00"," 120.70"," 119.58"," 120.49"," 30359"," 36.58"," 786"," 18328"," 60.37"
BOSCH-HCIL," EQ"," 02-Jan-2026"," 1421.50"," 1421.50"," 1447.50"," 1419.10"," 1446.50"," 1442.60"," 1436.67"," 6137"," 88.17"," 1026"," 3861"," 62.91"
BOSCHLTD," EQ"," 02-Jan-2026"," 36140.00"," 36170.00"," 39600.00"," 36150.00"," 39195.00"," 39420.00"," 38774.31"," 185984"," 72114.01"," 61527"," 27956"," 15.03"
BOSS," SM"," 02-Jan-2026"," 44.40"," 46.55"," 46.55"," 44.50"," 46.45"," 45.15"," 45.50"," 8000"," 3.64"," 4"," 4000"," 50.00"
BPCL," EQ"," 02-Jan-2026"," 381.50"," 382.00"," 385.60"," 377.90"," 381.45"," 381.45"," 381.34"," 3614573"," 13783.91"," 51474"," 1574474"," 43.56"
BPL," EQ"," 02-Jan-2026"," 58.77"," 59.80"," 69.50"," 59.38"," 66.41"," 66.71"," 66.52"," 939604"," 625.06"," 8096"," 303579"," 32.31"
BRACEPORT," SM"," 02-Jan-2026"," 95.85"," 95.95"," 98.00"," 94.00"," 94.00"," 95.95"," 96.54"," 14400"," 13.90"," 8"," 14400"," 100.00"
BRIGADE," EQ"," 02-Jan-2026"," 896.65"," 897.95"," 900.00"," 881.20"," 890.45"," 890.45"," 891.49"," 182439"," 1626.43"," 13084"," 76003"," 41.66"
BRIGHOTEL," EQ"," 02-Jan-2026"," 67.45"," 68.09"," 69.49"," 66.92"," 68.30"," 68.70"," 68.19"," 222584"," 151.77"," 2455"," 132423"," 59.49"
BRITANNIA," EQ"," 02-Jan-2026"," 6009.50"," 6009.50"," 6033.00"," 5941.50"," 5988.00"," 5984.50"," 5990.13"," 265702"," 15915.90"," 23706"," 166899"," 62.81"
BRNL," EQ"," 02-Jan-2026"," 22.42"," 22.42"," 22.87"," 21.96"," 22.18"," 22.12"," 22.15"," 96715"," 21.42"," 819"," 71531"," 73.96"
BROOKS," EQ"," 02-Jan-2026"," 77.63"," 77.51"," 78.49"," 76.00"," 78.00"," 77.26"," 77.11"," 91464"," 70.52"," 4240"," 29469"," 32.22"
BSE," EQ"," 02-Jan-2026"," 2628.00"," 2639.00"," 2672.00"," 2621.00"," 2669.00"," 2666.50"," 2655.75"," 2215206"," 58830.24"," 80520"," 711086"," 32.10"
BSE500IETF," EQ"," 02-Jan-2026"," 40.39"," 40.40"," 40.68"," 40.19"," 40.61"," 40.62"," 40.60"," 121049"," 49.15"," 954"," 73140"," 60.42"
BSHSL," EQ"," 02-Jan-2026"," 105.81"," 106.30"," 108.49"," 104.22"," 106.50"," 107.07"," 107.25"," 20121"," 21.58"," 1229"," 8431"," 41.90"
BSL," EQ"," 02-Jan-2026"," 155.13"," 156.00"," 156.90"," 141.90"," 147.40"," 147.17"," 148.95"," 19154"," 28.53"," 965"," 10765"," 56.20"
BSLGOLDETF," EQ"," 02-Jan-2026"," 117.53"," 118.36"," 118.87"," 117.70"," 118.70"," 118.84"," 118.65"," 472868"," 561.05"," 1341"," 401529"," 84.91"
BSLNIFTY," EQ"," 02-Jan-2026"," 30.38"," 29.62"," 31.13"," 29.62"," 30.64"," 30.60"," 30.52"," 681202"," 207.88"," 4060"," 638071"," 93.67"
BSLSENETFG," EQ"," 02-Jan-2026"," 85.33"," 84.31"," 86.70"," 84.31"," 86.00"," 85.62"," 85.60"," 21842"," 18.70"," 136"," 20734"," 94.93"
BSOFT," EQ"," 02-Jan-2026"," 432.00"," 434.00"," 434.80"," 428.00"," 434.60"," 432.05"," 430.94"," 452924"," 1951.84"," 12491"," 192825"," 42.57"
BTML," EQ"," 02-Jan-2026"," 8.67"," 8.67"," 8.86"," 8.40"," 8.48"," 8.49"," 8.60"," 248139"," 21.33"," 913"," 92346"," 37.22"
BULKCORP," SM"," 02-Jan-2026"," 60.00"," 60.00"," 60.00"," 60.00"," 60.00"," 60.00"," 60.00"," 1200"," 0.72"," 1"," 1200"," 100.00"
BUTTERFLY," EQ"," 02-Jan-2026"," 640.30"," 640.30"," 650.00"," 640.30"," 646.00"," 643.15"," 644.29"," 2105"," 13.56"," 348"," 1090"," 51.78"
BVCL," EQ"," 02-Jan-2026"," 43.03"," 42.30"," 43.80"," 42.30"," 42.81"," 43.23"," 43.29"," 14639"," 6.34"," 246"," 10371"," 70.85"
BYKE," EQ"," 02-Jan-2026"," 50.55"," 51.75"," 55.00"," 50.45"," 55.00"," 53.74"," 52.32"," 132648"," 69.40"," 1249"," 107401"," 80.97"
C2C," SM"," 02-Jan-2026"," 470.10"," 470.00"," 482.00"," 460.10"," 480.00"," 476.55"," 472.15"," 68100"," 321.53"," 338"," 41250"," 60.57"
CADSYS," SM"," 02-Jan-2026"," 49.90"," 52.35"," 52.35"," 52.35"," 52.35"," 52.35"," 52.35"," 500"," 0.26"," 1"," 500"," 100.00"
CALSOFT," EQ"," 02-Jan-2026"," 15.82"," 16.38"," 16.48"," 15.42"," 15.62"," 15.73"," 15.92"," 103503"," 16.48"," 689"," 41802"," 40.39"
CALSOFTPP," E1"," 02-Jan-2026"," 5.32"," 5.33"," 5.65"," 4.80"," 5.41"," 5.16"," 5.23"," 5465"," 0.29"," 95"," 4072"," 74.51"
CAMLINFINE," EQ"," 02-Jan-2026"," 146.83"," 146.10"," 150.93"," 146.10"," 150.00"," 149.85"," 149.21"," 117731"," 175.66"," 2889"," 60898"," 51.73"
CAMPUS," EQ"," 02-Jan-2026"," 261.95"," 262.40"," 262.95"," 259.50"," 261.75"," 261.85"," 261.71"," 164627"," 430.85"," 6743"," 80209"," 48.72"
CAMS," EQ"," 02-Jan-2026"," 735.10"," 737.00"," 758.00"," 735.70"," 757.00"," 756.55"," 751.80"," 773532"," 5815.44"," 18197"," 371095"," 47.97"
CANARYS," SM"," 02-Jan-2026"," 30.15"," 30.20"," 30.20"," 30.00"," 30.00"," 30.00"," 30.08"," 12000"," 3.61"," 3"," 12000"," 100.00"
CANBK," EQ"," 02-Jan-2026"," 154.24"," 154.90"," 155.67"," 152.80"," 155.54"," 154.87"," 154.22"," 29236511"," 45087.96"," 296803"," 15759373"," 53.90"
CANFINHOME," EQ"," 02-Jan-2026"," 931.45"," 935.90"," 945.00"," 912.65"," 933.15"," 940.40"," 930.79"," 224170"," 2086.56"," 16783"," 107362"," 47.89"
CANHLIFE," EQ"," 02-Jan-2026"," 146.48"," 146.48"," 150.82"," 144.38"," 149.60"," 149.70"," 148.78"," 974615"," 1450.00"," 16545"," 452114"," 46.39"
CANTABIL," EQ"," 02-Jan-2026"," 289.40"," 289.30"," 292.00"," 283.00"," 290.00"," 289.15"," 288.31"," 464575"," 1339.43"," 8665"," 230161"," 49.54"
CAPACITE," EQ"," 02-Jan-2026"," 256.20"," 256.70"," 263.45"," 255.95"," 258.90"," 257.85"," 259.80"," 154932"," 402.52"," 4184"," 80693"," 52.08"
CAPILLARY," EQ"," 02-Jan-2026"," 677.05"," 679.95"," 680.05"," 670.00"," 671.00"," 673.20"," 674.77"," 153576"," 1036.28"," 4756"," 34100"," 22.20"
CAPINVIT," IV"," 02-Jan-2026"," 74.24"," 74.68"," 74.68"," 74.11"," 74.50"," 74.49"," 74.32"," 259296"," 192.71"," 24531"," 250116"," 96.46"
CAPITALSFB," EQ"," 02-Jan-2026"," 263.50"," 263.80"," 275.50"," 263.80"," 272.00"," 270.85"," 270.41"," 61230"," 165.57"," 3310"," 37026"," 60.47"
CAPLIPOINT," EQ"," 02-Jan-2026"," 1798.90"," 1811.00"," 1866.00"," 1802.40"," 1848.00"," 1848.80"," 1844.79"," 96233"," 1775.30"," 13805"," 34117"," 35.45"
CAPTRUST," EQ"," 02-Jan-2026"," 12.49"," 12.46"," 13.11"," 12.01"," 13.11"," 12.90"," 12.69"," 220212"," 27.94"," 911"," 161788"," 73.47"
CARBORUNIV," EQ"," 02-Jan-2026"," 859.75"," 855.00"," 861.25"," 848.10"," 860.90"," 859.55"," 855.81"," 106359"," 910.23"," 12701"," 60714"," 57.08"
CARERATING," EQ"," 02-Jan-2026"," 1610.50"," 1602.40"," 1699.00"," 1602.30"," 1685.00"," 1688.50"," 1666.08"," 79646"," 1326.97"," 9453"," 41986"," 52.72"
CARRARO," EQ"," 02-Jan-2026"," 523.75"," 527.75"," 559.00"," 524.20"," 551.10"," 556.40"," 550.39"," 215151"," 1184.17"," 14147"," 76065"," 35.35"
CARTRADE," EQ"," 02-Jan-2026"," 2829.50"," 2811.00"," 2962.00"," 2805.00"," 2891.50"," 2900.90"," 2899.58"," 237541"," 6887.70"," 34609"," 58806"," 24.76"
CARYSIL," EQ"," 02-Jan-2026"," 908.00"," 918.90"," 938.90"," 911.10"," 911.10"," 918.00"," 926.94"," 110894"," 1027.93"," 7730"," 44572"," 40.19"
CASHIETF," EQ"," 02-Jan-2026"," 1043.55"," 1043.98"," 1044.00"," 1043.98"," 1044.00"," 1043.99"," 1044.00"," 108251"," 1130.14"," 48"," 101116"," 93.41"
CASTROLIND," EQ"," 02-Jan-2026"," 190.79"," 191.00"," 194.24"," 190.10"," 191.79"," 191.50"," 192.20"," 2680126"," 5151.07"," 39522"," 1417185"," 52.88"
CBAZAAR," ST"," 02-Jan-2026"," 3.80"," 3.95"," 3.95"," 3.95"," 3.95"," 3.95"," 3.95"," 16000"," 0.63"," 2"," 16000"," 100.00"
CCCL," BE"," 02-Jan-2026"," 17.49"," 17.30"," 18.36"," 17.30"," 18.36"," 18.10"," 17.89"," 280099"," 50.12"," 534"," -"," -"
CCHHL," EQ"," 02-Jan-2026"," 15.20"," 15.18"," 15.56"," 15.18"," 15.30"," 15.23"," 15.31"," 32433"," 4.97"," 186"," 21402"," 65.99"
CCL," EQ"," 02-Jan-2026"," 910.35"," 912.90"," 923.50"," 911.60"," 915.00"," 915.70"," 918.13"," 104862"," 962.77"," 10629"," 46329"," 44.18"
CDSL," EQ"," 02-Jan-2026"," 1446.20"," 1446.20"," 1467.80"," 1440.90"," 1466.60"," 1466.60"," 1461.28"," 1061313"," 15508.73"," 41333"," 497243"," 46.85"
CEATLTD," EQ"," 02-Jan-2026"," 3774.70"," 3782.60"," 3900.00"," 3774.00"," 3871.50"," 3887.20"," 3860.13"," 96298"," 3717.22"," 13170"," 35488"," 36.85"
CEDAAR," SM"," 02-Jan-2026"," 58.00"," 58.00"," 60.90"," 58.00"," 60.90"," 60.90"," 60.38"," 26000"," 15.70"," 25"," 22000"," 84.62"
CEIGALL," EQ"," 02-Jan-2026"," 271.70"," 276.90"," 276.90"," 271.20"," 273.80"," 274.45"," 273.81"," 298475"," 817.24"," 5520"," 161875"," 54.23"
CELEBRITY," EQ"," 02-Jan-2026"," 8.97"," 9.00"," 9.17"," 8.91"," 9.09"," 9.08"," 9.04"," 23697"," 2.14"," 159"," 17691"," 74.66"
CELLECOR," SM"," 02-Jan-2026"," 29.05"," 29.20"," 29.80"," 28.85"," 29.00"," 29.05"," 29.15"," 138000"," 40.23"," 40"," 96000"," 69.57"
CELLO," EQ"," 02-Jan-2026"," 540.95"," 543.45"," 549.80"," 539.85"," 547.90"," 547.25"," 545.63"," 52123"," 284.40"," 4565"," 19475"," 37.36"
CELLPOINT," SM"," 02-Jan-2026"," 16.30"," 16.45"," 16.80"," 16.35"," 16.35"," 16.35"," 16.49"," 8400"," 1.38"," 7"," 7200"," 85.71"
CEMPRO," EQ"," 02-Jan-2026"," 770.55"," 772.50"," 787.60"," 760.00"," 776.00"," 774.65"," 772.70"," 320173"," 2473.97"," 17834"," 162637"," 50.80"
CENTENKA," EQ"," 02-Jan-2026"," 452.55"," 450.05"," 463.00"," 450.00"," 461.90"," 457.45"," 454.11"," 11373"," 51.65"," 769"," 8563"," 75.29"
CENTEXT," BE"," 02-Jan-2026"," 22.37"," 22.37"," 22.70"," 22.00"," 22.68"," 22.63"," 22.60"," 100352"," 22.68"," 345"," -"," -"
CENTRALBK," EQ"," 02-Jan-2026"," 37.60"," 37.64"," 38.89"," 37.64"," 38.84"," 38.77"," 38.37"," 10291424"," 3949.00"," 21727"," 5278907"," 51.29"
CENTRUM," EQ"," 02-Jan-2026"," 29.35"," 29.21"," 29.69"," 28.60"," 29.04"," 29.09"," 29.07"," 150486"," 43.75"," 1110"," 99630"," 66.21"
CENTUM," EQ"," 02-Jan-2026"," 2289.50"," 2305.00"," 2317.90"," 2255.00"," 2270.00"," 2266.80"," 2281.61"," 29904"," 682.29"," 4775"," 12613"," 42.18"
CENTURYPLY," EQ"," 02-Jan-2026"," 826.25"," 830.60"," 830.60"," 815.00"," 820.05"," 824.10"," 824.10"," 31124"," 256.49"," 6336"," 17661"," 56.74"
CERA," EQ"," 02-Jan-2026"," 5239.00"," 5245.00"," 5271.50"," 5186.00"," 5265.00"," 5258.00"," 5233.27"," 15070"," 788.65"," 4390"," 6782"," 45.00"
CEREBRAINT," BZ"," 02-Jan-2026"," 6.08"," 6.20"," 6.34"," 6.08"," 6.20"," 6.21"," 6.22"," 50977"," 3.17"," 134"," -"," -"
CESC," EQ"," 02-Jan-2026"," 167.10"," 167.49"," 176.40"," 167.01"," 175.65"," 175.37"," 173.02"," 4485832"," 7761.43"," 52815"," 1857405"," 41.41"
CEWATER," EQ"," 02-Jan-2026"," 449.55"," 456.30"," 478.55"," 448.40"," 470.00"," 471.65"," 470.03"," 64075"," 301.17"," 5903"," 22379"," 34.93"
CGCL," EQ"," 02-Jan-2026"," 185.40"," 186.09"," 187.65"," 183.99"," 185.31"," 185.22"," 185.80"," 630056"," 1170.63"," 9687"," 253088"," 40.17"
CGPOWER," EQ"," 02-Jan-2026"," 637.90"," 639.45"," 651.75"," 638.10"," 651.20"," 649.10"," 644.32"," 2285838"," 14728.00"," 60919"," 1422065"," 62.21"
CGRAPHICS," SM"," 02-Jan-2026"," 197.00"," 199.20"," 199.20"," 195.00"," 197.00"," 197.00"," 197.85"," 36000"," 71.23"," 41"," 23200"," 64.44"
CHALET," EQ"," 02-Jan-2026"," 899.70"," 899.00"," 914.00"," 891.05"," 901.45"," 902.50"," 902.33"," 298116"," 2690.00"," 25002"," 158350"," 53.12"
CHAMBLFERT," EQ"," 02-Jan-2026"," 480.25"," 478.50"," 481.50"," 476.00"," 480.00"," 479.90"," 478.53"," 494336"," 2365.53"," 12743"," 236896"," 47.92"
CHAMUNDA," SM"," 02-Jan-2026"," 50.85"," 51.00"," 51.00"," 51.00"," 51.00"," 51.00"," 51.00"," 6000"," 3.06"," 1"," 6000"," 100.00"
CHANDAN," SM"," 02-Jan-2026"," 316.60"," 318.05"," 320.00"," 315.00"," 315.00"," 316.50"," 318.07"," 23200"," 73.79"," 26"," 14400"," 62.07"
CHAVDA," SM"," 02-Jan-2026"," 123.35"," 123.35"," 123.50"," 122.10"," 123.50"," 123.50"," 123.09"," 5000"," 6.15"," 5"," 4000"," 80.00"
CHEMBOND," EQ"," 02-Jan-2026"," 161.20"," 163.09"," 164.81"," 160.60"," 161.80"," 161.36"," 162.42"," 7216"," 11.72"," 308"," 3857"," 53.45"
CHEMBONDCH," EQ"," 02-Jan-2026"," 150.15"," 151.18"," 154.00"," 148.10"," 154.00"," 152.88"," 151.47"," 6532"," 9.89"," 337"," 3787"," 57.98"
CHEMCON," EQ"," 02-Jan-2026"," 212.10"," 212.99"," 213.31"," 207.20"," 209.09"," 208.04"," 208.98"," 30095"," 62.89"," 1504"," 17850"," 59.31"
CHEMFAB," EQ"," 02-Jan-2026"," 412.80"," 411.10"," 470.95"," 408.75"," 427.00"," 426.80"," 449.11"," 239182"," 1074.20"," 11300"," 25025"," 10.46"
CHEMICAL," EQ"," 02-Jan-2026"," 29.02"," 29.74"," 29.74"," 28.92"," 29.10"," 29.13"," 29.08"," 179553"," 52.21"," 785"," 150614"," 83.88"
CHEMPLASTS," EQ"," 02-Jan-2026"," 256.05"," 256.45"," 271.00"," 255.55"," 267.00"," 265.80"," 266.11"," 126381"," 336.31"," 4891"," 59672"," 47.22"
CHENNPETRO," EQ"," 02-Jan-2026"," 846.55"," 845.00"," 849.00"," 825.10"," 830.00"," 827.20"," 831.34"," 677229"," 5630.06"," 22144"," 258889"," 38.23"
CHEVIOT," EQ"," 02-Jan-2026"," 1084.00"," 1081.10"," 1089.00"," 1067.50"," 1072.20"," 1073.50"," 1076.73"," 1140"," 12.27"," 171"," 930"," 81.58"
CHOICEGOLD," EQ"," 02-Jan-2026"," 132.47"," 132.40"," 134.12"," 132.00"," 134.07"," 134.05"," 133.51"," 35524"," 47.43"," 557"," 11525"," 32.44"
CHOICEIN," EQ"," 02-Jan-2026"," 838.20"," 839.90"," 852.40"," 835.10"," 848.00"," 850.30"," 847.04"," 557364"," 4721.12"," 10937"," 267708"," 48.03"
CHOLAFIN," EQ"," 02-Jan-2026"," 1724.00"," 1728.50"," 1789.10"," 1718.70"," 1779.90"," 1781.10"," 1767.90"," 1793036"," 31699.12"," 64961"," 1049008"," 58.50"
CHOLAHLDNG," EQ"," 02-Jan-2026"," 1878.60"," 1883.80"," 1883.80"," 1844.00"," 1880.00"," 1872.50"," 1866.13"," 200570"," 3742.89"," 31761"," 125923"," 62.78"
CIEINDIA," EQ"," 02-Jan-2026"," 434.05"," 425.70"," 430.40"," 420.90"," 426.60"," 427.75"," 426.86"," 166705"," 711.59"," 8039"," 63423"," 38.05"
CIFL," EQ"," 02-Jan-2026"," 34.34"," 34.70"," 35.48"," 34.41"," 34.90"," 34.92"," 34.92"," 144356"," 50.41"," 991"," 79118"," 54.81"
CIGNITITEC," EQ"," 02-Jan-2026"," 1631.00"," 1631.00"," 1631.40"," 1605.20"," 1630.20"," 1624.00"," 1618.13"," 172541"," 2791.94"," 2918"," 141487"," 82.00"
CINELINE," EQ"," 02-Jan-2026"," 86.83"," 87.74"," 89.00"," 85.20"," 86.25"," 85.91"," 86.90"," 20509"," 17.82"," 170"," 17065"," 83.21"
CINEVISTA," EQ"," 02-Jan-2026"," 15.93"," 15.89"," 16.51"," 15.76"," 16.08"," 16.09"," 16.27"," 49235"," 8.01"," 239"," 42354"," 86.02"
CIPLA," EQ"," 02-Jan-2026"," 1500.90"," 1500.90"," 1517.80"," 1498.60"," 1510.00"," 1511.60"," 1509.53"," 964611"," 14561.06"," 28980"," 646740"," 67.05"
CLEAN," EQ"," 02-Jan-2026"," 859.00"," 865.00"," 871.00"," 860.00"," 870.80"," 869.80"," 866.61"," 138046"," 1196.32"," 7882"," 71312"," 51.66"
CLEDUCATE," EQ"," 02-Jan-2026"," 88.09"," 87.71"," 88.78"," 85.55"," 86.17"," 86.17"," 87.00"," 13615"," 11.85"," 510"," 9730"," 71.47"
CLSEL," EQ"," 02-Jan-2026"," 264.25"," 261.60"," 274.20"," 261.60"," 267.50"," 268.90"," 269.74"," 96404"," 260.04"," 2433"," 51906"," 53.84"
CLSL," SM"," 02-Jan-2026"," 52.00"," 51.00"," 52.00"," 47.15"," 52.00"," 52.00"," 50.11"," 52000"," 26.06"," 15"," 40000"," 76.92"
CMNL," SM"," 02-Jan-2026"," 122.75"," 126.00"," 126.00"," 118.25"," 118.25"," 118.25"," 121.48"," 21000"," 25.51"," 21"," 17250"," 82.14"
CMSINFO," EQ"," 02-Jan-2026"," 352.20"," 352.30"," 357.00"," 345.55"," 354.50"," 355.30"," 353.62"," 273947"," 968.72"," 17867"," 143809"," 52.50"
CNL," EQ"," 02-Jan-2026"," 724.80"," 729.50"," 740.60"," 725.00"," 740.00"," 729.85"," 731.08"," 7105"," 51.94"," 512"," 5361"," 75.45"
COALINDIA," EQ"," 02-Jan-2026"," 400.45"," 401.35"," 429.50"," 401.00"," 429.10"," 427.90"," 420.64"," 35090129"," 147602.25"," 279509"," 13153830"," 37.49"
COASTCORP," BE"," 02-Jan-2026"," 44.08"," 44.08"," 45.80"," 42.60"," 45.80"," 45.64"," 44.64"," 37954"," 16.94"," 164"," -"," -"
COCHINSHIP," EQ"," 02-Jan-2026"," 1622.60"," 1622.60"," 1642.90"," 1619.40"," 1630.90"," 1629.00"," 1630.85"," 442322"," 7213.62"," 27241"," 126495"," 28.60"
COFFEEDAY," EQ"," 02-Jan-2026"," 35.91"," 35.93"," 37.00"," 35.88"," 36.50"," 36.36"," 36.40"," 726130"," 264.30"," 4297"," 261984"," 36.08"
COFORGE," EQ"," 02-Jan-2026"," 1655.80"," 1662.90"," 1662.90"," 1628.30"," 1653.00"," 1650.30"," 1640.48"," 2358220"," 38686.22"," 83450"," 1200930"," 50.93"
COHANCE," EQ"," 02-Jan-2026"," 523.50"," 525.50"," 526.10"," 515.10"," 520.25"," 518.30"," 519.65"," 251489"," 1306.86"," 11410"," 126916"," 50.47"
COLPAL," EQ"," 02-Jan-2026"," 2093.80"," 2105.00"," 2105.00"," 2080.30"," 2094.00"," 2090.10"," 2087.35"," 157949"," 3296.95"," 16035"," 82496"," 52.23"
COMMOIETF," EQ"," 02-Jan-2026"," 97.39"," 97.47"," 99.20"," 97.47"," 99.01"," 98.98"," 98.38"," 232362"," 228.60"," 1230"," 181414"," 78.07"
COMPINFO," BZ"," 02-Jan-2026"," 1.64"," 1.71"," 1.71"," 1.62"," 1.69"," 1.68"," 1.64"," 10130"," 0.17"," 33"," -"," -"
COMPUSOFT," EQ"," 02-Jan-2026"," 16.07"," 16.15"," 16.42"," 15.52"," 16.37"," 16.24"," 16.18"," 31700"," 5.13"," 259"," 25300"," 79.81"
COMSYN," BE"," 02-Jan-2026"," 149.36"," 149.36"," 156.80"," 145.00"," 156.25"," 154.09"," 153.11"," 37829"," 57.92"," 224"," -"," -"
CONCOR," EQ"," 02-Jan-2026"," 524.25"," 526.65"," 532.70"," 523.65"," 532.10"," 531.80"," 529.62"," 959087"," 5079.49"," 16433"," 503601"," 52.51"
CONCORDBIO," EQ"," 02-Jan-2026"," 1336.30"," 1339.60"," 1340.10"," 1302.00"," 1311.00"," 1311.50"," 1313.25"," 92299"," 1212.12"," 8928"," 50770"," 55.01"
CONFIPET," EQ"," 02-Jan-2026"," 35.79"," 35.79"," 37.43"," 35.54"," 37.30"," 37.25"," 36.79"," 446405"," 164.22"," 2886"," 240971"," 53.98"
CONNPLEX," SM"," 02-Jan-2026"," 266.50"," 269.00"," 279.90"," 269.00"," 277.45"," 276.75"," 274.54"," 48800"," 133.97"," 51"," 35200"," 72.13"
CONS," EQ"," 02-Jan-2026"," 125.31"," 125.20"," 126.40"," 125.12"," 126.00"," 126.03"," 125.77"," 7531"," 9.47"," 53"," 3822"," 50.75"
CONSOFINVT," EQ"," 02-Jan-2026"," 164.35"," 166.01"," 168.36"," 164.00"," 166.48"," 164.73"," 165.49"," 4362"," 7.22"," 158"," 2847"," 65.27"
CONSUMBEES," EQ"," 02-Jan-2026"," 135.89"," 137.10"," 137.10"," 135.51"," 136.19"," 136.25"," 136.04"," 128791"," 175.21"," 1297"," 91809"," 71.29"
CONSUMER," EQ"," 02-Jan-2026"," 11.93"," 11.95"," 12.04"," 11.93"," 12.03"," 12.03"," 12.00"," 95377"," 11.45"," 356"," 75036"," 78.67"
CONSUMIETF," EQ"," 02-Jan-2026"," 126.60"," 126.28"," 127.00"," 126.01"," 127.00"," 126.75"," 126.50"," 22178"," 28.06"," 476"," 16491"," 74.36"
CONTROLPR," EQ"," 02-Jan-2026"," 684.25"," 680.10"," 695.00"," 680.10"," 690.15"," 693.40"," 689.03"," 22478"," 154.88"," 1674"," 14058"," 62.54"
COOLCAPS," SM"," 02-Jan-2026"," 69.80"," 67.00"," 71.00"," 67.00"," 71.00"," 70.20"," 68.95"," 86250"," 59.47"," 42"," 73750"," 85.51"
CORALFINAC," EQ"," 02-Jan-2026"," 40.02"," 40.73"," 40.89"," 39.53"," 40.53"," 40.65"," 40.17"," 46840"," 18.81"," 262"," 27068"," 57.79"
CORDSCABLE," EQ"," 02-Jan-2026"," 187.09"," 189.00"," 193.00"," 186.20"," 187.30"," 187.53"," 189.67"," 41988"," 79.64"," 1790"," 26098"," 62.16"
COROMANDEL," EQ"," 02-Jan-2026"," 2263.00"," 2269.90"," 2293.90"," 2261.10"," 2278.00"," 2280.10"," 2277.87"," 111142"," 2531.67"," 17103"," 50442"," 45.39"
CORONA," EQ"," 02-Jan-2026"," 1402.40"," 1409.40"," 1455.00"," 1406.00"," 1450.70"," 1443.50"," 1435.53"," 229326"," 3292.03"," 16706"," 99603"," 43.43"
COSMOFIRST," EQ"," 02-Jan-2026"," 677.90"," 678.10"," 704.90"," 678.10"," 694.95"," 695.20"," 697.21"," 51756"," 360.85"," 2579"," 28425"," 54.92"
COUNCODOS," EQ"," 02-Jan-2026"," 6.03"," 6.08"," 6.14"," 5.91"," 6.07"," 6.04"," 6.03"," 42320"," 2.55"," 277"," 25821"," 61.01"
CPCAP," EQ"," 02-Jan-2026"," 115.61"," 116.00"," 116.00"," 113.09"," 114.45"," 113.55"," 113.47"," 3568"," 4.05"," 174"," 2448"," 68.61"
CPEDU," EQ"," 02-Jan-2026"," 253.95"," 252.60"," 262.95"," 250.10"," 250.10"," 253.45"," 255.23"," 10709"," 27.33"," 961"," 4568"," 42.66"
CPPLUS," EQ"," 02-Jan-2026"," 1522.00"," 1535.00"," 1535.00"," 1500.00"," 1505.00"," 1501.40"," 1508.96"," 40059"," 604.47"," 4411"," 21403"," 53.43"
CPS," ST"," 02-Jan-2026"," 1154.00"," 1154.00"," 1200.00"," 1154.00"," 1200.00"," 1185.00"," 1173.50"," 600"," 7.04"," 4"," 600"," 100.00"
CPSEETF," EQ"," 02-Jan-2026"," 91.94"," 94.23"," 94.90"," 91.00"," 94.80"," 94.73"," 93.80"," 6069641"," 5693.37"," 13559"," 3872444"," 63.80"
CRAFTSMAN," EQ"," 02-Jan-2026"," 7722.50"," 7701.00"," 8050.00"," 7617.00"," 8025.00"," 8013.50"," 7885.52"," 88550"," 6982.63"," 19924"," 24233"," 27.37"
CRAMC," EQ"," 02-Jan-2026"," 310.70"," 310.00"," 313.00"," 306.45"," 312.05"," 311.05"," 310.21"," 347048"," 1076.59"," 8744"," 156839"," 45.19"
CRAYONS," SM"," 02-Jan-2026"," 38.30"," 38.00"," 40.00"," 37.10"," 40.00"," 40.00"," 39.29"," 7000"," 2.75"," 5"," 7000"," 100.00"
CREATIVEYE," EQ"," 02-Jan-2026"," 7.20"," 7.20"," 7.31"," 7.00"," 7.15"," 7.15"," 7.11"," 10946"," 0.78"," 179"," 9948"," 90.88"
CREDITACC," EQ"," 02-Jan-2026"," 1259.10"," 1261.60"," 1308.50"," 1259.00"," 1287.00"," 1287.70"," 1291.22"," 291572"," 3764.83"," 28402"," 151843"," 52.08"
CREST," EQ"," 02-Jan-2026"," 388.50"," 385.35"," 398.60"," 385.15"," 398.60"," 397.85"," 394.55"," 10183"," 40.18"," 375"," 7456"," 73.22"
CRISIL," EQ"," 02-Jan-2026"," 4328.50"," 4310.00"," 4500.00"," 4279.60"," 4468.00"," 4458.60"," 4398.00"," 66145"," 2909.06"," 13152"," 43320"," 65.49"
CRIZAC," EQ"," 02-Jan-2026"," 283.95"," 284.20"," 286.90"," 282.05"," 283.00"," 283.15"," 284.11"," 68325"," 194.12"," 3508"," 37879"," 55.44"
CROMPTON," EQ"," 02-Jan-2026"," 249.25"," 250.00"," 255.90"," 247.90"," 252.00"," 252.10"," 252.17"," 7080593"," 17854.82"," 43627"," 4869250"," 68.77"
CROWN," EQ"," 02-Jan-2026"," 137.80"," 138.86"," 142.80"," 135.37"," 135.50"," 137.55"," 139.06"," 14888"," 20.70"," 959"," 6443"," 43.28"
CSBBANK," EQ"," 02-Jan-2026"," 483.90"," 482.05"," 489.90"," 473.30"," 485.00"," 483.15"," 483.07"," 897046"," 4333.38"," 29525"," 330650"," 36.86"
CSLFINANCE," EQ"," 02-Jan-2026"," 294.65"," 297.60"," 307.60"," 293.80"," 300.00"," 297.45"," 301.76"," 16597"," 50.08"," 724"," 12048"," 72.59"
CSSL," SM"," 02-Jan-2026"," 133.35"," 133.50"," 133.60"," 129.00"," 129.00"," 129.20"," 131.01"," 76000"," 99.57"," 57"," 65000"," 85.53"
CTE," EQ"," 02-Jan-2026"," 39.88"," 40.49"," 41.66"," 39.21"," 39.61"," 39.90"," 40.06"," 5638"," 2.26"," 121"," 4600"," 81.59"
CUB," EQ"," 02-Jan-2026"," 289.00"," 289.95"," 290.70"," 286.30"," 287.25"," 288.50"," 288.19"," 1512259"," 4358.19"," 39010"," 783611"," 51.82"
CUBEXTUB," EQ"," 02-Jan-2026"," 119.44"," 120.76"," 122.95"," 117.73"," 121.50"," 121.50"," 120.60"," 323458"," 390.09"," 4744"," 152071"," 47.01"
CUDML," SM"," 02-Jan-2026"," 137.00"," 135.05"," 135.05"," 132.60"," 132.60"," 132.85"," 133.53"," 6000"," 8.01"," 6"," 4000"," 66.67"
CUMMINSIND," EQ"," 02-Jan-2026"," 4470.60"," 4484.00"," 4493.40"," 4441.10"," 4490.10"," 4482.10"," 4465.91"," 269527"," 12036.83"," 35645"," 176466"," 65.47"
CUPID," EQ"," 02-Jan-2026"," 524.90"," 525.90"," 526.95"," 419.95"," 419.95"," 419.95"," 473.49"," 22326875"," 105715.80"," 208180"," 6258792"," 28.03"
CURAA," BE"," 02-Jan-2026"," 107.76"," 107.76"," 109.91"," 107.76"," 109.91"," 109.91"," 109.59"," 54"," 0.06"," 4"," -"," -"
CURIS," SM"," 02-Jan-2026"," 125.50"," 128.00"," 128.00"," 123.50"," 123.50"," 123.50"," 124.47"," 9000"," 11.20"," 8"," 7000"," 77.78"
CYBERMEDIA," EQ"," 02-Jan-2026"," 17.53"," 17.61"," 17.74"," 17.00"," 17.10"," 17.14"," 17.24"," 8725"," 1.50"," 160"," 7492"," 85.87"
CYBERPP," E1"," 02-Jan-2026"," 6.19"," 6.19"," 6.19"," 6.03"," 6.03"," 6.03"," 6.03"," 101"," 0.01"," 2"," 101"," 100.00"
CYBERTECH," BE"," 02-Jan-2026"," 144.13"," 144.00"," 149.00"," 144.00"," 148.50"," 148.19"," 146.25"," 28618"," 41.85"," 329"," -"," -"
CYIENT," EQ"," 02-Jan-2026"," 1109.10"," 1105.00"," 1114.00"," 1101.20"," 1107.40"," 1105.90"," 1107.25"," 136553"," 1511.98"," 9629"," 62201"," 45.55"
CYIENTDLM," EQ"," 02-Jan-2026"," 414.60"," 414.75"," 417.70"," 413.90"," 415.90"," 415.85"," 415.79"," 54963"," 228.53"," 2413"," 33479"," 60.91"
DABUR," EQ"," 02-Jan-2026"," 499.95"," 501.45"," 526.35"," 499.00"," 525.40"," 522.60"," 518.92"," 5340608"," 27713.56"," 71585"," 2383751"," 44.63"
DALBHARAT," EQ"," 02-Jan-2026"," 2136.20"," 2108.80"," 2157.90"," 2108.80"," 2150.00"," 2147.10"," 2136.91"," 209238"," 4471.22"," 14339"," 101340"," 48.43"
DALMIASUG," EQ"," 02-Jan-2026"," 296.10"," 294.10"," 299.95"," 294.10"," 297.50"," 297.40"," 297.52"," 42631"," 126.83"," 1349"," 24605"," 57.72"
DAMCAPITAL," EQ"," 02-Jan-2026"," 215.45"," 216.80"," 220.69"," 215.16"," 219.85"," 219.12"," 218.23"," 404064"," 881.80"," 5629"," 195912"," 48.49"
DAMODARIND," EQ"," 02-Jan-2026"," 29.82"," 30.70"," 30.85"," 29.30"," 30.01"," 30.09"," 30.21"," 9724"," 2.94"," 181"," 4227"," 43.47"
DANGEE," EQ"," 02-Jan-2026"," 3.58"," 3.68"," 3.80"," 3.52"," 3.78"," 3.75"," 3.69"," 91843"," 3.39"," 196"," 73273"," 79.78"
DANISH," SM"," 02-Jan-2026"," 645.80"," 650.00"," 652.95"," 644.00"," 645.00"," 645.25"," 646.15"," 13050"," 84.32"," 66"," 10050"," 77.01"
DATAMATICS," EQ"," 02-Jan-2026"," 793.45"," 803.00"," 825.85"," 800.00"," 806.00"," 805.80"," 811.16"," 105188"," 853.24"," 5815"," 23868"," 22.69"
DATAPATTNS," EQ"," 02-Jan-2026"," 2601.20"," 2601.00"," 2638.00"," 2596.20"," 2626.90"," 2621.70"," 2618.46"," 107739"," 2821.10"," 12733"," 28362"," 26.32"
DAVANGERE," EQ"," 02-Jan-2026"," 3.71"," 3.71"," 3.78"," 3.71"," 3.76"," 3.76"," 3.74"," 6610646"," 247.52"," 2860"," 3690887"," 55.83"
DBCORP," EQ"," 02-Jan-2026"," 261.00"," 261.00"," 261.80"," 258.75"," 261.00"," 260.35"," 260.02"," 22032"," 57.29"," 1477"," 11353"," 51.53"
DBEIL," EQ"," 02-Jan-2026"," 117.12"," 118.39"," 118.89"," 115.50"," 117.78"," 118.32"," 117.72"," 19958"," 23.49"," 631"," 10184"," 51.03"
DBL," EQ"," 02-Jan-2026"," 473.90"," 474.70"," 476.00"," 466.00"," 469.30"," 467.85"," 470.01"," 93293"," 438.48"," 3509"," 58226"," 62.41"
DBOL," EQ"," 02-Jan-2026"," 81.59"," 81.00"," 81.67"," 79.97"," 79.97"," 80.26"," 80.91"," 42806"," 34.63"," 1354"," 24551"," 57.35"
DBREALTY," EQ"," 02-Jan-2026"," 117.70"," 118.28"," 121.39"," 118.10"," 120.60"," 120.55"," 120.26"," 969881"," 1166.42"," 10279"," 588199"," 60.65"
DBSTOCKBRO," EQ"," 02-Jan-2026"," 24.84"," 25.39"," 25.39"," 24.80"," 24.80"," 24.87"," 24.92"," 8262"," 2.06"," 42"," 8213"," 99.41"
DCAL," EQ"," 02-Jan-2026"," 256.48"," 256.48"," 260.26"," 253.27"," 255.72"," 254.78"," 256.33"," 225831"," 578.88"," 6458"," 138061"," 61.13"
DCBBANK," EQ"," 02-Jan-2026"," 175.89"," 178.00"," 179.30"," 176.00"," 177.22"," 177.44"," 177.80"," 1355726"," 2410.43"," 17663"," 729658"," 53.82"
DCCL," SM"," 02-Jan-2026"," 46.00"," 45.90"," 45.90"," 44.00"," 45.20"," 44.45"," 44.68"," 12000"," 5.36"," 6"," 10000"," 83.33"
DCG," SM"," 02-Jan-2026"," 67.75"," 67.75"," 68.45"," 66.15"," 68.45"," 68.45"," 66.95"," 7200"," 4.82"," 6"," 7200"," 100.00"
DCI," EQ"," 02-Jan-2026"," 246.81"," 250.90"," 250.90"," 243.50"," 248.17"," 245.74"," 245.52"," 2112"," 5.19"," 206"," 1243"," 58.85"
DCM," EQ"," 02-Jan-2026"," 92.36"," 91.55"," 92.90"," 91.55"," 92.65"," 92.54"," 92.23"," 5516"," 5.09"," 107"," 4392"," 79.62"
DCMFINSERV," EQ"," 02-Jan-2026"," 5.30"," 5.30"," 5.44"," 5.30"," 5.40"," 5.40"," 5.34"," 7522"," 0.40"," 38"," 7288"," 96.89"
DCMNVL," EQ"," 02-Jan-2026"," 133.67"," 133.00"," 142.00"," 132.00"," 140.00"," 139.37"," 136.52"," 13724"," 18.74"," 392"," 7878"," 57.40"
DCMSHRIRAM," EQ"," 02-Jan-2026"," 1269.20"," 1274.50"," 1304.70"," 1253.10"," 1257.40"," 1257.20"," 1274.29"," 75651"," 964.01"," 9314"," 26138"," 34.55"
DCMSRIND," BE"," 02-Jan-2026"," 55.95"," 57.00"," 57.00"," 53.16"," 54.75"," 54.53"," 54.12"," 99705"," 53.96"," 1001"," -"," -"
DCW," EQ"," 02-Jan-2026"," 57.78"," 58.70"," 58.84"," 57.48"," 58.00"," 57.73"," 58.05"," 591852"," 343.56"," 3612"," 290882"," 49.15"
DCXINDIA," EQ"," 02-Jan-2026"," 190.73"," 191.60"," 195.40"," 191.00"," 193.56"," 193.56"," 193.05"," 632698"," 1221.42"," 8296"," 210159"," 33.22"
DDEVPLSTIK," EQ"," 02-Jan-2026"," 300.50"," 300.45"," 303.65"," 300.10"," 302.00"," 301.45"," 301.60"," 37193"," 112.17"," 1554"," 22896"," 61.56"
DECCANCE," EQ"," 02-Jan-2026"," 740.95"," 740.95"," 746.90"," 725.85"," 739.20"," 730.90"," 736.61"," 32259"," 237.62"," 1154"," 25414"," 78.78"
DECCANTRAN," SM"," 02-Jan-2026"," 23.75"," 23.40"," 24.15"," 23.25"," 24.15"," 24.15"," 23.58"," 7200"," 1.70"," 6"," 4800"," 66.67"
DEEDEV," EQ"," 02-Jan-2026"," 208.91"," 208.91"," 217.49"," 208.81"," 214.00"," 214.90"," 214.32"," 117083"," 250.93"," 4866"," 49606"," 42.37"
DEEM," SM"," 02-Jan-2026"," 50.40"," 50.60"," 50.60"," 50.55"," 50.55"," 50.55"," 50.56"," 4000"," 2.02"," 4"," 4000"," 100.00"
DEEPAKFERT," EQ"," 02-Jan-2026"," 1243.50"," 1251.50"," 1274.80"," 1228.00"," 1256.10"," 1261.80"," 1259.49"," 665297"," 8379.38"," 37275"," 341236"," 51.29"
DEEPAKNTR," EQ"," 02-Jan-2026"," 1701.30"," 1706.50"," 1717.80"," 1695.10"," 1708.00"," 1711.10"," 1705.21"," 52890"," 901.89"," 7010"," 20874"," 39.47"
DEEPINDS," EQ"," 02-Jan-2026"," 456.90"," 456.00"," 463.70"," 452.10"," 454.80"," 454.75"," 455.38"," 101948"," 464.25"," 4375"," 59842"," 58.70"
DELAPLEX," SM"," 02-Jan-2026"," 130.20"," 130.20"," 136.00"," 130.00"," 136.00"," 133.25"," 132.49"," 7800"," 10.33"," 11"," 6600"," 84.62"
DELHIVERY," EQ"," 02-Jan-2026"," 400.60"," 401.60"," 405.85"," 398.70"," 404.25"," 404.50"," 402.62"," 785695"," 3163.38"," 16962"," 465782"," 59.28"
DELPHIFX," EQ"," 02-Jan-2026"," 236.52"," 238.84"," 238.84"," 233.41"," 233.50"," 234.23"," 235.75"," 28488"," 67.16"," 384"," 7075"," 24.84"
DELTACORP," EQ"," 02-Jan-2026"," 69.71"," 69.99"," 70.80"," 69.63"," 70.35"," 70.47"," 70.31"," 781125"," 549.19"," 7631"," 366604"," 46.93"
DELTAMAGNT," EQ"," 02-Jan-2026"," 68.99"," 68.65"," 69.78"," 66.00"," 67.95"," 67.36"," 67.57"," 20703"," 13.99"," 244"," 14865"," 71.80"
DELTIC," SM"," 02-Jan-2026"," 50.60"," 48.20"," 51.20"," 48.20"," 49.25"," 50.00"," 49.98"," 21000"," 10.50"," 18"," 19000"," 90.48"
DEN," EQ"," 02-Jan-2026"," 31.22"," 31.14"," 31.48"," 30.88"," 31.40"," 31.38"," 31.17"," 465711"," 145.17"," 2142"," 280304"," 60.19"
DENEERS," SM"," 02-Jan-2026"," 150.00"," 148.65"," 157.50"," 148.05"," 153.00"," 153.00"," 152.98"," 22800"," 34.88"," 29"," 16800"," 73.68"
DENORA," EQ"," 02-Jan-2026"," 684.05"," 685.10"," 705.00"," 685.10"," 693.30"," 693.85"," 696.40"," 2043"," 14.23"," 365"," 1297"," 63.49"
DENTA," EQ"," 02-Jan-2026"," 329.65"," 332.30"," 341.60"," 330.40"," 340.00"," 339.35"," 337.39"," 144647"," 488.03"," 4606"," 62917"," 43.50"
DENTALKART," SM"," 02-Jan-2026"," 579.00"," 566.20"," 567.05"," 556.00"," 556.00"," 559.55"," 560.78"," 12750"," 71.50"," 43"," 8500"," 66.67"
DEVIT," EQ"," 02-Jan-2026"," 34.20"," 34.26"," 36.19"," 34.20"," 36.13"," 35.65"," 35.22"," 214054"," 75.40"," 2879"," 82425"," 38.51"
DEVX," EQ"," 02-Jan-2026"," 41.00"," 41.33"," 42.50"," 41.11"," 41.92"," 42.02"," 41.91"," 302195"," 126.66"," 3801"," 152215"," 50.37"
DEVYANI," EQ"," 02-Jan-2026"," 147.43"," 155.00"," 159.66"," 146.11"," 147.20"," 148.07"," 152.63"," 44963986"," 68628.67"," 213634"," 8352115"," 18.58"
DGCONTENT," EQ"," 02-Jan-2026"," 33.43"," 33.40"," 33.80"," 32.41"," 32.60"," 32.60"," 33.03"," 3158"," 1.04"," 80"," 2636"," 83.47"
DHAMPURSUG," EQ"," 02-Jan-2026"," 123.05"," 123.48"," 124.48"," 122.78"," 123.82"," 123.90"," 123.77"," 118880"," 147.14"," 1487"," 62637"," 52.69"
DHANBANK," EQ"," 02-Jan-2026"," 24.99"," 24.93"," 25.71"," 24.00"," 25.21"," 24.96"," 25.10"," 872711"," 219.06"," 4746"," 439563"," 50.37"
DHANLAXMI," SM"," 02-Jan-2026"," 30.75"," 30.60"," 30.60"," 30.20"," 30.20"," 30.20"," 30.40"," 4000"," 1.22"," 2"," 2000"," 50.00"
DHANUKA," EQ"," 02-Jan-2026"," 1177.40"," 1183.80"," 1197.10"," 1174.60"," 1176.50"," 1178.70"," 1183.25"," 65108"," 770.39"," 9262"," 37999"," 58.36"
DHARAN," BZ"," 02-Jan-2026"," 0.22"," 0.22"," 0.23"," 0.21"," 0.22"," 0.22"," 0.22"," 68091950"," 146.56"," 2618"," -"," -"
DHARARAIL," ST"," 02-Jan-2026"," 149.65"," 142.20"," 142.20"," 142.20"," 142.20"," 142.20"," 142.20"," 32000"," 45.50"," 20"," 32000"," 100.00"
DHARIWAL," ST"," 02-Jan-2026"," 368.35"," 374.90"," 374.90"," 361.00"," 361.00"," 361.00"," 365.38"," 10200"," 37.27"," 16"," 10200"," 100.00"
DHARMAJ," EQ"," 02-Jan-2026"," 243.12"," 244.00"," 247.00"," 238.39"," 245.80"," 245.15"," 243.64"," 29635"," 72.20"," 1016"," 19240"," 64.92"
DHRUV," EQ"," 02-Jan-2026"," 48.08"," 46.71"," 48.96"," 46.50"," 47.11"," 47.25"," 47.42"," 6517"," 3.09"," 134"," 4616"," 70.83"
DHTL," ST"," 02-Jan-2026"," 72.70"," 74.15"," 74.15"," 74.15"," 74.15"," 74.15"," 74.15"," 800"," 0.59"," 1"," 800"," 100.00"
DHUNINV," EQ"," 02-Jan-2026"," 1222.60"," 1216.50"," 1249.10"," 1201.50"," 1234.90"," 1234.80"," 1219.35"," 1309"," 15.96"," 170"," 749"," 57.22"
DIACABS," EQ"," 02-Jan-2026"," 137.91"," 138.20"," 138.50"," 135.92"," 137.02"," 137.01"," 137.26"," 1076198"," 1477.19"," 5685"," 429764"," 39.93"
DIAMINESQ," EQ"," 02-Jan-2026"," 273.05"," 276.45"," 277.15"," 260.30"," 267.00"," 263.70"," 268.07"," 4668"," 12.51"," 410"," 2033"," 43.55"
DIAMONDYD," EQ"," 02-Jan-2026"," 1218.00"," 1221.00"," 1221.50"," 1180.00"," 1201.00"," 1203.60"," 1196.10"," 80710"," 965.37"," 4904"," 45257"," 56.07"
DICIND," EQ"," 02-Jan-2026"," 490.70"," 490.70"," 505.00"," 486.00"," 505.00"," 503.25"," 496.39"," 1443"," 7.16"," 93"," 1335"," 92.52"
DIFFNKG," EQ"," 02-Jan-2026"," 334.65"," 338.00"," 339.00"," 333.75"," 337.85"," 336.25"," 336.71"," 35052"," 118.03"," 1350"," 20206"," 57.65"
DIGIDRIVE," EQ"," 02-Jan-2026"," 26.04"," 26.70"," 26.87"," 25.64"," 26.83"," 26.37"," 26.27"," 15779"," 4.15"," 327"," 9509"," 60.26"
DIGIKORE," SM"," 02-Jan-2026"," 72.25"," 70.80"," 74.50"," 70.80"," 74.50"," 74.20"," 73.41"," 26000"," 19.09"," 32"," 21200"," 81.54"
DIGISPICE," EQ"," 02-Jan-2026"," 23.85"," 23.45"," 24.09"," 23.26"," 23.85"," 23.54"," 23.61"," 116663"," 27.54"," 696"," 76825"," 65.85"
DIGITIDE," EQ"," 02-Jan-2026"," 130.58"," 131.00"," 134.01"," 129.46"," 133.88"," 133.50"," 132.66"," 185410"," 245.97"," 2286"," 102636"," 55.36"
DIGJAMLMTD," EQ"," 02-Jan-2026"," 52.71"," 54.81"," 55.34"," 52.50"," 55.34"," 55.34"," 55.13"," 28314"," 15.61"," 263"," 19549"," 69.04"
DIL," BZ"," 02-Jan-2026"," 1.70"," 1.70"," 1.74"," 1.65"," 1.70"," 1.71"," 1.70"," 98355"," 1.67"," 188"," -"," -"
DISHTV," EQ"," 02-Jan-2026"," 4.00"," 4.00"," 4.07"," 3.95"," 4.03"," 4.03"," 4.02"," 2380288"," 95.60"," 2291"," 1664200"," 69.92"
DIVGIITTS," EQ"," 02-Jan-2026"," 611.35"," 610.25"," 620.00"," 606.05"," 618.00"," 613.50"," 611.26"," 3292"," 20.12"," 385"," 2644"," 80.32"
DIVIDEND," EQ"," 02-Jan-2026"," 36.47"," 36.60"," 37.01"," 36.58"," 37.01"," 37.01"," 36.83"," 4225"," 1.56"," 53"," 4120"," 97.51"
DIVINEHIRA," ST"," 02-Jan-2026"," 234.70"," 239.20"," 239.20"," 239.20"," 239.20"," 239.20"," 239.20"," 1600"," 3.83"," 1"," 1600"," 100.00"
DIVISLAB," EQ"," 02-Jan-2026"," 6344.00"," 6351.00"," 6398.00"," 6332.50"," 6392.00"," 6392.50"," 6369.33"," 108528"," 6912.51"," 14089"," 59759"," 55.06"
DIVOPPBEES," EQ"," 02-Jan-2026"," 83.34"," 84.64"," 84.64"," 82.10"," 83.90"," 83.79"," 83.60"," 69359"," 57.98"," 1117"," 55764"," 80.40"
DIXON," EQ"," 02-Jan-2026"," 12091.00"," 12162.00"," 12290.00"," 11935.00"," 12164.00"," 12165.00"," 12140.17"," 809776"," 98308.21"," 92594"," 263023"," 32.48"
DJML," EQ"," 02-Jan-2026"," 68.69"," 68.31"," 71.48"," 67.53"," 70.00"," 70.46"," 69.80"," 113581"," 79.28"," 1126"," 32194"," 28.34"
DLF," EQ"," 02-Jan-2026"," 691.40"," 692.65"," 707.45"," 692.65"," 698.30"," 698.20"," 699.91"," 4064871"," 28450.45"," 81920"," 1797480"," 44.22"
DLINKINDIA," EQ"," 02-Jan-2026"," 419.55"," 420.10"," 434.00"," 420.10"," 432.00"," 430.65"," 429.61"," 81639"," 350.73"," 3102"," 40932"," 50.14"
DMART," EQ"," 02-Jan-2026"," 3716.10"," 3735.00"," 3753.50"," 3700.00"," 3721.00"," 3719.80"," 3724.29"," 295500"," 11005.26"," 25458"," 165138"," 55.88"
DMCC," EQ"," 02-Jan-2026"," 255.60"," 260.60"," 260.60"," 253.85"," 257.80"," 255.55"," 256.48"," 9437"," 24.20"," 361"," 6268"," 66.42"
DNAMEDIA," EQ"," 02-Jan-2026"," 3.89"," 3.89"," 3.89"," 3.82"," 3.89"," 3.84"," 3.85"," 27673"," 1.07"," 142"," 20461"," 73.94"
DODLA," EQ"," 02-Jan-2026"," 1232.50"," 1239.00"," 1249.00"," 1215.00"," 1218.00"," 1220.40"," 1221.36"," 24560"," 299.97"," 3609"," 14141"," 57.58"
DOLATALGO," EQ"," 02-Jan-2026"," 88.76"," 88.50"," 92.01"," 88.50"," 90.50"," 91.54"," 90.72"," 542507"," 492.17"," 6497"," 242518"," 44.70"
DOLLAR," EQ"," 02-Jan-2026"," 349.50"," 349.90"," 355.00"," 348.30"," 352.05"," 353.90"," 350.91"," 76029"," 266.80"," 2487"," 60366"," 79.40"
DOLLEX," SM"," 02-Jan-2026"," 39.20"," 38.80"," 39.85"," 38.80"," 39.85"," 39.85"," 39.33"," 8000"," 3.15"," 2"," 4000"," 50.00"
DOLPHIN," EQ"," 02-Jan-2026"," 473.75"," 470.00"," 488.95"," 454.15"," 479.00"," 479.40"," 479.67"," 21766"," 104.40"," 1076"," 9643"," 44.30"
DOMS," EQ"," 02-Jan-2026"," 2601.80"," 2583.00"," 2706.40"," 2583.00"," 2673.90"," 2673.90"," 2664.92"," 110649"," 2948.70"," 17054"," 40961"," 37.02"
DONEAR," EQ"," 02-Jan-2026"," 92.91"," 92.96"," 93.85"," 92.50"," 93.60"," 93.52"," 93.16"," 23613"," 22.00"," 359"," 17515"," 74.18"
DPABHUSHAN," EQ"," 02-Jan-2026"," 1427.20"," 1441.50"," 1441.50"," 1410.00"," 1415.00"," 1417.20"," 1420.02"," 10918"," 155.04"," 1186"," 7610"," 69.70"
DPEL," ST"," 02-Jan-2026"," 272.30"," 279.00"," 279.00"," 265.00"," 279.00"," 272.10"," 272.32"," 60000"," 163.39"," 68"," 56000"," 93.33"
DPSCLTD," EQ"," 02-Jan-2026"," 9.97"," 9.90"," 10.25"," 9.80"," 10.04"," 10.03"," 10.05"," 152568"," 15.33"," 652"," 118535"," 77.69"
DPWIRES," EQ"," 02-Jan-2026"," 202.45"," 202.45"," 210.00"," 201.36"," 208.45"," 208.10"," 207.32"," 20925"," 43.38"," 696"," 11130"," 53.19"
DRCSYSTEMS," EQ"," 02-Jan-2026"," 17.39"," 17.39"," 17.50"," 17.20"," 17.24"," 17.24"," 17.28"," 24249"," 4.19"," 245"," 20606"," 84.98"
DREAMFOLKS," EQ"," 02-Jan-2026"," 107.43"," 107.43"," 109.59"," 106.63"," 108.50"," 108.99"," 108.11"," 90712"," 98.07"," 2690"," 50210"," 55.35"
DREDGECORP," EQ"," 02-Jan-2026"," 997.30"," 1005.00"," 1016.50"," 960.40"," 962.10"," 963.95"," 981.96"," 229349"," 2252.11"," 9792"," 94217"," 41.08"
DRONE," SM"," 02-Jan-2026"," 67.45"," 68.35"," 68.35"," 66.50"," 67.00"," 66.75"," 67.17"," 14500"," 9.74"," 29"," 10000"," 68.97"
DRREDDY," EQ"," 02-Jan-2026"," 1253.40"," 1249.00"," 1257.60"," 1236.00"," 1257.60"," 1256.10"," 1246.24"," 1591218"," 19830.34"," 30169"," 993286"," 62.42"
DSSL," EQ"," 02-Jan-2026"," 1014.60"," 1004.50"," 1013.90"," 992.70"," 1006.70"," 1005.00"," 1003.75"," 95378"," 957.36"," 5177"," 25821"," 27.07"
DTIL," EQ"," 02-Jan-2026"," 158.66"," 160.98"," 160.98"," 158.70"," 159.00"," 158.94"," 159.30"," 1589"," 2.53"," 72"," 1265"," 79.61"
DTL," SM"," 02-Jan-2026"," 146.00"," 146.00"," 146.00"," 146.00"," 146.00"," 146.00"," 146.00"," 1200"," 1.75"," 1"," 1200"," 100.00"
DUCOL," SM"," 02-Jan-2026"," 159.85"," 149.90"," 151.85"," 149.40"," 151.85"," 151.60"," 150.56"," 5600"," 8.43"," 7"," 4000"," 71.43"
DUCON," EQ"," 02-Jan-2026"," 3.51"," 3.58"," 3.65"," 3.54"," 3.59"," 3.58"," 3.59"," 254948"," 9.16"," 631"," 216787"," 85.03"
DUGLOBAL," SM"," 02-Jan-2026"," 30.15"," 30.95"," 30.95"," 30.95"," 30.95"," 30.95"," 30.95"," 2500"," 0.77"," 1"," 2500"," 100.00"
DURLAX," SM"," 02-Jan-2026"," 42.00"," 40.35"," 41.95"," 39.75"," 40.00"," 41.00"," 41.09"," 150000"," 61.63"," 22"," 140000"," 93.33"
DVL," EQ"," 02-Jan-2026"," 278.30"," 278.30"," 286.95"," 278.30"," 283.50"," 283.40"," 283.23"," 14041"," 39.77"," 541"," 7507"," 53.46"
DWARKESH," EQ"," 02-Jan-2026"," 37.24"," 37.22"," 38.09"," 37.01"," 37.99"," 37.88"," 37.70"," 335851"," 126.60"," 3131"," 196765"," 58.59"
DYCL," EQ"," 02-Jan-2026"," 336.65"," 339.35"," 346.50"," 336.55"," 343.55"," 343.10"," 340.02"," 107306"," 364.86"," 5317"," 44539"," 41.51"
DYNAMATECH," EQ"," 02-Jan-2026"," 9261.00"," 9320.50"," 9540.00"," 9273.50"," 9500.00"," 9503.00"," 9446.76"," 18824"," 1778.26"," 5268"," 7808"," 41.48"
DYNAMIC," SM"," 02-Jan-2026"," 130.30"," 130.95"," 135.00"," 127.20"," 130.95"," 129.25"," 131.72"," 34500"," 45.44"," 48"," 28000"," 81.16"
DYNPRO," EQ"," 02-Jan-2026"," 248.20"," 251.75"," 258.15"," 245.80"," 253.05"," 255.75"," 250.46"," 55023"," 137.81"," 1730"," 35577"," 64.66"
E2E," EQ"," 02-Jan-2026"," 1999.20"," 2003.00"," 2068.60"," 1976.00"," 2038.00"," 2027.50"," 2027.15"," 86603"," 1755.58"," 11018"," 35896"," 41.45"
E2ERAIL," ST"," 02-Jan-2026"," 174.00"," 330.60"," 347.10"," 314.20"," 328.00"," 327.80"," 338.49"," 2938400"," 9946.20"," 2111"," 2936800"," 99.95"
EASEMYTRIP," EQ"," 02-Jan-2026"," 7.36"," 7.38"," 7.47"," 7.31"," 7.47"," 7.44"," 7.40"," 7493755"," 554.80"," 9110"," 3984650"," 53.17"
EBANKNIFTY," EQ"," 02-Jan-2026"," 59.90"," 61.10"," 61.10"," 60.16"," 60.69"," 60.60"," 60.57"," 1968"," 1.19"," 35"," 1536"," 78.05"
EBBETF0430," EQ"," 02-Jan-2026"," 1564.32"," 1568.39"," 1568.39"," 1561.27"," 1561.74"," 1563.19"," 1563.06"," 21263"," 332.35"," 733"," 16212"," 76.25"
EBBETF0431," EQ"," 02-Jan-2026"," 1396.59"," 1399.86"," 1399.86"," 1395.96"," 1399.55"," 1398.58"," 1398.52"," 12644"," 176.83"," 152"," 9474"," 74.93"
EBBETF0433," EQ"," 02-Jan-2026"," 1274.25"," 1274.26"," 1276.58"," 1273.02"," 1276.48"," 1276.46"," 1276.17"," 9674"," 123.46"," 110"," 9532"," 98.53"
EBGNG," EQ"," 02-Jan-2026"," 310.25"," 310.45"," 315.25"," 306.00"," 309.50"," 310.70"," 312.04"," 48763"," 152.16"," 1822"," 25465"," 52.22"
ECAPINSURE," EQ"," 02-Jan-2026"," 24.04"," 24.47"," 24.47"," 23.65"," 24.09"," 24.25"," 24.17"," 32347"," 7.82"," 351"," 26438"," 81.73"
ECLERX," EQ"," 02-Jan-2026"," 4821.70"," 4815.00"," 4815.00"," 4706.20"," 4715.60"," 4721.50"," 4740.69"," 29666"," 1406.37"," 8690"," 11955"," 40.30"
ECOLINE," SM"," 02-Jan-2026"," 132.00"," 129.00"," 130.00"," 129.00"," 130.00"," 130.00"," 129.40"," 5000"," 6.47"," 3"," 5000"," 100.00"
ECOSMOBLTY," EQ"," 02-Jan-2026"," 198.05"," 198.06"," 201.00"," 197.26"," 201.00"," 199.96"," 199.61"," 84054"," 167.78"," 1757"," 55739"," 66.31"
EDELWEISS," EQ"," 02-Jan-2026"," 108.66"," 108.31"," 114.99"," 108.20"," 113.45"," 113.92"," 112.92"," 7789469"," 8795.95"," 71659"," 3749264"," 48.13"
EEPL," SM"," 02-Jan-2026"," 204.20"," 209.00"," 209.00"," 201.00"," 201.60"," 202.55"," 202.69"," 25000"," 50.67"," 20"," 22000"," 88.00"
EFACTOR," ST"," 02-Jan-2026"," 340.95"," 345.00"," 346.70"," 325.05"," 339.70"," 339.70"," 336.14"," 3600"," 12.10"," 9"," 3600"," 100.00"
EFCIL," EQ"," 02-Jan-2026"," 298.95"," 299.05"," 303.80"," 295.60"," 303.65"," 302.60"," 300.27"," 185605"," 557.31"," 3201"," 72108"," 38.85"
EFFWA," SM"," 02-Jan-2026"," 227.00"," 230.00"," 231.00"," 224.00"," 226.00"," 227.70"," 226.05"," 20000"," 45.21"," 38"," 13200"," 66.00"
EFORCE," SM"," 02-Jan-2026"," 33.90"," 33.90"," 33.90"," 33.90"," 33.90"," 33.90"," 33.90"," 4800"," 1.63"," 4"," 4800"," 100.00"
EGOLD," EQ"," 02-Jan-2026"," 133.55"," 134.95"," 135.00"," 134.00"," 135.00"," 134.90"," 134.55"," 36005"," 48.44"," 442"," 25549"," 70.96"
EICHERMOT," EQ"," 02-Jan-2026"," 7348.00"," 7348.00"," 7382.50"," 7298.00"," 7344.00"," 7334.50"," 7341.78"," 227469"," 16700.26"," 46358"," 105479"," 46.37"
EIDPARRY," EQ"," 02-Jan-2026"," 1018.00"," 1018.00"," 1020.50"," 1007.20"," 1018.00"," 1011.20"," 1011.92"," 135462"," 1370.77"," 9351"," 84963"," 62.72"
EIEL," EQ"," 02-Jan-2026"," 203.48"," 203.48"," 207.71"," 202.31"," 206.65"," 206.75"," 206.07"," 414384"," 853.93"," 6651"," 203666"," 49.15"
EIFFL," EQ"," 02-Jan-2026"," 267.20"," 267.25"," 274.30"," 266.00"," 266.20"," 268.05"," 268.23"," 31464"," 84.40"," 1663"," 20599"," 65.47"
EIHAHOTELS," EQ"," 02-Jan-2026"," 356.50"," 354.00"," 359.90"," 354.00"," 358.10"," 359.10"," 358.04"," 7259"," 25.99"," 522"," 3385"," 46.63"
EIHOTEL," EQ"," 02-Jan-2026"," 366.10"," 366.00"," 368.90"," 363.60"," 366.65"," 367.30"," 366.22"," 100885"," 369.46"," 3811"," 63992"," 63.43"
EIMCOELECO," EQ"," 02-Jan-2026"," 1624.90"," 1620.00"," 1644.50"," 1611.00"," 1625.00"," 1625.30"," 1625.42"," 13691"," 222.54"," 2121"," 6270"," 45.80"
EKC," EQ"," 02-Jan-2026"," 115.88"," 115.88"," 118.00"," 115.46"," 117.70"," 117.19"," 116.95"," 202282"," 236.58"," 2879"," 112427"," 55.58"
ELDEHSG," EQ"," 02-Jan-2026"," 1000.90"," 990.35"," 995.75"," 910.90"," 934.95"," 926.40"," 956.50"," 6658"," 63.68"," 769"," 3863"," 58.02"
ELECON," EQ"," 02-Jan-2026"," 480.70"," 482.00"," 516.00"," 481.90"," 501.00"," 501.00"," 503.88"," 1908336"," 9615.73"," 61903"," 445615"," 23.35"
ELECTCAST," EQ"," 02-Jan-2026"," 76.97"," 77.25"," 78.38"," 76.20"," 76.91"," 76.75"," 77.20"," 1774464"," 1369.84"," 11363"," 799705"," 45.07"
ELECTHERM," EQ"," 02-Jan-2026"," 877.60"," 877.60"," 889.80"," 860.05"," 875.00"," 868.90"," 873.72"," 7676"," 67.07"," 689"," 4240"," 55.24"
ELGIEQUIP," EQ"," 02-Jan-2026"," 476.15"," 479.00"," 484.60"," 477.30"," 483.75"," 483.80"," 482.41"," 282270"," 1361.69"," 12797"," 139106"," 49.28"
ELGIRUBCO," EQ"," 02-Jan-2026"," 45.62"," 45.10"," 47.15"," 44.90"," 45.20"," 45.57"," 46.13"," 124743"," 57.55"," 1177"," 90083"," 72.21"
ELGNZ," SM"," 02-Jan-2026"," 91.80"," 91.60"," 94.90"," 91.60"," 92.25"," 92.25"," 93.32"," 36000"," 33.59"," 18"," 32000"," 88.89"
ELIN," EQ"," 02-Jan-2026"," 164.47"," 165.67"," 168.00"," 163.31"," 168.00"," 166.61"," 166.11"," 47357"," 78.66"," 1983"," 15195"," 32.09"
ELIQUID," EQ"," 02-Jan-2026"," 1012.68"," 1013.07"," 1013.09"," 1013.07"," 1013.07"," 1013.08"," 1013.08"," 5695"," 57.69"," 72"," 2853"," 50.10"
ELLEN," EQ"," 02-Jan-2026"," 336.45"," 334.00"," 342.50"," 334.00"," 342.00"," 341.60"," 339.15"," 62234"," 211.07"," 2251"," 38941"," 62.57"
ELM250," EQ"," 02-Jan-2026"," 16.87"," 16.92"," 17.07"," 16.85"," 16.92"," 17.05"," 17.00"," 135628"," 23.05"," 126"," 121421"," 89.53"
EMAMILTD," EQ"," 02-Jan-2026"," 524.95"," 525.65"," 529.50"," 518.00"," 524.00"," 522.55"," 522.87"," 259902"," 1358.94"," 9660"," 118532"," 45.61"
EMAMIPAP," EQ"," 02-Jan-2026"," 88.01"," 88.50"," 90.01"," 85.40"," 88.00"," 88.40"," 87.92"," 16026"," 14.09"," 306"," 10801"," 67.40"
EMAMIREAL," EQ"," 02-Jan-2026"," 80.46"," 79.00"," 83.00"," 79.00"," 82.00"," 82.19"," 81.40"," 10048"," 8.18"," 208"," 7307"," 72.72"
EMAPARTNER," SM"," 02-Jan-2026"," 96.00"," 96.05"," 96.05"," 95.50"," 95.50"," 95.50"," 95.86"," 6000"," 5.75"," 6"," 6000"," 100.00"
EMBASSY," RR"," 02-Jan-2026"," 435.69"," 436.70"," 439.00"," 435.50"," 438.05"," 438.51"," 438.02"," 297177"," 1301.68"," 15147"," 254504"," 85.64"
EMBDL," BE"," 02-Jan-2026"," 59.46"," 59.80"," 59.80"," 56.49"," 56.49"," 56.59"," 57.01"," 10889968"," 6208.80"," 40267"," -"," -"
EMCURE," EQ"," 02-Jan-2026"," 1401.80"," 1401.00"," 1445.30"," 1388.10"," 1425.00"," 1430.90"," 1427.78"," 311922"," 4453.55"," 26389"," 221964"," 71.16"
EMIL," EQ"," 02-Jan-2026"," 106.62"," 107.47"," 107.47"," 104.61"," 105.25"," 105.14"," 105.16"," 808680"," 850.37"," 7940"," 425374"," 52.60"
EMKAY," EQ"," 02-Jan-2026"," 287.60"," 286.00"," 294.70"," 276.50"," 290.00"," 286.25"," 283.23"," 22724"," 64.36"," 842"," 15145"," 66.65"
EMKAYTOOLS," SM"," 02-Jan-2026"," 113.00"," 113.10"," 117.00"," 113.00"," 115.00"," 116.00"," 114.50"," 2250"," 2.58"," 12"," 2250"," 100.00"
EMMBI," EQ"," 02-Jan-2026"," 98.37"," 98.37"," 101.78"," 97.51"," 99.99"," 100.30"," 99.57"," 6648"," 6.62"," 243"," 4362"," 65.61"
EMMIL," SM"," 02-Jan-2026"," 185.20"," 186.00"," 186.00"," 186.00"," 186.00"," 186.00"," 186.00"," 500"," 0.93"," 2"," 500"," 100.00"
EMMVEE," EQ"," 02-Jan-2026"," 188.86"," 187.92"," 188.72"," 181.56"," 188.01"," 187.75"," 184.51"," 1423681"," 2626.85"," 20669"," 618320"," 43.43"
EMSLIMITED," EQ"," 02-Jan-2026"," 428.55"," 428.60"," 437.00"," 426.90"," 437.00"," 433.90"," 433.20"," 74550"," 322.95"," 3188"," 39998"," 53.65"
EMUDHRA," EQ"," 02-Jan-2026"," 559.85"," 562.80"," 580.05"," 556.25"," 574.55"," 576.35"," 572.61"," 74983"," 429.36"," 5254"," 37249"," 49.68"
EMULTIMQ," EQ"," 02-Jan-2026"," 41.38"," 41.39"," 42.00"," 41.28"," 42.00"," 41.67"," 41.61"," 97647"," 40.64"," 426"," 94073"," 96.34"
ENCOMPAS," SM"," 02-Jan-2026"," 254.00"," 250.55"," 255.00"," 246.10"," 254.95"," 253.95"," 250.58"," 22800"," 57.13"," 12"," 18000"," 78.95"
ENDURANCE," EQ"," 02-Jan-2026"," 2543.20"," 2543.20"," 2581.60"," 2534.00"," 2536.00"," 2540.20"," 2554.38"," 82980"," 2119.62"," 13132"," 51943"," 62.60"
ENERGY," EQ"," 02-Jan-2026"," 35.55"," 35.62"," 36.39"," 35.59"," 36.35"," 36.33"," 35.97"," 2292566"," 824.58"," 617"," 1996547"," 87.09"
ENERGYDEV," BE"," 02-Jan-2026"," 19.67"," 19.42"," 20.65"," 19.42"," 20.50"," 20.42"," 20.19"," 122567"," 24.75"," 357"," -"," -"
ENGINERSIN," EQ"," 02-Jan-2026"," 202.69"," 202.90"," 207.38"," 199.90"," 207.30"," 206.40"," 204.55"," 2967348"," 6069.80"," 39643"," 1351679"," 45.55"
ENIFTY," EQ"," 02-Jan-2026"," 26.09"," 26.20"," 26.25"," 26.16"," 26.24"," 26.24"," 26.23"," 3794"," 1.00"," 22"," 3794"," 100.00"
ENIL," EQ"," 02-Jan-2026"," 112.44"," 112.10"," 115.29"," 112.00"," 114.40"," 114.05"," 113.38"," 40770"," 46.22"," 1962"," 27352"," 67.09"
ENRIN," EQ"," 02-Jan-2026"," 2539.00"," 2541.00"," 2557.50"," 2521.90"," 2547.00"," 2546.70"," 2541.22"," 181253"," 4606.03"," 14658"," 86073"," 47.49"
ENSER," SM"," 02-Jan-2026"," 16.00"," 15.80"," 16.95"," 15.50"," 16.95"," 16.95"," 15.86"," 35000"," 5.55"," 6"," 30000"," 85.71"
ENTERO," EQ"," 02-Jan-2026"," 1129.60"," 1119.00"," 1130.00"," 1095.10"," 1117.50"," 1123.50"," 1112.30"," 202329"," 2250.50"," 11976"," 53622"," 26.50"
ENVIRO," SM"," 02-Jan-2026"," 119.40"," 119.40"," 119.40"," 115.20"," 117.00"," 115.95"," 116.67"," 11000"," 12.83"," 10"," 8000"," 72.73"
EPACK," EQ"," 02-Jan-2026"," 279.45"," 279.45"," 282.15"," 277.00"," 281.30"," 281.10"," 280.60"," 372376"," 1044.89"," 5601"," 136965"," 36.78"
EPACKPEB," EQ"," 02-Jan-2026"," 268.45"," 269.40"," 269.60"," 257.00"," 261.00"," 260.90"," 262.34"," 1006181"," 2639.57"," 25595"," 482685"," 47.97"
EPIGRAL," EQ"," 02-Jan-2026"," 1262.60"," 1270.00"," 1270.30"," 1236.00"," 1245.00"," 1245.80"," 1246.69"," 45737"," 570.20"," 5744"," 22538"," 49.28"
EPL," EQ"," 02-Jan-2026"," 216.20"," 214.05"," 217.94"," 213.49"," 214.95"," 214.38"," 215.20"," 847404"," 1823.65"," 24552"," 438878"," 51.79"
EPWINDIA," ST"," 02-Jan-2026"," 114.35"," 110.00"," 113.00"," 108.65"," 108.70"," 108.70"," 109.27"," 111600"," 121.95"," 66"," 108000"," 96.77"
EQUAL200," EQ"," 02-Jan-2026"," 13.55"," 13.58"," 13.69"," 13.55"," 13.65"," 13.65"," 13.63"," 36456"," 4.97"," 69"," 36083"," 98.98"
EQUAL50," EQ"," 02-Jan-2026"," 335.96"," 336.67"," 339.17"," 336.67"," 338.30"," 338.65"," 337.64"," 585"," 1.98"," 11"," 517"," 88.38"
EQUAL50ADD," EQ"," 02-Jan-2026"," 346.81"," 347.81"," 349.18"," 347.00"," 349.18"," 348.83"," 347.95"," 807955"," 2811.30"," 186"," 804679"," 99.59"
EQUIPPP," BE"," 02-Jan-2026"," 22.84"," 23.00"," 23.40"," 22.27"," 23.40"," 23.25"," 23.15"," 19085"," 4.42"," 61"," -"," -"
EQUITASBNK," EQ"," 02-Jan-2026"," 64.02"," 64.02"," 66.00"," 63.40"," 64.50"," 64.16"," 64.52"," 4451282"," 2872.16"," 24947"," 2203907"," 49.51"
ERIS," EQ"," 02-Jan-2026"," 1501.40"," 1493.10"," 1544.90"," 1493.10"," 1541.00"," 1533.50"," 1524.35"," 71537"," 1090.47"," 10340"," 47566"," 66.49"
ESABINDIA," EQ"," 02-Jan-2026"," 6145.50"," 6144.00"," 6200.00"," 6130.00"," 6173.00"," 6167.50"," 6174.75"," 4316"," 266.50"," 1139"," 2312"," 53.57"
ESAFSFB," EQ"," 02-Jan-2026"," 27.10"," 27.18"," 27.53"," 26.62"," 26.80"," 26.77"," 27.05"," 922339"," 249.52"," 2855"," 671283"," 72.78"
ESCONET," SM"," 02-Jan-2026"," 136.70"," 134.00"," 141.90"," 134.00"," 138.00"," 138.70"," 138.06"," 27200"," 37.55"," 40"," 25600"," 94.12"
ESCORTS," EQ"," 02-Jan-2026"," 3820.60"," 3830.00"," 3882.90"," 3816.90"," 3847.00"," 3847.10"," 3846.32"," 120934"," 4651.51"," 16541"," 53136"," 43.94"
ESENSEX," EQ"," 02-Jan-2026"," 85.07"," 85.50"," 85.73"," 85.42"," 85.73"," 85.73"," 85.48"," 576"," 0.49"," 8"," 561"," 97.40"
ESFL," SM"," 02-Jan-2026"," 180.95"," 183.95"," 189.00"," 172.60"," 173.35"," 175.75"," 177.76"," 132840"," 236.14"," 278"," 94320"," 71.00"
ESG," EQ"," 02-Jan-2026"," 44.55"," 44.73"," 44.98"," 44.68"," 44.98"," 44.95"," 44.88"," 39811"," 17.87"," 169"," 38965"," 97.87"
ESILVER," EQ"," 02-Jan-2026"," 225.64"," 230.40"," 233.00"," 225.45"," 232.00"," 231.88"," 231.65"," 806260"," 1867.71"," 1267"," 742068"," 92.04"
ESPRIT," SM"," 02-Jan-2026"," 54.00"," 55.95"," 64.80"," 55.95"," 64.80"," 64.80"," 62.69"," 105600"," 66.20"," 63"," 83200"," 78.79"
ESSARSHPNG," BE"," 02-Jan-2026"," 27.27"," 27.48"," 27.59"," 26.20"," 27.59"," 27.37"," 27.21"," 101911"," 27.73"," 455"," -"," -"
ESSENTIA," EQ"," 02-Jan-2026"," 1.53"," 1.53"," 1.55"," 1.51"," 1.55"," 1.54"," 1.54"," 1109480"," 17.06"," 1175"," 804334"," 72.50"
ESTER," EQ"," 02-Jan-2026"," 101.84"," 101.85"," 102.80"," 101.80"," 102.67"," 102.37"," 102.26"," 38892"," 39.77"," 789"," 25521"," 65.62"
ETERNAL," EQ"," 02-Jan-2026"," 283.80"," 283.80"," 287.75"," 283.25"," 284.10"," 284.15"," 285.41"," 13624798"," 38886.17"," 103983"," 7690214"," 56.44"
ETHOSLTD," EQ"," 02-Jan-2026"," 2944.60"," 2975.00"," 2979.50"," 2940.00"," 2960.00"," 2953.50"," 2956.46"," 13347"," 394.60"," 3210"," 6240"," 46.75"
ETL," SM"," 02-Jan-2026"," 845.00"," 840.05"," 840.05"," 840.05"," 840.05"," 840.05"," 840.05"," 450"," 3.78"," 3"," 450"," 100.00"
ETML," SM"," 02-Jan-2026"," 106.40"," 99.00"," 104.55"," 99.00"," 104.55"," 104.55"," 101.74"," 4800"," 4.88"," 3"," 4800"," 100.00"
EUREKAFORB," EQ"," 02-Jan-2026"," 621.35"," 618.10"," 635.00"," 614.50"," 626.00"," 628.55"," 629.03"," 130823"," 822.92"," 14125"," 84109"," 64.29"
EUROBOND," EQ"," 02-Jan-2026"," 175.20"," 180.00"," 180.00"," 174.80"," 177.49"," 175.59"," 175.72"," 3283"," 5.77"," 258"," 2403"," 73.20"
EUROPRATIK," EQ"," 02-Jan-2026"," 311.40"," 312.00"," 313.30"," 306.05"," 313.05"," 311.85"," 310.89"," 39516"," 122.85"," 2711"," 25212"," 63.80"
EUROTEXIND," BE"," 02-Jan-2026"," 14.93"," 14.93"," 14.93"," 14.19"," 14.20"," 14.19"," 14.21"," 850"," 0.12"," 9"," -"," -"
EVEREADY," EQ"," 02-Jan-2026"," 328.90"," 329.90"," 344.00"," 327.65"," 337.00"," 337.15"," 338.85"," 132245"," 448.12"," 5188"," 71346"," 53.95"
EVERESTIND," EQ"," 02-Jan-2026"," 515.25"," 517.95"," 530.00"," 512.05"," 522.80"," 527.95"," 522.71"," 5859"," 30.63"," 442"," 3539"," 60.40"
EVIETF," EQ"," 02-Jan-2026"," 31.68"," 31.83"," 32.18"," 31.62"," 32.10"," 32.17"," 32.05"," 203326"," 65.17"," 594"," 121192"," 59.60"
EVINDIA," EQ"," 02-Jan-2026"," 31.68"," 31.79"," 32.14"," 31.77"," 32.13"," 32.10"," 32.02"," 489924"," 156.86"," 1897"," 456037"," 93.08"
EXCEL," EQ"," 02-Jan-2026"," 1.44"," 1.46"," 1.48"," 1.40"," 1.42"," 1.42"," 1.42"," 6741894"," 95.95"," 2816"," 4093192"," 60.71"
EXCELINDUS," EQ"," 02-Jan-2026"," 944.55"," 948.00"," 957.30"," 941.05"," 957.30"," 952.75"," 948.81"," 5863"," 55.63"," 1222"," 2542"," 43.36"
EXCELSOFT," EQ"," 02-Jan-2026"," 90.87"," 90.50"," 90.50"," 88.50"," 89.18"," 89.12"," 89.07"," 1664825"," 1482.94"," 9029"," 452970"," 27.21"
EXICOM," EQ"," 02-Jan-2026"," 116.12"," 116.90"," 121.31"," 116.10"," 119.40"," 119.26"," 118.94"," 342057"," 406.85"," 5246"," 87432"," 25.56"
EXIDEIND," EQ"," 02-Jan-2026"," 363.25"," 362.50"," 369.00"," 362.50"," 368.15"," 367.70"," 366.79"," 1083939"," 3975.78"," 16115"," 490014"," 45.21"
EXIMROUTES," ST"," 02-Jan-2026"," 152.75"," 160.35"," 160.35"," 160.30"," 160.35"," 160.35"," 160.35"," 228800"," 366.88"," 52"," 228800"," 100.00"
EXPLEOSOL," EQ"," 02-Jan-2026"," 959.15"," 960.00"," 983.60"," 959.15"," 972.00"," 971.60"," 968.93"," 19956"," 193.36"," 2317"," 12385"," 62.06"
EXXARO," BE"," 02-Jan-2026"," 8.03"," 7.91"," 8.11"," 7.91"," 8.09"," 8.09"," 8.08"," 293634"," 23.72"," 277"," -"," -"
FABTECH," EQ"," 02-Jan-2026"," 194.48"," 195.10"," 199.80"," 194.90"," 198.20"," 198.18"," 197.97"," 539973"," 1068.96"," 7473"," 133637"," 24.75"
FACT," EQ"," 02-Jan-2026"," 903.60"," 909.95"," 919.85"," 904.00"," 906.25"," 908.05"," 909.72"," 222419"," 2023.39"," 12979"," 68584"," 30.84"
FAIRCHEMOR," EQ"," 02-Jan-2026"," 774.75"," 781.80"," 793.90"," 761.00"," 770.90"," 767.10"," 773.87"," 86647"," 670.54"," 4712"," 34890"," 40.27"
FALCONTECH," SM"," 02-Jan-2026"," 14.95"," 15.30"," 15.50"," 15.10"," 15.50"," 15.50"," 15.34"," 6000"," 0.92"," 5"," 4800"," 80.00"
FAZE3Q," EQ"," 02-Jan-2026"," 409.90"," 411.00"," 417.50"," 404.00"," 404.00"," 409.25"," 411.46"," 38357"," 157.82"," 2438"," 23993"," 62.55"
FCL," EQ"," 02-Jan-2026"," 24.55"," 24.54"," 24.70"," 24.38"," 24.53"," 24.48"," 24.51"," 1767519"," 433.14"," 5034"," 1011455"," 57.22"
FCSSOFT," EQ"," 02-Jan-2026"," 1.84"," 1.86"," 1.93"," 1.82"," 1.91"," 1.90"," 1.88"," 1980029"," 37.18"," 4394"," 1276667"," 64.48"
FDC," EQ"," 02-Jan-2026"," 418.85"," 418.85"," 420.95"," 415.15"," 417.10"," 419.55"," 418.40"," 31008"," 129.74"," 1893"," 17337"," 55.91"
FEDERALBNK," EQ"," 02-Jan-2026"," 266.25"," 267.50"," 268.75"," 265.85"," 266.50"," 266.95"," 267.35"," 3353300"," 8964.99"," 36298"," 1690111"," 50.40"
FEDFINA," EQ"," 02-Jan-2026"," 154.49"," 156.05"," 162.00"," 155.53"," 160.90"," 160.60"," 159.36"," 2453782"," 3910.43"," 23818"," 1249587"," 50.92"
FEL," BZ"," 02-Jan-2026"," 0.47"," 0.46"," 0.48"," 0.46"," 0.48"," 0.48"," 0.47"," 127691"," 0.60"," 84"," -"," -"
FELDVR," BZ"," 02-Jan-2026"," 3.14"," 2.99"," 3.29"," 2.99"," 3.12"," 3.12"," 3.24"," 3546"," 0.12"," 19"," -"," -"
FELIX," SM"," 02-Jan-2026"," 170.35"," 171.00"," 180.90"," 171.00"," 177.00"," 178.05"," 177.78"," 164000"," 291.57"," 252"," 105500"," 64.33"
FIBERWEB," EQ"," 02-Jan-2026"," 36.05"," 36.05"," 36.90"," 35.50"," 36.88"," 36.57"," 36.20"," 33818"," 12.24"," 283"," 23456"," 69.36"
FIDEL," SM"," 02-Jan-2026"," 132.30"," 138.00"," 138.00"," 138.00"," 138.00"," 138.00"," 138.00"," 1000"," 1.38"," 1"," 1000"," 100.00"
FIEMIND," EQ"," 02-Jan-2026"," 2228.30"," 2228.30"," 2346.50"," 2202.70"," 2340.30"," 2334.30"," 2305.26"," 69083"," 1592.54"," 10646"," 27893"," 40.38"
FILATEX," EQ"," 02-Jan-2026"," 49.03"," 49.03"," 49.78"," 48.16"," 49.72"," 49.55"," 49.26"," 626314"," 308.50"," 4136"," 330514"," 52.77"
FILATFASH," EQ"," 02-Jan-2026"," 0.32"," 0.34"," 0.36"," 0.30"," 0.33"," 0.32"," 0.33"," 194089630"," 635.77"," 11067"," 81530119"," 42.01"
FINBUD," SM"," 02-Jan-2026"," 126.80"," 128.10"," 131.50"," 127.25"," 131.50"," 130.65"," 129.50"," 25000"," 32.38"," 22"," 17000"," 68.00"
FINCABLES," EQ"," 02-Jan-2026"," 786.35"," 784.00"," 791.35"," 777.60"," 783.75"," 784.45"," 784.34"," 202731"," 1590.11"," 17989"," 78089"," 38.52"
FINEORG," EQ"," 02-Jan-2026"," 4106.50"," 4103.00"," 4198.10"," 4050.00"," 4188.00"," 4184.80"," 4100.73"," 29778"," 1221.12"," 5294"," 19700"," 66.16"
FINIETF," EQ"," 02-Jan-2026"," 32.64"," 32.63"," 33.26"," 32.60"," 33.05"," 33.02"," 32.92"," 481360"," 158.47"," 1587"," 306137"," 63.60"
FINKURVE," EQ"," 02-Jan-2026"," 101.14"," 102.50"," 102.50"," 98.21"," 100.70"," 98.58"," 99.58"," 12546"," 12.49"," 607"," 4350"," 34.67"
FINOPB," EQ"," 02-Jan-2026"," 257.15"," 257.40"," 260.00"," 254.50"," 259.80"," 258.95"," 257.06"," 105592"," 271.44"," 2187"," 44557"," 42.20"
FINPIPE," EQ"," 02-Jan-2026"," 175.77"," 177.50"," 178.96"," 175.81"," 177.90"," 178.51"," 177.47"," 511473"," 907.72"," 12022"," 219752"," 42.96"
FIRSTCRY," EQ"," 02-Jan-2026"," 287.05"," 287.95"," 291.00"," 286.20"," 290.25"," 289.80"," 288.87"," 264011"," 762.64"," 17002"," 134909"," 51.10"
FISCHER," EQ"," 02-Jan-2026"," 41.42"," 41.35"," 42.18"," 41.20"," 42.10"," 41.83"," 41.75"," 415811"," 173.62"," 2751"," 182457"," 43.88"
FIVESTAR," EQ"," 02-Jan-2026"," 534.35"," 534.00"," 538.55"," 527.25"," 532.00"," 532.25"," 532.37"," 907264"," 4829.96"," 28989"," 455113"," 50.16"
FLAIR," EQ"," 02-Jan-2026"," 311.75"," 311.75"," 315.75"," 311.00"," 314.70"," 314.25"," 313.44"," 66841"," 209.51"," 1632"," 25312"," 37.87"
FLEXIADD," EQ"," 02-Jan-2026"," 10.62"," 10.88"," 10.88"," 10.56"," 10.65"," 10.63"," 10.62"," 136769"," 14.52"," 386"," 76651"," 56.04"
FLEXITUFF," EQ"," 02-Jan-2026"," 12.60"," 12.42"," 12.95"," 12.18"," 12.82"," 12.68"," 12.48"," 16022"," 2.00"," 177"," 12298"," 76.76"
FLFL," BZ"," 02-Jan-2026"," 1.46"," 1.46"," 1.52"," 1.45"," 1.50"," 1.50"," 1.46"," 55246"," 0.81"," 51"," -"," -"
FLUOROCHEM," EQ"," 02-Jan-2026"," 3674.90"," 3674.90"," 3694.90"," 3630.80"," 3630.90"," 3648.00"," 3665.58"," 30084"," 1102.75"," 4696"," 11166"," 37.12"
FLYSBS," SM"," 02-Jan-2026"," 528.85"," 526.00"," 539.00"," 523.00"," 539.00"," 535.50"," 526.56"," 68200"," 359.11"," 109"," 59600"," 87.39"
FMCGIETF," EQ"," 02-Jan-2026"," 57.51"," 58.94"," 58.94"," 56.60"," 56.90"," 56.85"," 56.84"," 7126081"," 4050.14"," 19386"," 6273033"," 88.03"
FMGOETZE," EQ"," 02-Jan-2026"," 464.10"," 462.60"," 504.00"," 462.60"," 487.90"," 488.90"," 488.78"," 217714"," 1064.14"," 9467"," 92063"," 42.29"
FMNL," EQ"," 02-Jan-2026"," 8.75"," 9.00"," 9.00"," 8.75"," 8.78"," 8.86"," 8.85"," 40314"," 3.57"," 228"," 31461"," 78.04"
FOCUS," EQ"," 02-Jan-2026"," 74.23"," 73.10"," 74.99"," 73.02"," 74.02"," 74.73"," 74.33"," 30920"," 22.98"," 825"," 15460"," 50.00"
FONEBOX," ST"," 02-Jan-2026"," 90.00"," 89.50"," 89.50"," 89.50"," 89.50"," 89.50"," 89.50"," 1000"," 0.90"," 1"," 1000"," 100.00"
FOODSIN," EQ"," 02-Jan-2026"," 68.39"," 68.10"," 69.48"," 67.99"," 68.94"," 68.74"," 68.40"," 159883"," 109.36"," 1608"," 111384"," 69.67"
FORCAS," SM"," 02-Jan-2026"," 115.45"," 123.95"," 123.95"," 120.00"," 120.00"," 120.00"," 122.21"," 6400"," 7.82"," 4"," 6400"," 100.00"
FORCEMOT," EQ"," 02-Jan-2026"," 20860.00"," 21040.00"," 21915.00"," 20275.00"," 21190.00"," 21230.00"," 21215.34"," 309491"," 65659.56"," 78890"," 64666"," 20.89"
FORTIS," EQ"," 02-Jan-2026"," 900.55"," 906.30"," 923.55"," 896.30"," 915.65"," 914.75"," 913.03"," 1811265"," 16537.33"," 54113"," 840906"," 46.43"
FOSECOIND," EQ"," 02-Jan-2026"," 4897.90"," 4900.20"," 4965.60"," 4880.20"," 4930.00"," 4927.70"," 4925.96"," 869"," 42.81"," 250"," 512"," 58.92"
FRESHARA," SM"," 02-Jan-2026"," 174.20"," 178.85"," 178.85"," 172.05"," 176.85"," 176.65"," 175.36"," 54000"," 94.70"," 80"," 30600"," 56.67"
FROG," SM"," 02-Jan-2026"," 159.40"," 160.00"," 163.50"," 159.00"," 163.50"," 163.50"," 159.61"," 3600"," 5.75"," 8"," 3200"," 88.89"
FSL," EQ"," 02-Jan-2026"," 334.00"," 335.00"," 344.40"," 333.70"," 340.60"," 340.55"," 340.00"," 590220"," 2006.76"," 18844"," 257618"," 43.65"
FUSION," EQ"," 02-Jan-2026"," 159.53"," 159.53"," 163.88"," 158.67"," 162.75"," 161.95"," 161.81"," 100189"," 162.12"," 2523"," 50343"," 50.25"
FWSTC," SM"," 02-Jan-2026"," 223.55"," 223.00"," 227.50"," 218.00"," 218.00"," 221.15"," 223.69"," 80400"," 179.85"," 99"," 28200"," 35.07"
GABRIEL," EQ"," 02-Jan-2026"," 1038.90"," 1044.10"," 1062.00"," 1027.70"," 1052.90"," 1051.60"," 1051.44"," 356688"," 3750.35"," 22470"," 100609"," 28.21"
GAEL," EQ"," 02-Jan-2026"," 134.29"," 134.10"," 137.99"," 133.18"," 137.70"," 137.71"," 136.69"," 943809"," 1290.06"," 10249"," 538657"," 57.07"
GAIL," EQ"," 02-Jan-2026"," 171.77"," 171.55"," 176.07"," 171.55"," 175.47"," 175.38"," 174.58"," 13698712"," 23914.86"," 56336"," 8526652"," 62.24"
GAJANAND," SM"," 02-Jan-2026"," 9.55"," 10.25"," 10.25"," 10.20"," 10.20"," 10.20"," 10.22"," 9000"," 0.92"," 3"," 9000"," 100.00"
GALAPREC," EQ"," 02-Jan-2026"," 782.45"," 789.00"," 802.00"," 775.80"," 783.00"," 785.80"," 783.51"," 6021"," 47.18"," 706"," 3809"," 63.26"
GALAXYSURF," EQ"," 02-Jan-2026"," 2034.30"," 2054.00"," 2054.00"," 2035.30"," 2054.00"," 2050.60"," 2045.48"," 4052"," 82.88"," 965"," 2059"," 50.81"
GALLANTT," EQ"," 02-Jan-2026"," 538.80"," 539.00"," 555.55"," 537.15"," 551.00"," 552.50"," 547.70"," 82863"," 453.84"," 3896"," 45708"," 55.16"
GANDHAR," EQ"," 02-Jan-2026"," 154.28"," 156.45"," 156.45"," 151.21"," 152.00"," 151.76"," 152.91"," 137222"," 209.82"," 2914"," 74605"," 54.37"
GANDHITUBE," EQ"," 02-Jan-2026"," 796.55"," 796.00"," 804.80"," 785.05"," 790.20"," 790.85"," 792.31"," 4795"," 37.99"," 329"," 2502"," 52.18"
GANECOS," EQ"," 02-Jan-2026"," 840.85"," 842.05"," 858.00"," 835.00"," 845.00"," 851.30"," 848.81"," 60165"," 510.69"," 4852"," 29357"," 48.79"
GANESHBE," EQ"," 02-Jan-2026"," 81.74"," 81.10"," 82.36"," 81.10"," 81.70"," 81.69"," 81.69"," 29493"," 24.09"," 460"," 13917"," 47.19"
GANESHCP," EQ"," 02-Jan-2026"," 226.38"," 227.00"," 228.21"," 222.80"," 225.00"," 224.77"," 225.02"," 56818"," 127.85"," 1717"," 29502"," 51.92"
GANESHHOU," EQ"," 02-Jan-2026"," 803.50"," 803.00"," 814.05"," 801.25"," 812.00"," 808.90"," 808.45"," 19625"," 158.66"," 1869"," 10641"," 54.22"
GANESHIN," SM"," 02-Jan-2026"," 145.80"," 144.95"," 154.60"," 138.00"," 145.00"," 142.00"," 146.18"," 380800"," 556.65"," 394"," 233600"," 61.34"
GANGABATH," SM"," 02-Jan-2026"," 20.90"," 20.95"," 21.00"," 20.25"," 21.00"," 20.75"," 20.63"," 42000"," 8.66"," 13"," 33000"," 78.57"
GANGAFORGE," EQ"," 02-Jan-2026"," 3.65"," 3.66"," 3.76"," 3.66"," 3.72"," 3.69"," 3.70"," 265387"," 9.81"," 713"," 162747"," 61.32"
GANGESSECU," EQ"," 02-Jan-2026"," 137.06"," 141.50"," 146.99"," 135.00"," 137.50"," 135.58"," 139.31"," 8106"," 11.29"," 208"," 3840"," 47.37"
GARFIBRES," EQ"," 02-Jan-2026"," 696.60"," 696.60"," 698.95"," 685.05"," 690.00"," 689.75"," 689.26"," 98193"," 676.81"," 8671"," 63448"," 64.62"
GARUDA," EQ"," 02-Jan-2026"," 191.26"," 192.00"," 196.25"," 191.28"," 195.61"," 195.29"," 194.25"," 341231"," 662.84"," 6567"," 140720"," 41.24"
GATECH," EQ"," 02-Jan-2026"," 0.55"," 0.55"," 0.56"," 0.53"," 0.56"," 0.55"," 0.55"," 6633721"," 36.26"," 1740"," 3462588"," 52.20"
GATECHDVR," EQ"," 02-Jan-2026"," 0.49"," 0.49"," 0.50"," 0.48"," 0.50"," 0.49"," 0.49"," 1087924"," 5.38"," 360"," 844092"," 77.59"
GATEWAY," EQ"," 02-Jan-2026"," 60.40"," 60.55"," 60.99"," 59.64"," 60.60"," 60.58"," 60.45"," 477216"," 288.50"," 8091"," 233472"," 48.92"
GAYAHWS," BE"," 02-Jan-2026"," 2.78"," 2.80"," 2.84"," 2.72"," 2.78"," 2.77"," 2.76"," 270545"," 7.48"," 544"," -"," -"
GCHOTELS," SM"," 02-Jan-2026"," 165.95"," 164.00"," 164.00"," 164.00"," 164.00"," 164.00"," 164.00"," 600"," 0.98"," 1"," 600"," 100.00"
GCSL," BE"," 02-Jan-2026"," 342.05"," 340.00"," 345.00"," 328.50"," 340.00"," 340.05"," 336.45"," 4690"," 15.78"," 37"," -"," -"
GEECEE," EQ"," 02-Jan-2026"," 315.75"," 315.80"," 323.40"," 315.75"," 323.20"," 323.20"," 321.18"," 5654"," 18.16"," 266"," 4750"," 84.01"
GEEKAYWIRE," EQ"," 02-Jan-2026"," 33.75"," 33.75"," 35.00"," 32.90"," 34.30"," 33.71"," 34.25"," 140080"," 47.97"," 806"," 92071"," 65.73"
GEMAROMA," EQ"," 02-Jan-2026"," 168.36"," 167.85"," 169.24"," 164.02"," 165.50"," 166.12"," 166.51"," 143219"," 238.47"," 2573"," 67233"," 46.94"
GENCON," EQ"," 02-Jan-2026"," 40.97"," 41.18"," 44.40"," 41.18"," 43.70"," 43.80"," 42.80"," 351924"," 150.61"," 4175"," 218272"," 62.02"
GENESYS," EQ"," 02-Jan-2026"," 424.25"," 424.25"," 433.70"," 421.00"," 428.00"," 429.10"," 429.32"," 156694"," 672.73"," 4758"," 79650"," 50.83"
GENSOL," BZ"," 02-Jan-2026"," 26.82"," 27.09"," 27.09"," 26.14"," 26.99"," 26.64"," 26.56"," 66510"," 17.67"," 616"," -"," -"
GENUSPAPER," EQ"," 02-Jan-2026"," 12.98"," 13.12"," 13.16"," 12.96"," 13.02"," 13.02"," 13.04"," 82552"," 10.77"," 541"," 61765"," 74.82"
GENUSPOWER," EQ"," 02-Jan-2026"," 298.35"," 298.75"," 302.00"," 297.85"," 300.90"," 300.40"," 300.07"," 353163"," 1059.72"," 10491"," 189024"," 53.52"
GEOJITFSL," EQ"," 02-Jan-2026"," 74.33"," 74.00"," 76.00"," 74.00"," 75.81"," 75.77"," 75.41"," 730998"," 551.27"," 13327"," 370462"," 50.68"
GESHIP," EQ"," 02-Jan-2026"," 1114.60"," 1111.00"," 1119.30"," 1107.50"," 1116.50"," 1114.00"," 1112.57"," 154014"," 1713.51"," 16565"," 73716"," 47.86"
GFLLIMITED," EQ"," 02-Jan-2026"," 58.21"," 59.37"," 59.37"," 57.66"," 59.00"," 58.74"," 58.49"," 59866"," 35.02"," 942"," 32699"," 54.62"
GGBL," SM"," 02-Jan-2026"," 324.45"," 323.90"," 324.50"," 319.00"," 324.50"," 323.50"," 322.06"," 5100"," 16.42"," 17"," 3300"," 64.71"
GHCL," EQ"," 02-Jan-2026"," 561.80"," 564.45"," 569.90"," 560.00"," 567.00"," 566.50"," 563.73"," 62459"," 352.10"," 3471"," 30920"," 49.50"
GHCLTEXTIL," EQ"," 02-Jan-2026"," 74.06"," 73.50"," 77.35"," 73.50"," 76.15"," 76.77"," 76.22"," 222386"," 169.51"," 2321"," 156174"," 70.23"
GICHSGFIN," EQ"," 02-Jan-2026"," 178.03"," 176.01"," 180.87"," 173.71"," 179.01"," 179.93"," 177.60"," 133093"," 236.37"," 2546"," 67056"," 50.38"
GICL," ST"," 02-Jan-2026"," 47.20"," 47.20"," 48.50"," 45.00"," 47.00"," 46.95"," 46.40"," 522000"," 242.19"," 113"," 354000"," 67.82"
GICRE," EQ"," 02-Jan-2026"," 377.85"," 378.70"," 382.50"," 377.45"," 380.00"," 379.55"," 379.94"," 361238"," 1372.49"," 12535"," 233876"," 64.74"
GILLANDERS," EQ"," 02-Jan-2026"," 105.20"," 107.99"," 109.01"," 103.13"," 105.00"," 104.99"," 106.40"," 5530"," 5.88"," 116"," 4026"," 72.80"
GILLETTE," EQ"," 02-Jan-2026"," 8152.00"," 8131.50"," 8280.00"," 8131.50"," 8230.00"," 8207.50"," 8213.93"," 20764"," 1705.54"," 8643"," 9618"," 46.32"
GILT10BETA," EQ"," 02-Jan-2026"," 26.08"," 26.05"," 26.15"," 25.93"," 26.14"," 26.11"," 26.00"," 3807"," 0.99"," 58"," 3400"," 89.31"
GILT5BETA," EQ"," 02-Jan-2026"," 63.19"," 63.23"," 64.48"," 63.22"," 63.23"," 63.23"," 63.74"," 4518"," 2.88"," 29"," 2256"," 49.93"
GILT5YBEES," EQ"," 02-Jan-2026"," 63.58"," 63.77"," 63.81"," 63.45"," 63.60"," 63.59"," 63.58"," 310119"," 197.17"," 711"," 227408"," 73.33"
GINNIFILA," EQ"," 02-Jan-2026"," 42.23"," 42.44"," 42.80"," 40.65"," 41.25"," 41.51"," 42.19"," 39758"," 16.77"," 795"," 24574"," 61.81"
GIPCL," EQ"," 02-Jan-2026"," 157.40"," 158.65"," 163.30"," 157.10"," 162.95"," 162.29"," 161.57"," 520328"," 840.70"," 5267"," 301063"," 57.86"
GIRIRAJ," SM"," 02-Jan-2026"," 258.95"," 255.00"," 255.00"," 246.05"," 246.05"," 246.05"," 247.33"," 4250"," 10.51"," 14"," 3250"," 76.47"
GKENERGY," EQ"," 02-Jan-2026"," 154.42"," 154.00"," 162.14"," 151.50"," 162.14"," 162.14"," 157.76"," 585317"," 923.41"," 4437"," 300975"," 51.42"
GKSL," EQ"," 02-Jan-2026"," 103.44"," 104.50"," 105.80"," 102.00"," 102.25"," 102.71"," 103.93"," 1800884"," 1871.65"," 9956"," 896078"," 49.76"
GKWLIMITED," EQ"," 02-Jan-2026"," 1706.60"," 1714.90"," 1729.90"," 1714.90"," 1729.00"," 1723.00"," 1721.19"," 54"," 0.93"," 19"," 50"," 92.59"
GLAND," EQ"," 02-Jan-2026"," 1715.10"," 1719.60"," 1722.00"," 1683.80"," 1718.00"," 1715.80"," 1705.29"," 55898"," 953.22"," 9156"," 27014"," 48.33"
GLAXO," EQ"," 02-Jan-2026"," 2455.90"," 2461.30"," 2487.70"," 2443.90"," 2485.00"," 2483.80"," 2468.74"," 27469"," 678.14"," 4110"," 12957"," 47.17"
GLENMARK," EQ"," 02-Jan-2026"," 2026.20"," 2025.90"," 2073.00"," 2021.00"," 2073.00"," 2064.50"," 2054.29"," 388479"," 7980.50"," 21956"," 208221"," 53.60"
GLOBAL," BE"," 02-Jan-2026"," 88.51"," 88.75"," 92.00"," 88.75"," 90.00"," 89.57"," 90.45"," 26849"," 24.29"," 273"," -"," -"
GLOBALE," EQ"," 02-Jan-2026"," 12.30"," 12.70"," 12.70"," 11.77"," 12.01"," 12.33"," 12.32"," 8223"," 1.01"," 71"," 8104"," 98.55"
GLOBALVECT," EQ"," 02-Jan-2026"," 200.97"," 200.97"," 204.50"," 199.01"," 199.30"," 200.24"," 201.32"," 7518"," 15.14"," 487"," 5250"," 69.83"
GLOBE," EQ"," 02-Jan-2026"," 2.94"," 2.92"," 3.00"," 2.91"," 2.97"," 2.96"," 2.97"," 2151291"," 63.90"," 815"," 1843955"," 85.71"
GLOBECIVIL," EQ"," 02-Jan-2026"," 59.30"," 59.59"," 60.90"," 59.40"," 60.75"," 60.45"," 60.07"," 41342"," 24.83"," 783"," 27031"," 65.38"
GLOBUSSPR," EQ"," 02-Jan-2026"," 1074.80"," 1078.60"," 1094.90"," 1050.90"," 1083.80"," 1088.30"," 1073.96"," 108057"," 1160.49"," 8270"," 41478"," 38.39"
GLOSTERLTD," EQ"," 02-Jan-2026"," 668.05"," 660.20"," 672.20"," 660.00"," 665.00"," 666.40"," 666.40"," 3950"," 26.32"," 500"," 1662"," 42.08"
GLOTTIS," EQ"," 02-Jan-2026"," 59.25"," 59.34"," 62.56"," 59.34"," 61.11"," 61.52"," 61.02"," 710445"," 433.48"," 4239"," 431819"," 60.78"
GMBREW," EQ"," 02-Jan-2026"," 1208.50"," 1210.00"," 1231.00"," 1175.10"," 1214.60"," 1207.20"," 1210.27"," 225485"," 2728.97"," 9808"," 93437"," 41.44"
GMDCLTD," EQ"," 02-Jan-2026"," 599.50"," 601.90"," 628.00"," 598.15"," 619.50"," 619.45"," 616.97"," 9572985"," 59062.36"," 121705"," 2623390"," 27.40"
GML," SM"," 02-Jan-2026"," 21.75"," 21.75"," 21.75"," 20.85"," 20.85"," 20.85"," 21.30"," 4000"," 0.85"," 2"," 4000"," 100.00"
GMMPFAUDLR," EQ"," 02-Jan-2026"," 1085.10"," 1085.00"," 1101.40"," 1071.90"," 1092.10"," 1093.40"," 1089.19"," 44341"," 482.96"," 4574"," 27627"," 62.31"
GMRAIRPORT," EQ"," 02-Jan-2026"," 105.50"," 105.70"," 106.20"," 105.20"," 105.55"," 105.77"," 105.77"," 7760926"," 8208.49"," 57944"," 4288967"," 55.26"
GMRP&UI," EQ"," 02-Jan-2026"," 111.28"," 111.28"," 111.66"," 109.62"," 110.20"," 110.23"," 110.25"," 1990401"," 2194.50"," 11289"," 1190696"," 59.82"
GNA," EQ"," 02-Jan-2026"," 303.75"," 302.20"," 319.10"," 302.20"," 318.00"," 317.70"," 314.17"," 123048"," 386.58"," 4275"," 73952"," 60.10"
GNFC," EQ"," 02-Jan-2026"," 490.50"," 491.05"," 494.00"," 488.05"," 493.10"," 493.55"," 491.94"," 121684"," 598.61"," 5026"," 60773"," 49.94"
GOACARBON," EQ"," 02-Jan-2026"," 424.85"," 425.90"," 433.50"," 422.85"," 425.00"," 424.35"," 426.81"," 20969"," 89.50"," 1464"," 9696"," 46.24"
GOCLCORP," EQ"," 02-Jan-2026"," 291.00"," 291.85"," 294.85"," 289.10"," 293.00"," 292.65"," 291.88"," 25314"," 73.89"," 1303"," 12311"," 48.63"
GOCOLORS," EQ"," 02-Jan-2026"," 458.50"," 460.90"," 467.55"," 452.10"," 459.50"," 460.30"," 458.08"," 45583"," 208.81"," 3382"," 17516"," 38.43"
GODAVARIB," EQ"," 02-Jan-2026"," 288.65"," 288.65"," 304.00"," 286.45"," 300.90"," 299.30"," 296.68"," 347709"," 1031.58"," 10275"," 144601"," 41.59"
GODFRYPHLP," EQ"," 02-Jan-2026"," 2290.50"," 2290.00"," 2340.00"," 2185.00"," 2250.00"," 2249.30"," 2258.12"," 5805144"," 131087.33"," 324721"," 942317"," 16.23"
GODIGIT," EQ"," 02-Jan-2026"," 346.80"," 345.00"," 348.00"," 343.50"," 345.50"," 346.35"," 345.58"," 76635"," 264.84"," 5550"," 44191"," 57.66"
GODREJAGRO," EQ"," 02-Jan-2026"," 568.25"," 566.85"," 574.70"," 565.15"," 572.60"," 573.95"," 571.34"," 67535"," 385.86"," 4969"," 33912"," 50.21"
GODREJCP," EQ"," 02-Jan-2026"," 1243.40"," 1243.40"," 1243.40"," 1223.60"," 1236.00"," 1235.20"," 1233.34"," 860507"," 10613.00"," 26521"," 610855"," 70.99"
GODREJIND," EQ"," 02-Jan-2026"," 1030.10"," 1039.00"," 1040.10"," 1010.60"," 1025.70"," 1021.10"," 1024.88"," 123208"," 1262.73"," 10572"," 53071"," 43.07"
GODREJPROP," EQ"," 02-Jan-2026"," 2015.30"," 2025.00"," 2071.90"," 2018.00"," 2070.00"," 2068.50"," 2055.94"," 308290"," 6338.25"," 19625"," 130475"," 42.32"
GOKEX," EQ"," 02-Jan-2026"," 732.10"," 730.05"," 739.05"," 714.30"," 718.50"," 718.20"," 725.67"," 486889"," 3533.20"," 28248"," 271759"," 55.82"
GOKUL," EQ"," 02-Jan-2026"," 37.98"," 38.01"," 39.95"," 37.70"," 39.68"," 39.38"," 38.94"," 20760"," 8.08"," 553"," 17573"," 84.65"
GOKULAGRO," EQ"," 02-Jan-2026"," 179.00"," 179.83"," 182.90"," 177.01"," 179.00"," 179.11"," 178.62"," 498394"," 890.23"," 6803"," 164758"," 33.06"
GOLD1," EQ"," 02-Jan-2026"," 111.29"," 113.63"," 113.63"," 111.29"," 112.45"," 112.33"," 112.19"," 3120644"," 3501.10"," 7081"," 2449965"," 78.51"
GOLD360," EQ"," 02-Jan-2026"," 130.20"," 130.50"," 132.15"," 130.20"," 130.20"," 131.50"," 131.76"," 26833"," 35.35"," 313"," 19910"," 74.20"
GOLDADD," EQ"," 02-Jan-2026"," 129.68"," 130.88"," 131.21"," 130.22"," 131.00"," 131.18"," 130.94"," 518909"," 679.46"," 688"," 478668"," 92.25"
GOLDBEES," EQ"," 02-Jan-2026"," 110.52"," 111.62"," 111.98"," 110.92"," 111.90"," 111.82"," 111.44"," 37641644"," 41949.30"," 112922"," 24445113"," 64.94"
GOLDBETA," EQ"," 02-Jan-2026"," 112.25"," 115.05"," 115.05"," 112.45"," 113.55"," 113.55"," 113.23"," 2003931"," 2269.08"," 3700"," 1695523"," 84.61"
GOLDBND," EQ"," 02-Jan-2026"," 133.26"," 133.50"," 134.96"," 132.90"," 134.60"," 134.41"," 134.27"," 15317"," 20.57"," 91"," 3803"," 24.83"
GOLDCASE," EQ"," 02-Jan-2026"," 21.01"," 21.37"," 21.37"," 20.96"," 21.25"," 21.24"," 21.15"," 12822059"," 2711.60"," 12958"," 8951597"," 69.81"
GOLDENTOBC," BZ"," 02-Jan-2026"," 31.95"," 31.95"," 32.50"," 30.70"," 32.45"," 32.45"," 31.89"," 3479"," 1.11"," 41"," -"," -"
GOLDETF," EQ"," 02-Jan-2026"," 129.72"," 130.31"," 131.69"," 130.31"," 131.10"," 131.22"," 130.74"," 1468568"," 1919.95"," 4759"," 1153341"," 78.54"
GOLDIAM," EQ"," 02-Jan-2026"," 362.80"," 363.00"," 367.00"," 360.10"," 364.75"," 364.55"," 363.88"," 158619"," 577.19"," 3493"," 79685"," 50.24"
GOLDIETF," EQ"," 02-Jan-2026"," 114.48"," 115.72"," 115.90"," 114.71"," 115.60"," 115.74"," 115.38"," 7001335"," 8078.31"," 28460"," 5613173"," 80.17"
GOLDSTAR," SM"," 02-Jan-2026"," 6.80"," 7.00"," 7.00"," 6.50"," 6.70"," 6.70"," 6.67"," 146250"," 9.75"," 12"," 101250"," 69.23"
GOLDTECH," EQ"," 02-Jan-2026"," 50.85"," 50.85"," 51.80"," 48.90"," 51.37"," 50.52"," 50.30"," 55458"," 27.89"," 993"," 41197"," 74.29"
GOODLUCK," EQ"," 02-Jan-2026"," 1064.70"," 1064.70"," 1079.90"," 1055.00"," 1079.90"," 1074.50"," 1071.86"," 43065"," 461.60"," 3505"," 24090"," 55.94"
GOPAL," EQ"," 02-Jan-2026"," 312.65"," 312.20"," 320.90"," 312.10"," 318.65"," 319.45"," 316.98"," 84352"," 267.38"," 1674"," 41520"," 49.22"
GOYALALUM," EQ"," 02-Jan-2026"," 7.08"," 7.15"," 7.25"," 7.00"," 7.23"," 7.19"," 7.13"," 148222"," 10.57"," 838"," 108251"," 73.03"
GOYALSALT," SM"," 02-Jan-2026"," 163.00"," 163.30"," 163.30"," 156.00"," 160.00"," 161.50"," 160.81"," 4200"," 6.75"," 6"," 3000"," 71.43"
GPECO," SM"," 02-Jan-2026"," 413.70"," 415.00"," 436.30"," 410.00"," 433.95"," 433.40"," 430.27"," 16200"," 69.70"," 73"," 12000"," 74.07"
GPIL," EQ"," 02-Jan-2026"," 266.60"," 266.55"," 273.90"," 265.85"," 272.55"," 273.05"," 270.98"," 2183847"," 5917.71"," 23829"," 1246601"," 57.08"
GPPL," EQ"," 02-Jan-2026"," 182.14"," 182.90"," 183.78"," 181.50"," 182.35"," 182.31"," 182.27"," 541857"," 987.65"," 11697"," 276815"," 51.09"
GPTHEALTH," EQ"," 02-Jan-2026"," 140.19"," 140.03"," 144.00"," 140.03"," 142.05"," 141.84"," 141.14"," 32235"," 45.50"," 1033"," 20006"," 62.06"
GPTINFRA," EQ"," 02-Jan-2026"," 109.49"," 109.00"," 110.20"," 108.10"," 108.55"," 108.54"," 109.13"," 191488"," 208.97"," 2962"," 91148"," 47.60"
GRANULES," EQ"," 02-Jan-2026"," 619.20"," 621.50"," 623.85"," 610.15"," 615.00"," 615.35"," 615.35"," 675871"," 4159.00"," 18379"," 369663"," 54.69"
GRAPHISAD," SM"," 02-Jan-2026"," 48.90"," 49.00"," 49.15"," 46.50"," 48.00"," 48.05"," 47.37"," 106800"," 50.59"," 73"," 28800"," 26.97"
GRAPHITE," EQ"," 02-Jan-2026"," 648.15"," 643.00"," 665.00"," 640.10"," 658.40"," 659.70"," 655.97"," 1712645"," 11234.46"," 35138"," 462948"," 27.03"
GRASIM," EQ"," 02-Jan-2026"," 2851.70"," 2856.90"," 2882.00"," 2845.10"," 2865.00"," 2856.40"," 2860.18"," 698682"," 19983.58"," 27466"," 427557"," 61.19"
GRAVITA," EQ"," 02-Jan-2026"," 1858.50"," 1860.40"," 1875.90"," 1847.10"," 1862.70"," 1860.50"," 1857.46"," 127868"," 2375.10"," 11868"," 62673"," 49.01"
GRCL," SM"," 02-Jan-2026"," 368.15"," 368.20"," 385.00"," 368.15"," 385.00"," 385.00"," 369.88"," 2500"," 9.25"," 3"," 2500"," 100.00"
GREAVESCOT," EQ"," 02-Jan-2026"," 193.21"," 193.39"," 195.00"," 192.05"," 193.59"," 193.35"," 193.97"," 964144"," 1870.18"," 10068"," 497790"," 51.63"
GREENLAM," EQ"," 02-Jan-2026"," 242.42"," 241.00"," 250.00"," 233.66"," 248.00"," 247.86"," 241.19"," 101369"," 244.50"," 1994"," 64003"," 63.14"
GREENLEAF," SM"," 02-Jan-2026"," 171.55"," 170.95"," 171.55"," 170.95"," 171.00"," 171.00"," 171.25"," 4000"," 6.85"," 4"," 3000"," 75.00"
GREENPANEL," EQ"," 02-Jan-2026"," 230.92"," 230.45"," 232.70"," 227.53"," 229.99"," 230.80"," 230.78"," 203544"," 469.74"," 7762"," 162805"," 79.99"
GREENPLY," EQ"," 02-Jan-2026"," 268.25"," 270.85"," 275.00"," 265.00"," 273.00"," 272.85"," 271.07"," 187133"," 507.27"," 4301"," 91930"," 49.13"
GREENPOWER," EQ"," 02-Jan-2026"," 11.58"," 11.58"," 12.00"," 11.50"," 11.94"," 11.90"," 11.74"," 3693760"," 433.70"," 7348"," 1624758"," 43.99"
GRINDWELL," EQ"," 02-Jan-2026"," 1558.20"," 1558.20"," 1567.40"," 1555.00"," 1555.50"," 1557.90"," 1560.41"," 9576"," 149.42"," 2264"," 6242"," 65.18"
GRINFRA," EQ"," 02-Jan-2026"," 999.70"," 999.70"," 1013.00"," 992.05"," 1005.05"," 1009.75"," 1006.78"," 16136"," 162.45"," 1986"," 11189"," 69.34"
GRMOVER," EQ"," 02-Jan-2026"," 161.46"," 161.40"," 167.58"," 161.20"," 163.10"," 163.92"," 163.20"," 3025279"," 4937.36"," 10819"," 907117"," 29.98"
GROBTEA," EQ"," 02-Jan-2026"," 982.90"," 996.80"," 1000.00"," 988.00"," 999.80"," 999.05"," 999.06"," 107"," 1.07"," 18"," 95"," 88.79"
GROWW," EQ"," 02-Jan-2026"," 155.30"," 155.60"," 157.05"," 153.45"," 155.09"," 155.19"," 155.29"," 18307846"," 28429.92"," 94345"," 4809248"," 26.27"
GROWWCAPM," EQ"," 02-Jan-2026"," 9.77"," 9.84"," 9.91"," 9.77"," 9.90"," 9.89"," 9.86"," 615105"," 60.62"," 611"," 477389"," 77.61"
GROWWDEFNC," EQ"," 02-Jan-2026"," 77.27"," 77.65"," 78.50"," 77.27"," 78.49"," 77.98"," 77.80"," 253164"," 196.96"," 2510"," 195071"," 77.05"
GROWWEV," EQ"," 02-Jan-2026"," 31.56"," 31.57"," 32.17"," 31.41"," 32.10"," 32.03"," 31.90"," 400830"," 127.87"," 2120"," 351465"," 87.68"
GROWWGOLD," EQ"," 02-Jan-2026"," 130.59"," 130.72"," 132.50"," 130.71"," 132.25"," 132.28"," 131.89"," 310362"," 409.33"," 4187"," 174308"," 56.16"
GROWWLIQID," EQ"," 02-Jan-2026"," 107.27"," 107.32"," 107.32"," 107.31"," 107.32"," 107.31"," 107.31"," 917861"," 984.99"," 390"," 571643"," 62.28"
GROWWLOVOL," EQ"," 02-Jan-2026"," 10.76"," 10.77"," 10.95"," 10.59"," 10.85"," 10.85"," 10.86"," 117396"," 12.75"," 169"," 112611"," 95.92"
GROWWMC150," EQ"," 02-Jan-2026"," 222.54"," 225.01"," 225.54"," 223.88"," 224.68"," 224.92"," 224.78"," 3179"," 7.15"," 103"," 2280"," 71.72"
GROWWMETAL," EQ"," 02-Jan-2026"," 10.71"," 10.92"," 11.00"," 10.20"," 10.87"," 10.86"," 10.82"," 1850918"," 200.31"," 2965"," 1469381"," 79.39"
GROWWMOM50," EQ"," 02-Jan-2026"," 10.61"," 10.87"," 10.87"," 10.51"," 10.71"," 10.69"," 10.67"," 131086"," 13.98"," 631"," 92330"," 70.43"
GROWWN200," EQ"," 02-Jan-2026"," 11.76"," 12.05"," 12.05"," 11.66"," 11.87"," 11.85"," 11.82"," 50685"," 5.99"," 424"," 37679"," 74.34"
GROWWNET," EQ"," 02-Jan-2026"," 10.45"," 10.52"," 10.54"," 10.40"," 10.54"," 10.53"," 10.51"," 246003"," 25.85"," 676"," 194984"," 79.26"
GROWWNIFTY," EQ"," 02-Jan-2026"," 10.48"," 10.51"," 10.58"," 10.47"," 10.58"," 10.55"," 10.54"," 244955"," 25.82"," 1271"," 171753"," 70.12"
GROWWNXT50," EQ"," 02-Jan-2026"," 69.83"," 69.98"," 70.38"," 69.40"," 70.05"," 70.19"," 70.04"," 9647"," 6.76"," 151"," 7696"," 79.78"
GROWWPOWER," EQ"," 02-Jan-2026"," 9.88"," 9.90"," 10.15"," 9.85"," 10.13"," 10.11"," 10.05"," 2017377"," 202.71"," 1563"," 1483441"," 73.53"
GROWWRAIL," EQ"," 02-Jan-2026"," 35.41"," 35.72"," 36.15"," 35.46"," 36.08"," 36.03"," 35.93"," 1065905"," 382.98"," 3570"," 808287"," 75.83"
GROWWRLTY," EQ"," 02-Jan-2026"," 9.91"," 9.92"," 10.05"," 9.84"," 10.05"," 10.03"," 10.01"," 176627"," 17.67"," 339"," 141076"," 79.87"
GROWWSC250," EQ"," 02-Jan-2026"," 9.59"," 9.78"," 9.79"," 9.40"," 9.63"," 9.64"," 9.62"," 203877"," 19.61"," 520"," 163992"," 80.44"
GROWWSLVR," EQ"," 02-Jan-2026"," 219.86"," 226.46"," 235.79"," 223.75"," 229.01"," 228.66"," 226.44"," 743482"," 1683.55"," 8118"," 344432"," 46.33"
GRPLTD," EQ"," 02-Jan-2026"," 1805.70"," 1789.90"," 1814.00"," 1729.40"," 1730.20"," 1739.80"," 1755.14"," 3078"," 54.02"," 561"," 1768"," 57.44"
GRSE," EQ"," 02-Jan-2026"," 2442.10"," 2450.00"," 2495.00"," 2411.00"," 2445.00"," 2437.00"," 2454.15"," 760901"," 18673.67"," 35778"," 185203"," 24.34"
GRWRHITECH," EQ"," 02-Jan-2026"," 3099.80"," 3118.00"," 3181.00"," 3095.90"," 3181.00"," 3170.40"," 3148.87"," 38509"," 1212.60"," 5619"," 17226"," 44.73"
GSEC10IETF," EQ"," 02-Jan-2026"," 258.51"," 258.56"," 259.49"," 258.45"," 258.45"," 258.79"," 258.72"," 8197"," 21.21"," 17"," 5157"," 62.91"
GSEC10YEAR," EQ"," 02-Jan-2026"," 29.66"," 29.66"," 29.66"," 29.51"," 29.65"," 29.65"," 29.56"," 1239"," 0.37"," 30"," 924"," 74.58"
GSEC5IETF," EQ"," 02-Jan-2026"," 63.83"," 63.91"," 63.96"," 63.69"," 63.95"," 63.75"," 63.85"," 20898"," 13.34"," 76"," 14106"," 67.50"
GSFC," EQ"," 02-Jan-2026"," 181.98"," 182.24"," 184.50"," 181.25"," 184.00"," 183.91"," 183.19"," 706184"," 1293.63"," 8957"," 353676"," 50.08"
GSLSU," BE"," 02-Jan-2026"," 100.66"," 99.65"," 101.89"," 99.05"," 101.00"," 100.89"," 100.52"," 112408"," 112.99"," 133"," -"," -"
GSMFOILS," SM"," 02-Jan-2026"," 203.00"," 205.50"," 209.65"," 205.50"," 208.00"," 208.00"," 208.36"," 18500"," 38.55"," 32"," 16500"," 89.19"
GSPL," EQ"," 02-Jan-2026"," 311.95"," 312.95"," 321.20"," 310.35"," 319.50"," 319.95"," 317.21"," 589662"," 1870.47"," 14360"," 323665"," 54.89"
GSS," EQ"," 02-Jan-2026"," 16.39"," 16.45"," 17.22"," 16.01"," 17.12"," 17.06"," 16.88"," 170429"," 28.76"," 889"," 125707"," 73.76"
GSTL," ST"," 02-Jan-2026"," 14.70"," 14.70"," 14.95"," 14.70"," 14.95"," 14.95"," 14.82"," 13000"," 1.93"," 13"," 13000"," 100.00"
GTECJAINX," EQ"," 02-Jan-2026"," 23.68"," 25.00"," 25.00"," 23.55"," 24.40"," 24.35"," 24.31"," 5979"," 1.45"," 67"," 4078"," 68.21"
GTL," EQ"," 02-Jan-2026"," 8.08"," 8.19"," 8.20"," 7.56"," 8.15"," 8.09"," 8.00"," 811891"," 64.96"," 1745"," 341627"," 42.08"
GTLINFRA," EQ"," 02-Jan-2026"," 1.21"," 1.24"," 1.26"," 1.23"," 1.25"," 1.24"," 1.25"," 32465711"," 405.10"," 11796"," 18426984"," 56.76"
GTPL," EQ"," 02-Jan-2026"," 98.57"," 97.30"," 100.54"," 97.30"," 99.10"," 99.29"," 99.35"," 11219"," 11.15"," 473"," 6020"," 53.66"
GUFICBIO," EQ"," 02-Jan-2026"," 341.40"," 339.70"," 341.75"," 335.45"," 337.20"," 337.00"," 338.79"," 12823"," 43.44"," 849"," 6398"," 49.89"
GUJALKALI," EQ"," 02-Jan-2026"," 500.95"," 496.10"," 507.90"," 495.50"," 503.00"," 504.65"," 503.20"," 38740"," 194.94"," 1324"," 27906"," 72.03"
GUJAPOLLO," EQ"," 02-Jan-2026"," 413.70"," 415.75"," 436.20"," 412.20"," 433.00"," 430.95"," 426.37"," 16812"," 71.68"," 1848"," 10314"," 61.35"
GUJGASLTD," EQ"," 02-Jan-2026"," 420.75"," 420.00"," 438.00"," 417.30"," 437.00"," 436.30"," 431.73"," 1187655"," 5127.47"," 32662"," 582287"," 49.03"
GUJRAFFIA," BE"," 02-Jan-2026"," 49.48"," 50.46"," 50.46"," 50.46"," 50.46"," 50.46"," 50.46"," 3212"," 1.62"," 11"," -"," -"
GUJTHEM," EQ"," 02-Jan-2026"," 440.55"," 442.95"," 442.95"," 434.00"," 434.05"," 435.20"," 437.94"," 40261"," 176.32"," 1433"," 25089"," 62.32"
GULFOILLUB," EQ"," 02-Jan-2026"," 1215.80"," 1215.80"," 1219.90"," 1194.70"," 1215.00"," 1211.70"," 1210.00"," 37328"," 451.67"," 4925"," 22651"," 60.68"
GULFPETRO," EQ"," 02-Jan-2026"," 34.74"," 35.20"," 36.07"," 34.81"," 35.70"," 35.79"," 35.30"," 41632"," 14.70"," 543"," 31546"," 75.77"
GULPOLY," EQ"," 02-Jan-2026"," 140.34"," 141.05"," 144.00"," 140.40"," 143.00"," 143.40"," 142.73"," 42791"," 61.08"," 1738"," 28659"," 66.97"
GURUNANAK," SM"," 02-Jan-2026"," 32.80"," 34.40"," 34.40"," 34.15"," 34.15"," 34.25"," 34.33"," 9600"," 3.30"," 6"," 9600"," 100.00"
GVKPIL," BE"," 02-Jan-2026"," 3.12"," 3.15"," 3.15"," 3.07"," 3.12"," 3.09"," 3.11"," 717260"," 22.29"," 1092"," -"," -"
GVPIL," EQ"," 02-Jan-2026"," 324.85"," 326.90"," 351.90"," 324.85"," 340.50"," 340.00"," 342.25"," 543182"," 1859.03"," 20172"," 156738"," 28.86"
GVPTECH," EQ"," 02-Jan-2026"," 8.96"," 8.91"," 9.25"," 8.70"," 9.03"," 8.81"," 8.95"," 32600"," 2.92"," 228"," 29216"," 89.62"
GVPTECHPP," E1"," 02-Jan-2026"," 4.62"," 4.73"," 4.73"," 3.96"," 4.55"," 4.54"," 4.28"," 21078"," 0.90"," 69"," 13003"," 61.69"
GVT&D," EQ"," 02-Jan-2026"," 3164.50"," 3160.00"," 3186.60"," 3070.00"," 3090.00"," 3093.70"," 3100.21"," 373849"," 11590.09"," 45404"," 239771"," 64.14"
HAL," EQ"," 02-Jan-2026"," 4397.90"," 4413.10"," 4429.00"," 4380.00"," 4418.00"," 4417.80"," 4409.22"," 597270"," 26334.95"," 49222"," 256242"," 42.90"
HALEOSLABS," BE"," 02-Jan-2026"," 1310.00"," 1309.00"," 1375.00"," 1309.00"," 1354.00"," 1354.00"," 1352.87"," 1383"," 18.71"," 135"," -"," -"
HAPPSTMNDS," EQ"," 02-Jan-2026"," 455.95"," 456.00"," 467.60"," 455.30"," 467.00"," 466.10"," 462.91"," 290972"," 1346.95"," 13718"," 137766"," 47.35"
HAPPYFORGE," EQ"," 02-Jan-2026"," 1155.90"," 1157.10"," 1193.00"," 1141.60"," 1184.40"," 1185.80"," 1169.75"," 47326"," 553.60"," 5101"," 26070"," 55.09"
HARDWYN," EQ"," 02-Jan-2026"," 16.76"," 16.96"," 17.96"," 16.89"," 17.70"," 17.76"," 17.69"," 2456994"," 434.54"," 2591"," 927321"," 37.74"
HARIOMPIPE," EQ"," 02-Jan-2026"," 382.85"," 381.75"," 397.00"," 378.25"," 394.50"," 395.50"," 390.14"," 264520"," 1031.99"," 8128"," 122247"," 46.21"
HARRMALAYA," EQ"," 02-Jan-2026"," 166.85"," 175.00"," 175.00"," 168.25"," 171.95"," 171.76"," 170.90"," 13055"," 22.31"," 519"," 9791"," 75.00"
HARSHA," EQ"," 02-Jan-2026"," 389.95"," 389.95"," 389.95"," 381.30"," 386.10"," 387.45"," 386.38"," 34488"," 133.26"," 2520"," 18666"," 54.12"
HATHWAY," EQ"," 02-Jan-2026"," 12.45"," 12.45"," 12.70"," 12.40"," 12.69"," 12.68"," 12.59"," 1460269"," 183.92"," 3221"," 871803"," 59.70"
HATSUN," EQ"," 02-Jan-2026"," 973.85"," 965.10"," 980.00"," 965.10"," 980.00"," 975.85"," 972.56"," 13305"," 129.40"," 1548"," 6394"," 48.06"
HAVELLS," EQ"," 02-Jan-2026"," 1417.50"," 1424.50"," 1445.60"," 1417.70"," 1440.90"," 1439.90"," 1437.55"," 256390"," 3685.74"," 15266"," 107207"," 41.81"
HAVISHA," EQ"," 02-Jan-2026"," 1.82"," 1.84"," 2.02"," 1.81"," 1.88"," 1.86"," 1.92"," 69688"," 1.34"," 132"," 67510"," 96.87"
HBLENGINE," EQ"," 02-Jan-2026"," 919.30"," 917.95"," 944.90"," 917.00"," 937.60"," 937.55"," 936.23"," 1421909"," 13312.29"," 38111"," 441985"," 31.08"
HBSL," BE"," 02-Jan-2026"," 73.49"," 75.00"," 75.00"," 71.65"," 73.90"," 73.71"," 73.25"," 5013"," 3.67"," 68"," -"," -"
HCC," EQ"," 02-Jan-2026"," 19.04"," 19.10"," 19.49"," 18.92"," 19.45"," 19.39"," 19.21"," 27712126"," 5323.59"," 21965"," 12103635"," 43.68"
HCG," EQ"," 02-Jan-2026"," 652.80"," 655.85"," 661.60"," 651.45"," 653.80"," 655.35"," 656.58"," 170045"," 1116.48"," 9526"," 128096"," 75.33"
HCL-INSYS," EQ"," 02-Jan-2026"," 13.28"," 13.63"," 15.38"," 13.36"," 14.45"," 14.45"," 14.76"," 2463397"," 363.71"," 6631"," 1115497"," 45.28"
HCLTECH," EQ"," 02-Jan-2026"," 1634.50"," 1632.00"," 1643.00"," 1625.10"," 1640.00"," 1640.20"," 1636.46"," 950573"," 15555.77"," 51428"," 450570"," 47.40"
HDBFS," EQ"," 02-Jan-2026"," 764.05"," 760.10"," 771.50"," 757.20"," 770.90"," 770.15"," 766.54"," 574854"," 4406.49"," 17721"," 395635"," 68.82"
HDFCAMC," EQ"," 02-Jan-2026"," 2648.20"," 2648.20"," 2664.80"," 2627.10"," 2659.10"," 2657.20"," 2647.95"," 347752"," 9208.30"," 21902"," 219538"," 63.13"
HDFCBANK," EQ"," 02-Jan-2026"," 991.15"," 991.15"," 1003.20"," 988.80"," 1000.25"," 1001.60"," 998.46"," 11751459"," 117333.33"," 178613"," 7814202"," 66.50"
HDFCBSE500," EQ"," 02-Jan-2026"," 38.25"," 38.26"," 38.58"," 38.26"," 38.58"," 38.54"," 38.49"," 39540"," 15.22"," 237"," 34471"," 87.18"
HDFCGOLD," EQ"," 02-Jan-2026"," 114.10"," 116.63"," 116.63"," 114.33"," 115.38"," 115.45"," 115.17"," 7263764"," 8366.00"," 11908"," 5510961"," 75.87"
HDFCGROWTH," EQ"," 02-Jan-2026"," 130.38"," 131.03"," 131.80"," 130.55"," 131.20"," 131.30"," 131.30"," 23305"," 30.60"," 175"," 17401"," 74.67"
HDFCLIFE," EQ"," 02-Jan-2026"," 750.10"," 749.95"," 758.35"," 749.05"," 753.20"," 754.85"," 755.21"," 1457089"," 11004.15"," 35885"," 938204"," 64.39"
HDFCLIQUID," EQ"," 02-Jan-2026"," 1042.51"," 1042.89"," 1042.93"," 1042.89"," 1042.89"," 1042.89"," 1042.92"," 30877"," 322.02"," 72"," 17368"," 56.25"
HDFCLOWVOL," EQ"," 02-Jan-2026"," 21.58"," 21.55"," 21.69"," 21.54"," 21.68"," 21.64"," 21.63"," 19746"," 4.27"," 160"," 10884"," 55.12"
HDFCMID150," EQ"," 02-Jan-2026"," 22.58"," 22.98"," 22.98"," 22.59"," 22.83"," 22.76"," 22.72"," 349285"," 79.36"," 1435"," 250770"," 71.80"
HDFCMOMENT," EQ"," 02-Jan-2026"," 31.48"," 31.90"," 31.90"," 31.56"," 31.87"," 31.89"," 31.81"," 174437"," 55.48"," 723"," 133990"," 76.81"
HDFCNEXT50," EQ"," 02-Jan-2026"," 70.96"," 71.14"," 71.52"," 70.92"," 71.50"," 71.49"," 71.32"," 64183"," 45.77"," 614"," 51184"," 79.75"
HDFCNIF100," EQ"," 02-Jan-2026"," 27.53"," 27.54"," 27.74"," 27.48"," 27.63"," 27.66"," 27.69"," 72503"," 20.07"," 366"," 48414"," 66.78"
HDFCNIFBAN," EQ"," 02-Jan-2026"," 61.18"," 61.18"," 61.74"," 61.18"," 61.69"," 61.61"," 61.63"," 227865"," 140.44"," 425"," 215066"," 94.38"
HDFCNIFIT," EQ"," 02-Jan-2026"," 40.22"," 41.22"," 41.22"," 40.23"," 40.54"," 40.41"," 40.39"," 36621"," 14.79"," 220"," 23288"," 63.59"
HDFCNIFTY," EQ"," 02-Jan-2026"," 292.34"," 292.88"," 294.44"," 292.34"," 294.01"," 294.23"," 293.62"," 196916"," 578.18"," 910"," 177729"," 90.26"
HDFCPSUBK," EQ"," 02-Jan-2026"," 86.48"," 88.00"," 88.00"," 86.56"," 87.99"," 87.58"," 87.21"," 33253"," 29.00"," 252"," 30328"," 91.20"
HDFCPVTBAN," EQ"," 02-Jan-2026"," 29.18"," 28.45"," 29.46"," 28.45"," 29.40"," 29.37"," 29.35"," 58713"," 17.23"," 523"," 49165"," 83.74"
HDFCQUAL," EQ"," 02-Jan-2026"," 60.21"," 60.50"," 60.64"," 60.21"," 60.64"," 60.55"," 60.50"," 15932"," 9.64"," 177"," 12984"," 81.50"
HDFCSENSEX," EQ"," 02-Jan-2026"," 96.16"," 95.81"," 96.85"," 95.81"," 96.85"," 96.73"," 96.51"," 28222"," 27.24"," 409"," 22845"," 80.95"
HDFCSILVER," EQ"," 02-Jan-2026"," 215.18"," 216.48"," 223.39"," 216.48"," 223.23"," 222.97"," 221.63"," 6939045"," 15378.77"," 27248"," 3284915"," 47.34"
HDFCSML250," EQ"," 02-Jan-2026"," 167.53"," 171.71"," 171.71"," 167.42"," 169.00"," 168.85"," 168.51"," 1145532"," 1930.34"," 7727"," 857402"," 74.85"
HDFCVALUE," EQ"," 02-Jan-2026"," 139.45"," 139.41"," 140.32"," 139.16"," 140.32"," 140.28"," 139.82"," 4301"," 6.01"," 80"," 3910"," 90.91"
HDIL," BZ"," 02-Jan-2026"," 2.40"," 2.40"," 2.45"," 2.37"," 2.39"," 2.42"," 2.40"," 96388"," 2.32"," 210"," -"," -"
HEADSUP," EQ"," 02-Jan-2026"," 9.13"," 9.13"," 9.13"," 8.65"," 8.94"," 8.86"," 8.86"," 114500"," 10.15"," 568"," 79692"," 69.60"
HEALTHADD," EQ"," 02-Jan-2026"," 147.29"," 147.45"," 148.54"," 147.45"," 148.52"," 148.53"," 147.81"," 524"," 0.77"," 21"," 425"," 81.11"
HEALTHIETF," EQ"," 02-Jan-2026"," 149.70"," 150.01"," 151.00"," 149.16"," 150.95"," 150.96"," 150.51"," 95464"," 143.68"," 1148"," 67579"," 70.79"
HEALTHY," EQ"," 02-Jan-2026"," 15.01"," 15.09"," 15.10"," 14.97"," 15.10"," 15.09"," 15.05"," 112326"," 16.90"," 902"," 86753"," 77.23"
HECPROJECT," EQ"," 02-Jan-2026"," 123.83"," 121.20"," 126.35"," 119.70"," 124.98"," 124.57"," 123.60"," 17762"," 21.95"," 1212"," 6595"," 37.13"
HEG," EQ"," 02-Jan-2026"," 624.15"," 624.20"," 627.70"," 606.85"," 619.35"," 619.70"," 617.61"," 2483233"," 15336.76"," 72388"," 729181"," 29.36"
HEIDELBERG," EQ"," 02-Jan-2026"," 174.61"," 174.05"," 176.44"," 174.00"," 175.60"," 175.65"," 175.40"," 56704"," 99.46"," 1844"," 36788"," 64.88"
HEMIPROP," EQ"," 02-Jan-2026"," 136.28"," 136.62"," 138.80"," 135.99"," 137.00"," 137.94"," 137.54"," 410381"," 564.43"," 3128"," 266233"," 64.87"
HERANBA," EQ"," 02-Jan-2026"," 243.45"," 244.70"," 248.16"," 241.90"," 247.00"," 243.19"," 244.67"," 34125"," 83.49"," 2786"," 22201"," 65.06"
HERITGFOOD," EQ"," 02-Jan-2026"," 452.00"," 452.40"," 467.10"," 451.00"," 465.00"," 465.10"," 461.82"," 164120"," 757.94"," 5389"," 101847"," 62.06"
HEROMOTOCO," EQ"," 02-Jan-2026"," 5841.50"," 5900.00"," 6029.50"," 5875.00"," 5931.00"," 5933.00"," 5960.35"," 1069537"," 63748.14"," 79361"," 394173"," 36.85"
HESTERBIO," EQ"," 02-Jan-2026"," 1594.10"," 1594.50"," 1615.00"," 1589.30"," 1615.00"," 1604.20"," 1601.16"," 3733"," 59.77"," 311"," 3103"," 83.12"
HEUBACHIND," EQ"," 02-Jan-2026"," 473.95"," 478.70"," 478.70"," 470.00"," 477.10"," 476.80"," 474.74"," 2965"," 14.08"," 176"," 2538"," 85.60"
HEXATRADEX," EQ"," 02-Jan-2026"," 162.37"," 160.00"," 162.79"," 160.00"," 162.25"," 162.25"," 161.93"," 1045"," 1.69"," 51"," 792"," 75.79"
HEXT," EQ"," 02-Jan-2026"," 758.00"," 755.00"," 759.00"," 750.15"," 751.20"," 754.15"," 753.83"," 125453"," 945.70"," 9938"," 59779"," 47.65"
HFCL," EQ"," 02-Jan-2026"," 68.92"," 69.00"," 69.28"," 67.36"," 67.74"," 67.73"," 67.86"," 18210925"," 12358.18"," 43856"," 6150965"," 33.78"
HGINFRA," EQ"," 02-Jan-2026"," 739.90"," 740.10"," 746.80"," 728.05"," 742.00"," 744.10"," 742.35"," 167590"," 1244.10"," 5839"," 89184"," 53.22"
HGM," EQ"," 02-Jan-2026"," 69.26"," 69.29"," 69.90"," 67.50"," 68.39"," 68.28"," 68.37"," 3702"," 2.53"," 73"," 1856"," 50.14"
HGS," EQ"," 02-Jan-2026"," 458.10"," 454.00"," 458.10"," 451.95"," 453.75"," 453.25"," 453.89"," 10568"," 47.97"," 792"," 6266"," 59.29"
HIGREEN," SM"," 02-Jan-2026"," 169.90"," 169.90"," 169.90"," 164.55"," 165.00"," 165.60"," 166.97"," 19200"," 32.06"," 21"," 11200"," 58.33"
HIKAL," EQ"," 02-Jan-2026"," 226.92"," 227.25"," 229.00"," 225.28"," 228.01"," 226.96"," 226.97"," 446485"," 1013.39"," 3568"," 345938"," 77.48"
HILINFRA," EQ"," 02-Jan-2026"," 57.73"," 58.39"," 60.15"," 57.50"," 60.00"," 59.89"," 59.01"," 265061"," 156.40"," 2938"," 142386"," 53.72"
HILTON," EQ"," 02-Jan-2026"," 35.62"," 36.29"," 36.29"," 35.44"," 35.95"," 35.79"," 35.74"," 82603"," 29.52"," 693"," 61952"," 75.00"
HIMATSEIDE," EQ"," 02-Jan-2026"," 112.73"," 113.29"," 115.30"," 112.73"," 114.96"," 114.60"," 114.04"," 148784"," 169.68"," 2228"," 87375"," 58.73"
HINDALCO," EQ"," 02-Jan-2026"," 894.95"," 898.00"," 927.30"," 896.55"," 926.50"," 925.70"," 917.14"," 5357771"," 49138.44"," 88481"," 2381333"," 44.45"
HINDCOMPOS," EQ"," 02-Jan-2026"," 425.75"," 443.80"," 456.00"," 426.05"," 450.00"," 451.10"," 444.09"," 8973"," 39.85"," 762"," 5219"," 58.16"
HINDCON," EQ"," 02-Jan-2026"," 27.23"," 26.93"," 27.50"," 26.93"," 27.30"," 27.21"," 27.11"," 23177"," 6.28"," 297"," 18575"," 80.14"
HINDCOPPER," EQ"," 02-Jan-2026"," 522.65"," 530.00"," 545.20"," 527.95"," 542.00"," 541.90"," 536.15"," 42252954"," 226540.68"," 340585"," 10068070"," 23.83"
HINDOILEXP," EQ"," 02-Jan-2026"," 156.25"," 156.25"," 160.20"," 155.10"," 156.00"," 156.39"," 157.86"," 425516"," 671.70"," 3905"," 217695"," 51.16"
HINDPETRO," EQ"," 02-Jan-2026"," 498.60"," 498.60"," 501.70"," 492.30"," 497.25"," 495.85"," 495.98"," 6513192"," 32304.11"," 98028"," 4631143"," 71.10"
HINDUNILVR," EQ"," 02-Jan-2026"," 2323.00"," 2326.00"," 2357.70"," 2322.00"," 2348.50"," 2348.00"," 2343.20"," 973413"," 22809.00"," 39595"," 648298"," 66.60"
HINDWAREAP," EQ"," 02-Jan-2026"," 271.95"," 272.65"," 276.10"," 267.20"," 274.40"," 272.00"," 271.48"," 114363"," 310.47"," 3563"," 39176"," 34.26"
HINDZINC," EQ"," 02-Jan-2026"," 611.95"," 615.00"," 629.95"," 614.30"," 627.30"," 628.80"," 623.31"," 6324442"," 39420.69"," 78915"," 2650126"," 41.90"
HIRECT," EQ"," 02-Jan-2026"," 1502.80"," 1502.90"," 1502.90"," 1481.00"," 1493.00"," 1496.40"," 1492.27"," 10964"," 163.61"," 1362"," 6936"," 63.26"
HISARMETAL," EQ"," 02-Jan-2026"," 163.91"," 163.91"," 164.90"," 159.00"," 163.10"," 163.26"," 162.71"," 2989"," 4.86"," 50"," 2343"," 78.39"
HITECH," EQ"," 02-Jan-2026"," 93.32"," 93.97"," 95.27"," 92.91"," 95.10"," 94.89"," 94.11"," 736086"," 692.75"," 4835"," 413866"," 56.23"
HITECHCORP," EQ"," 02-Jan-2026"," 171.70"," 170.00"," 171.97"," 168.31"," 169.41"," 169.41"," 169.79"," 1511"," 2.57"," 37"," 1332"," 88.15"
HITECHGEAR," BE"," 02-Jan-2026"," 717.00"," 723.10"," 752.85"," 713.15"," 742.00"," 752.75"," 745.79"," 4475"," 33.37"," 225"," -"," -"
HLEGLAS," EQ"," 02-Jan-2026"," 440.65"," 440.50"," 451.00"," 439.05"," 451.00"," 449.15"," 445.91"," 61883"," 275.94"," 3521"," 28607"," 46.23"
HLVLTD," EQ"," 02-Jan-2026"," 9.28"," 9.30"," 9.68"," 9.19"," 9.68"," 9.60"," 9.41"," 467979"," 44.02"," 1680"," 320526"," 68.49"
HMAAGRO," EQ"," 02-Jan-2026"," 29.57"," 29.57"," 29.80"," 29.28"," 29.50"," 29.46"," 29.48"," 81121"," 23.92"," 799"," 57634"," 71.05"
HMT," BZ"," 02-Jan-2026"," 47.33"," 47.00"," 47.50"," 46.00"," 47.49"," 47.19"," 47.07"," 17413"," 8.20"," 147"," -"," -"
HMVL," EQ"," 02-Jan-2026"," 68.56"," 69.28"," 70.90"," 68.21"," 70.40"," 70.10"," 69.42"," 17707"," 12.29"," 496"," 10788"," 60.93"
HNDFDS," EQ"," 02-Jan-2026"," 512.85"," 515.50"," 519.75"," 511.00"," 517.00"," 516.20"," 516.70"," 24548"," 126.84"," 1611"," 14207"," 57.87"
HNGSNGBEES," EQ"," 02-Jan-2026"," 497.21"," 505.32"," 509.00"," 500.11"," 508.00"," 507.37"," 505.45"," 270610"," 1367.79"," 5433"," 212567"," 78.55"
HOACFOODS," ST"," 02-Jan-2026"," 340.05"," 339.30"," 339.30"," 323.05"," 338.80"," 338.80"," 326.22"," 12000"," 39.15"," 16"," 9750"," 81.25"
HOLMARC," SM"," 02-Jan-2026"," 100.00"," 100.00"," 105.00"," 100.00"," 103.00"," 103.00"," 102.67"," 2250"," 2.31"," 3"," 2250"," 100.00"
HOMEFIRST," EQ"," 02-Jan-2026"," 1100.80"," 1102.50"," 1122.00"," 1098.80"," 1104.90"," 1105.10"," 1109.65"," 140545"," 1559.56"," 12309"," 82255"," 58.53"
HOMESFY," SM"," 02-Jan-2026"," 162.00"," 162.00"," 162.00"," 161.00"," 162.00"," 162.00"," 161.75"," 1200"," 1.94"," 4"," 1200"," 100.00"
HONASA," EQ"," 02-Jan-2026"," 283.60"," 285.30"," 296.70"," 282.20"," 292.00"," 292.75"," 291.56"," 1042455"," 3039.37"," 20903"," 286509"," 27.48"
HONAUT," EQ"," 02-Jan-2026"," 33050.00"," 33230.00"," 33700.00"," 33150.00"," 33650.00"," 33625.00"," 33531.57"," 2889"," 968.73"," 1665"," 1348"," 46.66"
HONDAPOWER," EQ"," 02-Jan-2026"," 2333.20"," 2345.00"," 2367.30"," 2335.00"," 2353.00"," 2347.40"," 2351.86"," 2462"," 57.90"," 666"," 1399"," 56.82"
HPAL," EQ"," 02-Jan-2026"," 41.34"," 41.40"," 42.98"," 41.40"," 42.77"," 42.69"," 42.34"," 51241"," 21.70"," 789"," 28725"," 56.06"
HPIL," EQ"," 02-Jan-2026"," 144.25"," 144.25"," 146.99"," 137.25"," 144.00"," 143.11"," 143.04"," 12372"," 17.70"," 278"," 8899"," 71.93"
HPL," EQ"," 02-Jan-2026"," 405.70"," 405.70"," 411.90"," 400.10"," 407.00"," 407.60"," 407.63"," 64582"," 263.26"," 3997"," 28872"," 44.71"
HRHNEXT," SM"," 02-Jan-2026"," 28.45"," 29.85"," 29.85"," 29.85"," 29.85"," 29.85"," 29.85"," 6000"," 1.79"," 4"," 6000"," 100.00"
HSCL," EQ"," 02-Jan-2026"," 485.40"," 487.40"," 497.05"," 486.50"," 492.00"," 494.00"," 492.46"," 1213228"," 5974.72"," 20232"," 455563"," 37.55"
HTMEDIA," EQ"," 02-Jan-2026"," 23.24"," 23.22"," 24.10"," 23.22"," 24.10"," 23.97"," 23.73"," 83264"," 19.76"," 378"," 57660"," 69.25"
HUBTOWN," EQ"," 02-Jan-2026"," 256.38"," 255.38"," 263.15"," 250.09"," 257.80"," 258.56"," 257.49"," 858183"," 2209.76"," 11718"," 384915"," 44.85"
HUDCO," EQ"," 02-Jan-2026"," 227.58"," 227.80"," 232.19"," 225.60"," 231.50"," 231.42"," 228.36"," 6854934"," 15654.18"," 47999"," 2523437"," 36.81"
HUHTAMAKI," EQ"," 02-Jan-2026"," 210.36"," 209.30"," 213.95"," 209.30"," 212.50"," 212.60"," 211.85"," 47913"," 101.50"," 2270"," 28726"," 59.95"
HYBRIDFIN," BE"," 02-Jan-2026"," 20.23"," 20.23"," 20.40"," 19.40"," 20.00"," 20.06"," 19.98"," 7849"," 1.57"," 58"," -"," -"
HYUNDAI," EQ"," 02-Jan-2026"," 2310.80"," 2284.00"," 2284.00"," 2246.20"," 2266.00"," 2267.90"," 2270.47"," 1170152"," 26567.94"," 69514"," 754385"," 64.47"
IBLFL," SM"," 02-Jan-2026"," 59.10"," 59.95"," 59.95"," 56.95"," 56.95"," 56.95"," 58.45"," 4000"," 2.34"," 2"," 4000"," 100.00"
IBULLSLTD," EQ"," 02-Jan-2026"," 17.09"," 17.09"," 17.10"," 16.32"," 16.35"," 16.47"," 16.67"," 2308646"," 384.81"," 4434"," 1858681"," 80.51"
ICDSLTD," EQ"," 02-Jan-2026"," 46.63"," 45.00"," 47.00"," 45.00"," 45.22"," 45.22"," 45.47"," 641"," 0.29"," 21"," 572"," 89.24"
ICEMAKE," EQ"," 02-Jan-2026"," 809.40"," 817.50"," 820.00"," 802.00"," 812.00"," 807.50"," 809.48"," 12955"," 104.87"," 2014"," 6745"," 52.06"
ICICIAMC," EQ"," 02-Jan-2026"," 2631.80"," 2632.00"," 2684.00"," 2624.00"," 2658.50"," 2662.20"," 2653.09"," 752687"," 19969.44"," 45414"," 539194"," 71.64"
ICICIB22," EQ"," 02-Jan-2026"," 117.46"," 120.98"," 120.98"," 116.36"," 119.25"," 119.10"," 118.75"," 565744"," 671.85"," 3588"," 357686"," 63.22"
ICICIBANK," EQ"," 02-Jan-2026"," 1338.00"," 1338.00"," 1356.90"," 1336.30"," 1355.10"," 1355.40"," 1348.97"," 8226205"," 110968.64"," 123080"," 5710169"," 69.41"
ICICIGI," EQ"," 02-Jan-2026"," 1956.90"," 1951.50"," 1993.40"," 1951.50"," 1972.00"," 1973.90"," 1975.34"," 197253"," 3896.42"," 17650"," 80863"," 40.99"
ICICIPRULI," EQ"," 02-Jan-2026"," 674.30"," 674.30"," 681.50"," 671.35"," 678.30"," 678.30"," 678.27"," 351756"," 2385.85"," 14037"," 149352"," 42.46"
ICIL," EQ"," 02-Jan-2026"," 283.80"," 283.80"," 284.20"," 278.80"," 281.00"," 280.10"," 281.09"," 176841"," 497.09"," 5254"," 90846"," 51.37"
ICRA," EQ"," 02-Jan-2026"," 6152.50"," 6136.50"," 6230.50"," 6136.50"," 6176.00"," 6186.50"," 6195.62"," 857"," 53.10"," 388"," 429"," 50.06"
IDBI," EQ"," 02-Jan-2026"," 103.76"," 104.20"," 115.70"," 104.05"," 114.60"," 114.73"," 112.11"," 135110622"," 151468.96"," 323256"," 31093223"," 23.01"
IDEA," EQ"," 02-Jan-2026"," 11.60"," 11.72"," 12.05"," 11.64"," 11.84"," 11.78"," 11.83"," 1446422980"," 171135.91"," 289004"," 245187653"," 16.95"
IDEAFORGE," EQ"," 02-Jan-2026"," 464.15"," 462.00"," 473.35"," 462.00"," 470.00"," 469.10"," 468.60"," 148270"," 694.79"," 4671"," 43667"," 29.45"
IDENTICAL," SM"," 02-Jan-2026"," 21.95"," 21.95"," 23.10"," 21.95"," 23.10"," 23.10"," 22.56"," 8000"," 1.81"," 4"," 8000"," 100.00"
IDFCFIRSTB," EQ"," 02-Jan-2026"," 85.61"," 85.75"," 87.00"," 85.47"," 85.87"," 85.92"," 86.22"," 25101820"," 21642.81"," 122744"," 14552219"," 57.97"
IDFNIFTYET," EQ"," 02-Jan-2026"," 286.29"," 288.88"," 289.70"," 284.10"," 288.99"," 288.37"," 287.56"," 2902"," 8.34"," 93"," 2020"," 69.61"
IEML," SM"," 02-Jan-2026"," 89.35"," 89.50"," 93.00"," 89.50"," 93.00"," 93.00"," 91.43"," 22500"," 20.57"," 35"," 20000"," 88.89"
IEX," EQ"," 02-Jan-2026"," 133.39"," 133.40"," 134.72"," 132.85"," 134.49"," 134.36"," 133.88"," 4422757"," 5921.37"," 66506"," 1950065"," 44.09"
IFBAGRO," EQ"," 02-Jan-2026"," 1483.80"," 1514.10"," 1629.00"," 1491.20"," 1584.00"," 1593.60"," 1558.88"," 143577"," 2238.19"," 11563"," 44508"," 31.00"
IFBIND," EQ"," 02-Jan-2026"," 1560.30"," 1550.20"," 1624.80"," 1550.20"," 1595.00"," 1600.20"," 1593.57"," 25715"," 409.79"," 3793"," 12924"," 50.26"
IFCI," EQ"," 02-Jan-2026"," 53.07"," 53.25"," 54.25"," 52.88"," 53.68"," 53.62"," 53.57"," 7743057"," 4147.83"," 26265"," 2461323"," 31.79"
IFGLEXPOR," EQ"," 02-Jan-2026"," 206.69"," 204.10"," 215.01"," 204.10"," 214.50"," 213.64"," 210.64"," 29628"," 62.41"," 891"," 18556"," 62.63"
IGARASHI," EQ"," 02-Jan-2026"," 438.95"," 438.05"," 495.00"," 438.05"," 478.00"," 464.60"," 480.27"," 8309186"," 39906.88"," 157685"," 456770"," 5.50"
IGCL," EQ"," 02-Jan-2026"," 82.47"," 82.00"," 85.00"," 82.00"," 83.80"," 84.02"," 83.27"," 41742"," 34.76"," 1539"," 21140"," 50.64"
IGIL," EQ"," 02-Jan-2026"," 333.00"," 331.80"," 335.50"," 327.50"," 335.50"," 334.60"," 332.27"," 368549"," 1224.58"," 9397"," 178976"," 48.56"
IGL," EQ"," 02-Jan-2026"," 191.96"," 192.85"," 194.69"," 192.05"," 194.50"," 194.34"," 193.65"," 727464"," 1408.71"," 17879"," 359136"," 49.37"
IGPL," EQ"," 02-Jan-2026"," 395.00"," 394.45"," 396.00"," 393.15"," 394.40"," 395.60"," 395.09"," 7874"," 31.11"," 430"," 5852"," 74.32"
IIFL," EQ"," 02-Jan-2026"," 620.45"," 623.50"," 650.00"," 619.00"," 644.40"," 641.40"," 638.87"," 2441538"," 15598.20"," 43969"," 783591"," 32.09"
IIFLCAPS," EQ"," 02-Jan-2026"," 379.80"," 380.05"," 381.00"," 368.15"," 381.00"," 377.85"," 376.27"," 775334"," 2917.38"," 20530"," 335112"," 43.22"
IITL," EQ"," 02-Jan-2026"," 164.62"," 168.69"," 169.58"," 166.75"," 166.90"," 167.09"," 167.44"," 9915"," 16.60"," 175"," 1068"," 10.77"
IKIO," EQ"," 02-Jan-2026"," 178.57"," 178.70"," 187.00"," 176.91"," 185.90"," 185.49"," 183.04"," 82668"," 151.31"," 3358"," 34240"," 41.42"
IKS," EQ"," 02-Jan-2026"," 1682.20"," 1682.20"," 1691.10"," 1669.60"," 1687.50"," 1684.40"," 1681.90"," 45121"," 758.89"," 6081"," 20404"," 45.22"
IL&FSENGG," BZ"," 02-Jan-2026"," 26.60"," 26.50"," 26.85"," 25.75"," 25.91"," 26.08"," 26.19"," 2301"," 0.60"," 35"," -"," -"
IL&FSTRANS," BZ"," 02-Jan-2026"," 2.97"," 2.98"," 3.00"," 2.97"," 2.98"," 2.98"," 2.98"," 62695"," 1.87"," 83"," -"," -"
IMAGICAA," EQ"," 02-Jan-2026"," 47.86"," 47.89"," 48.50"," 47.50"," 48.29"," 48.35"," 48.04"," 291230"," 139.90"," 1812"," 179646"," 61.69"
IMFA," EQ"," 02-Jan-2026"," 1491.20"," 1486.80"," 1502.10"," 1470.20"," 1498.20"," 1496.10"," 1491.02"," 161016"," 2400.77"," 11345"," 75269"," 46.75"
IMPAL," EQ"," 02-Jan-2026"," 1043.00"," 1049.00"," 1049.00"," 1023.40"," 1043.70"," 1042.60"," 1039.08"," 2161"," 22.45"," 245"," 1388"," 64.23"
IMPEXFERRO," BZ"," 02-Jan-2026"," 1.83"," 1.83"," 1.89"," 1.80"," 1.87"," 1.87"," 1.87"," 7451"," 0.14"," 20"," -"," -"
INCREDIBLE," EQ"," 02-Jan-2026"," 40.29"," 40.75"," 41.46"," 39.86"," 41.00"," 40.82"," 40.79"," 1909"," 0.78"," 44"," 1660"," 86.96"
INDBANK," EQ"," 02-Jan-2026"," 34.59"," 35.29"," 35.50"," 34.62"," 35.13"," 35.24"," 35.17"," 45202"," 15.90"," 458"," 28290"," 62.59"
INDGN," EQ"," 02-Jan-2026"," 520.05"," 520.05"," 526.50"," 519.80"," 522.90"," 522.55"," 523.06"," 145515"," 761.12"," 12035"," 89393"," 61.43"
INDHOTEL," EQ"," 02-Jan-2026"," 738.60"," 736.40"," 751.30"," 735.55"," 748.00"," 748.65"," 745.30"," 1660155"," 12373.08"," 42928"," 873513"," 52.62"
INDIACEM," EQ"," 02-Jan-2026"," 436.05"," 439.00"," 447.75"," 436.30"," 445.50"," 445.40"," 443.47"," 273631"," 1213.47"," 10025"," 101127"," 36.96"
INDIAGLYCO," EQ"," 02-Jan-2026"," 1009.30"," 1014.00"," 1032.50"," 981.30"," 1003.00"," 1006.10"," 1001.15"," 172443"," 1726.42"," 11398"," 83631"," 48.50"
INDIAMART," EQ"," 02-Jan-2026"," 2194.10"," 2194.10"," 2194.80"," 2159.30"," 2178.00"," 2177.80"," 2173.50"," 69290"," 1506.02"," 9524"," 40558"," 58.53"
INDIANB," EQ"," 02-Jan-2026"," 832.60"," 842.05"," 864.25"," 842.00"," 861.35"," 861.40"," 855.53"," 3201311"," 27388.02"," 55826"," 1203416"," 37.59"
INDIANCARD," EQ"," 02-Jan-2026"," 241.07"," 245.49"," 245.49"," 238.90"," 243.00"," 241.63"," 241.01"," 1035"," 2.49"," 64"," 597"," 57.68"
INDIANHUME," EQ"," 02-Jan-2026"," 404.10"," 402.00"," 428.00"," 401.75"," 427.00"," 423.80"," 421.64"," 139146"," 586.70"," 4855"," 47030"," 33.80"
INDIASHLTR," EQ"," 02-Jan-2026"," 817.05"," 823.95"," 838.30"," 814.75"," 825.00"," 820.25"," 825.43"," 118740"," 980.12"," 9634"," 58274"," 49.08"
INDIFRA," SM"," 02-Jan-2026"," 15.20"," 14.90"," 14.90"," 14.90"," 14.90"," 14.90"," 14.90"," 2000"," 0.30"," 1"," 2000"," 100.00"
INDIGO," EQ"," 02-Jan-2026"," 5110.50"," 5119.00"," 5136.00"," 5095.00"," 5105.00"," 5106.00"," 5111.69"," 464130"," 23724.89"," 38375"," 265922"," 57.29"
INDIGOPNTS," EQ"," 02-Jan-2026"," 1187.00"," 1195.30"," 1195.30"," 1152.40"," 1175.00"," 1171.20"," 1168.73"," 64398"," 752.64"," 11013"," 22442"," 34.85"
INDIGRID," IV"," 02-Jan-2026"," 168.25"," 168.69"," 169.00"," 167.95"," 169.00"," 168.80"," 168.32"," 628809"," 1058.42"," 9062"," 502324"," 79.88"
INDIQUBE," EQ"," 02-Jan-2026"," 209.69"," 206.51"," 211.85"," 206.51"," 210.00"," 210.03"," 209.43"," 22926"," 48.01"," 1605"," 13672"," 59.64"
INDNIPPON," EQ"," 02-Jan-2026"," 811.85"," 811.85"," 855.00"," 809.40"," 840.10"," 841.70"," 838.62"," 33246"," 278.81"," 3323"," 16996"," 51.12"
INDOAMIN," EQ"," 02-Jan-2026"," 128.70"," 128.10"," 130.38"," 128.10"," 129.00"," 129.58"," 129.49"," 31905"," 41.31"," 1150"," 17746"," 55.62"
INDOBORAX," EQ"," 02-Jan-2026"," 271.20"," 272.20"," 274.10"," 266.05"," 267.50"," 268.20"," 268.85"," 74415"," 200.06"," 3025"," 41715"," 56.06"
INDOCO," EQ"," 02-Jan-2026"," 229.47"," 230.55"," 231.40"," 224.75"," 228.25"," 226.65"," 227.87"," 50152"," 114.28"," 1543"," 28536"," 56.90"
INDOFARM," EQ"," 02-Jan-2026"," 216.89"," 219.05"," 224.70"," 215.90"," 219.70"," 219.22"," 220.31"," 278766"," 614.16"," 8106"," 88830"," 31.87"
INDORAMA," EQ"," 02-Jan-2026"," 48.00"," 48.99"," 48.99"," 47.42"," 48.49"," 48.11"," 48.29"," 70061"," 33.83"," 892"," 42126"," 60.13"
INDOSTAR," EQ"," 02-Jan-2026"," 241.41"," 242.15"," 250.00"," 242.15"," 248.50"," 247.25"," 247.47"," 151962"," 376.06"," 4835"," 72847"," 47.94"
INDOTECH," EQ"," 02-Jan-2026"," 1558.90"," 1569.30"," 1664.60"," 1550.40"," 1610.00"," 1601.60"," 1613.37"," 39720"," 640.83"," 4717"," 15646"," 39.39"
INDOTHAI," EQ"," 02-Jan-2026"," 281.65"," 275.00"," 275.00"," 267.60"," 267.60"," 267.60"," 268.66"," 875237"," 2351.43"," 2052"," 599823"," 68.53"
INDOUS," EQ"," 02-Jan-2026"," 120.50"," 118.05"," 122.90"," 118.05"," 121.55"," 121.85"," 121.22"," 7335"," 8.89"," 344"," 3145"," 42.88"
INDOWIND," EQ"," 02-Jan-2026"," 15.51"," 15.80"," 16.49"," 15.21"," 15.80"," 15.92"," 15.88"," 2395652"," 380.34"," 4561"," 946270"," 39.50"
INDRAMEDCO," EQ"," 02-Jan-2026"," 450.55"," 450.60"," 460.45"," 447.30"," 455.00"," 455.45"," 454.36"," 158327"," 719.37"," 4816"," 80716"," 50.98"
INDSWFTLAB," EQ"," 02-Jan-2026"," 90.49"," 90.00"," 92.80"," 89.41"," 92.00"," 91.55"," 90.80"," 74016"," 67.20"," 1559"," 45677"," 61.71"
INDTERRAIN," EQ"," 02-Jan-2026"," 34.37"," 34.94"," 35.35"," 34.49"," 34.81"," 34.90"," 34.90"," 17193"," 6.00"," 130"," 10615"," 61.74"
INDUSINDBK," EQ"," 02-Jan-2026"," 890.20"," 896.00"," 909.75"," 890.25"," 901.85"," 902.45"," 902.96"," 6250730"," 56441.30"," 76209"," 3372822"," 53.96"
INDUSINVIT," IV"," 02-Jan-2026"," 116.68"," 117.70"," 117.70"," 116.10"," 116.14"," 116.45"," 116.65"," 68040"," 79.37"," 4799"," 63640"," 93.53"
INDUSTOWER," EQ"," 02-Jan-2026"," 435.80"," 438.00"," 446.00"," 432.75"," 442.75"," 442.05"," 441.56"," 11982152"," 52907.81"," 134436"," 6870855"," 57.34"
INFIBEAM," EQ"," 02-Jan-2026"," 16.48"," 16.49"," 16.75"," 16.34"," 16.62"," 16.65"," 16.56"," 13976235"," 2314.75"," 13398"," 8911265"," 63.76"
INFINIUM," SM"," 02-Jan-2026"," 224.90"," 218.60"," 218.60"," 218.55"," 218.55"," 218.55"," 218.58"," 1000"," 2.19"," 2"," 1000"," 100.00"
INFLUX," SM"," 02-Jan-2026"," 228.90"," 232.00"," 234.70"," 227.60"," 230.00"," 230.35"," 230.60"," 27600"," 63.65"," 44"," 19200"," 69.57"
INFOBEAN," EQ"," 02-Jan-2026"," 811.10"," 812.10"," 922.85"," 812.10"," 904.05"," 905.70"," 889.67"," 1551155"," 13800.11"," 59117"," 182532"," 11.77"
INFOLLION," SM"," 02-Jan-2026"," 390.00"," 390.00"," 390.00"," 382.00"," 382.00"," 382.00"," 383.79"," 3600"," 13.82"," 8"," 2800"," 77.78"
INFOMEDIA," EQ"," 02-Jan-2026"," 6.40"," 6.40"," 6.67"," 6.31"," 6.54"," 6.51"," 6.43"," 8637"," 0.56"," 52"," 6931"," 80.25"
INFRABEES," EQ"," 02-Jan-2026"," 997.35"," 997.35"," 1010.00"," 997.00"," 1008.00"," 1008.86"," 1006.94"," 36229"," 364.80"," 785"," 28767"," 79.40"
INFRAIETF," EQ"," 02-Jan-2026"," 99.50"," 99.51"," 100.51"," 99.50"," 100.20"," 100.40"," 100.02"," 255215"," 255.27"," 1755"," 205467"," 80.51"
INFY," EQ"," 02-Jan-2026"," 1629.80"," 1635.90"," 1643.50"," 1627.50"," 1642.10"," 1640.40"," 1638.65"," 2524526"," 41368.08"," 86514"," 1586098"," 62.83"
INGERRAND," EQ"," 02-Jan-2026"," 3485.60"," 3485.60"," 3533.90"," 3453.50"," 3510.00"," 3507.20"," 3503.75"," 10495"," 367.72"," 2594"," 6542"," 62.33"
INM," SM"," 02-Jan-2026"," 250.00"," 249.00"," 250.00"," 246.00"," 250.00"," 249.70"," 249.42"," 18600"," 46.39"," 21"," 15600"," 83.87"
INNOMET," SM"," 02-Jan-2026"," 107.35"," 103.60"," 103.60"," 97.80"," 98.00"," 98.50"," 100.00"," 27000"," 27.00"," 31"," 21000"," 77.78"
INNOVACAP," EQ"," 02-Jan-2026"," 738.45"," 744.95"," 744.95"," 721.05"," 725.00"," 725.15"," 727.52"," 11583"," 84.27"," 1276"," 5002"," 43.18"
INNOVANA," EQ"," 02-Jan-2026"," 410.40"," 420.05"," 429.40"," 412.25"," 423.95"," 420.55"," 422.88"," 8083"," 34.18"," 384"," 6796"," 84.08"
INOXGREEN," EQ"," 02-Jan-2026"," 207.96"," 209.90"," 215.70"," 208.46"," 212.90"," 213.64"," 212.97"," 623536"," 1327.91"," 10654"," 346668"," 55.60"
INOXINDIA," EQ"," 02-Jan-2026"," 1112.90"," 1110.90"," 1134.90"," 1109.90"," 1129.70"," 1130.80"," 1129.09"," 95622"," 1079.66"," 9974"," 78961"," 82.58"
INOXWIND," EQ"," 02-Jan-2026"," 122.85"," 123.06"," 128.79"," 123.06"," 127.65"," 128.04"," 127.05"," 9949850"," 12641.62"," 32893"," 3194892"," 32.11"
INSECTICID," EQ"," 02-Jan-2026"," 705.05"," 708.60"," 714.45"," 705.70"," 709.95"," 710.35"," 710.72"," 10978"," 78.02"," 1023"," 7159"," 65.21"
INSPIRE," SM"," 02-Jan-2026"," 10.40"," 10.65"," 10.85"," 10.65"," 10.85"," 10.85"," 10.78"," 6000"," 0.65"," 3"," 6000"," 100.00"
INSPIRISYS," EQ"," 02-Jan-2026"," 89.76"," 88.12"," 92.00"," 88.00"," 91.80"," 90.35"," 89.96"," 10889"," 9.80"," 209"," 7692"," 70.64"
INTEGRITY," SM"," 02-Jan-2026"," 132.00"," 136.75"," 136.75"," 136.75"," 136.75"," 136.75"," 136.75"," 1200"," 1.64"," 1"," 1200"," 100.00"
INTELLECT," EQ"," 02-Jan-2026"," 947.75"," 944.00"," 968.00"," 943.90"," 959.00"," 961.25"," 955.42"," 185822"," 1775.38"," 15040"," 82702"," 44.51"
INTENTECH," EQ"," 02-Jan-2026"," 115.94"," 114.50"," 118.69"," 114.50"," 118.01"," 118.46"," 117.56"," 41681"," 49.00"," 673"," 29955"," 71.87"
INTERARCH," EQ"," 02-Jan-2026"," 2302.60"," 2330.00"," 2345.50"," 2285.00"," 2297.00"," 2293.00"," 2313.37"," 41382"," 957.32"," 5986"," 24844"," 60.04"
INTERNET," EQ"," 02-Jan-2026"," 14.05"," 14.08"," 14.18"," 14.06"," 14.17"," 14.17"," 14.12"," 54012"," 7.63"," 198"," 33732"," 62.45"
INTLCONV," EQ"," 02-Jan-2026"," 88.81"," 88.81"," 90.00"," 88.21"," 90.00"," 89.77"," 89.42"," 56073"," 50.14"," 1953"," 26696"," 47.61"
INVENTURE," EQ"," 02-Jan-2026"," 1.14"," 1.15"," 1.21"," 1.15"," 1.20"," 1.20"," 1.19"," 1750637"," 20.83"," 947"," 1306361"," 74.62"
INVICTA," SM"," 02-Jan-2026"," 77.40"," 80.60"," 85.00"," 78.70"," 80.85"," 79.45"," 81.44"," 30400"," 24.76"," 19"," 25600"," 84.21"
IOB," EQ"," 02-Jan-2026"," 36.29"," 36.29"," 37.35"," 36.22"," 37.30"," 37.23"," 36.86"," 12005868"," 4425.67"," 23693"," 5140364"," 42.82"
IOC," EQ"," 02-Jan-2026"," 165.88"," 166.70"," 167.35"," 164.91"," 166.68"," 166.79"," 165.91"," 9638213"," 15990.46"," 61260"," 5202868"," 53.98"
IOLCP," EQ"," 02-Jan-2026"," 82.18"," 82.18"," 84.85"," 81.72"," 84.08"," 84.03"," 83.86"," 863266"," 723.94"," 7618"," 352953"," 40.89"
IONEXCHANG," EQ"," 02-Jan-2026"," 373.55"," 375.10"," 388.50"," 372.30"," 386.00"," 386.55"," 380.62"," 173359"," 659.84"," 10983"," 60943"," 35.15"
IPCALAB," EQ"," 02-Jan-2026"," 1398.20"," 1403.90"," 1415.00"," 1393.10"," 1400.10"," 1404.00"," 1404.86"," 70796"," 994.59"," 5989"," 23070"," 32.59"
IPHL," SM"," 02-Jan-2026"," 63.25"," 63.20"," 67.00"," 63.20"," 67.00"," 66.90"," 65.33"," 21600"," 14.11"," 14"," 21600"," 100.00"
IPL," EQ"," 02-Jan-2026"," 174.47"," 175.45"," 177.65"," 174.30"," 177.65"," 176.96"," 175.97"," 190866"," 335.87"," 3425"," 89652"," 46.97"
IPSL," SM"," 02-Jan-2026"," 287.00"," 275.00"," 275.00"," 270.00"," 270.00"," 270.00"," 274.10"," 5000"," 13.71"," 7"," 3000"," 60.00"
IRB," EQ"," 02-Jan-2026"," 42.16"," 42.20"," 42.90"," 42.16"," 42.86"," 42.81"," 42.61"," 5616061"," 2393.27"," 18146"," 3419302"," 60.88"
IRBINVIT," IV"," 02-Jan-2026"," 62.36"," 62.06"," 62.71"," 61.96"," 62.63"," 62.53"," 62.43"," 704399"," 439.76"," 4784"," 612889"," 87.01"
IRCON," EQ"," 02-Jan-2026"," 177.98"," 178.77"," 182.37"," 177.91"," 178.50"," 179.22"," 180.15"," 6334893"," 11412.49"," 46622"," 1701655"," 26.86"
IRCTC," EQ"," 02-Jan-2026"," 685.65"," 685.65"," 696.90"," 684.10"," 694.80"," 694.85"," 692.39"," 1547440"," 10714.36"," 39093"," 640674"," 41.40"
IREDA," EQ"," 02-Jan-2026"," 139.36"," 140.05"," 147.60"," 140.05"," 146.98"," 146.64"," 144.94"," 28577864"," 41420.89"," 113244"," 8402257"," 29.40"
IRFC," EQ"," 02-Jan-2026"," 125.79"," 126.45"," 128.95"," 125.59"," 128.44"," 128.48"," 127.79"," 25385604"," 32440.96"," 87937"," 8036176"," 31.66"
IRIS," EQ"," 02-Jan-2026"," 307.90"," 310.55"," 318.95"," 305.80"," 312.75"," 313.90"," 312.97"," 13294"," 41.61"," 700"," 8028"," 60.39"
IRISDOREME," EQ"," 02-Jan-2026"," 37.54"," 37.00"," 37.94"," 36.55"," 37.00"," 37.18"," 37.33"," 421083"," 157.17"," 1067"," 43344"," 10.29"
IRMENERGY," EQ"," 02-Jan-2026"," 289.35"," 290.30"," 292.80"," 285.50"," 289.55"," 288.05"," 288.78"," 55299"," 159.69"," 3360"," 25898"," 46.83"
ISFT," EQ"," 02-Jan-2026"," 91.14"," 93.00"," 93.00"," 90.15"," 92.00"," 91.59"," 91.62"," 4719"," 4.32"," 133"," 2522"," 53.44"
ISGEC," EQ"," 02-Jan-2026"," 899.05"," 899.35"," 904.85"," 894.20"," 900.00"," 898.50"," 899.55"," 36895"," 331.89"," 2561"," 28029"," 75.97"
ISHANCH," EQ"," 02-Jan-2026"," 64.92"," 66.50"," 66.50"," 64.00"," 64.00"," 65.03"," 64.83"," 17089"," 11.08"," 110"," 11414"," 66.79"
IT," EQ"," 02-Jan-2026"," 41.83"," 42.04"," 42.07"," 41.60"," 41.92"," 41.94"," 41.92"," 116540"," 48.86"," 701"," 90992"," 78.08"
ITADD," EQ"," 02-Jan-2026"," 40.01"," 41.01"," 41.01"," 39.84"," 40.21"," 40.19"," 40.04"," 14199"," 5.69"," 57"," 11768"," 82.88"
ITALIANE," SM"," 02-Jan-2026"," 29.60"," 29.00"," 29.00"," 29.00"," 29.00"," 29.00"," 29.00"," 4000"," 1.16"," 2"," 4000"," 100.00"
ITBEES," EQ"," 02-Jan-2026"," 41.97"," 43.01"," 43.01"," 41.85"," 42.19"," 42.14"," 42.06"," 5801440"," 2440.33"," 12836"," 3943996"," 67.98"
ITBETA," EQ"," 02-Jan-2026"," 396.62"," 397.26"," 398.31"," 396.97"," 398.31"," 398.00"," 397.47"," 245"," 0.97"," 10"," 244"," 99.59"
ITC," EQ"," 02-Jan-2026"," 363.85"," 360.00"," 360.00"," 345.25"," 350.10"," 350.05"," 349.61"," 118790358"," 415301.03"," 911774"," 51284192"," 43.17"
ITCHOTELS," EQ"," 02-Jan-2026"," 196.53"," 196.50"," 199.23"," 195.75"," 198.61"," 198.69"," 197.67"," 1173009"," 2318.67"," 23268"," 632256"," 53.90"
ITDC," EQ"," 02-Jan-2026"," 607.05"," 615.05"," 625.00"," 605.10"," 605.10"," 607.65"," 613.87"," 76091"," 467.10"," 4791"," 27970"," 36.76"
ITETF," EQ"," 02-Jan-2026"," 39.99"," 40.98"," 40.98"," 39.85"," 40.07"," 40.09"," 40.05"," 210308"," 84.23"," 593"," 129029"," 61.35"
ITI," EQ"," 02-Jan-2026"," 310.85"," 311.95"," 314.40"," 310.35"," 312.65"," 312.05"," 312.22"," 422132"," 1317.96"," 9178"," 152923"," 36.23"
ITIETF," EQ"," 02-Jan-2026"," 41.93"," 42.41"," 42.41"," 41.80"," 42.14"," 42.09"," 42.03"," 250952"," 105.47"," 1117"," 130930"," 52.17"
IVALUE," EQ"," 02-Jan-2026"," 280.65"," 281.05"," 281.05"," 266.60"," 272.05"," 270.65"," 274.37"," 134647"," 369.44"," 6037"," 65299"," 48.50"
IVC," EQ"," 02-Jan-2026"," 8.12"," 8.18"," 8.25"," 8.00"," 8.16"," 8.12"," 8.12"," 239135"," 19.43"," 1213"," 145201"," 60.72"
IVP," EQ"," 02-Jan-2026"," 151.94"," 153.50"," 156.80"," 151.00"," 153.00"," 153.97"," 153.71"," 8905"," 13.69"," 198"," 5676"," 63.74"
IVZINGOLD," EQ"," 02-Jan-2026"," 11590.95"," 11679.95"," 11800.00"," 11662.00"," 11800.00"," 11787.90"," 11759.78"," 24288"," 2856.21"," 123"," 24210"," 99.68"
IVZINNIFTY," EQ"," 02-Jan-2026"," 2962.39"," 2978.75"," 2992.00"," 2978.75"," 2992.00"," 2981.46"," 2981.33"," 20"," 0.60"," 3"," 20"," 100.00"
IWARE," ST"," 02-Jan-2026"," 199.05"," 205.00"," 209.00"," 205.00"," 209.00"," 209.00"," 208.16"," 31200"," 64.94"," 26"," 27600"," 88.46"
IXIGO," EQ"," 02-Jan-2026"," 240.85"," 240.85"," 244.05"," 235.70"," 241.70"," 241.60"," 241.03"," 824216"," 1986.64"," 16265"," 314408"," 38.15"
IZMO," EQ"," 02-Jan-2026"," 808.15"," 808.15"," 835.00"," 808.00"," 820.00"," 819.80"," 815.94"," 57805"," 471.65"," 2503"," 29304"," 50.69"
J&KBANK," EQ"," 02-Jan-2026"," 101.04"," 101.04"," 102.70"," 100.89"," 102.42"," 102.36"," 101.96"," 2428998"," 2476.53"," 12087"," 1030524"," 42.43"
JAGRAN," EQ"," 02-Jan-2026"," 71.89"," 71.89"," 72.45"," 71.12"," 72.20"," 72.27"," 71.93"," 94631"," 68.06"," 2269"," 54290"," 57.37"
JAGSNPHARM," EQ"," 02-Jan-2026"," 192.53"," 191.15"," 195.00"," 191.15"," 193.14"," 194.13"," 193.22"," 37957"," 73.34"," 1883"," 19742"," 52.01"
JAIBALAJI," EQ"," 02-Jan-2026"," 71.08"," 71.40"," 72.92"," 70.76"," 72.35"," 72.61"," 72.17"," 1150330"," 830.19"," 10481"," 430431"," 37.42"
JAICORPLTD," EQ"," 02-Jan-2026"," 131.64"," 132.20"," 134.50"," 131.02"," 132.15"," 132.27"," 132.59"," 531020"," 704.08"," 5572"," 192604"," 36.27"
JAINIK," SM"," 02-Jan-2026"," 128.00"," 126.00"," 127.50"," 126.00"," 127.50"," 127.50"," 126.86"," 4800"," 6.09"," 4"," 3600"," 75.00"
JAINREC," EQ"," 02-Jan-2026"," 405.40"," 407.00"," 428.20"," 405.40"," 423.00"," 422.25"," 420.98"," 2381500"," 10025.74"," 48099"," 959886"," 40.31"
JAIPURKURT," EQ"," 02-Jan-2026"," 31.71"," 33.90"," 34.80"," 31.11"," 32.00"," 32.08"," 32.58"," 403102"," 131.32"," 2211"," 91050"," 22.59"
JAMNAAUTO," EQ"," 02-Jan-2026"," 126.52"," 127.14"," 133.40"," 126.88"," 132.56"," 132.57"," 131.77"," 10008842"," 13188.57"," 68951"," 3308960"," 33.06"
JARO," EQ"," 02-Jan-2026"," 462.35"," 466.00"," 472.70"," 456.35"," 462.30"," 465.90"," 462.59"," 146502"," 677.71"," 8464"," 68977"," 47.08"
JASH," EQ"," 02-Jan-2026"," 435.30"," 439.85"," 439.85"," 430.05"," 432.60"," 433.35"," 435.54"," 35071"," 152.75"," 2049"," 22053"," 62.88"
JAYAGROGN," EQ"," 02-Jan-2026"," 201.69"," 202.19"," 203.40"," 200.25"," 201.75"," 201.54"," 201.60"," 6577"," 13.26"," 259"," 5496"," 83.56"
JAYBARMARU," EQ"," 02-Jan-2026"," 91.02"," 91.88"," 103.00"," 91.54"," 99.67"," 100.42"," 99.56"," 3712312"," 3695.98"," 43676"," 597388"," 16.09"
JAYBEE," SM"," 02-Jan-2026"," 116.60"," 116.60"," 118.00"," 115.50"," 118.00"," 118.00"," 116.25"," 13500"," 15.69"," 26"," 13000"," 96.30"
JAYESH," SM"," 02-Jan-2026"," 164.80"," 160.00"," 165.80"," 159.00"," 159.25"," 162.75"," 161.32"," 16000"," 25.81"," 14"," 8000"," 50.00"
JAYKAY," EQ"," 02-Jan-2026"," 187.93"," 188.87"," 195.79"," 188.19"," 191.38"," 191.07"," 191.74"," 99208"," 190.22"," 2784"," 44802"," 45.16"
JAYNECOIND," EQ"," 02-Jan-2026"," 86.93"," 86.93"," 92.30"," 86.93"," 91.30"," 91.56"," 90.94"," 12139017"," 11039.34"," 45720"," 4072411"," 33.55"
JAYSREETEA," EQ"," 02-Jan-2026"," 87.75"," 87.65"," 88.69"," 87.65"," 88.03"," 88.11"," 88.19"," 17381"," 15.33"," 463"," 10494"," 60.38"
JBCHEPHARM," EQ"," 02-Jan-2026"," 1820.00"," 1817.20"," 1854.50"," 1806.10"," 1849.90"," 1850.40"," 1841.56"," 240417"," 4427.43"," 16133"," 138570"," 57.64"
JBMA," EQ"," 02-Jan-2026"," 625.65"," 626.25"," 674.65"," 625.00"," 664.95"," 666.60"," 665.57"," 13084529"," 87086.63"," 221875"," 854108"," 6.53"
JETFREIGHT," BE"," 02-Jan-2026"," 16.75"," 16.97"," 17.34"," 16.51"," 16.89"," 16.88"," 16.94"," 42815"," 7.25"," 141"," -"," -"
JEYYAM," ST"," 02-Jan-2026"," 59.55"," 59.55"," 59.55"," 56.60"," 56.60"," 56.60"," 57.28"," 80000"," 45.82"," 39"," 76000"," 95.00"
JGCHEM," EQ"," 02-Jan-2026"," 352.35"," 352.00"," 359.55"," 348.65"," 359.55"," 357.35"," 354.44"," 36245"," 128.47"," 5563"," 15878"," 43.81"
JHS," EQ"," 02-Jan-2026"," 9.53"," 9.40"," 9.90"," 9.35"," 9.53"," 9.48"," 9.47"," 44010"," 4.17"," 346"," 34608"," 78.64"
JINDALPHOT," EQ"," 02-Jan-2026"," 1500.70"," 1491.00"," 1516.00"," 1491.00"," 1509.00"," 1501.30"," 1501.63"," 5482"," 82.32"," 613"," 3564"," 65.01"
JINDALPOLY," EQ"," 02-Jan-2026"," 480.25"," 480.90"," 486.00"," 477.00"," 480.60"," 479.95"," 481.10"," 27895"," 134.20"," 2041"," 15695"," 56.26"
JINDALSAW," EQ"," 02-Jan-2026"," 167.46"," 168.24"," 170.99"," 167.45"," 170.99"," 170.58"," 169.62"," 1204553"," 2043.21"," 13538"," 673426"," 55.91"
JINDALSTEL," EQ"," 02-Jan-2026"," 1068.40"," 1068.80"," 1082.70"," 1065.00"," 1080.00"," 1080.30"," 1077.70"," 1931379"," 20814.40"," 27582"," 1032011"," 53.43"
JINDRILL," EQ"," 02-Jan-2026"," 566.50"," 567.95"," 574.80"," 560.95"," 572.20"," 570.90"," 569.31"," 56155"," 319.69"," 2327"," 22392"," 39.88"
JINDWORLD," EQ"," 02-Jan-2026"," 29.00"," 28.82"," 29.73"," 28.71"," 29.69"," 29.59"," 29.33"," 381353"," 111.85"," 3786"," 192718"," 50.54"
JIOFIN," EQ"," 02-Jan-2026"," 295.70"," 295.60"," 303.00"," 295.50"," 301.85"," 301.70"," 300.89"," 10604978"," 31909.52"," 75384"," 5748409"," 54.20"
JISLDVREQS," EQ"," 02-Jan-2026"," 27.61"," 27.63"," 28.25"," 27.01"," 27.70"," 27.71"," 27.89"," 4019"," 1.12"," 112"," 2890"," 71.91"
JISLJALEQS," EQ"," 02-Jan-2026"," 41.91"," 42.10"," 42.69"," 41.60"," 41.86"," 41.82"," 42.00"," 1650274"," 693.16"," 7759"," 1057510"," 64.08"
JITFINFRA," EQ"," 02-Jan-2026"," 281.25"," 285.00"," 290.00"," 276.00"," 280.00"," 279.50"," 284.68"," 23542"," 67.02"," 971"," 14480"," 61.51"
JKCEMENT," EQ"," 02-Jan-2026"," 5498.00"," 5533.50"," 5599.00"," 5492.00"," 5580.00"," 5560.50"," 5548.88"," 68522"," 3802.20"," 19056"," 38234"," 55.80"
JKIL," EQ"," 02-Jan-2026"," 574.95"," 573.05"," 610.00"," 572.00"," 601.80"," 602.20"," 601.47"," 290814"," 1749.14"," 9101"," 143350"," 49.29"
JKIPL," EQ"," 02-Jan-2026"," 90.76"," 91.69"," 94.17"," 89.50"," 93.00"," 93.31"," 92.35"," 87545"," 80.85"," 1503"," 52052"," 59.46"
JKLAKSHMI," EQ"," 02-Jan-2026"," 793.50"," 793.50"," 799.05"," 789.30"," 796.00"," 798.30"," 791.86"," 299375"," 2370.63"," 6983"," 259867"," 86.80"
JKPAPER," EQ"," 02-Jan-2026"," 353.85"," 354.00"," 360.00"," 353.55"," 359.80"," 358.95"," 357.02"," 102144"," 364.67"," 4811"," 50646"," 49.58"
JKTYRE," EQ"," 02-Jan-2026"," 516.65"," 518.80"," 524.70"," 509.00"," 512.50"," 511.55"," 517.46"," 1179005"," 6100.93"," 33547"," 413798"," 35.10"
JLHL," EQ"," 02-Jan-2026"," 1397.80"," 1397.00"," 1408.80"," 1391.20"," 1405.00"," 1400.40"," 1400.18"," 12051"," 168.74"," 3116"," 6959"," 57.75"
JMA," EQ"," 02-Jan-2026"," 79.75"," 80.79"," 80.79"," 77.34"," 79.80"," 79.68"," 78.90"," 9044"," 7.14"," 225"," 6596"," 72.93"
JMFINANCIL," EQ"," 02-Jan-2026"," 147.56"," 148.00"," 150.00"," 146.11"," 149.25"," 149.06"," 148.00"," 2017501"," 2985.90"," 19146"," 871727"," 43.21"
JNKINDIA," EQ"," 02-Jan-2026"," 240.97"," 241.00"," 242.99"," 234.42"," 237.00"," 235.95"," 237.68"," 140191"," 333.21"," 5941"," 77202"," 55.07"
JOCIL," EQ"," 02-Jan-2026"," 144.00"," 144.00"," 149.01"," 142.06"," 144.10"," 144.49"," 144.79"," 3655"," 5.29"," 127"," 1807"," 49.44"
JPOLYINVST," EQ"," 02-Jan-2026"," 1041.00"," 1031.60"," 1045.90"," 1012.00"," 1016.00"," 1022.30"," 1026.49"," 7687"," 78.91"," 926"," 5180"," 67.39"
JPPOWER," EQ"," 02-Jan-2026"," 17.61"," 17.74"," 17.80"," 17.53"," 17.72"," 17.69"," 17.68"," 29307630"," 5180.36"," 25465"," 11569771"," 39.48"
JSFB," EQ"," 02-Jan-2026"," 421.55"," 420.50"," 425.10"," 417.45"," 421.30"," 423.45"," 420.89"," 234759"," 988.09"," 5502"," 171318"," 72.98"
JSL," EQ"," 02-Jan-2026"," 853.75"," 853.75"," 865.10"," 847.00"," 855.50"," 855.40"," 854.52"," 658245"," 5624.80"," 32633"," 314286"," 47.75"
JSLL," EQ"," 02-Jan-2026"," 682.20"," 690.00"," 695.30"," 675.05"," 682.75"," 682.20"," 686.17"," 143520"," 984.79"," 6378"," 81002"," 56.44"
JSWCEMENT," EQ"," 02-Jan-2026"," 120.23"," 120.23"," 123.29"," 119.50"," 122.90"," 123.01"," 122.23"," 1802610"," 2203.35"," 16001"," 986569"," 54.73"
JSWENERGY," EQ"," 02-Jan-2026"," 502.00"," 505.00"," 514.55"," 502.20"," 510.05"," 510.65"," 509.89"," 5505156"," 28070.41"," 81611"," 2317009"," 42.09"
JSWHL," EQ"," 02-Jan-2026"," 19775.00"," 19870.00"," 20080.00"," 19775.00"," 19980.00"," 19930.00"," 19946.10"," 1721"," 343.27"," 802"," 620"," 36.03"
JSWINFRA," EQ"," 02-Jan-2026"," 283.25"," 283.25"," 286.85"," 282.00"," 285.90"," 285.35"," 284.85"," 785925"," 2238.69"," 15702"," 419360"," 53.36"
JSWSTEEL," EQ"," 02-Jan-2026"," 1171.50"," 1172.00"," 1184.00"," 1169.10"," 1178.10"," 1180.70"," 1178.27"," 903240"," 10642.64"," 29113"," 470362"," 52.07"
JTEKTINDIA," EQ"," 02-Jan-2026"," 141.12"," 142.67"," 149.80"," 141.49"," 148.25"," 148.16"," 147.11"," 351842"," 517.61"," 10431"," 109147"," 31.02"
JTLIND," EQ"," 02-Jan-2026"," 59.04"," 59.08"," 59.90"," 59.01"," 59.90"," 59.82"," 59.43"," 487684"," 289.83"," 2498"," 269097"," 55.18"
JUBLCPL," EQ"," 02-Jan-2026"," 2269.00"," 2276.80"," 2310.00"," 2256.20"," 2303.00"," 2302.60"," 2293.31"," 1649"," 37.82"," 268"," 1201"," 72.83"
JUBLFOOD," EQ"," 02-Jan-2026"," 553.15"," 553.60"," 557.40"," 549.00"," 552.40"," 552.95"," 552.22"," 2603875"," 14379.15"," 42935"," 1604863"," 61.63"
JUBLINGREA," EQ"," 02-Jan-2026"," 707.00"," 706.50"," 728.45"," 701.45"," 726.85"," 726.25"," 722.45"," 138413"," 999.96"," 8185"," 82339"," 59.49"
JUBLPHARMA," EQ"," 02-Jan-2026"," 1058.10"," 1060.00"," 1070.90"," 1047.40"," 1057.80"," 1055.40"," 1055.76"," 82583"," 871.88"," 12045"," 38902"," 47.11"
JUNIORBEES," EQ"," 02-Jan-2026"," 747.76"," 750.00"," 765.00"," 747.69"," 756.00"," 755.86"," 753.27"," 426982"," 3216.32"," 12273"," 314450"," 73.64"
JUNIPER," EQ"," 02-Jan-2026"," 250.50"," 252.20"," 254.75"," 248.00"," 253.50"," 252.55"," 251.11"," 32393"," 81.34"," 2301"," 15048"," 46.45"
JUSTDIAL," EQ"," 02-Jan-2026"," 726.30"," 728.10"," 742.05"," 725.40"," 734.95"," 734.70"," 735.12"," 70234"," 516.30"," 4916"," 35319"," 50.29"
JWL," EQ"," 02-Jan-2026"," 337.10"," 337.45"," 340.50"," 335.00"," 338.25"," 338.25"," 337.99"," 2039392"," 6892.90"," 26863"," 456402"," 22.38"
JYOTHYLAB," EQ"," 02-Jan-2026"," 277.80"," 279.75"," 285.90"," 277.20"," 285.00"," 284.30"," 282.43"," 248255"," 701.14"," 8702"," 138479"," 55.78"
JYOTICNC," EQ"," 02-Jan-2026"," 992.95"," 995.50"," 999.90"," 982.45"," 994.00"," 993.95"," 989.88"," 71238"," 705.17"," 4908"," 27383"," 38.44"
JYOTIGLOBL," SM"," 02-Jan-2026"," 45.30"," 44.20"," 45.00"," 40.05"," 42.35"," 42.35"," 42.69"," 98000"," 41.84"," 48"," 76000"," 77.55"
JYOTISTRUC," EQ"," 02-Jan-2026"," 9.56"," 9.57"," 10.45"," 9.53"," 10.03"," 10.18"," 10.04"," 22392405"," 2247.95"," 15293"," 8308616"," 37.10"
K2INFRA," SM"," 02-Jan-2026"," 68.70"," 75.55"," 75.55"," 73.40"," 75.55"," 75.55"," 75.43"," 160800"," 121.29"," 159"," 108600"," 67.54"
KABRAEXTRU," EQ"," 02-Jan-2026"," 226.07"," 223.30"," 230.00"," 223.30"," 228.30"," 228.65"," 227.67"," 13569"," 30.89"," 390"," 9018"," 66.46"
KAJARIACER," EQ"," 02-Jan-2026"," 962.85"," 962.80"," 988.45"," 960.20"," 978.00"," 980.85"," 975.43"," 274568"," 2678.23"," 26070"," 156843"," 57.12"
KAKATCEM," EQ"," 02-Jan-2026"," 128.15"," 131.70"," 131.70"," 127.61"," 128.40"," 128.69"," 128.63"," 2804"," 3.61"," 88"," 1898"," 67.69"
KALAMANDIR," EQ"," 02-Jan-2026"," 152.84"," 152.80"," 153.77"," 149.00"," 152.15"," 152.39"," 151.41"," 675671"," 1023.05"," 10291"," 339327"," 50.22"
KALANA," SM"," 02-Jan-2026"," 23.70"," 23.50"," 23.50"," 23.50"," 23.50"," 23.50"," 23.50"," 2000"," 0.47"," 1"," 2000"," 100.00"
KALPATARU," EQ"," 02-Jan-2026"," 347.25"," 346.00"," 381.95"," 346.00"," 381.00"," 380.75"," 373.77"," 426116"," 1592.69"," 8214"," 169690"," 39.82"
KALYANIFRG," EQ"," 02-Jan-2026"," 627.70"," 630.80"," 634.00"," 621.90"," 634.00"," 634.00"," 625.84"," 535"," 3.35"," 49"," 443"," 82.80"
KALYANKJIL," EQ"," 02-Jan-2026"," 484.20"," 486.40"," 497.70"," 484.60"," 495.50"," 495.70"," 493.99"," 1727423"," 8533.27"," 29226"," 770275"," 44.59"
KAMATHOTEL," EQ"," 02-Jan-2026"," 238.40"," 237.80"," 239.78"," 235.20"," 237.05"," 238.41"," 237.57"," 21316"," 50.64"," 1706"," 10841"," 50.86"
KAMDHENU," EQ"," 02-Jan-2026"," 25.22"," 25.17"," 25.40"," 25.01"," 25.37"," 25.29"," 25.19"," 637943"," 160.70"," 4202"," 306270"," 48.01"
KAMOPAINTS," EQ"," 02-Jan-2026"," 6.03"," 6.06"," 6.14"," 6.00"," 6.13"," 6.11"," 6.06"," 541882"," 32.84"," 1027"," 373826"," 68.99"
KANANIIND," EQ"," 02-Jan-2026"," 1.69"," 1.71"," 1.75"," 1.69"," 1.75"," 1.74"," 1.73"," 165056"," 2.85"," 652"," 126315"," 76.53"
KANDARP," ST"," 02-Jan-2026"," 146.45"," 146.40"," 150.00"," 140.40"," 150.00"," 147.20"," 143.01"," 37000"," 52.91"," 34"," 27000"," 72.97"
KANORICHEM," EQ"," 02-Jan-2026"," 76.84"," 76.70"," 78.55"," 75.03"," 78.00"," 77.33"," 77.02"," 23790"," 18.32"," 286"," 15624"," 65.67"
KANPRPLA," EQ"," 02-Jan-2026"," 179.70"," 178.50"," 179.50"," 176.01"," 179.50"," 176.98"," 177.06"," 2502"," 4.43"," 151"," 1447"," 57.83"
KANSAINER," EQ"," 02-Jan-2026"," 239.72"," 240.00"," 241.78"," 235.22"," 240.51"," 241.08"," 238.81"," 221557"," 529.09"," 8304"," 113822"," 51.37"
KAPSTON," EQ"," 02-Jan-2026"," 300.25"," 308.95"," 308.95"," 299.05"," 307.50"," 307.10"," 304.29"," 15789"," 48.04"," 648"," 11603"," 73.49"
KARMAENG," EQ"," 02-Jan-2026"," 48.69"," 49.70"," 49.71"," 48.71"," 49.71"," 49.59"," 49.50"," 3386"," 1.68"," 86"," 2180"," 64.38"
KARNIKA," ST"," 02-Jan-2026"," 117.55"," 118.10"," 119.90"," 118.10"," 119.90"," 119.90"," 118.75"," 3000"," 3.56"," 3"," 3000"," 100.00"
KARURVYSYA," EQ"," 02-Jan-2026"," 269.40"," 269.40"," 275.90"," 266.55"," 272.10"," 272.50"," 272.86"," 3689152"," 10066.25"," 37142"," 2342190"," 63.49"
KATARIA," SM"," 02-Jan-2026"," 101.75"," 101.00"," 107.90"," 100.85"," 102.05"," 102.05"," 102.99"," 18600"," 19.16"," 27"," 7200"," 38.71"
KAUSHALYA," EQ"," 02-Jan-2026"," 863.15"," 870.05"," 880.00"," 860.00"," 866.50"," 876.25"," 871.38"," 269"," 2.34"," 68"," 174"," 64.68"
KAVDEFENCE," BE"," 02-Jan-2026"," 70.38"," 73.89"," 73.89"," 72.00"," 73.89"," 73.89"," 73.84"," 68712"," 50.74"," 324"," -"," -"
KAYA," EQ"," 02-Jan-2026"," 399.60"," 398.05"," 407.15"," 393.30"," 404.60"," 402.90"," 402.27"," 17010"," 68.43"," 265"," 15045"," 88.45"
KAYNES," EQ"," 02-Jan-2026"," 3943.50"," 3951.40"," 3993.50"," 3880.50"," 3978.00"," 3977.20"," 3931.86"," 1330214"," 52302.10"," 77821"," 314660"," 23.65"
KAYTEX," SM"," 02-Jan-2026"," 73.00"," 73.00"," 75.60"," 73.00"," 75.60"," 75.45"," 73.96"," 14400"," 10.65"," 10"," 14400"," 100.00"
KCEIL," SM"," 02-Jan-2026"," 147.85"," 149.80"," 155.00"," 148.00"," 154.35"," 153.10"," 151.82"," 31000"," 47.06"," 58"," 19000"," 61.29"
KCK," ST"," 02-Jan-2026"," 25.55"," 25.05"," 26.00"," 25.05"," 26.00"," 26.00"," 25.09"," 350000"," 87.82"," 39"," 350000"," 100.00"
KCP," EQ"," 02-Jan-2026"," 180.16"," 179.00"," 180.97"," 179.00"," 180.15"," 180.25"," 180.32"," 57154"," 103.06"," 1178"," 38872"," 68.01"
KCPSUGIND," EQ"," 02-Jan-2026"," 26.10"," 26.39"," 26.40"," 25.80"," 26.34"," 26.14"," 26.11"," 88172"," 23.02"," 699"," 51084"," 57.94"
KDDL," EQ"," 02-Jan-2026"," 2465.60"," 2474.20"," 2475.90"," 2393.50"," 2404.10"," 2410.00"," 2418.85"," 8016"," 193.90"," 1517"," 5002"," 62.40"
KDL," SM"," 02-Jan-2026"," 178.90"," 180.00"," 181.90"," 175.00"," 178.00"," 180.60"," 178.69"," 23550"," 42.08"," 112"," 15450"," 65.61"
KEC," EQ"," 02-Jan-2026"," 738.30"," 745.00"," 759.00"," 739.75"," 745.70"," 746.85"," 747.29"," 693336"," 5181.26"," 21144"," 233231"," 33.64"
KECL," EQ"," 02-Jan-2026"," 104.75"," 105.12"," 106.90"," 104.35"," 105.45"," 105.16"," 105.58"," 121552"," 128.33"," 3045"," 54924"," 45.19"
KEEPLEARN," EQ"," 02-Jan-2026"," 2.43"," 2.37"," 2.54"," 2.37"," 2.47"," 2.46"," 2.50"," 59445"," 1.49"," 146"," 39647"," 66.70"
KEI," EQ"," 02-Jan-2026"," 4514.50"," 4530.00"," 4582.60"," 4492.70"," 4510.00"," 4529.60"," 4541.69"," 128302"," 5827.08"," 19617"," 46143"," 35.96"
KEL," SM"," 02-Jan-2026"," 100.00"," 101.00"," 102.00"," 100.00"," 100.00"," 100.00"," 101.00"," 7200"," 7.27"," 4"," 3600"," 50.00"
KELLTONTEC," EQ"," 02-Jan-2026"," 18.52"," 18.55"," 19.05"," 18.35"," 18.95"," 18.95"," 18.75"," 1092787"," 204.92"," 3741"," 492815"," 45.10"
KEN," SM"," 02-Jan-2026"," 44.55"," 45.55"," 45.55"," 45.25"," 45.25"," 45.40"," 45.40"," 2400"," 1.09"," 2"," 2400"," 100.00"
KERNEX," EQ"," 02-Jan-2026"," 1209.80"," 1216.00"," 1268.10"," 1216.00"," 1249.00"," 1250.80"," 1243.71"," 153033"," 1903.29"," 8310"," 57882"," 37.82"
KESORAMIND," BE"," 02-Jan-2026"," 12.57"," 11.95"," 11.95"," 11.95"," 11.95"," 11.95"," 11.95"," 358929"," 42.89"," 1013"," -"," -"
KEYFINSERV," EQ"," 02-Jan-2026"," 315.10"," 321.55"," 325.60"," 312.20"," 315.20"," 315.80"," 316.82"," 3153"," 9.99"," 274"," 1977"," 62.70"
KFINTECH," EQ"," 02-Jan-2026"," 1076.70"," 1083.60"," 1087.90"," 1071.30"," 1085.00"," 1082.00"," 1080.93"," 336683"," 3639.32"," 17839"," 150883"," 44.81"
KHADIM," EQ"," 02-Jan-2026"," 182.14"," 182.14"," 187.51"," 182.14"," 186.50"," 184.83"," 185.17"," 88416"," 163.72"," 2737"," 48162"," 54.47"
KHAICHEM," EQ"," 02-Jan-2026"," 78.59"," 79.00"," 80.90"," 76.99"," 77.00"," 78.31"," 78.88"," 448453"," 353.75"," 3305"," 276138"," 61.58"
KHAITANLTD," EQ"," 02-Jan-2026"," 104.06"," 101.98"," 109.00"," 101.98"," 103.99"," 104.01"," 105.73"," 5924"," 6.26"," 277"," 3943"," 66.56"
KHANDSE," EQ"," 02-Jan-2026"," 20.98"," 21.33"," 22.19"," 20.85"," 21.02"," 21.42"," 21.52"," 9894"," 2.13"," 59"," 6077"," 61.42"
KHFM," SM"," 02-Jan-2026"," 64.25"," 64.15"," 64.15"," 58.90"," 63.60"," 63.60"," 61.48"," 6200"," 3.81"," 4"," 4650"," 75.00"
KICL," EQ"," 02-Jan-2026"," 4953.20"," 4943.00"," 5038.00"," 4941.00"," 5000.10"," 5008.60"," 4998.27"," 1892"," 94.57"," 377"," 1226"," 64.80"
KILITCH," EQ"," 02-Jan-2026"," 359.35"," 366.00"," 366.00"," 354.60"," 360.95"," 360.40"," 358.41"," 9804"," 35.14"," 343"," 5595"," 57.07"
KIMS," EQ"," 02-Jan-2026"," 616.10"," 619.25"," 637.90"," 616.80"," 631.00"," 632.25"," 630.33"," 353541"," 2228.48"," 21904"," 169436"," 47.93"
KINGFA," EQ"," 02-Jan-2026"," 4423.70"," 4400.00"," 4460.00"," 4329.90"," 4441.00"," 4436.20"," 4421.00"," 8550"," 378.00"," 939"," 6975"," 81.58"
KIOCL," EQ"," 02-Jan-2026"," 406.40"," 407.70"," 411.95"," 400.00"," 401.15"," 402.80"," 405.25"," 217453"," 881.24"," 10187"," 74276"," 34.16"
KIRIINDUS," EQ"," 02-Jan-2026"," 682.35"," 679.00"," 694.95"," 608.90"," 614.35"," 616.00"," 633.35"," 15987323"," 101256.17"," 227536"," 2260403"," 14.14"
KIRLOSBROS," EQ"," 02-Jan-2026"," 1610.80"," 1611.30"," 1652.60"," 1611.30"," 1640.00"," 1645.10"," 1639.50"," 52325"," 857.87"," 9764"," 23922"," 45.72"
KIRLOSENG," EQ"," 02-Jan-2026"," 1230.50"," 1237.40"," 1269.00"," 1215.20"," 1260.50"," 1261.10"," 1244.15"," 711370"," 8850.47"," 27561"," 457011"," 64.24"
KIRLOSIND," EQ"," 02-Jan-2026"," 3163.40"," 3174.50"," 3269.00"," 3100.00"," 3265.00"," 3243.00"," 3228.90"," 4350"," 140.46"," 1094"," 1884"," 43.31"
KIRLPNU," EQ"," 02-Jan-2026"," 1039.20"," 1048.00"," 1062.80"," 1028.00"," 1061.70"," 1058.60"," 1046.74"," 35732"," 374.02"," 4772"," 14156"," 39.62"
KITEX," EQ"," 02-Jan-2026"," 180.54"," 180.01"," 183.40"," 179.53"," 182.70"," 182.68"," 181.96"," 331054"," 602.39"," 5226"," 149643"," 45.20"
KKCL," EQ"," 02-Jan-2026"," 483.60"," 483.60"," 497.90"," 478.90"," 483.40"," 483.95"," 489.05"," 30759"," 150.43"," 1891"," 15469"," 50.29"
KKJEWELS," SM"," 02-Jan-2026"," 90.75"," 89.20"," 90.50"," 89.00"," 89.40"," 89.60"," 89.84"," 21000"," 18.87"," 20"," 16000"," 76.19"
KLL," SM"," 02-Jan-2026"," 48.05"," 49.50"," 57.60"," 49.50"," 51.10"," 51.40"," 53.12"," 40000"," 21.25"," 45"," 31200"," 78.00"
KMEW," EQ"," 02-Jan-2026"," 1926.90"," 1899.90"," 1941.10"," 1875.00"," 1888.00"," 1888.10"," 1902.33"," 155504"," 2958.20"," 10265"," 37551"," 24.15"
KMSUGAR," EQ"," 02-Jan-2026"," 27.12"," 27.10"," 27.45"," 27.10"," 27.15"," 27.23"," 27.22"," 66816"," 18.19"," 540"," 44749"," 66.97"
KNAGRI," EQ"," 02-Jan-2026"," 204.36"," 204.90"," 207.50"," 197.35"," 199.20"," 199.72"," 202.12"," 19404"," 39.22"," 1012"," 6485"," 33.42"
KNRCON," EQ"," 02-Jan-2026"," 161.54"," 162.58"," 162.99"," 159.85"," 161.29"," 161.03"," 161.25"," 680467"," 1097.28"," 10611"," 308534"," 45.34"
KODYTECH," SM"," 02-Jan-2026"," 928.50"," 930.00"," 944.40"," 920.00"," 931.00"," 930.00"," 932.24"," 6900"," 64.32"," 52"," 4900"," 71.01"
KOHINOOR," EQ"," 02-Jan-2026"," 26.54"," 26.50"," 26.95"," 26.12"," 26.88"," 26.82"," 26.53"," 99385"," 26.37"," 1990"," 31360"," 31.55"
KOKUYOCMLN," EQ"," 02-Jan-2026"," 90.09"," 90.09"," 93.00"," 90.09"," 92.00"," 92.11"," 92.13"," 41627"," 38.35"," 515"," 29198"," 70.14"
KOLTEPATIL," EQ"," 02-Jan-2026"," 391.15"," 392.40"," 395.00"," 390.35"," 392.00"," 393.00"," 392.67"," 38372"," 150.67"," 1349"," 24170"," 62.99"
KONSTELEC," SM"," 02-Jan-2026"," 51.25"," 52.00"," 52.00"," 47.15"," 47.15"," 47.15"," 49.81"," 7000"," 3.49"," 6"," 7000"," 100.00"
KONTOR," SM"," 02-Jan-2026"," 66.00"," 68.95"," 71.00"," 67.30"," 67.30"," 67.30"," 69.13"," 8400"," 5.81"," 14"," 7800"," 92.86"
KOPRAN," EQ"," 02-Jan-2026"," 151.54"," 151.54"," 154.89"," 150.00"," 152.45"," 152.08"," 152.80"," 282619"," 431.83"," 3801"," 125034"," 44.24"
KORE," ST"," 02-Jan-2026"," 158.85"," 164.25"," 164.25"," 164.25"," 164.25"," 164.25"," 164.25"," 250"," 0.41"," 1"," 250"," 100.00"
KOTAKBANK," EQ"," 02-Jan-2026"," 2217.80"," 2217.80"," 2227.90"," 2180.50"," 2189.90"," 2195.10"," 2211.57"," 2447694"," 54132.42"," 106834"," 1771446"," 72.37"
KOTARISUG," EQ"," 02-Jan-2026"," 27.08"," 27.00"," 27.87"," 26.76"," 27.37"," 27.50"," 27.30"," 37491"," 10.23"," 348"," 29101"," 77.62"
KOTHARIPET," EQ"," 02-Jan-2026"," 130.32"," 128.60"," 134.49"," 128.60"," 132.50"," 132.24"," 132.91"," 49956"," 66.40"," 1229"," 25326"," 50.70"
KOTHARIPRO," EQ"," 02-Jan-2026"," 75.24"," 74.83"," 76.50"," 74.58"," 76.00"," 75.18"," 75.55"," 15570"," 11.76"," 373"," 11699"," 75.14"
KOTYARK," SM"," 02-Jan-2026"," 238.45"," 239.00"," 240.00"," 233.00"," 237.90"," 234.70"," 236.80"," 4500"," 10.66"," 34"," 4000"," 88.89"
KPEL," EQ"," 02-Jan-2026"," 350.30"," 352.00"," 360.00"," 348.50"," 357.15"," 357.50"," 354.47"," 199799"," 708.23"," 5289"," 86859"," 43.47"
KPIGREEN," EQ"," 02-Jan-2026"," 485.25"," 485.60"," 492.85"," 475.60"," 484.00"," 485.15"," 485.22"," 3537933"," 17166.92"," 57385"," 448780"," 12.68"
KPIL," EQ"," 02-Jan-2026"," 1202.20"," 1210.10"," 1214.10"," 1193.20"," 1199.20"," 1196.80"," 1203.53"," 56112"," 675.33"," 6600"," 27352"," 48.75"
KPITTECH," EQ"," 02-Jan-2026"," 1163.20"," 1163.20"," 1169.00"," 1150.80"," 1167.80"," 1167.60"," 1161.83"," 413208"," 4800.79"," 27030"," 167952"," 40.65"
KPRMILL," EQ"," 02-Jan-2026"," 912.40"," 912.40"," 915.90"," 906.65"," 908.90"," 909.75"," 910.83"," 138894"," 1265.08"," 13127"," 71282"," 51.32"
KRBL," EQ"," 02-Jan-2026"," 395.50"," 398.30"," 399.35"," 394.10"," 397.15"," 396.40"," 396.71"," 177937"," 705.90"," 9576"," 76351"," 42.91"
KREBSBIO," EQ"," 02-Jan-2026"," 69.92"," 69.92"," 71.30"," 68.38"," 70.00"," 70.97"," 69.48"," 2114"," 1.47"," 44"," 1811"," 85.67"
KRIDHANINF," EQ"," 02-Jan-2026"," 4.30"," 4.39"," 4.45"," 4.21"," 4.37"," 4.34"," 4.37"," 73707"," 3.22"," 178"," 60422"," 81.98"
KRISHANA," EQ"," 02-Jan-2026"," 522.35"," 524.20"," 529.00"," 520.65"," 528.35"," 527.90"," 526.66"," 38854"," 204.63"," 1504"," 23124"," 59.52"
KRISHCA," SM"," 02-Jan-2026"," 197.75"," 198.00"," 199.60"," 190.30"," 199.50"," 198.50"," 196.46"," 5500"," 10.81"," 11"," 5000"," 90.91"
KRISHIVAL," EQ"," 02-Jan-2026"," 348.05"," 356.00"," 357.50"," 346.10"," 349.00"," 351.25"," 351.08"," 19370"," 68.00"," 667"," 13298"," 68.65"
KRISHNADEF," EQ"," 02-Jan-2026"," 812.25"," 812.50"," 825.00"," 801.00"," 821.00"," 812.65"," 807.60"," 29681"," 239.71"," 1276"," 14367"," 48.40"
KRITI," EQ"," 02-Jan-2026"," 80.76"," 80.88"," 82.01"," 79.25"," 80.40"," 80.01"," 80.87"," 34620"," 28.00"," 893"," 26791"," 77.39"
KRITIKA," EQ"," 02-Jan-2026"," 7.22"," 7.39"," 7.56"," 7.10"," 7.37"," 7.33"," 7.33"," 210812"," 15.45"," 690"," 110010"," 52.18"
KRITINUT," EQ"," 02-Jan-2026"," 68.87"," 68.87"," 80.01"," 68.87"," 77.30"," 77.20"," 75.65"," 93705"," 70.89"," 1839"," 48222"," 51.46"
KRN," EQ"," 02-Jan-2026"," 743.85"," 747.90"," 807.00"," 742.05"," 770.00"," 770.15"," 783.74"," 1598944"," 12531.61"," 58250"," 240589"," 15.05"
KRONOX," EQ"," 02-Jan-2026"," 137.51"," 140.15"," 142.20"," 138.11"," 142.20"," 141.78"," 140.70"," 26103"," 36.73"," 829"," 16288"," 62.40"
KROSS," EQ"," 02-Jan-2026"," 206.37"," 206.38"," 212.60"," 200.96"," 204.20"," 204.87"," 207.17"," 14670783"," 30393.34"," 117771"," 1213832"," 8.27"
KRSNAA," EQ"," 02-Jan-2026"," 740.45"," 733.70"," 739.00"," 728.05"," 731.60"," 733.35"," 734.28"," 20640"," 151.55"," 1923"," 14659"," 71.02"
KRT," RR"," 02-Jan-2026"," 123.82"," 123.82"," 124.80"," 123.60"," 124.48"," 124.37"," 124.13"," 565658"," 702.15"," 13853"," 439260"," 77.65"
KRYSTAL," EQ"," 02-Jan-2026"," 519.20"," 521.00"," 529.00"," 515.00"," 528.90"," 524.80"," 521.97"," 6005"," 31.34"," 507"," 3468"," 57.75"
KSB," EQ"," 02-Jan-2026"," 746.25"," 746.00"," 763.90"," 725.00"," 752.90"," 753.05"," 752.90"," 45498"," 342.55"," 4411"," 22415"," 49.27"
KSCL," EQ"," 02-Jan-2026"," 974.60"," 975.00"," 976.45"," 961.65"," 973.00"," 973.50"," 967.98"," 59005"," 571.16"," 4468"," 32013"," 54.25"
KSHINTL," EQ"," 02-Jan-2026"," 353.30"," 355.00"," 382.00"," 353.00"," 374.00"," 373.55"," 371.69"," 797114"," 2962.78"," 19219"," 335216"," 42.05"
KSHITIJPOL," EQ"," 02-Jan-2026"," 2.59"," 2.59"," 2.69"," 2.58"," 2.63"," 2.61"," 2.62"," 86384"," 2.27"," 289"," 64013"," 74.10"
KSL," EQ"," 02-Jan-2026"," 753.30"," 757.00"," 762.00"," 751.80"," 759.40"," 759.90"," 757.69"," 15630"," 118.43"," 1198"," 7898"," 50.53"
KSOLVES," EQ"," 02-Jan-2026"," 284.45"," 289.00"," 291.70"," 283.55"," 287.95"," 290.00"," 288.75"," 29337"," 84.71"," 2362"," 16641"," 56.72"
KSR," EQ"," 02-Jan-2026"," 21.67"," 23.70"," 23.83"," 23.30"," 23.83"," 23.83"," 23.79"," 268108"," 63.79"," 502"," 236288"," 88.13"
KTKBANK," EQ"," 02-Jan-2026"," 206.92"," 207.80"," 212.40"," 195.60"," 200.10"," 200.00"," 203.11"," 17503039"," 35550.87"," 121887"," 5672702"," 32.41"
KUANTUM," EQ"," 02-Jan-2026"," 91.75"," 91.75"," 94.20"," 91.72"," 92.92"," 93.34"," 93.34"," 33472"," 31.24"," 461"," 21837"," 65.24"
LAGNAM," EQ"," 02-Jan-2026"," 75.11"," 72.50"," 76.39"," 72.50"," 73.40"," 73.47"," 73.52"," 3782"," 2.78"," 70"," 3540"," 93.60"
LAKSHYA," SM"," 02-Jan-2026"," 124.00"," 123.00"," 126.00"," 123.00"," 126.00"," 126.00"," 123.75"," 3200"," 3.96"," 4"," 2400"," 75.00"
LAL," EQ"," 02-Jan-2026"," 9.16"," 9.00"," 9.34"," 8.87"," 9.10"," 8.98"," 9.03"," 16619"," 1.50"," 150"," 13977"," 84.10"
LALPATHLAB," EQ"," 02-Jan-2026"," 1509.80"," 1509.00"," 1509.00"," 1460.60"," 1475.10"," 1474.20"," 1477.35"," 637719"," 9421.32"," 24665"," 464220"," 72.79"
LAMBODHARA," EQ"," 02-Jan-2026"," 121.51"," 123.00"," 123.00"," 119.51"," 121.45"," 120.91"," 121.00"," 7501"," 9.08"," 141"," 5416"," 72.20"
LAMOSAIC," SM"," 02-Jan-2026"," 35.15"," 34.10"," 34.90"," 34.05"," 34.70"," 34.55"," 34.47"," 8400"," 2.90"," 12"," 8400"," 100.00"
LANCORHOL," BE"," 02-Jan-2026"," 25.34"," 26.60"," 26.60"," 24.80"," 26.30"," 26.29"," 25.92"," 24017"," 6.23"," 69"," -"," -"
LANDMARK," EQ"," 02-Jan-2026"," 471.85"," 474.30"," 478.70"," 466.80"," 476.90"," 476.20"," 474.06"," 30283"," 143.56"," 2331"," 16683"," 55.09"
LAOPALA," EQ"," 02-Jan-2026"," 202.20"," 201.60"," 206.00"," 201.31"," 204.00"," 204.68"," 204.01"," 65875"," 134.39"," 4051"," 39120"," 59.39"
LASA," EQ"," 02-Jan-2026"," 10.38"," 11.34"," 11.41"," 11.10"," 11.41"," 11.41"," 11.34"," 264946"," 30.05"," 262"," 203820"," 76.93"
LATENTVIEW," EQ"," 02-Jan-2026"," 455.05"," 453.00"," 463.95"," 452.95"," 459.60"," 459.10"," 459.94"," 235326"," 1082.36"," 10865"," 105525"," 44.84"
LATTEYS," BE"," 02-Jan-2026"," 22.01"," 21.57"," 21.57"," 21.57"," 21.57"," 21.57"," 21.57"," 32121"," 6.93"," 114"," -"," -"
LAURUSLABS," EQ"," 02-Jan-2026"," 1110.40"," 1110.00"," 1115.90"," 1103.20"," 1107.00"," 1106.50"," 1109.56"," 953854"," 10583.60"," 51816"," 500297"," 52.45"
LAXMICOT," EQ"," 02-Jan-2026"," 18.74"," 18.99"," 19.14"," 18.63"," 19.13"," 19.13"," 18.90"," 2902"," 0.55"," 42"," 2376"," 81.87"
LAXMIDENTL," EQ"," 02-Jan-2026"," 274.75"," 276.20"," 276.20"," 269.65"," 271.40"," 270.85"," 271.08"," 39989"," 108.40"," 2202"," 20738"," 51.86"
LAXMIINDIA," EQ"," 02-Jan-2026"," 122.72"," 123.17"," 129.19"," 123.17"," 128.25"," 127.35"," 126.50"," 169669"," 214.64"," 3661"," 73783"," 43.49"
LCCINFOTEC," BE"," 02-Jan-2026"," 4.57"," 4.37"," 4.75"," 4.36"," 4.50"," 4.63"," 4.55"," 26793"," 1.22"," 47"," -"," -"
LEMERITE," EQ"," 02-Jan-2026"," 470.15"," 473.20"," 484.10"," 473.00"," 482.00"," 477.95"," 476.69"," 34736"," 165.58"," 567"," 24702"," 71.11"
LEMONTREE," EQ"," 02-Jan-2026"," 156.89"," 157.44"," 158.00"," 153.80"," 154.00"," 153.99"," 155.08"," 3033540"," 4704.36"," 27889"," 2051737"," 67.64"
LENSKART," EQ"," 02-Jan-2026"," 438.50"," 440.95"," 456.80"," 437.30"," 450.85"," 452.15"," 451.01"," 1751640"," 7900.01"," 34439"," 564061"," 32.20"
LEXUS," EQ"," 02-Jan-2026"," 25.93"," 26.06"," 26.80"," 26.06"," 26.13"," 26.13"," 26.45"," 2389"," 0.63"," 28"," 1078"," 45.12"
LFIC," EQ"," 02-Jan-2026"," 168.02"," 167.99"," 176.00"," 165.51"," 169.99"," 169.99"," 168.06"," 2933"," 4.93"," 95"," 2178"," 74.26"
LGBBROSLTD," EQ"," 02-Jan-2026"," 1789.10"," 1780.00"," 1799.80"," 1762.20"," 1773.00"," 1773.10"," 1777.49"," 56914"," 1011.64"," 8099"," 34111"," 59.93"
LGEINDIA," EQ"," 02-Jan-2026"," 1484.70"," 1485.00"," 1495.70"," 1460.10"," 1481.70"," 1483.40"," 1482.29"," 973436"," 14429.12"," 52187"," 519090"," 53.33"
LGHL," EQ"," 02-Jan-2026"," 295.10"," 297.95"," 324.60"," 289.75"," 324.60"," 324.60"," 311.88"," 163253"," 509.15"," 2492"," 49508"," 30.33"
LIBAS," EQ"," 02-Jan-2026"," 10.94"," 11.25"," 11.25"," 10.90"," 11.14"," 11.07"," 11.02"," 14667"," 1.62"," 99"," 13378"," 91.21"
LIBERTSHOE," EQ"," 02-Jan-2026"," 281.75"," 281.00"," 284.90"," 280.60"," 282.95"," 282.15"," 282.63"," 5207"," 14.72"," 356"," 2692"," 51.70"
LICHSGFIN," EQ"," 02-Jan-2026"," 535.85"," 536.25"," 547.75"," 536.25"," 545.70"," 545.55"," 544.55"," 988536"," 5383.09"," 14611"," 469007"," 47.44"
LICI," EQ"," 02-Jan-2026"," 852.80"," 853.20"," 862.00"," 851.20"," 861.00"," 860.85"," 856.58"," 577777"," 4949.12"," 21834"," 315307"," 54.57"
LICMFGOLD," EQ"," 02-Jan-2026"," 12087.35"," 12187.30"," 12238.00"," 12000.00"," 12169.00"," 12166.75"," 12165.87"," 3747"," 455.86"," 492"," 2723"," 72.67"
LICNETFGSC," EQ"," 02-Jan-2026"," 28.74"," 29.45"," 29.45"," 28.65"," 28.70"," 28.71"," 28.72"," 155174"," 44.56"," 223"," 106312"," 68.51"
LICNETFN50," EQ"," 02-Jan-2026"," 290.56"," 291.21"," 292.35"," 291.04"," 292.35"," 292.28"," 291.90"," 3596"," 10.50"," 39"," 3593"," 99.92"
LICNETFSEN," EQ"," 02-Jan-2026"," 952.20"," 958.85"," 958.85"," 958.85"," 958.85"," 958.85"," 958.85"," 27"," 0.26"," 2"," 27"," 100.00"
LICNFNHGP," EQ"," 02-Jan-2026"," 290.38"," 290.89"," 293.00"," 290.89"," 293.00"," 292.33"," 291.86"," 2166"," 6.32"," 30"," 2165"," 99.95"
LICNMID100," EQ"," 02-Jan-2026"," 61.12"," 61.28"," 61.65"," 60.96"," 61.50"," 61.50"," 61.09"," 27127"," 16.57"," 128"," 25212"," 92.94"
LIKHITHA," EQ"," 02-Jan-2026"," 192.06"," 192.06"," 195.50"," 190.60"," 194.10"," 193.41"," 192.72"," 19359"," 37.31"," 1184"," 10178"," 52.58"
LINC," EQ"," 02-Jan-2026"," 106.95"," 106.50"," 119.39"," 105.21"," 117.00"," 117.33"," 113.87"," 145877"," 166.12"," 2616"," 53119"," 36.41"
LINCOLN," EQ"," 02-Jan-2026"," 479.80"," 478.05"," 505.00"," 475.60"," 496.00"," 497.15"," 490.45"," 22401"," 109.86"," 1310"," 13348"," 59.59"
LINDEINDIA," EQ"," 02-Jan-2026"," 5908.00"," 5994.00"," 5994.00"," 5901.50"," 5966.00"," 5955.50"," 5934.66"," 16263"," 965.15"," 3715"," 8801"," 54.12"
LIQGRWBEES," EQ"," 02-Jan-2026"," 1022.26"," 1022.64"," 1022.66"," 1022.64"," 1022.66"," 1022.65"," 1022.66"," 168252"," 1720.64"," 372"," 135385"," 80.47"
LIQUID," EQ"," 02-Jan-2026"," 999.99"," 1024.98"," 1024.98"," 999.99"," 1000.00"," 999.99"," 1000.00"," 646099"," 6460.98"," 1537"," 561915"," 86.97"
LIQUID1," EQ"," 02-Jan-2026"," 1084.92"," 1087.00"," 1087.00"," 1084.92"," 1085.37"," 1085.36"," 1085.36"," 365373"," 3965.62"," 942"," 258626"," 70.78"
LIQUIDADD," EQ"," 02-Jan-2026"," 1107.07"," 1107.07"," 1107.53"," 1107.07"," 1107.53"," 1107.52"," 1107.53"," 1346320"," 14910.85"," 1530"," 1165478"," 86.57"
LIQUIDBEES," EQ"," 02-Jan-2026"," 1000.00"," 1025.00"," 1025.00"," 999.99"," 1000.01"," 1000.00"," 1000.01"," 12254248"," 122543.27"," 36970"," 11655303"," 95.11"
LIQUIDBETF," EQ"," 02-Jan-2026"," 1063.24"," 1060.30"," 1116.24"," 1009.94"," 1063.67"," 1063.68"," 1063.55"," 454370"," 4832.46"," 396"," 349466"," 76.91"
LIQUIDCASE," EQ"," 02-Jan-2026"," 112.09"," 112.15"," 112.15"," 112.13"," 112.15"," 112.14"," 112.15"," 37938947"," 42547.05"," 22613"," 35003282"," 92.26"
LIQUIDETF," EQ"," 02-Jan-2026"," 1000.00"," 1000.00"," 1000.01"," 999.99"," 1000.01"," 1000.00"," 1000.00"," 417915"," 4179.16"," 1370"," 363518"," 86.98"
LIQUIDIETF," EQ"," 02-Jan-2026"," 999.99"," 1000.00"," 1000.01"," 999.99"," 1000.00"," 999.99"," 1000.00"," 1341754"," 13417.54"," 2097"," 860925"," 64.16"
LIQUIDPLUS," EQ"," 02-Jan-2026"," 1066.42"," 1066.85"," 1066.87"," 1066.85"," 1066.87"," 1066.86"," 1066.87"," 186646"," 1991.26"," 447"," 149162"," 79.92"
LIQUIDSBI," EQ"," 02-Jan-2026"," 1000.00"," 999.99"," 1000.01"," 999.99"," 1000.00"," 1000.00"," 1000.00"," 8508"," 85.08"," 40"," 4884"," 57.40"
LIQUIDSHRI," EQ"," 02-Jan-2026"," 1086.04"," 1086.47"," 1086.47"," 1086.45"," 1086.47"," 1086.46"," 1086.47"," 33064"," 359.23"," 238"," 28762"," 86.99"
LLOYDPP," E1"," 02-Jan-2026"," 41.22"," 41.22"," 41.90"," 40.80"," 41.00"," 40.98"," 41.42"," 108740"," 45.04"," 224"," 92561"," 85.12"
LLOYDS," SM"," 02-Jan-2026"," 70.00"," 72.00"," 72.00"," 72.00"," 72.00"," 72.00"," 72.00"," 2000"," 1.44"," 2"," 2000"," 100.00"
LLOYDSENGG," EQ"," 02-Jan-2026"," 56.32"," 56.60"," 56.67"," 55.99"," 56.22"," 56.14"," 56.24"," 1452069"," 816.64"," 6734"," 714308"," 49.19"
LLOYDSENPP," E1"," 02-Jan-2026"," 38.39"," 38.25"," 38.77"," 38.00"," 38.30"," 38.50"," 38.31"," 73863"," 28.30"," 245"," 61153"," 82.79"
LLOYDSENT," EQ"," 02-Jan-2026"," 62.59"," 62.85"," 63.42"," 61.92"," 62.70"," 62.59"," 62.70"," 1559829"," 977.94"," 10274"," 622967"," 39.94"
LLOYDSME," EQ"," 02-Jan-2026"," 1352.40"," 1358.00"," 1374.00"," 1345.00"," 1346.40"," 1348.80"," 1357.33"," 360426"," 4892.18"," 18104"," 160248"," 44.46"
LMW," EQ"," 02-Jan-2026"," 14985.00"," 15069.00"," 15069.00"," 14895.00"," 14949.00"," 14954.00"," 14957.09"," 1045"," 156.30"," 457"," 681"," 65.17"
LODHA," EQ"," 02-Jan-2026"," 1072.80"," 1074.00"," 1089.10"," 1070.20"," 1086.50"," 1085.70"," 1079.97"," 1416306"," 15295.69"," 25830"," 923200"," 65.18"
LOKESHMACH," EQ"," 02-Jan-2026"," 170.44"," 170.99"," 174.69"," 168.11"," 169.35"," 169.35"," 169.97"," 17109"," 29.08"," 1597"," 8713"," 50.93"
LORDSCHLO," EQ"," 02-Jan-2026"," 166.91"," 168.33"," 170.98"," 161.48"," 162.00"," 163.11"," 165.63"," 39240"," 64.99"," 2098"," 19898"," 50.71"
LOTUSDEV," EQ"," 02-Jan-2026"," 159.36"," 160.00"," 167.00"," 159.01"," 166.70"," 166.36"," 164.45"," 1043986"," 1716.81"," 11295"," 489198"," 46.86"
LOTUSEYE," EQ"," 02-Jan-2026"," 120.45"," 121.55"," 122.90"," 120.83"," 122.10"," 121.70"," 121.90"," 4476"," 5.46"," 257"," 2773"," 61.95"
LOVABLE," EQ"," 02-Jan-2026"," 80.18"," 80.00"," 81.90"," 80.00"," 81.29"," 81.03"," 81.08"," 15666"," 12.70"," 442"," 10156"," 64.83"
LOWVOL," EQ"," 02-Jan-2026"," 216.04"," 215.80"," 216.93"," 215.35"," 216.93"," 216.93"," 216.88"," 1069"," 2.32"," 12"," 1027"," 96.07"
LOWVOL1," EQ"," 02-Jan-2026"," 22.01"," 22.01"," 22.57"," 21.71"," 22.13"," 22.10"," 22.05"," 16872"," 3.72"," 182"," 11984"," 71.03"
LOWVOLIETF," EQ"," 02-Jan-2026"," 23.18"," 23.64"," 23.64"," 23.11"," 23.23"," 23.27"," 23.23"," 3537374"," 821.72"," 1272"," 3315117"," 93.72"
LOYALTEX," EQ"," 02-Jan-2026"," 213.95"," 213.95"," 234.99"," 213.95"," 224.95"," 221.21"," 221.51"," 1047"," 2.32"," 47"," 956"," 91.31"
LPDC," EQ"," 02-Jan-2026"," 6.99"," 7.17"," 7.34"," 6.90"," 6.98"," 7.19"," 7.10"," 50165"," 3.56"," 255"," 38205"," 76.16"
LT," EQ"," 02-Jan-2026"," 4140.40"," 4138.10"," 4172.70"," 4127.10"," 4164.70"," 4163.40"," 4155.35"," 984027"," 40889.72"," 82278"," 543323"," 55.21"
LTF," EQ"," 02-Jan-2026"," 317.25"," 319.50"," 321.50"," 316.30"," 319.10"," 319.75"," 319.59"," 3861694"," 12341.69"," 58935"," 1672762"," 43.32"
LTFOODS," EQ"," 02-Jan-2026"," 386.10"," 387.50"," 391.15"," 383.20"," 390.40"," 390.45"," 387.95"," 244236"," 947.51"," 10757"," 116054"," 47.52"
LTGILTBEES," EQ"," 02-Jan-2026"," 29.18"," 29.26"," 29.26"," 29.16"," 29.25"," 29.24"," 29.19"," 4294565"," 1253.42"," 1394"," 3789148"," 88.23"
LTGILTCASE," EQ"," 02-Jan-2026"," 29.74"," 30.63"," 30.63"," 29.71"," 29.76"," 29.71"," 29.74"," 163061"," 48.49"," 395"," 161305"," 98.92"
LTIM," EQ"," 02-Jan-2026"," 6112.00"," 6130.00"," 6145.00"," 6052.00"," 6085.50"," 6067.00"," 6082.42"," 134408"," 8175.26"," 15897"," 73030"," 54.33"
LTTS," EQ"," 02-Jan-2026"," 4380.00"," 4384.90"," 4439.90"," 4383.00"," 4414.00"," 4406.60"," 4406.94"," 54494"," 2401.52"," 13339"," 27477"," 50.42"
LUMAXIND," EQ"," 02-Jan-2026"," 5071.50"," 5107.00"," 5449.00"," 5075.50"," 5449.00"," 5341.50"," 5260.69"," 19656"," 1034.04"," 5398"," 6419"," 32.66"
LUMAXTECH," EQ"," 02-Jan-2026"," 1616.60"," 1620.10"," 1664.80"," 1587.90"," 1660.00"," 1655.40"," 1631.40"," 419036"," 6836.17"," 30833"," 158675"," 37.87"
LUPIN," EQ"," 02-Jan-2026"," 2102.80"," 2103.00"," 2122.10"," 2095.50"," 2108.00"," 2105.30"," 2109.01"," 252908"," 5333.85"," 21235"," 126792"," 50.13"
LUXIND," EQ"," 02-Jan-2026"," 1112.50"," 1112.50"," 1113.80"," 1096.80"," 1111.00"," 1110.90"," 1105.25"," 32719"," 361.63"," 2593"," 20947"," 64.02"
LXCHEM," EQ"," 02-Jan-2026"," 167.90"," 168.13"," 169.09"," 167.11"," 168.70"," 168.12"," 167.93"," 365613"," 613.98"," 4854"," 212075"," 58.01"
LYKALABS," EQ"," 02-Jan-2026"," 76.59"," 76.59"," 83.80"," 75.55"," 82.01"," 82.39"," 81.73"," 137379"," 112.29"," 976"," 96345"," 70.13"
LYPSAGEMS," EQ"," 02-Jan-2026"," 5.36"," 5.59"," 5.59"," 5.13"," 5.48"," 5.44"," 5.42"," 27162"," 1.47"," 306"," 15756"," 58.01"
M&M," EQ"," 02-Jan-2026"," 3761.00"," 3759.90"," 3812.00"," 3743.20"," 3801.00"," 3802.40"," 3797.33"," 1478292"," 56135.65"," 119277"," 773276"," 52.31"
M&MFIN," EQ"," 02-Jan-2026"," 404.15"," 403.90"," 410.00"," 399.85"," 401.70"," 402.95"," 405.20"," 2125824"," 8613.78"," 38092"," 1107105"," 52.08"
MAANALU," BE"," 02-Jan-2026"," 158.33"," 161.45"," 162.99"," 155.75"," 160.50"," 159.83"," 159.28"," 54523"," 86.84"," 599"," -"," -"
MACOBSTECH," SM"," 02-Jan-2026"," 210.00"," 210.00"," 210.00"," 209.00"," 209.00"," 209.00"," 209.25"," 3200"," 6.70"," 4"," 3200"," 100.00"
MACPOWER," EQ"," 02-Jan-2026"," 1022.90"," 1007.60"," 1028.10"," 1007.60"," 1024.40"," 1019.40"," 1018.83"," 4993"," 50.87"," 703"," 3177"," 63.63"
MADHAV," EQ"," 02-Jan-2026"," 42.95"," 42.90"," 43.40"," 42.15"," 43.10"," 42.94"," 42.63"," 6207"," 2.65"," 162"," 3402"," 54.81"
MADHAVBAUG," SM"," 02-Jan-2026"," 286.00"," 286.00"," 287.95"," 271.45"," 284.00"," 284.00"," 282.43"," 3200"," 9.04"," 8"," 1600"," 50.00"
MADHUCON," EQ"," 02-Jan-2026"," 6.10"," 6.10"," 6.35"," 6.01"," 6.14"," 6.14"," 6.15"," 5018"," 0.31"," 57"," 4516"," 90.00"
MADHUSUDAN," SM"," 02-Jan-2026"," 131.45"," 127.55"," 131.45"," 127.50"," 129.50"," 129.50"," 129.43"," 7000"," 9.06"," 7"," 4000"," 57.14"
MADRASFERT," EQ"," 02-Jan-2026"," 79.57"," 80.00"," 81.39"," 79.22"," 80.90"," 80.65"," 80.37"," 153849"," 123.65"," 2129"," 66790"," 43.41"
MAFANG," EQ"," 02-Jan-2026"," 169.11"," 167.72"," 167.72"," 167.72"," 167.72"," 167.72"," 167.72"," 122668"," 205.74"," 706"," 122668"," 100.00"
MAGADSUGAR," EQ"," 02-Jan-2026"," 504.10"," 507.00"," 509.90"," 501.15"," 503.00"," 504.55"," 505.31"," 2052"," 10.37"," 184"," 1307"," 63.69"
MAGNUM," EQ"," 02-Jan-2026"," 22.92"," 23.20"," 23.20"," 22.91"," 23.05"," 23.00"," 23.00"," 7486"," 1.72"," 128"," 6410"," 85.63"
MAGSON," SM"," 02-Jan-2026"," 124.00"," 130.20"," 130.20"," 130.20"," 130.20"," 130.20"," 130.20"," 3000"," 3.91"," 3"," 3000"," 100.00"
MAHABANK," EQ"," 02-Jan-2026"," 63.63"," 63.70"," 64.18"," 63.40"," 63.88"," 63.93"," 63.87"," 20256377"," 12938.42"," 50817"," 9591749"," 47.35"
MAHAPEXLTD," EQ"," 02-Jan-2026"," 108.11"," 107.15"," 108.98"," 101.37"," 104.50"," 104.41"," 105.73"," 15974"," 16.89"," 393"," 11301"," 70.75"
MAHASTEEL," BE"," 02-Jan-2026"," 1014.70"," 1032.00"," 1032.00"," 974.00"," 1014.70"," 1011.60"," 1008.52"," 17236"," 173.83"," 537"," -"," -"
MAHEPC," EQ"," 02-Jan-2026"," 128.01"," 129.79"," 133.95"," 128.58"," 132.30"," 133.04"," 131.81"," 22742"," 29.98"," 673"," 16485"," 72.49"
MAHESHWARI," EQ"," 02-Jan-2026"," 47.33"," 47.33"," 48.46"," 47.00"," 47.63"," 47.55"," 47.32"," 5972"," 2.83"," 85"," 4766"," 79.81"
MAHICKRA," SM"," 02-Jan-2026"," 149.95"," 149.50"," 149.50"," 149.50"," 149.50"," 149.50"," 149.50"," 10500"," 15.70"," 1"," 10500"," 100.00"
MAHKTECH," EQ"," 02-Jan-2026"," 25.69"," 25.59"," 25.59"," 25.59"," 25.59"," 25.59"," 25.59"," 378466"," 96.85"," 447"," 378466"," 100.00"
MAHLIFE," EQ"," 02-Jan-2026"," 393.85"," 398.00"," 401.50"," 394.00"," 395.10"," 395.10"," 396.42"," 107124"," 424.66"," 5316"," 64972"," 60.65"
MAHLOG," EQ"," 02-Jan-2026"," 319.55"," 319.35"," 324.50"," 314.25"," 316.70"," 317.15"," 317.12"," 105922"," 335.90"," 4282"," 57700"," 54.47"
MAHSCOOTER," EQ"," 02-Jan-2026"," 14205.00"," 14239.00"," 14297.00"," 14184.00"," 14226.00"," 14237.00"," 14240.20"," 1209"," 172.16"," 632"," 653"," 54.01"
MAHSEAMLES," EQ"," 02-Jan-2026"," 554.80"," 554.80"," 561.00"," 553.10"," 558.25"," 559.10"," 557.71"," 66328"," 369.92"," 4917"," 37830"," 57.03"
MAITHANALL," EQ"," 02-Jan-2026"," 1008.40"," 1013.90"," 1017.20"," 997.80"," 1011.70"," 1013.30"," 1010.03"," 19174"," 193.66"," 1956"," 11011"," 57.43"
MAITREYA," SM"," 02-Jan-2026"," 212.60"," 208.20"," 215.00"," 208.20"," 215.00"," 215.00"," 210.35"," 1600"," 3.37"," 3"," 1600"," 100.00"
MAKEINDIA," EQ"," 02-Jan-2026"," 156.92"," 159.70"," 159.70"," 157.22"," 158.23"," 158.21"," 157.95"," 26494"," 41.85"," 501"," 25166"," 94.99"
MAL," SM"," 02-Jan-2026"," 49.80"," 49.80"," 49.85"," 47.50"," 47.50"," 47.50"," 49.04"," 9600"," 4.71"," 5"," 9600"," 100.00"
MALLCOM," EQ"," 02-Jan-2026"," 1173.00"," 1199.00"," 1199.00"," 1163.30"," 1170.00"," 1169.60"," 1176.18"," 2142"," 25.19"," 224"," 1593"," 74.37"
MALUPAPER," EQ"," 02-Jan-2026"," 35.89"," 35.80"," 36.48"," 35.18"," 35.66"," 35.73"," 35.58"," 19197"," 6.83"," 141"," 11355"," 59.15"
MAMATA," EQ"," 02-Jan-2026"," 435.10"," 435.00"," 437.00"," 431.00"," 431.00"," 431.95"," 433.12"," 59263"," 256.68"," 2177"," 27231"," 45.95"
MANAKALUCO," BE"," 02-Jan-2026"," 29.07"," 29.75"," 30.25"," 28.50"," 30.10"," 30.13"," 29.51"," 94405"," 27.86"," 316"," -"," -"
MANAKCOAT," EQ"," 02-Jan-2026"," 132.58"," 132.00"," 133.08"," 130.08"," 131.99"," 131.49"," 131.19"," 133435"," 175.05"," 2537"," 65680"," 49.22"
MANAKSIA," EQ"," 02-Jan-2026"," 64.62"," 64.69"," 65.50"," 64.21"," 65.36"," 64.82"," 65.00"," 38125"," 24.78"," 448"," 19497"," 51.14"
MANAKSTEEL," EQ"," 02-Jan-2026"," 72.46"," 72.03"," 74.80"," 68.84"," 68.84"," 68.84"," 72.33"," 79097"," 57.21"," 615"," 56599"," 71.56"
MANALIPETC," EQ"," 02-Jan-2026"," 62.86"," 63.39"," 63.39"," 61.50"," 63.00"," 62.88"," 62.33"," 176651"," 110.11"," 2606"," 108409"," 61.37"
MANAPPURAM," EQ"," 02-Jan-2026"," 314.10"," 314.10"," 319.40"," 309.50"," 311.00"," 311.15"," 314.08"," 3182203"," 9994.78"," 49488"," 1158165"," 36.40"
MANAV," ST"," 02-Jan-2026"," 28.60"," 27.20"," 30.00"," 27.20"," 30.00"," 30.00"," 29.42"," 20000"," 5.88"," 4"," 20000"," 100.00"
MANBA," EQ"," 02-Jan-2026"," 140.01"," 142.00"," 142.80"," 139.10"," 142.60"," 141.94"," 141.21"," 71027"," 100.29"," 1238"," 28169"," 39.66"
MANCREDIT," EQ"," 02-Jan-2026"," 167.06"," 170.00"," 170.00"," 164.15"," 164.62"," 164.80"," 166.99"," 40024"," 66.84"," 1513"," 5875"," 14.68"
MANDEEP," SM"," 02-Jan-2026"," 23.60"," 23.60"," 23.60"," 23.60"," 23.60"," 23.60"," 23.60"," 2000"," 0.47"," 1"," 2000"," 100.00"
MANGALAM," EQ"," 02-Jan-2026"," 28.88"," 30.32"," 30.32"," 30.32"," 30.32"," 30.32"," 30.32"," 15934"," 4.83"," 64"," 15934"," 100.00"
MANGLMCEM," EQ"," 02-Jan-2026"," 764.55"," 770.00"," 771.80"," 751.80"," 765.00"," 762.95"," 759.72"," 76419"," 580.57"," 3101"," 45869"," 60.02"
MANINDS," EQ"," 02-Jan-2026"," 391.70"," 392.10"," 400.00"," 387.10"," 398.00"," 396.45"," 394.46"," 226080"," 891.79"," 9449"," 86799"," 38.39"
MANINFRA," EQ"," 02-Jan-2026"," 127.68"," 127.60"," 130.31"," 127.31"," 129.59"," 129.57"," 129.45"," 655302"," 848.31"," 4635"," 479703"," 73.20"
MANKIND," EQ"," 02-Jan-2026"," 2164.60"," 2174.10"," 2205.00"," 2163.00"," 2202.00"," 2202.70"," 2191.53"," 128332"," 2812.43"," 15785"," 73313"," 57.13"
MANOMAY," BE"," 02-Jan-2026"," 203.60"," 203.55"," 208.89"," 197.33"," 205.93"," 205.73"," 203.32"," 5736"," 11.66"," 87"," -"," -"
MANORAMA," EQ"," 02-Jan-2026"," 1333.30"," 1327.90"," 1395.00"," 1325.20"," 1389.00"," 1390.80"," 1368.42"," 120539"," 1649.47"," 10099"," 73426"," 60.91"
MANORG," EQ"," 02-Jan-2026"," 485.00"," 485.00"," 485.15"," 475.00"," 480.00"," 480.45"," 481.06"," 2480"," 11.93"," 170"," 2000"," 80.65"
MANUFGBEES," EQ"," 02-Jan-2026"," 154.50"," 153.73"," 156.28"," 153.73"," 156.28"," 156.24"," 155.67"," 5771"," 8.98"," 122"," 5552"," 96.21"
MANUGRAPH," EQ"," 02-Jan-2026"," 16.28"," 16.55"," 16.94"," 15.41"," 16.30"," 16.29"," 16.21"," 14417"," 2.34"," 100"," 11756"," 81.54"
MANYAVAR," EQ"," 02-Jan-2026"," 575.70"," 579.45"," 581.00"," 572.05"," 577.55"," 579.65"," 577.11"," 60077"," 346.71"," 5935"," 25908"," 43.12"
MAPMYINDIA," EQ"," 02-Jan-2026"," 1730.70"," 1719.80"," 1721.90"," 1688.80"," 1704.80"," 1701.80"," 1701.42"," 62212"," 1058.49"," 8239"," 36626"," 58.87"
MARALOVER," EQ"," 02-Jan-2026"," 43.99"," 44.01"," 44.75"," 42.26"," 43.90"," 43.94"," 43.65"," 14758"," 6.44"," 197"," 10022"," 67.91"
MARATHON," EQ"," 02-Jan-2026"," 544.60"," 544.60"," 544.60"," 526.05"," 531.45"," 529.15"," 532.66"," 19842"," 105.69"," 1408"," 10410"," 52.46"
MARC," ST"," 02-Jan-2026"," 56.10"," 53.30"," 54.85"," 53.30"," 53.30"," 53.30"," 53.38"," 276000"," 147.32"," 142"," 268800"," 97.39"
MARCO," SM"," 02-Jan-2026"," 38.00"," 38.00"," 38.75"," 38.00"," 38.75"," 38.75"," 38.25"," 4500"," 1.72"," 3"," 3000"," 66.67"
MARICO," EQ"," 02-Jan-2026"," 760.45"," 760.45"," 765.25"," 751.20"," 758.00"," 757.75"," 757.03"," 933700"," 7068.39"," 26936"," 449476"," 48.14"
MARINE," EQ"," 02-Jan-2026"," 211.67"," 214.00"," 215.00"," 211.48"," 214.00"," 213.63"," 213.20"," 120850"," 257.65"," 4275"," 60627"," 50.17"
MARINETRAN," ST"," 02-Jan-2026"," 23.20"," 22.05"," 22.05"," 22.05"," 22.05"," 22.05"," 22.05"," 4000"," 0.88"," 1"," 4000"," 100.00"
MARKOLINES," EQ"," 02-Jan-2026"," 161.64"," 162.32"," 164.06"," 157.20"," 158.00"," 157.73"," 158.84"," 158906"," 252.41"," 2487"," 69428"," 43.69"
MARKSANS," EQ"," 02-Jan-2026"," 179.87"," 179.90"," 184.23"," 179.49"," 182.46"," 182.19"," 182.06"," 513504"," 934.88"," 10123"," 245968"," 47.90"
MARUTI," EQ"," 02-Jan-2026"," 16708.00"," 16750.00"," 16999.00"," 16723.00"," 16970.00"," 16960.00"," 16948.66"," 388562"," 65856.07"," 61874"," 240431"," 61.88"
MASFIN," EQ"," 02-Jan-2026"," 319.60"," 320.95"," 326.50"," 318.00"," 325.75"," 325.30"," 323.00"," 614546"," 1984.98"," 6031"," 559692"," 91.07"
MASKINVEST," BE"," 02-Jan-2026"," 145.00"," 145.00"," 151.00"," 141.29"," 151.00"," 151.00"," 144.71"," 381"," 0.55"," 27"," -"," -"
MASON," SM"," 02-Jan-2026"," 193.00"," 190.05"," 192.00"," 190.05"," 191.90"," 191.90"," 190.99"," 13500"," 25.78"," 15"," 11000"," 81.48"
MASPTOP50," EQ"," 02-Jan-2026"," 72.19"," 71.71"," 71.71"," 71.71"," 71.71"," 71.71"," 71.71"," 71624"," 51.36"," 254"," 71624"," 100.00"
MASTEK," EQ"," 02-Jan-2026"," 2110.50"," 2120.40"," 2122.90"," 2091.20"," 2118.00"," 2116.20"," 2107.24"," 37549"," 791.25"," 4241"," 17590"," 46.85"
MASTERTR," EQ"," 02-Jan-2026"," 117.69"," 117.69"," 120.50"," 116.02"," 119.00"," 118.26"," 118.00"," 168209"," 198.49"," 2224"," 74508"," 44.29"
MATRIMONY," EQ"," 02-Jan-2026"," 541.70"," 547.50"," 554.60"," 541.70"," 552.00"," 550.35"," 548.75"," 108056"," 592.96"," 2947"," 70586"," 65.32"
MAWANASUG," EQ"," 02-Jan-2026"," 87.78"," 88.00"," 88.50"," 87.20"," 87.27"," 87.44"," 87.79"," 37456"," 32.88"," 854"," 26918"," 71.87"
MAXESTATES," EQ"," 02-Jan-2026"," 456.90"," 455.95"," 456.90"," 450.00"," 452.10"," 451.90"," 453.11"," 17947"," 81.32"," 1135"," 9850"," 54.88"
MAXHEALTH," EQ"," 02-Jan-2026"," 1049.40"," 1049.40"," 1064.40"," 1047.00"," 1061.10"," 1062.60"," 1057.60"," 928577"," 9820.61"," 36412"," 541834"," 58.35"
MAXIND," EQ"," 02-Jan-2026"," 183.56"," 181.60"," 190.06"," 181.60"," 189.00"," 187.84"," 186.77"," 21656"," 40.45"," 874"," 12281"," 56.71"
MAXPOSURE," SM"," 02-Jan-2026"," 44.55"," 44.50"," 45.50"," 44.50"," 44.75"," 44.75"," 44.83"," 4000"," 1.79"," 4"," 3000"," 75.00"
MAXVOLT," ST"," 02-Jan-2026"," 491.95"," 493.00"," 493.00"," 467.40"," 484.00"," 484.00"," 473.49"," 12800"," 60.61"," 15"," 11200"," 87.50"
MAYASHEEL," ST"," 02-Jan-2026"," 62.60"," 63.00"," 64.00"," 63.00"," 64.00"," 64.00"," 63.31"," 48000"," 30.39"," 10"," 48000"," 100.00"
MAYURUNIQ," EQ"," 02-Jan-2026"," 515.35"," 515.60"," 518.95"," 510.60"," 515.00"," 514.20"," 514.61"," 21157"," 108.88"," 1820"," 14388"," 68.01"
MAZDA," EQ"," 02-Jan-2026"," 219.68"," 222.63"," 225.12"," 219.31"," 222.99"," 223.21"," 222.64"," 15927"," 35.46"," 775"," 9358"," 58.76"
MAZDOCK," EQ"," 02-Jan-2026"," 2476.70"," 2480.00"," 2511.40"," 2473.60"," 2495.00"," 2494.50"," 2493.56"," 930773"," 23209.41"," 48083"," 363146"," 39.02"
MBAPL," EQ"," 02-Jan-2026"," 428.05"," 428.05"," 431.95"," 420.90"," 429.95"," 429.80"," 427.71"," 64976"," 277.91"," 2349"," 29142"," 44.85"
MBEL," EQ"," 02-Jan-2026"," 382.45"," 385.00"," 386.80"," 377.45"," 384.90"," 384.20"," 381.67"," 167600"," 639.69"," 5987"," 98616"," 58.84"
MBLINFRA," EQ"," 02-Jan-2026"," 31.64"," 32.40"," 32.88"," 32.00"," 32.44"," 32.25"," 32.26"," 31776"," 10.25"," 1056"," 17370"," 54.66"
MCL," EQ"," 02-Jan-2026"," 75.16"," 78.91"," 78.91"," 78.91"," 78.91"," 78.91"," 78.91"," 183471"," 144.78"," 656"," 183433"," 99.98"
MCLEODRUSS," BE"," 02-Jan-2026"," 48.72"," 48.03"," 49.36"," 46.80"," 47.90"," 47.96"," 47.99"," 285665"," 137.10"," 737"," -"," -"
MCLOUD," EQ"," 02-Jan-2026"," 25.74"," 25.74"," 26.10"," 25.51"," 26.10"," 25.91"," 25.73"," 1344602"," 345.99"," 4865"," 581874"," 43.27"
MCON," ST"," 02-Jan-2026"," 60.45"," 59.10"," 63.40"," 59.10"," 63.40"," 63.40"," 61.47"," 3000"," 1.84"," 3"," 3000"," 100.00"
MCX," EQ"," 02-Jan-2026"," 10989.00"," 2230.00"," 2278.00"," 2190.00"," 2219.00"," 2216.00"," 2229.42"," 3418580"," 76214.54"," 128404"," 1512872"," 44.25"
MEDANTA," EQ"," 02-Jan-2026"," 1191.90"," 1207.00"," 1218.30"," 1202.30"," 1218.00"," 1217.10"," 1211.01"," 177114"," 2144.87"," 17282"," 73567"," 41.54"
MEDIASSIST," EQ"," 02-Jan-2026"," 463.45"," 462.40"," 469.90"," 458.20"," 469.90"," 467.70"," 465.95"," 97402"," 453.84"," 3828"," 61896"," 63.55"
MEDICAMEQ," EQ"," 02-Jan-2026"," 381.55"," 379.65"," 385.00"," 376.40"," 378.10"," 379.30"," 378.53"," 2573"," 9.74"," 212"," 1591"," 61.83"
MEDICO," EQ"," 02-Jan-2026"," 49.17"," 52.00"," 52.00"," 45.97"," 50.00"," 50.37"," 49.37"," 684306"," 337.88"," 2939"," 361295"," 52.80"
MEDIORG," SM"," 02-Jan-2026"," 25.20"," 26.45"," 26.45"," 26.45"," 26.45"," 26.45"," 26.45"," 8000"," 2.12"," 4"," 6000"," 75.00"
MEDISTEP," SM"," 02-Jan-2026"," 24.55"," 24.95"," 24.95"," 24.50"," 24.95"," 24.95"," 24.84"," 12000"," 2.98"," 3"," 12000"," 100.00"
MEDPLUS," EQ"," 02-Jan-2026"," 810.65"," 810.00"," 820.00"," 788.00"," 806.70"," 808.25"," 802.66"," 121137"," 972.32"," 9923"," 56107"," 46.32"
MEESHO," EQ"," 02-Jan-2026"," 181.58"," 181.58"," 181.86"," 178.50"," 179.60"," 179.25"," 179.83"," 3321819"," 5973.69"," 24945"," 1161495"," 34.97"
MEGAFLEX," ST"," 02-Jan-2026"," 121.20"," 127.15"," 127.25"," 127.15"," 127.25"," 127.20"," 127.20"," 6000"," 7.63"," 2"," 6000"," 100.00"
MEGASOFT," BE"," 02-Jan-2026"," 197.46"," 207.33"," 207.33"," 202.00"," 207.33"," 207.23"," 206.70"," 314981"," 651.06"," 1450"," -"," -"
MEGASTAR," BE"," 02-Jan-2026"," 226.21"," 230.10"," 236.50"," 230.10"," 230.60"," 233.31"," 232.11"," 3059"," 7.10"," 62"," -"," -"
MEGATHERM," SM"," 02-Jan-2026"," 225.65"," 225.00"," 230.00"," 225.00"," 230.00"," 229.50"," 227.84"," 8400"," 19.14"," 14"," 7200"," 85.71"
MEIL," EQ"," 02-Jan-2026"," 370.25"," 373.90"," 383.40"," 367.50"," 380.00"," 375.75"," 377.01"," 131516"," 495.83"," 5767"," 57934"," 44.05"
MENONBE," EQ"," 02-Jan-2026"," 110.95"," 110.96"," 113.43"," 110.96"," 113.00"," 111.97"," 112.20"," 18534"," 20.79"," 370"," 11059"," 59.67"
MEP," BZ"," 02-Jan-2026"," 1.87"," 1.84"," 1.84"," 1.84"," 1.84"," 1.84"," 1.84"," 131930"," 2.43"," 51"," -"," -"
METAL," EQ"," 02-Jan-2026"," 11.30"," 11.58"," 11.58"," 11.34"," 11.48"," 11.48"," 11.44"," 11709645"," 1339.34"," 8279"," 10856230"," 92.71"
METALIETF," EQ"," 02-Jan-2026"," 11.31"," 11.59"," 11.75"," 11.32"," 11.51"," 11.48"," 11.43"," 50829500"," 5812.04"," 22692"," 45134934"," 88.80"
METROBRAND," EQ"," 02-Jan-2026"," 1202.30"," 1193.00"," 1210.80"," 1174.30"," 1174.30"," 1180.10"," 1189.75"," 29683"," 353.15"," 4058"," 15806"," 53.25"
METROPOLIS," EQ"," 02-Jan-2026"," 1896.80"," 1885.10"," 1950.00"," 1860.10"," 1945.00"," 1933.30"," 1909.09"," 47020"," 897.65"," 6082"," 25249"," 53.70"
MFML," EQ"," 02-Jan-2026"," 25.03"," 25.88"," 25.88"," 24.66"," 24.70"," 24.70"," 24.81"," 13908"," 3.45"," 88"," 12788"," 91.95"
MFSL," EQ"," 02-Jan-2026"," 1674.00"," 1681.20"," 1689.90"," 1660.00"," 1673.80"," 1671.00"," 1672.54"," 311456"," 5209.24"," 28608"," 196601"," 63.12"
MGEL," EQ"," 02-Jan-2026"," 13.96"," 14.21"," 14.45"," 14.00"," 14.16"," 14.14"," 14.24"," 850773"," 121.17"," 3143"," 387581"," 45.56"
MGL," EQ"," 02-Jan-2026"," 1128.10"," 1129.00"," 1152.50"," 1123.00"," 1146.00"," 1142.00"," 1140.36"," 218897"," 2496.22"," 16381"," 110065"," 50.28"
MGSL," SM"," 02-Jan-2026"," 105.45"," 109.30"," 110.00"," 106.75"," 106.75"," 106.75"," 108.68"," 3600"," 3.91"," 3"," 2400"," 66.67"
MHHL," SM"," 02-Jan-2026"," 37.50"," 38.00"," 38.00"," 38.00"," 38.00"," 38.00"," 38.00"," 1500"," 0.57"," 1"," 1500"," 100.00"
MHLXMIRU," EQ"," 02-Jan-2026"," 209.94"," 220.00"," 220.00"," 203.00"," 207.00"," 206.32"," 206.52"," 8853"," 18.28"," 567"," 4837"," 54.64"
MHRIL," EQ"," 02-Jan-2026"," 308.40"," 307.00"," 314.00"," 305.55"," 309.00"," 308.05"," 309.46"," 80218"," 248.24"," 4830"," 46628"," 58.13"
MICEL," EQ"," 02-Jan-2026"," 43.65"," 43.88"," 45.00"," 43.33"," 44.95"," 44.82"," 44.46"," 915236"," 406.90"," 4477"," 424650"," 46.40"
MICROPRO," SM"," 02-Jan-2026"," 20.00"," 19.50"," 19.50"," 19.50"," 19.50"," 19.50"," 19.50"," 1600"," 0.31"," 1"," 1600"," 100.00"
MID150," EQ"," 02-Jan-2026"," 22.61"," 23.17"," 23.17"," 22.54"," 22.91"," 22.92"," 22.87"," 132864"," 30.38"," 512"," 46596"," 35.07"
MID150BEES," EQ"," 02-Jan-2026"," 230.69"," 231.40"," 233.00"," 230.57"," 232.85"," 232.35"," 232.21"," 767290"," 1781.69"," 6921"," 593245"," 77.32"
MID150CASE," EQ"," 02-Jan-2026"," 11.16"," 11.36"," 11.36"," 11.01"," 11.29"," 11.27"," 11.23"," 1883285"," 211.50"," 4521"," 1406273"," 74.67"
MIDCAP," EQ"," 02-Jan-2026"," 176.50"," 172.08"," 178.36"," 172.08"," 178.26"," 178.13"," 177.74"," 50521"," 89.80"," 642"," 30247"," 59.87"
MIDCAPADD," EQ"," 02-Jan-2026"," 22.40"," 22.45"," 22.63"," 22.26"," 22.52"," 22.53"," 22.57"," 50290"," 11.35"," 59"," 44590"," 88.67"
MIDCAPBETA," EQ"," 02-Jan-2026"," 225.30"," 225.30"," 230.05"," 225.27"," 227.77"," 228.37"," 227.87"," 7780"," 17.73"," 88"," 6002"," 77.15"
MIDCAPETF," EQ"," 02-Jan-2026"," 22.79"," 23.35"," 23.35"," 22.80"," 23.02"," 23.00"," 22.95"," 1763619"," 404.68"," 5432"," 1449546"," 82.19"
MIDCAPIETF," EQ"," 02-Jan-2026"," 23.04"," 23.04"," 23.50"," 23.04"," 23.29"," 23.26"," 23.21"," 1048651"," 243.39"," 2607"," 777485"," 74.14"
MIDHANI," EQ"," 02-Jan-2026"," 341.75"," 340.05"," 360.70"," 340.05"," 354.30"," 355.15"," 351.94"," 1661827"," 5848.61"," 29638"," 354184"," 21.31"
MIDQ50ADD," EQ"," 02-Jan-2026"," 247.59"," 247.58"," 249.03"," 246.93"," 249.00"," 248.69"," 248.00"," 2146"," 5.32"," 94"," 1636"," 76.23"
MIDSELIETF," EQ"," 02-Jan-2026"," 18.53"," 18.99"," 19.09"," 18.06"," 18.74"," 18.77"," 18.69"," 309235"," 57.81"," 818"," 258293"," 83.53"
MIDSMALL," EQ"," 02-Jan-2026"," 47.72"," 47.86"," 48.15"," 47.86"," 48.14"," 48.11"," 48.04"," 200160"," 96.16"," 841"," 173378"," 86.62"
MIDWESTLTD," EQ"," 02-Jan-2026"," 1742.60"," 1747.20"," 1747.20"," 1695.60"," 1705.00"," 1711.60"," 1716.40"," 57010"," 978.52"," 5033"," 22813"," 40.02"
MIEL," SM"," 02-Jan-2026"," 20.70"," 20.70"," 21.40"," 20.70"," 20.75"," 20.75"," 20.95"," 6000"," 1.26"," 3"," 4000"," 66.67"
MINDACORP," EQ"," 02-Jan-2026"," 584.90"," 585.80"," 609.35"," 582.80"," 600.20"," 602.50"," 599.10"," 775507"," 4646.09"," 27771"," 455154"," 58.69"
MINDSPACE," RR"," 02-Jan-2026"," 474.01"," 475.30"," 478.00"," 473.58"," 474.50"," 474.41"," 474.99"," 52797"," 250.78"," 5723"," 45702"," 86.56"
MINDTECK," EQ"," 02-Jan-2026"," 204.84"," 204.50"," 226.00"," 200.36"," 221.65"," 220.31"," 220.21"," 498147"," 1096.97"," 7156"," 89841"," 18.04"
MIRCELECTR," EQ"," 02-Jan-2026"," 28.17"," 28.05"," 29.00"," 27.77"," 28.99"," 28.83"," 28.58"," 676782"," 193.43"," 1778"," 480728"," 71.03"
MIRZAINT," EQ"," 02-Jan-2026"," 36.93"," 37.20"," 38.50"," 36.50"," 36.75"," 37.08"," 36.88"," 192581"," 71.02"," 1604"," 101863"," 52.89"
MITCON," EQ"," 02-Jan-2026"," 66.75"," 66.61"," 68.65"," 66.51"," 67.00"," 66.88"," 67.24"," 3553"," 2.39"," 71"," 2903"," 81.71"
MITTAL," EQ"," 02-Jan-2026"," 1.14"," 1.15"," 1.16"," 1.11"," 1.14"," 1.13"," 1.14"," 1216045"," 13.90"," 607"," 793302"," 65.24"
MKPL," EQ"," 02-Jan-2026"," 6.05"," 6.06"," 6.12"," 5.85"," 5.97"," 5.96"," 5.96"," 276741"," 16.49"," 761"," 174396"," 63.02"
MMFL," EQ"," 02-Jan-2026"," 362.25"," 359.40"," 401.10"," 359.40"," 400.00"," 394.45"," 387.98"," 1047628"," 4064.60"," 37980"," 236106"," 22.54"
MMP," EQ"," 02-Jan-2026"," 266.10"," 270.05"," 275.00"," 264.75"," 272.50"," 271.95"," 269.85"," 20533"," 55.41"," 656"," 15408"," 75.04"
MMTC," EQ"," 02-Jan-2026"," 65.71"," 65.39"," 71.00"," 65.39"," 67.30"," 67.30"," 69.10"," 17631214"," 12182.46"," 54291"," 2550962"," 14.47"
MNC," EQ"," 02-Jan-2026"," 31.30"," 31.37"," 31.55"," 31.24"," 31.53"," 31.53"," 31.47"," 169760"," 53.42"," 606"," 162562"," 95.76"
MOALPHA50," EQ"," 02-Jan-2026"," 50.21"," 50.33"," 50.61"," 50.33"," 50.61"," 50.60"," 50.46"," 3742"," 1.89"," 29"," 3423"," 91.48"
MOBIKWIK," EQ"," 02-Jan-2026"," 230.05"," 230.98"," 230.98"," 227.21"," 228.85"," 228.60"," 228.86"," 603233"," 1380.57"," 7972"," 279133"," 46.27"
MOCAPITAL," EQ"," 02-Jan-2026"," 46.46"," 46.96"," 47.00"," 46.45"," 47.00"," 46.90"," 46.85"," 347165"," 162.65"," 1565"," 238583"," 68.72"
MODEFENCE," EQ"," 02-Jan-2026"," 84.86"," 85.45"," 85.64"," 84.95"," 85.60"," 85.49"," 85.36"," 2020018"," 1724.26"," 6866"," 1348072"," 66.74"
MODINATUR," EQ"," 02-Jan-2026"," 353.80"," 357.95"," 369.00"," 349.00"," 357.00"," 356.65"," 356.72"," 2417"," 8.62"," 182"," 1686"," 69.76"
MODIRUBBER," EQ"," 02-Jan-2026"," 138.69"," 138.78"," 144.80"," 138.78"," 141.00"," 141.14"," 142.31"," 20346"," 28.95"," 803"," 9671"," 47.53"
MODIS," EQ"," 02-Jan-2026"," 343.45"," 347.95"," 360.00"," 337.50"," 338.20"," 339.05"," 348.67"," 19060"," 66.46"," 834"," 9497"," 49.83"
MODISONLTD," EQ"," 02-Jan-2026"," 152.07"," 154.00"," 162.10"," 152.50"," 159.61"," 160.41"," 159.54"," 187431"," 299.03"," 3894"," 51469"," 27.46"
MODTHREAD," EQ"," 02-Jan-2026"," 46.00"," 45.99"," 46.23"," 43.98"," 44.00"," 44.01"," 44.84"," 4738"," 2.12"," 67"," 1727"," 36.45"
MOENERGY," EQ"," 02-Jan-2026"," 35.51"," 35.88"," 36.40"," 35.51"," 36.22"," 36.26"," 36.06"," 135154"," 48.73"," 428"," 101431"," 75.05"
MOGOLD," EQ"," 02-Jan-2026"," 131.55"," 131.80"," 136.75"," 131.80"," 134.00"," 134.75"," 133.27"," 994796"," 1325.76"," 834"," 952035"," 95.70"
MOGSEC," EQ"," 02-Jan-2026"," 62.99"," 62.99"," 63.00"," 62.80"," 62.95"," 62.95"," 62.91"," 1318"," 0.83"," 40"," 1313"," 99.62"
MOHEALTH," EQ"," 02-Jan-2026"," 44.34"," 44.89"," 44.89"," 44.16"," 44.63"," 44.49"," 44.45"," 54373"," 24.17"," 573"," 38207"," 70.27"
MOHITIND," EQ"," 02-Jan-2026"," 28.10"," 28.30"," 29.75"," 28.01"," 28.90"," 29.04"," 28.79"," 22101"," 6.36"," 336"," 16190"," 73.25"
MOIL," EQ"," 02-Jan-2026"," 367.85"," 371.50"," 381.00"," 368.80"," 375.00"," 375.20"," 374.51"," 2148450"," 8046.15"," 33869"," 740531"," 34.47"
MOINFRA," EQ"," 02-Jan-2026"," 60.27"," 60.51"," 61.51"," 60.51"," 61.38"," 61.38"," 61.09"," 7478"," 4.57"," 57"," 5694"," 76.14"
MOIPO," EQ"," 02-Jan-2026"," 46.35"," 46.11"," 46.54"," 46.11"," 46.54"," 46.54"," 46.54"," 821"," 0.38"," 16"," 815"," 99.27"
MOKSH," EQ"," 02-Jan-2026"," 14.24"," 14.06"," 15.60"," 14.03"," 14.70"," 14.51"," 14.79"," 734646"," 108.67"," 1364"," 230213"," 31.34"
MOL," EQ"," 02-Jan-2026"," 63.72"," 64.22"," 65.61"," 62.15"," 64.99"," 64.73"," 64.35"," 359148"," 231.13"," 3662"," 186625"," 51.96"
MOLDTECH," EQ"," 02-Jan-2026"," 150.50"," 148.57"," 153.78"," 148.57"," 152.00"," 151.18"," 151.66"," 21124"," 32.04"," 771"," 13664"," 64.68"
MOLDTKPAC," EQ"," 02-Jan-2026"," 606.15"," 605.00"," 622.00"," 600.90"," 610.00"," 615.25"," 614.14"," 35892"," 220.43"," 5277"," 18628"," 51.90"
MOLOWVOL," EQ"," 02-Jan-2026"," 38.99"," 38.99"," 39.22"," 38.89"," 39.22"," 39.11"," 39.09"," 2480"," 0.97"," 36"," 2429"," 97.94"
MOM100," EQ"," 02-Jan-2026"," 65.40"," 65.49"," 66.07"," 65.13"," 65.81"," 66.01"," 65.82"," 609710"," 401.33"," 2666"," 521530"," 85.54"
MOM30IETF," EQ"," 02-Jan-2026"," 31.81"," 32.60"," 32.60"," 31.82"," 32.19"," 32.14"," 32.14"," 3386139"," 1088.33"," 2074"," 3062662"," 90.45"
MOM50," EQ"," 02-Jan-2026"," 271.90"," 269.99"," 273.83"," 269.90"," 273.80"," 273.60"," 272.17"," 6241"," 16.99"," 181"," 4186"," 67.07"
MOMENTUM," EQ"," 02-Jan-2026"," 31.64"," 32.43"," 32.43"," 31.36"," 32.02"," 32.00"," 31.98"," 756096"," 241.83"," 276"," 714134"," 94.45"
MOMENTUM30," EQ"," 02-Jan-2026"," 31.33"," 31.48"," 31.69"," 31.41"," 31.60"," 31.62"," 31.55"," 19185"," 6.05"," 64"," 15959"," 83.18"
MOMENTUM50," EQ"," 02-Jan-2026"," 52.40"," 52.90"," 52.95"," 52.57"," 52.80"," 52.85"," 52.79"," 410157"," 216.53"," 1673"," 356323"," 86.87"
MOMGF," EQ"," 02-Jan-2026"," 153.52"," 154.25"," 155.39"," 152.32"," 155.39"," 155.12"," 154.63"," 2198"," 3.40"," 50"," 2183"," 99.32"
MOMIDMTM," EQ"," 02-Jan-2026"," 63.14"," 63.67"," 63.77"," 62.56"," 63.77"," 63.72"," 63.21"," 59460"," 37.58"," 210"," 37256"," 62.66"
MOMNC," EQ"," 02-Jan-2026"," 30.50"," 31.11"," 31.11"," 30.34"," 30.65"," 30.65"," 30.71"," 1239"," 0.38"," 15"," 1109"," 89.51"
MOMOMENTUM," EQ"," 02-Jan-2026"," 63.16"," 63.17"," 64.00"," 63.09"," 63.97"," 63.95"," 63.77"," 91192"," 58.15"," 532"," 62446"," 68.48"
MON100," EQ"," 02-Jan-2026"," 234.54"," 235.47"," 235.99"," 232.06"," 235.40"," 234.90"," 234.56"," 902135"," 2116.09"," 15941"," 501187"," 55.56"
MON50EQUAL," EQ"," 02-Jan-2026"," 33.56"," 33.00"," 34.07"," 33.00"," 33.87"," 33.86"," 33.85"," 6542"," 2.21"," 49"," 5017"," 76.69"
MONARCH," EQ"," 02-Jan-2026"," 314.40"," 314.45"," 319.80"," 311.50"," 311.75"," 313.05"," 315.25"," 78690"," 248.07"," 3029"," 31844"," 40.47"
MONEXT50," EQ"," 02-Jan-2026"," 69.02"," 69.38"," 69.85"," 69.38"," 69.77"," 69.77"," 69.70"," 4306"," 3.00"," 50"," 4268"," 99.12"
MONEYBOXX," EQ"," 02-Jan-2026"," 62.00"," 62.31"," 62.31"," 61.00"," 62.00"," 61.81"," 61.52"," 13604"," 8.37"," 431"," 8552"," 62.86"
MONIFTY100," EQ"," 02-Jan-2026"," 26.84"," 26.89"," 26.97"," 26.82"," 26.97"," 26.97"," 26.84"," 7771"," 2.09"," 25"," 7769"," 99.97"
MONIFTY500," EQ"," 02-Jan-2026"," 24.34"," 24.34"," 24.59"," 24.27"," 24.52"," 24.50"," 24.49"," 338546"," 82.92"," 1356"," 256183"," 75.67"
MONOLITH," SM"," 02-Jan-2026"," 499.50"," 493.15"," 507.65"," 493.15"," 500.55"," 503.50"," 503.12"," 5750"," 28.93"," 20"," 4000"," 69.57"
MONQ50," EQ"," 02-Jan-2026"," 99.07"," 96.59"," 99.77"," 96.59"," 99.49"," 99.36"," 99.23"," 89981"," 89.29"," 1730"," 59287"," 65.89"
MONTECARLO," EQ"," 02-Jan-2026"," 636.45"," 636.50"," 646.40"," 633.00"," 643.10"," 643.15"," 641.65"," 25814"," 165.64"," 1800"," 10468"," 40.55"
MOPSE," EQ"," 02-Jan-2026"," 99.85"," 99.85"," 104.00"," 99.85"," 102.60"," 102.58"," 102.00"," 9253"," 9.44"," 85"," 5520"," 59.66"
MOQUALITY," EQ"," 02-Jan-2026"," 199.41"," 199.80"," 200.21"," 199.21"," 200.21"," 200.02"," 199.92"," 734"," 1.47"," 29"," 727"," 99.05"
MOREALTY," EQ"," 02-Jan-2026"," 88.44"," 88.49"," 89.81"," 88.46"," 89.72"," 89.69"," 89.38"," 626027"," 559.52"," 2513"," 481128"," 76.85"
MOREPENLAB," EQ"," 02-Jan-2026"," 41.11"," 41.11"," 42.15"," 41.11"," 42.10"," 42.03"," 41.77"," 1535258"," 641.26"," 7288"," 732776"," 47.73"
MOS," SM"," 02-Jan-2026"," 22.90"," 23.15"," 23.70"," 22.70"," 23.45"," 23.45"," 23.39"," 1168000"," 273.20"," 116"," 900000"," 77.05"
MOSCHIP," EQ"," 02-Jan-2026"," 202.19"," 202.60"," 212.60"," 202.15"," 211.02"," 211.05"," 209.43"," 2512293"," 5261.51"," 29893"," 665134"," 26.48"
MOSERVICE," EQ"," 02-Jan-2026"," 33.76"," 33.86"," 34.05"," 33.86"," 34.05"," 34.05"," 33.98"," 5713"," 1.94"," 25"," 5713"," 100.00"
MOSILVER," EQ"," 02-Jan-2026"," 223.12"," 226.47"," 229.44"," 224.00"," 229.00"," 228.98"," 228.73"," 420584"," 962.00"," 1248"," 372413"," 88.55"
MOSMALL250," EQ"," 02-Jan-2026"," 16.72"," 16.80"," 16.87"," 16.66"," 16.86"," 16.84"," 16.81"," 819940"," 137.82"," 2297"," 683733"," 83.39"
MOTHERSON," EQ"," 02-Jan-2026"," 122.52"," 122.90"," 124.71"," 121.67"," 122.00"," 122.04"," 122.81"," 20423410"," 25082.50"," 91598"," 9542380"," 46.72"
MOTILALOFS," EQ"," 02-Jan-2026"," 841.65"," 845.90"," 870.60"," 845.90"," 866.90"," 866.70"," 862.67"," 685555"," 5914.06"," 32210"," 375055"," 54.71"
MOTISONS," EQ"," 02-Jan-2026"," 14.62"," 14.66"," 14.89"," 14.50"," 14.60"," 14.59"," 14.67"," 3525158"," 517.08"," 7370"," 2069016"," 58.69"
MOTOGENFIN," EQ"," 02-Jan-2026"," 22.86"," 22.97"," 23.48"," 22.53"," 23.10"," 23.18"," 23.10"," 8915"," 2.06"," 65"," 8524"," 95.61"
MOTOUR," EQ"," 02-Jan-2026"," 85.90"," 85.96"," 86.48"," 85.73"," 86.36"," 86.39"," 86.06"," 11816"," 10.17"," 175"," 9027"," 76.40"
MOVALUE," EQ"," 02-Jan-2026"," 117.33"," 117.92"," 119.11"," 117.21"," 118.89"," 118.82"," 118.72"," 250203"," 297.04"," 2065"," 129964"," 51.94"
MOXSH," ST"," 02-Jan-2026"," 84.40"," 80.60"," 81.00"," 80.60"," 81.00"," 81.00"," 80.98"," 99200"," 80.33"," 17"," 99200"," 100.00"
MPEL," SM"," 02-Jan-2026"," 90.00"," 89.00"," 90.00"," 89.00"," 90.00"," 90.00"," 89.95"," 35200"," 31.66"," 4"," 35200"," 100.00"
MPHASIS," EQ"," 02-Jan-2026"," 2828.60"," 2842.00"," 2844.30"," 2800.20"," 2811.00"," 2807.20"," 2809.29"," 124901"," 3508.83"," 14011"," 63451"," 50.80"
MPSLTD," EQ"," 02-Jan-2026"," 2004.60"," 2009.00"," 2011.30"," 1970.00"," 1992.00"," 1985.90"," 1991.25"," 17607"," 350.60"," 3251"," 11873"," 67.43"
MRF," EQ"," 02-Jan-2026"," 151535.00"," 151600.00"," 151960.00"," 150470.00"," 150770.00"," 150685.00"," 151072.67"," 3834"," 5792.13"," 2643"," 1371"," 35.76"
MRIL," SM"," 02-Jan-2026"," 51.00"," 50.00"," 52.30"," 50.00"," 51.95"," 51.95"," 51.20"," 9600"," 4.92"," 6"," 6400"," 66.67"
MRPL," EQ"," 02-Jan-2026"," 153.48"," 152.75"," 153.58"," 149.20"," 151.40"," 151.31"," 151.07"," 3886148"," 5870.87"," 27113"," 1056427"," 27.18"
MSCIADD," EQ"," 02-Jan-2026"," 30.83"," 30.90"," 31.14"," 30.90"," 31.14"," 31.14"," 30.99"," 3380"," 1.05"," 22"," 3179"," 94.05"
MSCIINDIA," EQ"," 02-Jan-2026"," 31.22"," 31.05"," 31.41"," 31.05"," 31.32"," 31.35"," 31.33"," 10261"," 3.21"," 80"," 6751"," 65.79"
MSPL," EQ"," 02-Jan-2026"," 37.05"," 37.37"," 37.49"," 36.61"," 36.99"," 37.03"," 37.01"," 822580"," 304.47"," 2723"," 442770"," 53.83"
MSTCLTD," EQ"," 02-Jan-2026"," 514.15"," 515.00"," 541.20"," 510.55"," 528.40"," 528.30"," 530.61"," 515834"," 2737.08"," 14637"," 191662"," 37.16"
MSUMI," EQ"," 02-Jan-2026"," 48.92"," 48.50"," 50.00"," 48.22"," 49.75"," 49.85"," 49.34"," 9549993"," 4711.72"," 39236"," 4850627"," 50.79"
MTARTECH," EQ"," 02-Jan-2026"," 2395.50"," 2395.50"," 2401.50"," 2356.10"," 2389.00"," 2372.20"," 2374.30"," 99684"," 2366.80"," 13321"," 37775"," 37.89"
MTEDUCARE," BE"," 02-Jan-2026"," 1.70"," 1.66"," 1.73"," 1.64"," 1.73"," 1.72"," 1.67"," 18159"," 0.30"," 24"," -"," -"
MTNL," EQ"," 02-Jan-2026"," 36.50"," 36.50"," 36.89"," 36.32"," 36.88"," 36.77"," 36.71"," 1163453"," 427.15"," 4931"," 469624"," 40.36"
MUFIN," EQ"," 02-Jan-2026"," 116.04"," 118.00"," 121.89"," 116.37"," 119.00"," 118.79"," 118.89"," 2210557"," 2628.21"," 11730"," 716327"," 32.40"
MUFTI," EQ"," 02-Jan-2026"," 99.44"," 99.36"," 101.60"," 99.02"," 99.84"," 100.19"," 100.22"," 99840"," 100.06"," 1358"," 58874"," 58.97"
MUKANDLTD," EQ"," 02-Jan-2026"," 136.50"," 136.20"," 139.39"," 134.91"," 138.85"," 138.81"," 138.08"," 82082"," 113.33"," 3009"," 47097"," 57.38"
MUKKA," EQ"," 02-Jan-2026"," 24.06"," 24.16"," 24.18"," 23.90"," 24.03"," 24.05"," 24.01"," 234861"," 56.40"," 2166"," 148616"," 63.28"
MUKTAARTS," EQ"," 02-Jan-2026"," 62.68"," 62.02"," 63.75"," 61.06"," 63.75"," 63.08"," 62.45"," 7027"," 4.39"," 137"," 5083"," 72.34"
MULTICAP," EQ"," 02-Jan-2026"," 16.62"," 16.65"," 16.77"," 16.61"," 16.75"," 16.73"," 16.70"," 184732"," 30.86"," 448"," 181335"," 98.16"
MUNISH," SM"," 02-Jan-2026"," 103.00"," 104.00"," 107.85"," 101.95"," 103.90"," 103.65"," 105.97"," 88800"," 94.10"," 37"," 80400"," 90.54"
MUNJALAU," EQ"," 02-Jan-2026"," 79.85"," 80.13"," 85.20"," 80.13"," 83.75"," 83.42"," 83.62"," 483129"," 404.01"," 5871"," 149020"," 30.84"
MUNJALSHOW," EQ"," 02-Jan-2026"," 123.30"," 124.90"," 127.65"," 122.52"," 125.90"," 125.40"," 125.67"," 52060"," 65.43"," 1350"," 19958"," 38.34"
MURUDCERA," EQ"," 02-Jan-2026"," 34.65"," 34.65"," 35.40"," 34.65"," 35.26"," 35.13"," 35.08"," 32989"," 11.57"," 437"," 19585"," 59.37"
MUTHOOTCAP," EQ"," 02-Jan-2026"," 272.30"," 273.70"," 291.20"," 271.85"," 280.05"," 278.80"," 280.85"," 98411"," 276.39"," 1981"," 54624"," 55.51"
MUTHOOTFIN," EQ"," 02-Jan-2026"," 3839.00"," 3835.00"," 3884.80"," 3797.70"," 3827.00"," 3820.80"," 3843.74"," 394926"," 15179.91"," 49683"," 214218"," 54.24"
MUTHOOTMF," EQ"," 02-Jan-2026"," 172.49"," 175.10"," 179.09"," 172.00"," 175.80"," 176.37"," 176.02"," 169357"," 298.10"," 4444"," 86514"," 51.08"
MVGJL," EQ"," 02-Jan-2026"," 182.00"," 181.60"," 185.50"," 181.60"," 185.00"," 183.45"," 183.58"," 88216"," 161.95"," 1473"," 65987"," 74.80"
MVKAGRO," ST"," 02-Jan-2026"," 749.55"," 745.00"," 750.00"," 721.00"," 727.05"," 727.05"," 734.33"," 78600"," 577.18"," 41"," 78000"," 99.24"
MWL," EQ"," 02-Jan-2026"," 279.35"," 280.75"," 283.25"," 271.00"," 274.00"," 272.55"," 275.45"," 169377"," 466.56"," 2787"," 84807"," 50.07"
MYMUDRA," SM"," 02-Jan-2026"," 91.25"," 93.00"," 94.00"," 91.05"," 91.05"," 91.05"," 92.92"," 7200"," 6.69"," 6"," 6000"," 83.33"
NACLIND," BE"," 02-Jan-2026"," 171.95"," 170.40"," 172.00"," 164.10"," 168.00"," 167.94"," 168.76"," 166090"," 280.30"," 3243"," -"," -"
NAGAFERT," EQ"," 02-Jan-2026"," 5.43"," 5.35"," 5.47"," 5.25"," 5.39"," 5.37"," 5.39"," 561616"," 30.26"," 889"," 412845"," 73.51"
NAGREEKCAP," BE"," 02-Jan-2026"," 26.90"," 27.90"," 27.90"," 26.98"," 27.40"," 27.48"," 27.45"," 5130"," 1.41"," 41"," -"," -"
NAGREEKEXP," EQ"," 02-Jan-2026"," 25.44"," 25.22"," 25.95"," 25.22"," 25.80"," 25.65"," 25.54"," 14226"," 3.63"," 97"," 12546"," 88.19"
NAHARCAP," EQ"," 02-Jan-2026"," 253.50"," 255.60"," 263.95"," 253.65"," 257.00"," 259.10"," 258.19"," 4183"," 10.80"," 165"," 2550"," 60.96"
NAHARINDUS," EQ"," 02-Jan-2026"," 107.97"," 108.25"," 114.99"," 108.10"," 110.50"," 110.66"," 111.45"," 19636"," 21.88"," 646"," 9864"," 50.23"
NAHARPOLY," EQ"," 02-Jan-2026"," 232.93"," 231.01"," 240.35"," 230.00"," 238.00"," 238.31"," 235.42"," 19169"," 45.13"," 1084"," 10988"," 57.32"
NAHARSPING," EQ"," 02-Jan-2026"," 193.99"," 192.80"," 197.59"," 192.80"," 194.49"," 194.57"," 194.98"," 12574"," 24.52"," 546"," 8232"," 65.47"
NAM-INDIA," EQ"," 02-Jan-2026"," 875.05"," 879.95"," 895.00"," 870.60"," 890.00"," 892.30"," 884.12"," 323554"," 2860.61"," 18955"," 173752"," 53.70"
NAMOEWASTE," SM"," 02-Jan-2026"," 181.60"," 181.70"," 188.30"," 181.70"," 184.00"," 184.05"," 185.39"," 16000"," 29.66"," 19"," 10400"," 65.00"
NARMADA," BE"," 02-Jan-2026"," 21.75"," 21.75"," 22.80"," 21.75"," 22.50"," 22.50"," 22.27"," 87380"," 19.46"," 152"," -"," -"
NATCAPSUQ," EQ"," 02-Jan-2026"," 181.01"," 178.50"," 199.11"," 178.50"," 196.70"," 197.67"," 197.47"," 46169"," 91.17"," 755"," 27530"," 59.63"
NATCOPHARM," EQ"," 02-Jan-2026"," 888.20"," 888.20"," 903.00"," 887.15"," 897.50"," 893.05"," 896.44"," 454790"," 4076.93"," 21560"," 168142"," 36.97"
NATHBIOGEN," EQ"," 02-Jan-2026"," 156.29"," 157.01"," 163.00"," 154.81"," 159.25"," 161.14"," 158.05"," 10347"," 16.35"," 408"," 7038"," 68.02"
NATIONALUM," EQ"," 02-Jan-2026"," 314.60"," 316.20"," 331.40"," 315.70"," 329.55"," 330.30"," 325.89"," 21272570"," 69325.90"," 127597"," 6461803"," 30.38"
NAUKRI," EQ"," 02-Jan-2026"," 1340.90"," 1345.00"," 1373.50"," 1335.40"," 1364.10"," 1367.70"," 1359.74"," 323120"," 4393.58"," 17729"," 149769"," 46.35"
NAVA," EQ"," 02-Jan-2026"," 565.00"," 565.00"," 574.80"," 563.25"," 572.95"," 573.45"," 571.05"," 188199"," 1074.71"," 6689"," 81341"," 43.22"
NAVINFLUOR," EQ"," 02-Jan-2026"," 5932.50"," 5915.00"," 5997.00"," 5881.50"," 5908.00"," 5903.00"," 5934.08"," 110033"," 6529.45"," 17647"," 51765"," 47.04"
NAVKARCORP," EQ"," 02-Jan-2026"," 101.14"," 102.00"," 102.00"," 100.31"," 101.22"," 101.32"," 101.04"," 150280"," 151.84"," 2331"," 75322"," 50.12"
NAVKARURB," EQ"," 02-Jan-2026"," 1.65"," 1.73"," 1.73"," 1.57"," 1.73"," 1.73"," 1.70"," 6101237"," 103.77"," 1642"," 3568171"," 58.48"
NAVNETEDUL," EQ"," 02-Jan-2026"," 142.04"," 142.54"," 152.70"," 140.00"," 148.00"," 147.64"," 149.44"," 1317436"," 1968.73"," 21614"," 321686"," 24.42"
NAZARA," EQ"," 02-Jan-2026"," 280.00"," 281.00"," 286.30"," 277.65"," 284.75"," 285.15"," 283.28"," 3420658"," 9690.15"," 16611"," 1471952"," 43.03"
NBCC," EQ"," 02-Jan-2026"," 122.10"," 122.50"," 123.43"," 121.51"," 122.70"," 122.67"," 122.48"," 8357400"," 10236.10"," 37723"," 3118170"," 37.31"
NBIFIN," EQ"," 02-Jan-2026"," 2238.00"," 2209.40"," 2257.90"," 2201.10"," 2235.00"," 2232.90"," 2232.60"," 165"," 3.68"," 34"," 127"," 76.97"
NCC," EQ"," 02-Jan-2026"," 161.62"," 162.22"," 162.30"," 159.20"," 161.69"," 161.49"," 160.66"," 3914729"," 6289.26"," 26944"," 1522817"," 38.90"
NCLIND," EQ"," 02-Jan-2026"," 203.16"," 203.21"," 209.17"," 201.21"," 208.90"," 207.50"," 205.72"," 127868"," 263.06"," 2352"," 71070"," 55.58"
NDGL," EQ"," 02-Jan-2026"," 2826.70"," 2946.00"," 2946.00"," 2800.00"," 2804.00"," 2804.00"," 2833.90"," 453"," 12.84"," 79"," 365"," 80.57"
NDL," EQ"," 02-Jan-2026"," 2.93"," 2.94"," 2.99"," 2.94"," 2.98"," 2.96"," 2.96"," 972990"," 28.78"," 1703"," 604813"," 62.16"
NDLVENTURE," EQ"," 02-Jan-2026"," 88.33"," 88.52"," 90.77"," 88.33"," 89.02"," 89.89"," 89.62"," 5309"," 4.76"," 55"," 4509"," 84.93"
NDRAUTO," EQ"," 02-Jan-2026"," 805.00"," 810.00"," 826.80"," 805.50"," 823.00"," 821.85"," 818.12"," 16658"," 136.28"," 2200"," 8690"," 52.17"
NDTV," EQ"," 02-Jan-2026"," 99.37"," 99.55"," 101.50"," 98.23"," 101.05"," 100.28"," 99.46"," 387751"," 385.64"," 4484"," 153571"," 39.61"
NECCLTD," EQ"," 02-Jan-2026"," 18.20"," 18.36"," 18.75"," 18.26"," 18.65"," 18.63"," 18.49"," 95170"," 17.60"," 344"," 66545"," 69.92"
NECLIFE," BE"," 02-Jan-2026"," 20.38"," 20.80"," 20.90"," 19.40"," 19.99"," 20.12"," 19.98"," 592356"," 118.35"," 1324"," -"," -"
NEELAM," SM"," 02-Jan-2026"," 14.00"," 14.00"," 14.00"," 14.00"," 14.00"," 14.00"," 14.00"," 6000"," 0.84"," 1"," 6000"," 100.00"
NELCAST," EQ"," 02-Jan-2026"," 103.93"," 103.42"," 106.89"," 103.42"," 105.11"," 105.66"," 105.56"," 66724"," 70.43"," 1752"," 33974"," 50.92"
NELCO," EQ"," 02-Jan-2026"," 722.10"," 727.20"," 733.00"," 722.75"," 730.00"," 729.60"," 729.54"," 54839"," 400.07"," 4321"," 27567"," 50.27"
NEOCHEM," SM"," 02-Jan-2026"," 85.50"," 88.80"," 88.95"," 84.25"," 84.25"," 84.45"," 85.43"," 40800"," 34.86"," 27"," 32400"," 79.41"
NEOGEN," EQ"," 02-Jan-2026"," 1176.00"," 1182.00"," 1182.00"," 1150.20"," 1160.00"," 1154.30"," 1159.88"," 52167"," 605.07"," 5662"," 23601"," 45.24"
NEPHROCARE," ST"," 02-Jan-2026"," 110.25"," 113.45"," 115.00"," 112.00"," 112.25"," 112.30"," 113.07"," 10800"," 12.21"," 20"," 10400"," 96.30"
NEPHROPLUS," EQ"," 02-Jan-2026"," 455.80"," 457.00"," 478.15"," 457.00"," 476.00"," 474.40"," 473.00"," 297576"," 1407.52"," 11487"," 165746"," 55.70"
NEPTUNE," SM"," 02-Jan-2026"," 201.95"," 196.55"," 204.30"," 196.50"," 199.00"," 199.50"," 199.70"," 21000"," 41.94"," 21"," 15000"," 71.43"
NESCO," EQ"," 02-Jan-2026"," 1225.00"," 1215.40"," 1253.30"," 1215.40"," 1246.80"," 1245.90"," 1241.61"," 25491"," 316.50"," 3633"," 13412"," 52.61"
NESTLEIND," EQ"," 02-Jan-2026"," 1295.00"," 1292.00"," 1299.00"," 1277.60"," 1280.40"," 1279.70"," 1284.76"," 736473"," 9461.90"," 40947"," 436663"," 59.29"
NETF," EQ"," 02-Jan-2026"," 283.04"," 290.11"," 290.11"," 282.56"," 284.69"," 283.86"," 284.22"," 1657"," 4.71"," 130"," 1209"," 72.96"
NETWEB," EQ"," 02-Jan-2026"," 3075.90"," 3070.00"," 3071.00"," 3012.00"," 3040.00"," 3024.10"," 3032.01"," 294265"," 8922.15"," 27459"," 103929"," 35.32"
NETWORK18," EQ"," 02-Jan-2026"," 43.11"," 43.25"," 44.24"," 42.57"," 43.85"," 43.78"," 43.54"," 2801698"," 1219.74"," 14428"," 1179788"," 42.11"
NEULANDLAB," EQ"," 02-Jan-2026"," 15060.00"," 15060.00"," 15490.00"," 14980.00"," 15282.00"," 15276.00"," 15165.98"," 25090"," 3805.14"," 9877"," 11474"," 45.73"
NEWGEN," EQ"," 02-Jan-2026"," 834.90"," 834.90"," 845.00"," 828.20"," 843.20"," 840.15"," 835.84"," 113946"," 952.41"," 6959"," 52768"," 46.31"
NEWJAISA," SM"," 02-Jan-2026"," 27.95"," 27.40"," 27.40"," 27.40"," 27.40"," 27.40"," 27.40"," 1500"," 0.41"," 1"," 1500"," 100.00"
NEXT30ADD," EQ"," 02-Jan-2026"," 41.07"," 41.23"," 41.51"," 41.09"," 41.41"," 41.42"," 41.33"," 3255"," 1.35"," 56"," 2564"," 78.77"
NEXT50," EQ"," 02-Jan-2026"," 715.31"," 715.99"," 723.56"," 715.37"," 722.30"," 723.09"," 721.31"," 22328"," 161.05"," 512"," 16739"," 74.97"
NEXT50BETA," EQ"," 02-Jan-2026"," 74.75"," 75.37"," 75.50"," 74.74"," 75.48"," 75.41"," 75.18"," 209868"," 157.78"," 624"," 185328"," 88.31"
NEXT50IETF," EQ"," 02-Jan-2026"," 73.16"," 73.16"," 73.85"," 73.14"," 73.81"," 73.77"," 73.63"," 605430"," 445.76"," 4531"," 508938"," 84.06"
NEXTMEDIA," EQ"," 02-Jan-2026"," 6.11"," 6.11"," 6.18"," 6.00"," 6.11"," 6.10"," 6.10"," 4247"," 0.26"," 38"," 2782"," 65.51"
NFL," EQ"," 02-Jan-2026"," 90.35"," 90.84"," 92.70"," 90.30"," 91.20"," 91.66"," 91.66"," 1966286"," 1802.39"," 10303"," 672440"," 34.20"
NGIL," EQ"," 02-Jan-2026"," 30.77"," 31.00"," 31.00"," 29.52"," 30.70"," 29.96"," 30.07"," 14611"," 4.39"," 143"," 9281"," 63.52"
NGLFINE," EQ"," 02-Jan-2026"," 1396.60"," 1403.50"," 1420.00"," 1391.00"," 1420.00"," 1408.10"," 1405.14"," 704"," 9.89"," 84"," 655"," 93.04"
NH," EQ"," 02-Jan-2026"," 1934.40"," 1934.80"," 1938.30"," 1910.60"," 1922.20"," 1921.10"," 1923.77"," 257083"," 4945.68"," 23394"," 128766"," 50.09"
NHIT," IV"," 02-Jan-2026"," 148.00"," 148.00"," 148.00"," 148.00"," 148.00"," 148.00"," 148.00"," 125000"," 185.00"," 1"," 125000"," 100.00"
NHPC," EQ"," 02-Jan-2026"," 79.56"," 79.56"," 83.93"," 79.50"," 83.70"," 83.62"," 82.54"," 32430153"," 26767.48"," 98068"," 15560962"," 47.98"
NIACL," EQ"," 02-Jan-2026"," 155.52"," 155.77"," 157.71"," 155.01"," 157.30"," 157.04"," 156.67"," 580591"," 909.60"," 7748"," 285471"," 49.17"
NIBE," EQ"," 02-Jan-2026"," 1141.70"," 1150.00"," 1250.00"," 1133.50"," 1247.00"," 1236.80"," 1214.02"," 172675"," 2096.31"," 10648"," 82740"," 47.92"
NIBL," EQ"," 02-Jan-2026"," 36.38"," 36.49"," 37.39"," 36.16"," 36.75"," 36.38"," 36.64"," 70414"," 25.80"," 640"," 48933"," 69.49"
NIDAN," SM"," 02-Jan-2026"," 18.60"," 18.60"," 18.90"," 18.60"," 18.90"," 18.85"," 18.75"," 7000"," 1.31"," 7"," 6000"," 85.71"
NIF100BEES," EQ"," 02-Jan-2026"," 282.67"," 288.39"," 288.39"," 281.31"," 284.69"," 284.40"," 283.91"," 38270"," 108.65"," 468"," 30388"," 79.40"
NIF100IETF," EQ"," 02-Jan-2026"," 29.72"," 29.78"," 29.95"," 29.72"," 29.87"," 29.85"," 29.85"," 253015"," 75.53"," 1149"," 107209"," 42.37"
NIFTY1," EQ"," 02-Jan-2026"," 288.33"," 288.32"," 290.29"," 287.87"," 290.29"," 289.23"," 289.88"," 1612101"," 4673.15"," 1654"," 1163468"," 72.17"
NIFTY100EW," EQ"," 02-Jan-2026"," 34.32"," 35.17"," 35.17"," 34.32"," 34.58"," 34.50"," 34.48"," 22836"," 7.87"," 164"," 18518"," 81.09"
NIFTYADD," EQ"," 02-Jan-2026"," 273.41"," 280.24"," 280.24"," 273.63"," 275.05"," 275.07"," 275.10"," 71602"," 196.98"," 318"," 62547"," 87.35"
NIFTYBEES," EQ"," 02-Jan-2026"," 295.33"," 294.91"," 297.99"," 294.91"," 297.99"," 297.55"," 297.08"," 6959353"," 20674.57"," 48926"," 4876520"," 70.07"
NIFTYBETA," EQ"," 02-Jan-2026"," 287.41"," 287.01"," 289.76"," 287.01"," 289.74"," 289.61"," 289.09"," 33805"," 97.73"," 375"," 27088"," 80.13"
NIFTYBETF," EQ"," 02-Jan-2026"," 267.16"," 270.50"," 270.50"," 267.27"," 268.92"," 268.91"," 268.25"," 1316"," 3.53"," 75"," 1237"," 94.00"
NIFTYCASE," EQ"," 02-Jan-2026"," 10.41"," 10.67"," 10.67"," 10.40"," 10.50"," 10.47"," 10.46"," 557067"," 58.28"," 886"," 405206"," 72.74"
NIFTYETF," EQ"," 02-Jan-2026"," 282.00"," 289.05"," 289.05"," 281.60"," 284.55"," 284.31"," 283.97"," 162492"," 461.43"," 1091"," 117090"," 72.06"
NIFTYIETF," EQ"," 02-Jan-2026"," 293.92"," 302.74"," 302.74"," 293.92"," 295.90"," 295.98"," 295.77"," 774806"," 2291.65"," 11398"," 587537"," 75.83"
NIFTYQLITY," EQ"," 02-Jan-2026"," 22.19"," 22.24"," 22.28"," 22.18"," 22.26"," 22.26"," 22.23"," 22602"," 5.02"," 272"," 19742"," 87.35"
NIITLTD," EQ"," 02-Jan-2026"," 91.23"," 91.26"," 93.75"," 90.70"," 92.69"," 92.65"," 92.47"," 372876"," 344.79"," 3982"," 134380"," 36.04"
NIITMTS," EQ"," 02-Jan-2026"," 399.55"," 396.00"," 416.00"," 394.80"," 415.50"," 414.15"," 410.42"," 186483"," 765.36"," 5872"," 153405"," 82.26"
NILAINFRA," EQ"," 02-Jan-2026"," 9.49"," 9.60"," 9.73"," 9.55"," 9.64"," 9.64"," 9.65"," 228750"," 22.08"," 657"," 150971"," 66.00"
NILASPACES," BE"," 02-Jan-2026"," 15.87"," 15.85"," 16.40"," 15.85"," 16.00"," 16.10"," 16.13"," 369013"," 59.52"," 662"," -"," -"
NILKAMAL," EQ"," 02-Jan-2026"," 1399.00"," 1405.00"," 1424.80"," 1386.30"," 1400.40"," 1406.40"," 1400.52"," 5547"," 77.69"," 417"," 4508"," 81.27"
NINSYS," EQ"," 02-Jan-2026"," 397.60"," 397.65"," 401.35"," 391.90"," 401.00"," 398.50"," 398.44"," 4323"," 17.22"," 215"," 3080"," 71.25"
NIPPOBATRY," EQ"," 02-Jan-2026"," 407.20"," 405.00"," 417.90"," 396.00"," 413.50"," 413.65"," 410.61"," 4217"," 17.32"," 367"," 2203"," 52.24"
NIRAJ," EQ"," 02-Jan-2026"," 40.17"," 40.70"," 40.70"," 38.80"," 39.25"," 39.24"," 39.31"," 181725"," 71.43"," 1258"," 104790"," 57.66"
NIRAJISPAT," EQ"," 02-Jan-2026"," 208.79"," 222.00"," 222.00"," 199.15"," 199.15"," 201.46"," 211.37"," 2064"," 4.36"," 111"," 788"," 38.18"
NIRMAN," SM"," 02-Jan-2026"," 61.00"," 61.00"," 62.45"," 60.55"," 61.00"," 61.30"," 61.16"," 14400"," 8.81"," 46"," 10800"," 75.00"
NITCO," EQ"," 02-Jan-2026"," 101.16"," 101.00"," 101.12"," 98.50"," 99.72"," 99.14"," 99.82"," 122389"," 122.17"," 1685"," 62716"," 51.24"
NITINSPIN," EQ"," 02-Jan-2026"," 317.95"," 315.60"," 321.50"," 313.50"," 320.15"," 320.15"," 317.02"," 49060"," 155.53"," 1124"," 31572"," 64.35"
NITIRAJ," EQ"," 02-Jan-2026"," 187.41"," 189.00"," 190.00"," 183.00"," 190.00"," 186.60"," 186.17"," 1253"," 2.33"," 32"," 1024"," 81.72"
NIVABUPA," EQ"," 02-Jan-2026"," 75.08"," 75.35"," 75.51"," 74.85"," 75.22"," 75.16"," 75.18"," 713011"," 536.06"," 8752"," 552240"," 77.45"
NKIND," EQ"," 02-Jan-2026"," 64.78"," 71.00"," 71.00"," 67.55"," 69.90"," 69.22"," 68.92"," 3702"," 2.55"," 103"," 1761"," 47.57"
NLCINDIA," EQ"," 02-Jan-2026"," 256.15"," 256.80"," 273.75"," 255.35"," 271.65"," 272.00"," 267.73"," 6070028"," 16251.55"," 67071"," 2047483"," 33.73"
NMDC," EQ"," 02-Jan-2026"," 83.66"," 84.11"," 84.96"," 83.83"," 84.46"," 84.53"," 84.40"," 27683548"," 23364.04"," 56022"," 13377976"," 48.32"
NMSTEEL," SM"," 02-Jan-2026"," 31.05"," 29.00"," 30.05"," 29.00"," 30.05"," 30.05"," 29.76"," 6400"," 1.90"," 4"," 6400"," 100.00"
NOCIL," EQ"," 02-Jan-2026"," 152.73"," 153.00"," 154.04"," 151.88"," 152.38"," 151.99"," 152.51"," 343363"," 523.65"," 2912"," 273226"," 79.57"
NOIDATOLL," EQ"," 02-Jan-2026"," 4.09"," 4.15"," 4.15"," 3.96"," 4.12"," 4.11"," 4.07"," 80751"," 3.28"," 333"," 65907"," 81.62"
NORBTEAEXP," BE"," 02-Jan-2026"," 97.41"," 99.35"," 99.35"," 99.35"," 99.35"," 99.35"," 99.35"," 10369"," 10.30"," 81"," -"," -"
NORTHARC," EQ"," 02-Jan-2026"," 250.19"," 249.30"," 261.50"," 249.30"," 258.82"," 259.45"," 257.82"," 762332"," 1965.48"," 11853"," 463609"," 60.81"
NOVAAGRI," EQ"," 02-Jan-2026"," 38.82"," 38.99"," 41.38"," 38.99"," 40.30"," 39.80"," 40.32"," 272370"," 109.83"," 1996"," 137886"," 50.62"
NPBET," EQ"," 02-Jan-2026"," 297.26"," 298.74"," 298.74"," 297.64"," 298.55"," 297.72"," 297.82"," 224"," 0.67"," 15"," 210"," 93.75"
NPST," EQ"," 02-Jan-2026"," 1366.30"," 1373.20"," 1421.80"," 1360.20"," 1418.30"," 1410.00"," 1405.85"," 10600"," 149.02"," 1315"," 6289"," 59.33"
NRAIL," EQ"," 02-Jan-2026"," 474.90"," 484.75"," 484.75"," 469.00"," 475.20"," 475.40"," 474.37"," 7337"," 34.80"," 959"," 4071"," 55.49"
NRBBEARING," EQ"," 02-Jan-2026"," 272.40"," 273.50"," 275.00"," 267.85"," 268.50"," 269.05"," 269.99"," 465953"," 1258.05"," 5970"," 345117"," 74.07"
NRL," EQ"," 02-Jan-2026"," 56.68"," 56.17"," 57.85"," 56.16"," 57.30"," 56.80"," 56.83"," 25884"," 14.71"," 464"," 17402"," 67.23"
NRVANDANA," ST"," 02-Jan-2026"," 55.65"," 55.50"," 57.00"," 53.00"," 57.00"," 57.00"," 55.55"," 60000"," 33.33"," 15"," 54000"," 90.00"
NSIL," EQ"," 02-Jan-2026"," 6519.00"," 6501.00"," 6624.00"," 6501.00"," 6569.50"," 6543.50"," 6560.14"," 2297"," 150.69"," 792"," 1581"," 68.83"
NSLNISP," EQ"," 02-Jan-2026"," 44.09"," 44.14"," 45.79"," 43.87"," 45.75"," 45.69"," 45.14"," 7252072"," 3273.24"," 23170"," 3439427"," 47.43"
NTPC," EQ"," 02-Jan-2026"," 336.30"," 336.80"," 353.00"," 335.95"," 351.65"," 352.10"," 347.18"," 23128940"," 80299.15"," 217079"," 14917934"," 64.50"
NTPCGREEN," EQ"," 02-Jan-2026"," 95.21"," 95.39"," 97.30"," 94.83"," 97.14"," 97.11"," 96.61"," 5211705"," 5034.89"," 27095"," 2732638"," 52.43"
NUCLEUS," EQ"," 02-Jan-2026"," 922.15"," 911.10"," 928.75"," 911.10"," 920.00"," 920.45"," 921.10"," 5320"," 49.00"," 697"," 2956"," 55.56"
NURECA," EQ"," 02-Jan-2026"," 310.80"," 316.90"," 317.95"," 301.10"," 302.20"," 302.70"," 304.64"," 13079"," 39.84"," 722"," 7509"," 57.41"
NUVAMA," EQ"," 02-Jan-2026"," 1458.50"," 1459.00"," 1476.00"," 1453.00"," 1469.80"," 1468.20"," 1465.37"," 251732"," 3688.81"," 13897"," 135096"," 53.67"
NUVOCO," EQ"," 02-Jan-2026"," 350.20"," 351.80"," 358.00"," 349.60"," 357.00"," 356.55"," 355.05"," 146917"," 521.63"," 15166"," 72968"," 49.67"
NV20," EQ"," 02-Jan-2026"," 154.63"," 154.63"," 155.33"," 154.57"," 155.31"," 155.28"," 154.91"," 24231"," 37.54"," 161"," 15464"," 63.82"
NV20BEES," EQ"," 02-Jan-2026"," 154.65"," 157.65"," 157.65"," 154.23"," 155.21"," 155.50"," 155.35"," 26283"," 40.83"," 224"," 19935"," 75.85"
NV20IETF," EQ"," 02-Jan-2026"," 15.08"," 14.70"," 15.25"," 14.70"," 15.17"," 15.18"," 15.16"," 372854"," 56.51"," 2062"," 246407"," 66.09"
NXST," RR"," 02-Jan-2026"," 157.80"," 158.50"," 160.20"," 157.50"," 160.13"," 159.70"," 159.46"," 346758"," 552.95"," 4599"," 290675"," 83.83"
NYKAA," EQ"," 02-Jan-2026"," 265.75"," 266.60"," 268.40"," 263.00"," 264.35"," 264.90"," 264.80"," 4186213"," 11084.89"," 43803"," 2412776"," 57.64"
OAL," EQ"," 02-Jan-2026"," 289.50"," 281.00"," 294.30"," 281.00"," 288.20"," 289.95"," 290.74"," 1812"," 5.27"," 193"," 1291"," 71.25"
OBCL," EQ"," 02-Jan-2026"," 55.68"," 55.50"," 56.60"," 55.00"," 55.10"," 55.10"," 55.68"," 2709"," 1.51"," 31"," 1948"," 71.91"
OBEROIRLTY," EQ"," 02-Jan-2026"," 1695.90"," 1699.00"," 1736.00"," 1680.30"," 1731.00"," 1730.00"," 1725.59"," 404480"," 6979.66"," 20820"," 187656"," 46.39"
OBSCP," SM"," 02-Jan-2026"," 307.85"," 313.20"," 313.95"," 300.00"," 305.70"," 304.85"," 305.67"," 36000"," 110.04"," 61"," 25600"," 71.11"
OCCLLTD," EQ"," 02-Jan-2026"," 100.88"," 99.35"," 102.40"," 99.35"," 102.20"," 102.00"," 101.29"," 31240"," 31.64"," 356"," 24084"," 77.09"
ODIGMA," EQ"," 02-Jan-2026"," 31.78"," 31.79"," 32.40"," 31.51"," 31.89"," 32.05"," 31.88"," 27760"," 8.85"," 711"," 17386"," 62.63"
OFSS," EQ"," 02-Jan-2026"," 7687.50"," 7686.00"," 7741.00"," 7655.00"," 7740.00"," 7731.50"," 7702.45"," 54875"," 4226.72"," 8403"," 27373"," 49.88"
OIL," EQ"," 02-Jan-2026"," 427.55"," 427.55"," 431.50"," 426.30"," 428.20"," 428.85"," 428.85"," 1077168"," 4619.49"," 23811"," 579570"," 53.80"
OILCOUNTUB," EQ"," 02-Jan-2026"," 61.05"," 61.74"," 63.69"," 59.80"," 61.30"," 61.96"," 60.87"," 50770"," 30.91"," 788"," 35903"," 70.72"
OILIETF," EQ"," 02-Jan-2026"," 12.40"," 12.41"," 12.60"," 12.41"," 12.60"," 12.53"," 12.49"," 4361683"," 544.92"," 3445"," 3698588"," 84.80"
OLAELEC," EQ"," 02-Jan-2026"," 37.52"," 37.89"," 41.20"," 37.72"," 41.00"," 40.89"," 40.07"," 285226155"," 114295.79"," 379694"," 58575702"," 20.54"
OLECTRA," EQ"," 02-Jan-2026"," 1200.60"," 1211.70"," 1274.80"," 1211.70"," 1250.00"," 1248.00"," 1257.57"," 2554292"," 32122.03"," 97882"," 287739"," 11.26"
OLIL," SM"," 02-Jan-2026"," 303.90"," 303.90"," 310.00"," 300.90"," 309.00"," 305.70"," 306.13"," 48800"," 149.39"," 49"," 46400"," 95.08"
OMAXAUTO," EQ"," 02-Jan-2026"," 99.78"," 100.28"," 109.70"," 100.00"," 107.05"," 107.79"," 105.65"," 296056"," 312.80"," 4975"," 148285"," 50.09"
OMAXE," EQ"," 02-Jan-2026"," 80.90"," 81.00"," 81.90"," 78.50"," 80.59"," 79.99"," 79.60"," 203071"," 161.65"," 2090"," 79147"," 38.98"
OMFREIGHT," EQ"," 02-Jan-2026"," 93.68"," 94.20"," 95.35"," 92.75"," 93.61"," 94.63"," 94.02"," 55941"," 52.60"," 1206"," 35725"," 63.86"
OMINFRAL," EQ"," 02-Jan-2026"," 96.89"," 98.00"," 99.00"," 96.50"," 99.00"," 98.14"," 97.80"," 55465"," 54.24"," 1645"," 34646"," 62.46"
OMKARCHEM," BZ"," 02-Jan-2026"," 5.95"," 6.15"," 6.15"," 5.96"," 6.09"," 6.07"," 6.01"," 5380"," 0.32"," 82"," -"," -"
ONDOOR," SM"," 02-Jan-2026"," 115.00"," 115.15"," 117.15"," 113.00"," 117.15"," 117.15"," 115.63"," 3000"," 3.47"," 10"," 1800"," 60.00"
ONELIFECAP," BE"," 02-Jan-2026"," 16.06"," 16.06"," 16.65"," 15.68"," 16.00"," 15.99"," 16.00"," 25353"," 4.06"," 34"," -"," -"
ONEPOINT," EQ"," 02-Jan-2026"," 53.47"," 53.98"," 54.49"," 53.37"," 53.96"," 54.09"," 54.04"," 517954"," 279.90"," 4193"," 269776"," 52.08"
ONESOURCE," EQ"," 02-Jan-2026"," 1787.70"," 1762.20"," 1804.10"," 1746.10"," 1799.80"," 1799.50"," 1780.27"," 152688"," 2718.25"," 15357"," 71842"," 47.05"
ONGC," EQ"," 02-Jan-2026"," 237.94"," 237.94"," 242.55"," 237.94"," 242.00"," 241.46"," 240.95"," 5925943"," 14278.54"," 75940"," 2921438"," 49.30"
ONMOBILE," EQ"," 02-Jan-2026"," 57.76"," 57.76"," 59.50"," 57.69"," 59.50"," 59.36"," 58.87"," 188614"," 111.03"," 3090"," 89299"," 47.34"
ONWARDTEC," EQ"," 02-Jan-2026"," 294.00"," 294.00"," 306.00"," 292.00"," 303.00"," 303.70"," 301.50"," 49826"," 150.23"," 3266"," 32519"," 65.27"
ONYX," SM"," 02-Jan-2026"," 40.05"," 38.20"," 38.20"," 38.20"," 38.20"," 38.20"," 38.20"," 2000"," 0.76"," 1"," 2000"," 100.00"
OPTIEMUS," EQ"," 02-Jan-2026"," 493.05"," 494.00"," 517.85"," 493.70"," 508.00"," 507.05"," 507.96"," 169213"," 859.53"," 6826"," 75442"," 44.58"
OPTIVALUE," SM"," 02-Jan-2026"," 87.95"," 88.00"," 88.50"," 81.60"," 81.95"," 81.95"," 86.43"," 33600"," 29.04"," 20"," 27200"," 80.95"
ORBTEXP," EQ"," 02-Jan-2026"," 193.53"," 194.27"," 196.79"," 192.00"," 194.46"," 195.19"," 194.99"," 9322"," 18.18"," 394"," 5885"," 63.13"
ORCHASP," EQ"," 02-Jan-2026"," 2.98"," 3.04"," 3.20"," 2.96"," 3.07"," 3.09"," 3.09"," 1386294"," 42.83"," 913"," 1245913"," 89.87"
ORCHPHARMA," EQ"," 02-Jan-2026"," 793.15"," 797.05"," 805.00"," 784.80"," 796.00"," 794.65"," 794.86"," 27346"," 217.36"," 2588"," 14075"," 51.47"
ORIANA," SM"," 02-Jan-2026"," 2250.20"," 2255.00"," 2287.80"," 2240.10"," 2260.00"," 2251.75"," 2258.37"," 21300"," 481.03"," 215"," 16200"," 76.06"
ORICONENT," BE"," 02-Jan-2026"," 60.00"," 59.12"," 60.50"," 59.12"," 60.00"," 60.00"," 59.89"," 42550"," 25.48"," 348"," -"," -"
ORIENTALTL," EQ"," 02-Jan-2026"," 8.23"," 8.26"," 8.34"," 8.20"," 8.23"," 8.28"," 8.29"," 105437"," 8.74"," 505"," 69008"," 65.45"
ORIENTBELL," EQ"," 02-Jan-2026"," 308.80"," 300.00"," 321.90"," 300.00"," 300.35"," 303.35"," 311.10"," 28903"," 89.92"," 2384"," 5574"," 19.29"
ORIENTCEM," EQ"," 02-Jan-2026"," 172.29"," 172.88"," 174.06"," 171.73"," 174.06"," 173.75"," 173.18"," 689273"," 1193.67"," 5549"," 453186"," 65.75"
ORIENTCER," EQ"," 02-Jan-2026"," 54.12"," 54.72"," 56.64"," 54.00"," 56.00"," 55.07"," 55.50"," 628983"," 349.06"," 8440"," 319832"," 50.85"
ORIENTELEC," EQ"," 02-Jan-2026"," 174.38"," 174.60"," 177.88"," 173.42"," 176.54"," 176.89"," 175.56"," 90808"," 159.42"," 2602"," 34237"," 37.70"
ORIENTHOT," EQ"," 02-Jan-2026"," 109.89"," 110.60"," 111.29"," 107.00"," 107.46"," 107.93"," 108.92"," 275218"," 299.76"," 4114"," 120259"," 43.70"
ORIENTLTD," EQ"," 02-Jan-2026"," 77.56"," 77.18"," 78.40"," 76.04"," 77.95"," 77.00"," 76.95"," 8794"," 6.77"," 154"," 7016"," 79.78"
ORIENTPPR," EQ"," 02-Jan-2026"," 22.73"," 22.80"," 23.30"," 22.60"," 23.03"," 23.14"," 23.01"," 337982"," 77.78"," 1211"," 208654"," 61.74"
ORIENTTECH," EQ"," 02-Jan-2026"," 433.70"," 433.70"," 482.80"," 430.70"," 452.00"," 447.60"," 464.66"," 40741166"," 189306.97"," 377494"," 2408655"," 5.91"
ORISSAMINE," EQ"," 02-Jan-2026"," 4985.50"," 5000.00"," 5185.00"," 5000.00"," 5161.00"," 5162.00"," 5137.96"," 22457"," 1153.83"," 5046"," 10364"," 46.15"
ORKLAINDIA," EQ"," 02-Jan-2026"," 633.50"," 635.00"," 641.75"," 625.75"," 635.00"," 635.40"," 635.48"," 81248"," 516.31"," 7585"," 46669"," 57.44"
ORTINGLOBE," BE"," 02-Jan-2026"," 13.80"," 14.35"," 14.35"," 13.21"," 14.15"," 14.15"," 13.31"," 8906"," 1.19"," 28"," -"," -"
OSELDEVICE," ST"," 02-Jan-2026"," 555.50"," 559.90"," 564.00"," 543.00"," 547.10"," 550.40"," 552.08"," 8800"," 48.58"," 44"," 7600"," 86.36"
OSIAHYPER," EQ"," 02-Jan-2026"," 16.25"," 15.80"," 16.19"," 15.44"," 15.50"," 15.58"," 15.58"," 1112854"," 173.33"," 2139"," 577404"," 51.88"
OSWALAGRO," EQ"," 02-Jan-2026"," 58.28"," 58.23"," 59.08"," 57.50"," 58.59"," 58.87"," 58.44"," 41440"," 24.22"," 1478"," 24497"," 59.11"
OSWALGREEN," EQ"," 02-Jan-2026"," 33.13"," 33.13"," 33.79"," 32.92"," 33.75"," 33.69"," 33.46"," 207329"," 69.38"," 4362"," 73830"," 35.61"
OSWALPUMPS," EQ"," 02-Jan-2026"," 525.35"," 527.80"," 538.00"," 522.60"," 529.00"," 528.45"," 530.36"," 376571"," 1997.17"," 9983"," 179841"," 47.76"
OSWALSEEDS," EQ"," 02-Jan-2026"," 17.54"," 17.95"," 17.95"," 16.67"," 17.64"," 17.72"," 17.15"," 527127"," 90.38"," 800"," 278692"," 52.87"
OWAIS," SM"," 02-Jan-2026"," 270.60"," 277.00"," 277.05"," 249.90"," 257.00"," 256.05"," 260.04"," 43000"," 111.82"," 327"," 23700"," 55.12"
PACEDIGITK," EQ"," 02-Jan-2026"," 187.75"," 189.60"," 191.00"," 186.88"," 187.98"," 188.95"," 188.84"," 545310"," 1029.76"," 7017"," 235542"," 43.19"
PAGEIND," EQ"," 02-Jan-2026"," 35645.00"," 35695.00"," 36045.00"," 35490.00"," 35755.00"," 35775.00"," 35763.74"," 24470"," 8751.39"," 7221"," 18049"," 73.76"
PAISALO," EQ"," 02-Jan-2026"," 36.46"," 36.40"," 36.50"," 36.16"," 36.30"," 36.30"," 36.34"," 1624039"," 590.12"," 3966"," 765560"," 47.14"
PAKKA," EQ"," 02-Jan-2026"," 105.24"," 106.07"," 109.99"," 105.18"," 109.24"," 108.95"," 108.42"," 89208"," 96.72"," 2788"," 41977"," 47.06"
PALASHSECU," EQ"," 02-Jan-2026"," 109.03"," 109.80"," 109.80"," 106.10"," 109.00"," 107.23"," 108.10"," 2717"," 2.94"," 53"," 2545"," 93.67"
PALREDTEC," EQ"," 02-Jan-2026"," 44.91"," 47.15"," 47.15"," 47.15"," 47.15"," 47.15"," 47.15"," 3523"," 1.66"," 22"," 3523"," 100.00"
PANACEABIO," EQ"," 02-Jan-2026"," 377.65"," 380.90"," 383.60"," 371.55"," 381.00"," 379.85"," 376.58"," 123508"," 465.10"," 2921"," 31982"," 25.89"
PANACHE," BE"," 02-Jan-2026"," 338.75"," 337.95"," 344.95"," 325.00"," 325.85"," 325.45"," 327.34"," 7636"," 25.00"," 68"," -"," -"
PANAMAPET," EQ"," 02-Jan-2026"," 306.90"," 311.00"," 318.70"," 308.00"," 310.75"," 311.55"," 311.95"," 217532"," 678.59"," 8903"," 50037"," 23.00"
PANSARI," BE"," 02-Jan-2026"," 300.00"," 287.05"," 306.00"," 287.05"," 300.00"," 300.10"," 300.82"," 350"," 1.05"," 11"," -"," -"
PAR," EQ"," 02-Jan-2026"," 101.68"," 104.00"," 104.00"," 101.01"," 101.93"," 101.30"," 101.77"," 3491"," 3.55"," 103"," 2789"," 79.89"
PARACABLES," EQ"," 02-Jan-2026"," 39.16"," 39.20"," 39.70"," 38.80"," 39.32"," 39.40"," 39.21"," 471665"," 184.92"," 3685"," 234088"," 49.63"
PARADEEP," EQ"," 02-Jan-2026"," 164.88"," 165.78"," 166.10"," 164.10"," 164.99"," 164.56"," 164.86"," 2460495"," 4056.49"," 20692"," 1065266"," 43.29"
PARAGMILK," EQ"," 02-Jan-2026"," 303.05"," 304.40"," 306.00"," 296.80"," 305.00"," 304.55"," 301.84"," 775679"," 2341.27"," 10339"," 294426"," 37.96"
PARAGON," SM"," 02-Jan-2026"," 41.00"," 41.00"," 42.00"," 40.50"," 41.90"," 41.85"," 41.45"," 6000"," 2.49"," 5"," 3600"," 60.00"
PARAMOUNT," SM"," 02-Jan-2026"," 51.90"," 51.90"," 51.90"," 49.45"," 49.45"," 49.45"," 51.08"," 3600"," 1.84"," 3"," 3600"," 100.00"
PARAS," EQ"," 02-Jan-2026"," 683.95"," 682.00"," 688.95"," 680.10"," 685.00"," 683.75"," 684.33"," 252756"," 1729.68"," 11282"," 97013"," 38.38"
PARASPETRO," EQ"," 02-Jan-2026"," 1.83"," 1.83"," 2.00"," 1.83"," 2.00"," 1.95"," 1.94"," 214790"," 4.16"," 524"," 163040"," 75.91"
PARIN," ST"," 02-Jan-2026"," 594.00"," 595.00"," 595.00"," 565.35"," 589.50"," 587.20"," 586.31"," 7500"," 43.97"," 12"," 5500"," 73.33"
PARKHOSPS," EQ"," 02-Jan-2026"," 149.90"," 149.10"," 151.50"," 148.31"," 149.00"," 149.73"," 149.98"," 715698"," 1073.42"," 7691"," 498021"," 69.59"
PARKHOTELS," EQ"," 02-Jan-2026"," 132.62"," 133.75"," 136.78"," 132.45"," 134.51"," 135.08"," 133.94"," 1475213"," 1975.97"," 6779"," 1221454"," 82.80"
PARSVNATH," EQ"," 02-Jan-2026"," 10.21"," 10.28"," 10.70"," 10.28"," 10.67"," 10.58"," 10.49"," 439464"," 46.12"," 1453"," 251740"," 57.28"
PARTH," SM"," 02-Jan-2026"," 210.95"," 205.00"," 207.00"," 205.00"," 206.35"," 206.50"," 206.06"," 5600"," 11.54"," 11"," 4000"," 71.43"
PARTYCRUS," SM"," 02-Jan-2026"," 91.00"," 91.00"," 91.20"," 90.45"," 91.20"," 91.10"," 90.88"," 8000"," 7.27"," 8"," 6000"," 75.00"
PASHUPATI," EQ"," 02-Jan-2026"," 806.70"," 820.05"," 823.95"," 807.00"," 809.75"," 808.60"," 814.00"," 1059"," 8.62"," 187"," 943"," 89.05"
PASUPTAC," EQ"," 02-Jan-2026"," 52.00"," 52.00"," 52.98"," 51.00"," 51.30"," 51.34"," 51.69"," 138716"," 71.70"," 1483"," 91912"," 66.26"
PATANJALI," EQ"," 02-Jan-2026"," 552.55"," 553.00"," 559.20"," 545.65"," 557.65"," 557.00"," 552.95"," 2959410"," 16363.99"," 20209"," 1668797"," 56.39"
PATELENG," EQ"," 02-Jan-2026"," 28.42"," 28.55"," 29.00"," 28.34"," 28.88"," 28.82"," 28.65"," 5016670"," 1437.27"," 10975"," 2601638"," 51.86"
PATELRMART," EQ"," 02-Jan-2026"," 198.51"," 198.00"," 203.98"," 195.96"," 202.85"," 202.95"," 201.32"," 126284"," 254.23"," 3161"," 57057"," 45.18"
PATILAUTOM," SM"," 02-Jan-2026"," 178.95"," 180.00"," 186.00"," 177.00"," 179.00"," 179.00"," 182.31"," 30000"," 54.69"," 43"," 16800"," 56.00"
PATINTLOG," EQ"," 02-Jan-2026"," 13.75"," 13.90"," 14.15"," 13.66"," 13.95"," 13.94"," 13.94"," 39603"," 5.52"," 303"," 28533"," 72.05"
PAUSHAKLTD," EQ"," 02-Jan-2026"," 586.70"," 589.60"," 598.35"," 580.00"," 595.00"," 590.05"," 585.45"," 20383"," 119.33"," 1661"," 14529"," 71.28"
PAVNAIND," EQ"," 02-Jan-2026"," 22.88"," 23.40"," 23.40"," 22.30"," 22.72"," 22.75"," 22.77"," 122271"," 27.84"," 956"," 41005"," 33.54"
PAYTM," EQ"," 02-Jan-2026"," 1291.70"," 1292.00"," 1342.90"," 1290.00"," 1338.40"," 1340.60"," 1326.68"," 2213835"," 29370.48"," 52742"," 935523"," 42.26"
PCBL," EQ"," 02-Jan-2026"," 296.25"," 297.00"," 302.00"," 296.00"," 301.85"," 300.35"," 298.98"," 897278"," 2682.68"," 19326"," 427331"," 47.63"
PCCL," SM"," 02-Jan-2026"," 207.70"," 202.10"," 218.00"," 202.00"," 215.00"," 214.35"," 212.71"," 15200"," 32.33"," 34"," 12400"," 81.58"
PCJEWELLER," EQ"," 02-Jan-2026"," 9.30"," 9.30"," 9.60"," 9.17"," 9.57"," 9.55"," 9.43"," 46651764"," 4397.16"," 28971"," 19884422"," 42.62"
PDMJEPAPER," EQ"," 02-Jan-2026"," 98.51"," 98.76"," 98.76"," 96.90"," 97.99"," 97.67"," 97.61"," 56462"," 55.11"," 1216"," 37186"," 65.86"
PDSL," EQ"," 02-Jan-2026"," 373.70"," 371.50"," 373.35"," 366.05"," 370.25"," 368.80"," 368.93"," 40254"," 148.51"," 2128"," 20287"," 50.40"
PEARLPOLY," EQ"," 02-Jan-2026"," 23.39"," 23.28"," 23.37"," 23.00"," 23.01"," 23.02"," 23.04"," 18354"," 4.23"," 161"," 15217"," 82.91"
PELATRO," SM"," 02-Jan-2026"," 349.90"," 355.00"," 359.50"," 352.00"," 355.00"," 355.00"," 354.15"," 5100"," 18.06"," 14"," 3900"," 76.47"
PENIND," EQ"," 02-Jan-2026"," 202.79"," 203.39"," 203.62"," 196.55"," 202.27"," 202.77"," 200.41"," 730844"," 1464.71"," 9804"," 294651"," 40.32"
PENINLAND," EQ"," 02-Jan-2026"," 24.60"," 24.89"," 25.67"," 24.60"," 25.20"," 25.23"," 25.18"," 251609"," 63.36"," 2393"," 143927"," 57.20"
PENTAGON," ST"," 02-Jan-2026"," 66.50"," 68.95"," 69.80"," 68.95"," 69.80"," 69.80"," 69.47"," 5000"," 3.47"," 5"," 5000"," 100.00"
PERSISTENT," EQ"," 02-Jan-2026"," 6282.50"," 6285.00"," 6329.00"," 6229.00"," 6295.00"," 6289.50"," 6286.11"," 147711"," 9285.28"," 22873"," 59629"," 40.37"
PETRONET," EQ"," 02-Jan-2026"," 288.10"," 288.20"," 292.05"," 284.65"," 290.75"," 291.05"," 289.64"," 2451474"," 7100.56"," 22487"," 1391388"," 56.76"
PFC," EQ"," 02-Jan-2026"," 363.15"," 365.20"," 378.80"," 363.55"," 375.90"," 375.95"," 374.58"," 19990998"," 74883.16"," 115030"," 8598783"," 43.01"
PFIZER," EQ"," 02-Jan-2026"," 4915.80"," 4917.50"," 4941.10"," 4865.00"," 4890.00"," 4887.20"," 4893.74"," 15609"," 763.86"," 4855"," 8375"," 53.65"
PFOCUS," EQ"," 02-Jan-2026"," 229.32"," 229.99"," 237.52"," 225.25"," 234.85"," 232.98"," 231.85"," 2770962"," 6424.44"," 24725"," 419918"," 15.15"
PFS," EQ"," 02-Jan-2026"," 33.75"," 33.73"," 34.42"," 33.40"," 34.26"," 34.28"," 34.03"," 867925"," 295.32"," 6773"," 445637"," 51.35"
PGEL," EQ"," 02-Jan-2026"," 578.95"," 578.50"," 612.00"," 577.15"," 602.75"," 602.70"," 602.59"," 4817198"," 29028.09"," 77175"," 1133002"," 23.52"
PGHH," EQ"," 02-Jan-2026"," 12985.00"," 12937.00"," 12993.00"," 12803.00"," 12898.00"," 12854.00"," 12858.65"," 2963"," 381.00"," 2029"," 1595"," 53.83"
PGHL," EQ"," 02-Jan-2026"," 5722.50"," 5711.00"," 5715.00"," 5661.50"," 5714.00"," 5701.50"," 5694.29"," 2894"," 164.79"," 1029"," 1694"," 58.53"
PGIL," EQ"," 02-Jan-2026"," 1601.20"," 1600.00"," 1700.80"," 1597.10"," 1650.30"," 1653.70"," 1662.75"," 110000"," 1829.03"," 13375"," 47300"," 43.00"
PGINVIT," IV"," 02-Jan-2026"," 88.92"," 89.28"," 89.75"," 88.90"," 89.74"," 89.63"," 89.18"," 1158659"," 1033.29"," 8551"," 975667"," 84.21"
PHANTOMFX," SM"," 02-Jan-2026"," 241.00"," 239.00"," 244.95"," 235.50"," 239.00"," 238.95"," 239.07"," 20100"," 48.05"," 48"," 14400"," 71.64"
PHARMABEES," EQ"," 02-Jan-2026"," 23.20"," 23.78"," 23.82"," 23.01"," 23.33"," 23.34"," 23.28"," 6555558"," 1526.05"," 8889"," 4420765"," 67.44"
PHOENIXLTD," EQ"," 02-Jan-2026"," 1872.70"," 1872.70"," 1908.90"," 1860.30"," 1897.00"," 1903.40"," 1896.34"," 373797"," 7088.45"," 23984"," 238099"," 63.70"
PHOGLOBAL," SM"," 02-Jan-2026"," 23.15"," 24.50"," 24.50"," 23.00"," 24.35"," 23.95"," 23.79"," 68000"," 16.18"," 33"," 54000"," 79.41"
PICCADIL," EQ"," 02-Jan-2026"," 604.55"," 613.80"," 629.95"," 601.35"," 614.20"," 613.75"," 614.07"," 763852"," 4690.59"," 23602"," 107202"," 14.03"
PIDILITIND," EQ"," 02-Jan-2026"," 1469.30"," 1469.30"," 1482.80"," 1467.20"," 1477.00"," 1478.20"," 1478.79"," 275319"," 4071.38"," 12419"," 156304"," 56.77"
PIGL," EQ"," 02-Jan-2026"," 123.75"," 122.50"," 126.50"," 122.50"," 125.49"," 125.30"," 124.95"," 37299"," 46.61"," 694"," 28317"," 75.92"
PIIND," EQ"," 02-Jan-2026"," 3219.10"," 3219.10"," 3263.10"," 3188.00"," 3249.00"," 3256.60"," 3229.06"," 110402"," 3564.95"," 16353"," 56110"," 50.82"
PILANIINVS," EQ"," 02-Jan-2026"," 5179.00"," 5171.50"," 5204.50"," 5151.00"," 5178.00"," 5170.00"," 5170.62"," 1959"," 101.29"," 461"," 1301"," 66.41"
PILITA," EQ"," 02-Jan-2026"," 9.55"," 9.89"," 9.89"," 9.40"," 9.59"," 9.60"," 9.64"," 92068"," 8.87"," 555"," 55809"," 60.62"
PINELABS," EQ"," 02-Jan-2026"," 235.12"," 235.12"," 236.97"," 233.70"," 235.39"," 235.39"," 235.19"," 514025"," 1208.92"," 11405"," 300303"," 58.42"
PIONEEREMB," EQ"," 02-Jan-2026"," 28.20"," 28.22"," 29.15"," 28.20"," 28.48"," 28.37"," 28.44"," 6737"," 1.92"," 90"," 5722"," 84.93"
PIRAMALFIN," EQ"," 02-Jan-2026"," 1645.00"," 1655.50"," 1731.70"," 1647.40"," 1715.00"," 1712.50"," 1700.23"," 532364"," 9051.42"," 36554"," 232752"," 43.72"
PITTIENG," EQ"," 02-Jan-2026"," 824.50"," 830.30"," 834.50"," 821.30"," 827.00"," 827.20"," 827.63"," 23114"," 191.30"," 1955"," 13939"," 60.31"
PIXTRANS," EQ"," 02-Jan-2026"," 1401.20"," 1396.50"," 1424.60"," 1396.50"," 1405.00"," 1404.30"," 1407.77"," 3636"," 51.19"," 574"," 2802"," 77.06"
PKTEA," EQ"," 02-Jan-2026"," 852.60"," 857.75"," 877.40"," 842.40"," 850.00"," 850.35"," 851.67"," 412"," 3.51"," 57"," 236"," 57.28"
PLASTIBLEN," EQ"," 02-Jan-2026"," 163.76"," 167.40"," 167.40"," 162.36"," 166.47"," 166.03"," 165.41"," 7808"," 12.92"," 516"," 3921"," 50.22"
PLATIND," EQ"," 02-Jan-2026"," 246.05"," 248.50"," 249.50"," 243.00"," 245.50"," 245.65"," 245.90"," 99402"," 244.43"," 3311"," 45327"," 45.60"
PLAZACABLE," EQ"," 02-Jan-2026"," 41.50"," 41.92"," 42.25"," 41.10"," 42.00"," 42.07"," 41.89"," 29558"," 12.38"," 972"," 20503"," 69.37"
PNB," EQ"," 02-Jan-2026"," 123.94"," 123.94"," 125.80"," 123.80"," 125.68"," 125.35"," 124.99"," 13205239"," 16504.97"," 53632"," 5733948"," 43.42"
PNBGILTS," EQ"," 02-Jan-2026"," 81.17"," 81.17"," 85.00"," 81.17"," 83.53"," 83.38"," 83.74"," 537701"," 450.29"," 4446"," 209585"," 38.98"
PNBHOUSING," EQ"," 02-Jan-2026"," 986.60"," 983.05"," 1002.90"," 980.45"," 999.05"," 998.00"," 995.81"," 1213911"," 12088.21"," 34655"," 431599"," 35.55"
PNC," EQ"," 02-Jan-2026"," 27.51"," 27.00"," 27.90"," 26.78"," 26.84"," 26.85"," 26.99"," 1751"," 0.47"," 111"," 1122"," 64.08"
PNCINFRA," EQ"," 02-Jan-2026"," 251.25"," 250.60"," 255.65"," 250.55"," 255.50"," 255.15"," 254.00"," 206522"," 524.58"," 4429"," 104449"," 50.58"
PNGJL," EQ"," 02-Jan-2026"," 604.75"," 605.00"," 615.00"," 605.00"," 614.95"," 612.75"," 610.52"," 63950"," 390.43"," 3451"," 30103"," 47.07"
POCL," EQ"," 02-Jan-2026"," 1518.90"," 1518.90"," 1544.40"," 1502.00"," 1543.60"," 1539.10"," 1528.24"," 286972"," 4385.61"," 14651"," 115180"," 40.14"
PODDARMENT," EQ"," 02-Jan-2026"," 264.60"," 265.00"," 268.80"," 262.30"," 267.80"," 264.60"," 263.99"," 4160"," 10.98"," 111"," 3853"," 92.62"
POKARNA," EQ"," 02-Jan-2026"," 840.05"," 840.00"," 857.00"," 832.15"," 845.20"," 845.90"," 846.58"," 72209"," 611.31"," 4342"," 40837"," 56.55"
POLICYBZR," EQ"," 02-Jan-2026"," 1805.80"," 1808.80"," 1808.80"," 1776.60"," 1786.30"," 1781.80"," 1785.18"," 1149164"," 20514.61"," 38638"," 719781"," 62.64"
POLYCAB," EQ"," 02-Jan-2026"," 7673.00"," 7676.50"," 7821.00"," 7664.50"," 7810.00"," 7798.00"," 7782.07"," 192881"," 15010.14"," 29879"," 99674"," 51.68"
POLYMED," EQ"," 02-Jan-2026"," 1742.50"," 1742.50"," 1788.00"," 1727.10"," 1770.50"," 1769.70"," 1754.79"," 58894"," 1033.47"," 7786"," 27148"," 46.10"
POLYPLEX," EQ"," 02-Jan-2026"," 836.70"," 837.00"," 874.35"," 834.05"," 844.65"," 844.60"," 852.18"," 140767"," 1199.59"," 7571"," 58111"," 41.28"
POLYSIL," ST"," 02-Jan-2026"," 297.50"," 291.00"," 299.75"," 283.10"," 283.20"," 284.45"," 287.54"," 28000"," 80.51"," 36"," 28000"," 100.00"
PONNIERODE," EQ"," 02-Jan-2026"," 269.20"," 270.55"," 270.55"," 261.00"," 264.45"," 263.95"," 264.67"," 28723"," 76.02"," 1056"," 20262"," 70.54"
POONAWALLA," EQ"," 02-Jan-2026"," 483.20"," 484.70"," 489.00"," 478.30"," 480.60"," 480.55"," 482.21"," 704071"," 3395.07"," 19544"," 350380"," 49.76"
POSITRON," SM"," 02-Jan-2026"," 209.00"," 209.00"," 215.60"," 208.00"," 211.00"," 211.80"," 211.86"," 8100"," 17.16"," 25"," 7800"," 96.30"
POWERGRID," EQ"," 02-Jan-2026"," 266.80"," 267.50"," 272.10"," 266.25"," 271.15"," 270.95"," 270.19"," 13348375"," 36066.19"," 75336"," 8817277"," 66.06"
POWERINDIA," EQ"," 02-Jan-2026"," 18482.00"," 18600.00"," 18978.00"," 18541.00"," 18805.00"," 18803.00"," 18781.50"," 81093"," 15230.48"," 19973"," 26140"," 32.23"
POWERMECH," EQ"," 02-Jan-2026"," 2278.10"," 2284.90"," 2336.40"," 2270.00"," 2323.00"," 2329.00"," 2314.77"," 31564"," 730.64"," 4623"," 16541"," 52.40"
PPAP," EQ"," 02-Jan-2026"," 212.10"," 212.20"," 219.55"," 212.20"," 219.55"," 217.07"," 215.85"," 9574"," 20.67"," 352"," 7081"," 73.96"
PPL," EQ"," 02-Jan-2026"," 238.08"," 237.00"," 242.50"," 236.74"," 240.00"," 240.56"," 240.25"," 66270"," 159.21"," 3539"," 35748"," 53.94"
PPLPHARMA," EQ"," 02-Jan-2026"," 169.88"," 170.10"," 179.10"," 170.10"," 178.31"," 178.48"," 176.53"," 4960834"," 8757.42"," 82809"," 1869261"," 37.68"
PPSL," SM"," 02-Jan-2026"," 10.40"," 10.40"," 10.45"," 10.40"," 10.45"," 10.45"," 10.43"," 6000"," 0.63"," 2"," 6000"," 100.00"
PRABHA," EQ"," 02-Jan-2026"," 187.06"," 184.50"," 190.33"," 182.00"," 185.70"," 183.59"," 184.87"," 33849"," 62.58"," 1123"," 19663"," 58.09"
PRAENG," BE"," 02-Jan-2026"," 26.23"," 26.35"," 26.90"," 26.35"," 26.80"," 26.60"," 26.60"," 16263"," 4.33"," 98"," -"," -"
PRAJIND," EQ"," 02-Jan-2026"," 319.70"," 321.00"," 329.10"," 320.45"," 325.65"," 325.45"," 324.72"," 765390"," 2485.34"," 19921"," 264826"," 34.60"
PRAKASH," EQ"," 02-Jan-2026"," 145.91"," 146.90"," 148.01"," 145.54"," 147.45"," 147.51"," 147.19"," 316403"," 465.71"," 3779"," 175131"," 55.35"
PRAKASHSTL," EQ"," 02-Jan-2026"," 5.40"," 5.43"," 5.92"," 5.40"," 5.70"," 5.67"," 5.80"," 1331517"," 77.23"," 1678"," 790571"," 59.37"
PRAMARA," SM"," 02-Jan-2026"," 349.50"," 353.55"," 353.55"," 346.00"," 347.50"," 346.90"," 348.39"," 43500"," 151.55"," 50"," 26500"," 60.92"
PRANIK," SM"," 02-Jan-2026"," 55.50"," 59.90"," 63.05"," 59.90"," 61.35"," 61.35"," 61.00"," 8000"," 4.88"," 5"," 1600"," 20.00"
PRATHAM," SM"," 02-Jan-2026"," 149.90"," 150.00"," 150.00"," 148.00"," 148.00"," 148.00"," 148.78"," 4000"," 5.95"," 10"," 2800"," 70.00"
PRAXIS," EQ"," 02-Jan-2026"," 9.05"," 9.06"," 9.44"," 9.05"," 9.43"," 9.28"," 9.20"," 65640"," 6.04"," 115"," 45520"," 69.35"
PRECAM," EQ"," 02-Jan-2026"," 172.41"," 173.79"," 176.50"," 168.70"," 168.80"," 169.97"," 173.00"," 401653"," 694.88"," 6300"," 143959"," 35.84"
PRECISION," SM"," 02-Jan-2026"," 11.60"," 11.60"," 11.60"," 11.60"," 11.60"," 11.60"," 11.60"," 6000"," 0.70"," 2"," 6000"," 100.00"
PRECOT," EQ"," 02-Jan-2026"," 394.95"," 392.80"," 396.80"," 384.00"," 384.10"," 385.35"," 389.13"," 3148"," 12.25"," 110"," 2395"," 76.08"
PRECWIRE," EQ"," 02-Jan-2026"," 248.55"," 250.00"," 251.39"," 244.23"," 248.10"," 247.48"," 247.34"," 460226"," 1138.31"," 8184"," 184459"," 40.08"
PREMEXPLN," EQ"," 02-Jan-2026"," 517.20"," 522.35"," 547.65"," 517.20"," 540.50"," 542.20"," 535.90"," 537945"," 2882.83"," 13803"," 171594"," 31.90"
PREMIER," BE"," 02-Jan-2026"," 3.04"," 3.05"," 3.05"," 2.93"," 3.04"," 3.00"," 3.00"," 5371"," 0.16"," 25"," -"," -"
PREMIERENE," EQ"," 02-Jan-2026"," 847.20"," 851.15"," 856.75"," 843.70"," 847.00"," 845.90"," 848.80"," 649867"," 5516.09"," 19126"," 291956"," 44.93"
PREMIERPOL," EQ"," 02-Jan-2026"," 40.63"," 41.20"," 42.25"," 40.76"," 42.15"," 41.91"," 41.53"," 52450"," 21.78"," 593"," 40521"," 77.26"
PREMIUM," SM"," 02-Jan-2026"," 38.50"," 38.40"," 40.00"," 38.40"," 39.00"," 39.50"," 38.77"," 18000"," 6.98"," 6"," 15000"," 83.33"
PRESSTONIC," SM"," 02-Jan-2026"," 60.50"," 60.00"," 62.00"," 59.30"," 62.00"," 60.65"," 60.43"," 2400"," 1.45"," 3"," 1600"," 66.67"
PRESTIGE," EQ"," 02-Jan-2026"," 1604.10"," 1601.00"," 1622.80"," 1600.50"," 1620.00"," 1618.80"," 1616.44"," 225652"," 3647.54"," 14260"," 124956"," 55.38"
PRICOLLTD," EQ"," 02-Jan-2026"," 660.50"," 662.00"," 685.00"," 660.80"," 684.75"," 683.05"," 674.27"," 793474"," 5350.19"," 32005"," 311363"," 39.24"
PRIMECAB," SM"," 02-Jan-2026"," 82.30"," 83.15"," 83.95"," 80.00"," 81.60"," 80.90"," 81.64"," 51200"," 41.80"," 30"," 38400"," 75.00"
PRIMESECU," EQ"," 02-Jan-2026"," 274.70"," 273.60"," 284.95"," 273.35"," 275.50"," 275.35"," 280.73"," 43803"," 122.97"," 1334"," 24499"," 55.93"
PRIMO," EQ"," 02-Jan-2026"," 23.52"," 23.53"," 24.19"," 23.53"," 24.06"," 23.93"," 23.89"," 47114"," 11.25"," 351"," 37786"," 80.20"
PRINCEPIPE," EQ"," 02-Jan-2026"," 267.20"," 267.75"," 267.75"," 260.50"," 261.20"," 262.70"," 263.23"," 158272"," 416.62"," 5027"," 74992"," 47.38"
PRITI," EQ"," 02-Jan-2026"," 58.67"," 58.68"," 60.50"," 57.27"," 59.52"," 60.26"," 58.89"," 21136"," 12.45"," 271"," 17750"," 83.98"
PRITIKA," SM"," 02-Jan-2026"," 81.50"," 82.00"," 84.00"," 78.00"," 78.00"," 78.00"," 80.00"," 10000"," 8.00"," 4"," 8000"," 80.00"
PRITIKAUTO," EQ"," 02-Jan-2026"," 13.84"," 13.99"," 14.49"," 13.95"," 14.19"," 14.15"," 14.26"," 381638"," 54.42"," 1492"," 244132"," 63.97"
PRIVISCL," EQ"," 02-Jan-2026"," 2799.20"," 2792.80"," 2808.80"," 2700.00"," 2785.00"," 2780.90"," 2758.66"," 416777"," 11497.45"," 32979"," 196969"," 47.26"
PRIZOR," SM"," 02-Jan-2026"," 300.50"," 300.00"," 300.05"," 292.50"," 296.00"," 294.65"," 297.33"," 7600"," 22.60"," 18"," 6800"," 89.47"
PROFX," SM"," 02-Jan-2026"," 74.20"," 75.00"," 75.00"," 75.00"," 75.00"," 75.00"," 75.00"," 4800"," 3.60"," 3"," 4800"," 100.00"
PROLIFE," SM"," 02-Jan-2026"," 73.15"," 71.00"," 71.65"," 69.50"," 71.65"," 70.25"," 69.86"," 9500"," 6.64"," 16"," 9000"," 94.74"
PROPEQUITY," SM"," 02-Jan-2026"," 182.00"," 180.20"," 180.20"," 180.00"," 180.00"," 180.00"," 180.12"," 1800"," 3.24"," 3"," 1800"," 100.00"
PROSTARM," EQ"," 02-Jan-2026"," 178.33"," 178.00"," 184.40"," 178.00"," 181.49"," 179.86"," 180.95"," 457850"," 828.48"," 7110"," 150784"," 32.93"
PROTEAN," EQ"," 02-Jan-2026"," 751.60"," 756.80"," 772.30"," 752.55"," 768.70"," 768.90"," 766.31"," 172711"," 1323.51"," 8082"," 97973"," 56.73"
PROZONER," BE"," 02-Jan-2026"," 56.99"," 58.12"," 58.12"," 58.12"," 58.12"," 58.12"," 58.12"," 37893"," 22.02"," 104"," -"," -"
PRSMJOHNSN," EQ"," 02-Jan-2026"," 138.54"," 138.65"," 139.90"," 136.74"," 139.10"," 139.16"," 138.17"," 227603"," 314.48"," 6578"," 63379"," 27.85"
PRUDENT," EQ"," 02-Jan-2026"," 2551.60"," 2542.00"," 2625.00"," 2505.80"," 2596.70"," 2594.00"," 2574.20"," 31298"," 805.67"," 6720"," 16128"," 51.53"
PRUDMOULI," EQ"," 02-Jan-2026"," 19.94"," 19.74"," 20.70"," 19.74"," 19.85"," 20.03"," 20.27"," 17810"," 3.61"," 170"," 11690"," 65.64"
PSB," EQ"," 02-Jan-2026"," 27.97"," 28.61"," 29.50"," 28.56"," 29.47"," 29.39"," 29.13"," 9398640"," 2737.46"," 22670"," 2359614"," 25.11"
PSFL," SM"," 02-Jan-2026"," 28.50"," 28.40"," 28.95"," 28.40"," 28.50"," 28.80"," 28.77"," 20000"," 5.75"," 6"," 20000"," 100.00"
PSPPROJECT," EQ"," 02-Jan-2026"," 866.85"," 872.00"," 900.90"," 872.00"," 897.50"," 893.40"," 886.38"," 113502"," 1006.06"," 4995"," 52434"," 46.20"
PSUBANK," EQ"," 02-Jan-2026"," 854.37"," 864.18"," 874.33"," 854.40"," 869.17"," 868.98"," 863.89"," 15081"," 130.28"," 681"," 9240"," 61.27"
PSUBANKADD," EQ"," 02-Jan-2026"," 86.05"," 86.50"," 87.95"," 86.24"," 87.95"," 87.44"," 86.96"," 52251"," 45.44"," 231"," 50363"," 96.39"
PSUBNKBEES," EQ"," 02-Jan-2026"," 95.27"," 95.27"," 97.60"," 95.23"," 97.52"," 97.20"," 96.68"," 6016616"," 5816.97"," 9663"," 4533333"," 75.35"
PSUBNKIETF," EQ"," 02-Jan-2026"," 86.44"," 86.96"," 88.40"," 86.77"," 88.30"," 87.78"," 87.26"," 328516"," 286.65"," 1320"," 212358"," 64.64"
PTC," EQ"," 02-Jan-2026"," 162.83"," 162.90"," 167.99"," 162.26"," 167.51"," 167.39"," 166.34"," 1437370"," 2390.94"," 16935"," 839572"," 58.41"
PTCIL," EQ"," 02-Jan-2026"," 18352.00"," 18304.00"," 18395.00"," 18050.00"," 18061.00"," 18103.00"," 18187.85"," 11297"," 2054.68"," 4455"," 3615"," 32.00"
PTL," EQ"," 02-Jan-2026"," 39.27"," 39.69"," 39.69"," 39.15"," 39.26"," 39.31"," 39.31"," 45981"," 18.08"," 609"," 35419"," 77.03"
PULZ," SM"," 02-Jan-2026"," 32.40"," 32.35"," 32.35"," 30.50"," 31.95"," 31.95"," 31.93"," 44000"," 14.05"," 10"," 42000"," 95.45"
PUNJABCHEM," EQ"," 02-Jan-2026"," 1190.70"," 1186.30"," 1190.00"," 1170.00"," 1186.00"," 1177.70"," 1177.56"," 7077"," 83.34"," 1006"," 3972"," 56.13"
PURPLEUTED," SM"," 02-Jan-2026"," 412.90"," 413.00"," 417.95"," 394.00"," 399.90"," 396.45"," 400.06"," 18000"," 72.01"," 62"," 15750"," 87.50"
PURVA," EQ"," 02-Jan-2026"," 240.88"," 240.88"," 243.40"," 239.11"," 241.29"," 240.22"," 241.44"," 87269"," 210.70"," 2858"," 35298"," 40.45"
PURVFLEXI," SM"," 02-Jan-2026"," 74.10"," 74.10"," 78.00"," 74.10"," 76.90"," 76.90"," 76.70"," 14400"," 11.04"," 9"," 13600"," 94.44"
PUSHPA," SM"," 02-Jan-2026"," 100.20"," 103.35"," 103.35"," 101.00"," 102.50"," 102.50"," 102.25"," 19000"," 19.43"," 12"," 18000"," 94.74"
PVP," BE"," 02-Jan-2026"," 36.03"," 36.73"," 37.09"," 35.26"," 36.95"," 36.92"," 36.55"," 146048"," 53.38"," 379"," -"," -"
PVRINOX," EQ"," 02-Jan-2026"," 1017.00"," 1032.30"," 1048.90"," 1021.80"," 1028.00"," 1030.20"," 1036.50"," 642003"," 6654.38"," 33669"," 336623"," 52.43"
PVSL," EQ"," 02-Jan-2026"," 121.55"," 122.00"," 122.74"," 117.06"," 118.95"," 118.26"," 118.88"," 40843"," 48.55"," 1762"," 24516"," 60.02"
PVTBANIETF," EQ"," 02-Jan-2026"," 29.03"," 29.03"," 29.20"," 29.03"," 29.11"," 29.16"," 29.16"," 1888362"," 550.55"," 1259"," 1666496"," 88.25"
PVTBANKADD," EQ"," 02-Jan-2026"," 29.10"," 29.18"," 29.32"," 29.07"," 29.29"," 29.27"," 29.24"," 13256"," 3.88"," 97"," 12359"," 93.23"
PWL," EQ"," 02-Jan-2026"," 132.63"," 132.50"," 136.08"," 130.51"," 131.00"," 131.12"," 133.20"," 4678330"," 6231.63"," 32527"," 1244796"," 26.61"
PYRAMID," EQ"," 02-Jan-2026"," 162.86"," 163.09"," 166.44"," 161.41"," 165.50"," 165.01"," 164.61"," 47068"," 77.48"," 1098"," 34556"," 73.42"
QFIL," SM"," 02-Jan-2026"," 63.15"," 62.00"," 62.00"," 60.10"," 60.10"," 60.85"," 60.84"," 7000"," 4.26"," 5"," 7000"," 100.00"
QGOLDHALF," EQ"," 02-Jan-2026"," 110.38"," 111.77"," 111.78"," 111.01"," 111.65"," 111.65"," 111.59"," 284956"," 317.99"," 619"," 130382"," 45.76"
QNIFTY," EQ"," 02-Jan-2026"," 2858.02"," 2862.00"," 2895.00"," 2862.00"," 2876.00"," 2872.49"," 2878.36"," 846"," 24.35"," 117"," 542"," 64.07"
QPOWER," EQ"," 02-Jan-2026"," 812.45"," 806.00"," 844.25"," 790.00"," 836.00"," 831.05"," 813.81"," 2737395"," 22277.11"," 79312"," 361115"," 13.19"
QUADFUTURE," EQ"," 02-Jan-2026"," 330.40"," 331.00"," 347.55"," 328.35"," 338.00"," 336.95"," 339.83"," 1576886"," 5358.71"," 22647"," 214258"," 13.59"
QUAL30IETF," EQ"," 02-Jan-2026"," 22.02"," 22.02"," 22.16"," 21.95"," 22.16"," 22.15"," 22.11"," 145692"," 32.21"," 231"," 92928"," 63.78"
QUALITY30," EQ"," 02-Jan-2026"," 21.50"," 22.03"," 22.03"," 21.53"," 21.68"," 21.57"," 21.56"," 3731"," 0.80"," 20"," 3729"," 99.95"
QUESS," EQ"," 02-Jan-2026"," 208.33"," 208.00"," 216.00"," 204.94"," 215.00"," 215.04"," 211.37"," 470892"," 995.32"," 6100"," 324972"," 69.01"
QUESTLAB," SM"," 02-Jan-2026"," 111.00"," 108.00"," 111.00"," 108.00"," 109.00"," 109.00"," 109.56"," 18000"," 19.72"," 13"," 18000"," 100.00"
QUICKHEAL," EQ"," 02-Jan-2026"," 266.70"," 267.80"," 272.20"," 265.10"," 270.50"," 269.40"," 269.45"," 108023"," 291.07"," 3813"," 44222"," 40.94"
QUICKTOUCH," SM"," 02-Jan-2026"," 40.30"," 40.40"," 41.85"," 40.00"," 41.75"," 41.75"," 40.73"," 16000"," 6.52"," 12"," 14000"," 87.50"
RACE," EQ"," 02-Jan-2026"," 142.35"," 141.99"," 142.00"," 140.05"," 140.15"," 140.33"," 140.45"," 4880"," 6.85"," 106"," 3933"," 80.59"
RACLGEAR," EQ"," 02-Jan-2026"," 1114.80"," 1114.80"," 1159.60"," 1114.00"," 1148.30"," 1152.10"," 1145.31"," 20065"," 229.81"," 2437"," 10488"," 52.27"
RADAAN," EQ"," 02-Jan-2026"," 3.43"," 3.47"," 3.54"," 3.41"," 3.43"," 3.44"," 3.48"," 26206"," 0.91"," 180"," 14911"," 56.90"
RADHIKAJWE," EQ"," 02-Jan-2026"," 73.97"," 73.22"," 75.50"," 73.22"," 74.70"," 74.89"," 74.62"," 134282"," 100.21"," 2157"," 68956"," 51.35"
RADIANTCMS," EQ"," 02-Jan-2026"," 51.84"," 51.75"," 52.49"," 50.92"," 51.85"," 51.42"," 51.29"," 106180"," 54.46"," 1549"," 68549"," 64.56"
RADICO," EQ"," 02-Jan-2026"," 3253.90"," 3253.90"," 3254.00"," 3086.00"," 3093.00"," 3094.20"," 3131.16"," 592140"," 18540.87"," 56872"," 291753"," 49.27"
RADIOCITY," EQ"," 02-Jan-2026"," 6.75"," 6.88"," 6.88"," 6.66"," 6.78"," 6.79"," 6.77"," 144726"," 9.80"," 399"," 85703"," 59.22"
RADIOCITY," P1"," 02-Jan-2026"," 119.20"," 118.90"," 118.90"," 118.10"," 118.20"," 118.20"," 118.17"," 802"," 0.95"," 10"," 767"," 95.64"
RADIOWALLA," SM"," 02-Jan-2026"," 60.45"," 60.50"," 63.00"," 60.50"," 63.00"," 63.00"," 62.13"," 6400"," 3.98"," 4"," 4800"," 75.00"
RAILTEL," EQ"," 02-Jan-2026"," 370.95"," 376.00"," 381.00"," 372.80"," 376.05"," 376.15"," 375.86"," 2205349"," 8288.98"," 33057"," 465510"," 21.11"
RAIN," EQ"," 02-Jan-2026"," 146.72"," 146.00"," 148.90"," 145.25"," 145.50"," 146.42"," 146.77"," 2906101"," 4265.27"," 13426"," 1708828"," 58.80"
RAINBOW," EQ"," 02-Jan-2026"," 1315.40"," 1312.10"," 1327.10"," 1307.00"," 1317.10"," 1318.90"," 1317.69"," 83475"," 1099.94"," 7218"," 52205"," 62.54"
RAJESHEXPO," BZ"," 02-Jan-2026"," 178.68"," 183.50"," 183.90"," 175.00"," 181.70"," 180.99"," 179.32"," 223747"," 401.23"," 3085"," -"," -"
RAJINDLTD," SM"," 02-Jan-2026"," 84.50"," 84.50"," 85.50"," 84.40"," 85.50"," 85.25"," 84.95"," 21000"," 17.84"," 13"," 18000"," 85.71"
RAJMET," EQ"," 02-Jan-2026"," 4.88"," 4.88"," 5.00"," 4.60"," 4.80"," 4.78"," 4.74"," 1186834"," 56.21"," 3693"," 699053"," 58.90"
RAJOOENG," EQ"," 02-Jan-2026"," 63.39"," 63.20"," 65.25"," 62.30"," 65.02"," 64.42"," 63.75"," 788816"," 502.84"," 6607"," 401263"," 50.87"
RAJPUTANA," SM"," 02-Jan-2026"," 242.95"," 240.10"," 240.10"," 240.10"," 240.10"," 240.10"," 240.10"," 1000"," 2.40"," 2"," 1000"," 100.00"
RAJRATAN," EQ"," 02-Jan-2026"," 461.15"," 462.75"," 470.95"," 459.85"," 466.60"," 463.90"," 466.06"," 64659"," 301.35"," 2674"," 34232"," 52.94"
RAJRILTD," BE"," 02-Jan-2026"," 22.23"," 22.23"," 22.45"," 21.79"," 22.25"," 22.01"," 22.02"," 3736"," 0.82"," 92"," -"," -"
RAJSREESUG," EQ"," 02-Jan-2026"," 34.45"," 34.40"," 35.19"," 34.00"," 34.56"," 34.63"," 34.64"," 52189"," 18.08"," 598"," 31645"," 60.64"
RAJTV," EQ"," 02-Jan-2026"," 43.22"," 42.83"," 43.14"," 41.50"," 42.28"," 42.25"," 42.10"," 6790"," 2.86"," 71"," 4576"," 67.39"
RALLIS," EQ"," 02-Jan-2026"," 277.10"," 277.75"," 277.75"," 273.40"," 273.50"," 273.90"," 274.53"," 211838"," 581.56"," 9300"," 122774"," 57.96"
RAMANEWS," EQ"," 02-Jan-2026"," 31.70"," 33.00"," 33.00"," 31.50"," 31.66"," 31.81"," 31.74"," 18253"," 5.79"," 259"," 12094"," 66.26"
RAMAPHO," EQ"," 02-Jan-2026"," 160.78"," 160.50"," 176.40"," 160.03"," 171.80"," 170.79"," 171.19"," 523885"," 896.86"," 9690"," 120202"," 22.94"
RAMASTEEL," EQ"," 02-Jan-2026"," 9.35"," 9.35"," 9.66"," 9.29"," 9.59"," 9.47"," 9.41"," 16588336"," 1561.21"," 8559"," 3448646"," 20.79"
RAMCOCEM," EQ"," 02-Jan-2026"," 1058.30"," 1059.30"," 1063.50"," 1049.50"," 1060.00"," 1056.70"," 1055.86"," 242569"," 2561.19"," 12994"," 143064"," 58.98"
RAMCOIND," EQ"," 02-Jan-2026"," 311.15"," 307.55"," 322.00"," 307.55"," 313.10"," 314.45"," 316.06"," 67219"," 212.45"," 2344"," 40479"," 60.22"
RAMCOSYS," EQ"," 02-Jan-2026"," 568.30"," 568.30"," 577.40"," 568.25"," 576.80"," 573.55"," 574.61"," 37017"," 212.70"," 2489"," 16180"," 43.71"
RAMKY," EQ"," 02-Jan-2026"," 551.25"," 548.00"," 556.00"," 548.00"," 556.00"," 554.75"," 553.54"," 17525"," 97.01"," 1228"," 8557"," 48.83"
RAMRAT," EQ"," 02-Jan-2026"," 310.10"," 312.00"," 314.65"," 310.10"," 311.50"," 311.35"," 312.26"," 18796"," 58.69"," 1138"," 10636"," 56.59"
RANASUG," EQ"," 02-Jan-2026"," 12.28"," 12.46"," 12.58"," 12.30"," 12.50"," 12.49"," 12.47"," 154645"," 19.29"," 560"," 115391"," 74.62"
RANEHOLDIN," EQ"," 02-Jan-2026"," 1375.40"," 1382.60"," 1415.00"," 1364.40"," 1392.10"," 1399.40"," 1389.94"," 22163"," 308.05"," 4591"," 13466"," 60.76"
RAPIDFLEET," SM"," 02-Jan-2026"," 183.00"," 190.00"," 192.00"," 190.00"," 190.00"," 190.00"," 190.50"," 2400"," 4.57"," 4"," 1800"," 75.00"
RAPPID," SM"," 02-Jan-2026"," 300.00"," 300.00"," 300.00"," 300.00"," 300.00"," 300.00"," 300.00"," 2400"," 7.20"," 4"," 2400"," 100.00"
RATEGAIN," EQ"," 02-Jan-2026"," 702.00"," 700.00"," 700.00"," 685.90"," 697.90"," 693.85"," 692.56"," 136972"," 948.61"," 7706"," 63504"," 46.36"
RATNAMANI," EQ"," 02-Jan-2026"," 2389.40"," 2383.40"," 2386.20"," 2325.00"," 2350.20"," 2354.00"," 2354.02"," 10932"," 257.34"," 3082"," 5038"," 46.08"
RATNAVEER," EQ"," 02-Jan-2026"," 152.91"," 153.50"," 157.20"," 152.64"," 154.25"," 155.92"," 155.52"," 2395866"," 3726.15"," 9255"," 1149373"," 47.97"
RAYMOND," EQ"," 02-Jan-2026"," 425.60"," 426.90"," 437.85"," 425.25"," 437.00"," 436.50"," 433.71"," 220325"," 955.58"," 7022"," 114600"," 52.01"
RAYMONDLSL," EQ"," 02-Jan-2026"," 1019.50"," 1019.00"," 1049.40"," 1015.80"," 1035.00"," 1036.40"," 1032.30"," 64349"," 664.27"," 6473"," 19020"," 29.56"
RAYMONDREL," EQ"," 02-Jan-2026"," 521.40"," 526.60"," 540.00"," 518.65"," 535.00"," 529.95"," 527.61"," 141461"," 746.36"," 3968"," 69259"," 48.96"
RBA," EQ"," 02-Jan-2026"," 63.54"," 63.56"," 65.45"," 63.12"," 64.92"," 65.04"," 64.77"," 5531753"," 3582.90"," 14192"," 2816514"," 50.92"
RBLBANK," EQ"," 02-Jan-2026"," 315.30"," 315.00"," 324.30"," 314.25"," 320.80"," 320.75"," 320.15"," 6278560"," 20100.55"," 36868"," 2805256"," 44.68"
RBMINFRA," SM"," 02-Jan-2026"," 415.75"," 412.50"," 435.00"," 410.05"," 435.00"," 434.25"," 430.32"," 11600"," 49.92"," 49"," 10400"," 89.66"
RBS," SM"," 02-Jan-2026"," 95.00"," 95.10"," 95.10"," 94.50"," 95.00"," 95.00"," 94.86"," 5600"," 5.31"," 7"," 4000"," 71.43"
RBZJEWEL," EQ"," 02-Jan-2026"," 139.37"," 140.30"," 143.39"," 139.69"," 142.80"," 142.49"," 142.10"," 67611"," 96.07"," 8188"," 36936"," 54.63"
RCDL," SM"," 02-Jan-2026"," 21.10"," 20.10"," 20.10"," 20.00"," 20.00"," 20.00"," 20.05"," 15000"," 3.01"," 5"," 15000"," 100.00"
RCF," EQ"," 02-Jan-2026"," 146.07"," 147.00"," 149.80"," 146.40"," 149.11"," 149.19"," 148.39"," 2250214"," 3339.18"," 18110"," 944936"," 41.99"
RCOM," BE"," 02-Jan-2026"," 1.11"," 1.12"," 1.12"," 1.10"," 1.12"," 1.11"," 1.11"," 2669739"," 29.70"," 1654"," -"," -"
READYMIX," SM"," 02-Jan-2026"," 116.00"," 116.00"," 116.00"," 116.00"," 116.00"," 116.00"," 116.00"," 2000"," 2.32"," 2"," 2000"," 100.00"
RECLTD," EQ"," 02-Jan-2026"," 367.70"," 370.00"," 384.00"," 369.50"," 381.50"," 380.65"," 380.03"," 24228761"," 92075.49"," 162190"," 9828531"," 40.57"
REDINGTON," EQ"," 02-Jan-2026"," 274.95"," 274.80"," 278.35"," 274.75"," 276.60"," 276.30"," 276.35"," 776265"," 2145.22"," 17059"," 370098"," 47.68"
REDTAPE," EQ"," 02-Jan-2026"," 124.20"," 124.48"," 125.05"," 123.51"," 124.06"," 124.22"," 124.32"," 151440"," 188.27"," 2628"," 80046"," 52.86"
REFEX," EQ"," 02-Jan-2026"," 261.50"," 262.80"," 264.70"," 259.65"," 262.10"," 262.30"," 262.26"," 618333"," 1621.63"," 7646"," 136366"," 22.05"
REFRACTORY," SM"," 02-Jan-2026"," 55.10"," 51.70"," 59.00"," 51.70"," 56.00"," 56.00"," 53.86"," 27000"," 14.54"," 8"," 25000"," 92.59"
REGAAL," EQ"," 02-Jan-2026"," 69.57"," 69.57"," 70.60"," 69.10"," 70.47"," 70.41"," 69.99"," 240298"," 168.20"," 2585"," 106205"," 44.20"
REGENCERAM," EQ"," 02-Jan-2026"," 46.03"," 46.53"," 48.50"," 45.55"," 45.55"," 47.08"," 47.07"," 2505"," 1.18"," 206"," 1896"," 75.69"
RELAXO," EQ"," 02-Jan-2026"," 402.65"," 400.00"," 405.50"," 400.00"," 404.65"," 403.30"," 403.23"," 51217"," 206.52"," 3357"," 28612"," 55.86"
RELCHEMQ," EQ"," 02-Jan-2026"," 137.27"," 137.95"," 139.00"," 134.02"," 138.00"," 137.75"," 137.71"," 2298"," 3.16"," 119"," 1546"," 67.28"
RELIABLE," BE"," 02-Jan-2026"," 153.58"," 154.00"," 160.00"," 152.00"," 158.00"," 157.92"," 155.70"," 47505"," 73.96"," 278"," -"," -"
RELIANCE," EQ"," 02-Jan-2026"," 1575.60"," 1580.00"," 1594.60"," 1578.20"," 1593.00"," 1592.30"," 1589.16"," 6602230"," 104919.99"," 156023"," 4876895"," 73.87"
RELIGARE," EQ"," 02-Jan-2026"," 247.87"," 249.46"," 250.15"," 245.05"," 249.82"," 249.06"," 248.84"," 746847"," 1858.49"," 8015"," 475824"," 63.71"
RELTD," EQ"," 02-Jan-2026"," 156.74"," 157.00"," 158.77"," 156.00"," 157.00"," 156.51"," 157.19"," 71863"," 112.96"," 1626"," 36512"," 50.81"
REMSONSIND," EQ"," 02-Jan-2026"," 120.62"," 120.99"," 127.70"," 120.64"," 126.10"," 126.32"," 124.67"," 368872"," 459.89"," 10656"," 120166"," 32.58"
REMUS," SM"," 02-Jan-2026"," 693.35"," 689.90"," 798.00"," 689.90"," 774.00"," 768.90"," 719.34"," 41400"," 297.81"," 118"," 36800"," 88.89"
RENUKA," EQ"," 02-Jan-2026"," 26.08"," 26.01"," 26.58"," 25.92"," 26.39"," 26.34"," 26.25"," 2571486"," 675.11"," 8137"," 1120250"," 43.56"
REPCOHOME," EQ"," 02-Jan-2026"," 429.15"," 431.40"," 440.50"," 426.15"," 432.95"," 433.50"," 433.98"," 165725"," 719.22"," 7321"," 85295"," 51.47"
REPL," EQ"," 02-Jan-2026"," 117.48"," 117.06"," 121.48"," 117.06"," 119.45"," 118.88"," 118.36"," 14272"," 16.89"," 255"," 7163"," 50.19"
REPRO," EQ"," 02-Jan-2026"," 465.10"," 463.95"," 469.90"," 461.00"," 463.00"," 463.65"," 464.26"," 9674"," 44.91"," 343"," 6599"," 68.21"
RESPONIND," EQ"," 02-Jan-2026"," 199.48"," 198.25"," 201.00"," 196.50"," 197.35"," 197.69"," 198.84"," 58555"," 116.43"," 1850"," 36812"," 62.87"
RETAIL," EQ"," 02-Jan-2026"," 24.70"," 24.79"," 25.46"," 24.01"," 24.36"," 24.23"," 24.22"," 8051"," 1.95"," 107"," 6202"," 77.03"
REXPIPES," SM"," 02-Jan-2026"," 150.05"," 142.60"," 151.00"," 142.60"," 151.00"," 151.00"," 145.40"," 3000"," 4.36"," 3"," 3000"," 100.00"
REXPRO," SM"," 02-Jan-2026"," 57.50"," 55.55"," 56.95"," 55.55"," 56.95"," 56.90"," 56.10"," 17000"," 9.54"," 17"," 12000"," 70.59"
RGL," EQ"," 02-Jan-2026"," 126.70"," 126.05"," 126.38"," 123.70"," 123.91"," 124.46"," 124.44"," 432990"," 538.83"," 2460"," 92689"," 21.41"
RHETAN," EQ"," 02-Jan-2026"," 24.62"," 24.75"," 25.85"," 24.60"," 25.60"," 25.56"," 25.42"," 1995297"," 507.14"," 4684"," 1007466"," 50.49"
RHFL," BZ"," 02-Jan-2026"," 2.87"," 2.83"," 2.91"," 2.83"," 2.89"," 2.89"," 2.87"," 415242"," 11.92"," 911"," -"," -"
RHIM," EQ"," 02-Jan-2026"," 454.55"," 455.00"," 457.55"," 452.15"," 456.00"," 455.30"," 454.79"," 51519"," 234.30"," 3143"," 27061"," 52.53"
RHL," EQ"," 02-Jan-2026"," 185.07"," 187.64"," 222.08"," 186.00"," 222.08"," 222.08"," 217.78"," 318760"," 694.19"," 3482"," 138598"," 43.48"
RICOAUTO," EQ"," 02-Jan-2026"," 138.05"," 137.75"," 142.40"," 134.45"," 135.50"," 135.38"," 138.88"," 6659143"," 9248.08"," 37134"," 1514166"," 22.74"
RIIL," EQ"," 02-Jan-2026"," 818.20"," 823.45"," 830.75"," 816.00"," 817.70"," 817.30"," 821.44"," 63553"," 522.05"," 3054"," 32169"," 50.62"
RILINFRA," SM"," 02-Jan-2026"," 36.85"," 37.70"," 37.70"," 36.60"," 37.40"," 37.20"," 37.07"," 23000"," 8.53"," 72"," 14300"," 62.17"
RISHABH," EQ"," 02-Jan-2026"," 425.90"," 428.00"," 439.00"," 422.05"," 434.40"," 434.20"," 431.06"," 70091"," 302.13"," 2887"," 36252"," 51.72"
RITCO," EQ"," 02-Jan-2026"," 270.15"," 266.25"," 272.30"," 266.25"," 272.00"," 270.55"," 270.08"," 27521"," 74.33"," 636"," 12563"," 45.65"
RITES," EQ"," 02-Jan-2026"," 243.25"," 243.29"," 246.85"," 241.05"," 246.40"," 245.88"," 244.24"," 933297"," 2279.50"," 17411"," 352468"," 37.77"
RITEZONE," SM"," 02-Jan-2026"," 22.40"," 22.40"," 22.40"," 22.40"," 22.40"," 22.40"," 22.40"," 1600"," 0.36"," 1"," 1600"," 100.00"
RKDL," EQ"," 02-Jan-2026"," 23.08"," 23.65"," 25.47"," 22.84"," 24.21"," 24.24"," 24.38"," 146389"," 35.70"," 1032"," 77029"," 52.62"
RKEC," EQ"," 02-Jan-2026"," 53.79"," 54.57"," 56.20"," 53.99"," 54.51"," 54.72"," 55.17"," 39810"," 21.96"," 497"," 29380"," 73.80"
RKFORGE," EQ"," 02-Jan-2026"," 516.45"," 517.25"," 542.60"," 516.85"," 531.50"," 531.40"," 533.90"," 850441"," 4540.48"," 23070"," 284894"," 33.50"
RKSWAMY," EQ"," 02-Jan-2026"," 110.76"," 110.98"," 112.49"," 109.42"," 110.55"," 111.06"," 110.69"," 19745"," 21.86"," 651"," 13726"," 69.52"
RMDRIP," EQ"," 02-Jan-2026"," 84.35"," 84.50"," 85.65"," 84.47"," 85.45"," 85.41"," 85.37"," 2675526"," 2284.22"," 5117"," 2098739"," 78.44"
RML," EQ"," 02-Jan-2026"," 809.25"," 806.00"," 849.95"," 802.50"," 841.60"," 844.20"," 834.24"," 35846"," 299.04"," 2472"," 22218"," 61.98"
RNBDENIMS," EQ"," 02-Jan-2026"," 134.89"," 133.00"," 137.60"," 130.21"," 132.00"," 131.63"," 132.39"," 21196"," 28.06"," 822"," 11183"," 52.76"
RNFI," SM"," 02-Jan-2026"," 316.45"," 322.95"," 322.95"," 311.30"," 313.90"," 312.30"," 314.46"," 18600"," 58.49"," 29"," 9000"," 48.39"
RNPL," ST"," 02-Jan-2026"," 145.00"," 144.50"," 144.80"," 141.00"," 144.80"," 144.80"," 143.08"," 4800"," 6.87"," 4"," 4800"," 100.00"
ROCKINGDCE," ST"," 02-Jan-2026"," 233.65"," 230.50"," 233.65"," 222.00"," 222.00"," 222.35"," 224.38"," 5500"," 12.34"," 16"," 3750"," 68.18"
ROCKPP," X1"," 02-Jan-2026"," 88.00"," 85.90"," 86.00"," 85.90"," 85.90"," 85.90"," 85.93"," 3000"," 2.58"," 3"," 3000"," 100.00"
ROHLTD," EQ"," 02-Jan-2026"," 415.10"," 418.00"," 418.00"," 410.60"," 412.35"," 414.15"," 413.63"," 15303"," 63.30"," 746"," 10387"," 67.88"
ROLEXRINGS," EQ"," 02-Jan-2026"," 127.99"," 127.90"," 137.75"," 127.76"," 134.01"," 134.23"," 134.53"," 4248096"," 5714.99"," 41384"," 1030383"," 24.26"
ROLLT," EQ"," 02-Jan-2026"," 1.25"," 1.27"," 1.30"," 1.25"," 1.30"," 1.27"," 1.27"," 120419"," 1.53"," 199"," 96327"," 79.99"
ROML," EQ"," 02-Jan-2026"," 51.28"," 52.10"," 52.10"," 50.42"," 50.99"," 50.91"," 50.89"," 3036"," 1.54"," 88"," 1843"," 60.70"
ROSSARI," EQ"," 02-Jan-2026"," 579.15"," 580.50"," 584.75"," 578.00"," 584.00"," 583.50"," 581.66"," 19227"," 111.83"," 1211"," 11701"," 60.86"
ROSSELLIND," EQ"," 02-Jan-2026"," 50.16"," 50.00"," 51.56"," 49.86"," 50.11"," 50.34"," 50.34"," 26262"," 13.22"," 1117"," 19618"," 74.70"
ROSSTECH," EQ"," 02-Jan-2026"," 626.85"," 627.00"," 640.00"," 624.15"," 632.95"," 629.85"," 632.01"," 38012"," 240.24"," 3082"," 13639"," 35.88"
ROTO," EQ"," 02-Jan-2026"," 68.65"," 68.00"," 70.74"," 68.00"," 69.50"," 69.44"," 69.04"," 813617"," 561.71"," 5858"," 171838"," 21.12"
ROUTE," EQ"," 02-Jan-2026"," 696.15"," 696.15"," 712.90"," 691.00"," 708.00"," 710.35"," 705.73"," 154336"," 1089.19"," 7254"," 59188"," 38.35"
ROXHITECH," SM"," 02-Jan-2026"," 43.50"," 43.50"," 43.50"," 43.00"," 43.40"," 43.40"," 43.29"," 32000"," 13.85"," 12"," 22400"," 70.00"
RPEL," EQ"," 02-Jan-2026"," 964.95"," 964.95"," 966.45"," 945.00"," 948.00"," 953.05"," 952.12"," 48180"," 458.73"," 1644"," 38624"," 80.17"
RPGLIFE," EQ"," 02-Jan-2026"," 2312.70"," 2285.00"," 2330.00"," 2285.00"," 2293.00"," 2312.50"," 2312.59"," 4194"," 96.99"," 1214"," 1947"," 46.42"
RPOWER," EQ"," 02-Jan-2026"," 34.72"," 34.79"," 36.20"," 34.65"," 35.87"," 35.93"," 35.44"," 38879950"," 13779.38"," 54056"," 14888641"," 38.29"
RPPINFRA," EQ"," 02-Jan-2026"," 100.47"," 100.81"," 102.65"," 100.13"," 101.30"," 101.90"," 101.46"," 49742"," 50.47"," 1530"," 22974"," 46.19"
RPPL," EQ"," 02-Jan-2026"," 19.17"," 19.56"," 19.56"," 19.06"," 19.07"," 19.10"," 19.24"," 31614"," 6.08"," 144"," 28012"," 88.61"
RPSGVENT," EQ"," 02-Jan-2026"," 747.00"," 747.00"," 762.00"," 745.50"," 760.00"," 754.45"," 751.38"," 26560"," 199.57"," 1756"," 14638"," 55.11"
RPTECH," EQ"," 02-Jan-2026"," 360.55"," 362.25"," 364.30"," 354.95"," 358.25"," 360.80"," 361.51"," 100620"," 363.75"," 2957"," 64830"," 64.43"
RRKABEL," EQ"," 02-Jan-2026"," 1469.30"," 1480.00"," 1521.00"," 1479.50"," 1509.00"," 1510.50"," 1501.85"," 301874"," 4533.68"," 27561"," 126119"," 41.78"
RSSOFTWARE," EQ"," 02-Jan-2026"," 51.57"," 52.00"," 52.38"," 50.60"," 50.90"," 50.96"," 51.37"," 59745"," 30.69"," 934"," 38005"," 63.61"
RSWM," EQ"," 02-Jan-2026"," 148.41"," 149.22"," 150.00"," 148.10"," 150.00"," 149.86"," 149.18"," 8612"," 12.85"," 322"," 6026"," 69.97"
RSYSTEMS," EQ"," 02-Jan-2026"," 407.75"," 404.00"," 408.30"," 404.00"," 407.80"," 406.70"," 406.27"," 25140"," 102.14"," 1142"," 14798"," 58.86"
RTNINDIA," EQ"," 02-Jan-2026"," 40.82"," 40.85"," 42.76"," 40.70"," 42.33"," 42.30"," 41.86"," 2142547"," 896.77"," 10959"," 584452"," 27.28"
RTNPOWER," EQ"," 02-Jan-2026"," 9.45"," 9.48"," 9.80"," 9.43"," 9.79"," 9.76"," 9.68"," 21300599"," 2061.49"," 21471"," 10157280"," 47.69"
RUBFILA," EQ"," 02-Jan-2026"," 74.21"," 74.21"," 75.88"," 73.30"," 73.95"," 73.67"," 74.18"," 25502"," 18.92"," 370"," 17648"," 69.20"
RUBICON," EQ"," 02-Jan-2026"," 676.50"," 671.00"," 677.25"," 649.20"," 660.70"," 661.40"," 658.06"," 177103"," 1165.45"," 8127"," 91415"," 51.62"
RUBYMILLS," EQ"," 02-Jan-2026"," 223.00"," 222.60"," 229.96"," 222.00"," 222.01"," 223.04"," 224.82"," 14778"," 33.22"," 578"," 10006"," 67.71"
RUCHINFRA," EQ"," 02-Jan-2026"," 6.30"," 6.30"," 6.47"," 5.31"," 6.43"," 6.36"," 5.98"," 271339"," 16.22"," 2127"," 142981"," 52.69"
RUCHIRA," EQ"," 02-Jan-2026"," 122.43"," 123.00"," 123.34"," 121.68"," 122.90"," 122.71"," 122.77"," 50745"," 62.30"," 894"," 35780"," 70.51"
RUDRA," EQ"," 02-Jan-2026"," 25.86"," 25.97"," 26.20"," 25.20"," 25.61"," 25.95"," 25.76"," 41353"," 10.65"," 702"," 19321"," 46.72"
RULKA," SM"," 02-Jan-2026"," 109.75"," 109.20"," 109.50"," 106.50"," 106.50"," 106.50"," 108.09"," 2400"," 2.59"," 7"," 1500"," 62.50"
RUPA," EQ"," 02-Jan-2026"," 160.97"," 160.42"," 162.00"," 159.51"," 161.70"," 161.68"," 160.95"," 78693"," 126.66"," 4068"," 38953"," 49.50"
RUSHIL," EQ"," 02-Jan-2026"," 22.84"," 22.66"," 23.30"," 22.60"," 23.25"," 23.23"," 22.97"," 261005"," 59.96"," 1362"," 152961"," 58.60"
RUSTOMJEE," EQ"," 02-Jan-2026"," 537.40"," 534.20"," 543.65"," 531.60"," 543.65"," 541.75"," 537.94"," 23469"," 126.25"," 3132"," 12010"," 51.17"
RVHL," EQ"," 02-Jan-2026"," 51.93"," 53.00"," 53.00"," 50.35"," 51.82"," 50.96"," 51.30"," 21906"," 11.24"," 226"," 17153"," 78.30"
RVNL," EQ"," 02-Jan-2026"," 361.50"," 363.50"," 368.45"," 360.65"," 365.25"," 365.85"," 365.06"," 7088047"," 25875.85"," 63474"," 1867904"," 26.35"
RVTH," EQ"," 02-Jan-2026"," 702.00"," 705.00"," 737.00"," 705.00"," 734.70"," 734.20"," 725.81"," 911"," 6.61"," 107"," 844"," 92.65"
S&SPOWER," EQ"," 02-Jan-2026"," 304.80"," 313.95"," 318.90"," 295.10"," 305.90"," 301.85"," 309.60"," 6480"," 20.06"," 574"," 3740"," 57.72"
SAAKSHI," SM"," 02-Jan-2026"," 181.75"," 182.35"," 183.10"," 178.05"," 178.05"," 179.10"," 181.71"," 16800"," 30.53"," 13"," 16800"," 100.00"
SAATVIKGL," EQ"," 02-Jan-2026"," 376.70"," 379.95"," 389.90"," 372.20"," 387.00"," 388.30"," 385.30"," 392799"," 1513.47"," 5171"," 286437"," 72.92"
SABAR," ST"," 02-Jan-2026"," 4.60"," 4.60"," 4.60"," 4.60"," 4.60"," 4.60"," 4.60"," 5000"," 0.23"," 1"," 5000"," 100.00"
SABEVENTS," BE"," 02-Jan-2026"," 9.12"," 9.30"," 9.30"," 9.30"," 9.30"," 9.30"," 9.30"," 1338"," 0.12"," 7"," -"," -"
SABTNL," BE"," 02-Jan-2026"," 1646.20"," 1694.00"," 1728.50"," 1663.50"," 1728.50"," 1728.30"," 1725.21"," 18649"," 321.73"," 606"," -"," -"
SACHEEROME," ST"," 02-Jan-2026"," 396.25"," 395.00"," 400.00"," 376.45"," 376.45"," 376.45"," 383.54"," 31800"," 121.96"," 30"," 31200"," 98.11"
SADBHAV," BE"," 02-Jan-2026"," 10.97"," 10.75"," 11.40"," 10.71"," 10.80"," 10.93"," 10.86"," 75025"," 8.15"," 137"," -"," -"
SADBHIN," EQ"," 02-Jan-2026"," 3.93"," 3.93"," 4.02"," 3.79"," 3.95"," 3.91"," 3.88"," 113549"," 4.41"," 273"," 81257"," 71.56"
SADHAV," SM"," 02-Jan-2026"," 104.00"," 107.00"," 113.00"," 104.80"," 111.00"," 110.80"," 110.16"," 77400"," 85.26"," 86"," 58200"," 75.19"
SADHNANIQ," EQ"," 02-Jan-2026"," 7.22"," 7.29"," 7.40"," 7.14"," 7.25"," 7.29"," 7.25"," 373032"," 27.05"," 838"," 277407"," 74.37"
SAFARI," EQ"," 02-Jan-2026"," 2180.00"," 2180.00"," 2197.20"," 2154.80"," 2170.60"," 2168.50"," 2170.78"," 11479"," 249.18"," 2271"," 4871"," 42.43"
SAFEENTP," SM"," 02-Jan-2026"," 260.00"," 261.00"," 265.00"," 261.00"," 261.00"," 263.90"," 263.07"," 10500"," 27.62"," 19"," 9500"," 90.48"
SAGARDEEP," EQ"," 02-Jan-2026"," 27.93"," 28.99"," 28.99"," 27.05"," 27.26"," 27.50"," 27.53"," 35802"," 9.86"," 314"," 22147"," 61.86"
SAGCEM," EQ"," 02-Jan-2026"," 213.47"," 212.03"," 219.90"," 212.03"," 218.95"," 218.15"," 215.51"," 26512"," 57.14"," 1005"," 15572"," 58.74"
SAGILITY," EQ"," 02-Jan-2026"," 52.02"," 52.02"," 53.08"," 51.91"," 53.00"," 52.97"," 52.69"," 16986680"," 8950.24"," 36101"," 8447137"," 49.73"
SAHAJSOLAR," SM"," 02-Jan-2026"," 170.30"," 172.45"," 180.00"," 171.00"," 177.80"," 176.85"," 176.00"," 20000"," 35.20"," 48"," 12400"," 62.00"
SAHANA," SM"," 02-Jan-2026"," 826.00"," 828.00"," 845.00"," 815.00"," 845.00"," 838.90"," 827.54"," 11500"," 95.17"," 84"," 6875"," 59.78"
SAHASRA," SM"," 02-Jan-2026"," 298.20"," 300.00"," 304.95"," 298.00"," 298.00"," 299.25"," 300.39"," 25200"," 75.70"," 56"," 19600"," 77.78"
SAHYADRI," EQ"," 02-Jan-2026"," 259.00"," 255.60"," 262.00"," 253.45"," 257.00"," 257.00"," 257.37"," 55522"," 142.90"," 164"," 53922"," 97.12"
SAIFL," SM"," 02-Jan-2026"," 13.30"," 12.90"," 13.00"," 12.90"," 12.90"," 12.90"," 12.93"," 12000"," 1.55"," 3"," 12000"," 100.00"
SAIL," EQ"," 02-Jan-2026"," 148.45"," 148.60"," 148.90"," 146.90"," 147.40"," 147.47"," 147.61"," 12703746"," 18751.72"," 44029"," 5347724"," 42.10"
SAILIFE," EQ"," 02-Jan-2026"," 900.25"," 904.00"," 933.00"," 900.05"," 922.00"," 921.70"," 921.23"," 411902"," 3794.55"," 22680"," 183129"," 44.46"
SAJHOTELS," SM"," 02-Jan-2026"," 58.00"," 55.50"," 57.95"," 55.00"," 57.00"," 57.00"," 56.04"," 24000"," 13.45"," 11"," 16000"," 66.67"
SAKAR," EQ"," 02-Jan-2026"," 406.90"," 403.95"," 409.70"," 403.95"," 406.00"," 406.55"," 407.26"," 8408"," 34.24"," 312"," 6110"," 72.67"
SAKHTISUG," EQ"," 02-Jan-2026"," 19.05"," 19.05"," 19.73"," 19.01"," 19.45"," 19.39"," 19.39"," 71253"," 13.81"," 624"," 42707"," 59.94"
SAKSOFT," EQ"," 02-Jan-2026"," 197.06"," 196.33"," 199.19"," 195.59"," 198.71"," 198.34"," 197.61"," 81553"," 161.15"," 2909"," 42126"," 51.65"
SAKUMA," EQ"," 02-Jan-2026"," 2.13"," 2.15"," 2.20"," 2.13"," 2.17"," 2.16"," 2.16"," 1785183"," 38.57"," 1623"," 1207996"," 67.67"
SALASAR," EQ"," 02-Jan-2026"," 8.86"," 8.86"," 9.02"," 8.76"," 8.89"," 8.91"," 8.91"," 3029288"," 269.95"," 4743"," 1799720"," 59.41"
SALONA," EQ"," 02-Jan-2026"," 260.90"," 265.00"," 265.00"," 252.05"," 259.00"," 258.35"," 258.06"," 1668"," 4.30"," 187"," 1091"," 65.41"
SALSTEEL," BE"," 02-Jan-2026"," 44.24"," 45.12"," 45.12"," 44.00"," 44.00"," 44.00"," 44.85"," 131468"," 58.96"," 202"," -"," -"
SALZERELEC," EQ"," 02-Jan-2026"," 684.95"," 689.00"," 696.10"," 682.50"," 693.00"," 692.90"," 689.50"," 31724"," 218.74"," 2106"," 16569"," 52.23"
SAMAY," ST"," 02-Jan-2026"," 45.10"," 44.00"," 44.50"," 43.70"," 43.70"," 43.70"," 43.96"," 24000"," 10.55"," 6"," 20000"," 83.33"
SAMBHAAV," BE"," 02-Jan-2026"," 8.90"," 8.60"," 9.24"," 8.60"," 8.90"," 8.90"," 9.01"," 49187"," 4.43"," 111"," -"," -"
SAMBHV," EQ"," 02-Jan-2026"," 96.13"," 96.90"," 102.22"," 90.63"," 97.49"," 97.53"," 97.00"," 11235327"," 10897.82"," 59484"," 2373440"," 21.12"
SAMHI," EQ"," 02-Jan-2026"," 179.25"," 180.31"," 185.85"," 179.33"," 185.00"," 185.42"," 183.67"," 724301"," 1330.35"," 10394"," 430574"," 59.45"
SAMMAANCAP," EQ"," 02-Jan-2026"," 144.21"," 145.00"," 150.00"," 144.13"," 148.51"," 148.61"," 148.24"," 20252688"," 30022.13"," 45738"," 10069775"," 49.72"
SAMPANN," EQ"," 02-Jan-2026"," 32.90"," 32.25"," 33.50"," 32.25"," 33.39"," 33.06"," 32.83"," 16093"," 5.28"," 528"," 9800"," 60.90"
SANATHAN," EQ"," 02-Jan-2026"," 432.40"," 430.10"," 444.00"," 430.10"," 444.00"," 442.00"," 439.07"," 16427"," 72.13"," 1506"," 10830"," 65.93"
SANCO," BZ"," 02-Jan-2026"," 2.42"," 2.54"," 2.54"," 2.54"," 2.54"," 2.54"," 2.54"," 8103"," 0.21"," 16"," -"," -"
SANDESH," EQ"," 02-Jan-2026"," 1066.00"," 1061.20"," 1097.00"," 1061.20"," 1085.00"," 1090.20"," 1085.93"," 921"," 10.00"," 98"," 834"," 90.55"
SANDHAR," EQ"," 02-Jan-2026"," 542.00"," 549.90"," 584.90"," 545.20"," 581.95"," 582.70"," 572.55"," 914297"," 5234.85"," 32775"," 408260"," 44.65"
SANDUMA," EQ"," 02-Jan-2026"," 244.44"," 246.00"," 268.80"," 246.00"," 264.10"," 264.71"," 260.49"," 24904909"," 64875.96"," 188745"," 4110540"," 16.50"
SANGAMIND," EQ"," 02-Jan-2026"," 491.50"," 493.20"," 501.00"," 477.50"," 478.00"," 480.20"," 487.87"," 43197"," 210.75"," 1975"," 30372"," 70.31"
SANGANI," SM"," 02-Jan-2026"," 53.95"," 53.85"," 53.85"," 53.85"," 53.85"," 53.85"," 53.85"," 1500"," 0.81"," 1"," 1500"," 100.00"
SANGHIIND," EQ"," 02-Jan-2026"," 65.40"," 65.30"," 66.92"," 65.29"," 66.92"," 66.58"," 66.12"," 844048"," 558.10"," 1551"," 508974"," 60.30"
SANGHVIMOV," EQ"," 02-Jan-2026"," 347.60"," 347.00"," 353.90"," 346.55"," 350.90"," 349.95"," 351.21"," 140370"," 492.99"," 4284"," 59488"," 42.38"
SANGINITA," EQ"," 02-Jan-2026"," 10.10"," 10.15"," 10.24"," 10.01"," 10.21"," 10.21"," 10.16"," 20173"," 2.05"," 73"," 19168"," 95.02"
SANOFI," EQ"," 02-Jan-2026"," 4097.90"," 4100.00"," 4150.00"," 4089.00"," 4145.20"," 4141.80"," 4124.42"," 7556"," 311.64"," 1929"," 3845"," 50.89"
SANOFICONR," EQ"," 02-Jan-2026"," 4561.30"," 4560.60"," 4605.60"," 4503.10"," 4591.70"," 4595.80"," 4578.64"," 1491"," 68.27"," 852"," 851"," 57.08"
SANSERA," EQ"," 02-Jan-2026"," 1765.50"," 1795.00"," 1889.80"," 1785.10"," 1879.00"," 1871.00"," 1841.53"," 462798"," 8522.56"," 45302"," 145222"," 31.38"
SANSTAR," EQ"," 02-Jan-2026"," 95.99"," 94.90"," 98.20"," 94.90"," 97.00"," 96.46"," 96.92"," 234978"," 227.73"," 2722"," 119499"," 50.86"
SANWARIA," BZ"," 02-Jan-2026"," 0.26"," 0.26"," 0.27"," 0.26"," 0.26"," 0.26"," 0.26"," 958143"," 2.52"," 205"," -"," -"
SAPPHIRE," EQ"," 02-Jan-2026"," 262.70"," 259.10"," 260.50"," 247.10"," 250.90"," 252.00"," 254.64"," 7488365"," 19068.49"," 113507"," 3180652"," 42.47"
SARDAEN," EQ"," 02-Jan-2026"," 509.75"," 511.35"," 525.80"," 511.30"," 524.95"," 523.00"," 519.99"," 348758"," 1813.52"," 14207"," 157648"," 45.20"
SAREGAMA," EQ"," 02-Jan-2026"," 350.75"," 351.95"," 359.25"," 348.20"," 358.00"," 357.95"," 354.75"," 403299"," 1430.70"," 15032"," 223070"," 55.31"
SARLAPOLY," EQ"," 02-Jan-2026"," 91.30"," 91.07"," 91.49"," 89.65"," 90.80"," 90.34"," 90.77"," 56046"," 50.87"," 1486"," 37932"," 67.68"
SARTELE," SM"," 02-Jan-2026"," 256.00"," 258.90"," 259.50"," 245.00"," 250.30"," 250.95"," 250.97"," 586500"," 1471.94"," 306"," 477500"," 81.42"
SARVESHWAR," EQ"," 02-Jan-2026"," 4.60"," 4.63"," 4.80"," 4.60"," 4.76"," 4.73"," 4.71"," 7226449"," 340.20"," 5432"," 4219200"," 58.39"
SASKEN," EQ"," 02-Jan-2026"," 1523.80"," 1523.00"," 1572.00"," 1515.00"," 1538.00"," 1545.40"," 1548.43"," 25142"," 389.31"," 2190"," 10748"," 42.75"
SASTASUNDR," EQ"," 02-Jan-2026"," 294.90"," 296.60"," 319.05"," 296.60"," 312.00"," 315.75"," 312.08"," 19726"," 61.56"," 740"," 11657"," 59.09"
SATECH," ST"," 02-Jan-2026"," 55.10"," 57.30"," 57.85"," 56.00"," 56.00"," 56.00"," 57.57"," 15000"," 8.64"," 12"," 15000"," 100.00"
SATIA," EQ"," 02-Jan-2026"," 66.72"," 66.20"," 67.49"," 66.20"," 67.05"," 67.09"," 66.96"," 49822"," 33.36"," 1156"," 35784"," 71.82"
SATIN," EQ"," 02-Jan-2026"," 144.29"," 144.00"," 145.40"," 143.69"," 145.00"," 144.64"," 144.65"," 78831"," 114.03"," 1521"," 40893"," 51.87"
SATIPOLY," SM"," 02-Jan-2026"," 61.95"," 61.00"," 63.00"," 60.30"," 63.00"," 62.85"," 61.64"," 4000"," 2.47"," 7"," 4000"," 100.00"
SATKARTAR," SM"," 02-Jan-2026"," 142.45"," 143.05"," 149.00"," 143.05"," 149.00"," 148.65"," 147.74"," 10400"," 15.36"," 13"," 8000"," 76.92"
SATTVAENGG," SM"," 02-Jan-2026"," 64.00"," 62.10"," 62.10"," 62.10"," 62.10"," 62.10"," 62.10"," 1600"," 0.99"," 1"," 1600"," 100.00"
SAURASHCEM," EQ"," 02-Jan-2026"," 82.34"," 82.48"," 84.00"," 82.45"," 83.74"," 83.55"," 83.37"," 58346"," 48.64"," 1162"," 31847"," 54.58"
SAVY," SM"," 02-Jan-2026"," 161.25"," 167.50"," 167.50"," 160.05"," 162.00"," 161.25"," 163.36"," 19200"," 31.37"," 15"," 15600"," 81.25"
SAWALIYA," SM"," 02-Jan-2026"," 316.75"," 316.15"," 320.50"," 315.60"," 320.05"," 318.85"," 317.73"," 252600"," 802.58"," 272"," 52800"," 20.90"
SBC," EQ"," 02-Jan-2026"," 28.76"," 28.76"," 29.10"," 28.35"," 28.47"," 28.47"," 28.66"," 11002420"," 3153.18"," 5831"," 5093031"," 46.29"
SBCL," EQ"," 02-Jan-2026"," 426.50"," 423.05"," 437.15"," 421.00"," 436.00"," 433.50"," 429.71"," 36593"," 157.24"," 1940"," 19928"," 54.46"
SBFC," EQ"," 02-Jan-2026"," 102.86"," 103.70"," 103.70"," 102.74"," 103.08"," 102.99"," 103.04"," 988455"," 1018.54"," 17627"," 616045"," 62.32"
SBGLP," EQ"," 02-Jan-2026"," 35.66"," 35.01"," 35.99"," 34.25"," 34.45"," 34.32"," 34.69"," 59344"," 20.58"," 859"," 40027"," 67.45"
SBIBPB," EQ"," 02-Jan-2026"," 49.95"," 50.97"," 50.97"," 49.95"," 50.90"," 50.64"," 50.38"," 39524"," 19.91"," 506"," 27875"," 70.53"
SBICARD," EQ"," 02-Jan-2026"," 859.50"," 862.95"," 881.35"," 856.00"," 876.10"," 875.95"," 874.16"," 689809"," 6030.03"," 42820"," 373035"," 54.08"
SBIETFCON," EQ"," 02-Jan-2026"," 125.71"," 127.48"," 127.48"," 125.08"," 126.52"," 126.03"," 125.94"," 7769"," 9.78"," 187"," 5487"," 70.63"
SBIETFIT," EQ"," 02-Jan-2026"," 418.93"," 420.61"," 421.21"," 417.65"," 421.21"," 420.97"," 419.55"," 5091"," 21.36"," 195"," 3013"," 59.18"
SBIETFPB," EQ"," 02-Jan-2026"," 292.98"," 296.89"," 296.89"," 292.98"," 295.00"," 294.40"," 293.94"," 4799"," 14.11"," 136"," 4293"," 89.46"
SBIETFQLTY," EQ"," 02-Jan-2026"," 231.62"," 232.50"," 232.50"," 231.30"," 232.50"," 232.50"," 232.18"," 790"," 1.83"," 51"," 523"," 66.20"
SBILIFE," EQ"," 02-Jan-2026"," 2040.40"," 2040.40"," 2077.30"," 2040.00"," 2062.20"," 2067.40"," 2065.21"," 472182"," 9751.56"," 25202"," 239138"," 50.65"
SBILIQETF," EQ"," 02-Jan-2026"," 1020.82"," 1021.27"," 1021.29"," 1021.27"," 1021.29"," 1021.28"," 1021.28"," 88554"," 904.39"," 54"," 82397"," 93.05"
SBIN," EQ"," 02-Jan-2026"," 984.75"," 984.50"," 1009.50"," 983.95"," 1005.65"," 998.95"," 993.34"," 7357435"," 73083.99"," 117850"," 4418601"," 60.06"
SBINEQWETF," EQ"," 02-Jan-2026"," 33.73"," 33.73"," 34.07"," 33.73"," 33.98"," 33.96"," 34.01"," 84132"," 28.62"," 261"," 72357"," 86.00"
SBISILVER," EQ"," 02-Jan-2026"," 220.27"," 225.26"," 227.86"," 223.77"," 227.60"," 227.61"," 226.52"," 3861452"," 8747.12"," 16347"," 2390871"," 61.92"
SCHAEFFLER," EQ"," 02-Jan-2026"," 3870.90"," 3870.00"," 3889.90"," 3838.60"," 3877.00"," 3874.30"," 3862.81"," 28300"," 1093.17"," 4032"," 19360"," 68.41"
SCHAND," EQ"," 02-Jan-2026"," 155.87"," 155.87"," 162.90"," 155.30"," 158.15"," 159.04"," 158.17"," 71663"," 113.35"," 1910"," 51754"," 72.22"
SCHNEIDER," EQ"," 02-Jan-2026"," 715.70"," 725.00"," 725.00"," 709.65"," 714.50"," 717.30"," 716.68"," 135193"," 968.90"," 8127"," 71549"," 52.92"
SCI," EQ"," 02-Jan-2026"," 229.46"," 230.14"," 235.55"," 228.94"," 235.10"," 235.08"," 232.77"," 2492633"," 5802.14"," 24485"," 954689"," 38.30"
SCILAL," EQ"," 02-Jan-2026"," 47.26"," 46.75"," 49.99"," 46.75"," 48.20"," 48.22"," 48.10"," 438778"," 211.07"," 2717"," 244239"," 55.66"
SCML," ST"," 02-Jan-2026"," 143.50"," 147.00"," 147.00"," 139.00"," 144.00"," 144.00"," 143.33"," 3000"," 4.30"," 3"," 3000"," 100.00"
SCODATUBES," EQ"," 02-Jan-2026"," 162.93"," 164.00"," 165.00"," 161.38"," 163.60"," 163.73"," 163.11"," 97646"," 159.27"," 2535"," 48521"," 49.69"
SCPL," EQ"," 02-Jan-2026"," 320.75"," 322.40"," 322.40"," 315.40"," 320.35"," 319.75"," 319.27"," 60969"," 194.65"," 413"," 23376"," 38.34"
SDBL," EQ"," 02-Jan-2026"," 107.12"," 107.40"," 109.89"," 107.14"," 109.53"," 109.35"," 108.95"," 460578"," 501.79"," 8160"," 223991"," 48.63"
SDL26BEES," EQ"," 02-Jan-2026"," 135.14"," 135.97"," 135.97"," 134.58"," 135.40"," 135.38"," 135.37"," 15474"," 20.95"," 82"," 14089"," 91.05"
SDREAMS," SM"," 02-Jan-2026"," 81.70"," 82.00"," 82.00"," 82.00"," 82.00"," 82.00"," 82.00"," 20000"," 16.40"," 1"," 20000"," 100.00"
SEAMECLTD," EQ"," 02-Jan-2026"," 1093.80"," 1097.90"," 1127.00"," 1077.20"," 1094.60"," 1088.10"," 1104.57"," 42759"," 472.30"," 5332"," 19520"," 45.65"
SECMARK," EQ"," 02-Jan-2026"," 113.70"," 119.40"," 129.00"," 114.41"," 125.00"," 123.43"," 122.19"," 6304"," 7.70"," 189"," 2815"," 44.65"
SECURKLOUD," BE"," 02-Jan-2026"," 26.33"," 25.80"," 26.50"," 25.41"," 25.99"," 26.04"," 25.96"," 24267"," 6.30"," 97"," -"," -"
SEJALLTD," BE"," 02-Jan-2026"," 853.55"," 878.40"," 878.40"," 841.70"," 854.90"," 854.50"," 861.52"," 1691"," 14.57"," 105"," -"," -"
SEL," SM"," 02-Jan-2026"," 210.00"," 206.20"," 210.00"," 203.60"," 206.50"," 206.60"," 206.21"," 2400"," 4.95"," 11"," 1600"," 66.67"
SELECTIPO," EQ"," 02-Jan-2026"," 45.89"," 45.86"," 46.45"," 45.63"," 46.45"," 46.40"," 46.10"," 46212"," 21.31"," 110"," 35743"," 77.35"
SELLOWRAP," SM"," 02-Jan-2026"," 77.95"," 77.05"," 79.80"," 77.00"," 79.80"," 79.80"," 77.91"," 12800"," 9.97"," 8"," 9600"," 75.00"
SELMC," BE"," 02-Jan-2026"," 30.30"," 31.30"," 31.30"," 29.00"," 30.60"," 29.51"," 29.98"," 35597"," 10.67"," 240"," -"," -"
SEMAC," EQ"," 02-Jan-2026"," 309.80"," 308.00"," 308.40"," 297.45"," 300.35"," 298.00"," 300.77"," 453"," 1.36"," 45"," 387"," 85.43"
SENCO," EQ"," 02-Jan-2026"," 318.25"," 318.90"," 325.50"," 316.25"," 323.60"," 324.25"," 321.46"," 271576"," 873.00"," 7817"," 171387"," 63.11"
SENORES," EQ"," 02-Jan-2026"," 826.45"," 823.05"," 869.00"," 823.05"," 863.25"," 865.30"," 856.03"," 583892"," 4998.27"," 22438"," 249162"," 42.67"
SENSEXADD," EQ"," 02-Jan-2026"," 87.36"," 87.30"," 87.94"," 87.20"," 87.94"," 87.88"," 87.62"," 3202"," 2.81"," 34"," 1953"," 60.99"
SENSEXBETA," EQ"," 02-Jan-2026"," 938.00"," 938.36"," 945.02"," 938.00"," 941.20"," 941.29"," 940.71"," 1300"," 12.23"," 100"," 1119"," 86.08"
SENSEXETF," EQ"," 02-Jan-2026"," 87.36"," 87.38"," 87.80"," 87.25"," 87.80"," 87.75"," 87.59"," 23095"," 20.23"," 183"," 17793"," 77.04"
SENSEXIETF," EQ"," 02-Jan-2026"," 974.57"," 979.44"," 979.44"," 974.01"," 978.98"," 978.75"," 977.77"," 16969"," 165.92"," 2614"," 14939"," 88.04"
SEPC," EQ"," 02-Jan-2026"," 10.01"," 10.05"," 10.11"," 9.99"," 10.07"," 10.06"," 10.05"," 7120680"," 715.42"," 6291"," 3089885"," 43.39"
SEQUENT," EQ"," 02-Jan-2026"," 208.38"," 208.00"," 211.10"," 207.50"," 210.62"," 210.49"," 209.72"," 519743"," 1089.99"," 10441"," 276796"," 53.26"
SERVICE," SM"," 02-Jan-2026"," 44.05"," 47.00"," 47.00"," 46.50"," 47.00"," 46.75"," 46.75"," 12000"," 5.61"," 5"," 12000"," 100.00"
SERVOTECH," EQ"," 02-Jan-2026"," 78.57"," 79.20"," 80.25"," 78.40"," 80.04"," 79.98"," 79.66"," 554708"," 441.86"," 5057"," 310370"," 55.95"
SESHAPAPER," EQ"," 02-Jan-2026"," 237.11"," 239.10"," 242.45"," 237.50"," 242.45"," 240.04"," 239.47"," 7491"," 17.94"," 217"," 5136"," 68.56"
SETCO," EQ"," 02-Jan-2026"," 15.68"," 15.64"," 15.98"," 15.46"," 15.88"," 15.73"," 15.69"," 14617"," 2.29"," 170"," 8546"," 58.47"
SETF10GILT," EQ"," 02-Jan-2026"," 259.16"," 265.63"," 265.63"," 258.33"," 259.95"," 259.82"," 259.10"," 68097"," 176.44"," 136"," 59274"," 87.04"
SETFGOLD," EQ"," 02-Jan-2026"," 114.00"," 116.85"," 116.85"," 114.34"," 116.04"," 115.53"," 115.12"," 9615893"," 11069.42"," 15429"," 7242522"," 75.32"
SETFNIF50," EQ"," 02-Jan-2026"," 279.28"," 272.29"," 281.25"," 272.29"," 281.24"," 281.21"," 280.69"," 887758"," 2491.83"," 6927"," 687647"," 77.46"
SETFNIFBK," EQ"," 02-Jan-2026"," 610.42"," 612.10"," 616.37"," 612.00"," 615.52"," 614.83"," 614.97"," 45348"," 278.88"," 437"," 29627"," 65.33"
SETFNN50," EQ"," 02-Jan-2026"," 741.86"," 760.40"," 760.40"," 738.28"," 750.00"," 748.62"," 746.40"," 37655"," 281.06"," 1540"," 24888"," 66.09"
SETUINFRA," BZ"," 02-Jan-2026"," 0.47"," 0.49"," 0.49"," 0.45"," 0.45"," 0.45"," 0.46"," 19983"," 0.09"," 44"," -"," -"
SEYAIND," BE"," 02-Jan-2026"," 17.48"," 18.35"," 18.35"," 18.35"," 18.35"," 18.35"," 18.35"," 7330"," 1.35"," 10"," -"," -"
SFL," EQ"," 02-Jan-2026"," 590.05"," 594.00"," 594.85"," 586.20"," 592.90"," 593.35"," 591.37"," 38945"," 230.31"," 3262"," 23632"," 60.68"
SFML," SM"," 02-Jan-2026"," 31.45"," 29.60"," 31.70"," 29.60"," 31.70"," 31.70"," 30.88"," 6400"," 1.98"," 4"," 6400"," 100.00"
SGBAPR28I," GB"," 02-Jan-2026"," 14602.24"," 14436.00"," 14800.00"," 14436.00"," 14768.52"," 14771.93"," 14716.75"," 241"," 35.47"," 92"," 182"," 75.52"
SGBAUG27," GB"," 02-Jan-2026"," 15047.53"," 15047.53"," 15248.00"," 15047.53"," 15172.00"," 15172.00"," 15185.44"," 112"," 17.01"," 30"," 103"," 91.96"
SGBAUG28V," GB"," 02-Jan-2026"," 14634.04"," 14606.20"," 14929.00"," 14606.20"," 14749.00"," 14732.80"," 14780.52"," 1048"," 154.90"," 315"," 708"," 67.56"
SGBAUG29V," GB"," 02-Jan-2026"," 15045.52"," 15063.00"," 15195.00"," 15063.00"," 15170.00"," 15170.00"," 15170.62"," 166"," 25.18"," 43"," 114"," 68.67"
SGBAUG30," GB"," 02-Jan-2026"," 15503.33"," 15890.91"," 15890.91"," 15442.41"," 15780.00"," 15677.67"," 15586.43"," 124"," 19.33"," 54"," 74"," 59.68"
SGBD29VIII," GB"," 02-Jan-2026"," 14757.50"," 14702.01"," 14924.00"," 14700.00"," 14800.00"," 14816.77"," 14830.80"," 266"," 39.45"," 85"," 203"," 76.32"
SGBDC27VII," GB"," 02-Jan-2026"," 14794.96"," 14794.96"," 14999.00"," 14760.00"," 14761.00"," 14761.00"," 14809.62"," 29"," 4.29"," 12"," 22"," 75.86"
SGBDE30III," GB"," 02-Jan-2026"," 15245.03"," 15244.03"," 15485.00"," 15244.03"," 15485.00"," 15462.62"," 15403.81"," 267"," 41.13"," 91"," 186"," 69.66"
SGBDE31III," GB"," 02-Jan-2026"," 15420.82"," 15698.00"," 15760.01"," 15425.02"," 15570.00"," 15566.85"," 15567.47"," 1331"," 207.20"," 303"," 978"," 73.48"
SGBFEB27," GB"," 02-Jan-2026"," 14900.00"," 14974.50"," 14974.50"," 14900.00"," 14900.00"," 14900.00"," 14924.83"," 3"," 0.45"," 2"," 3"," 100.00"
SGBFEB28IX," GB"," 02-Jan-2026"," 14700.00"," 14626.50"," 14999.00"," 14626.50"," 14926.85"," 14926.85"," 14794.71"," 4"," 0.59"," 3"," 2"," 50.00"
SGBFEB29XI," GB"," 02-Jan-2026"," 14625.00"," 14797.00"," 14797.86"," 14625.00"," 14786.00"," 14786.17"," 14714.51"," 66"," 9.71"," 31"," 42"," 63.64"
SGBFEB32IV," GB"," 02-Jan-2026"," 16006.30"," 16326.43"," 16387.00"," 16008.00"," 16285.02"," 16332.42"," 16296.08"," 1554"," 253.24"," 467"," 1080"," 69.50"
SGBJAN27," GB"," 02-Jan-2026"," 14888.50"," 14900.00"," 15999.00"," 14900.00"," 15400.00"," 15200.00"," 15232.53"," 15"," 2.28"," 9"," 13"," 86.67"
SGBJAN29IX," GB"," 02-Jan-2026"," 14570.48"," 14633.00"," 14699.00"," 14589.99"," 14606.00"," 14652.50"," 14625.87"," 107"," 15.65"," 45"," 73"," 68.22"
SGBJAN29X," GB"," 02-Jan-2026"," 14542.50"," 14570.00"," 14744.00"," 14511.08"," 14739.00"," 14739.00"," 14644.51"," 142"," 20.80"," 48"," 96"," 67.61"
SGBJAN30IX," GB"," 02-Jan-2026"," 14980.00"," 15110.00"," 15299.00"," 14882.28"," 15298.99"," 15252.48"," 15171.91"," 111"," 16.84"," 33"," 102"," 91.89"
SGBJU29III," GB"," 02-Jan-2026"," 14496.84"," 14709.00"," 14709.00"," 14551.00"," 14698.00"," 14698.00"," 14619.91"," 226"," 33.04"," 121"," 181"," 80.09"
SGBJUL27," GB"," 02-Jan-2026"," 14850.00"," 14200.00"," 16000.00"," 14200.00"," 14850.00"," 14850.00"," 15265.04"," 43"," 6.56"," 21"," 28"," 65.12"
SGBJUL28IV," GB"," 02-Jan-2026"," 14437.04"," 14500.00"," 14664.00"," 14500.00"," 14664.00"," 14652.33"," 14595.27"," 134"," 19.56"," 64"," 108"," 80.60"
SGBJUL29IV," GB"," 02-Jan-2026"," 14590.00"," 14465.00"," 14869.99"," 14465.00"," 14740.00"," 14748.42"," 14711.68"," 253"," 37.22"," 121"," 165"," 65.22"
SGBJUN27," GB"," 02-Jan-2026"," 15199.80"," 15199.00"," 15200.00"," 15199.00"," 15200.00"," 15200.00"," 15199.82"," 62"," 9.42"," 4"," 62"," 100.00"
SGBJUN28," GB"," 02-Jan-2026"," 14396.15"," 14396.15"," 14610.00"," 14396.15"," 14600.00"," 14606.62"," 14567.46"," 248"," 36.13"," 68"," 199"," 80.24"
SGBJUN29II," GB"," 02-Jan-2026"," 14506.59"," 14607.59"," 14700.01"," 14552.00"," 14665.00"," 14664.25"," 14637.97"," 297"," 43.47"," 106"," 266"," 89.56"
SGBJUN30," GB"," 02-Jan-2026"," 14960.46"," 15100.00"," 15340.00"," 14950.46"," 15210.00"," 15210.00"," 15167.78"," 241"," 36.55"," 100"," 182"," 75.52"
SGBJUN31I," GB"," 02-Jan-2026"," 15319.07"," 14936.09"," 15500.00"," 14936.09"," 15440.00"," 15424.55"," 15396.34"," 777"," 119.63"," 317"," 408"," 52.51"
SGBMAR28X," GB"," 02-Jan-2026"," 14514.10"," 14400.00"," 14400.00"," 14400.00"," 14400.00"," 14400.00"," 14400.00"," 1"," 0.14"," 1"," 1"," 100.00"
SGBMAR30X," GB"," 02-Jan-2026"," 14998.00"," 14702.00"," 15089.00"," 14702.00"," 15089.00"," 15069.00"," 14975.88"," 267"," 39.99"," 50"," 209"," 78.28"
SGBMAR31IV," GB"," 02-Jan-2026"," 15316.21"," 15329.00"," 15709.99"," 15329.00"," 15709.99"," 15586.08"," 15519.89"," 120"," 18.62"," 54"," 97"," 80.83"
SGBMAY26," GB"," 02-Jan-2026"," 14918.99"," 14993.58"," 15049.00"," 14900.00"," 14949.00"," 14949.00"," 14912.40"," 133"," 19.83"," 28"," 118"," 88.72"
SGBMAY28," GB"," 02-Jan-2026"," 14410.86"," 14449.00"," 14640.00"," 14437.36"," 14639.99"," 14639.86"," 14554.33"," 185"," 26.93"," 59"," 148"," 80.00"
SGBMAY29I," GB"," 02-Jan-2026"," 14534.41"," 14587.00"," 14849.00"," 14542.01"," 14747.00"," 14778.08"," 14700.75"," 709"," 104.23"," 230"," 505"," 71.23"
SGBMR29XII," GB"," 02-Jan-2026"," 14475.15"," 14499.99"," 14698.00"," 14450.00"," 14665.00"," 14672.20"," 14616.75"," 490"," 71.62"," 121"," 376"," 76.73"
SGBN28VIII," GB"," 02-Jan-2026"," 14514.03"," 14519.20"," 14774.80"," 14519.20"," 14581.00"," 14629.50"," 14644.64"," 234"," 34.27"," 95"," 129"," 55.13"
SGBNV29VII," GB"," 02-Jan-2026"," 14583.72"," 14688.00"," 14781.00"," 14602.00"," 14602.00"," 14657.01"," 14681.43"," 456"," 66.95"," 135"," 417"," 91.45"
SGBOC28VII," GB"," 02-Jan-2026"," 14420.17"," 14059.66"," 14675.00"," 14059.66"," 14650.00"," 14666.87"," 14528.45"," 439"," 63.78"," 49"," 396"," 90.21"
SGBOCT26," GB"," 02-Jan-2026"," 15000.00"," 14999.00"," 15000.00"," 14950.00"," 14950.00"," 14950.00"," 14966.50"," 24"," 3.59"," 6"," 23"," 95.83"
SGBOCT27," GB"," 02-Jan-2026"," 15200.00"," 14500.00"," 14661.00"," 14500.00"," 14645.80"," 14645.80"," 14609.30"," 57"," 8.33"," 16"," 47"," 82.46"
SGBOCT27VI," GB"," 02-Jan-2026"," 15000.00"," 14151.00"," 14899.00"," 14151.00"," 14850.00"," 14850.00"," 14752.18"," 63"," 9.29"," 16"," 52"," 82.54"
SGBSEP27," GB"," 02-Jan-2026"," 14799.03"," 14801.00"," 14801.00"," 14800.00"," 14800.00"," 14800.00"," 14800.27"," 30"," 4.44"," 4"," 30"," 100.00"
SGBSEP28VI," GB"," 02-Jan-2026"," 14474.61"," 14473.61"," 14653.67"," 14473.61"," 14630.00"," 14648.92"," 14593.50"," 340"," 49.62"," 97"," 276"," 81.18"
SGBSEP29VI," GB"," 02-Jan-2026"," 14578.52"," 14361.00"," 14798.00"," 14298.20"," 14725.76"," 14726.57"," 14683.98"," 267"," 39.21"," 136"," 145"," 54.31"
SGBSEP31II," GB"," 02-Jan-2026"," 15342.89"," 15342.89"," 15528.98"," 15342.89"," 15500.00"," 15495.67"," 15445.69"," 1946"," 300.57"," 429"," 1392"," 71.53"
SGFIN," EQ"," 02-Jan-2026"," 406.55"," 410.00"," 420.00"," 406.15"," 415.40"," 416.45"," 414.88"," 238746"," 990.50"," 7031"," 144876"," 60.68"
SGIL," EQ"," 02-Jan-2026"," 503.80"," 504.10"," 522.00"," 503.35"," 522.00"," 517.80"," 513.16"," 4641"," 23.82"," 628"," 1840"," 39.65"
SGL," EQ"," 02-Jan-2026"," 12.70"," 12.95"," 12.97"," 12.66"," 12.90"," 12.90"," 12.87"," 6717"," 0.86"," 53"," 5842"," 86.97"
SGLTL," EQ"," 02-Jan-2026"," 149.87"," 149.87"," 151.60"," 147.50"," 151.00"," 149.83"," 148.73"," 244646"," 363.85"," 3744"," 161176"," 65.88"
SGMART," EQ"," 02-Jan-2026"," 382.95"," 380.05"," 397.20"," 380.05"," 385.00"," 386.20"," 388.96"," 337706"," 1313.53"," 8423"," 149628"," 44.31"
SHAH," EQ"," 02-Jan-2026"," 5.00"," 5.00"," 5.04"," 5.00"," 5.01"," 5.01"," 5.01"," 2593523"," 129.99"," 905"," 2337095"," 90.11"
SHAHALLOYS," EQ"," 02-Jan-2026"," 68.74"," 72.17"," 72.17"," 69.51"," 71.95"," 71.68"," 71.37"," 18853"," 13.45"," 286"," 12020"," 63.76"
SHAILY," EQ"," 02-Jan-2026"," 2226.20"," 2230.70"," 2256.40"," 2221.60"," 2242.00"," 2239.90"," 2238.02"," 146286"," 3273.91"," 13661"," 83102"," 56.81"
SHAKTIPUMP," EQ"," 02-Jan-2026"," 739.30"," 740.10"," 747.00"," 732.35"," 742.50"," 742.50"," 740.48"," 1104879"," 8181.40"," 28669"," 297617"," 26.94"
SHALBY," EQ"," 02-Jan-2026"," 202.96"," 203.95"," 204.20"," 201.02"," 203.40"," 202.89"," 202.92"," 76260"," 154.75"," 1842"," 32959"," 43.22"
SHALPAINTS," EQ"," 02-Jan-2026"," 64.54"," 64.99"," 76.90"," 64.00"," 76.20"," 75.37"," 72.16"," 991978"," 715.81"," 10682"," 455760"," 45.94"
SHANKARA," EQ"," 02-Jan-2026"," 106.49"," 107.48"," 107.99"," 104.42"," 106.65"," 106.35"," 105.97"," 36470"," 38.65"," 1697"," 18355"," 50.33"
SHANTI," EQ"," 02-Jan-2026"," 9.02"," 8.76"," 9.01"," 8.76"," 8.92"," 8.86"," 8.85"," 64025"," 5.67"," 301"," 43515"," 67.97"
SHANTIGEAR," EQ"," 02-Jan-2026"," 465.25"," 463.00"," 472.00"," 462.00"," 465.20"," 468.95"," 465.41"," 13816"," 64.30"," 999"," 7386"," 53.46"
SHANTIGOLD," EQ"," 02-Jan-2026"," 190.10"," 190.50"," 191.89"," 188.20"," 190.74"," 190.48"," 190.34"," 146182"," 278.25"," 3038"," 77267"," 52.86"
SHARDACROP," EQ"," 02-Jan-2026"," 868.85"," 864.50"," 866.00"," 851.60"," 858.00"," 855.20"," 857.51"," 74121"," 635.59"," 6223"," 37293"," 50.31"
SHARDAMOTR," EQ"," 02-Jan-2026"," 941.40"," 936.00"," 981.90"," 936.00"," 969.90"," 965.05"," 965.62"," 42254"," 408.01"," 3421"," 21363"," 50.56"
SHAREINDIA," EQ"," 02-Jan-2026"," 164.39"," 164.10"," 167.50"," 163.42"," 164.50"," 164.64"," 164.91"," 237394"," 391.50"," 2333"," 133855"," 56.39"
SHARIABEES," EQ"," 02-Jan-2026"," 517.52"," 522.98"," 523.00"," 517.64"," 521.80"," 521.09"," 520.45"," 7732"," 40.24"," 732"," 4896"," 63.32"
SHEEL," SM"," 02-Jan-2026"," 71.00"," 72.00"," 72.00"," 72.00"," 72.00"," 72.00"," 72.00"," 20000"," 14.40"," 4"," 20000"," 100.00"
SHEETAL," SM"," 02-Jan-2026"," 165.85"," 165.00"," 167.50"," 163.00"," 163.90"," 164.15"," 164.39"," 21000"," 34.52"," 20"," 16000"," 76.19"
SHEKHAWATI," EQ"," 02-Jan-2026"," 18.95"," 19.33"," 19.37"," 18.50"," 18.70"," 18.70"," 18.90"," 18818"," 3.56"," 403"," 13206"," 70.18"
SHEMAROO," EQ"," 02-Jan-2026"," 107.32"," 108.99"," 114.50"," 107.50"," 109.00"," 109.20"," 109.92"," 19632"," 21.58"," 326"," 14840"," 75.59"
SHERA," SM"," 02-Jan-2026"," 130.05"," 131.00"," 135.40"," 131.00"," 134.90"," 134.85"," 133.71"," 28000"," 37.44"," 24"," 27000"," 96.43"
SHETHJI," SM"," 02-Jan-2026"," 114.20"," 117.95"," 123.30"," 117.90"," 119.50"," 119.35"," 120.79"," 85000"," 102.67"," 79"," 69000"," 81.18"
SHIGAN," SM"," 02-Jan-2026"," 46.00"," 47.50"," 47.50"," 47.50"," 47.50"," 47.50"," 47.50"," 1500"," 0.71"," 1"," 1500"," 100.00"
SHILCTECH," EQ"," 02-Jan-2026"," 3830.30"," 3811.30"," 3875.00"," 3811.30"," 3866.00"," 3837.50"," 3849.47"," 6581"," 253.33"," 1745"," 4478"," 68.04"
SHILPAMED," EQ"," 02-Jan-2026"," 315.85"," 315.00"," 321.45"," 313.95"," 320.40"," 319.80"," 318.91"," 169491"," 540.53"," 9461"," 94968"," 56.03"
SHIVALIK," EQ"," 02-Jan-2026"," 357.25"," 355.00"," 370.50"," 352.15"," 363.50"," 361.70"," 357.65"," 22581"," 80.76"," 1010"," 14003"," 62.01"
SHIVAMAUTO," EQ"," 02-Jan-2026"," 23.65"," 23.65"," 24.90"," 23.44"," 24.90"," 24.66"," 24.15"," 93974"," 22.70"," 982"," 59147"," 62.94"
SHIVAMILLS," EQ"," 02-Jan-2026"," 60.91"," 62.48"," 62.48"," 60.01"," 60.39"," 61.32"," 60.44"," 271"," 0.16"," 11"," 253"," 93.36"
SHIVASHRIT," SM"," 02-Jan-2026"," 129.00"," 132.00"," 134.45"," 126.15"," 127.00"," 127.00"," 130.10"," 6000"," 7.81"," 6"," 5000"," 83.33"
SHIVATEX," EQ"," 02-Jan-2026"," 185.09"," 187.88"," 193.00"," 182.31"," 184.15"," 185.42"," 188.45"," 5949"," 11.21"," 139"," 3502"," 58.87"
SHK," EQ"," 02-Jan-2026"," 176.19"," 176.19"," 183.99"," 175.59"," 181.46"," 181.38"," 179.92"," 192589"," 346.51"," 4688"," 121819"," 63.25"
SHOPERSTOP," EQ"," 02-Jan-2026"," 381.90"," 383.20"," 391.75"," 380.55"," 390.70"," 389.30"," 387.23"," 32065"," 124.17"," 3629"," 17086"," 53.29"
SHRADHA," EQ"," 02-Jan-2026"," 38.25"," 38.50"," 38.74"," 36.90"," 37.50"," 37.34"," 37.24"," 22602"," 8.42"," 322"," 14212"," 62.88"
SHREDIGCEM," EQ"," 02-Jan-2026"," 90.98"," 91.00"," 91.35"," 90.80"," 91.00"," 91.02"," 91.00"," 140859"," 128.18"," 630"," 111212"," 78.95"
SHREECEM," EQ"," 02-Jan-2026"," 26835.00"," 26775.00"," 27095.00"," 26705.00"," 27095.00"," 27045.00"," 26906.98"," 36285"," 9763.20"," 10791"," 21819"," 60.13"
SHREEJISPG," EQ"," 02-Jan-2026"," 377.05"," 378.35"," 379.50"," 369.05"," 369.50"," 370.00"," 374.32"," 1738664"," 6508.25"," 10103"," 666785"," 38.35"
SHREEKARNI," SM"," 02-Jan-2026"," 495.00"," 495.00"," 495.00"," 475.00"," 484.00"," 484.00"," 481.63"," 1950"," 9.39"," 11"," 1650"," 84.62"
SHREEOSFM," SM"," 02-Jan-2026"," 78.25"," 80.00"," 87.00"," 80.00"," 85.00"," 85.00"," 83.79"," 21000"," 17.60"," 18"," 16000"," 76.19"
SHREEPUSHK," EQ"," 02-Jan-2026"," 377.05"," 378.00"," 383.00"," 372.00"," 378.05"," 378.55"," 376.79"," 74140"," 279.35"," 3168"," 40932"," 55.21"
SHREERAMA," EQ"," 02-Jan-2026"," 69.23"," 70.34"," 71.99"," 65.51"," 68.70"," 68.00"," 68.11"," 379747"," 258.66"," 3753"," 196813"," 51.83"
SHREMINVIT," IV"," 02-Jan-2026"," 102.00"," 102.00"," 102.00"," 102.00"," 102.00"," 102.00"," 102.00"," 75000"," 76.50"," 3"," 75000"," 100.00"
SHRENIK," BZ"," 02-Jan-2026"," 0.45"," 0.45"," 0.46"," 0.43"," 0.45"," 0.44"," 0.44"," 1300397"," 5.70"," 475"," -"," -"
SHREYANIND," EQ"," 02-Jan-2026"," 175.41"," 172.01"," 181.89"," 171.60"," 175.75"," 173.80"," 176.40"," 9065"," 15.99"," 183"," 6701"," 73.92"
SHRIAHIMSA," SM"," 02-Jan-2026"," 238.40"," 240.00"," 249.65"," 235.00"," 240.30"," 240.45"," 242.83"," 40200"," 97.62"," 65"," 25800"," 64.18"
SHRIKANHA," SM"," 02-Jan-2026"," 28.15"," 28.50"," 28.50"," 26.75"," 26.75"," 26.75"," 26.97"," 145600"," 39.27"," 87"," 108800"," 74.73"
SHRINGARMS," EQ"," 02-Jan-2026"," 238.11"," 238.60"," 243.40"," 235.53"," 240.00"," 240.43"," 240.17"," 3539128"," 8499.80"," 11332"," 1368870"," 38.68"
SHRIPISTON," EQ"," 02-Jan-2026"," 3144.80"," 3140.00"," 3348.80"," 3130.00"," 3348.00"," 3297.20"," 3258.63"," 141252"," 4602.88"," 19500"," 53514"," 37.89"
SHRIRAMFIN," EQ"," 02-Jan-2026"," 1019.70"," 1024.75"," 1025.00"," 1007.20"," 1010.10"," 1010.35"," 1014.65"," 5264026"," 53411.28"," 119262"," 2509913"," 47.68"
SHRIRAMPPS," EQ"," 02-Jan-2026"," 83.88"," 84.16"," 84.90"," 84.00"," 84.48"," 84.19"," 84.36"," 222963"," 188.09"," 1534"," 151014"," 67.73"
SHUBHLAXMI," ST"," 02-Jan-2026"," 35.80"," 36.75"," 37.55"," 36.70"," 37.50"," 37.50"," 37.12"," 61000"," 22.65"," 41"," 60000"," 98.36"
SHUBHSHREE," SM"," 02-Jan-2026"," 395.00"," 390.00"," 390.00"," 378.00"," 378.00"," 379.00"," 381.75"," 1200"," 4.58"," 4"," 1200"," 100.00"
SHYAMCENT," BE"," 02-Jan-2026"," 6.23"," 6.29"," 6.38"," 6.07"," 6.25"," 6.25"," 6.19"," 94719"," 5.86"," 221"," -"," -"
SHYAMDHANI," ST"," 02-Jan-2026"," 126.10"," 119.80"," 130.70"," 119.80"," 127.00"," 126.75"," 121.36"," 1166000"," 1415.11"," 369"," 1124000"," 96.40"
SHYAMMETL," EQ"," 02-Jan-2026"," 841.85"," 840.00"," 852.00"," 840.00"," 847.00"," 850.30"," 847.93"," 42944"," 364.14"," 3551"," 23575"," 54.90"
SHYAMTEL," EQ"," 02-Jan-2026"," 12.29"," 12.68"," 12.68"," 12.16"," 12.49"," 12.36"," 12.54"," 2784"," 0.35"," 25"," 2784"," 100.00"
SICALLOG," BE"," 02-Jan-2026"," 87.33"," 88.00"," 89.80"," 84.50"," 87.00"," 89.40"," 87.68"," 1767"," 1.55"," 25"," -"," -"
SIDDHICOTS," SM"," 02-Jan-2026"," 30.40"," 29.30"," 30.80"," 29.30"," 30.20"," 30.20"," 30.17"," 22800"," 6.88"," 18"," 15600"," 68.42"
SIDDHIKA," SM"," 02-Jan-2026"," 198.15"," 198.50"," 208.00"," 198.15"," 208.00"," 208.00"," 202.73"," 5000"," 10.14"," 5"," 5000"," 100.00"
SIEMENS," EQ"," 02-Jan-2026"," 3091.30"," 3094.80"," 3117.20"," 3058.40"," 3100.00"," 3097.70"," 3088.19"," 283939"," 8768.57"," 29744"," 147213"," 51.85"
SIGACHI," EQ"," 02-Jan-2026"," 30.62"," 30.76"," 31.44"," 30.60"," 31.42"," 31.34"," 31.12"," 2834231"," 881.95"," 8583"," 1025277"," 36.17"
SIGIND," EQ"," 02-Jan-2026"," 54.42"," 55.91"," 57.99"," 54.60"," 56.37"," 55.99"," 55.97"," 47442"," 26.55"," 493"," 12000"," 25.29"
SIGMA," BE"," 02-Jan-2026"," 57.58"," 58.16"," 59.50"," 57.58"," 58.99"," 58.87"," 58.67"," 148500"," 87.12"," 683"," -"," -"
SIGNATURE," EQ"," 02-Jan-2026"," 1128.70"," 1130.90"," 1138.00"," 1117.20"," 1138.00"," 1127.00"," 1127.38"," 252711"," 2849.01"," 4931"," 21143"," 8.37"
SIGNORIA," SM"," 02-Jan-2026"," 90.70"," 95.00"," 95.00"," 95.00"," 95.00"," 95.00"," 95.00"," 1000"," 0.95"," 1"," 1000"," 100.00"
SIGNPOST," EQ"," 02-Jan-2026"," 220.38"," 222.42"," 224.19"," 220.44"," 224.10"," 223.70"," 222.40"," 7314"," 16.27"," 365"," 5182"," 70.85"
SIKKO," BE"," 02-Jan-2026"," 5.19"," 5.19"," 5.25"," 5.10"," 5.14"," 5.11"," 5.13"," 213280"," 10.95"," 627"," -"," -"
SIL," EQ"," 02-Jan-2026"," 16.09"," 16.06"," 16.47"," 16.06"," 16.10"," 16.15"," 16.25"," 19851"," 3.23"," 220"," 15871"," 79.95"
SILGO," EQ"," 02-Jan-2026"," 78.15"," 79.70"," 81.96"," 77.77"," 80.10"," 80.94"," 80.39"," 261210"," 209.98"," 2108"," 40326"," 15.44"
SILINV," EQ"," 02-Jan-2026"," 517.55"," 525.45"," 525.45"," 511.00"," 517.25"," 518.05"," 519.84"," 2422"," 12.59"," 113"," 1915"," 79.07"
SILKY," SM"," 02-Jan-2026"," 144.90"," 144.40"," 144.40"," 144.40"," 144.40"," 144.40"," 144.40"," 7200"," 10.40"," 1"," 7200"," 100.00"
SILLYMONKS," BE"," 02-Jan-2026"," 20.12"," 20.00"," 20.30"," 19.50"," 19.83"," 19.70"," 19.84"," 18272"," 3.63"," 65"," -"," -"
SILVER," EQ"," 02-Jan-2026"," 223.75"," 228.76"," 231.50"," 227.64"," 231.10"," 230.98"," 229.97"," 2416562"," 5557.31"," 17977"," 1038925"," 42.99"
SILVER1," EQ"," 02-Jan-2026"," 221.27"," 226.80"," 226.80"," 221.68"," 225.60"," 225.49"," 224.88"," 1712521"," 3851.20"," 8784"," 1080337"," 63.08"
SILVER360," EQ"," 02-Jan-2026"," 218.83"," 222.99"," 228.60"," 222.74"," 227.40"," 227.05"," 225.73"," 113667"," 256.59"," 3350"," 54925"," 48.32"
SILVERADD," EQ"," 02-Jan-2026"," 218.02"," 215.00"," 224.76"," 215.00"," 224.49"," 224.19"," 223.24"," 646009"," 1442.18"," 4241"," 425331"," 65.84"
SILVERAG," EQ"," 02-Jan-2026"," 218.09"," 224.98"," 225.49"," 221.80"," 224.49"," 223.69"," 223.47"," 2101474"," 4696.21"," 3692"," 1763902"," 83.94"
SILVERBEES," EQ"," 02-Jan-2026"," 214.95"," 220.33"," 222.20"," 217.60"," 222.19"," 221.87"," 220.90"," 63378048"," 140004.26"," 177979"," 28284201"," 44.63"
SILVERBETA," EQ"," 02-Jan-2026"," 217.29"," 221.99"," 225.00"," 220.16"," 224.50"," 224.66"," 223.42"," 1811639"," 4047.53"," 8966"," 813410"," 44.90"
SILVERBND," EQ"," 02-Jan-2026"," 225.87"," 227.60"," 245.29"," 226.99"," 241.00"," 240.05"," 233.16"," 64618"," 150.66"," 837"," 38016"," 58.83"
SILVERCASE," EQ"," 02-Jan-2026"," 22.81"," 23.38"," 23.66"," 22.95"," 23.52"," 23.52"," 23.47"," 20864357"," 4896.51"," 19029"," 11894826"," 57.01"
SILVERIETF," EQ"," 02-Jan-2026"," 224.95"," 229.50"," 233.00"," 221.01"," 232.10"," 231.68"," 230.29"," 13257278"," 30530.26"," 37887"," 7714006"," 58.19"
SILVERTUC," EQ"," 02-Jan-2026"," 1104.40"," 1179.00"," 1320.00"," 1125.00"," 1317.00"," 1248.50"," 1215.71"," 1530990"," 18612.44"," 71986"," 105629"," 6.90"
SIMBHALS," BZ"," 02-Jan-2026"," 11.17"," 11.17"," 11.67"," 11.00"," 11.60"," 11.59"," 11.52"," 19752"," 2.28"," 93"," -"," -"
SIMPLEXINF," EQ"," 02-Jan-2026"," 247.47"," 245.69"," 254.99"," 243.00"," 251.00"," 251.48"," 250.68"," 101830"," 255.27"," 2362"," 51281"," 50.36"
SINCLAIR," EQ"," 02-Jan-2026"," 83.44"," 84.00"," 84.01"," 82.50"," 82.75"," 82.94"," 83.09"," 33773"," 28.06"," 482"," 27192"," 80.51"
SINDHUTRAD," EQ"," 02-Jan-2026"," 19.94"," 19.75"," 20.30"," 19.66"," 20.11"," 20.11"," 19.92"," 489338"," 97.48"," 1305"," 244566"," 49.98"
SINTERCOM," EQ"," 02-Jan-2026"," 99.84"," 107.90"," 115.00"," 99.00"," 99.07"," 99.87"," 106.32"," 102406"," 108.88"," 1812"," 38232"," 37.33"
SIRCA," EQ"," 02-Jan-2026"," 483.15"," 482.85"," 506.00"," 480.20"," 503.80"," 503.65"," 498.25"," 302904"," 1509.23"," 4253"," 112249"," 37.06"
SIS," EQ"," 02-Jan-2026"," 331.45"," 330.15"," 340.10"," 330.15"," 340.00"," 339.30"," 337.31"," 27620"," 93.17"," 2682"," 17176"," 62.19"
SITINET," BZ"," 02-Jan-2026"," 0.36"," 0.36"," 0.37"," 0.36"," 0.37"," 0.36"," 0.37"," 553782"," 2.03"," 193"," -"," -"
SIYSIL," EQ"," 02-Jan-2026"," 631.60"," 632.00"," 643.00"," 629.20"," 638.80"," 637.95"," 638.26"," 34623"," 220.99"," 3055"," 18416"," 53.19"
SJLOGISTIC," SM"," 02-Jan-2026"," 366.30"," 364.75"," 374.85"," 360.15"," 372.00"," 370.20"," 367.48"," 28750"," 105.65"," 86"," 20250"," 70.43"
SJS," EQ"," 02-Jan-2026"," 1779.80"," 1800.00"," 1869.00"," 1789.10"," 1847.00"," 1840.20"," 1831.28"," 510731"," 9352.94"," 44605"," 212831"," 41.67"
SJVN," EQ"," 02-Jan-2026"," 74.74"," 74.96"," 83.99"," 74.67"," 83.27"," 83.04"," 81.90"," 82265437"," 67371.97"," 229398"," 9081238"," 11.04"
SKFINDIA," EQ"," 02-Jan-2026"," 1856.20"," 1855.10"," 1860.80"," 1831.00"," 1852.90"," 1857.40"," 1849.34"," 25071"," 463.65"," 5113"," 13136"," 52.40"
SKFINDUS," EQ"," 02-Jan-2026"," 2600.00"," 2561.00"," 2620.00"," 2561.00"," 2580.00"," 2588.20"," 2598.50"," 8979"," 233.32"," 2204"," 6634"," 73.88"
SKIPPER," EQ"," 02-Jan-2026"," 430.55"," 431.50"," 462.40"," 428.80"," 452.50"," 452.85"," 452.22"," 777752"," 3517.19"," 20075"," 251435"," 32.33"
SKMEGGPROD," EQ"," 02-Jan-2026"," 404.15"," 407.85"," 416.80"," 406.00"," 409.50"," 408.55"," 412.12"," 98914"," 407.65"," 4562"," 43119"," 43.59"
SKYGOLD," EQ"," 02-Jan-2026"," 333.40"," 331.50"," 335.00"," 329.35"," 333.00"," 332.65"," 332.46"," 214706"," 713.81"," 3738"," 121180"," 56.44"
SMALL250," EQ"," 02-Jan-2026"," 16.67"," 16.69"," 16.81"," 16.68"," 16.77"," 16.79"," 16.75"," 113104"," 18.95"," 191"," 105221"," 93.03"
SMALLADD," EQ"," 02-Jan-2026"," 16.68"," 16.99"," 16.99"," 16.71"," 16.82"," 16.81"," 16.80"," 40357"," 6.78"," 42"," 28203"," 69.88"
SMALLCAP," EQ"," 02-Jan-2026"," 43.95"," 44.41"," 44.49"," 43.92"," 44.27"," 44.17"," 44.12"," 1425255"," 628.89"," 3260"," 954128"," 66.94"
SMARTEN," SM"," 02-Jan-2026"," 74.85"," 76.00"," 78.00"," 76.00"," 78.00"," 77.85"," 77.16"," 10800"," 8.33"," 9"," 10800"," 100.00"
SMARTLINK," EQ"," 02-Jan-2026"," 130.81"," 130.21"," 132.99"," 130.21"," 131.40"," 131.45"," 131.39"," 891"," 1.17"," 34"," 601"," 67.45"
SMARTWORKS," EQ"," 02-Jan-2026"," 505.50"," 528.25"," 528.25"," 504.25"," 509.20"," 507.80"," 512.44"," 154051"," 789.41"," 5969"," 40233"," 26.12"
SMCGLOBAL," EQ"," 02-Jan-2026"," 91.09"," 92.60"," 94.90"," 90.78"," 92.24"," 92.06"," 93.20"," 4029309"," 3755.34"," 12672"," 1938115"," 48.10"
SML100CASE," EQ"," 02-Jan-2026"," 9.98"," 9.97"," 10.15"," 9.68"," 10.09"," 10.08"," 10.06"," 1100348"," 110.66"," 972"," 946515"," 86.02"
SMLMAH," EQ"," 02-Jan-2026"," 4091.80"," 4128.00"," 4148.50"," 3978.00"," 4070.00"," 4086.00"," 4078.33"," 96665"," 3942.32"," 10538"," 33490"," 34.65"
SMLT," EQ"," 02-Jan-2026"," 84.71"," 85.50"," 87.30"," 84.72"," 87.30"," 86.48"," 85.68"," 14617"," 12.52"," 451"," 4746"," 32.47"
SMSPHARMA," EQ"," 02-Jan-2026"," 313.45"," 313.45"," 330.70"," 311.00"," 330.05"," 326.25"," 321.84"," 429968"," 1383.83"," 7914"," 252717"," 58.78"
SNEHAA," SM"," 02-Jan-2026"," 70.60"," 69.15"," 69.15"," 59.65"," 59.65"," 60.35"," 61.19"," 149000"," 91.17"," 125"," 125000"," 83.89"
SNOWMAN," EQ"," 02-Jan-2026"," 40.09"," 40.11"," 41.16"," 40.01"," 40.75"," 40.98"," 40.68"," 200180"," 81.44"," 1584"," 121928"," 60.91"
SNXT30BEES," EQ"," 02-Jan-2026"," 40.92"," 40.93"," 41.45"," 40.70"," 41.10"," 41.24"," 41.17"," 15279"," 6.29"," 75"," 12410"," 81.22"
SNXT50BETA," EQ"," 02-Jan-2026"," 94.39"," 95.19"," 95.20"," 93.06"," 94.47"," 94.06"," 94.26"," 3718"," 3.50"," 141"," 3511"," 94.43"
SOBHA," EQ"," 02-Jan-2026"," 1462.80"," 1472.20"," 1495.80"," 1457.20"," 1495.00"," 1490.60"," 1482.66"," 59233"," 878.22"," 7640"," 22549"," 38.07"
SOCL," ST"," 02-Jan-2026"," 59.05"," 56.10"," 56.10"," 56.10"," 56.10"," 56.10"," 56.10"," 1600"," 0.90"," 1"," 1600"," 100.00"
SOFTTECH," EQ"," 02-Jan-2026"," 314.05"," 315.30"," 320.00"," 308.80"," 310.10"," 312.45"," 314.42"," 4611"," 14.50"," 731"," 1791"," 38.84"
SOLARA," EQ"," 02-Jan-2026"," 563.10"," 563.10"," 584.00"," 560.35"," 577.50"," 582.05"," 577.37"," 69927"," 403.74"," 6306"," 30615"," 43.78"
SOLARAPP1," E1"," 02-Jan-2026"," 390.00"," 382.50"," 415.80"," 382.50"," 405.00"," 405.00"," 403.85"," 379"," 1.53"," 21"," 379"," 100.00"
SOLARINDS," EQ"," 02-Jan-2026"," 12166.00"," 12198.00"," 12356.00"," 12130.00"," 12328.00"," 12336.00"," 12277.27"," 70737"," 8684.58"," 19958"," 36172"," 51.14"
SOLARWORLD," EQ"," 02-Jan-2026"," 273.40"," 275.00"," 285.90"," 272.00"," 280.00"," 280.00"," 278.87"," 263077"," 733.65"," 6195"," 115480"," 43.90"
SOLEX," EQ"," 02-Jan-2026"," 1349.40"," 1369.60"," 1398.80"," 1302.20"," 1321.50"," 1323.60"," 1346.18"," 36461"," 490.83"," 4097"," 11135"," 30.54"
SOMANYCERA," EQ"," 02-Jan-2026"," 394.35"," 396.40"," 408.95"," 395.00"," 401.50"," 403.85"," 402.84"," 30667"," 123.54"," 1401"," 18826"," 61.39"
SOMATEX," BE"," 02-Jan-2026"," 141.03"," 138.21"," 138.21"," 138.21"," 138.21"," 138.21"," 138.21"," 1120"," 1.55"," 37"," -"," -"
SOMICONVEY," EQ"," 02-Jan-2026"," 126.22"," 129.40"," 130.79"," 123.27"," 127.00"," 126.59"," 126.72"," 5937"," 7.52"," 260"," 3196"," 53.83"
SONACOMS," EQ"," 02-Jan-2026"," 474.30"," 475.00"," 493.35"," 474.20"," 486.30"," 486.35"," 487.29"," 1198062"," 5838.06"," 35982"," 539256"," 45.01"
SONAMAC," SM"," 02-Jan-2026"," 47.45"," 47.25"," 47.25"," 46.30"," 46.50"," 46.50"," 46.58"," 6000"," 2.80"," 6"," 5000"," 83.33"
SONAMLTD," EQ"," 02-Jan-2026"," 42.04"," 42.76"," 42.76"," 41.60"," 42.00"," 41.99"," 42.00"," 39172"," 16.45"," 267"," 32325"," 82.52"
SONATSOFTW," EQ"," 02-Jan-2026"," 362.90"," 363.85"," 366.00"," 359.80"," 365.20"," 365.15"," 363.18"," 290079"," 1053.52"," 9105"," 132627"," 45.72"
SONUINFRA," SM"," 02-Jan-2026"," 72.00"," 73.95"," 79.20"," 73.90"," 79.20"," 79.20"," 76.45"," 25500"," 19.49"," 17"," 22500"," 88.24"
SOTL," EQ"," 02-Jan-2026"," 381.75"," 383.00"," 385.60"," 380.40"," 381.00"," 382.05"," 383.01"," 11717"," 44.88"," 661"," 7760"," 66.23"
SOUTHBANK," EQ"," 02-Jan-2026"," 37.93"," 38.70"," 39.58"," 38.16"," 38.67"," 38.60"," 38.87"," 33605690"," 13063.72"," 55178"," 9797322"," 29.15"
SOUTHWEST," BE"," 02-Jan-2026"," 193.12"," 193.00"," 196.00"," 192.00"," 195.98"," 194.91"," 194.46"," 34578"," 67.24"," 250"," -"," -"
SPAL," EQ"," 02-Jan-2026"," 704.60"," 706.00"," 714.00"," 698.20"," 710.50"," 709.75"," 705.11"," 27612"," 194.70"," 1908"," 17116"," 61.99"
SPANDANA," EQ"," 02-Jan-2026"," 267.35"," 268.30"," 270.80"," 265.00"," 265.05"," 266.20"," 267.44"," 113052"," 302.35"," 3527"," 57489"," 50.85"
SPARC," EQ"," 02-Jan-2026"," 135.03"," 135.03"," 136.38"," 134.00"," 136.08"," 135.72"," 135.25"," 418390"," 565.88"," 5403"," 192208"," 45.94"
SPCENET," BE"," 02-Jan-2026"," 6.79"," 6.94"," 6.99"," 6.70"," 6.80"," 6.79"," 6.81"," 155880"," 10.62"," 285"," -"," -"
SPCL," SM"," 02-Jan-2026"," 99.60"," 103.30"," 118.95"," 101.05"," 112.00"," 112.25"," 109.45"," 183600"," 200.95"," 216"," 141000"," 76.80"
SPEB," SM"," 02-Jan-2026"," 51.80"," 51.80"," 51.80"," 50.55"," 50.55"," 50.55"," 51.38"," 6000"," 3.08"," 3"," 6000"," 100.00"
SPECIALITY," EQ"," 02-Jan-2026"," 109.58"," 110.12"," 113.00"," 106.00"," 108.36"," 109.22"," 109.68"," 119112"," 130.65"," 3168"," 60789"," 51.04"
SPECTRUM," EQ"," 02-Jan-2026"," 1224.50"," 1246.90"," 1247.20"," 1189.70"," 1204.00"," 1218.80"," 1217.90"," 1848"," 22.51"," 232"," 1296"," 70.13"
SPECTSTM," SM"," 02-Jan-2026"," 93.60"," 90.15"," 95.70"," 90.15"," 95.70"," 95.70"," 92.93"," 1600"," 1.49"," 2"," 800"," 50.00"
SPENCERS," EQ"," 02-Jan-2026"," 41.37"," 41.36"," 42.38"," 40.81"," 42.15"," 41.66"," 41.72"," 74727"," 31.17"," 1142"," 51128"," 68.42"
SPIC," EQ"," 02-Jan-2026"," 83.25"," 83.54"," 84.60"," 83.20"," 83.90"," 84.02"," 83.87"," 454958"," 381.60"," 3631"," 219511"," 48.25"
SPLIL," EQ"," 02-Jan-2026"," 33.38"," 33.73"," 35.95"," 33.36"," 34.50"," 34.19"," 33.86"," 8286"," 2.81"," 109"," 5888"," 71.06"
SPLPETRO," EQ"," 02-Jan-2026"," 643.00"," 640.20"," 649.50"," 640.20"," 645.10"," 646.90"," 647.08"," 7674"," 49.66"," 651"," 5653"," 73.66"
SPMLINFRA," EQ"," 02-Jan-2026"," 190.29"," 190.00"," 191.67"," 184.62"," 187.00"," 187.40"," 187.24"," 177773"," 332.86"," 4287"," 56863"," 31.99"
SPORTKING," EQ"," 02-Jan-2026"," 87.38"," 87.38"," 88.98"," 86.52"," 86.52"," 87.06"," 87.92"," 81046"," 71.25"," 1527"," 55091"," 67.97"
SPPPOLY," SM"," 02-Jan-2026"," 15.70"," 15.70"," 15.70"," 15.70"," 15.70"," 15.70"," 15.70"," 4000"," 0.63"," 2"," 4000"," 100.00"
SPUNWEB," SM"," 02-Jan-2026"," 142.85"," 136.40"," 136.40"," 136.40"," 136.40"," 136.40"," 136.40"," 1200"," 1.64"," 1"," 1200"," 100.00"
SRD," EQ"," 02-Jan-2026"," 64.53"," 64.76"," 68.00"," 64.37"," 67.66"," 67.29"," 66.17"," 47640"," 31.52"," 685"," 40975"," 86.01"
SREEL," EQ"," 02-Jan-2026"," 218.15"," 219.80"," 221.73"," 216.50"," 219.40"," 220.40"," 220.02"," 8255"," 18.16"," 386"," 5654"," 68.49"
SRF," EQ"," 02-Jan-2026"," 3057.30"," 3060.00"," 3074.90"," 3042.00"," 3052.40"," 3059.50"," 3058.07"," 108406"," 3315.14"," 14038"," 65703"," 60.61"
SRGHFL," EQ"," 02-Jan-2026"," 290.95"," 288.25"," 295.00"," 285.20"," 286.00"," 286.90"," 287.53"," 796"," 2.29"," 40"," 762"," 95.73"
SRHHYPOLTD," EQ"," 02-Jan-2026"," 517.05"," 511.00"," 523.95"," 511.00"," 520.00"," 517.60"," 519.21"," 6060"," 31.46"," 539"," 3588"," 59.21"
SRIVASAVI," SM"," 02-Jan-2026"," 49.80"," 51.90"," 56.70"," 50.00"," 50.00"," 50.25"," 52.07"," 47000"," 24.47"," 44"," 37000"," 78.72"
SRM," EQ"," 02-Jan-2026"," 533.70"," 530.10"," 542.00"," 528.50"," 537.00"," 533.40"," 534.31"," 34703"," 185.42"," 1845"," 16770"," 48.32"
SRPL," BZ"," 02-Jan-2026"," 0.67"," 0.68"," 0.68"," 0.66"," 0.67"," 0.66"," 0.67"," 166114"," 1.11"," 185"," -"," -"
SSDL," EQ"," 02-Jan-2026"," 78.02"," 79.49"," 79.49"," 78.00"," 78.13"," 78.16"," 78.37"," 16153"," 12.66"," 478"," 11589"," 71.75"
SSEGL," SM"," 02-Jan-2026"," 461.50"," 461.50"," 467.15"," 453.50"," 457.25"," 459.30"," 457.84"," 21000"," 96.15"," 73"," 15200"," 72.38"
SSFL," SM"," 02-Jan-2026"," 130.20"," 130.00"," 130.00"," 127.10"," 129.85"," 129.85"," 128.37"," 11500"," 14.76"," 21"," 9500"," 82.61"
SSFLPP," E1"," 02-Jan-2026"," 139.85"," 141.40"," 141.40"," 137.20"," 138.00"," 137.65"," 138.33"," 851"," 1.18"," 45"," 802"," 94.24"
SSWL," EQ"," 02-Jan-2026"," 209.91"," 210.61"," 213.90"," 207.71"," 210.85"," 210.88"," 211.27"," 647181"," 1367.31"," 14348"," 178247"," 27.54"
STALLION," BE"," 02-Jan-2026"," 246.81"," 259.15"," 259.15"," 244.00"," 255.00"," 257.69"," 257.47"," 629613"," 1621.06"," 5349"," -"," -"
STANLEY," EQ"," 02-Jan-2026"," 194.79"," 195.00"," 195.49"," 190.70"," 192.00"," 191.95"," 192.07"," 119634"," 229.78"," 4264"," 76922"," 64.30"
STAR," EQ"," 02-Jan-2026"," 911.35"," 910.00"," 915.00"," 897.80"," 901.50"," 900.75"," 902.91"," 148917"," 1344.58"," 10753"," 67069"," 45.04"
STARCEMENT," EQ"," 02-Jan-2026"," 222.17"," 222.00"," 223.69"," 221.10"," 222.22"," 222.51"," 222.34"," 142533"," 316.91"," 7435"," 98274"," 68.95"
STARHEALTH," EQ"," 02-Jan-2026"," 464.70"," 463.90"," 469.80"," 458.10"," 459.60"," 459.75"," 463.50"," 287749"," 1333.71"," 13990"," 160900"," 55.92"
STARPAPER," EQ"," 02-Jan-2026"," 167.49"," 167.00"," 167.46"," 163.15"," 165.50"," 165.29"," 165.14"," 5667"," 9.36"," 200"," 3773"," 66.58"
STARTECK," EQ"," 02-Jan-2026"," 294.85"," 295.50"," 349.95"," 283.15"," 287.80"," 291.05"," 321.13"," 111424"," 357.82"," 5355"," 24803"," 22.26"
STCINDIA," EQ"," 02-Jan-2026"," 125.10"," 125.30"," 130.90"," 124.22"," 128.00"," 128.15"," 128.71"," 220817"," 284.20"," 5501"," 51773"," 23.45"
STEELCAS," EQ"," 02-Jan-2026"," 210.67"," 211.95"," 220.18"," 205.32"," 210.00"," 210.31"," 213.02"," 110904"," 236.24"," 2098"," 49977"," 45.06"
STEELCITY," EQ"," 02-Jan-2026"," 92.12"," 91.00"," 92.69"," 91.00"," 92.20"," 92.15"," 91.81"," 6565"," 6.03"," 271"," 4638"," 70.65"
STEELXIND," EQ"," 02-Jan-2026"," 9.51"," 9.53"," 9.67"," 9.32"," 9.38"," 9.37"," 9.43"," 1421696"," 134.01"," 2575"," 863423"," 60.73"
STEL," EQ"," 02-Jan-2026"," 494.40"," 485.00"," 501.90"," 482.60"," 492.00"," 493.30"," 491.55"," 4185"," 20.57"," 752"," 1869"," 44.66"
STERTOOLS," EQ"," 02-Jan-2026"," 275.35"," 274.65"," 281.20"," 274.00"," 280.00"," 280.15"," 277.78"," 43875"," 121.87"," 2587"," 18694"," 42.61"
STLNETWORK," EQ"," 02-Jan-2026"," 22.43"," 22.47"," 22.87"," 22.44"," 22.70"," 22.74"," 22.69"," 1110767"," 252.09"," 2666"," 604681"," 54.44"
STLTECH," EQ"," 02-Jan-2026"," 102.50"," 103.04"," 104.88"," 100.88"," 103.89"," 103.64"," 103.26"," 1481305"," 1529.59"," 21359"," 535020"," 36.12"
STOVEKRAFT," EQ"," 02-Jan-2026"," 578.40"," 581.40"," 595.25"," 573.50"," 591.00"," 592.90"," 587.01"," 58609"," 344.04"," 3750"," 34478"," 58.83"
STUDDS," EQ"," 02-Jan-2026"," 532.10"," 533.50"," 544.40"," 528.00"," 541.90"," 542.20"," 537.51"," 35731"," 192.06"," 2484"," 19949"," 55.83"
STUDIOLSD," SM"," 02-Jan-2026"," 13.10"," 13.30"," 13.30"," 13.05"," 13.25"," 13.20"," 13.17"," 24000"," 3.16"," 12"," 20000"," 83.33"
STYL," EQ"," 02-Jan-2026"," 278.20"," 278.20"," 286.60"," 274.10"," 282.00"," 282.25"," 281.59"," 114626"," 322.77"," 4616"," 47363"," 41.32"
STYLAMIND," EQ"," 02-Jan-2026"," 2249.60"," 2269.00"," 2269.70"," 2191.00"," 2200.10"," 2207.80"," 2238.61"," 72929"," 1632.59"," 5917"," 48621"," 66.67"
STYLEBAAZA," EQ"," 02-Jan-2026"," 270.40"," 272.90"," 290.00"," 270.10"," 287.00"," 285.70"," 282.49"," 328000"," 926.58"," 6181"," 158397"," 48.29"
STYRENIX," EQ"," 02-Jan-2026"," 2027.90"," 2028.00"," 2045.00"," 2006.60"," 2033.20"," 2035.50"," 2028.61"," 17619"," 357.42"," 2651"," 10935"," 62.06"
SUBAHOTELS," SM"," 02-Jan-2026"," 143.95"," 140.35"," 141.90"," 140.00"," 141.00"," 140.75"," 140.86"," 32400"," 45.64"," 24"," 25200"," 77.78"
SUBEXLTD," EQ"," 02-Jan-2026"," 11.70"," 11.70"," 11.85"," 11.52"," 11.73"," 11.72"," 11.72"," 1342636"," 157.32"," 3538"," 744434"," 55.45"
SUBROS," EQ"," 02-Jan-2026"," 861.90"," 861.90"," 919.00"," 861.90"," 900.50"," 902.65"," 905.34"," 580070"," 5251.58"," 29780"," 156797"," 27.03"
SUDARSCHEM," EQ"," 02-Jan-2026"," 942.40"," 942.40"," 966.95"," 940.10"," 964.95"," 960.00"," 954.36"," 40850"," 389.86"," 3750"," 24790"," 60.69"
SUDEEPPHRM," EQ"," 02-Jan-2026"," 598.55"," 598.00"," 608.40"," 587.00"," 596.00"," 596.80"," 595.89"," 227116"," 1353.35"," 8274"," 110319"," 48.57"
SUKHJITS," EQ"," 02-Jan-2026"," 185.86"," 186.00"," 186.00"," 181.61"," 185.05"," 185.16"," 184.88"," 11357"," 21.00"," 273"," 9447"," 83.18"
SULA," EQ"," 02-Jan-2026"," 218.59"," 220.00"," 220.20"," 217.10"," 218.00"," 218.19"," 218.40"," 240783"," 525.86"," 5004"," 137632"," 57.16"
SUMEETINDS," BE"," 02-Jan-2026"," 29.77"," 29.97"," 30.17"," 29.10"," 29.98"," 29.40"," 29.73"," 41236"," 12.26"," 325"," -"," -"
SUMICHEM," EQ"," 02-Jan-2026"," 469.50"," 469.60"," 470.85"," 466.00"," 468.80"," 468.70"," 467.72"," 74618"," 349.00"," 4249"," 36021"," 48.27"
SUMIT," EQ"," 02-Jan-2026"," 64.15"," 65.20"," 66.08"," 63.12"," 65.95"," 65.32"," 64.65"," 23764"," 15.36"," 404"," 19060"," 80.21"
SUMMITSEC," EQ"," 02-Jan-2026"," 1937.30"," 1926.00"," 1960.00"," 1914.80"," 1925.80"," 1928.80"," 1930.87"," 6558"," 126.63"," 1158"," 4479"," 68.30"
SUNCLAY," EQ"," 02-Jan-2026"," 1215.80"," 1239.90"," 1270.00"," 1215.00"," 1250.00"," 1255.80"," 1246.96"," 8654"," 107.91"," 1413"," 5968"," 68.96"
SUNDARAM," EQ"," 02-Jan-2026"," 1.76"," 1.79"," 1.82"," 1.76"," 1.82"," 1.80"," 1.79"," 468819"," 8.38"," 449"," 366803"," 78.24"
SUNDARMFIN," EQ"," 02-Jan-2026"," 5321.50"," 5350.00"," 5355.00"," 5262.50"," 5262.50"," 5293.00"," 5305.18"," 32811"," 1740.68"," 8156"," 19406"," 59.14"
SUNDRMBRAK," EQ"," 02-Jan-2026"," 690.85"," 699.00"," 705.00"," 690.80"," 693.00"," 693.65"," 697.40"," 1162"," 8.10"," 98"," 756"," 65.06"
SUNDRMFAST," EQ"," 02-Jan-2026"," 946.15"," 942.00"," 955.00"," 936.25"," 941.70"," 941.80"," 947.44"," 59798"," 566.55"," 4964"," 38320"," 64.08"
SUNDROP," EQ"," 02-Jan-2026"," 723.95"," 729.90"," 729.95"," 716.05"," 725.05"," 725.20"," 724.84"," 13535"," 98.11"," 508"," 10681"," 78.91"
SUNFLAG," EQ"," 02-Jan-2026"," 272.10"," 272.10"," 274.50"," 272.00"," 273.80"," 273.45"," 273.12"," 101932"," 278.40"," 2353"," 49340"," 48.40"
SUNLITE," ST"," 02-Jan-2026"," 325.35"," 325.35"," 341.60"," 325.35"," 341.00"," 340.25"," 340.03"," 78000"," 265.23"," 100"," 72000"," 92.31"
SUNPHARMA," EQ"," 02-Jan-2026"," 1721.10"," 1721.10"," 1732.00"," 1719.40"," 1729.90"," 1728.00"," 1726.20"," 974123"," 16815.33"," 29743"," 744525"," 76.43"
SUNTECH," SM"," 02-Jan-2026"," 41.20"," 41.80"," 42.85"," 41.80"," 42.85"," 42.65"," 42.41"," 6400"," 2.71"," 4"," 6400"," 100.00"
SUNTECK," EQ"," 02-Jan-2026"," 429.90"," 430.35"," 443.30"," 422.25"," 428.30"," 431.45"," 431.61"," 807419"," 3484.87"," 23835"," 189992"," 23.53"
SUNTV," EQ"," 02-Jan-2026"," 587.15"," 587.00"," 589.95"," 580.05"," 583.10"," 582.85"," 583.97"," 130964"," 764.79"," 9177"," 58743"," 44.85"
SUPERHOUSE," EQ"," 02-Jan-2026"," 145.10"," 145.10"," 149.46"," 145.10"," 149.40"," 146.62"," 147.00"," 2665"," 3.92"," 56"," 1970"," 73.92"
SUPERSPIN," EQ"," 02-Jan-2026"," 8.09"," 8.09"," 8.46"," 7.96"," 8.24"," 8.08"," 8.14"," 36554"," 2.97"," 140"," 24950"," 68.26"
SUPRAJIT," EQ"," 02-Jan-2026"," 470.75"," 467.45"," 474.60"," 467.25"," 473.95"," 473.60"," 472.64"," 19113"," 90.34"," 1738"," 11034"," 57.73"
SUPREME," EQ"," 02-Jan-2026"," 72.33"," 73.43"," 73.43"," 70.80"," 71.98"," 71.80"," 72.25"," 34270"," 24.76"," 1285"," 15853"," 46.26"
SUPREMEENG," BZ"," 02-Jan-2026"," 1.28"," 1.25"," 1.34"," 1.25"," 1.34"," 1.34"," 1.34"," 63233"," 0.85"," 68"," -"," -"
SUPREMEIND," EQ"," 02-Jan-2026"," 3484.40"," 3500.40"," 3539.00"," 3484.50"," 3532.80"," 3534.10"," 3518.47"," 231479"," 8144.51"," 20889"," 83383"," 36.02"
SUPREMEINF," BZ"," 02-Jan-2026"," 87.85"," 87.85"," 87.90"," 85.70"," 86.30"," 86.35"," 86.47"," 1406"," 1.22"," 18"," -"," -"
SUPREMEPWR," SM"," 02-Jan-2026"," 189.50"," 190.05"," 195.00"," 190.00"," 190.45"," 191.70"," 191.93"," 17000"," 32.63"," 33"," 10000"," 58.82"
SUPRIYA," EQ"," 02-Jan-2026"," 740.85"," 737.25"," 752.70"," 732.55"," 751.00"," 750.55"," 743.76"," 131146"," 975.42"," 10576"," 67392"," 51.39"
SURAJEST," EQ"," 02-Jan-2026"," 260.55"," 258.00"," 265.00"," 257.50"," 262.50"," 261.45"," 260.48"," 134426"," 350.15"," 3400"," 79115"," 58.85"
SURAJLTD," EQ"," 02-Jan-2026"," 245.06"," 252.98"," 252.98"," 240.00"," 245.10"," 244.28"," 245.19"," 257"," 0.63"," 29"," 250"," 97.28"
SURAKSHA," EQ"," 02-Jan-2026"," 273.15"," 277.00"," 277.10"," 271.55"," 277.00"," 276.65"," 275.32"," 12007"," 33.06"," 645"," 6467"," 53.86"
SURANASOL," EQ"," 02-Jan-2026"," 26.57"," 26.70"," 28.00"," 26.36"," 28.00"," 27.87"," 27.37"," 133270"," 36.47"," 1276"," 86533"," 64.93"
SURANAT&P," EQ"," 02-Jan-2026"," 20.02"," 20.02"," 20.20"," 19.63"," 19.80"," 19.76"," 19.75"," 174565"," 34.47"," 676"," 121348"," 69.51"
SURANI," SM"," 02-Jan-2026"," 59.95"," 59.95"," 59.95"," 57.55"," 57.55"," 57.80"," 59.24"," 3000"," 1.78"," 11"," 3000"," 100.00"
SURYALAXMI," EQ"," 02-Jan-2026"," 59.03"," 59.04"," 60.29"," 57.25"," 58.99"," 58.45"," 58.55"," 7160"," 4.19"," 107"," 6469"," 90.35"
SURYAROSNI," EQ"," 02-Jan-2026"," 275.60"," 276.50"," 281.40"," 275.85"," 276.35"," 278.30"," 278.55"," 270580"," 753.71"," 8114"," 160099"," 59.17"
SURYODAY," EQ"," 02-Jan-2026"," 141.66"," 141.45"," 145.00"," 141.12"," 144.90"," 143.96"," 143.20"," 114697"," 164.25"," 2326"," 62457"," 54.45"
SUTLEJTEX," EQ"," 02-Jan-2026"," 32.04"," 32.50"," 32.50"," 31.15"," 31.85"," 31.70"," 31.77"," 33309"," 10.58"," 620"," 22207"," 66.67"
SUVEN," EQ"," 02-Jan-2026"," 164.69"," 164.50"," 168.22"," 164.41"," 165.80"," 164.81"," 165.89"," 146222"," 242.57"," 3294"," 70103"," 47.94"
SUVIDHAA," EQ"," 02-Jan-2026"," 3.64"," 3.64"," 3.72"," 3.64"," 3.67"," 3.68"," 3.67"," 43671"," 1.60"," 253"," 39462"," 90.36"
SUYOG," EQ"," 02-Jan-2026"," 613.65"," 612.05"," 626.00"," 608.70"," 614.00"," 617.05"," 615.18"," 7803"," 48.00"," 598"," 4051"," 51.92"
SUZLON," EQ"," 02-Jan-2026"," 52.47"," 52.59"," 54.40"," 52.44"," 54.29"," 54.28"," 53.74"," 59517999"," 31987.38"," 100815"," 27698809"," 46.54"
SVLL," EQ"," 02-Jan-2026"," 700.60"," 680.15"," 728.15"," 680.15"," 699.95"," 699.70"," 709.78"," 285"," 2.02"," 44"," 241"," 84.56"
SVPGLOB," BE"," 02-Jan-2026"," 3.73"," 3.73"," 3.91"," 3.66"," 3.91"," 3.91"," 3.84"," 69414"," 2.67"," 130"," -"," -"
SWANCORP," EQ"," 02-Jan-2026"," 465.95"," 466.50"," 470.90"," 461.00"," 461.90"," 462.85"," 465.37"," 1090983"," 5077.13"," 11707"," 760283"," 69.69"
SWANDEF," BE"," 02-Jan-2026"," 1457.60"," 1530.40"," 1530.40"," 1530.40"," 1530.40"," 1530.40"," 1530.40"," 1858"," 28.43"," 169"," -"," -"
SWARAJ," ST"," 02-Jan-2026"," 241.35"," 242.00"," 245.50"," 241.05"," 243.70"," 243.70"," 243.72"," 17000"," 41.43"," 28"," 15500"," 91.18"
SWARAJENG," EQ"," 02-Jan-2026"," 3727.90"," 3745.90"," 3769.70"," 3657.50"," 3698.10"," 3690.50"," 3722.61"," 11956"," 445.08"," 2414"," 6785"," 56.75"
SWASTIK," SM"," 02-Jan-2026"," 23.00"," 23.85"," 24.75"," 23.25"," 24.75"," 24.65"," 23.90"," 15600"," 3.73"," 13"," 15600"," 100.00"
SWELECTES," EQ"," 02-Jan-2026"," 617.90"," 615.00"," 623.40"," 606.80"," 617.70"," 617.55"," 615.20"," 15113"," 92.97"," 1417"," 8006"," 52.97"
SWIGGY," EQ"," 02-Jan-2026"," 390.70"," 390.70"," 390.70"," 381.00"," 387.05"," 387.20"," 385.02"," 6161772"," 23723.87"," 56178"," 2913384"," 47.28"
SWSOLAR," EQ"," 02-Jan-2026"," 215.01"," 215.00"," 218.70"," 212.59"," 217.70"," 217.96"," 215.99"," 1025887"," 2215.84"," 19079"," 413106"," 40.27"
SYLVANPLY," SM"," 02-Jan-2026"," 59.40"," 59.65"," 62.00"," 59.65"," 62.00"," 62.00"," 60.83"," 4000"," 2.43"," 2"," 4000"," 100.00"
SYMPHONY," EQ"," 02-Jan-2026"," 916.70"," 916.95"," 929.80"," 911.95"," 919.95"," 916.00"," 921.13"," 78922"," 726.97"," 6070"," 40871"," 51.79"
SYNCOMF," EQ"," 02-Jan-2026"," 14.08"," 14.21"," 14.50"," 14.13"," 14.49"," 14.46"," 14.35"," 1464964"," 210.25"," 3984"," 734992"," 50.17"
SYNGENE," EQ"," 02-Jan-2026"," 650.20"," 650.10"," 660.85"," 647.55"," 656.00"," 658.40"," 656.17"," 290442"," 1905.80"," 10032"," 158402"," 54.54"
SYNOPTICS," SM"," 02-Jan-2026"," 56.65"," 56.65"," 56.65"," 56.65"," 56.65"," 56.65"," 56.65"," 600"," 0.34"," 1"," 600"," 100.00"
SYRMA," EQ"," 02-Jan-2026"," 719.40"," 722.90"," 744.80"," 718.00"," 743.00"," 741.90"," 734.78"," 808159"," 5938.20"," 30644"," 317214"," 39.25"
SYSTANGO," ST"," 02-Jan-2026"," 320.45"," 329.90"," 336.00"," 308.00"," 319.00"," 319.00"," 322.73"," 44800"," 144.58"," 74"," 39200"," 87.50"
SYSTMTXC," EQ"," 02-Jan-2026"," 141.63"," 143.75"," 147.00"," 139.20"," 141.61"," 141.82"," 141.82"," 312906"," 443.75"," 4997"," 44823"," 14.32"
TAC," SM"," 02-Jan-2026"," 760.45"," 760.00"," 766.75"," 752.15"," 759.90"," 758.30"," 760.13"," 18800"," 142.90"," 88"," 9200"," 48.94"
TAINWALCHM," EQ"," 02-Jan-2026"," 195.50"," 199.00"," 199.00"," 190.50"," 194.99"," 193.33"," 194.53"," 2941"," 5.72"," 122"," 2033"," 69.13"
TAJGVK," EQ"," 02-Jan-2026"," 425.00"," 426.30"," 435.10"," 418.00"," 421.95"," 420.65"," 426.22"," 404605"," 1724.52"," 10104"," 200528"," 49.56"
TAKE," BE"," 02-Jan-2026"," 40.34"," 40.88"," 40.89"," 40.00"," 40.51"," 40.51"," 40.52"," 1037178"," 420.26"," 1610"," -"," -"
TALBROAUTO," EQ"," 02-Jan-2026"," 274.85"," 277.25"," 280.00"," 270.00"," 276.50"," 276.30"," 274.36"," 172064"," 472.07"," 5152"," 91469"," 53.16"
TANKUP," ST"," 02-Jan-2026"," 730.00"," 727.85"," 766.50"," 700.05"," 710.00"," 710.00"," 720.72"," 4500"," 32.43"," 11"," 4250"," 94.44"
TANLA," EQ"," 02-Jan-2026"," 521.30"," 521.00"," 532.00"," 517.55"," 531.95"," 530.50"," 525.76"," 288965"," 1519.27"," 12368"," 128289"," 44.40"
TAPIFRUIT," SM"," 02-Jan-2026"," 72.00"," 72.00"," 72.00"," 68.30"," 68.30"," 68.30"," 70.87"," 3750"," 2.66"," 5"," 3750"," 100.00"
TARACHAND," EQ"," 02-Jan-2026"," 79.92"," 79.90"," 80.50"," 79.11"," 80.02"," 79.61"," 79.79"," 102604"," 81.86"," 2192"," 60189"," 58.66"
TARAPUR," BE"," 02-Jan-2026"," 29.63"," 29.63"," 30.55"," 29.50"," 29.89"," 29.74"," 29.73"," 15290"," 4.55"," 124"," -"," -"
TARC," EQ"," 02-Jan-2026"," 172.92"," 172.92"," 179.85"," 172.02"," 175.95"," 176.29"," 176.88"," 1153568"," 2040.49"," 13343"," 464878"," 40.30"
TARIL," EQ"," 02-Jan-2026"," 307.90"," 310.00"," 343.70"," 305.80"," 336.00"," 336.40"," 332.90"," 39183009"," 130441.78"," 319771"," 4182222"," 10.67"
TARMAT," EQ"," 02-Jan-2026"," 51.52"," 52.39"," 52.39"," 50.82"," 51.08"," 51.07"," 51.24"," 19528"," 10.01"," 137"," 15323"," 78.47"
TARSONS," EQ"," 02-Jan-2026"," 234.80"," 236.00"," 237.00"," 232.26"," 235.47"," 235.25"," 235.14"," 58438"," 137.41"," 3308"," 33797"," 57.83"
TASTYBITE," EQ"," 02-Jan-2026"," 7857.50"," 7889.00"," 7949.00"," 7800.00"," 7949.00"," 7894.00"," 7871.76"," 894"," 70.37"," 441"," 545"," 60.96"
TATACAP," EQ"," 02-Jan-2026"," 340.45"," 340.05"," 361.80"," 340.05"," 361.40"," 359.10"," 354.51"," 10963849"," 38867.79"," 166879"," 6537041"," 59.62"
TATACHEM," EQ"," 02-Jan-2026"," 751.15"," 755.95"," 756.95"," 749.00"," 755.00"," 755.25"," 753.72"," 298532"," 2250.10"," 11011"," 149384"," 50.04"
TATACOMM," EQ"," 02-Jan-2026"," 1811.50"," 1806.50"," 1823.70"," 1783.40"," 1793.00"," 1790.10"," 1800.85"," 155242"," 2795.67"," 9805"," 102154"," 65.80"
TATACONSUM," EQ"," 02-Jan-2026"," 1176.90"," 1176.90"," 1185.70"," 1168.40"," 1171.80"," 1170.70"," 1174.24"," 955406"," 11218.79"," 54782"," 647577"," 67.78"
TATAELXSI," EQ"," 02-Jan-2026"," 5211.50"," 5211.50"," 5377.50"," 5197.50"," 5375.00"," 5337.50"," 5286.39"," 126422"," 6683.16"," 17033"," 42894"," 33.93"
TATAGOLD," EQ"," 02-Jan-2026"," 12.96"," 13.28"," 14.30"," 12.63"," 13.12"," 13.11"," 13.08"," 49241235"," 6440.17"," 81519"," 31538615"," 64.05"
TATAINVEST," EQ"," 02-Jan-2026"," 696.65"," 696.65"," 705.00"," 693.55"," 702.55"," 703.75"," 700.41"," 303786"," 2127.75"," 14200"," 122387"," 40.29"
TATAPOWER," EQ"," 02-Jan-2026"," 381.85"," 381.85"," 393.65"," 381.25"," 392.65"," 393.10"," 389.64"," 13045325"," 50829.49"," 67446"," 9374547"," 71.86"
TATASTEEL," EQ"," 02-Jan-2026"," 181.89"," 182.00"," 183.85"," 181.60"," 182.80"," 182.88"," 182.93"," 23006840"," 42085.97"," 175683"," 11657795"," 50.67"
TATATECH," EQ"," 02-Jan-2026"," 644.25"," 645.90"," 657.00"," 643.00"," 656.80"," 655.95"," 651.71"," 568871"," 3707.37"," 17558"," 276200"," 48.55"
TATSILV," EQ"," 02-Jan-2026"," 21.84"," 22.01"," 22.63"," 22.01"," 22.60"," 22.57"," 22.43"," 99021535"," 22208.89"," 110365"," 38495371"," 38.88"
TATVA," EQ"," 02-Jan-2026"," 1324.70"," 1324.70"," 1393.90"," 1322.20"," 1385.50"," 1388.80"," 1367.26"," 108845"," 1488.19"," 9903"," 39495"," 36.29"
TAURIAN," ST"," 02-Jan-2026"," 241.00"," 241.00"," 253.05"," 240.00"," 251.00"," 251.00"," 250.69"," 32000"," 80.22"," 34"," 26400"," 82.50"
TBI," SM"," 02-Jan-2026"," 87.05"," 88.25"," 91.25"," 88.05"," 90.75"," 90.85"," 90.47"," 31800"," 28.77"," 39"," 25800"," 81.13"
TBOTEK," EQ"," 02-Jan-2026"," 1623.80"," 1652.00"," 1654.40"," 1618.90"," 1641.90"," 1638.20"," 1638.42"," 70212"," 1150.37"," 8327"," 31367"," 44.67"
TBZ," EQ"," 02-Jan-2026"," 164.88"," 165.40"," 169.23"," 164.01"," 166.75"," 167.28"," 167.05"," 154630"," 258.32"," 3285"," 72350"," 46.79"
TCI," EQ"," 02-Jan-2026"," 1084.30"," 1080.00"," 1089.40"," 1065.40"," 1082.50"," 1082.00"," 1079.97"," 14919"," 161.12"," 2201"," 7904"," 52.98"
TCIEXP," EQ"," 02-Jan-2026"," 586.85"," 587.00"," 594.90"," 581.00"," 591.40"," 590.85"," 589.48"," 9224"," 54.37"," 956"," 5547"," 60.14"
TCIFINANCE," BE"," 02-Jan-2026"," 28.72"," 30.15"," 30.15"," 30.15"," 30.15"," 30.15"," 30.15"," 73255"," 22.09"," 178"," -"," -"
TCL," SM"," 02-Jan-2026"," 100.55"," 99.30"," 100.00"," 97.00"," 99.95"," 99.95"," 98.44"," 16800"," 16.54"," 21"," 11200"," 66.67"
TCPLPACK," EQ"," 02-Jan-2026"," 3041.40"," 3036.80"," 3052.80"," 2999.50"," 3000.60"," 3006.00"," 3021.50"," 1687"," 50.97"," 476"," 1217"," 72.14"
TCS," EQ"," 02-Jan-2026"," 3227.40"," 3234.00"," 3254.30"," 3219.50"," 3245.70"," 3250.70"," 3241.10"," 1184324"," 38385.17"," 63356"," 743388"," 62.77"
TDPOWERSYS," EQ"," 02-Jan-2026"," 673.75"," 677.95"," 689.65"," 674.25"," 685.00"," 684.75"," 679.98"," 473248"," 3218.01"," 19476"," 242381"," 51.22"
TEAMGTY," EQ"," 02-Jan-2026"," 292.65"," 300.90"," 303.00"," 285.00"," 295.00"," 293.65"," 294.72"," 935"," 2.76"," 81"," 478"," 51.12"
TEAMLEASE," EQ"," 02-Jan-2026"," 1565.30"," 1557.00"," 1586.80"," 1557.00"," 1576.50"," 1575.00"," 1575.85"," 7716"," 121.59"," 1647"," 3553"," 46.05"
TECH," EQ"," 02-Jan-2026"," 41.02"," 42.04"," 42.04"," 40.97"," 41.32"," 41.26"," 41.22"," 21789"," 8.98"," 166"," 16925"," 77.68"
TECHD," ST"," 02-Jan-2026"," 621.10"," 625.95"," 625.95"," 609.00"," 609.00"," 609.00"," 619.56"," 45000"," 278.80"," 45"," 44400"," 98.67"
TECHERA," ST"," 02-Jan-2026"," 212.40"," 212.10"," 214.90"," 206.45"," 210.00"," 209.75"," 210.83"," 85600"," 180.47"," 82"," 74400"," 86.92"
TECHLABS," SM"," 02-Jan-2026"," 326.20"," 326.20"," 326.45"," 315.00"," 322.80"," 322.35"," 320.10"," 8750"," 28.01"," 65"," 5875"," 67.14"
TECHM," EQ"," 02-Jan-2026"," 1607.70"," 1611.00"," 1619.10"," 1601.90"," 1612.20"," 1612.00"," 1611.82"," 637080"," 10268.61"," 32770"," 330059"," 51.81"
TECHNOE," EQ"," 02-Jan-2026"," 1064.40"," 1070.30"," 1119.80"," 1065.20"," 1113.00"," 1111.30"," 1101.39"," 219659"," 2419.30"," 19892"," 86279"," 39.28"
TECILCHEM," EQ"," 02-Jan-2026"," 20.00"," 18.68"," 19.54"," 18.53"," 19.19"," 18.73"," 18.67"," 2253"," 0.42"," 39"," 1870"," 83.00"
TEGA," EQ"," 02-Jan-2026"," 1949.80"," 1963.00"," 1977.50"," 1943.00"," 1945.00"," 1950.20"," 1960.01"," 59225"," 1160.81"," 5848"," 35179"," 59.40"
TEJASCARGO," SM"," 02-Jan-2026"," 300.00"," 300.00"," 300.25"," 300.00"," 300.25"," 300.05"," 300.06"," 9600"," 28.81"," 11"," 7200"," 75.00"
TEJASNET," EQ"," 02-Jan-2026"," 452.10"," 452.10"," 456.35"," 448.80"," 454.50"," 453.25"," 452.47"," 453292"," 2051.01"," 14373"," 194677"," 42.95"
TEMBO," EQ"," 02-Jan-2026"," 578.85"," 567.00"," 607.75"," 567.00"," 607.75"," 607.75"," 593.57"," 1285253"," 7628.86"," 9927"," 760801"," 59.19"
TENNIND," EQ"," 02-Jan-2026"," 505.00"," 509.00"," 549.00"," 507.80"," 545.00"," 543.95"," 536.27"," 6677506"," 35809.38"," 150175"," 2001026"," 29.97"
TERASOFT," BE"," 02-Jan-2026"," 398.95"," 393.25"," 418.85"," 393.25"," 418.85"," 418.85"," 406.58"," 15187"," 61.75"," 289"," -"," -"
TEXINFRA," EQ"," 02-Jan-2026"," 99.84"," 99.66"," 101.34"," 99.00"," 100.04"," 99.77"," 100.04"," 95188"," 95.23"," 2124"," 51007"," 53.59"
TEXMOPIPES," EQ"," 02-Jan-2026"," 48.86"," 49.10"," 49.50"," 48.50"," 49.30"," 49.15"," 49.07"," 19180"," 9.41"," 329"," 10253"," 53.46"
TEXRAIL," EQ"," 02-Jan-2026"," 136.65"," 137.40"," 138.70"," 136.70"," 138.65"," 138.18"," 137.88"," 1216297"," 1676.97"," 11917"," 519098"," 42.68"
TFCILTD," EQ"," 02-Jan-2026"," 69.05"," 69.70"," 71.15"," 55.24"," 55.24"," 55.24"," 59.19"," 41130902"," 24344.88"," 59920"," 21392655"," 52.01"
TFL," EQ"," 02-Jan-2026"," 15.38"," 15.88"," 16.55"," 15.39"," 16.30"," 16.10"," 15.86"," 118570"," 18.81"," 526"," 53580"," 45.19"
TGBHOTELS," EQ"," 02-Jan-2026"," 9.74"," 9.75"," 9.90"," 9.51"," 9.78"," 9.59"," 9.62"," 42789"," 4.12"," 121"," 36021"," 84.18"
TGL," ST"," 02-Jan-2026"," 76.65"," 78.15"," 78.15"," 78.15"," 78.15"," 78.15"," 78.15"," 37000"," 28.92"," 97"," 37000"," 100.00"
THANGAMAYL," EQ"," 02-Jan-2026"," 3259.60"," 3239.60"," 3251.30"," 3175.50"," 3220.00"," 3229.50"," 3206.36"," 62317"," 1998.10"," 9656"," 34148"," 54.80"
THEINVEST," EQ"," 02-Jan-2026"," 117.01"," 118.31"," 119.64"," 116.11"," 117.00"," 116.96"," 117.43"," 6003"," 7.05"," 191"," 4746"," 79.06"
THEJO," EQ"," 02-Jan-2026"," 1729.50"," 1726.30"," 1727.60"," 1690.00"," 1692.20"," 1703.00"," 1706.57"," 7020"," 119.80"," 817"," 5145"," 73.29"
THELEELA," EQ"," 02-Jan-2026"," 434.65"," 434.65"," 451.00"," 433.95"," 444.85"," 445.15"," 443.38"," 477180"," 2115.71"," 21383"," 301401"," 63.16"
THEMISMED," EQ"," 02-Jan-2026"," 99.83"," 101.00"," 103.94"," 100.00"," 102.99"," 102.53"," 102.07"," 42854"," 43.74"," 1325"," 22356"," 52.17"
THERMAX," EQ"," 02-Jan-2026"," 3063.40"," 3065.90"," 3070.20"," 3007.00"," 3025.00"," 3025.90"," 3025.58"," 65999"," 1996.85"," 11166"," 39404"," 59.70"
THESL," SM"," 02-Jan-2026"," 27.30"," 27.30"," 27.30"," 27.30"," 27.30"," 27.30"," 27.30"," 3000"," 0.82"," 1"," 3000"," 100.00"
THOMASCOOK," EQ"," 02-Jan-2026"," 148.55"," 148.10"," 148.69"," 143.81"," 145.45"," 144.98"," 145.15"," 466209"," 676.69"," 5539"," 261580"," 56.11"
THOMASCOTT," EQ"," 02-Jan-2026"," 351.30"," 357.80"," 364.95"," 343.15"," 352.20"," 358.70"," 355.16"," 21054"," 74.78"," 1493"," 10820"," 51.39"
THYROCARE," EQ"," 02-Jan-2026"," 446.70"," 448.80"," 463.70"," 445.00"," 457.00"," 459.20"," 458.76"," 327533"," 1502.60"," 17914"," 155539"," 47.49"
TI," EQ"," 02-Jan-2026"," 454.80"," 454.00"," 464.95"," 454.00"," 459.85"," 459.00"," 460.73"," 400357"," 1844.58"," 13181"," 184919"," 46.19"
TICL," BE"," 02-Jan-2026"," 24.22"," 24.65"," 24.90"," 23.65"," 24.70"," 24.29"," 24.07"," 43952"," 10.58"," 121"," -"," -"
TIGERLOGS," EQ"," 02-Jan-2026"," 36.38"," 37.00"," 37.00"," 36.14"," 36.30"," 36.53"," 36.40"," 33470"," 12.18"," 487"," 21436"," 64.05"
TIIL," EQ"," 02-Jan-2026"," 2254.20"," 2245.20"," 2290.20"," 2221.20"," 2280.00"," 2282.40"," 2261.34"," 6897"," 155.96"," 1729"," 4192"," 60.78"
TIINDIA," EQ"," 02-Jan-2026"," 2622.90"," 2623.10"," 2630.30"," 2583.70"," 2604.90"," 2597.70"," 2596.58"," 273237"," 7094.82"," 35074"," 192230"," 70.35"
TIJARIA," EQ"," 02-Jan-2026"," 4.35"," 4.48"," 4.55"," 4.27"," 4.34"," 4.33"," 4.37"," 184686"," 8.06"," 363"," 161614"," 87.51"
TIL," EQ"," 02-Jan-2026"," 271.40"," 272.45"," 276.90"," 270.15"," 272.00"," 272.40"," 273.72"," 7633"," 20.89"," 213"," 5439"," 71.26"
TIMESCAN," SM"," 02-Jan-2026"," 48.60"," 47.55"," 49.90"," 47.55"," 49.90"," 49.90"," 48.73"," 8000"," 3.90"," 3"," 4000"," 50.00"
TIMETECHNO," EQ"," 02-Jan-2026"," 188.42"," 192.90"," 199.40"," 190.18"," 196.70"," 196.48"," 195.07"," 6450616"," 12583.21"," 64277"," 1046709"," 16.23"
TIMKEN," EQ"," 02-Jan-2026"," 3041.20"," 3041.20"," 3060.00"," 3021.80"," 3059.10"," 3052.60"," 3049.10"," 34058"," 1038.46"," 6380"," 28558"," 83.85"
TINNARUBR," EQ"," 02-Jan-2026"," 779.35"," 779.50"," 789.50"," 776.05"," 789.25"," 784.00"," 782.48"," 11004"," 86.10"," 1314"," 7590"," 68.97"
TIPSFILMS," EQ"," 02-Jan-2026"," 428.30"," 424.45"," 436.20"," 424.45"," 435.00"," 431.35"," 430.49"," 1490"," 6.41"," 129"," 826"," 55.44"
TIPSMUSIC," EQ"," 02-Jan-2026"," 544.50"," 543.65"," 555.00"," 539.05"," 551.00"," 551.65"," 548.81"," 91921"," 504.47"," 5695"," 46415"," 50.49"
TIRUMALCHM," EQ"," 02-Jan-2026"," 233.94"," 234.00"," 241.25"," 232.41"," 235.00"," 235.37"," 237.96"," 227305"," 540.90"," 3188"," 89666"," 39.45"
TIRUPATI," ST"," 02-Jan-2026"," 714.00"," 698.00"," 698.00"," 698.00"," 698.00"," 698.00"," 698.00"," 2875"," 20.07"," 12"," 2875"," 100.00"
TIRUPATIFL," EQ"," 02-Jan-2026"," 34.66"," 34.86"," 36.60"," 34.65"," 36.40"," 36.27"," 35.88"," 594539"," 213.30"," 2227"," 378923"," 63.73"
TITAGARH," EQ"," 02-Jan-2026"," 881.75"," 885.00"," 891.90"," 881.30"," 891.80"," 890.35"," 887.60"," 526313"," 4671.55"," 15589"," 157254"," 29.88"
TITAN," EQ"," 02-Jan-2026"," 4049.30"," 4039.00"," 4060.00"," 3986.20"," 4050.30"," 4051.70"," 4038.19"," 659997"," 26651.90"," 49671"," 391894"," 59.38"
TMB," EQ"," 02-Jan-2026"," 518.40"," 525.00"," 538.00"," 521.80"," 530.00"," 527.80"," 530.20"," 265295"," 1406.58"," 12085"," 116753"," 44.01"
TMCV," EQ"," 02-Jan-2026"," 427.75"," 433.10"," 448.00"," 432.75"," 442.25"," 442.25"," 440.66"," 15267178"," 67275.82"," 306582"," 7490913"," 49.07"
TMPV," EQ"," 02-Jan-2026"," 367.55"," 369.20"," 372.90"," 368.55"," 370.35"," 370.35"," 370.71"," 7077536"," 26236.81"," 109207"," 3587957"," 50.70"
TNIDETF," EQ"," 02-Jan-2026"," 98.87"," 100.80"," 100.80"," 97.30"," 99.85"," 99.13"," 98.68"," 113335"," 111.84"," 737"," 47626"," 42.02"
TNPETRO," EQ"," 02-Jan-2026"," 105.14"," 106.20"," 106.20"," 104.89"," 105.80"," 105.72"," 105.54"," 123201"," 130.03"," 3031"," 65015"," 52.77"
TNPL," EQ"," 02-Jan-2026"," 142.73"," 142.11"," 148.34"," 142.11"," 145.37"," 146.13"," 144.22"," 55415"," 79.92"," 837"," 39654"," 71.56"
TNTELE," EQ"," 02-Jan-2026"," 10.12"," 10.00"," 10.49"," 10.00"," 10.22"," 10.08"," 10.13"," 8959"," 0.91"," 122"," 6733"," 75.15"
TOKYOPLAST," EQ"," 02-Jan-2026"," 111.00"," 113.00"," 113.00"," 109.02"," 110.00"," 111.97"," 111.41"," 1459"," 1.63"," 100"," 830"," 56.89"
TOLINS," EQ"," 02-Jan-2026"," 133.76"," 133.75"," 143.85"," 132.60"," 139.00"," 139.11"," 138.80"," 239670"," 332.66"," 6926"," 97678"," 40.76"
TOP100CASE," EQ"," 02-Jan-2026"," 11.15"," 11.48"," 11.48"," 11.10"," 11.25"," 11.23"," 11.21"," 992486"," 111.29"," 1714"," 912747"," 91.97"
TOP10ADD," EQ"," 02-Jan-2026"," 101.27"," 100.67"," 101.51"," 100.67"," 101.48"," 101.46"," 101.37"," 73984"," 75.00"," 542"," 60791"," 82.17"
TOP15IETF," EQ"," 02-Jan-2026"," 11.03"," 11.05"," 11.10"," 11.02"," 11.10"," 11.09"," 11.07"," 61990"," 6.87"," 158"," 61399"," 99.05"
TOP20," EQ"," 02-Jan-2026"," 9.66"," 9.90"," 9.90"," 9.68"," 9.73"," 9.72"," 9.72"," 23223"," 2.26"," 60"," 20908"," 90.03"
TORNTPHARM," EQ"," 02-Jan-2026"," 3848.40"," 3856.70"," 3891.20"," 3821.00"," 3871.60"," 3885.30"," 3871.45"," 57479"," 2225.27"," 11583"," 30321"," 52.75"
TORNTPOWER," EQ"," 02-Jan-2026"," 1327.00"," 1324.00"," 1407.00"," 1324.00"," 1400.60"," 1399.40"," 1384.78"," 1781418"," 24668.79"," 70076"," 786873"," 44.17"
TOTAL," EQ"," 02-Jan-2026"," 77.46"," 78.99"," 78.99"," 76.50"," 77.00"," 76.74"," 77.28"," 6852"," 5.30"," 225"," 3606"," 52.63"
TOUCHWOOD," EQ"," 02-Jan-2026"," 105.98"," 105.00"," 110.00"," 103.50"," 104.14"," 105.74"," 107.56"," 8432"," 9.07"," 118"," 5940"," 70.45"
TPHQ," EQ"," 02-Jan-2026"," 0.61"," 0.61"," 0.64"," 0.61"," 0.64"," 0.64"," 0.63"," 3196389"," 20.28"," 780"," 2085661"," 65.25"
TPLPLASTEH," EQ"," 02-Jan-2026"," 66.27"," 66.31"," 68.00"," 65.55"," 66.49"," 66.00"," 66.53"," 112583"," 74.91"," 1213"," 42209"," 37.49"
TRACXN," EQ"," 02-Jan-2026"," 39.95"," 39.75"," 40.88"," 39.51"," 40.88"," 40.53"," 40.22"," 90950"," 36.58"," 1432"," 45816"," 50.37"
TRANSRAILL," EQ"," 02-Jan-2026"," 557.35"," 560.00"," 574.85"," 555.55"," 573.90"," 572.20"," 568.66"," 447087"," 2542.41"," 17420"," 186758"," 41.77"
TRANSTEEL," SM"," 02-Jan-2026"," 147.85"," 146.15"," 147.00"," 141.00"," 142.00"," 142.35"," 144.69"," 89000"," 128.77"," 59"," 70000"," 78.65"
TRANSWORLD," EQ"," 02-Jan-2026"," 198.57"," 200.70"," 203.97"," 198.10"," 200.80"," 199.15"," 199.81"," 14367"," 28.71"," 1276"," 3335"," 23.21"
TRAVELFOOD," EQ"," 02-Jan-2026"," 1158.80"," 1166.90"," 1186.90"," 1141.10"," 1180.00"," 1179.60"," 1173.71"," 270168"," 3171.00"," 9524"," 224703"," 83.17"
TREEHOUSE," EQ"," 02-Jan-2026"," 7.95"," 7.79"," 8.20"," 7.72"," 8.02"," 8.15"," 8.10"," 25123"," 2.03"," 236"," 19851"," 79.02"
TREJHARA," BE"," 02-Jan-2026"," 227.44"," 233.98"," 235.00"," 227.66"," 234.85"," 232.86"," 232.38"," 2867"," 6.66"," 74"," -"," -"
TREL," EQ"," 02-Jan-2026"," 28.33"," 28.80"," 28.88"," 27.93"," 28.25"," 28.39"," 28.34"," 113465"," 32.15"," 1061"," 72665"," 64.04"
TRENT," EQ"," 02-Jan-2026"," 4297.40"," 4300.00"," 4437.90"," 4289.60"," 4400.00"," 4409.60"," 4396.28"," 895709"," 39377.83"," 66129"," 344073"," 38.41"
TRF," EQ"," 02-Jan-2026"," 300.25"," 300.05"," 307.00"," 298.05"," 305.00"," 305.55"," 303.65"," 12264"," 37.24"," 738"," 6920"," 56.43"
TRIDENT," EQ"," 02-Jan-2026"," 26.83"," 26.75"," 27.09"," 26.67"," 27.07"," 27.03"," 26.87"," 2603066"," 699.52"," 10694"," 1407202"," 54.06"
TRIDHYA," SM"," 02-Jan-2026"," 15.10"," 14.60"," 14.60"," 14.55"," 14.55"," 14.55"," 14.58"," 6000"," 0.87"," 2"," 6000"," 100.00"
TRIGYN," EQ"," 02-Jan-2026"," 66.81"," 66.50"," 68.00"," 66.50"," 68.00"," 67.23"," 67.22"," 22377"," 15.04"," 370"," 13935"," 62.27"
TRITURBINE," EQ"," 02-Jan-2026"," 537.30"," 537.30"," 542.00"," 532.00"," 540.00"," 540.80"," 538.42"," 164120"," 883.66"," 9917"," 83775"," 51.04"
TRIVENI," EQ"," 02-Jan-2026"," 381.85"," 381.80"," 384.95"," 378.50"," 381.75"," 381.20"," 381.01"," 308356"," 1174.85"," 9957"," 188936"," 61.27"
TROM," SM"," 02-Jan-2026"," 72.50"," 71.85"," 72.35"," 71.85"," 72.15"," 72.15"," 72.15"," 3600"," 2.60"," 6"," 3000"," 83.33"
TRU," EQ"," 02-Jan-2026"," 7.99"," 8.38"," 8.38"," 8.38"," 8.38"," 8.38"," 8.38"," 64646"," 5.42"," 65"," 63646"," 98.45"
TRUALT," EQ"," 02-Jan-2026"," 400.30"," 399.95"," 417.45"," 397.50"," 410.00"," 411.15"," 410.53"," 256525"," 1053.12"," 4998"," 135384"," 52.78"
TRUST," ST"," 02-Jan-2026"," 48.10"," 48.10"," 49.00"," 47.00"," 49.00"," 49.00"," 47.58"," 15600"," 7.42"," 16"," 13200"," 84.62"
TSC," SM"," 02-Jan-2026"," 49.00"," 49.00"," 49.00"," 48.95"," 49.00"," 49.00"," 48.99"," 16000"," 7.84"," 8"," 16000"," 100.00"
TSFINV," EQ"," 02-Jan-2026"," 449.00"," 450.00"," 472.00"," 450.00"," 464.00"," 458.90"," 462.26"," 103656"," 479.16"," 6433"," 50364"," 48.59"
TTKHLTCARE," EQ"," 02-Jan-2026"," 1026.80"," 1033.40"," 1035.80"," 1025.00"," 1027.00"," 1028.50"," 1028.95"," 3205"," 32.98"," 789"," 2122"," 66.21"
TTKPRESTIG," EQ"," 02-Jan-2026"," 615.10"," 618.30"," 618.30"," 610.05"," 616.70"," 614.20"," 613.78"," 14916"," 91.55"," 1839"," 10037"," 67.29"
TTL," EQ"," 02-Jan-2026"," 8.43"," 8.57"," 8.57"," 8.36"," 8.42"," 8.42"," 8.46"," 157099"," 13.29"," 469"," 111136"," 70.74"
TTML," EQ"," 02-Jan-2026"," 49.56"," 49.80"," 49.98"," 49.28"," 49.91"," 49.79"," 49.64"," 1549654"," 769.19"," 8323"," 675175"," 43.57"
TUNWAL," SM"," 02-Jan-2026"," 38.10"," 38.00"," 38.05"," 35.90"," 36.10"," 36.05"," 36.68"," 138000"," 50.62"," 58"," 116000"," 84.06"
TVSELECT," BE"," 02-Jan-2026"," 437.05"," 445.75"," 445.75"," 445.75"," 445.75"," 445.75"," 445.75"," 4767"," 21.25"," 126"," -"," -"
TVSHLTD," EQ"," 02-Jan-2026"," 13921.00"," 13900.00"," 14769.00"," 13840.00"," 14546.00"," 14626.00"," 14493.32"," 10113"," 1465.71"," 4367"," 3865"," 38.22"
TVSMOTOR," EQ"," 02-Jan-2026"," 3794.40"," 3843.00"," 3897.50"," 3825.70"," 3874.50"," 3847.80"," 3860.86"," 1002294"," 38697.17"," 71669"," 274218"," 27.36"
TVSSCS," EQ"," 02-Jan-2026"," 114.22"," 115.00"," 115.05"," 112.70"," 114.53"," 114.27"," 113.88"," 389857"," 443.98"," 6318"," 209591"," 53.76"
TVSSRICHAK," EQ"," 02-Jan-2026"," 4336.60"," 4370.00"," 4370.00"," 4305.00"," 4350.00"," 4343.90"," 4335.73"," 2578"," 111.78"," 784"," 1480"," 57.41"
TVTODAY," EQ"," 02-Jan-2026"," 141.38"," 141.20"," 141.99"," 140.02"," 141.00"," 140.58"," 141.02"," 50238"," 70.85"," 652"," 43736"," 87.06"
TVVISION," BE"," 02-Jan-2026"," 8.27"," 7.86"," 7.86"," 7.86"," 7.86"," 7.86"," 7.86"," 38898"," 3.06"," 96"," -"," -"
TWCGOLDETF," EQ"," 02-Jan-2026"," 138.24"," 134.24"," 134.24"," 130.43"," 131.30"," 131.55"," 131.61"," 115512"," 152.02"," 335"," 110217"," 95.42"
UBL," EQ"," 02-Jan-2026"," 1608.10"," 1601.10"," 1607.00"," 1588.00"," 1604.10"," 1596.40"," 1594.81"," 69176"," 1103.23"," 8208"," 37128"," 53.67"
UCAL," EQ"," 02-Jan-2026"," 108.95"," 109.00"," 112.20"," 109.00"," 110.01"," 110.84"," 110.30"," 5398"," 5.95"," 123"," 4317"," 79.97"
UCOBANK," EQ"," 02-Jan-2026"," 29.53"," 29.55"," 30.70"," 29.55"," 30.62"," 30.51"," 30.23"," 14230336"," 4301.58"," 27596"," 5504565"," 38.68"
UDS," EQ"," 02-Jan-2026"," 193.51"," 194.00"," 195.78"," 190.45"," 191.30"," 191.27"," 193.00"," 158417"," 305.74"," 4895"," 86079"," 54.34"
UFBL," EQ"," 02-Jan-2026"," 216.92"," 216.00"," 218.22"," 209.01"," 215.85"," 216.11"," 215.38"," 124029"," 267.14"," 2177"," 81322"," 65.57"
UFLEX," EQ"," 02-Jan-2026"," 498.55"," 500.05"," 501.15"," 497.00"," 498.00"," 498.60"," 498.71"," 19393"," 96.72"," 776"," 14194"," 73.19"
UFO," EQ"," 02-Jan-2026"," 83.40"," 84.00"," 84.00"," 81.00"," 82.49"," 81.77"," 82.04"," 101763"," 83.49"," 2006"," 52967"," 52.05"
UGARSUGAR," EQ"," 02-Jan-2026"," 41.93"," 41.93"," 42.00"," 41.50"," 41.95"," 41.72"," 41.77"," 156811"," 65.51"," 1345"," 100665"," 64.20"
UGROCAP," EQ"," 02-Jan-2026"," 182.43"," 181.00"," 181.35"," 175.40"," 176.94"," 176.58"," 177.17"," 231157"," 409.54"," 4589"," 140501"," 60.78"
UHTL," SM"," 02-Jan-2026"," 56.50"," 56.75"," 56.75"," 54.70"," 54.90"," 55.10"," 55.54"," 74000"," 41.10"," 31"," 62000"," 83.78"
UJJIVANSFB," EQ"," 02-Jan-2026"," 53.40"," 53.40"," 56.14"," 53.40"," 55.76"," 55.71"," 55.39"," 16359812"," 9061.07"," 62255"," 8903691"," 54.42"
ULTRACEMCO," EQ"," 02-Jan-2026"," 11901.00"," 11903.00"," 11970.00"," 11821.00"," 11920.00"," 11899.00"," 11886.33"," 206244"," 24514.84"," 26997"," 134012"," 64.98"
UMA," SM"," 02-Jan-2026"," 20.00"," 19.65"," 19.65"," 19.65"," 19.65"," 19.65"," 19.65"," 4000"," 0.79"," 1"," 4000"," 100.00"
UMAEXPORTS," EQ"," 02-Jan-2026"," 39.11"," 39.31"," 40.89"," 39.06"," 39.22"," 39.62"," 40.09"," 212654"," 85.25"," 806"," 27360"," 12.87"
UMESLTD," EQ"," 02-Jan-2026"," 4.96"," 4.94"," 5.03"," 4.91"," 4.99"," 4.98"," 5.00"," 7840"," 0.39"," 72"," 7446"," 94.97"
UMIYA-MRO," EQ"," 02-Jan-2026"," 87.59"," 87.11"," 88.57"," 87.10"," 88.25"," 87.62"," 87.77"," 2395"," 2.10"," 56"," 2217"," 92.57"
UNICHEMLAB," EQ"," 02-Jan-2026"," 439.90"," 442.00"," 443.85"," 439.20"," 441.00"," 441.80"," 441.88"," 4086"," 18.06"," 333"," 2230"," 54.58"
UNIDT," EQ"," 02-Jan-2026"," 200.74"," 203.60"," 204.88"," 199.74"," 201.25"," 201.41"," 201.22"," 6020"," 12.11"," 248"," 4258"," 70.73"
UNIECOM," EQ"," 02-Jan-2026"," 118.97"," 120.15"," 122.20"," 118.69"," 121.20"," 121.05"," 120.87"," 159259"," 192.49"," 2326"," 86100"," 54.06"
UNIENTER," EQ"," 02-Jan-2026"," 149.90"," 149.90"," 150.90"," 144.90"," 146.51"," 145.57"," 147.23"," 14216"," 20.93"," 596"," 10273"," 72.26"
UNIHEALTH," ST"," 02-Jan-2026"," 307.00"," 307.00"," 314.00"," 307.00"," 312.75"," 311.60"," 311.91"," 30000"," 93.57"," 29"," 27000"," 90.00"
UNIINFO," EQ"," 02-Jan-2026"," 15.80"," 15.80"," 16.28"," 15.75"," 16.28"," 16.24"," 16.09"," 2611"," 0.42"," 41"," 2607"," 99.85"
UNILEX," SM"," 02-Jan-2026"," 37.00"," 37.95"," 39.00"," 37.95"," 39.00"," 39.00"," 38.32"," 4800"," 1.84"," 3"," 4800"," 100.00"
UNIMECH," EQ"," 02-Jan-2026"," 913.40"," 915.00"," 915.00"," 903.55"," 910.15"," 911.05"," 909.11"," 24832"," 225.75"," 2706"," 13653"," 54.98"
UNIONBANK," EQ"," 02-Jan-2026"," 153.58"," 153.99"," 157.10"," 153.92"," 157.00"," 156.70"," 155.97"," 11427490"," 17823.68"," 39517"," 5060293"," 44.28"
UNIONGOLD," EQ"," 02-Jan-2026"," 131.05"," 131.70"," 133.05"," 130.35"," 133.00"," 132.35"," 132.10"," 2008"," 2.65"," 81"," 1758"," 87.55"
UNIPARTS," EQ"," 02-Jan-2026"," 481.45"," 483.00"," 502.50"," 481.00"," 495.15"," 497.05"," 494.49"," 79975"," 395.47"," 4540"," 40117"," 50.16"
UNITDSPR," EQ"," 02-Jan-2026"," 1404.20"," 1404.10"," 1409.60"," 1371.10"," 1381.00"," 1381.60"," 1389.55"," 1986738"," 27606.79"," 48351"," 1308667"," 65.87"
UNITECH," EQ"," 02-Jan-2026"," 6.05"," 5.99"," 6.04"," 5.86"," 6.00"," 5.95"," 5.94"," 3613796"," 214.70"," 3289"," 2472720"," 68.42"
UNITEDPOLY," BE"," 02-Jan-2026"," 26.56"," 27.10"," 27.88"," 26.71"," 27.88"," 27.88"," 27.46"," 143594"," 39.44"," 410"," -"," -"
UNITEDTEA," EQ"," 02-Jan-2026"," 460.50"," 461.05"," 463.45"," 458.00"," 458.00"," 458.10"," 459.91"," 1271"," 5.85"," 109"," 957"," 75.30"
UNIVASTU," EQ"," 02-Jan-2026"," 68.68"," 70.30"," 70.88"," 67.60"," 69.89"," 69.10"," 69.38"," 53522"," 37.13"," 766"," 29333"," 54.81"
UNIVCABLES," EQ"," 02-Jan-2026"," 957.90"," 946.60"," 963.70"," 930.15"," 952.10"," 956.90"," 944.38"," 113000"," 1067.14"," 9967"," 38461"," 34.04"
UNIVPHOTO," EQ"," 02-Jan-2026"," 221.77"," 227.00"," 227.00"," 211.50"," 224.80"," 223.97"," 221.23"," 3458"," 7.65"," 375"," 2347"," 67.87"
UNOMINDA," EQ"," 02-Jan-2026"," 1286.70"," 1293.00"," 1322.90"," 1287.00"," 1322.20"," 1321.20"," 1313.52"," 1732882"," 22761.80"," 30824"," 1246443"," 71.93"
UPL," EQ"," 02-Jan-2026"," 805.35"," 806.95"," 812.20"," 797.30"," 804.00"," 804.65"," 804.01"," 4562526"," 36683.23"," 62163"," 3106546"," 68.09"
URAVIDEF," EQ"," 02-Jan-2026"," 180.93"," 188.00"," 189.97"," 180.00"," 183.00"," 188.99"," 186.96"," 5980"," 11.18"," 215"," 4564"," 76.32"
URBAN," SM"," 02-Jan-2026"," 149.10"," 149.50"," 153.00"," 148.20"," 152.00"," 152.45"," 151.58"," 14400"," 21.83"," 14"," 10400"," 72.22"
URBANCO," EQ"," 02-Jan-2026"," 131.35"," 131.35"," 133.69"," 130.20"," 132.32"," 132.70"," 132.49"," 2011965"," 2665.68"," 14693"," 665682"," 33.09"
URJA," EQ"," 02-Jan-2026"," 11.25"," 11.42"," 11.42"," 11.20"," 11.39"," 11.37"," 11.31"," 1221404"," 138.10"," 3587"," 604481"," 49.49"
USASEEDS," SM"," 02-Jan-2026"," 151.05"," 151.05"," 151.05"," 144.00"," 151.00"," 151.00"," 148.68"," 1284"," 1.91"," 3"," 1284"," 100.00"
USHAFIN," SM"," 02-Jan-2026"," 42.05"," 42.05"," 42.05"," 42.05"," 42.05"," 42.05"," 42.05"," 1600"," 0.67"," 1"," 1600"," 100.00"
USHAMART," EQ"," 02-Jan-2026"," 443.90"," 446.00"," 453.70"," 443.65"," 451.95"," 451.30"," 449.17"," 273938"," 1230.46"," 11428"," 126353"," 46.12"
USK," EQ"," 02-Jan-2026"," 23.55"," 23.55"," 23.99"," 23.21"," 23.84"," 23.82"," 23.65"," 12779"," 3.02"," 353"," 9629"," 75.35"
UTIAMC," EQ"," 02-Jan-2026"," 1115.30"," 1115.30"," 1132.10"," 1110.00"," 1124.90"," 1127.70"," 1124.78"," 85318"," 959.64"," 10704"," 50297"," 58.95"
UTKARSHBNK," EQ"," 02-Jan-2026"," 14.74"," 14.76"," 15.40"," 14.72"," 15.30"," 15.33"," 15.14"," 12397855"," 1877.21"," 11068"," 5636093"," 45.46"
UTLSOLAR," EQ"," 02-Jan-2026"," 223.41"," 221.50"," 228.80"," 221.50"," 224.45"," 224.71"," 226.27"," 1244974"," 2817.00"," 22665"," 741343"," 59.55"
UTSSAV," SM"," 02-Jan-2026"," 222.90"," 224.00"," 226.00"," 221.00"," 225.00"," 225.00"," 223.69"," 17400"," 38.92"," 27"," 12000"," 68.97"
UTTAMSUGAR," EQ"," 02-Jan-2026"," 251.30"," 252.20"," 254.85"," 251.00"," 253.20"," 253.20"," 252.61"," 27188"," 68.68"," 946"," 14772"," 54.33"
UYFINCORP," BE"," 02-Jan-2026"," 14.07"," 14.43"," 14.50"," 13.97"," 14.09"," 14.06"," 14.16"," 80228"," 11.36"," 155"," -"," -"
V2RETAIL," EQ"," 02-Jan-2026"," 2449.70"," 2450.00"," 2476.80"," 2395.00"," 2440.00"," 2438.50"," 2423.80"," 68531"," 1661.05"," 7077"," 36285"," 52.95"
VADILALIND," EQ"," 02-Jan-2026"," 4916.10"," 4888.00"," 4937.00"," 4850.00"," 4870.00"," 4861.70"," 4875.81"," 6194"," 302.01"," 1660"," 3673"," 59.30"
VAIBHAVGBL," EQ"," 02-Jan-2026"," 239.83"," 238.40"," 240.69"," 237.01"," 238.39"," 237.86"," 238.59"," 130135"," 310.48"," 4706"," 75395"," 57.94"
VAISHALI," EQ"," 02-Jan-2026"," 8.54"," 8.74"," 8.95"," 8.55"," 8.65"," 8.74"," 8.74"," 316046"," 27.62"," 648"," 182745"," 57.82"
VAKRANGEE," EQ"," 02-Jan-2026"," 7.95"," 8.05"," 8.05"," 7.89"," 8.00"," 7.99"," 7.97"," 1630779"," 130.05"," 2894"," 1023577"," 62.77"
VAL30IETF," EQ"," 02-Jan-2026"," 15.04"," 15.06"," 15.32"," 15.06"," 15.29"," 15.30"," 15.25"," 253407"," 38.64"," 587"," 180740"," 71.32"
VALIANTLAB," EQ"," 02-Jan-2026"," 68.78"," 68.30"," 71.74"," 67.56"," 69.00"," 69.39"," 69.50"," 58535"," 40.68"," 1929"," 29045"," 49.62"
VALIANTORG," EQ"," 02-Jan-2026"," 271.15"," 271.25"," 284.00"," 270.20"," 278.00"," 278.05"," 278.39"," 24043"," 66.93"," 1159"," 11725"," 48.77"
VARDHACRLC," EQ"," 02-Jan-2026"," 39.62"," 40.00"," 40.00"," 38.80"," 39.00"," 38.98"," 39.14"," 18343"," 7.18"," 288"," 15794"," 86.10"
VARDMNPOLY," EQ"," 02-Jan-2026"," 6.26"," 6.38"," 6.38"," 6.20"," 6.21"," 6.23"," 6.28"," 104139"," 6.54"," 436"," 55098"," 52.91"
VARROC," EQ"," 02-Jan-2026"," 607.35"," 607.35"," 621.50"," 602.15"," 610.05"," 610.80"," 610.94"," 183018"," 1118.14"," 9336"," 80428"," 43.95"
VASA," SM"," 02-Jan-2026"," 5.00"," 5.00"," 5.00"," 5.00"," 5.00"," 5.00"," 5.00"," 4000"," 0.20"," 1"," 4000"," 100.00"
VASCONEQ," EQ"," 02-Jan-2026"," 45.33"," 45.60"," 47.29"," 45.50"," 46.54"," 46.65"," 46.70"," 1239061"," 578.61"," 6946"," 470042"," 37.94"
VASWANI," EQ"," 02-Jan-2026"," 60.23"," 61.50"," 61.50"," 60.00"," 60.08"," 60.06"," 60.30"," 111023"," 66.95"," 832"," 72698"," 65.48"
VBL," EQ"," 02-Jan-2026"," 491.75"," 492.45"," 496.95"," 487.00"," 493.50"," 493.80"," 492.72"," 4268299"," 21030.67"," 44580"," 2333341"," 54.67"
VCL," BE"," 02-Jan-2026"," 2.15"," 2.25"," 2.25"," 2.10"," 2.25"," 2.24"," 2.24"," 1403622"," 31.45"," 563"," -"," -"
VEDL," EQ"," 02-Jan-2026"," 602.65"," 604.20"," 618.45"," 603.60"," 616.55"," 616.95"," 612.75"," 9255218"," 56711.74"," 112391"," 3791799"," 40.97"
VEEDOL," EQ"," 02-Jan-2026"," 1630.30"," 1630.30"," 1656.00"," 1629.80"," 1638.40"," 1642.30"," 1643.07"," 5313"," 87.30"," 1079"," 3688"," 69.41"
VELS," SM"," 02-Jan-2026"," 55.50"," 58.00"," 58.00"," 58.00"," 58.00"," 58.00"," 58.00"," 2400"," 1.39"," 2"," 2400"," 100.00"
VENKEYS," EQ"," 02-Jan-2026"," 1573.70"," 1573.70"," 1615.00"," 1557.10"," 1606.00"," 1606.20"," 1597.83"," 79251"," 1266.29"," 7119"," 39228"," 49.50"
VENTIVE," EQ"," 02-Jan-2026"," 744.55"," 744.00"," 758.00"," 729.10"," 752.00"," 748.15"," 746.14"," 104559"," 780.16"," 6207"," 49248"," 47.10"
VENUSPIPES," EQ"," 02-Jan-2026"," 1161.20"," 1165.00"," 1214.90"," 1164.30"," 1205.10"," 1206.80"," 1195.95"," 50688"," 606.21"," 5324"," 19310"," 38.10"
VENUSREM," BE"," 02-Jan-2026"," 760.50"," 758.95"," 788.80"," 745.70"," 780.00"," 779.60"," 773.15"," 24323"," 188.05"," 819"," -"," -"
VERANDA," EQ"," 02-Jan-2026"," 202.52"," 200.00"," 220.00"," 200.00"," 219.35"," 217.46"," 214.58"," 722946"," 1551.33"," 13356"," 256626"," 35.50"
VERTOZ," EQ"," 02-Jan-2026"," 70.39"," 70.39"," 71.68"," 69.52"," 70.00"," 69.80"," 70.24"," 155294"," 109.08"," 1503"," 41100"," 26.47"
VESUVIUS," EQ"," 02-Jan-2026"," 482.35"," 483.00"," 483.30"," 478.85"," 483.00"," 481.45"," 481.42"," 23162"," 111.51"," 1527"," 14537"," 62.76"
VETO," EQ"," 02-Jan-2026"," 112.24"," 111.73"," 116.00"," 111.73"," 116.00"," 114.38"," 113.97"," 20171"," 22.99"," 395"," 15881"," 78.73"
VGINFOTECH," SM"," 02-Jan-2026"," 151.85"," 152.20"," 156.85"," 152.20"," 153.05"," 155.05"," 155.03"," 18000"," 27.91"," 18"," 13000"," 72.22"
VGL," EQ"," 02-Jan-2026"," 143.12"," 146.01"," 157.43"," 142.89"," 151.06"," 152.23"," 150.44"," 74035"," 111.38"," 1160"," 35897"," 48.49"
VGUARD," EQ"," 02-Jan-2026"," 321.45"," 323.05"," 332.40"," 320.85"," 330.95"," 330.75"," 327.79"," 418120"," 1370.54"," 18131"," 146105"," 34.94"
VHL," EQ"," 02-Jan-2026"," 3605.20"," 3555.00"," 3630.00"," 3555.00"," 3627.00"," 3601.70"," 3600.52"," 353"," 12.71"," 124"," 229"," 64.87"
VHLTD," BE"," 02-Jan-2026"," 135.57"," 134.80"," 142.34"," 130.00"," 141.85"," 140.80"," 130.87"," 1679500"," 2198.00"," 976"," -"," -"
VIDHIING," EQ"," 02-Jan-2026"," 339.00"," 340.15"," 342.00"," 333.35"," 339.00"," 337.80"," 338.77"," 2333"," 7.90"," 361"," 1634"," 70.04"
VIDYAWIRES," EQ"," 02-Jan-2026"," 49.98"," 49.46"," 50.40"," 49.30"," 50.20"," 50.13"," 49.75"," 2657776"," 1322.37"," 8733"," 948732"," 35.70"
VIESL," ST"," 02-Jan-2026"," 257.00"," 257.00"," 257.00"," 248.05"," 251.50"," 251.50"," 253.70"," 8000"," 20.30"," 10"," 8000"," 100.00"
VIGOR," SM"," 02-Jan-2026"," 73.00"," 72.00"," 72.00"," 71.25"," 71.55"," 71.55"," 71.58"," 9600"," 6.87"," 6"," 9600"," 100.00"
VIJAYA," EQ"," 02-Jan-2026"," 1042.40"," 1042.40"," 1068.50"," 1033.80"," 1057.00"," 1059.20"," 1052.95"," 138824"," 1461.75"," 18878"," 69509"," 50.07"
VIJAYPD," SM"," 02-Jan-2026"," 42.30"," 42.30"," 42.30"," 42.30"," 42.30"," 42.30"," 42.30"," 12000"," 5.08"," 3"," 12000"," 100.00"
VIJIFIN," EQ"," 02-Jan-2026"," 2.71"," 2.74"," 2.78"," 2.69"," 2.75"," 2.74"," 2.74"," 227216"," 6.23"," 289"," 185957"," 81.84"
VIKASECO," EQ"," 02-Jan-2026"," 1.70"," 1.70"," 1.79"," 1.69"," 1.78"," 1.77"," 1.75"," 2971707"," 52.10"," 2479"," 1718464"," 57.83"
VIKASLIFE," EQ"," 02-Jan-2026"," 1.79"," 1.81"," 2.05"," 1.80"," 1.93"," 1.93"," 1.93"," 8701452"," 168.07"," 17067"," 5195260"," 59.71"
VIKRAMSOLR," EQ"," 02-Jan-2026"," 237.19"," 238.45"," 241.80"," 235.65"," 239.60"," 239.79"," 239.19"," 791574"," 1893.37"," 14581"," 414053"," 52.31"
VIKRAN," EQ"," 02-Jan-2026"," 100.59"," 101.00"," 101.43"," 98.50"," 99.19"," 99.17"," 99.42"," 2835009"," 2818.65"," 13133"," 1056516"," 37.27"
VILAS," SM"," 02-Jan-2026"," 405.80"," 408.00"," 412.00"," 402.00"," 402.00"," 403.60"," 406.51"," 9750"," 39.63"," 38"," 7000"," 71.79"
VILINBIO," SM"," 02-Jan-2026"," 19.95"," 20.90"," 20.90"," 20.90"," 20.90"," 20.90"," 20.90"," 4000"," 0.84"," 1"," 4000"," 100.00"
VIMTALABS," EQ"," 02-Jan-2026"," 601.50"," 603.80"," 612.00"," 600.80"," 609.90"," 610.20"," 606.33"," 68768"," 416.96"," 3645"," 33998"," 49.44"
VINATIORGA," EQ"," 02-Jan-2026"," 1596.60"," 1589.50"," 1604.90"," 1589.50"," 1597.10"," 1601.20"," 1599.08"," 6752"," 107.97"," 1144"," 4363"," 64.62"
VINCOFE," EQ"," 02-Jan-2026"," 160.23"," 161.00"," 162.40"," 159.30"," 159.30"," 160.68"," 161.51"," 1733200"," 2799.29"," 12246"," 581032"," 33.52"
VINDHYATEL," EQ"," 02-Jan-2026"," 1423.00"," 1437.20"," 1437.20"," 1410.00"," 1411.00"," 1417.60"," 1420.94"," 8173"," 116.13"," 927"," 4488"," 54.91"
VINEET-RE," BE"," 02-Jan-2026"," 4.07"," 2.45"," 2.45"," 2.45"," 2.45"," 2.45"," 2.45"," 58492"," 1.43"," 115"," -"," -"
VINEETLAB," EQ"," 02-Jan-2026"," 35.87"," 35.20"," 36.00"," 33.80"," 34.23"," 34.41"," 34.45"," 62693"," 21.60"," 704"," 41778"," 66.64"
VINNY," EQ"," 02-Jan-2026"," 1.24"," 1.25"," 1.30"," 1.23"," 1.27"," 1.26"," 1.26"," 540936"," 6.84"," 298"," 447480"," 82.72"
VINSYS," SM"," 02-Jan-2026"," 355.50"," 355.00"," 362.75"," 355.00"," 362.75"," 361.75"," 360.77"," 8500"," 30.67"," 30"," 7750"," 91.18"
VINYAS," SM"," 02-Jan-2026"," 1125.00"," 1126.00"," 1175.00"," 1126.00"," 1150.00"," 1150.10"," 1154.12"," 6700"," 77.33"," 52"," 6300"," 94.03"
VINYLINDIA," EQ"," 02-Jan-2026"," 239.34"," 239.34"," 243.00"," 239.00"," 240.00"," 240.80"," 241.12"," 5829"," 14.05"," 444"," 3581"," 61.43"
VIPCLOTHNG," EQ"," 02-Jan-2026"," 31.09"," 31.30"," 31.56"," 31.00"," 31.45"," 31.36"," 31.16"," 95660"," 29.80"," 790"," 70354"," 73.55"
VIPIND," EQ"," 02-Jan-2026"," 383.20"," 382.00"," 390.90"," 380.30"," 389.00"," 388.45"," 385.13"," 424494"," 1634.85"," 13176"," 188559"," 44.42"
VIPULLTD," EQ"," 02-Jan-2026"," 12.66"," 12.80"," 12.82"," 11.72"," 11.76"," 11.77"," 12.06"," 564327"," 68.06"," 1511"," 374356"," 66.34"
VIRINCHI," EQ"," 02-Jan-2026"," 23.10"," 23.00"," 24.25"," 22.75"," 23.90"," 23.90"," 23.80"," 84505"," 20.11"," 424"," 67677"," 80.09"
VISAKAIND," EQ"," 02-Jan-2026"," 70.75"," 72.61"," 72.61"," 70.83"," 72.30"," 72.02"," 71.87"," 52226"," 37.54"," 636"," 36376"," 69.65"
VISAMAN," ST"," 02-Jan-2026"," 127.10"," 127.25"," 130.95"," 127.25"," 130.95"," 130.30"," 128.95"," 17000"," 21.92"," 11"," 10000"," 58.82"
VISASTEEL," BE"," 02-Jan-2026"," 54.89"," 55.70"," 55.70"," 52.50"," 52.55"," 52.63"," 52.78"," 33153"," 17.50"," 102"," -"," -"
VISHNU," EQ"," 02-Jan-2026"," 550.50"," 551.30"," 561.20"," 544.10"," 559.90"," 559.90"," 554.50"," 76034"," 421.61"," 3862"," 49909"," 65.64"
VISHNUINFR," SM"," 02-Jan-2026"," 181.00"," 180.00"," 180.00"," 176.70"," 176.70"," 176.70"," 179.46"," 3500"," 6.28"," 7"," 3500"," 100.00"
VISHWARAJ," EQ"," 02-Jan-2026"," 6.80"," 6.80"," 6.96"," 6.78"," 6.93"," 6.92"," 6.88"," 317206"," 21.82"," 869"," 140406"," 44.26"
VITAL," SM"," 02-Jan-2026"," 58.80"," 56.55"," 58.00"," 56.55"," 56.65"," 56.65"," 56.91"," 6000"," 3.41"," 5"," 6000"," 100.00"
VIVIANA," SM"," 02-Jan-2026"," 718.85"," 730.00"," 772.95"," 728.00"," 772.95"," 764.05"," 755.65"," 24800"," 187.40"," 100"," 19800"," 79.84"
VIVIDHA," EQ"," 02-Jan-2026"," 0.62"," 0.63"," 0.64"," 0.62"," 0.64"," 0.63"," 0.63"," 467374"," 2.94"," 333"," 370314"," 79.23"
VIVIMEDLAB," EQ"," 02-Jan-2026"," 16.79"," 15.12"," 15.12"," 15.12"," 15.12"," 15.12"," 15.12"," 9608"," 1.45"," 106"," 9608"," 100.00"
VLEGOV," EQ"," 02-Jan-2026"," 19.38"," 19.38"," 20.10"," 19.38"," 19.60"," 19.83"," 19.72"," 341668"," 67.39"," 1217"," 184005"," 53.85"
VLINFRA," SM"," 02-Jan-2026"," 31.40"," 32.00"," 32.00"," 30.75"," 31.50"," 31.50"," 31.51"," 12000"," 3.78"," 8"," 7500"," 62.50"
VLSFINANCE," EQ"," 02-Jan-2026"," 305.40"," 305.50"," 308.00"," 301.00"," 302.10"," 303.30"," 303.60"," 49020"," 148.82"," 1418"," 28284"," 57.70"
VMARCIND," SM"," 02-Jan-2026"," 674.70"," 687.00"," 689.55"," 655.00"," 675.80"," 672.10"," 670.47"," 37750"," 253.10"," 108"," 22250"," 58.94"
VMART," EQ"," 02-Jan-2026"," 697.85"," 697.85"," 709.00"," 689.45"," 706.00"," 703.20"," 697.37"," 217249"," 1515.03"," 13959"," 134187"," 61.77"
VMM," EQ"," 02-Jan-2026"," 135.81"," 135.95"," 136.95"," 134.50"," 135.60"," 135.95"," 135.99"," 3508100"," 4770.84"," 33482"," 1928474"," 54.97"
VMSTMT," EQ"," 02-Jan-2026"," 54.11"," 54.25"," 55.40"," 53.72"," 54.90"," 54.91"," 54.75"," 127481"," 69.80"," 1555"," 45434"," 35.64"
VOLERCAR," ST"," 02-Jan-2026"," 209.00"," 209.00"," 209.00"," 198.55"," 208.00"," 208.00"," 204.56"," 28800"," 58.91"," 34"," 27200"," 94.44"
VOLTAMP," EQ"," 02-Jan-2026"," 7790.50"," 7790.50"," 7940.00"," 7677.00"," 7880.00"," 7877.00"," 7830.89"," 22419"," 1755.61"," 6297"," 8136"," 36.29"
VOLTAS," EQ"," 02-Jan-2026"," 1384.30"," 1389.00"," 1447.60"," 1386.90"," 1429.50"," 1430.20"," 1426.93"," 1109054"," 15825.42"," 41747"," 272499"," 24.57"
VPRPL," EQ"," 02-Jan-2026"," 50.16"," 50.45"," 51.49"," 49.19"," 50.80"," 50.84"," 50.32"," 11223071"," 5647.35"," 35071"," 1589874"," 14.17"
VRAJ," EQ"," 02-Jan-2026"," 133.63"," 133.64"," 133.66"," 130.06"," 131.80"," 131.72"," 131.39"," 22995"," 30.21"," 622"," 14864"," 64.64"
VRLLOG," EQ"," 02-Jan-2026"," 268.75"," 268.75"," 269.20"," 266.85"," 268.70"," 268.55"," 268.10"," 63540"," 170.35"," 2587"," 37588"," 59.16"
VSSL," EQ"," 02-Jan-2026"," 285.55"," 285.00"," 289.40"," 283.05"," 288.00"," 286.80"," 286.34"," 38073"," 109.02"," 1860"," 17573"," 46.16"
VSTIND," EQ"," 02-Jan-2026"," 255.50"," 254.00"," 254.05"," 248.40"," 252.70"," 251.05"," 250.70"," 652162"," 1634.95"," 36598"," 339393"," 52.04"
VSTL," EQ"," 02-Jan-2026"," 136.60"," 139.34"," 139.34"," 134.01"," 138.64"," 136.63"," 136.43"," 4792"," 6.54"," 293"," 2807"," 58.58"
VSTTILLERS," EQ"," 02-Jan-2026"," 6200.00"," 6249.50"," 6271.00"," 6105.50"," 6115.00"," 6129.50"," 6157.88"," 25066"," 1543.53"," 4952"," 11819"," 47.15"
VTL," EQ"," 02-Jan-2026"," 435.45"," 433.00"," 437.95"," 433.00"," 436.75"," 436.10"," 436.05"," 39890"," 173.94"," 2688"," 20960"," 52.54"
WAAREEENER," EQ"," 02-Jan-2026"," 2955.30"," 2960.00"," 2964.90"," 2847.80"," 2866.00"," 2866.30"," 2875.09"," 1616043"," 46462.63"," 88065"," 712818"," 44.11"
WAAREEINDO," EQ"," 02-Jan-2026"," 536.50"," 538.00"," 548.75"," 509.70"," 509.70"," 512.60"," 528.03"," 134295"," 709.12"," 3045"," 87482"," 65.14"
WAAREERTL," EQ"," 02-Jan-2026"," 967.95"," 969.95"," 979.00"," 960.60"," 974.35"," 976.65"," 972.60"," 197689"," 1922.73"," 13078"," 94735"," 47.92"
WABAG," EQ"," 02-Jan-2026"," 1315.20"," 1313.00"," 1315.00"," 1285.00"," 1296.70"," 1291.60"," 1296.75"," 257441"," 3338.36"," 18922"," 154754"," 60.11"
WAKEFIT," EQ"," 02-Jan-2026"," 186.03"," 184.03"," 184.90"," 178.00"," 178.35"," 179.31"," 180.66"," 256270"," 462.97"," 6876"," 99142"," 38.69"
WALCHANNAG," EQ"," 02-Jan-2026"," 190.76"," 191.90"," 195.80"," 186.91"," 188.00"," 187.96"," 191.29"," 1135061"," 2171.22"," 14663"," 322421"," 28.41"
WANBURY," EQ"," 02-Jan-2026"," 229.92"," 228.25"," 238.00"," 227.70"," 237.90"," 236.01"," 233.99"," 51410"," 120.30"," 1319"," 33046"," 64.28"
WCIL," EQ"," 02-Jan-2026"," 120.13"," 120.00"," 122.00"," 119.30"," 120.57"," 120.17"," 120.30"," 295772"," 355.81"," 2038"," 148565"," 50.23"
WEALTH," EQ"," 02-Jan-2026"," 919.40"," 924.80"," 934.95"," 915.05"," 928.90"," 925.15"," 925.64"," 1180"," 10.92"," 301"," 735"," 62.29"
WEBELSOLAR," EQ"," 02-Jan-2026"," 88.35"," 88.49"," 89.90"," 86.84"," 89.90"," 88.48"," 88.14"," 3377448"," 2976.81"," 14334"," 1189038"," 35.21"
WEIZMANIND," EQ"," 02-Jan-2026"," 94.10"," 95.00"," 96.50"," 95.00"," 96.50"," 96.49"," 95.66"," 2954"," 2.83"," 43"," 2474"," 83.75"
WEL," EQ"," 02-Jan-2026"," 151.28"," 150.60"," 155.99"," 146.00"," 154.00"," 153.75"," 154.07"," 124278"," 191.47"," 1969"," 72080"," 58.00"
WELCORP," EQ"," 02-Jan-2026"," 799.35"," 800.00"," 807.85"," 800.00"," 806.30"," 806.35"," 805.19"," 151818"," 1222.42"," 10417"," 80783"," 53.21"
WELENT," EQ"," 02-Jan-2026"," 514.45"," 513.00"," 513.00"," 508.05"," 510.50"," 509.95"," 509.89"," 37816"," 192.82"," 2445"," 19705"," 52.11"
WELINV," EQ"," 02-Jan-2026"," 1342.80"," 1368.70"," 1368.70"," 1305.00"," 1305.00"," 1309.70"," 1325.86"," 1784"," 23.65"," 232"," 628"," 35.20"
WELSPUNLIV," EQ"," 02-Jan-2026"," 132.05"," 133.00"," 133.50"," 131.31"," 133.15"," 132.42"," 132.12"," 980366"," 1295.23"," 9610"," 585229"," 59.69"
WENDT," EQ"," 02-Jan-2026"," 7790.50"," 7770.00"," 7907.00"," 7770.00"," 7899.50"," 7860.50"," 7838.16"," 9070"," 710.92"," 3502"," 5254"," 57.93"
WESTLIFE," EQ"," 02-Jan-2026"," 538.55"," 538.55"," 545.00"," 528.90"," 542.90"," 538.65"," 535.41"," 57944"," 310.24"," 4814"," 23928"," 41.30"
WEWIN," BE"," 02-Jan-2026"," 46.00"," 46.00"," 46.00"," 45.06"," 46.00"," 45.96"," 45.55"," 737"," 0.34"," 17"," -"," -"
WEWORK," EQ"," 02-Jan-2026"," 608.45"," 608.00"," 624.95"," 601.10"," 612.25"," 618.55"," 614.57"," 140571"," 863.91"," 11118"," 79437"," 56.51"
WHEELS," EQ"," 02-Jan-2026"," 864.85"," 860.00"," 889.70"," 860.00"," 885.00"," 884.70"," 882.65"," 86909"," 767.11"," 6362"," 61411"," 70.66"
WHIRLPOOL," EQ"," 02-Jan-2026"," 890.35"," 891.40"," 910.80"," 884.45"," 901.10"," 904.55"," 899.95"," 453052"," 4077.23"," 21013"," 260261"," 57.45"
WILLAMAGOR," EQ"," 02-Jan-2026"," 30.30"," 30.91"," 31.38"," 30.12"," 31.00"," 31.00"," 30.74"," 6071"," 1.87"," 36"," 3089"," 50.88"
WINDLAS," EQ"," 02-Jan-2026"," 801.70"," 797.70"," 797.70"," 782.05"," 785.05"," 788.90"," 787.27"," 34409"," 270.89"," 3170"," 23694"," 68.86"
WINDMACHIN," EQ"," 02-Jan-2026"," 266.60"," 267.55"," 276.00"," 264.10"," 271.10"," 273.15"," 271.00"," 30378"," 82.32"," 1664"," 17371"," 57.18"
WINNY," SM"," 02-Jan-2026"," 75.50"," 71.00"," 71.00"," 71.00"," 71.00"," 71.00"," 71.00"," 500"," 0.36"," 1"," 500"," 100.00"
WINSOL," SM"," 02-Jan-2026"," 158.65"," 161.90"," 161.90"," 161.30"," 161.35"," 161.30"," 161.46"," 1600"," 2.58"," 4"," 1200"," 75.00"
WIPL," EQ"," 02-Jan-2026"," 149.01"," 145.61"," 149.90"," 145.61"," 147.75"," 146.51"," 146.79"," 4932"," 7.24"," 64"," 3567"," 72.32"
WIPRO," EQ"," 02-Jan-2026"," 267.35"," 267.35"," 272.40"," 266.15"," 269.00"," 269.00"," 269.83"," 8286204"," 22358.67"," 59920"," 4411840"," 53.24"
WOCKPHARMA," EQ"," 02-Jan-2026"," 1422.90"," 1423.00"," 1438.00"," 1401.70"," 1407.90"," 1406.20"," 1414.06"," 455850"," 6446.01"," 18701"," 169475"," 37.18"
WOL3D," ST"," 02-Jan-2026"," 175.00"," 172.05"," 172.05"," 172.05"," 172.05"," 172.05"," 172.05"," 1000"," 1.72"," 1"," 1000"," 100.00"
WOMANCART," SM"," 02-Jan-2026"," 274.10"," 277.95"," 282.75"," 268.25"," 270.00"," 270.10"," 272.86"," 18400"," 50.21"," 45"," 13200"," 71.74"
WONDERLA," EQ"," 02-Jan-2026"," 527.15"," 527.00"," 532.15"," 521.80"," 529.50"," 527.40"," 527.46"," 30364"," 160.16"," 2266"," 18426"," 60.68"
WORTHPERI," EQ"," 02-Jan-2026"," 139.34"," 139.34"," 140.00"," 138.00"," 138.50"," 138.33"," 138.53"," 6022"," 8.34"," 161"," 3726"," 61.87"
WSI," EQ"," 02-Jan-2026"," 90.36"," 92.50"," 93.35"," 89.71"," 93.35"," 92.53"," 91.18"," 179852"," 163.99"," 1481"," 55832"," 31.04"
WSTCSTPAPR," EQ"," 02-Jan-2026"," 416.45"," 412.10"," 424.50"," 412.10"," 419.45"," 419.90"," 418.56"," 70640"," 295.67"," 2753"," 49346"," 69.86"
WTICAB," SM"," 02-Jan-2026"," 137.25"," 137.25"," 137.25"," 134.40"," 136.80"," 136.80"," 135.50"," 6000"," 8.13"," 11"," 4000"," 66.67"
XCHANGING," EQ"," 02-Jan-2026"," 81.37"," 81.20"," 82.45"," 81.19"," 82.40"," 82.11"," 81.74"," 56538"," 46.22"," 825"," 30967"," 54.77"
XELPMOC," BE"," 02-Jan-2026"," 128.44"," 127.10"," 132.89"," 127.10"," 129.50"," 128.28"," 128.99"," 3872"," 4.99"," 60"," -"," -"
XPROINDIA," EQ"," 02-Jan-2026"," 961.55"," 959.10"," 995.00"," 954.05"," 975.50"," 980.05"," 981.31"," 13064"," 128.20"," 1324"," 7510"," 57.49"
XTGLOBAL," EQ"," 02-Jan-2026"," 33.57"," 34.20"," 36.99"," 33.81"," 35.95"," 35.68"," 35.61"," 53526"," 19.06"," 738"," 26589"," 49.67"
YASHO," EQ"," 02-Jan-2026"," 1429.90"," 1428.90"," 1448.90"," 1427.60"," 1437.50"," 1439.10"," 1440.19"," 2321"," 33.43"," 489"," 1315"," 56.66"
YASHOPTICS," SM"," 02-Jan-2026"," 122.90"," 122.00"," 123.50"," 118.50"," 118.70"," 118.70"," 120.48"," 8800"," 10.60"," 7"," 7200"," 81.82"
YATHARTH," EQ"," 02-Jan-2026"," 675.20"," 675.40"," 701.00"," 671.00"," 698.75"," 699.45"," 687.22"," 402099"," 2763.32"," 17596"," 185630"," 46.17"
YATRA," EQ"," 02-Jan-2026"," 176.01"," 176.00"," 176.80"," 173.10"," 174.90"," 174.91"," 174.77"," 747811"," 1306.94"," 7614"," 316830"," 42.37"
YCCL," SM"," 02-Jan-2026"," 13.00"," 13.25"," 13.25"," 13.25"," 13.25"," 13.25"," 13.25"," 3000"," 0.40"," 1"," 3000"," 100.00"
YESBANK," EQ"," 02-Jan-2026"," 21.49"," 21.50"," 22.34"," 21.48"," 22.31"," 22.29"," 22.06"," 114890325"," 25344.14"," 89213"," 44749158"," 38.95"
YUDIZ," SM"," 02-Jan-2026"," 26.90"," 27.00"," 27.00"," 26.90"," 26.90"," 26.90"," 26.95"," 3200"," 0.86"," 4"," 3200"," 100.00"
YUKEN," EQ"," 02-Jan-2026"," 896.25"," 901.00"," 903.45"," 882.65"," 885.60"," 885.10"," 888.56"," 1868"," 16.60"," 398"," 1209"," 64.72"
ZAGGLE," EQ"," 02-Jan-2026"," 347.35"," 348.95"," 351.00"," 345.40"," 350.40"," 349.95"," 348.01"," 526741"," 1833.13"," 8721"," 256931"," 48.78"
ZEAL," SM"," 02-Jan-2026"," 93.45"," 93.45"," 93.45"," 93.45"," 93.45"," 93.45"," 93.45"," 600"," 0.56"," 1"," 600"," 100.00"
ZEEL," EQ"," 02-Jan-2026"," 90.48"," 90.70"," 91.30"," 90.22"," 91.10"," 91.12"," 90.67"," 7753613"," 7030.18"," 27687"," 4114953"," 53.07"
ZEELEARN," EQ"," 02-Jan-2026"," 7.20"," 7.20"," 7.43"," 7.19"," 7.42"," 7.38"," 7.34"," 247026"," 18.14"," 849"," 162829"," 65.92"
ZEEMEDIA," EQ"," 02-Jan-2026"," 8.88"," 8.88"," 9.08"," 8.84"," 9.02"," 9.02"," 8.98"," 1395715"," 125.27"," 1746"," 789633"," 56.58"
ZENITHDRUG," SM"," 02-Jan-2026"," 50.40"," 51.00"," 52.90"," 51.00"," 51.10"," 51.10"," 51.77"," 4800"," 2.48"," 6"," 4000"," 83.33"
ZENITHEXPO," EQ"," 02-Jan-2026"," 208.53"," 208.53"," 214.39"," 208.53"," 212.40"," 210.22"," 210.36"," 239"," 0.50"," 20"," 133"," 55.65"
ZENITHSTL," EQ"," 02-Jan-2026"," 7.25"," 7.25"," 7.30"," 7.14"," 7.25"," 7.23"," 7.20"," 53281"," 3.84"," 231"," 37228"," 69.87"
ZENSARTECH," EQ"," 02-Jan-2026"," 701.15"," 704.45"," 705.00"," 698.00"," 699.85"," 699.35"," 700.65"," 127888"," 896.05"," 13077"," 80100"," 62.63"
ZENTEC," EQ"," 02-Jan-2026"," 1356.60"," 1361.80"," 1365.90"," 1355.50"," 1361.50"," 1362.40"," 1361.61"," 110491"," 1504.45"," 7009"," 45040"," 40.76"
ZFCVINDIA," EQ"," 02-Jan-2026"," 14729.00"," 14800.00"," 15100.00"," 14729.00"," 15040.00"," 15040.00"," 14962.23"," 7205"," 1078.03"," 2968"," 2478"," 34.39"
ZIMLAB," EQ"," 02-Jan-2026"," 70.37"," 70.20"," 71.20"," 70.05"," 70.52"," 70.43"," 70.50"," 33270"," 23.46"," 321"," 26420"," 79.41"
ZODIAC," EQ"," 02-Jan-2026"," 301.65"," 308.95"," 309.95"," 299.40"," 305.90"," 304.90"," 305.21"," 23645"," 72.17"," 1248"," 11976"," 50.65"
ZODIACLOTH," EQ"," 02-Jan-2026"," 85.81"," 85.00"," 86.74"," 84.02"," 84.98"," 85.20"," 85.38"," 4696"," 4.01"," 236"," 2775"," 59.09"
ZOTA," EQ"," 02-Jan-2026"," 1520.20"," 1535.00"," 1551.70"," 1512.60"," 1544.70"," 1543.40"," 1537.78"," 42186"," 648.73"," 4630"," 22033"," 52.23"
ZTECH," SM"," 02-Jan-2026"," 655.00"," 674.00"," 674.00"," 652.00"," 667.50"," 659.65"," 664.89"," 77100"," 512.63"," 119"," 52800"," 68.48"
ZUARI," EQ"," 02-Jan-2026"," 329.75"," 331.90"," 342.00"," 326.40"," 338.00"," 337.35"," 334.06"," 470582"," 1572.01"," 10539"," 183763"," 39.05"
ZUARIIND," EQ"," 02-Jan-2026"," 321.90"," 321.90"," 326.20"," 320.75"," 325.55"," 324.45"," 323.99"," 141667"," 458.98"," 3991"," 51576"," 36.41"
ZYDUSLIFE," EQ"," 02-Jan-2026"," 915.05"," 918.85"," 918.85"," 912.00"," 917.95"," 916.90"," 915.71"," 262095"," 2400.03"," 14651"," 158615"," 60.52"
ZYDUSWELL," EQ"," 02-Jan-2026"," 464.25"," 465.50"," 475.25"," 453.50"," 470.00"," 471.50"," 464.30"," 566201"," 2628.86"," 15245"," 169344"," 29.91"
