SYMBOL," SERIES"," DATE1"," PREV_CLOSE"," OPEN_PRICE"," HIGH_PRICE"," LOW_PRICE"," LAST_PRICE"," CLOSE_PRICE"," AVG_PRICE"," TTL_TRD_QNTY"," TURNOVER_LACS"," NO_OF_TRADES"," DELIV_QTY"," DELIV_PER"
1018GS2026," GS"," 13-Aug-2026"," 104.65"," 104.15"," 104.65"," 104.15"," 104.65"," 104.65"," 104.59"," 8"," 0.01"," 4"," 8"," 100.00"
20MICRONS," EQ"," 13-Aug-2026"," 184.13"," 183.32"," 186.50"," 182.30"," 185.00"," 183.08"," 184.71"," 166840"," 308.16"," 3263"," 70607"," 42.32"
21STCENMGM," EQ"," 13-Aug-2026"," 42.36"," 43.12"," 43.20"," 42.51"," 43.20"," 43.19"," 43.09"," 9714"," 4.19"," 78"," 8852"," 91.13"
360ONE," EQ"," 13-Aug-2026"," 1161.00"," 1158.00"," 1184.90"," 1149.20"," 1183.00"," 1183.00"," 1173.92"," 388858"," 4564.87"," 14984"," 186527"," 47.97"
3BBLACKBIO," EQ"," 13-Aug-2026"," 1251.10"," 1260.00"," 1283.00"," 1206.80"," 1224.00"," 1225.50"," 1236.33"," 9462"," 116.98"," 936"," 5329"," 56.32"
3IINFOLTD," EQ"," 13-Aug-2026"," 27.47"," 27.33"," 27.33"," 25.38"," 26.70"," 26.93"," 26.80"," 1391031"," 372.85"," 4535"," 789069"," 56.73"
3MINDIA," EQ"," 13-Aug-2026"," 35935.00"," 35800.00"," 36695.00"," 35800.00"," 36180.00"," 36165.00"," 36360.75"," 4039"," 1468.61"," 2484"," 1852"," 45.85"
3PLAND," EQ"," 13-Aug-2026"," 31.99"," 31.47"," 32.69"," 31.47"," 32.25"," 32.33"," 32.04"," 3177"," 1.02"," 53"," 3026"," 95.25"
5PAISA," EQ"," 13-Aug-2026"," 387.05"," 387.05"," 393.40"," 385.55"," 393.00"," 391.65"," 389.92"," 54890"," 214.03"," 1979"," 37271"," 67.90"
601GS2028," GS"," 13-Aug-2026"," 102.00"," 102.00"," 102.00"," 102.00"," 102.00"," 102.00"," 102.00"," 1"," 0.00"," 1"," 1"," 100.00"
603GS2029," GS"," 13-Aug-2026"," 98.21"," 98.20"," 98.75"," 98.20"," 98.70"," 98.70"," 98.34"," 2662"," 2.62"," 10"," 1991"," 74.79"
610GS2031," GS"," 13-Aug-2026"," 98.01"," 101.00"," 101.00"," 101.00"," 101.00"," 101.00"," 101.00"," 1"," 0.00"," 1"," 1"," 100.00"
619GS2034," GS"," 13-Aug-2026"," 98.50"," 96.71"," 96.71"," 96.71"," 96.71"," 96.71"," 96.71"," 1"," 0.00"," 1"," 1"," 100.00"
633GS2035," GS"," 13-Aug-2026"," 101.00"," 96.51"," 101.00"," 96.51"," 101.00"," 101.00"," 97.76"," 4201"," 4.11"," 6"," 2101"," 50.01"
636GS2031," GS"," 13-Aug-2026"," 102.50"," 102.50"," 103.00"," 102.50"," 103.00"," 103.00"," 102.50"," 202"," 0.21"," 3"," 202"," 100.00"
63MOONS," EQ"," 13-Aug-2026"," 867.40"," 804.15"," 824.80"," 776.00"," 797.25"," 800.80"," 807.66"," 1046113"," 8449.02"," 41499"," 297526"," 28.44"
645GS2029," GS"," 13-Aug-2026"," 102.07"," 102.12"," 102.12"," 102.12"," 102.12"," 102.12"," 102.12"," 1"," 0.00"," 1"," 1"," 100.00"
648GS2035," GS"," 13-Aug-2026"," 100.30"," 101.20"," 101.20"," 99.60"," 99.60"," 99.60"," 99.62"," 3250"," 3.24"," 2"," 3250"," 100.00"
654GS2032," GS"," 13-Aug-2026"," 100.86"," 100.00"," 100.00"," 100.00"," 100.00"," 100.00"," 100.00"," 20"," 0.02"," 1"," 20"," 100.00"
662GS2051," GS"," 13-Aug-2026"," 92.45"," 92.45"," 92.45"," 92.45"," 92.45"," 92.45"," 92.45"," 2"," 0.00"," 1"," 2"," 100.00"
664GS2027," GS"," 13-Aug-2026"," 100.00"," 101.48"," 101.48"," 101.48"," 101.48"," 101.48"," 101.48"," 5"," 0.01"," 1"," 5"," 100.00"
667GS2050," GS"," 13-Aug-2026"," 92.80"," 92.80"," 92.80"," 92.80"," 92.80"," 92.80"," 92.80"," 5200"," 4.83"," 2"," 5200"," 100.00"
668GS2033," GS"," 13-Aug-2026"," 101.00"," 101.00"," 101.00"," 100.00"," 100.00"," 100.00"," 100.83"," 595"," 0.60"," 2"," 595"," 100.00"
668GS2040," GS"," 13-Aug-2026"," 98.10"," 97.05"," 98.25"," 97.05"," 98.25"," 98.25"," 97.83"," 811"," 0.79"," 7"," 431"," 53.14"
676GS2061," GS"," 13-Aug-2026"," 93.74"," 94.30"," 94.30"," 93.80"," 93.90"," 93.90"," 93.85"," 14453"," 13.56"," 10"," 14453"," 100.00"
679GS2034A," GS"," 13-Aug-2026"," 98.85"," 96.87"," 96.87"," 96.87"," 96.87"," 96.87"," 96.87"," 100"," 0.10"," 1"," 100"," 100.00"
68GS2060," GS"," 13-Aug-2026"," 93.00"," 94.05"," 94.05"," 93.30"," 93.30"," 93.30"," 93.72"," 11"," 0.01"," 9"," 11"," 100.00"
690GS2065," GS"," 13-Aug-2026"," 94.59"," 94.50"," 94.90"," 94.50"," 94.90"," 94.90"," 94.84"," 17702"," 16.79"," 9"," 17702"," 100.00"
692GS2039," GS"," 13-Aug-2026"," 101.00"," 100.50"," 100.50"," 100.50"," 100.50"," 100.50"," 100.50"," 4697"," 4.72"," 2"," 4697"," 100.00"
694GS2036," GS"," 13-Aug-2026"," 101.50"," 101.45"," 103.00"," 101.45"," 103.00"," 103.00"," 101.74"," 596"," 0.61"," 5"," 596"," 100.00"
695GS2061," GS"," 13-Aug-2026"," 93.70"," 94.30"," 94.30"," 94.00"," 94.00"," 94.00"," 94.10"," 152"," 0.14"," 5"," 152"," 100.00"
702GS2027," GS"," 13-Aug-2026"," 100.86"," 104.00"," 104.00"," 100.81"," 100.81"," 100.81"," 102.41"," 2"," 0.00"," 2"," 1"," 50.00"
704GS2029," GS"," 13-Aug-2026"," 102.00"," 100.98"," 102.00"," 100.98"," 102.00"," 102.00"," 101.77"," 550"," 0.56"," 5"," 525"," 95.45"
706GS2041," GS"," 13-Aug-2026"," 100.00"," 100.50"," 101.99"," 100.50"," 101.99"," 101.99"," 100.50"," 24000"," 24.12"," 5"," 24000"," 100.00"
706GS2046," GS"," 13-Aug-2026"," 102.50"," 102.50"," 102.50"," 100.50"," 102.50"," 102.50"," 100.86"," 11"," 0.01"," 3"," 11"," 100.00"
709GS2054," GS"," 13-Aug-2026"," 96.26"," 98.26"," 98.26"," 95.80"," 96.50"," 96.47"," 96.44"," 34808"," 33.57"," 23"," 30266"," 86.95"
709GS2074," GS"," 13-Aug-2026"," 95.92"," 95.92"," 96.08"," 95.80"," 96.08"," 96.07"," 96.03"," 17818"," 17.11"," 22"," 16818"," 94.39"
717GS2028," GS"," 13-Aug-2026"," 101.00"," 101.65"," 101.65"," 101.65"," 101.65"," 101.65"," 101.65"," 100"," 0.10"," 1"," 100"," 100.00"
718GS2033," GS"," 13-Aug-2026"," 104.61"," 103.50"," 103.50"," 103.50"," 103.50"," 103.50"," 103.50"," 1"," 0.00"," 1"," 1"," 100.00"
718GS2037," GS"," 13-Aug-2026"," 103.85"," 103.85"," 103.85"," 102.50"," 103.25"," 103.22"," 102.55"," 136967"," 140.47"," 8"," 136567"," 99.71"
719GS2060," GS"," 13-Aug-2026"," 100.00"," 100.00"," 100.00"," 99.80"," 99.80"," 99.80"," 99.80"," 501"," 0.50"," 2"," 501"," 100.00"
71GS2034," GS"," 13-Aug-2026"," 103.50"," 104.45"," 104.45"," 103.50"," 104.38"," 103.50"," 103.50"," 3522"," 3.65"," 9"," 3520"," 99.94"
723GS2039," GS"," 13-Aug-2026"," 103.50"," 104.58"," 104.58"," 104.40"," 104.40"," 104.40"," 104.54"," 1300"," 1.36"," 3"," 1300"," 100.00"
724GS2055," GS"," 13-Aug-2026"," 101.38"," 101.38"," 102.00"," 101.38"," 101.50"," 101.52"," 101.53"," 103290"," 104.87"," 28"," 103290"," 100.00"
725GS2063," GS"," 13-Aug-2026"," 97.67"," 97.99"," 98.50"," 97.80"," 98.25"," 98.21"," 98.02"," 85999"," 84.29"," 44"," 85999"," 100.00"
726GS2032," GS"," 13-Aug-2026"," 107.00"," 106.60"," 107.00"," 106.25"," 107.00"," 107.00"," 106.55"," 17999"," 19.18"," 9"," 17999"," 100.00"
726GS2033," GS"," 13-Aug-2026"," 103.70"," 102.55"," 102.55"," 102.55"," 102.55"," 102.55"," 102.55"," 5000"," 5.13"," 1"," 5000"," 100.00"
732GS2030," GS"," 13-Aug-2026"," 103.20"," 103.01"," 103.01"," 103.01"," 103.01"," 103.01"," 103.01"," 300"," 0.31"," 1"," 300"," 100.00"
734GS2064," GS"," 13-Aug-2026"," 99.66"," 99.80"," 100.39"," 99.80"," 100.39"," 100.34"," 100.05"," 66767"," 66.80"," 21"," 66767"," 100.00"
737GS2028," GS"," 13-Aug-2026"," 104.01"," 106.95"," 108.00"," 104.01"," 106.90"," 104.80"," 106.39"," 3050"," 3.25"," 6"," 3050"," 100.00"
738GS2027," GS"," 13-Aug-2026"," 102.39"," 102.21"," 102.40"," 102.20"," 102.40"," 102.39"," 102.32"," 65248"," 66.76"," 23"," 63054"," 96.64"
73GS2053," GS"," 13-Aug-2026"," 99.86"," 99.56"," 100.09"," 99.37"," 100.06"," 100.05"," 99.89"," 55636"," 55.57"," 26"," 46129"," 82.91"
741GS2036," GS"," 13-Aug-2026"," 105.50"," 105.80"," 105.80"," 104.16"," 105.25"," 105.27"," 104.90"," 24002"," 25.18"," 78"," 15002"," 62.50"
743GS2076," GS"," 13-Aug-2026"," 99.75"," 99.75"," 100.01"," 99.51"," 100.00"," 99.86"," 99.83"," 3390"," 3.38"," 17"," 3390"," 100.00"
746GS2073," GS"," 13-Aug-2026"," 100.90"," 101.20"," 101.20"," 100.85"," 100.90"," 100.89"," 100.89"," 2741"," 2.77"," 16"," 2741"," 100.00"
74GS2062," GS"," 13-Aug-2026"," 102.00"," 102.00"," 102.00"," 102.00"," 102.00"," 102.00"," 102.00"," 445"," 0.45"," 2"," 445"," 100.00"
750GS2056," GS"," 13-Aug-2026"," 100.05"," 100.10"," 101.00"," 99.71"," 101.00"," 101.00"," 100.66"," 3312"," 3.33"," 13"," 2412"," 72.83"
754GS2036," GS"," 13-Aug-2026"," 106.53"," 106.60"," 107.00"," 106.55"," 106.78"," 106.81"," 106.84"," 271066"," 289.62"," 121"," 246562"," 90.96"
771GS2066," GS"," 13-Aug-2026"," 104.08"," 103.50"," 105.00"," 103.50"," 104.50"," 104.53"," 104.20"," 1328"," 1.38"," 13"," 1225"," 92.24"
813GS2045," GS"," 13-Aug-2026"," 113.99"," 113.99"," 113.99"," 113.99"," 113.99"," 113.99"," 113.99"," 1"," 0.00"," 1"," 1"," 100.00"
824GS2027," GS"," 13-Aug-2026"," 107.31"," 104.00"," 105.98"," 104.00"," 105.90"," 105.88"," 105.02"," 1854"," 1.95"," 4"," 1004"," 54.15"
897GS2030," GS"," 13-Aug-2026"," 111.00"," 113.95"," 114.00"," 113.95"," 114.00"," 113.98"," 113.99"," 425"," 0.48"," 2"," 425"," 100.00"
92GS2030," GS"," 13-Aug-2026"," 114.00"," 114.90"," 114.90"," 114.00"," 114.67"," 114.67"," 114.21"," 3463"," 3.95"," 10"," 3462"," 99.97"
A2ZINFRA," EQ"," 13-Aug-2026"," 15.66"," 15.66"," 15.67"," 14.88"," 14.88"," 14.97"," 15.08"," 1015660"," 153.19"," 1080"," 677694"," 66.72"
AAATECH," EQ"," 13-Aug-2026"," 94.54"," 94.98"," 96.38"," 90.10"," 90.99"," 90.36"," 91.44"," 32532"," 29.75"," 729"," 26461"," 81.34"
AADHARHFC," EQ"," 13-Aug-2026"," 502.00"," 501.55"," 510.45"," 495.40"," 499.40"," 503.20"," 504.82"," 946444"," 4777.81"," 38092"," 598047"," 63.19"
AAKAAR," SM"," 13-Aug-2026"," 56.05"," 56.25"," 56.40"," 53.25"," 53.25"," 53.35"," 54.08"," 22400"," 12.11"," 14"," 22400"," 100.00"
AAKASH," EQ"," 13-Aug-2026"," 8.94"," 8.38"," 8.98"," 8.38"," 8.78"," 8.71"," 8.70"," 102306"," 8.90"," 572"," 69981"," 68.40"
AARADHYA," SM"," 13-Aug-2026"," 71.00"," 71.55"," 71.55"," 71.30"," 71.45"," 71.45"," 71.40"," 10800"," 7.71"," 5"," 10800"," 100.00"
AAREYDRUGS," BE"," 13-Aug-2026"," 83.10"," 83.10"," 85.15"," 81.10"," 83.00"," 84.49"," 84.39"," 35345"," 29.83"," 147"," -"," -"
AARNAV," EQ"," 13-Aug-2026"," 33.15"," 33.15"," 33.23"," 32.01"," 32.44"," 32.91"," 32.85"," 35005"," 11.50"," 554"," 22987"," 65.67"
AARON," EQ"," 13-Aug-2026"," 140.27"," 143.00"," 143.00"," 139.10"," 140.00"," 140.95"," 140.85"," 12784"," 18.01"," 368"," 9034"," 70.67"
AARTECH," BE"," 13-Aug-2026"," 49.62"," 50.28"," 51.40"," 49.11"," 50.50"," 51.09"," 50.39"," 80234"," 40.43"," 299"," -"," -"
AARTIDRUGS," EQ"," 13-Aug-2026"," 431.50"," 433.65"," 440.00"," 425.90"," 429.50"," 427.70"," 432.30"," 137728"," 595.39"," 6544"," 61122"," 44.38"
AARTIIND," EQ"," 13-Aug-2026"," 530.90"," 536.00"," 541.70"," 528.80"," 535.60"," 538.20"," 536.51"," 2850685"," 15294.11"," 51023"," 894976"," 31.40"
AARTIPHARM," EQ"," 13-Aug-2026"," 888.70"," 894.90"," 898.95"," 865.10"," 876.00"," 873.65"," 878.91"," 605030"," 5317.68"," 19550"," 134588"," 22.24"
AARTISURF," EQ"," 13-Aug-2026"," 612.45"," 615.00"," 649.90"," 598.05"," 632.15"," 645.85"," 632.80"," 118034"," 746.91"," 5879"," 56117"," 47.54"
AARVI," EQ"," 13-Aug-2026"," 153.31"," 153.90"," 159.50"," 150.30"," 153.25"," 154.78"," 155.27"," 71243"," 110.62"," 1514"," 40352"," 56.64"
AASTHA," EQ"," 13-Aug-2026"," 74.19"," 73.50"," 75.47"," 73.10"," 74.20"," 74.53"," 73.86"," 314026"," 231.94"," 2444"," 158702"," 50.54"
AAVAS," EQ"," 13-Aug-2026"," 1416.20"," 1410.00"," 1444.50"," 1410.00"," 1430.00"," 1431.80"," 1430.90"," 54640"," 781.84"," 10612"," 24893"," 45.56"
ABAN," BE"," 13-Aug-2026"," 19.21"," 18.83"," 18.83"," 18.83"," 18.83"," 18.83"," 18.83"," 5160"," 0.97"," 30"," -"," -"
ABANSENT," EQ"," 13-Aug-2026"," 27.57"," 28.94"," 28.94"," 28.94"," 28.94"," 28.94"," 28.94"," 9242"," 2.67"," 35"," 9240"," 99.98"
ABB," EQ"," 13-Aug-2026"," 7710.00"," 7750.00"," 7772.00"," 7659.00"," 7710.00"," 7710.00"," 7723.14"," 131083"," 10123.72"," 16245"," 42580"," 32.48"
ABBOTINDIA," EQ"," 13-Aug-2026"," 28140.00"," 28610.00"," 28635.00"," 27400.00"," 27620.00"," 27620.00"," 28051.39"," 34092"," 9563.28"," 11675"," 18811"," 55.18"
ABCAPITAL," EQ"," 13-Aug-2026"," 410.95"," 408.75"," 408.75"," 400.55"," 407.70"," 407.70"," 404.56"," 2359758"," 9546.71"," 37395"," 1001063"," 42.42"
ABCOTS," EQ"," 13-Aug-2026"," 199.14"," 202.90"," 202.90"," 199.00"," 199.01"," 199.03"," 199.95"," 4364"," 8.73"," 155"," 3549"," 81.32"
ABDL," EQ"," 13-Aug-2026"," 614.15"," 617.00"," 638.00"," 615.40"," 628.15"," 627.70"," 630.06"," 375599"," 2366.49"," 15140"," 163643"," 43.57"
ABFRL," EQ"," 13-Aug-2026"," 57.16"," 57.75"," 57.75"," 56.58"," 56.70"," 56.73"," 57.06"," 3510103"," 2002.96"," 16837"," 2000156"," 56.98"
ABGSEC," EQ"," 13-Aug-2026"," 115.15"," 114.60"," 115.15"," 114.60"," 115.14"," 115.14"," 114.65"," 113"," 0.13"," 9"," 113"," 100.00"
ABHAPOWER," SM"," 13-Aug-2026"," 24.65"," 24.65"," 26.10"," 24.65"," 24.65"," 24.65"," 25.13"," 4800"," 1.21"," 3"," 4800"," 100.00"
ABINFRA," EQ"," 13-Aug-2026"," 11.10"," 11.13"," 11.50"," 10.90"," 10.98"," 11.15"," 11.24"," 4673104"," 525.17"," 2870"," 2292560"," 49.06"
ABLBL," EQ"," 13-Aug-2026"," 90.29"," 90.29"," 90.79"," 89.72"," 90.00"," 89.96"," 90.01"," 3490104"," 3141.48"," 8382"," 3077815"," 88.19"
ABMINTLLTD," EQ"," 13-Aug-2026"," 63.07"," 69.37"," 69.37"," 67.50"," 69.37"," 69.37"," 69.35"," 16027"," 11.11"," 113"," 12384"," 77.27"
ABMKNO," EQ"," 13-Aug-2026"," 199.32"," 195.00"," 200.00"," 195.00"," 200.00"," 199.96"," 198.08"," 861"," 1.71"," 18"," 827"," 96.05"
ABREL," EQ"," 13-Aug-2026"," 1375.40"," 1375.60"," 1449.00"," 1372.60"," 1390.00"," 1393.80"," 1410.94"," 650510"," 9178.32"," 46530"," 218274"," 33.55"
ABSL10BANK," EQ"," 13-Aug-2026"," 170.00"," 169.93"," 169.93"," 169.07"," 169.93"," 169.26"," 169.25"," 4456"," 7.54"," 37"," 4101"," 92.03"
ABSLAMC," EQ"," 13-Aug-2026"," 1038.60"," 1043.80"," 1045.00"," 1020.00"," 1030.00"," 1026.40"," 1032.42"," 201753"," 2082.93"," 23005"," 109045"," 54.05"
ABSLBANETF," EQ"," 13-Aug-2026"," 59.40"," 60.88"," 60.88"," 59.10"," 59.24"," 59.18"," 59.18"," 14273"," 8.45"," 189"," 12144"," 85.08"
ABSLLIQUID," EQ"," 13-Aug-2026"," 999.99"," 1000.00"," 1000.01"," 999.99"," 1000.01"," 1000.00"," 1000.00"," 3734"," 37.34"," 26"," 2404"," 64.38"
ABSLMSCIN," EQ"," 13-Aug-2026"," 29.93"," 30.13"," 30.13"," 29.93"," 30.00"," 30.00"," 29.97"," 513"," 0.15"," 8"," 511"," 99.61"
ABSLNN50ET," EQ"," 13-Aug-2026"," 78.43"," 79.14"," 79.14"," 77.75"," 78.45"," 78.18"," 78.57"," 22892"," 17.99"," 189"," 16582"," 72.44"
ABSLPSE," EQ"," 13-Aug-2026"," 10.26"," 10.30"," 10.31"," 10.20"," 10.30"," 10.28"," 10.26"," 86622"," 8.88"," 309"," 67274"," 77.66"
ABSMARINE," ST"," 13-Aug-2026"," 222.90"," 222.15"," 224.50"," 219.30"," 224.00"," 223.30"," 221.89"," 28500"," 63.24"," 45"," 26500"," 92.98"
ACC," EQ"," 13-Aug-2026"," 1332.80"," 1334.00"," 1341.40"," 1323.00"," 1325.50"," 1324.70"," 1326.21"," 100192"," 1328.76"," 8250"," 59001"," 58.89"
ACCELYA," EQ"," 13-Aug-2026"," 1142.30"," 1149.00"," 1149.00"," 1131.10"," 1134.00"," 1133.90"," 1137.43"," 4591"," 52.22"," 647"," 3014"," 65.65"
ACCENTMIC," SM"," 13-Aug-2026"," 560.45"," 560.45"," 571.75"," 560.00"," 571.00"," 569.35"," 566.95"," 26500"," 150.24"," 53"," 18500"," 69.81"
ACCPL," ST"," 13-Aug-2026"," 188.70"," 180.90"," 190.00"," 179.30"," 184.45"," 184.45"," 184.63"," 26400"," 48.74"," 21"," 21600"," 81.82"
ACCURACY," BE"," 13-Aug-2026"," 4.70"," 4.70"," 4.80"," 4.60"," 4.77"," 4.75"," 4.73"," 44781"," 2.12"," 235"," -"," -"
ACE," EQ"," 13-Aug-2026"," 1096.10"," 1091.70"," 1098.90"," 1064.20"," 1079.10"," 1078.30"," 1076.11"," 267995"," 2883.93"," 16296"," 107379"," 40.07"
ACEINTEG," EQ"," 13-Aug-2026"," 18.43"," 18.98"," 18.98"," 17.15"," 17.50"," 17.42"," 17.56"," 14326"," 2.52"," 171"," 10081"," 70.37"
ACETEC," SM"," 13-Aug-2026"," 123.90"," 119.25"," 122.20"," 119.25"," 121.50"," 121.50"," 120.98"," 3600"," 4.36"," 3"," 1200"," 33.33"
ACI," EQ"," 13-Aug-2026"," 506.05"," 510.00"," 514.95"," 507.25"," 511.65"," 509.25"," 511.21"," 94578"," 483.50"," 4817"," 49507"," 52.35"
ACL," EQ"," 13-Aug-2026"," 46.15"," 46.00"," 47.34"," 45.20"," 45.53"," 46.08"," 46.11"," 11078"," 5.11"," 255"," 7885"," 71.18"
ACMESOLAR," EQ"," 13-Aug-2026"," 372.60"," 374.80"," 377.10"," 369.20"," 373.25"," 374.50"," 372.92"," 680001"," 2535.83"," 12829"," 353255"," 51.95"
ACSTECH," EQ"," 13-Aug-2026"," 50.09"," 50.10"," 51.25"," 48.13"," 48.98"," 48.52"," 49.21"," 488474"," 240.38"," 1394"," 241632"," 49.47"
ACUTAAS," EQ"," 13-Aug-2026"," 3153.40"," 3153.40"," 3212.50"," 3081.20"," 3118.00"," 3110.60"," 3136.60"," 321386"," 10080.59"," 46926"," 181620"," 56.51"
ADANIENSOL," EQ"," 13-Aug-2026"," 1599.00"," 1607.00"," 1638.30"," 1570.40"," 1583.00"," 1583.00"," 1592.66"," 3318810"," 52857.29"," 70182"," 1238234"," 37.31"
ADANIENT," EQ"," 13-Aug-2026"," 2985.70"," 2986.20"," 3019.50"," 2932.80"," 2964.90"," 2964.90"," 2962.87"," 1302957"," 38604.96"," 53472"," 515345"," 39.55"
ADANIGREEN," EQ"," 13-Aug-2026"," 1332.30"," 1332.30"," 1352.70"," 1314.00"," 1319.00"," 1319.00"," 1325.00"," 1662220"," 22024.35"," 34297"," 778732"," 46.85"
ADANIPORTS," EQ"," 13-Aug-2026"," 1665.00"," 1665.00"," 1669.90"," 1641.10"," 1658.00"," 1658.00"," 1651.03"," 1992956"," 32904.35"," 70929"," 1154621"," 57.94"
ADANIPOWER," EQ"," 13-Aug-2026"," 206.99"," 207.51"," 209.70"," 204.11"," 206.10"," 206.10"," 205.83"," 13554048"," 27898.06"," 75331"," 4414991"," 32.57"
ADFFOODS," EQ"," 13-Aug-2026"," 261.65"," 262.00"," 265.00"," 258.00"," 263.00"," 261.85"," 261.34"," 95212"," 248.83"," 3484"," 55542"," 58.34"
ADISOFT," SM"," 13-Aug-2026"," 179.65"," 177.85"," 181.45"," 170.15"," 172.50"," 171.75"," 174.15"," 52800"," 91.95"," 64"," 33600"," 63.64"
ADL," EQ"," 13-Aug-2026"," 70.21"," 70.01"," 71.50"," 70.01"," 70.71"," 70.71"," 70.52"," 209"," 0.15"," 7"," 198"," 94.74"
ADOR," EQ"," 13-Aug-2026"," 1478.70"," 1490.00"," 1525.00"," 1478.80"," 1509.00"," 1500.30"," 1503.36"," 23923"," 359.65"," 2482"," 11853"," 49.55"
ADROITINFO," EQ"," 13-Aug-2026"," 10.04"," 10.04"," 10.12"," 9.50"," 9.85"," 9.94"," 9.76"," 81138"," 7.92"," 504"," 52970"," 65.28"
ADSL," EQ"," 13-Aug-2026"," 113.25"," 113.25"," 114.95"," 113.01"," 113.98"," 113.77"," 114.17"," 65140"," 74.37"," 1948"," 30760"," 47.22"
ADVAIT," EQ"," 13-Aug-2026"," 2117.70"," 2093.20"," 2119.20"," 2067.50"," 2098.00"," 2082.60"," 2091.71"," 52960"," 1107.77"," 7006"," 25728"," 48.58"
ADVANCE," EQ"," 13-Aug-2026"," 118.01"," 118.11"," 123.28"," 118.11"," 119.00"," 119.20"," 120.80"," 324336"," 391.81"," 3488"," 145384"," 44.83"
ADVANIHOTR," EQ"," 13-Aug-2026"," 50.17"," 50.50"," 52.70"," 49.75"," 51.65"," 51.44"," 51.15"," 106461"," 54.46"," 1459"," 63025"," 59.20"
ADVENTHTL," EQ"," 13-Aug-2026"," 143.21"," 142.45"," 144.78"," 140.46"," 143.75"," 143.30"," 143.03"," 57133"," 81.72"," 1243"," 36690"," 64.22"
ADVENZYMES," EQ"," 13-Aug-2026"," 301.65"," 302.95"," 305.00"," 299.00"," 301.25"," 300.85"," 301.38"," 159628"," 481.08"," 3523"," 98953"," 61.99"
AEGISLOG," EQ"," 13-Aug-2026"," 1264.50"," 1285.00"," 1294.40"," 1241.50"," 1247.40"," 1247.00"," 1258.12"," 662763"," 8338.36"," 32086"," 337849"," 50.98"
AEGISVOPAK," EQ"," 13-Aug-2026"," 273.55"," 276.45"," 278.90"," 268.05"," 270.65"," 271.50"," 273.09"," 401975"," 1097.76"," 8233"," 150116"," 37.34"
AEPL," EQ"," 13-Aug-2026"," 15.50"," 15.80"," 15.97"," 15.35"," 15.62"," 15.67"," 15.62"," 21644"," 3.38"," 182"," 13911"," 64.27"
AEQUS," EQ"," 13-Aug-2026"," 236.76"," 236.70"," 254.27"," 236.70"," 252.98"," 252.29"," 248.10"," 4207715"," 10439.31"," 47220"," 1810638"," 43.03"
AEROENTER," EQ"," 13-Aug-2026"," 129.29"," 130.25"," 130.67"," 124.70"," 124.95"," 125.18"," 127.21"," 389143"," 495.04"," 4829"," 207788"," 53.40"
AEROFLEX," EQ"," 13-Aug-2026"," 446.55"," 448.50"," 460.00"," 443.10"," 449.25"," 448.25"," 451.89"," 1025181"," 4632.73"," 22748"," 398270"," 38.85"
AERON," SM"," 13-Aug-2026"," 80.00"," 78.00"," 80.00"," 76.00"," 77.50"," 77.50"," 77.40"," 29000"," 22.45"," 24"," 27000"," 93.10"
AERONEU," EQ"," 13-Aug-2026"," 84.07"," 85.90"," 85.90"," 83.40"," 84.34"," 84.21"," 84.13"," 58920"," 49.57"," 606"," 6804"," 11.55"
AEROPLANE," EQ"," 13-Aug-2026"," 183.63"," 183.63"," 192.81"," 182.86"," 191.45"," 191.36"," 188.94"," 813251"," 1536.56"," 5045"," 276207"," 33.96"
AESTHETIK," SM"," 13-Aug-2026"," 75.00"," 74.85"," 74.85"," 74.85"," 74.85"," 74.85"," 74.85"," 8000"," 5.99"," 2"," 8000"," 100.00"
AETHER," EQ"," 13-Aug-2026"," 1612.70"," 1628.80"," 1636.00"," 1572.20"," 1581.00"," 1580.10"," 1599.98"," 218158"," 3490.48"," 14574"," 115862"," 53.11"
AFCONS," EQ"," 13-Aug-2026"," 267.95"," 267.95"," 272.40"," 266.70"," 271.90"," 271.60"," 270.53"," 405244"," 1096.31"," 7599"," 190004"," 46.89"
AFFLE," EQ"," 13-Aug-2026"," 1672.90"," 1675.20"," 1683.90"," 1635.00"," 1647.80"," 1643.00"," 1659.89"," 82303"," 1366.14"," 9940"," 41352"," 50.24"
AFFORDABLE," BE"," 13-Aug-2026"," 185.49"," 185.49"," 192.00"," 182.00"," 191.95"," 191.46"," 189.41"," 11413"," 21.62"," 187"," -"," -"
AFIL," EQ"," 13-Aug-2026"," 9.75"," 10.13"," 10.13"," 9.76"," 9.81"," 9.90"," 9.93"," 551615"," 54.76"," 591"," 450896"," 81.74"
AFSL," EQ"," 13-Aug-2026"," 213.82"," 219.90"," 219.90"," 212.10"," 212.10"," 212.23"," 215.57"," 12993"," 28.01"," 295"," 9206"," 70.85"
AGARIND," EQ"," 13-Aug-2026"," 507.00"," 511.00"," 515.05"," 495.10"," 500.00"," 499.50"," 501.41"," 33573"," 168.34"," 1573"," 21844"," 65.06"
AGARWALEYE," EQ"," 13-Aug-2026"," 511.45"," 504.00"," 511.10"," 493.60"," 505.50"," 508.50"," 504.83"," 952435"," 4808.21"," 27926"," 580285"," 60.93"
AGARWALFT," SM"," 13-Aug-2026"," 38.65"," 36.75"," 36.75"," 36.75"," 36.75"," 36.75"," 36.75"," 1500"," 0.55"," 1"," 1500"," 100.00"
AGARWALTUF," SM"," 13-Aug-2026"," 141.10"," 141.00"," 146.45"," 139.05"," 146.45"," 143.75"," 142.54"," 25200"," 35.92"," 20"," 21600"," 85.71"
AGI," EQ"," 13-Aug-2026"," 706.00"," 706.00"," 722.00"," 699.50"," 705.90"," 701.90"," 708.81"," 149360"," 1058.67"," 6660"," 84198"," 56.37"
AGIIL," EQ"," 13-Aug-2026"," 300.60"," 302.50"," 304.80"," 297.00"," 297.95"," 297.90"," 301.55"," 617622"," 1862.45"," 4951"," 174614"," 28.27"
AGL," EQ"," 13-Aug-2026"," 14.59"," 14.81"," 15.01"," 14.45"," 14.83"," 14.83"," 14.77"," 3635861"," 537.15"," 10098"," 1263712"," 34.76"
AGNI," SM"," 13-Aug-2026"," 16.25"," 16.05"," 16.10"," 15.85"," 16.10"," 16.10"," 15.99"," 15000"," 2.40"," 6"," 12500"," 83.33"
AGRITECH," EQ"," 13-Aug-2026"," 107.84"," 104.50"," 109.00"," 104.50"," 108.90"," 107.61"," 107.41"," 576"," 0.62"," 47"," 398"," 69.10"
AGROPHOS," EQ"," 13-Aug-2026"," 28.15"," 28.75"," 28.75"," 28.00"," 28.75"," 28.24"," 28.21"," 7611"," 2.15"," 102"," 5269"," 69.23"
AGSTRA," BZ"," 13-Aug-2026"," 2.02"," 2.05"," 2.07"," 1.97"," 2.05"," 2.03"," 2.04"," 144280"," 2.94"," 261"," -"," -"
AHCL," EQ"," 13-Aug-2026"," 14.23"," 14.23"," 14.43"," 14.10"," 14.25"," 14.25"," 14.25"," 1314643"," 187.37"," 1963"," 705878"," 53.69"
AHLADA," EQ"," 13-Aug-2026"," 41.45"," 42.00"," 42.00"," 40.38"," 41.02"," 41.09"," 41.22"," 6710"," 2.77"," 81"," 3906"," 58.21"
AHLEAST," EQ"," 13-Aug-2026"," 141.50"," 142.37"," 142.37"," 140.30"," 141.45"," 141.35"," 141.48"," 208"," 0.29"," 22"," 157"," 75.48"
AHLUCONT," EQ"," 13-Aug-2026"," 809.10"," 809.10"," 825.00"," 790.10"," 817.50"," 819.95"," 817.90"," 14490"," 118.51"," 2568"," 8509"," 58.72"
AHLWEST," BE"," 13-Aug-2026"," 547.90"," 547.90"," 555.50"," 530.00"," 545.00"," 545.00"," 542.62"," 506"," 2.75"," 14"," -"," -"
AIAENG," EQ"," 13-Aug-2026"," 4523.00"," 4542.10"," 4544.30"," 4366.00"," 4438.00"," 4435.10"," 4427.78"," 104693"," 4635.57"," 16669"," 53529"," 51.13"
AIIL," EQ"," 13-Aug-2026"," 554.80"," 560.00"," 582.85"," 552.95"," 575.00"," 579.10"," 573.60"," 249548"," 1431.40"," 14055"," 94273"," 37.78"
AIMTRON," SM"," 13-Aug-2026"," 1657.95"," 1658.15"," 1679.75"," 1632.05"," 1654.90"," 1647.75"," 1650.96"," 22600"," 373.12"," 97"," 16000"," 70.80"
AIRAN," EQ"," 13-Aug-2026"," 14.93"," 14.95"," 15.13"," 14.90"," 15.00"," 14.99"," 15.00"," 29745"," 4.46"," 198"," 23160"," 77.86"
AIROLAM," EQ"," 13-Aug-2026"," 91.35"," 91.60"," 91.60"," 88.80"," 89.50"," 90.74"," 89.39"," 10908"," 9.75"," 119"," 9710"," 89.02"
AISL," SM"," 13-Aug-2026"," 58.00"," 60.80"," 60.80"," 58.00"," 58.00"," 58.00"," 58.04"," 46800"," 27.16"," 4"," 46800"," 100.00"
AJANTPHARM," EQ"," 13-Aug-2026"," 3541.00"," 3544.80"," 3675.00"," 3540.00"," 3616.00"," 3614.60"," 3620.44"," 136792"," 4952.47"," 24603"," 55218"," 40.37"
AJAXENGG," EQ"," 13-Aug-2026"," 566.00"," 567.35"," 569.55"," 561.15"," 565.00"," 565.45"," 564.79"," 27572"," 155.72"," 2359"," 20756"," 75.28"
AJMERA," EQ"," 13-Aug-2026"," 117.48"," 117.00"," 119.62"," 115.57"," 118.00"," 117.18"," 117.58"," 222586"," 261.71"," 2840"," 123911"," 55.67"
AJOONI," EQ"," 13-Aug-2026"," 3.84"," 3.84"," 3.89"," 3.76"," 3.80"," 3.77"," 3.81"," 151928"," 5.79"," 337"," 123109"," 81.03"
AKANKSHA," SM"," 13-Aug-2026"," 112.60"," 110.00"," 118.20"," 110.00"," 113.00"," 113.10"," 113.22"," 99000"," 112.08"," 50"," 66000"," 66.67"
AKASH," EQ"," 13-Aug-2026"," 26.40"," 26.01"," 26.85"," 26.01"," 26.23"," 26.23"," 26.36"," 3181"," 0.84"," 29"," 2450"," 77.02"
AKCAPIT," EQ"," 13-Aug-2026"," 1728.60"," 1740.20"," 1795.00"," 1683.90"," 1690.00"," 1697.80"," 1738.79"," 2251"," 39.14"," 361"," 1542"," 68.50"
AKG," EQ"," 13-Aug-2026"," 8.69"," 8.69"," 8.79"," 8.60"," 8.68"," 8.72"," 8.67"," 20261"," 1.76"," 129"," 15871"," 78.33"
AKI," EQ"," 13-Aug-2026"," 4.26"," 4.34"," 4.34"," 4.20"," 4.22"," 4.23"," 4.25"," 51230"," 2.18"," 167"," 31202"," 60.91"
AKIKO," ST"," 13-Aug-2026"," 337.60"," 337.60"," 337.60"," 337.60"," 337.60"," 337.60"," 337.60"," 2400"," 8.10"," 3"," 2400"," 100.00"
AKSHAR," EQ"," 13-Aug-2026"," 0.40"," 0.41"," 0.42"," 0.40"," 0.41"," 0.40"," 0.41"," 1084101"," 4.44"," 291"," 519397"," 47.91"
AKSHARCHEM," BE"," 13-Aug-2026"," 282.02"," 296.12"," 296.12"," 296.12"," 296.12"," 296.12"," 296.12"," 10604"," 31.40"," 130"," -"," -"
AKSHOPTFBR," BE"," 13-Aug-2026"," 6.44"," 6.45"," 6.76"," 6.45"," 6.76"," 6.75"," 6.72"," 288030"," 19.36"," 408"," -"," -"
AKUMS," EQ"," 13-Aug-2026"," 749.95"," 756.00"," 759.75"," 746.00"," 752.20"," 751.85"," 751.32"," 287659"," 2161.23"," 16546"," 173031"," 60.15"
ALANKIT," EQ"," 13-Aug-2026"," 8.22"," 8.30"," 8.38"," 8.05"," 8.19"," 8.11"," 8.15"," 65929"," 5.38"," 334"," 55708"," 84.50"
ALBERTDAVD," EQ"," 13-Aug-2026"," 777.30"," 771.50"," 810.00"," 771.50"," 808.00"," 802.10"," 796.70"," 12583"," 100.25"," 709"," 8356"," 66.41"
ALEMBICLTD," EQ"," 13-Aug-2026"," 84.79"," 84.76"," 84.96"," 83.20"," 83.21"," 83.39"," 83.90"," 181457"," 152.25"," 1922"," 108795"," 59.96"
ALGOQUANT," EQ"," 13-Aug-2026"," 67.28"," 66.61"," 68.03"," 64.12"," 65.70"," 65.88"," 66.00"," 1959359"," 1293.19"," 13825"," 443699"," 22.65"
ALICON," EQ"," 13-Aug-2026"," 772.95"," 775.00"," 775.00"," 727.50"," 731.45"," 741.35"," 752.43"," 52844"," 397.61"," 2995"," 31934"," 60.43"
ALIVUS," EQ"," 13-Aug-2026"," 1361.00"," 1364.90"," 1381.90"," 1357.20"," 1379.90"," 1374.60"," 1372.04"," 76088"," 1043.96"," 6983"," 45671"," 60.02"
ALKALI," BE"," 13-Aug-2026"," 68.18"," 68.18"," 71.50"," 65.01"," 71.49"," 69.93"," 68.26"," 7366"," 5.03"," 92"," -"," -"
ALKEM," EQ"," 13-Aug-2026"," 5480.00"," 5459.00"," 5483.00"," 5406.00"," 5449.50"," 5449.50"," 5432.94"," 33025"," 1794.23"," 7702"," 15244"," 46.16"
ALKYLAMINE," EQ"," 13-Aug-2026"," 1889.80"," 1899.20"," 1935.00"," 1886.00"," 1920.00"," 1923.10"," 1915.32"," 35430"," 678.60"," 4982"," 15558"," 43.91"
ALLCARGO," EQ"," 13-Aug-2026"," 10.62"," 10.52"," 10.59"," 9.91"," 9.99"," 10.07"," 10.24"," 32276945"," 3303.88"," 22662"," 7391500"," 22.90"
ALLDIGI," EQ"," 13-Aug-2026"," 804.45"," 804.45"," 814.50"," 800.15"," 812.00"," 810.50"," 811.22"," 5474"," 44.41"," 376"," 4452"," 81.33"
ALLETEC," ST"," 13-Aug-2026"," 131.45"," 131.50"," 138.00"," 131.45"," 138.00"," 138.00"," 136.74"," 11200"," 15.32"," 28"," 11200"," 100.00"
ALLTIME," EQ"," 13-Aug-2026"," 218.61"," 216.00"," 220.73"," 216.00"," 216.50"," 216.84"," 218.09"," 23202"," 50.60"," 707"," 12247"," 52.78"
ALMONDZ," EQ"," 13-Aug-2026"," 14.55"," 14.56"," 14.66"," 14.20"," 14.22"," 14.22"," 14.34"," 98057"," 14.06"," 191"," 58454"," 59.61"
ALOKINDS," EQ"," 13-Aug-2026"," 11.78"," 11.78"," 11.82"," 11.70"," 11.72"," 11.71"," 11.76"," 2364834"," 278.04"," 4584"," 1635441"," 69.16"
ALPA," EQ"," 13-Aug-2026"," 67.17"," 68.70"," 68.97"," 65.62"," 65.90"," 65.85"," 66.65"," 30275"," 20.18"," 582"," 21539"," 71.14"
ALPEXSOLAR," SM"," 13-Aug-2026"," 788.45"," 785.00"," 787.50"," 759.10"," 761.00"," 762.00"," 773.95"," 101100"," 782.47"," 702"," 83400"," 82.49"
ALPHA," EQ"," 13-Aug-2026"," 54.40"," 54.39"," 54.60"," 54.02"," 54.15"," 54.25"," 54.32"," 920418"," 499.94"," 2565"," 503880"," 54.74"
ALPHAETF," EQ"," 13-Aug-2026"," 26.95"," 27.01"," 27.10"," 26.79"," 26.79"," 26.80"," 26.89"," 406950"," 109.41"," 793"," 269803"," 66.30"
ALPHAGEO," EQ"," 13-Aug-2026"," 306.39"," 310.00"," 313.06"," 285.11"," 290.50"," 290.53"," 297.41"," 61811"," 183.83"," 1894"," 35056"," 56.71"
ALPINETEX," EQ"," 13-Aug-2026"," 61.62"," 61.62"," 62.49"," 60.00"," 60.25"," 60.28"," 60.52"," 239862"," 145.17"," 3636"," 129662"," 54.06"
ALPL30IETF," EQ"," 13-Aug-2026"," 28.37"," 28.37"," 28.43"," 28.28"," 28.38"," 28.31"," 28.36"," 240878"," 68.31"," 737"," 145898"," 60.57"
AMAGI," EQ"," 13-Aug-2026"," 638.75"," 643.85"," 727.40"," 635.35"," 659.00"," 648.20"," 682.46"," 13078909"," 89257.88"," 296358"," 1426991"," 10.91"
AMANTA," BE"," 13-Aug-2026"," 156.39"," 153.27"," 153.27"," 153.27"," 153.27"," 153.27"," 153.27"," 68785"," 105.43"," 145"," -"," -"
AMBAAUTO," SM"," 13-Aug-2026"," 107.80"," 109.50"," 109.50"," 103.50"," 107.80"," 105.80"," 106.52"," 8000"," 8.52"," 6"," 8000"," 100.00"
AMBALALSA," EQ"," 13-Aug-2026"," 44.85"," 42.80"," 43.01"," 40.40"," 41.00"," 41.54"," 41.63"," 699138"," 291.05"," 3173"," 339743"," 48.59"
AMBER," EQ"," 13-Aug-2026"," 6985.00"," 7015.00"," 7189.00"," 6965.00"," 7175.00"," 7175.00"," 7083.59"," 611964"," 43349.04"," 57967"," 251292"," 41.06"
AMBICAAGAR," EQ"," 13-Aug-2026"," 24.28"," 24.31"," 24.99"," 24.31"," 24.89"," 24.89"," 24.89"," 1466"," 0.36"," 26"," 1367"," 93.25"
AMBIKCO," EQ"," 13-Aug-2026"," 1587.70"," 1585.00"," 1616.00"," 1585.00"," 1588.50"," 1591.60"," 1595.05"," 8593"," 137.06"," 1178"," 4645"," 54.06"
AMBUJACEM," EQ"," 13-Aug-2026"," 421.00"," 423.20"," 424.50"," 418.00"," 419.40"," 419.40"," 419.43"," 2110196"," 8850.73"," 22228"," 1266153"," 60.00"
AMCL," SM"," 13-Aug-2026"," 390.00"," 390.00"," 395.00"," 384.10"," 384.10"," 384.10"," 389.63"," 3200"," 12.47"," 8"," 2400"," 75.00"
AMDIND," EQ"," 13-Aug-2026"," 51.18"," 61.41"," 61.41"," 54.62"," 55.50"," 55.90"," 58.05"," 361458"," 209.81"," 2888"," 139377"," 38.56"
AMIABLE," SM"," 13-Aug-2026"," 73.00"," 61.55"," 65.00"," 61.55"," 65.00"," 65.00"," 63.28"," 3200"," 2.02"," 2"," 1600"," 50.00"
AMJLAND," EQ"," 13-Aug-2026"," 39.38"," 39.98"," 40.24"," 38.08"," 39.80"," 39.00"," 39.00"," 7025"," 2.74"," 257"," 4513"," 64.24"
AMNPLST," EQ"," 13-Aug-2026"," 199.60"," 199.66"," 199.66"," 194.00"," 194.20"," 195.39"," 196.59"," 8228"," 16.18"," 738"," 3492"," 42.44"
AMRUTANJAN," EQ"," 13-Aug-2026"," 488.35"," 488.00"," 502.40"," 484.10"," 491.55"," 491.60"," 493.49"," 98125"," 484.23"," 4088"," 55472"," 56.53"
ANANDRATHI," EQ"," 13-Aug-2026"," 2189.00"," 2200.00"," 2230.00"," 2181.20"," 2202.80"," 2198.80"," 2201.39"," 222245"," 4892.48"," 17097"," 125422"," 56.43"
ANANTAM," IV"," 13-Aug-2026"," 106.45"," 107.89"," 108.05"," 105.90"," 106.50"," 106.69"," 106.84"," 205312"," 219.35"," 1076"," 141294"," 68.82"
ANANTRAJ," EQ"," 13-Aug-2026"," 614.65"," 614.00"," 631.45"," 606.05"," 627.40"," 627.05"," 621.03"," 2146807"," 13332.30"," 39978"," 905649"," 42.19"
ANAWIL," ST"," 13-Aug-2026"," 381.55"," 376.00"," 400.60"," 371.00"," 399.00"," 400.45"," 389.83"," 537600"," 2095.72"," 870"," 477600"," 88.84"
ANDHRAPAP," EQ"," 13-Aug-2026"," 59.41"," 59.84"," 60.80"," 59.42"," 60.50"," 60.43"," 60.24"," 67089"," 40.41"," 756"," 47483"," 70.78"
ANDHRSUGAR," EQ"," 13-Aug-2026"," 98.10"," 98.50"," 103.79"," 98.50"," 100.56"," 100.43"," 101.16"," 1016710"," 1028.46"," 10099"," 343321"," 33.77"
ANGELONE," EQ"," 13-Aug-2026"," 291.00"," 290.70"," 292.45"," 288.50"," 292.00"," 292.00"," 290.27"," 1987688"," 5769.69"," 20241"," 827187"," 41.62"
ANIKINDS," EQ"," 13-Aug-2026"," 40.09"," 40.00"," 42.00"," 39.89"," 41.39"," 40.62"," 40.99"," 905"," 0.37"," 35"," 803"," 88.73"
ANKITMETAL," BZ"," 13-Aug-2026"," 1.58"," 1.57"," 1.57"," 1.53"," 1.53"," 1.53"," 1.53"," 7002"," 0.11"," 24"," -"," -"
ANLON," SM"," 13-Aug-2026"," 621.25"," 621.25"," 622.00"," 621.25"," 622.00"," 622.00"," 621.55"," 2000"," 12.43"," 5"," 2000"," 100.00"
ANMOL," EQ"," 13-Aug-2026"," 10.28"," 10.49"," 10.49"," 10.07"," 10.27"," 10.26"," 10.28"," 18278"," 1.88"," 115"," 15746"," 86.15"
ANNAPURNA," EQ"," 13-Aug-2026"," 147.20"," 149.40"," 159.00"," 147.60"," 154.45"," 153.80"," 153.75"," 105782"," 162.64"," 1629"," 71695"," 67.78"
ANONDITA," SM"," 13-Aug-2026"," 1075.40"," 1079.00"," 1087.00"," 1056.15"," 1066.15"," 1066.95"," 1074.21"," 7400"," 79.49"," 34"," 5400"," 72.97"
ANSALAPI," BZ"," 13-Aug-2026"," 3.59"," 3.58"," 3.58"," 3.52"," 3.52"," 3.52"," 3.53"," 13979"," 0.49"," 19"," -"," -"
ANTELOPUS," EQ"," 13-Aug-2026"," 802.15"," 802.15"," 820.00"," 800.40"," 805.00"," 804.80"," 807.39"," 75527"," 609.79"," 4130"," 48121"," 63.71"
ANTGRAPHIC," EQ"," 13-Aug-2026"," 0.73"," 0.73"," 0.76"," 0.72"," 0.74"," 0.74"," 0.74"," 179250"," 1.32"," 178"," 138057"," 77.02"
ANTHEM," EQ"," 13-Aug-2026"," 878.40"," 882.00"," 891.90"," 870.80"," 873.20"," 874.90"," 878.94"," 446774"," 3926.86"," 19428"," 270246"," 60.49"
ANUHPHR," EQ"," 13-Aug-2026"," 77.18"," 78.90"," 78.90"," 76.75"," 76.76"," 76.99"," 77.10"," 33604"," 25.91"," 690"," 26814"," 79.79"
ANUP," EQ"," 13-Aug-2026"," 1870.10"," 1879.00"," 1889.00"," 1854.00"," 1868.90"," 1861.00"," 1865.73"," 15933"," 297.27"," 2768"," 9439"," 59.24"
ANURAS," EQ"," 13-Aug-2026"," 1204.40"," 1207.00"," 1217.00"," 1203.50"," 1209.80"," 1207.80"," 1209.82"," 138085"," 1670.58"," 3646"," 107794"," 78.06"
ANYA," SM"," 13-Aug-2026"," 15.40"," 15.20"," 15.20"," 15.00"," 15.00"," 15.00"," 15.07"," 15000"," 2.26"," 3"," 15000"," 100.00"
AONEGOLD," EQ"," 13-Aug-2026"," 14.27"," 14.56"," 14.56"," 14.09"," 14.20"," 14.19"," 14.19"," 563990"," 80.03"," 1317"," 253886"," 45.02"
AONELIQUID," EQ"," 13-Aug-2026"," 1072.19"," 1072.35"," 1072.35"," 1072.33"," 1072.33"," 1072.34"," 1072.33"," 29672"," 318.18"," 105"," 26265"," 88.52"
AONENIFTY," EQ"," 13-Aug-2026"," 10.08"," 12.00"," 12.00"," 10.05"," 10.09"," 10.07"," 10.07"," 88401"," 8.90"," 1101"," 67428"," 76.28"
AONESILVER," EQ"," 13-Aug-2026"," 9.02"," 9.00"," 9.01"," 8.80"," 8.84"," 8.83"," 8.88"," 448062"," 39.78"," 1185"," 363613"," 81.15"
AONETMMQ50," EQ"," 13-Aug-2026"," 10.44"," 10.53"," 10.54"," 10.39"," 10.39"," 10.40"," 10.46"," 224839"," 23.51"," 281"," 108162"," 48.11"
AONETOTAL," EQ"," 13-Aug-2026"," 12.04"," 12.10"," 12.14"," 12.03"," 12.10"," 12.05"," 12.08"," 146336"," 17.68"," 1419"," 82896"," 56.65"
APARINDS," EQ"," 13-Aug-2026"," 18000.00"," 18200.00"," 18395.00"," 17032.00"," 17238.00"," 17225.00"," 17431.12"," 177882"," 31006.83"," 43531"," 63277"," 35.57"
APCL," EQ"," 13-Aug-2026"," 103.68"," 101.10"," 106.00"," 98.02"," 101.00"," 101.01"," 101.69"," 20829"," 21.18"," 480"," 8035"," 38.58"
APCOTEXIND," EQ"," 13-Aug-2026"," 601.60"," 602.30"," 603.95"," 586.10"," 592.25"," 590.70"," 593.19"," 146462"," 868.79"," 5831"," 67118"," 45.83"
APEX," EQ"," 13-Aug-2026"," 366.75"," 367.00"," 375.10"," 366.05"," 367.00"," 367.70"," 369.70"," 66858"," 247.18"," 2412"," 29974"," 44.83"
APEXECO," ST"," 13-Aug-2026"," 270.00"," 270.05"," 283.00"," 270.00"," 283.00"," 283.00"," 277.72"," 27200"," 75.54"," 25"," 24800"," 91.18"
APLAPOLLO," EQ"," 13-Aug-2026"," 1997.10"," 1990.90"," 2073.00"," 1989.40"," 2064.30"," 2064.30"," 2044.46"," 825819"," 16883.50"," 33596"," 325159"," 39.37"
APLLTD," EQ"," 13-Aug-2026"," 841.65"," 844.00"," 847.50"," 828.00"," 830.75"," 831.20"," 834.06"," 44236"," 368.95"," 5353"," 24199"," 54.70"
APOLLO," EQ"," 13-Aug-2026"," 379.85"," 379.90"," 390.85"," 379.15"," 389.75"," 389.70"," 386.16"," 3930071"," 15176.45"," 35053"," 1235433"," 31.44"
APOLLOHOSP," EQ"," 13-Aug-2026"," 8597.00"," 8740.50"," 8786.00"," 8554.00"," 8600.00"," 8600.00"," 8655.93"," 796882"," 68977.53"," 74661"," 293894"," 36.88"
APOLLOPIPE," EQ"," 13-Aug-2026"," 512.75"," 515.00"," 515.05"," 504.55"," 509.00"," 508.45"," 508.19"," 614492"," 3122.79"," 4885"," 300690"," 48.93"
APOLLOTYRE," EQ"," 13-Aug-2026"," 445.15"," 446.00"," 446.45"," 440.50"," 443.00"," 443.05"," 442.80"," 366331"," 1622.11"," 9803"," 206438"," 56.35"
APOLSINHOT," EQ"," 13-Aug-2026"," 1225.70"," 1230.00"," 1236.90"," 1203.00"," 1216.60"," 1232.80"," 1222.17"," 975"," 11.92"," 164"," 684"," 70.15"
APRAMEYA," SM"," 13-Aug-2026"," 140.25"," 135.00"," 140.00"," 135.00"," 140.00"," 140.00"," 137.51"," 40000"," 55.00"," 15"," 39500"," 98.75"
APS," SM"," 13-Aug-2026"," 244.70"," 244.70"," 245.60"," 235.00"," 245.50"," 242.45"," 240.58"," 26500"," 63.75"," 90"," 16750"," 63.21"
APSISAERO," ST"," 13-Aug-2026"," 494.00"," 484.15"," 484.15"," 484.15"," 484.15"," 484.15"," 484.15"," 2400"," 11.62"," 2"," 2400"," 100.00"
APTECHT," BE"," 13-Aug-2026"," 94.49"," 94.50"," 94.99"," 93.00"," 93.20"," 93.50"," 93.76"," 33117"," 31.05"," 390"," -"," -"
APTUS," EQ"," 13-Aug-2026"," 254.75"," 254.50"," 255.80"," 252.45"," 253.55"," 253.80"," 254.15"," 539042"," 1369.98"," 26181"," 345354"," 64.07"
AQYLON," EQ"," 13-Aug-2026"," 24.17"," 23.99"," 24.41"," 23.15"," 23.74"," 23.36"," 23.78"," 392795"," 93.42"," 2150"," 243354"," 61.95"
ARABIAN," SM"," 13-Aug-2026"," 88.00"," 88.60"," 88.60"," 83.00"," 83.00"," 83.00"," 85.36"," 36000"," 30.73"," 14"," 32000"," 88.89"
ARCHIDPLY," EQ"," 13-Aug-2026"," 92.20"," 90.30"," 92.99"," 89.70"," 92.99"," 92.81"," 91.48"," 18605"," 17.02"," 190"," 14902"," 80.10"
ARCHIES," EQ"," 13-Aug-2026"," 13.91"," 13.80"," 14.20"," 13.65"," 13.66"," 13.70"," 13.73"," 2915"," 0.40"," 49"," 2324"," 79.73"
ARCIIL," SM"," 13-Aug-2026"," 35.00"," 35.15"," 35.15"," 34.50"," 34.50"," 34.80"," 34.83"," 2000"," 0.70"," 2"," 2000"," 100.00"
ARDEE," EQ"," 13-Aug-2026"," 67.12"," 67.12"," 68.45"," 64.11"," 64.40"," 64.87"," 66.69"," 20045799"," 13368.29"," 74749"," 6071418"," 30.29"
ARE&M," EQ"," 13-Aug-2026"," 969.40"," 973.60"," 978.40"," 946.20"," 950.45"," 948.80"," 960.96"," 868741"," 8348.21"," 33602"," 360025"," 41.44"
ARENTERP," EQ"," 13-Aug-2026"," 37.29"," 39.00"," 41.00"," 37.29"," 39.80"," 39.25"," 39.33"," 1627"," 0.64"," 70"," 739"," 45.42"
ARFIN," EQ"," 13-Aug-2026"," 84.74"," 84.74"," 85.39"," 82.80"," 82.90"," 83.43"," 84.75"," 973623"," 825.19"," 1905"," 171948"," 17.66"
ARHAM," SM"," 13-Aug-2026"," 193.10"," 193.00"," 194.00"," 185.25"," 192.20"," 188.90"," 190.17"," 22000"," 41.84"," 20"," 14000"," 63.64"
ARIES," EQ"," 13-Aug-2026"," 397.35"," 390.10"," 399.95"," 381.00"," 388.75"," 386.10"," 388.75"," 41674"," 162.01"," 2162"," 21916"," 52.59"
ARIHANT," EQ"," 13-Aug-2026"," 1096.80"," 1071.00"," 1125.00"," 1025.10"," 1079.50"," 1072.50"," 1071.97"," 6175"," 66.19"," 452"," 3684"," 59.66"
ARIHANTACA," SM"," 13-Aug-2026"," 481.00"," 490.00"," 490.00"," 480.00"," 480.00"," 480.00"," 483.33"," 1200"," 5.80"," 3"," 800"," 66.67"
ARIHANTCAP," EQ"," 13-Aug-2026"," 74.82"," 74.49"," 75.50"," 73.00"," 74.02"," 74.96"," 74.22"," 119222"," 88.49"," 1288"," 80737"," 67.72"
ARIHANTSUP," EQ"," 13-Aug-2026"," 258.05"," 258.35"," 259.65"," 250.00"," 251.10"," 251.75"," 254.21"," 9394"," 23.88"," 352"," 6123"," 65.18"
ARIS," EQ"," 13-Aug-2026"," 135.55"," 135.00"," 138.25"," 133.52"," 136.40"," 137.32"," 136.62"," 1638160"," 2237.99"," 11735"," 462145"," 28.21"
ARISTO," SM"," 13-Aug-2026"," 109.30"," 108.00"," 108.00"," 108.00"," 108.00"," 108.00"," 108.00"," 800"," 0.86"," 1"," 800"," 100.00"
ARKADE," EQ"," 13-Aug-2026"," 129.66"," 130.00"," 137.50"," 128.65"," 136.71"," 136.92"," 132.09"," 1329658"," 1756.35"," 8865"," 568838"," 42.78"
ARMANFIN," EQ"," 13-Aug-2026"," 2011.00"," 2073.00"," 2158.60"," 2003.20"," 2025.00"," 2013.40"," 2088.59"," 307762"," 6427.88"," 28379"," 99549"," 32.35"
ARMOUR," ST"," 13-Aug-2026"," 18.95"," 18.70"," 18.70"," 18.70"," 18.70"," 18.70"," 18.70"," 4000"," 0.75"," 2"," 4000"," 100.00"
AROGRANITE," EQ"," 13-Aug-2026"," 25.10"," 25.00"," 25.45"," 24.80"," 24.80"," 24.91"," 25.01"," 4681"," 1.17"," 51"," 3926"," 83.87"
ARROWGREEN," BE"," 13-Aug-2026"," 784.60"," 800.00"," 814.90"," 762.10"," 795.00"," 782.50"," 790.87"," 68583"," 542.40"," 878"," -"," -"
ARSHIYA," BZ"," 13-Aug-2026"," 0.94"," 0.94"," 0.96"," 0.92"," 0.92"," 0.92"," 0.93"," 60506"," 0.56"," 54"," -"," -"
ARSSBL," EQ"," 13-Aug-2026"," 495.80"," 497.00"," 509.20"," 497.00"," 503.35"," 504.65"," 505.45"," 113910"," 575.76"," 4636"," 61620"," 54.10"
ARTEMISMED," EQ"," 13-Aug-2026"," 316.30"," 319.70"," 325.80"," 313.60"," 317.20"," 317.85"," 320.57"," 860862"," 2759.69"," 32838"," 296779"," 34.47"
ARTNIRMAN," EQ"," 13-Aug-2026"," 42.39"," 42.50"," 43.88"," 40.81"," 41.16"," 41.19"," 42.58"," 3662"," 1.56"," 32"," 3383"," 92.38"
ARUNAYA," ST"," 13-Aug-2026"," 15.35"," 15.40"," 15.40"," 15.35"," 15.35"," 15.35"," 15.38"," 4000"," 0.62"," 2"," 4000"," 100.00"
ARVEE," EQ"," 13-Aug-2026"," 177.24"," 176.50"," 177.00"," 165.06"," 165.06"," 168.72"," 171.21"," 5224"," 8.94"," 274"," 2614"," 50.04"
ARVIND," EQ"," 13-Aug-2026"," 566.85"," 532.15"," 562.80"," 528.30"," 557.00"," 555.65"," 549.31"," 1106663"," 6079.00"," 45449"," 485471"," 43.87"
ARVINDFASN," EQ"," 13-Aug-2026"," 444.15"," 447.85"," 451.00"," 443.00"," 445.15"," 449.90"," 446.78"," 178502"," 797.50"," 11673"," 100941"," 56.55"
ARVINDPORT," SM"," 13-Aug-2026"," 32.70"," 32.70"," 32.70"," 30.00"," 31.95"," 30.85"," 31.23"," 7500"," 2.34"," 5"," 7500"," 100.00"
ARVSMART," EQ"," 13-Aug-2026"," 665.55"," 667.00"," 680.00"," 656.00"," 666.00"," 663.15"," 670.86"," 162289"," 1088.73"," 6591"," 72694"," 44.79"
ASAHIINDIA," EQ"," 13-Aug-2026"," 891.50"," 897.00"," 904.00"," 885.60"," 892.00"," 901.00"," 897.16"," 51459"," 461.67"," 4265"," 25730"," 50.00"
ASAHISONG," BE"," 13-Aug-2026"," 329.50"," 323.15"," 345.95"," 323.15"," 345.95"," 345.95"," 345.26"," 21459"," 74.09"," 142"," -"," -"
ASAL," EQ"," 13-Aug-2026"," 502.95"," 503.90"," 511.40"," 494.20"," 500.00"," 497.55"," 502.19"," 14342"," 72.02"," 1043"," 6707"," 46.76"
ASALCBR," EQ"," 13-Aug-2026"," 723.20"," 728.00"," 753.70"," 719.65"," 721.20"," 726.20"," 735.88"," 39120"," 287.87"," 3001"," 20993"," 53.66"
ASHALOG," SM"," 13-Aug-2026"," 61.50"," 61.50"," 61.55"," 60.00"," 60.00"," 60.00"," 60.83"," 5000"," 3.04"," 5"," 5000"," 100.00"
ASHAPURMIN," EQ"," 13-Aug-2026"," 637.30"," 639.70"," 646.00"," 608.20"," 611.00"," 613.65"," 624.33"," 456671"," 2851.13"," 17937"," 246984"," 54.08"
ASHIANA," EQ"," 13-Aug-2026"," 380.80"," 374.30"," 378.90"," 360.35"," 363.00"," 361.95"," 366.21"," 208964"," 765.24"," 5848"," 113571"," 54.35"
ASHIKAG," BE"," 13-Aug-2026"," 439.25"," 440.00"," 461.20"," 440.00"," 450.30"," 451.40"," 456.65"," 62655"," 286.12"," 329"," -"," -"
ASHIMASYN," EQ"," 13-Aug-2026"," 17.48"," 17.48"," 17.99"," 17.10"," 17.95"," 17.53"," 17.41"," 87009"," 15.15"," 411"," 43322"," 49.79"
ASHOKA," EQ"," 13-Aug-2026"," 113.90"," 113.12"," 113.40"," 111.65"," 112.40"," 112.43"," 112.86"," 833495"," 940.71"," 9055"," 540846"," 64.89"
ASHOKAMET," EQ"," 13-Aug-2026"," 13.93"," 13.90"," 14.10"," 13.80"," 14.04"," 14.02"," 14.01"," 15029"," 2.10"," 205"," 11461"," 76.26"
ASHOKLEY," EQ"," 13-Aug-2026"," 176.70"," 177.40"," 182.70"," 176.23"," 176.23"," 176.23"," 179.93"," 28284903"," 50893.82"," 146012"," 9092206"," 32.15"
ASIANENE," EQ"," 13-Aug-2026"," 405.80"," 408.50"," 417.30"," 401.00"," 403.15"," 410.00"," 412.00"," 313856"," 1293.10"," 8878"," 156894"," 49.99"
ASIANHOTNR," EQ"," 13-Aug-2026"," 304.10"," 309.50"," 312.60"," 295.00"," 296.55"," 297.50"," 302.84"," 27311"," 82.71"," 2375"," 12071"," 44.20"
ASIANPAINT," EQ"," 13-Aug-2026"," 2740.00"," 2725.00"," 2755.50"," 2720.00"," 2755.50"," 2755.50"," 2736.40"," 579435"," 15855.64"," 54444"," 341474"," 58.93"
ASIANTILES," EQ"," 13-Aug-2026"," 53.12"," 53.30"," 53.80"," 52.85"," 53.18"," 53.16"," 53.16"," 8044718"," 4276.78"," 20275"," 2475880"," 30.78"
ASKAUTOLTD," EQ"," 13-Aug-2026"," 651.20"," 652.00"," 675.00"," 638.00"," 644.90"," 649.45"," 654.65"," 844981"," 5531.66"," 27972"," 406758"," 48.14"
ASMS," BE"," 13-Aug-2026"," 7.22"," 7.16"," 7.30"," 6.95"," 7.04"," 7.03"," 7.04"," 328073"," 23.09"," 750"," -"," -"
ASPINWALL," EQ"," 13-Aug-2026"," 237.00"," 240.00"," 243.80"," 234.30"," 235.00"," 237.81"," 239.21"," 768"," 1.84"," 84"," 439"," 57.16"
ASPIRE," SM"," 13-Aug-2026"," 13.80"," 14.40"," 14.45"," 13.80"," 14.45"," 14.45"," 14.31"," 10000"," 1.43"," 5"," 8000"," 80.00"
ASTAR," EQ"," 13-Aug-2026"," 588.55"," 627.00"," 627.00"," 555.00"," 602.10"," 600.25"," 588.95"," 710"," 4.18"," 80"," 173"," 24.37"
ASTEC," EQ"," 13-Aug-2026"," 607.85"," 607.85"," 616.95"," 589.60"," 604.00"," 602.05"," 601.66"," 51257"," 308.39"," 3154"," 27939"," 54.51"
ASTERDM," EQ"," 13-Aug-2026"," 827.95"," 828.15"," 834.75"," 820.00"," 822.00"," 824.30"," 827.32"," 326932"," 2704.78"," 13702"," 128068"," 39.17"
ASTRAL," EQ"," 13-Aug-2026"," 1464.00"," 1499.00"," 1600.00"," 1491.00"," 1592.00"," 1592.00"," 1573.89"," 12371579"," 194715.57"," 338959"," 1842880"," 14.90"
ASTRAMICRO," EQ"," 13-Aug-2026"," 1665.40"," 1665.50"," 1713.00"," 1665.50"," 1711.00"," 1700.90"," 1690.79"," 384936"," 6508.47"," 22095"," 195404"," 50.76"
ASTRAZEN," EQ"," 13-Aug-2026"," 7906.50"," 7907.00"," 7922.50"," 7761.00"," 7781.00"," 7792.50"," 7827.16"," 5547"," 434.17"," 1326"," 3556"," 64.11"
ASTRON," BZ"," 13-Aug-2026"," 3.55"," 3.60"," 3.60"," 3.38"," 3.51"," 3.50"," 3.48"," 91990"," 3.20"," 89"," -"," -"
ATALREAL," EQ"," 13-Aug-2026"," 35.34"," 35.59"," 36.24"," 35.21"," 36.03"," 35.98"," 35.58"," 10148860"," 3610.61"," 8119"," 1091032"," 10.75"
ATAM," EQ"," 13-Aug-2026"," 64.88"," 66.00"," 66.00"," 52.30"," 54.50"," 54.35"," 56.60"," 117162"," 66.31"," 1718"," 68575"," 58.53"
ATGL," EQ"," 13-Aug-2026"," 660.35"," 661.00"," 671.35"," 652.10"," 653.80"," 655.05"," 660.14"," 517528"," 3416.43"," 16164"," 157813"," 30.49"
ATHERENERG," EQ"," 13-Aug-2026"," 1569.40"," 1575.00"," 1575.00"," 1500.10"," 1523.90"," 1526.50"," 1524.62"," 4013245"," 61186.86"," 115232"," 1313026"," 32.72"
ATL," EQ"," 13-Aug-2026"," 24.66"," 24.75"," 24.75"," 23.26"," 23.77"," 23.64"," 24.01"," 203467"," 48.85"," 1222"," 135522"," 66.61"
ATLANTAA," EQ"," 13-Aug-2026"," 42.13"," 40.06"," 40.92"," 38.36"," 39.01"," 39.38"," 39.30"," 184184"," 72.39"," 1841"," 118074"," 64.11"
ATLANTAELE," EQ"," 13-Aug-2026"," 1660.40"," 1662.00"," 1712.90"," 1620.00"," 1664.00"," 1648.90"," 1664.93"," 168225"," 2800.84"," 17429"," 65275"," 38.80"
ATLASCYCLE," EQ"," 13-Aug-2026"," 96.98"," 96.98"," 98.22"," 95.15"," 96.50"," 96.62"," 96.19"," 2993"," 2.88"," 90"," 2505"," 83.70"
ATLPP," E1"," 13-Aug-2026"," 8.98"," 9.02"," 9.55"," 8.90"," 9.40"," 9.02"," 8.97"," 1707"," 0.15"," 13"," 1666"," 97.60"
ATMASTCO," ST"," 13-Aug-2026"," 148.55"," 150.00"," 155.95"," 149.70"," 154.55"," 155.50"," 153.41"," 26400"," 40.50"," 41"," 25200"," 95.45"
ATUL," EQ"," 13-Aug-2026"," 6896.50"," 6940.00"," 6990.00"," 6884.00"," 6901.00"," 6903.00"," 6935.02"," 32716"," 2268.86"," 7243"," 19213"," 58.73"
ATULAUTO," EQ"," 13-Aug-2026"," 504.00"," 508.40"," 514.70"," 497.40"," 500.00"," 500.15"," 506.09"," 198215"," 1003.14"," 6421"," 85653"," 43.21"
AUBANK," EQ"," 13-Aug-2026"," 1091.40"," 1091.00"," 1101.10"," 1081.10"," 1098.00"," 1098.00"," 1089.44"," 1643565"," 17905.71"," 30574"," 1004250"," 61.10"
AURIONPRO," EQ"," 13-Aug-2026"," 718.75"," 718.00"," 749.50"," 718.00"," 734.95"," 733.95"," 735.38"," 530328"," 3899.92"," 17954"," 189449"," 35.72"
AUROIMPEX," SM"," 13-Aug-2026"," 25.20"," 24.10"," 26.10"," 23.95"," 26.10"," 26.10"," 24.62"," 8000"," 1.97"," 5"," 6400"," 80.00"
AUROPHARMA," EQ"," 13-Aug-2026"," 1667.00"," 1666.00"," 1682.40"," 1654.50"," 1663.40"," 1663.40"," 1671.64"," 962633"," 16091.78"," 24395"," 505090"," 52.47"
AURUM," EQ"," 13-Aug-2026"," 226.04"," 226.69"," 228.76"," 221.79"," 226.00"," 225.24"," 225.55"," 127265"," 287.05"," 2602"," 69878"," 54.91"
AURUS," EQ"," 13-Aug-2026"," 4.64"," 4.65"," 4.75"," 4.55"," 4.59"," 4.58"," 4.61"," 11792"," 0.54"," 164"," 5958"," 50.53"
AUSOMENT," EQ"," 13-Aug-2026"," 141.40"," 148.47"," 148.47"," 140.13"," 148.00"," 148.18"," 147.33"," 24986"," 36.81"," 243"," 15099"," 60.43"
AUTOAXLES," EQ"," 13-Aug-2026"," 1798.40"," 1798.40"," 1804.90"," 1776.10"," 1782.00"," 1782.40"," 1785.71"," 4451"," 79.48"," 629"," 3130"," 70.32"
AUTOBEES," EQ"," 13-Aug-2026"," 304.22"," 304.21"," 306.14"," 303.50"," 304.71"," 304.22"," 304.48"," 160865"," 489.80"," 2062"," 102959"," 64.00"
AUTOIETF," EQ"," 13-Aug-2026"," 30.49"," 30.49"," 30.63"," 30.41"," 30.52"," 30.48"," 30.50"," 317363"," 96.78"," 1662"," 200736"," 63.25"
AUTOIND," BE"," 13-Aug-2026"," 99.77"," 101.00"," 104.00"," 97.25"," 104.00"," 103.44"," 101.95"," 278375"," 283.79"," 1272"," -"," -"
AVADHSUGAR," EQ"," 13-Aug-2026"," 626.95"," 626.95"," 666.00"," 620.20"," 636.85"," 637.20"," 649.79"," 180143"," 1170.56"," 6404"," 65417"," 36.31"
AVALON," EQ"," 13-Aug-2026"," 1963.90"," 1973.70"," 1978.20"," 1912.00"," 1940.00"," 1930.40"," 1932.95"," 181993"," 3517.84"," 18272"," 76745"," 42.17"
AVANA," ST"," 13-Aug-2026"," 146.00"," 145.95"," 145.95"," 145.00"," 145.00"," 145.00"," 145.48"," 8000"," 11.64"," 4"," 8000"," 100.00"
AVANTEL," EQ"," 13-Aug-2026"," 158.23"," 158.23"," 162.39"," 158.22"," 160.03"," 160.16"," 160.88"," 547038"," 880.05"," 5767"," 199359"," 36.44"
AVANTIFEED," EQ"," 13-Aug-2026"," 868.25"," 868.00"," 878.00"," 851.55"," 859.00"," 856.95"," 863.07"," 402371"," 3472.74"," 21971"," 178466"," 44.35"
AVATAR," ST"," 13-Aug-2026"," 220.00"," 222.00"," 230.00"," 222.00"," 230.00"," 230.00"," 222.75"," 22000"," 49.01"," 8"," 22000"," 100.00"
AVG," BE"," 13-Aug-2026"," 201.80"," 208.00"," 210.00"," 201.80"," 207.95"," 207.30"," 206.05"," 13609"," 28.04"," 181"," -"," -"
AVIANSH," SM"," 13-Aug-2026"," 104.00"," 104.50"," 104.50"," 104.50"," 104.50"," 104.50"," 104.50"," 1000"," 1.05"," 1"," 1000"," 100.00"
AVIENCE," SM"," 13-Aug-2026"," 250.90"," 251.00"," 251.05"," 245.65"," 249.95"," 249.95"," 249.46"," 9600"," 23.95"," 16"," 6000"," 62.50"
AVL," EQ"," 13-Aug-2026"," 617.40"," 615.00"," 621.70"," 607.10"," 621.50"," 618.85"," 614.59"," 104821"," 644.22"," 7153"," 55186"," 52.65"
AVONMORE," EQ"," 13-Aug-2026"," 11.37"," 11.63"," 12.22"," 11.25"," 12.07"," 11.98"," 11.85"," 550766"," 65.25"," 1137"," 394943"," 71.71"
AVPINFRA," SM"," 13-Aug-2026"," 60.00"," 60.25"," 60.50"," 59.00"," 60.50"," 60.25"," 60.12"," 14400"," 8.66"," 15"," 6400"," 44.44"
AVROIND," EQ"," 13-Aug-2026"," 8.21"," 8.19"," 9.85"," 8.08"," 8.35"," 8.49"," 8.95"," 1951060"," 174.71"," 4414"," 524468"," 26.88"
AVTNPL," EQ"," 13-Aug-2026"," 70.26"," 70.26"," 72.59"," 69.82"," 71.99"," 71.31"," 71.44"," 69564"," 49.69"," 1645"," 42472"," 61.05"
AWFIS," EQ"," 13-Aug-2026"," 274.05"," 278.15"," 278.15"," 270.00"," 270.00"," 272.00"," 272.45"," 351704"," 958.21"," 5148"," 203533"," 57.87"
AWHCL," EQ"," 13-Aug-2026"," 392.15"," 391.90"," 397.25"," 390.35"," 395.15"," 393.50"," 394.13"," 77009"," 303.52"," 4236"," 42710"," 55.46"
AWL," EQ"," 13-Aug-2026"," 194.24"," 194.25"," 194.25"," 191.05"," 191.60"," 192.11"," 192.13"," 1196918"," 2299.68"," 18344"," 721035"," 60.24"
AXISBANK," EQ"," 13-Aug-2026"," 1230.00"," 1224.50"," 1224.80"," 1215.60"," 1221.80"," 1221.80"," 1219.56"," 5284300"," 64445.06"," 228581"," 3862336"," 73.09"
AXISCADES," EQ"," 13-Aug-2026"," 1543.40"," 1550.00"," 1562.80"," 1502.20"," 1535.00"," 1529.40"," 1537.74"," 98907"," 1520.93"," 7413"," 51075"," 51.64"
AXITA," EQ"," 13-Aug-2026"," 7.28"," 7.36"," 7.37"," 7.21"," 7.25"," 7.25"," 7.28"," 374775"," 27.29"," 1200"," 225769"," 60.24"
AYE," EQ"," 13-Aug-2026"," 176.96"," 176.99"," 182.90"," 172.89"," 175.86"," 175.56"," 177.25"," 1762523"," 3124.05"," 10228"," 1387171"," 78.70"
AYMSYNTEX," EQ"," 13-Aug-2026"," 253.20"," 254.20"," 258.00"," 251.95"," 255.60"," 256.45"," 254.82"," 15041"," 38.33"," 507"," 9037"," 60.08"
AZAD," EQ"," 13-Aug-2026"," 2479.50"," 2480.00"," 2689.00"," 2480.00"," 2650.00"," 2665.10"," 2615.50"," 1826213"," 47764.65"," 130417"," 565757"," 30.98"
BAFNAPH," BE"," 13-Aug-2026"," 268.30"," 262.95"," 262.95"," 262.95"," 262.95"," 262.95"," 262.95"," 2145"," 5.64"," 15"," -"," -"
BAGFILMS," EQ"," 13-Aug-2026"," 4.33"," 4.31"," 4.89"," 4.31"," 4.66"," 4.69"," 4.66"," 263485"," 12.27"," 617"," 179221"," 68.02"
BAGMANE," RR"," 13-Aug-2026"," 109.97"," 110.46"," 110.46"," 109.06"," 109.70"," 109.65"," 109.71"," 572292"," 627.87"," 13172"," 489599"," 85.55"
BAHETI," SM"," 13-Aug-2026"," 770.00"," 780.00"," 793.00"," 779.00"," 782.00"," 783.25"," 784.25"," 64125"," 502.90"," 32"," 56250"," 87.72"
BAIDFIN," EQ"," 13-Aug-2026"," 9.96"," 9.96"," 10.08"," 9.87"," 10.00"," 9.99"," 9.98"," 45616"," 4.55"," 174"," 41747"," 91.52"
BAJAJ-AUTO," EQ"," 13-Aug-2026"," 11700.00"," 11707.00"," 11750.00"," 11607.00"," 11661.00"," 11661.00"," 11692.20"," 138796"," 16228.31"," 17543"," 82373"," 59.35"
BAJAJCON," EQ"," 13-Aug-2026"," 538.25"," 538.00"," 538.00"," 525.10"," 529.00"," 527.65"," 529.18"," 247752"," 1311.06"," 11425"," 158347"," 63.91"
BAJAJELEC," EQ"," 13-Aug-2026"," 363.95"," 366.00"," 367.40"," 354.10"," 357.00"," 356.60"," 360.37"," 264906"," 954.64"," 9274"," 117076"," 44.20"
BAJAJFINSV," EQ"," 13-Aug-2026"," 2020.50"," 2010.10"," 2038.00"," 2006.70"," 2025.00"," 2025.00"," 2024.10"," 889438"," 18003.09"," 64629"," 548333"," 61.65"
BAJAJHCARE," EQ"," 13-Aug-2026"," 327.45"," 330.00"," 340.90"," 328.10"," 335.00"," 331.35"," 335.28"," 156193"," 523.69"," 4068"," 52026"," 33.31"
BAJAJHFL," EQ"," 13-Aug-2026"," 84.76"," 85.00"," 85.01"," 84.26"," 84.39"," 84.37"," 84.65"," 1833179"," 1551.86"," 17063"," 1091366"," 59.53"
BAJAJHIND," EQ"," 13-Aug-2026"," 17.87"," 17.84"," 18.44"," 17.55"," 17.63"," 17.67"," 17.98"," 11921970"," 2143.90"," 22984"," 3584434"," 30.07"
BAJAJHLDNG," EQ"," 13-Aug-2026"," 11579.00"," 11570.00"," 11570.00"," 11410.00"," 11500.00"," 11500.00"," 11490.90"," 17501"," 2011.02"," 6118"," 8943"," 51.10"
BAJAJINDEF," EQ"," 13-Aug-2026"," 233.62"," 229.80"," 230.00"," 216.70"," 217.60"," 218.27"," 220.05"," 88286"," 194.28"," 2311"," 50318"," 56.99"
BAJAJST," EQ"," 13-Aug-2026"," 367.90"," 368.00"," 376.10"," 367.20"," 371.85"," 370.25"," 370.87"," 8371"," 31.05"," 626"," 7172"," 85.68"
BAJEL," EQ"," 13-Aug-2026"," 192.77"," 197.00"," 201.00"," 193.10"," 193.69"," 194.15"," 197.47"," 702729"," 1387.66"," 10324"," 256463"," 36.50"
BAJFINANCE," EQ"," 13-Aug-2026"," 1094.20"," 1095.00"," 1095.30"," 1083.00"," 1090.80"," 1090.80"," 1088.14"," 2405186"," 26171.74"," 75100"," 1267952"," 52.72"
BALAJEE," EQ"," 13-Aug-2026"," 26.99"," 27.75"," 29.00"," 26.15"," 27.70"," 27.76"," 27.77"," 70345"," 19.53"," 537"," 51161"," 72.73"
BALAJITELE," EQ"," 13-Aug-2026"," 91.00"," 91.20"," 100.34"," 88.89"," 92.50"," 92.52"," 96.56"," 1395995"," 1347.97"," 14648"," 507793"," 36.37"
BALAMINES," EQ"," 13-Aug-2026"," 2080.90"," 2081.00"," 2116.70"," 2075.10"," 2088.00"," 2095.90"," 2097.23"," 56785"," 1190.91"," 6794"," 21009"," 37.00"
BALAXI," EQ"," 13-Aug-2026"," 24.05"," 23.93"," 24.20"," 23.75"," 23.99"," 23.99"," 23.99"," 45780"," 10.98"," 112"," 45404"," 99.18"
BALCO," ST"," 13-Aug-2026"," 18.00"," 18.00"," 18.00"," 18.00"," 18.00"," 18.00"," 18.00"," 1200"," 0.22"," 1"," 1200"," 100.00"
BALKRISHNA," EQ"," 13-Aug-2026"," 17.61"," 17.34"," 17.75"," 17.34"," 17.35"," 17.41"," 17.40"," 1823"," 0.32"," 41"," 1593"," 87.38"
BALKRISIND," EQ"," 13-Aug-2026"," 2496.90"," 2489.00"," 2529.20"," 2400.00"," 2409.90"," 2410.00"," 2441.61"," 285779"," 6977.61"," 24768"," 195949"," 68.57"
BALMLAWRIE," EQ"," 13-Aug-2026"," 174.43"," 174.43"," 174.99"," 170.60"," 173.90"," 173.50"," 173.01"," 263540"," 455.95"," 3239"," 91166"," 34.59"
BALPHARMA," EQ"," 13-Aug-2026"," 90.50"," 88.25"," 89.00"," 86.32"," 88.50"," 88.24"," 87.80"," 24327"," 21.36"," 844"," 14018"," 57.62"
BALRAMCHIN," EQ"," 13-Aug-2026"," 604.70"," 605.10"," 624.50"," 604.70"," 619.90"," 619.65"," 618.21"," 331605"," 2050.02"," 14204"," 113727"," 34.30"
BALUFORGE," EQ"," 13-Aug-2026"," 463.00"," 459.95"," 467.50"," 441.55"," 448.00"," 446.25"," 452.56"," 1009802"," 4570.00"," 23654"," 492175"," 48.74"
BANARBEADS," EQ"," 13-Aug-2026"," 113.33"," 116.60"," 116.77"," 112.70"," 112.80"," 112.89"," 113.34"," 1482"," 1.68"," 78"," 1196"," 80.70"
BANARISUG," EQ"," 13-Aug-2026"," 3464.30"," 3490.00"," 3490.00"," 3450.00"," 3474.00"," 3462.50"," 3456.70"," 103"," 3.56"," 16"," 78"," 75.73"
BANCOINDIA," EQ"," 13-Aug-2026"," 628.65"," 627.00"," 634.50"," 625.50"," 626.00"," 626.80"," 630.16"," 110195"," 694.40"," 5394"," 55796"," 50.63"
BANDHANBNK," EQ"," 13-Aug-2026"," 176.00"," 176.00"," 176.78"," 175.16"," 175.90"," 175.90"," 176.00"," 2979357"," 5243.53"," 17330"," 1515212"," 50.86"
BANG," EQ"," 13-Aug-2026"," 29.60"," 30.15"," 30.39"," 29.25"," 30.29"," 30.20"," 29.78"," 7112"," 2.12"," 87"," 4827"," 67.87"
BANK10ADD," EQ"," 13-Aug-2026"," 17.24"," 16.97"," 17.00"," 16.89"," 17.00"," 16.90"," 16.93"," 86506"," 14.65"," 217"," 63271"," 73.14"
BANK10BETF," EQ"," 13-Aug-2026"," 20.83"," 20.83"," 20.87"," 20.73"," 20.73"," 20.78"," 20.82"," 77"," 0.02"," 12"," 75"," 97.40"
BANKA," EQ"," 13-Aug-2026"," 84.64"," 86.99"," 86.99"," 81.40"," 81.50"," 81.97"," 85.02"," 1947"," 1.66"," 59"," 1254"," 64.41"
BANKADD," EQ"," 13-Aug-2026"," 59.33"," 59.48"," 59.48"," 59.02"," 59.07"," 59.06"," 59.08"," 34070"," 20.13"," 184"," 33108"," 97.18"
BANKBARODA," EQ"," 13-Aug-2026"," 251.00"," 250.99"," 250.99"," 247.64"," 248.00"," 248.00"," 248.61"," 3547993"," 8820.58"," 38366"," 2158961"," 60.85"
BANKBEES," EQ"," 13-Aug-2026"," 599.01"," 598.50"," 599.06"," 596.43"," 598.09"," 597.97"," 597.98"," 313043"," 1871.94"," 4243"," 186047"," 59.43"
BANKBETA," EQ"," 13-Aug-2026"," 59.88"," 59.81"," 59.81"," 59.59"," 59.74"," 59.65"," 59.69"," 38529"," 23.00"," 386"," 33037"," 85.75"
BANKBETF," EQ"," 13-Aug-2026"," 58.90"," 60.10"," 60.10"," 58.47"," 58.75"," 58.65"," 58.67"," 38434"," 22.55"," 337"," 37324"," 97.11"
BANKETF," EQ"," 13-Aug-2026"," 590.16"," 588.10"," 589.45"," 587.03"," 588.36"," 588.22"," 588.22"," 8595"," 50.56"," 110"," 7991"," 92.97"
BANKIETF," EQ"," 13-Aug-2026"," 59.43"," 59.44"," 59.59"," 59.18"," 59.30"," 59.31"," 59.29"," 241400"," 143.12"," 982"," 174674"," 72.36"
BANKINDIA," EQ"," 13-Aug-2026"," 145.50"," 145.33"," 146.25"," 144.30"," 144.87"," 144.87"," 144.94"," 2627478"," 3808.31"," 18106"," 1111708"," 42.31"
BANKNIFTY1," EQ"," 13-Aug-2026"," 60.15"," 58.64"," 60.25"," 58.64"," 59.92"," 59.89"," 59.90"," 116599"," 69.84"," 701"," 70058"," 60.08"
BANKPSU," EQ"," 13-Aug-2026"," 88.78"," 88.53"," 89.25"," 88.34"," 88.34"," 88.59"," 88.66"," 15264"," 13.53"," 100"," 9324"," 61.08"
BANSALWIRE," EQ"," 13-Aug-2026"," 323.00"," 325.70"," 326.85"," 318.60"," 325.00"," 323.55"," 321.90"," 153467"," 494.01"," 7300"," 86290"," 56.23"
BANSWRAS," EQ"," 13-Aug-2026"," 122.00"," 122.98"," 123.79"," 119.03"," 119.85"," 120.22"," 120.62"," 24437"," 29.48"," 800"," 16166"," 66.15"
BARFLEX," SM"," 13-Aug-2026"," 54.85"," 54.05"," 54.05"," 54.05"," 54.05"," 54.05"," 54.05"," 2000"," 1.08"," 1"," 2000"," 100.00"
BASF," EQ"," 13-Aug-2026"," 3990.10"," 3998.10"," 4161.40"," 3990.20"," 4133.00"," 4134.20"," 4098.50"," 66291"," 2716.93"," 11797"," 29735"," 44.86"
BASILIC," SM"," 13-Aug-2026"," 200.35"," 203.50"," 207.00"," 198.00"," 202.00"," 201.95"," 203.65"," 34800"," 70.87"," 88"," 26700"," 76.72"
BASML," BE"," 13-Aug-2026"," 25.83"," 25.95"," 25.97"," 24.80"," 25.20"," 24.93"," 25.36"," 25603"," 6.49"," 141"," -"," -"
BATAINDIA," EQ"," 13-Aug-2026"," 715.15"," 719.90"," 737.50"," 715.75"," 729.00"," 727.65"," 728.39"," 845138"," 6155.92"," 21668"," 420922"," 49.81"
BATLIBOI," EQ"," 13-Aug-2026"," 91.37"," 93.85"," 93.85"," 86.25"," 87.22"," 88.23"," 89.66"," 49433"," 44.32"," 1226"," 27599"," 55.83"
BAWEJA," ST"," 13-Aug-2026"," 24.25"," 24.30"," 24.30"," 24.30"," 24.30"," 24.30"," 24.30"," 1600"," 0.39"," 2"," 1600"," 100.00"
BAYERCROP," EQ"," 13-Aug-2026"," 4114.60"," 4114.60"," 4128.80"," 4080.10"," 4093.00"," 4085.40"," 4090.40"," 13719"," 561.16"," 2755"," 8752"," 63.79"
BBETF0432," EQ"," 13-Aug-2026"," 1357.08"," 1356.81"," 1357.59"," 1351.66"," 1354.26"," 1355.89"," 1354.29"," 7987"," 108.17"," 33"," 7919"," 99.15"
BBL," EQ"," 13-Aug-2026"," 2297.90"," 2297.90"," 2324.70"," 2292.10"," 2314.00"," 2306.40"," 2307.79"," 21040"," 485.56"," 3610"," 12851"," 61.08"
BBNPNBETF," EQ"," 13-Aug-2026"," 58.08"," 58.29"," 58.36"," 58.00"," 58.00"," 58.11"," 58.12"," 331"," 0.19"," 10"," 204"," 61.63"
BBNPPGOLD," EQ"," 13-Aug-2026"," 147.80"," 147.80"," 147.95"," 146.05"," 146.85"," 147.05"," 146.69"," 3375"," 4.95"," 116"," 1973"," 58.46"
BBOX," EQ"," 13-Aug-2026"," 772.10"," 790.00"," 842.50"," 784.05"," 832.00"," 832.50"," 825.08"," 2162670"," 17843.70"," 73327"," 577210"," 26.69"
BBTC," EQ"," 13-Aug-2026"," 1490.90"," 1499.90"," 1521.80"," 1445.10"," 1467.70"," 1471.80"," 1485.20"," 97520"," 1448.37"," 11482"," 28523"," 29.25"
BBTCL," EQ"," 13-Aug-2026"," 224.22"," 224.22"," 233.42"," 223.38"," 228.01"," 231.03"," 229.77"," 6217"," 14.28"," 341"," 4341"," 69.82"
BCG," EQ"," 13-Aug-2026"," 9.87"," 9.86"," 10.09"," 9.53"," 9.63"," 9.67"," 9.85"," 7364372"," 725.46"," 7836"," 3861613"," 52.44"
BCLIND," EQ"," 13-Aug-2026"," 37.48"," 37.05"," 37.66"," 36.42"," 36.52"," 36.55"," 36.84"," 743441"," 273.90"," 3398"," 389958"," 52.45"
BCONCEPTS," EQ"," 13-Aug-2026"," 170.13"," 170.00"," 172.79"," 163.00"," 165.00"," 164.30"," 166.22"," 23810"," 39.58"," 884"," 15541"," 65.27"
BCPL," EQ"," 13-Aug-2026"," 69.70"," 70.90"," 70.90"," 67.20"," 68.26"," 68.69"," 68.90"," 10943"," 7.54"," 288"," 6514"," 59.53"
BDL," EQ"," 13-Aug-2026"," 1340.00"," 1330.00"," 1379.50"," 1329.00"," 1375.50"," 1375.50"," 1364.61"," 4154401"," 56691.27"," 101668"," 1700294"," 40.93"
BEACON," SM"," 13-Aug-2026"," 92.00"," 91.00"," 91.00"," 90.00"," 90.00"," 90.00"," 90.63"," 8000"," 7.25"," 5"," 8000"," 100.00"
BEARDSELL," EQ"," 13-Aug-2026"," 26.18"," 26.18"," 26.18"," 24.50"," 25.18"," 24.90"," 24.94"," 77544"," 19.34"," 1065"," 41654"," 53.72"
BECTORFOOD," EQ"," 13-Aug-2026"," 242.35"," 243.00"," 246.41"," 237.35"," 239.20"," 240.25"," 242.23"," 1524937"," 3693.80"," 21578"," 490936"," 32.19"
BEDMUTHA," EQ"," 13-Aug-2026"," 117.16"," 119.00"," 122.80"," 113.36"," 115.99"," 115.62"," 118.66"," 10231"," 12.14"," 181"," 8503"," 83.11"
BEEKAY," EQ"," 13-Aug-2026"," 435.65"," 444.95"," 460.00"," 430.05"," 445.40"," 440.50"," 446.16"," 9836"," 43.88"," 396"," 3615"," 36.75"
BEL," EQ"," 13-Aug-2026"," 405.70"," 405.70"," 412.00"," 402.90"," 410.50"," 410.50"," 408.52"," 13819369"," 56454.27"," 160125"," 7115008"," 51.49"
BELLACASA," EQ"," 13-Aug-2026"," 241.74"," 241.74"," 247.40"," 237.50"," 241.28"," 239.51"," 239.63"," 7254"," 17.38"," 160"," 5806"," 80.04"
BELRISE," EQ"," 13-Aug-2026"," 261.35"," 263.39"," 264.99"," 250.60"," 254.20"," 254.42"," 255.92"," 4352373"," 11138.65"," 53513"," 1829853"," 42.04"
BEML," EQ"," 13-Aug-2026"," 1900.60"," 1907.00"," 1936.00"," 1898.10"," 1911.10"," 1910.60"," 1913.89"," 216982"," 4152.81"," 14947"," 75488"," 34.79"
BENGALASM," EQ"," 13-Aug-2026"," 6206.00"," 6155.00"," 6250.00"," 6155.00"," 6201.00"," 6216.00"," 6206.12"," 34"," 2.11"," 21"," 20"," 58.82"
BEPL," EQ"," 13-Aug-2026"," 120.54"," 120.80"," 123.45"," 120.61"," 122.36"," 122.30"," 122.35"," 663619"," 811.91"," 5914"," 256407"," 38.64"
BERGEPAINT," EQ"," 13-Aug-2026"," 559.80"," 564.50"," 565.90"," 542.40"," 543.50"," 546.35"," 554.17"," 513795"," 2847.30"," 33319"," 224418"," 43.68"
BESTAGRO," EQ"," 13-Aug-2026"," 19.04"," 19.01"," 19.55"," 18.83"," 18.94"," 18.93"," 19.16"," 719353"," 137.85"," 2403"," 234599"," 32.61"
BETA," EQ"," 13-Aug-2026"," 2559.00"," 2600.00"," 2663.90"," 2555.00"," 2573.00"," 2595.20"," 2598.26"," 24515"," 636.96"," 3467"," 12042"," 49.12"
BEWLTD," SM"," 13-Aug-2026"," 51.20"," 51.20"," 51.35"," 50.70"," 51.35"," 51.30"," 51.11"," 7000"," 3.58"," 14"," 6000"," 85.71"
BFINVEST," EQ"," 13-Aug-2026"," 457.00"," 456.10"," 469.85"," 456.10"," 464.80"," 464.00"," 464.83"," 22021"," 102.36"," 1135"," 10102"," 45.87"
BFSI," EQ"," 13-Aug-2026"," 27.48"," 27.45"," 27.45"," 27.32"," 27.35"," 27.34"," 27.36"," 1128030"," 308.66"," 768"," 1043545"," 92.51"
BFUTILITIE," EQ"," 13-Aug-2026"," 560.20"," 558.00"," 570.50"," 558.00"," 559.10"," 560.30"," 563.38"," 30358"," 171.03"," 1264"," 16770"," 55.24"
BGRENERGY," BE"," 13-Aug-2026"," 256.40"," 256.40"," 262.90"," 251.00"," 259.00"," 258.95"," 255.95"," 21982"," 56.26"," 398"," -"," -"
BHADORA," ST"," 13-Aug-2026"," 103.95"," 104.00"," 104.00"," 99.50"," 100.50"," 100.50"," 101.82"," 19200"," 19.55"," 16"," 19200"," 100.00"
BHAGCHEM," EQ"," 13-Aug-2026"," 280.35"," 280.35"," 283.15"," 275.05"," 277.00"," 276.20"," 278.58"," 46212"," 128.74"," 1692"," 26664"," 57.70"
BHAGERIA," BE"," 13-Aug-2026"," 205.35"," 205.35"," 207.50"," 200.00"," 202.98"," 200.36"," 201.96"," 33905"," 68.48"," 324"," -"," -"
BHAGYANGR," EQ"," 13-Aug-2026"," 379.10"," 380.05"," 384.40"," 365.00"," 370.40"," 370.40"," 372.35"," 146791"," 546.58"," 2853"," 93727"," 63.85"
BHANDARI," BE"," 13-Aug-2026"," 2.83"," 2.87"," 2.93"," 2.82"," 2.92"," 2.91"," 2.88"," 113340"," 3.26"," 178"," -"," -"
BHARATCOAL," EQ"," 13-Aug-2026"," 33.78"," 33.80"," 34.40"," 33.78"," 33.93"," 33.90"," 34.08"," 3342964"," 1139.28"," 10457"," 1522423"," 45.54"
BHARATFORG," EQ"," 13-Aug-2026"," 2081.50"," 2080.00"," 2103.00"," 2075.00"," 2088.00"," 2088.00"," 2092.01"," 1073265"," 22452.79"," 35436"," 599222"," 55.83"
BHARATGEAR," BE"," 13-Aug-2026"," 103.62"," 103.65"," 104.79"," 100.60"," 102.13"," 102.33"," 101.77"," 51970"," 52.89"," 397"," -"," -"
BHARATRAS," EQ"," 13-Aug-2026"," 1360.30"," 1358.00"," 1384.20"," 1354.00"," 1360.50"," 1366.40"," 1368.64"," 8425"," 115.31"," 1806"," 3552"," 42.16"
BHARATSE," EQ"," 13-Aug-2026"," 235.29"," 236.90"," 254.20"," 235.01"," 246.00"," 245.25"," 247.05"," 1252839"," 3095.13"," 23644"," 353438"," 28.21"
BHARATWIRE," EQ"," 13-Aug-2026"," 187.20"," 188.13"," 192.90"," 187.01"," 192.00"," 190.59"," 190.26"," 107703"," 204.92"," 2465"," 44412"," 41.24"
BHARTIARTL," EQ"," 13-Aug-2026"," 1945.00"," 1965.00"," 1970.00"," 1930.50"," 1939.10"," 1939.10"," 1954.11"," 13019222"," 254410.31"," 172264"," 7529770"," 57.84"
BHARTIHEXA," EQ"," 13-Aug-2026"," 1486.00"," 1501.30"," 1614.00"," 1500.10"," 1568.00"," 1565.50"," 1575.53"," 758775"," 11954.71"," 45144"," 128686"," 16.96"
BHEL," EQ"," 13-Aug-2026"," 420.00"," 420.00"," 420.50"," 412.00"," 420.00"," 420.00"," 415.23"," 14823680"," 61551.96"," 67384"," 7797264"," 52.60"
BI," EQ"," 13-Aug-2026"," 64.62"," 62.80"," 66.99"," 62.80"," 64.00"," 64.01"," 64.79"," 19374"," 12.55"," 351"," 14959"," 77.21"
BIGBLOC," EQ"," 13-Aug-2026"," 46.00"," 46.50"," 46.50"," 45.25"," 45.50"," 45.37"," 45.52"," 27654"," 12.59"," 515"," 22299"," 80.64"
BIKAJI," EQ"," 13-Aug-2026"," 609.60"," 610.00"," 621.70"," 610.00"," 617.00"," 616.90"," 617.94"," 71192"," 439.92"," 11047"," 36783"," 51.67"
BIKEWO," ST"," 13-Aug-2026"," 90.80"," 95.30"," 95.30"," 94.00"," 95.30"," 95.30"," 95.14"," 162000"," 154.13"," 76"," 154000"," 95.06"
BIL," EQ"," 13-Aug-2026"," 820.60"," 839.90"," 879.15"," 802.80"," 820.00"," 850.00"," 845.12"," 37455"," 316.54"," 1046"," 18494"," 49.38"
BILVYAPAR," BE"," 13-Aug-2026"," 4.10"," 4.25"," 4.29"," 4.09"," 4.10"," 4.10"," 4.27"," 4659"," 0.20"," 23"," -"," -"
BIMETAL," EQ"," 13-Aug-2026"," 647.95"," 630.10"," 642.00"," 617.95"," 633.00"," 639.40"," 630.69"," 596"," 3.76"," 58"," 442"," 74.16"
BIOCON," EQ"," 13-Aug-2026"," 427.40"," 424.10"," 425.30"," 416.20"," 420.00"," 420.00"," 419.80"," 4627924"," 19427.99"," 38734"," 2515565"," 54.36"
BIOFILCHEM," EQ"," 13-Aug-2026"," 32.67"," 33.05"," 33.35"," 31.30"," 32.49"," 31.80"," 32.17"," 23143"," 7.45"," 261"," 16203"," 70.01"
BIOPOL," SM"," 13-Aug-2026"," 101.35"," 101.70"," 101.70"," 97.20"," 100.50"," 99.50"," 99.33"," 61200"," 60.79"," 37"," 49200"," 80.39"
BIRET," RR"," 13-Aug-2026"," 345.68"," 342.00"," 346.95"," 341.50"," 346.84"," 346.23"," 344.21"," 371917"," 1280.16"," 11006"," 319673"," 85.95"
BIRLACABLE," BE"," 13-Aug-2026"," 294.17"," 293.40"," 308.25"," 279.47"," 305.00"," 302.99"," 299.67"," 477887"," 1432.08"," 5452"," -"," -"
BIRLACORPN," EQ"," 13-Aug-2026"," 904.40"," 901.00"," 906.40"," 897.50"," 901.00"," 902.05"," 901.86"," 22378"," 201.82"," 2293"," 12081"," 53.99"
BIRLAMONEY," EQ"," 13-Aug-2026"," 133.45"," 132.98"," 133.54"," 131.12"," 131.53"," 131.96"," 132.07"," 27223"," 35.95"," 581"," 21802"," 80.09"
BIRLANU," EQ"," 13-Aug-2026"," 1667.80"," 1650.60"," 1662.00"," 1625.00"," 1635.00"," 1635.50"," 1639.36"," 8159"," 133.76"," 1088"," 4467"," 54.75"
BIRLAPREC," EQ"," 13-Aug-2026"," 37.67"," 38.80"," 38.80"," 37.32"," 38.39"," 37.52"," 38.16"," 48007"," 18.32"," 226"," 41425"," 86.29"
BLACKBUCK," EQ"," 13-Aug-2026"," 568.05"," 568.20"," 580.00"," 564.50"," 578.00"," 576.80"," 573.96"," 160374"," 920.48"," 9726"," 81617"," 50.89"
BLACKROSE," BE"," 13-Aug-2026"," 108.14"," 102.74"," 108.00"," 102.74"," 106.00"," 103.29"," 103.92"," 21142"," 21.97"," 234"," -"," -"
BLAL," EQ"," 13-Aug-2026"," 170.90"," 170.90"," 172.64"," 169.10"," 171.50"," 170.40"," 170.60"," 20730"," 35.37"," 325"," 15883"," 76.62"
BLBLIMITED," EQ"," 13-Aug-2026"," 16.12"," 15.90"," 16.12"," 15.45"," 15.95"," 16.07"," 15.88"," 87213"," 13.85"," 257"," 68065"," 78.04"
BLIL," EQ"," 13-Aug-2026"," 70.93"," 71.38"," 71.40"," 70.57"," 70.79"," 70.70"," 70.86"," 35429"," 25.11"," 1251"," 25926"," 73.18"
BLISSGVS," BE"," 13-Aug-2026"," 489.55"," 514.00"," 514.00"," 505.00"," 514.00"," 514.00"," 513.79"," 832827"," 4278.94"," 5817"," -"," -"
BLKASHYAP," EQ"," 13-Aug-2026"," 52.61"," 52.65"," 53.99"," 51.37"," 51.81"," 51.81"," 52.05"," 264172"," 137.50"," 1756"," 156318"," 59.17"
BLS," EQ"," 13-Aug-2026"," 262.88"," 262.88"," 272.40"," 262.70"," 271.00"," 270.67"," 269.35"," 3299460"," 8887.09"," 41873"," 1424040"," 43.16"
BLSE," EQ"," 13-Aug-2026"," 316.65"," 316.65"," 319.00"," 313.00"," 315.65"," 315.30"," 315.82"," 258732"," 817.13"," 4351"," 119496"," 46.19"
BLUECHIP," EQ"," 13-Aug-2026"," 1.75"," 1.78"," 1.78"," 1.78"," 1.78"," 1.78"," 1.78"," 17181"," 0.31"," 29"," 17181"," 100.00"
BLUECOAST," BE"," 13-Aug-2026"," 24.40"," 24.33"," 25.62"," 23.21"," 24.98"," 24.98"," 23.96"," 361"," 0.09"," 18"," -"," -"
BLUEDART," EQ"," 13-Aug-2026"," 5093.00"," 5065.00"," 5145.00"," 5065.00"," 5120.00"," 5101.00"," 5115.12"," 6246"," 319.49"," 2307"," 2672"," 42.78"
BLUEJET," EQ"," 13-Aug-2026"," 587.10"," 589.40"," 599.80"," 584.10"," 589.75"," 594.60"," 595.01"," 740357"," 4405.20"," 21177"," 393498"," 53.15"
BLUEPEBBLE," SM"," 13-Aug-2026"," 74.00"," 73.00"," 73.00"," 72.00"," 72.20"," 72.20"," 72.40"," 1200"," 0.87"," 3"," 1200"," 100.00"
BLUESTARCO," EQ"," 13-Aug-2026"," 1490.00"," 1496.00"," 1515.00"," 1486.10"," 1514.00"," 1514.00"," 1501.51"," 239701"," 3599.14"," 15883"," 85262"," 35.57"
BLUESTONE," EQ"," 13-Aug-2026"," 894.50"," 906.00"," 926.00"," 860.35"," 872.60"," 874.30"," 892.29"," 6327025"," 56455.38"," 143226"," 939882"," 14.86"
BLUEWATER," ST"," 13-Aug-2026"," 409.60"," 409.95"," 420.00"," 409.95"," 420.00"," 416.05"," 416.69"," 12000"," 50.00"," 12"," 12000"," 100.00"
BLUSPRING," EQ"," 13-Aug-2026"," 121.51"," 122.50"," 124.74"," 114.00"," 115.00"," 115.49"," 117.60"," 622621"," 732.18"," 6733"," 254526"," 40.88"
BMETRICS," SM"," 13-Aug-2026"," 38.50"," 36.70"," 36.70"," 36.70"," 36.70"," 36.70"," 36.70"," 4800"," 1.76"," 6"," 3200"," 66.67"
BMLL," SM"," 13-Aug-2026"," 145.05"," 147.85"," 148.00"," 144.00"," 146.50"," 146.80"," 146.50"," 123000"," 180.20"," 38"," 77000"," 62.60"
BMWVENTLTD," EQ"," 13-Aug-2026"," 58.52"," 58.81"," 59.39"," 57.53"," 57.60"," 57.68"," 58.10"," 61694"," 35.84"," 1394"," 30535"," 49.49"
BNAGROCHEM," EQ"," 13-Aug-2026"," 254.10"," 255.00"," 255.00"," 242.00"," 246.00"," 246.00"," 245.82"," 326"," 0.80"," 25"," 278"," 85.28"
BNALTD," BE"," 13-Aug-2026"," 391.00"," 408.30"," 408.30"," 385.00"," 385.10"," 385.10"," 385.63"," 211"," 0.81"," 5"," -"," -"
BNKETFAXIS," EQ"," 13-Aug-2026"," 595.35"," 596.30"," 596.30"," 594.20"," 595.17"," 595.17"," 594.25"," 6135"," 36.46"," 20"," 6115"," 99.67"
BODALCHEM," BE"," 13-Aug-2026"," 68.78"," 68.78"," 69.39"," 67.00"," 67.90"," 67.67"," 67.86"," 53013"," 35.98"," 333"," -"," -"
BOHRAIND," EQ"," 13-Aug-2026"," 14.99"," 14.99"," 15.47"," 14.50"," 14.60"," 14.63"," 14.93"," 2048"," 0.31"," 27"," 1734"," 84.67"
BOMDYEING," EQ"," 13-Aug-2026"," 116.23"," 116.40"," 116.79"," 115.16"," 115.40"," 115.58"," 115.89"," 668973"," 775.29"," 8572"," 174212"," 26.04"
BONLON," EQ"," 13-Aug-2026"," 41.05"," 43.20"," 43.20"," 40.15"," 40.57"," 40.99"," 40.99"," 5459"," 2.24"," 102"," 4377"," 80.18"
BORANA," EQ"," 13-Aug-2026"," 329.05"," 331.80"," 334.95"," 317.75"," 317.90"," 319.00"," 323.91"," 33305"," 107.88"," 796"," 24350"," 73.11"
BOROLTD," EQ"," 13-Aug-2026"," 241.57"," 241.57"," 245.00"," 240.56"," 243.10"," 243.97"," 242.97"," 30937"," 75.17"," 1413"," 17160"," 55.47"
BORORENEW," EQ"," 13-Aug-2026"," 573.45"," 577.20"," 585.20"," 574.00"," 581.95"," 579.00"," 580.96"," 432432"," 2512.27"," 13388"," 240260"," 55.56"
BOROSCI," EQ"," 13-Aug-2026"," 133.40"," 135.00"," 136.70"," 133.91"," 136.00"," 135.44"," 135.23"," 45336"," 61.31"," 1459"," 26362"," 58.15"
BOSCH-HCIL," EQ"," 13-Aug-2026"," 1713.80"," 1706.00"," 1721.40"," 1670.00"," 1677.00"," 1685.10"," 1692.04"," 28822"," 487.68"," 3782"," 14951"," 51.87"
BOSCHLTD," EQ"," 13-Aug-2026"," 46480.00"," 46500.00"," 47285.00"," 46500.00"," 46750.00"," 46750.00"," 46868.97"," 48750"," 22848.62"," 17469"," 14342"," 29.42"
BOSS," SM"," 13-Aug-2026"," 45.30"," 43.05"," 47.00"," 43.05"," 47.00"," 45.35"," 44.18"," 24000"," 10.60"," 12"," 14000"," 58.33"
BPCL," EQ"," 13-Aug-2026"," 317.00"," 316.65"," 316.65"," 310.65"," 315.00"," 315.00"," 313.36"," 4751186"," 14888.33"," 46066"," 2684589"," 56.50"
BPL," EQ"," 13-Aug-2026"," 52.86"," 52.07"," 53.75"," 50.36"," 50.98"," 50.85"," 51.31"," 126166"," 64.73"," 1778"," 80173"," 63.55"
BRACEPORT," SM"," 13-Aug-2026"," 70.00"," 69.00"," 69.00"," 65.00"," 65.00"," 65.00"," 66.62"," 8000"," 5.33"," 5"," 6400"," 80.00"
BRANDMAN," SM"," 13-Aug-2026"," 197.15"," 197.90"," 204.00"," 191.00"," 191.00"," 193.10"," 200.43"," 56000"," 112.24"," 55"," 46400"," 82.86"
BRIGADE," EQ"," 13-Aug-2026"," 592.95"," 597.15"," 597.15"," 582.80"," 589.10"," 589.65"," 589.05"," 184828"," 1088.73"," 13410"," 77096"," 41.71"
BRIGHOTEL," EQ"," 13-Aug-2026"," 59.41"," 59.36"," 60.09"," 58.50"," 59.01"," 59.22"," 59.20"," 68084"," 40.31"," 1297"," 45734"," 67.17"
BRITANNIA," EQ"," 13-Aug-2026"," 5645.50"," 5624.00"," 5689.50"," 5585.00"," 5615.00"," 5615.00"," 5644.95"," 215340"," 12155.83"," 18100"," 108388"," 50.33"
BRNL," EQ"," 13-Aug-2026"," 17.60"," 18.10"," 18.10"," 17.50"," 17.74"," 17.66"," 17.60"," 12519"," 2.20"," 117"," 8456"," 67.55"
BROOKS," BE"," 13-Aug-2026"," 62.48"," 62.50"," 65.60"," 62.50"," 65.60"," 65.60"," 65.06"," 26904"," 17.50"," 152"," -"," -"
BSE," EQ"," 13-Aug-2026"," 3527.00"," 3520.00"," 3539.40"," 3491.00"," 3502.80"," 3502.80"," 3504.00"," 3403233"," 119249.30"," 110131"," 1567102"," 46.05"
BSE500IETF," EQ"," 13-Aug-2026"," 39.97"," 39.80"," 40.11"," 39.80"," 39.91"," 39.96"," 39.94"," 166089"," 66.34"," 1095"," 111640"," 67.22"
BSHSL," BE"," 13-Aug-2026"," 90.51"," 90.90"," 92.00"," 89.50"," 91.00"," 91.00"," 90.60"," 3342"," 3.03"," 66"," -"," -"
BSL," EQ"," 13-Aug-2026"," 123.08"," 123.69"," 124.50"," 121.90"," 122.00"," 122.08"," 122.55"," 1875"," 2.30"," 60"," 1519"," 81.01"
BSLGOLDETF," EQ"," 13-Aug-2026"," 134.53"," 132.37"," 134.53"," 132.37"," 133.75"," 133.66"," 133.65"," 148851"," 198.93"," 1754"," 85316"," 57.32"
BSLNIFTY," EQ"," 13-Aug-2026"," 28.66"," 29.00"," 29.00"," 28.36"," 28.66"," 28.64"," 28.64"," 646801"," 185.23"," 3066"," 538613"," 83.27"
BSLSENETFG," EQ"," 13-Aug-2026"," 78.39"," 77.80"," 79.80"," 77.80"," 79.50"," 78.55"," 78.64"," 19034"," 14.97"," 95"," 11183"," 58.75"
BSOFT," EQ"," 13-Aug-2026"," 313.30"," 313.80"," 319.60"," 312.60"," 313.50"," 313.55"," 315.72"," 665212"," 2100.24"," 12373"," 305603"," 45.94"
BTML," EQ"," 13-Aug-2026"," 8.76"," 8.90"," 9.09"," 8.63"," 8.90"," 8.90"," 8.93"," 622907"," 55.62"," 692"," 483551"," 77.63"
BTTL," BE"," 13-Aug-2026"," 43.94"," 41.80"," 44.24"," 41.75"," 42.89"," 42.32"," 42.47"," 5344"," 2.27"," 63"," -"," -"
BUILDPRO," EQ"," 13-Aug-2026"," 1242.80"," 1236.40"," 1328.30"," 1234.00"," 1275.00"," 1268.40"," 1285.85"," 96575"," 1241.81"," 8072"," 43934"," 45.49"
BURNPUR," BE"," 13-Aug-2026"," 20.29"," 19.28"," 19.28"," 19.28"," 19.28"," 19.28"," 19.28"," 6727"," 1.30"," 123"," -"," -"
BUTTERFLY," EQ"," 13-Aug-2026"," 677.20"," 679.00"," 684.20"," 670.15"," 684.00"," 682.45"," 678.41"," 5207"," 35.32"," 668"," 2332"," 44.79"
BVCL," EQ"," 13-Aug-2026"," 41.25"," 41.05"," 41.49"," 40.51"," 40.67"," 40.92"," 40.85"," 8295"," 3.39"," 173"," 5270"," 63.53"
BYKE," BE"," 13-Aug-2026"," 31.61"," 31.80"," 32.00"," 30.82"," 30.85"," 30.99"," 31.44"," 52616"," 16.54"," 184"," -"," -"
C2C," SM"," 13-Aug-2026"," 258.35"," 257.80"," 259.95"," 256.00"," 258.00"," 257.25"," 257.90"," 47700"," 123.02"," 202"," 36450"," 76.42"
CALSOFT," BE"," 13-Aug-2026"," 22.32"," 23.43"," 23.43"," 23.43"," 23.43"," 23.43"," 23.43"," 68231"," 15.99"," 125"," -"," -"
CAMLINFINE," EQ"," 13-Aug-2026"," 107.94"," 105.00"," 109.47"," 105.00"," 106.33"," 106.46"," 107.30"," 992803"," 1065.30"," 11497"," 407346"," 41.03"
CAMPUS," EQ"," 13-Aug-2026"," 219.03"," 219.20"," 221.45"," 217.68"," 220.00"," 219.95"," 219.31"," 413563"," 907.00"," 8438"," 189461"," 45.81"
CAMS," EQ"," 13-Aug-2026"," 777.40"," 778.00"," 785.55"," 768.65"," 773.00"," 773.00"," 774.10"," 1083699"," 8388.91"," 41384"," 615884"," 56.83"
CANARYS," SM"," 13-Aug-2026"," 23.05"," 23.20"," 23.20"," 22.60"," 22.90"," 22.85"," 22.96"," 44000"," 10.10"," 11"," 40000"," 90.91"
CANBK," EQ"," 13-Aug-2026"," 132.00"," 132.00"," 132.60"," 130.50"," 131.80"," 131.80"," 131.66"," 11698154"," 15402.00"," 45773"," 5451283"," 46.60"
CANFINHOME," EQ"," 13-Aug-2026"," 821.95"," 823.80"," 826.20"," 815.30"," 826.00"," 821.85"," 819.93"," 100011"," 820.02"," 9921"," 62790"," 62.78"
CANHLIFE," EQ"," 13-Aug-2026"," 147.60"," 148.32"," 151.02"," 145.25"," 149.63"," 150.23"," 148.39"," 947381"," 1405.81"," 13524"," 576056"," 60.81"
CANTABIL," EQ"," 13-Aug-2026"," 228.63"," 229.62"," 230.00"," 226.62"," 230.00"," 229.55"," 228.47"," 42598"," 97.32"," 1055"," 20223"," 47.47"
CAPACITE," EQ"," 13-Aug-2026"," 209.05"," 209.65"," 210.74"," 208.32"," 209.92"," 209.54"," 209.58"," 127759"," 267.75"," 2618"," 72912"," 57.07"
CAPILLARY," EQ"," 13-Aug-2026"," 528.55"," 531.20"," 548.80"," 525.00"," 534.90"," 531.05"," 536.61"," 414898"," 2226.36"," 9480"," 183488"," 44.22"
CAPINVIT," IV"," 13-Aug-2026"," 75.89"," 75.98"," 76.65"," 75.32"," 76.60"," 76.44"," 76.03"," 384977"," 292.71"," 5175"," 331560"," 86.12"
CAPITALSFB," EQ"," 13-Aug-2026"," 291.80"," 291.80"," 293.60"," 290.80"," 291.50"," 291.65"," 292.01"," 7215"," 21.07"," 320"," 3458"," 47.93"
CAPLIPOINT," EQ"," 13-Aug-2026"," 2472.40"," 2472.00"," 2521.10"," 2382.50"," 2503.00"," 2499.70"," 2466.09"," 127525"," 3144.88"," 19595"," 43258"," 33.92"
CAPTRUST," BE"," 13-Aug-2026"," 19.68"," 19.77"," 20.66"," 19.77"," 20.66"," 20.66"," 20.45"," 41530"," 8.49"," 104"," -"," -"
CARBORUNIV," EQ"," 13-Aug-2026"," 1154.20"," 1148.10"," 1192.00"," 1131.80"," 1184.00"," 1184.60"," 1163.79"," 232847"," 2709.85"," 21835"," 97843"," 42.02"
CARERATING," EQ"," 13-Aug-2026"," 1687.60"," 1709.90"," 1734.80"," 1682.70"," 1732.00"," 1728.30"," 1719.31"," 33451"," 575.13"," 5439"," 19076"," 57.03"
CARRARO," EQ"," 13-Aug-2026"," 518.00"," 519.55"," 532.75"," 516.00"," 523.50"," 524.55"," 525.99"," 112693"," 592.75"," 7618"," 49902"," 44.28"
CARTRADE," EQ"," 13-Aug-2026"," 2714.60"," 2720.10"," 2768.90"," 2690.90"," 2760.00"," 2757.00"," 2731.41"," 157086"," 4290.67"," 14591"," 65747"," 41.85"
CARYSIL," EQ"," 13-Aug-2026"," 1189.20"," 1197.80"," 1215.00"," 1188.10"," 1202.50"," 1207.30"," 1203.68"," 70584"," 849.61"," 5170"," 37202"," 52.71"
CASHIETF," EQ"," 13-Aug-2026"," 1074.89"," 1075.02"," 1075.04"," 1075.02"," 1075.03"," 1075.03"," 1075.03"," 156103"," 1678.16"," 60"," 114959"," 73.64"
CASTROLIND," EQ"," 13-Aug-2026"," 188.38"," 189.00"," 189.46"," 187.10"," 187.52"," 187.42"," 187.84"," 1361423"," 2557.25"," 16291"," 921810"," 67.71"
CCAVENUE," EQ"," 13-Aug-2026"," 16.05"," 16.25"," 16.25"," 15.59"," 15.65"," 15.64"," 15.83"," 11503541"," 1821.10"," 14937"," 6530574"," 56.77"
CCCL," EQ"," 13-Aug-2026"," 15.27"," 15.20"," 15.50"," 15.00"," 15.16"," 15.09"," 15.22"," 223148"," 33.96"," 512"," 155912"," 69.87"
CCHHL," EQ"," 13-Aug-2026"," 12.36"," 12.30"," 12.69"," 12.13"," 12.64"," 12.41"," 12.42"," 15521"," 1.93"," 132"," 12094"," 77.92"
CCL," EQ"," 13-Aug-2026"," 1135.50"," 1132.00"," 1148.40"," 1129.00"," 1141.00"," 1143.00"," 1138.52"," 64659"," 736.15"," 6622"," 38392"," 59.38"
CDSL," EQ"," 13-Aug-2026"," 1339.00"," 1339.00"," 1352.40"," 1336.30"," 1350.00"," 1350.00"," 1348.49"," 833682"," 11242.10"," 30125"," 411536"," 49.36"
CEATLTD," EQ"," 13-Aug-2026"," 3723.10"," 3756.00"," 3756.00"," 3680.00"," 3689.70"," 3696.50"," 3704.73"," 50791"," 1881.67"," 8162"," 24165"," 47.58"
CEDAAR," ST"," 13-Aug-2026"," 16.00"," 15.35"," 15.40"," 15.30"," 15.30"," 15.35"," 15.34"," 4000"," 0.61"," 4"," 4000"," 100.00"
CEIGALL," EQ"," 13-Aug-2026"," 319.35"," 319.30"," 324.00"," 313.70"," 317.40"," 317.05"," 317.73"," 188536"," 599.04"," 5949"," 83591"," 44.34"
CEINSYS," EQ"," 13-Aug-2026"," 748.60"," 761.10"," 810.00"," 750.00"," 796.00"," 795.00"," 793.60"," 195229"," 1549.33"," 12903"," 43273"," 22.17"
CELEBRITY," EQ"," 13-Aug-2026"," 6.86"," 6.85"," 6.97"," 6.85"," 6.95"," 6.90"," 6.91"," 12531"," 0.87"," 69"," 10489"," 83.70"
CELLECOR," ST"," 13-Aug-2026"," 30.30"," 29.60"," 31.05"," 29.60"," 30.20"," 30.20"," 30.53"," 81000"," 24.73"," 26"," 69000"," 85.19"
CELLO," EQ"," 13-Aug-2026"," 374.90"," 375.10"," 377.75"," 368.00"," 368.10"," 369.75"," 370.37"," 401880"," 1488.44"," 12052"," 204100"," 50.79"
CELLPOINT," SM"," 13-Aug-2026"," 16.65"," 16.00"," 16.00"," 16.00"," 16.00"," 16.00"," 16.00"," 1200"," 0.19"," 1"," 1200"," 100.00"
CEMNTGROWW," EQ"," 13-Aug-2026"," 15.20"," 15.27"," 15.46"," 14.50"," 14.91"," 14.70"," 14.79"," 590801"," 87.37"," 1352"," 360588"," 61.03"
CEMPRO," EQ"," 13-Aug-2026"," 1261.70"," 1255.00"," 1271.50"," 1229.00"," 1239.00"," 1237.00"," 1249.49"," 232437"," 2904.28"," 14516"," 140272"," 60.35"
CENTENKA," EQ"," 13-Aug-2026"," 604.10"," 594.90"," 595.65"," 575.40"," 582.90"," 581.90"," 583.41"," 86090"," 502.26"," 4187"," 46219"," 53.69"
CENTEXT," EQ"," 13-Aug-2026"," 21.11"," 21.30"," 22.09"," 21.12"," 21.75"," 21.72"," 21.72"," 142246"," 30.89"," 899"," 92482"," 65.02"
CENTRALBK," EQ"," 13-Aug-2026"," 31.28"," 31.30"," 31.59"," 31.23"," 31.39"," 31.36"," 31.40"," 3533180"," 1109.26"," 8293"," 1988838"," 56.29"
CENTRUM," EQ"," 13-Aug-2026"," 25.72"," 24.30"," 25.39"," 24.30"," 24.75"," 24.63"," 24.81"," 425716"," 105.63"," 1605"," 232520"," 54.62"
CENTUM," EQ"," 13-Aug-2026"," 3794.70"," 3808.80"," 3881.00"," 3770.00"," 3790.20"," 3791.00"," 3824.04"," 27538"," 1053.06"," 6328"," 15493"," 56.26"
CENTURYPLY," EQ"," 13-Aug-2026"," 763.85"," 760.65"," 778.05"," 760.65"," 763.20"," 763.70"," 770.60"," 28493"," 219.57"," 5463"," 11897"," 41.75"
CERA," EQ"," 13-Aug-2026"," 5885.50"," 5940.00"," 5950.00"," 5900.00"," 5912.00"," 5925.50"," 5927.23"," 2841"," 168.39"," 844"," 1520"," 53.50"
CEREBRAINT," BZ"," 13-Aug-2026"," 2.70"," 2.60"," 2.69"," 2.58"," 2.63"," 2.63"," 2.62"," 123247"," 3.23"," 176"," -"," -"
CESC," EQ"," 13-Aug-2026"," 162.43"," 162.21"," 165.50"," 160.00"," 164.70"," 164.83"," 163.69"," 3269113"," 5351.35"," 33589"," 722895"," 22.11"
CEWATER," EQ"," 13-Aug-2026"," 261.00"," 264.00"," 264.05"," 257.10"," 260.65"," 261.60"," 261.30"," 121207"," 316.71"," 3810"," 68634"," 56.63"
CGCL," EQ"," 13-Aug-2026"," 228.75"," 228.80"," 232.00"," 228.25"," 231.13"," 231.12"," 230.12"," 2420294"," 5569.57"," 19197"," 537431"," 22.21"
CGPOWER," EQ"," 13-Aug-2026"," 888.00"," 892.00"," 894.50"," 878.05"," 886.55"," 886.55"," 884.07"," 1373912"," 12146.30"," 28025"," 615110"," 44.77"
CGRAPHICS," SM"," 13-Aug-2026"," 148.70"," 146.05"," 146.70"," 145.05"," 146.70"," 146.60"," 145.51"," 15200"," 22.12"," 18"," 12800"," 84.21"
CHALET," EQ"," 13-Aug-2026"," 822.20"," 821.00"," 829.00"," 821.00"," 822.20"," 823.75"," 824.78"," 36098"," 297.73"," 4723"," 19316"," 53.51"
CHAMBLFERT," EQ"," 13-Aug-2026"," 442.30"," 442.45"," 446.65"," 442.10"," 443.00"," 443.30"," 444.07"," 189124"," 839.85"," 7784"," 98367"," 52.01"
CHAMUNDA," SM"," 13-Aug-2026"," 41.35"," 41.00"," 41.00"," 41.00"," 41.00"," 41.00"," 41.00"," 3000"," 1.23"," 1"," 3000"," 100.00"
CHANDAN," SM"," 13-Aug-2026"," 235.10"," 233.10"," 242.00"," 233.10"," 240.00"," 241.40"," 239.22"," 20000"," 47.84"," 24"," 14400"," 72.00"
CHAVDA," SM"," 13-Aug-2026"," 135.05"," 135.80"," 138.30"," 135.05"," 135.05"," 135.10"," 135.53"," 18000"," 24.40"," 17"," 9000"," 50.00"
CHEMBOND," BE"," 13-Aug-2026"," 179.49"," 180.00"," 180.25"," 173.10"," 180.00"," 180.00"," 177.43"," 2421"," 4.30"," 56"," -"," -"
CHEMBONDCH," BE"," 13-Aug-2026"," 274.82"," 278.90"," 278.90"," 266.50"," 275.00"," 272.32"," 273.14"," 10426"," 28.48"," 270"," -"," -"
CHEMCON," BE"," 13-Aug-2026"," 192.30"," 189.80"," 195.10"," 189.50"," 189.63"," 191.26"," 191.24"," 8369"," 16.01"," 171"," -"," -"
CHEMFAB," BE"," 13-Aug-2026"," 379.70"," 369.55"," 380.00"," 369.55"," 376.90"," 376.95"," 375.34"," 2430"," 9.12"," 34"," -"," -"
CHEMICAL," EQ"," 13-Aug-2026"," 30.54"," 30.55"," 31.00"," 30.54"," 30.90"," 30.97"," 30.75"," 411113"," 126.44"," 959"," 199081"," 48.42"
CHEMPLASTS," EQ"," 13-Aug-2026"," 182.35"," 182.45"," 182.80"," 178.01"," 182.30"," 180.39"," 179.94"," 151981"," 273.47"," 3445"," 55898"," 36.78"
CHENNPETRO," EQ"," 13-Aug-2026"," 1379.50"," 1377.10"," 1378.90"," 1308.00"," 1342.00"," 1341.80"," 1329.42"," 1846258"," 24544.58"," 59037"," 417878"," 22.63"
CHEVIOT," EQ"," 13-Aug-2026"," 1162.10"," 1150.00"," 1169.90"," 1150.00"," 1160.00"," 1158.80"," 1158.85"," 1302"," 15.09"," 229"," 834"," 64.06"
CHOICEGOLD," EQ"," 13-Aug-2026"," 151.71"," 151.71"," 152.98"," 150.10"," 151.00"," 150.44"," 150.55"," 12022"," 18.10"," 98"," 10033"," 83.46"
CHOICEIN," EQ"," 13-Aug-2026"," 814.50"," 813.95"," 819.85"," 807.20"," 809.75"," 810.25"," 813.86"," 358796"," 2920.09"," 5843"," 125161"," 34.88"
CHOLAFIN," EQ"," 13-Aug-2026"," 1917.60"," 1914.10"," 1927.90"," 1895.40"," 1927.90"," 1927.90"," 1911.94"," 868566"," 16606.42"," 24303"," 563884"," 64.92"
CHOLAHLDNG," EQ"," 13-Aug-2026"," 1550.70"," 1573.50"," 1604.70"," 1560.00"," 1578.20"," 1584.70"," 1587.13"," 85611"," 1358.76"," 11908"," 44272"," 51.71"
CIEINDIA," EQ"," 13-Aug-2026"," 411.70"," 415.00"," 415.00"," 407.85"," 409.00"," 408.60"," 410.22"," 188736"," 774.24"," 8403"," 122308"," 64.80"
CIFL," EQ"," 13-Aug-2026"," 21.92"," 22.00"," 22.35"," 21.12"," 21.50"," 21.50"," 21.80"," 116796"," 25.46"," 1079"," 71449"," 61.17"
CINELINE," EQ"," 13-Aug-2026"," 89.34"," 90.23"," 90.72"," 88.12"," 89.68"," 89.18"," 89.20"," 10352"," 9.23"," 154"," 7919"," 76.50"
CINEVISTA," EQ"," 13-Aug-2026"," 14.82"," 15.45"," 15.45"," 14.71"," 14.98"," 14.82"," 15.05"," 2463"," 0.37"," 49"," 2121"," 86.11"
CIPLA," EQ"," 13-Aug-2026"," 1463.00"," 1458.10"," 1464.40"," 1456.20"," 1458.80"," 1458.80"," 1459.83"," 440742"," 6434.09"," 35382"," 312114"," 70.82"
CITIUSINVT," IV"," 13-Aug-2026"," 110.79"," 111.79"," 111.79"," 110.02"," 111.25"," 110.93"," 110.90"," 83884"," 93.03"," 970"," 75646"," 90.18"
CKKRETAIL," SM"," 13-Aug-2026"," 149.00"," 145.15"," 145.15"," 145.00"," 145.00"," 145.05"," 145.04"," 5600"," 8.12"," 4"," 4800"," 85.71"
CLASSICEIL," SM"," 13-Aug-2026"," 47.25"," 47.50"," 49.45"," 47.50"," 48.00"," 48.50"," 48.49"," 14400"," 6.98"," 9"," 14400"," 100.00"
CLAYCRAFT," SM"," 13-Aug-2026"," 159.80"," 159.65"," 165.50"," 159.65"," 164.00"," 164.15"," 160.85"," 45000"," 72.38"," 50"," 38400"," 85.33"
CLCIND," BE"," 13-Aug-2026"," 50.11"," 49.49"," 51.89"," 48.00"," 51.00"," 48.58"," 50.52"," 1917"," 0.97"," 24"," -"," -"
CLEAN," EQ"," 13-Aug-2026"," 804.90"," 804.90"," 838.80"," 803.00"," 836.30"," 836.35"," 827.43"," 883392"," 7309.47"," 36921"," 398530"," 45.11"
CLEANMAX," EQ"," 13-Aug-2026"," 1269.90"," 1270.10"," 1276.40"," 1243.40"," 1257.00"," 1254.90"," 1260.27"," 130482"," 1644.42"," 11387"," 78146"," 59.89"
CLEDUCATE," BE"," 13-Aug-2026"," 60.00"," 60.00"," 60.79"," 57.00"," 60.00"," 59.87"," 58.74"," 82186"," 48.28"," 151"," -"," -"
CLSEL," EQ"," 13-Aug-2026"," 283.65"," 284.45"," 285.05"," 280.30"," 281.80"," 281.25"," 281.69"," 25174"," 70.91"," 820"," 11934"," 47.41"
CLSL," ST"," 13-Aug-2026"," 74.45"," 70.75"," 78.15"," 70.75"," 78.15"," 78.15"," 75.76"," 52000"," 39.40"," 26"," 52000"," 100.00"
CMLL," EQ"," 13-Aug-2026"," 538.75"," 533.50"," 554.70"," 530.05"," 548.70"," 544.40"," 543.33"," 684347"," 3718.28"," 12181"," 230035"," 33.61"
CMNL," SM"," 13-Aug-2026"," 109.00"," 113.80"," 113.80"," 105.00"," 106.00"," 106.00"," 107.43"," 111000"," 119.25"," 61"," 87000"," 78.38"
CMPDI," EQ"," 13-Aug-2026"," 246.00"," 246.02"," 246.19"," 240.20"," 241.35"," 240.92"," 242.45"," 673471"," 1632.84"," 9573"," 356697"," 52.96"
CMRGREEN," EQ"," 13-Aug-2026"," 215.70"," 216.90"," 220.00"," 216.30"," 218.48"," 218.44"," 217.91"," 389288"," 848.28"," 28963"," 203050"," 52.16"
CMRSL," SM"," 13-Aug-2026"," 65.60"," 66.55"," 66.55"," 66.55"," 66.55"," 66.55"," 66.55"," 800"," 0.53"," 1"," 800"," 100.00"
CMSINFO," EQ"," 13-Aug-2026"," 255.60"," 256.50"," 268.00"," 254.60"," 266.30"," 265.95"," 263.77"," 577184"," 1522.47"," 15890"," 316618"," 54.86"
CNL," EQ"," 13-Aug-2026"," 1207.25"," 1192.00"," 1248.90"," 1181.00"," 1222.00"," 1226.00"," 1224.41"," 132780"," 1625.77"," 10434"," 57907"," 43.61"
COALINDIA," EQ"," 13-Aug-2026"," 409.30"," 409.30"," 410.50"," 406.70"," 410.50"," 410.50"," 407.76"," 4423109"," 18035.68"," 71703"," 2955901"," 66.83"
COASTCORP," EQ"," 13-Aug-2026"," 41.65"," 41.65"," 42.74"," 41.20"," 41.26"," 41.70"," 42.01"," 81477"," 34.23"," 867"," 53447"," 65.60"
COCHINSHIP," EQ"," 13-Aug-2026"," 1506.00"," 1500.00"," 1536.90"," 1500.00"," 1507.00"," 1507.00"," 1516.55"," 1161993"," 17622.17"," 30907"," 398505"," 34.29"
COCKERILL," EQ"," 13-Aug-2026"," 9693.50"," 9746.00"," 10458.00"," 9708.50"," 10190.00"," 10101.50"," 10142.98"," 43803"," 4442.93"," 10941"," 14771"," 33.72"
COFFEEDAY," BE"," 13-Aug-2026"," 29.91"," 29.91"," 30.00"," 29.00"," 29.24"," 29.20"," 29.30"," 702010"," 205.71"," 1658"," -"," -"
COFORGE," EQ"," 13-Aug-2026"," 1801.50"," 1800.50"," 1829.90"," 1788.00"," 1829.00"," 1829.00"," 1813.49"," 1878214"," 34061.27"," 56758"," 902050"," 48.03"
COHANCE," EQ"," 13-Aug-2026"," 444.35"," 442.00"," 452.75"," 441.15"," 445.50"," 444.20"," 445.76"," 605174"," 2697.64"," 34773"," 291523"," 48.17"
COLPAL," EQ"," 13-Aug-2026"," 2005.00"," 2001.10"," 2002.40"," 1977.60"," 1995.50"," 1995.50"," 1987.60"," 225592"," 4483.87"," 24786"," 111376"," 49.37"
COMFINTE," EQ"," 13-Aug-2026"," 6.52"," 6.70"," 7.08"," 6.40"," 6.53"," 6.61"," 6.68"," 600290"," 40.10"," 530"," 315191"," 52.51"
COMMITTED," ST"," 13-Aug-2026"," 343.90"," 344.00"," 344.00"," 328.00"," 343.00"," 337.00"," 342.84"," 33600"," 115.20"," 16"," 33600"," 100.00"
COMMOIETF," EQ"," 13-Aug-2026"," 100.53"," 100.54"," 102.00"," 99.94"," 100.59"," 100.34"," 100.16"," 70353"," 70.47"," 513"," 35156"," 49.97"
COMPINFO," BZ"," 13-Aug-2026"," 1.07"," 1.07"," 1.12"," 1.07"," 1.09"," 1.09"," 1.09"," 6464"," 0.07"," 17"," -"," -"
COMPUSOFT," EQ"," 13-Aug-2026"," 13.28"," 13.38"," 13.47"," 13.08"," 13.19"," 13.19"," 13.20"," 7847"," 1.04"," 105"," 5548"," 70.70"
COMSYN," EQ"," 13-Aug-2026"," 269.25"," 270.00"," 290.00"," 268.61"," 283.00"," 282.66"," 275.93"," 555697"," 1533.32"," 6011"," 153847"," 27.69"
CONCOR," EQ"," 13-Aug-2026"," 512.05"," 514.65"," 535.50"," 513.70"," 533.65"," 533.65"," 529.90"," 4783981"," 25350.18"," 71701"," 2086659"," 43.62"
CONCORDBIO," EQ"," 13-Aug-2026"," 1444.70"," 1459.90"," 1463.40"," 1418.00"," 1460.00"," 1454.50"," 1441.72"," 110289"," 1590.06"," 12714"," 53035"," 48.09"
CONFIPET," EQ"," 13-Aug-2026"," 73.82"," 74.10"," 74.79"," 72.00"," 73.40"," 73.80"," 73.16"," 2498663"," 1828.10"," 12833"," 986732"," 39.49"
CONNPLEX," SM"," 13-Aug-2026"," 202.45"," 201.00"," 202.00"," 199.00"," 199.25"," 199.25"," 200.28"," 8000"," 16.02"," 9"," 7200"," 90.00"
CONS," EQ"," 13-Aug-2026"," 12.45"," 12.57"," 12.57"," 12.43"," 12.53"," 12.50"," 12.47"," 9918"," 1.24"," 99"," 8123"," 81.90"
CONSOFINVT," BE"," 13-Aug-2026"," 278.80"," 275.05"," 276.00"," 272.00"," 273.90"," 272.05"," 273.20"," 1947"," 5.32"," 33"," -"," -"
CONSUMAXIS," EQ"," 13-Aug-2026"," 125.92"," 124.77"," 124.99"," 124.43"," 124.88"," 124.88"," 124.65"," 1134"," 1.41"," 26"," 707"," 62.35"
CONSUMBEES," EQ"," 13-Aug-2026"," 134.33"," 135.00"," 135.34"," 134.51"," 135.29"," 135.07"," 134.92"," 59833"," 80.73"," 755"," 30585"," 51.12"
CONSUMER," EQ"," 13-Aug-2026"," 12.21"," 12.27"," 12.30"," 12.21"," 12.29"," 12.26"," 12.25"," 174862"," 21.42"," 255"," 119667"," 68.44"
CONSUMIETF," EQ"," 13-Aug-2026"," 124.84"," 125.44"," 125.74"," 125.20"," 125.30"," 125.37"," 125.33"," 30467"," 38.18"," 130"," 16602"," 54.49"
CONTI," SM"," 13-Aug-2026"," 11.05"," 11.60"," 11.60"," 11.60"," 11.60"," 11.60"," 11.60"," 3333"," 0.39"," 1"," 3333"," 100.00"
CONTROLPR," EQ"," 13-Aug-2026"," 567.50"," 563.30"," 576.55"," 563.30"," 574.00"," 572.05"," 569.49"," 11931"," 67.95"," 2078"," 7405"," 62.07"
COOLCAPS," ST"," 13-Aug-2026"," 20.95"," 20.15"," 20.90"," 19.95"," 20.05"," 20.05"," 20.08"," 52500"," 10.54"," 27"," 51250"," 97.62"
CORALFINAC," EQ"," 13-Aug-2026"," 32.86"," 33.96"," 34.37"," 32.60"," 33.80"," 33.18"," 33.58"," 205439"," 68.98"," 1657"," 63124"," 30.73"
CORDELIA," EQ"," 13-Aug-2026"," 825.50"," 833.00"," 855.95"," 827.00"," 844.10"," 841.15"," 844.64"," 197733"," 1670.14"," 5624"," 99506"," 50.32"
CORDSCABLE," BE"," 13-Aug-2026"," 232.92"," 234.99"," 238.50"," 221.28"," 221.28"," 225.80"," 231.93"," 95133"," 220.64"," 718"," -"," -"
COROMANDEL," EQ"," 13-Aug-2026"," 2073.30"," 2076.90"," 2092.90"," 2065.20"," 2090.00"," 2088.80"," 2085.74"," 58664"," 1223.58"," 13337"," 32968"," 56.20"
CORONA," EQ"," 13-Aug-2026"," 2135.90"," 2141.90"," 2142.00"," 2098.00"," 2114.00"," 2113.20"," 2116.04"," 10803"," 228.60"," 1478"," 5242"," 48.52"
COSMOFIRST," EQ"," 13-Aug-2026"," 909.00"," 902.00"," 923.35"," 902.00"," 916.00"," 913.30"," 913.54"," 73254"," 669.21"," 3774"," 41509"," 56.66"
COUNCODOS," BE"," 13-Aug-2026"," 5.96"," 6.16"," 6.25"," 6.10"," 6.25"," 6.25"," 6.19"," 77492"," 4.80"," 147"," -"," -"
CPCAP," EQ"," 13-Aug-2026"," 131.81"," 136.97"," 142.00"," 132.01"," 138.69"," 140.18"," 138.29"," 160692"," 222.21"," 1871"," 73719"," 45.88"
CPEDU," EQ"," 13-Aug-2026"," 213.53"," 212.40"," 217.00"," 208.00"," 208.20"," 208.29"," 212.08"," 16917"," 35.88"," 632"," 10248"," 60.58"
CPL," EQ"," 13-Aug-2026"," 69.86"," 69.50"," 70.29"," 69.50"," 69.94"," 69.95"," 69.91"," 118924"," 83.15"," 448"," 16936"," 14.24"
CPPLUS," EQ"," 13-Aug-2026"," 3899.10"," 4094.00"," 4094.00"," 3704.20"," 3704.20"," 3704.20"," 3818.34"," 635695"," 24272.97"," 49681"," 318361"," 50.08"
CPSEETF," EQ"," 13-Aug-2026"," 93.86"," 94.97"," 94.97"," 93.79"," 94.62"," 94.37"," 94.17"," 617371"," 581.37"," 5290"," 395203"," 64.01"
CRAFTSMAN," EQ"," 13-Aug-2026"," 10511.00"," 10620.00"," 10620.00"," 10331.00"," 10373.50"," 10380.00"," 10439.24"," 27725"," 2894.28"," 8944"," 14042"," 50.65"
CRAMC," EQ"," 13-Aug-2026"," 258.40"," 253.25"," 259.25"," 253.25"," 256.15"," 256.10"," 256.95"," 189118"," 485.93"," 7170"," 109815"," 58.07"
CRAYONS," SM"," 13-Aug-2026"," 25.95"," 27.00"," 27.00"," 27.00"," 27.00"," 27.00"," 27.00"," 1000"," 0.27"," 1"," 1000"," 100.00"
CREATIVEYE," EQ"," 13-Aug-2026"," 6.02"," 6.10"," 6.35"," 6.00"," 6.20"," 6.08"," 6.09"," 2853"," 0.17"," 43"," 2248"," 78.79"
CREDITACC," EQ"," 13-Aug-2026"," 1545.40"," 1551.40"," 1555.80"," 1536.00"," 1536.00"," 1542.40"," 1544.18"," 108359"," 1673.25"," 12468"," 58932"," 54.39"
CREST," EQ"," 13-Aug-2026"," 363.35"," 373.00"," 373.00"," 357.05"," 364.10"," 364.05"," 364.69"," 3480"," 12.69"," 211"," 2666"," 76.61"
CRISIL," EQ"," 13-Aug-2026"," 4507.10"," 4507.10"," 4510.00"," 4449.50"," 4452.20"," 4466.40"," 4467.34"," 13455"," 601.08"," 3589"," 7744"," 57.55"
CRIZAC," EQ"," 13-Aug-2026"," 182.52"," 186.00"," 186.00"," 179.10"," 180.50"," 180.31"," 181.67"," 193373"," 351.31"," 4107"," 111244"," 57.53"
CROMPTON," EQ"," 13-Aug-2026"," 247.85"," 247.90"," 249.25"," 245.10"," 248.15"," 248.15"," 247.30"," 1237589"," 3060.51"," 20837"," 543877"," 43.95"
CROWN," EQ"," 13-Aug-2026"," 107.29"," 110.90"," 110.90"," 107.60"," 108.95"," 108.87"," 108.58"," 3347"," 3.63"," 71"," 2852"," 85.21"
CSBBANK," EQ"," 13-Aug-2026"," 319.20"," 319.20"," 325.45"," 315.00"," 324.25"," 323.75"," 320.95"," 307001"," 985.32"," 11121"," 154454"," 50.31"
CSLFINANCE," EQ"," 13-Aug-2026"," 224.18"," 225.00"," 227.40"," 213.06"," 215.96"," 217.67"," 217.29"," 65636"," 142.62"," 1502"," 41681"," 63.50"
CSM," EQ"," 13-Aug-2026"," 101.79"," 101.24"," 102.68"," 99.18"," 100.75"," 100.20"," 100.77"," 114008"," 114.89"," 1469"," 50386"," 44.20"
CSSL," SM"," 13-Aug-2026"," 101.00"," 100.00"," 100.00"," 98.00"," 98.00"," 98.05"," 98.53"," 4000"," 3.94"," 4"," 4000"," 100.00"
CTE," EQ"," 13-Aug-2026"," 37.02"," 37.30"," 37.95"," 37.00"," 37.85"," 37.50"," 37.36"," 7448"," 2.78"," 88"," 6474"," 86.92"
CUB," EQ"," 13-Aug-2026"," 215.85"," 215.85"," 216.00"," 207.25"," 208.51"," 210.52"," 212.05"," 1974875"," 4187.73"," 34687"," 1164768"," 58.98"
CUBEINVIT," IV"," 13-Aug-2026"," 159.09"," 158.50"," 159.90"," 158.11"," 159.00"," 159.19"," 159.17"," 442409"," 704.19"," 31357"," 364747"," 82.45"
CUBEXTUB," EQ"," 13-Aug-2026"," 79.11"," 80.50"," 89.00"," 78.60"," 83.00"," 82.60"," 82.54"," 165809"," 136.86"," 2356"," 59863"," 36.10"
CUDML," ST"," 13-Aug-2026"," 114.05"," 108.35"," 111.50"," 108.35"," 108.35"," 108.35"," 108.77"," 30000"," 32.63"," 19"," 30000"," 100.00"
CUMMINSIND," EQ"," 13-Aug-2026"," 5365.00"," 5350.50"," 5384.50"," 5315.00"," 5315.00"," 5315.00"," 5343.68"," 357217"," 19088.53"," 19080"," 275082"," 77.01"
CUPID," EQ"," 13-Aug-2026"," 289.87"," 291.25"," 295.00"," 281.11"," 294.98"," 294.86"," 291.54"," 46358975"," 135153.06"," 290510"," 9536445"," 20.57"
CURAA," EQ"," 13-Aug-2026"," 73.71"," 74.90"," 76.20"," 71.45"," 71.70"," 71.70"," 73.62"," 335"," 0.25"," 38"," 185"," 55.22"
CURIS," SM"," 13-Aug-2026"," 104.15"," 102.00"," 102.00"," 102.00"," 102.00"," 102.00"," 102.00"," 4000"," 4.08"," 4"," 4000"," 100.00"
CURRENT," SM"," 13-Aug-2026"," 107.00"," 101.05"," 101.05"," 101.05"," 101.05"," 101.05"," 101.05"," 1600"," 1.62"," 1"," 1600"," 100.00"
CYBERMEDIA," BE"," 13-Aug-2026"," 16.28"," 16.28"," 16.99"," 16.20"," 16.79"," 16.72"," 16.56"," 31005"," 5.14"," 42"," -"," -"
CYBERTECH," BE"," 13-Aug-2026"," 135.04"," 132.05"," 138.00"," 132.05"," 136.49"," 135.54"," 134.93"," 8964"," 12.09"," 152"," -"," -"
CYIENT," EQ"," 13-Aug-2026"," 840.50"," 843.20"," 885.00"," 843.20"," 879.00"," 879.65"," 874.50"," 782252"," 6840.78"," 37359"," 372046"," 47.56"
CYIENTDLM," EQ"," 13-Aug-2026"," 688.95"," 687.60"," 737.00"," 685.05"," 725.00"," 728.15"," 722.84"," 1350047"," 9758.66"," 51453"," 617745"," 45.76"
DABUR," EQ"," 13-Aug-2026"," 411.25"," 408.90"," 411.25"," 406.60"," 410.00"," 410.00"," 409.75"," 730919"," 2994.91"," 17164"," 386410"," 52.87"
DAICHI," EQ"," 13-Aug-2026"," 311.25"," 319.95"," 326.80"," 310.05"," 326.80"," 323.75"," 321.52"," 6758"," 21.73"," 96"," 4740"," 70.14"
DALBHARAT," EQ"," 13-Aug-2026"," 1841.40"," 1832.20"," 1847.80"," 1812.20"," 1834.60"," 1834.60"," 1826.34"," 53276"," 973.00"," 5190"," 20573"," 38.62"
DALMIASUG," EQ"," 13-Aug-2026"," 410.10"," 412.60"," 439.70"," 409.45"," 430.00"," 427.35"," 429.44"," 1069651"," 4593.52"," 24897"," 291302"," 27.23"
DAMCAPITAL," EQ"," 13-Aug-2026"," 146.15"," 146.15"," 149.45"," 146.15"," 147.01"," 148.06"," 148.08"," 159126"," 235.64"," 2854"," 65343"," 41.06"
DAMODARIND," BE"," 13-Aug-2026"," 28.62"," 27.80"," 28.70"," 27.51"," 28.50"," 28.50"," 28.24"," 1072"," 0.30"," 20"," -"," -"
DANGEE," EQ"," 13-Aug-2026"," 2.96"," 2.96"," 3.04"," 2.86"," 2.86"," 2.89"," 2.95"," 42085"," 1.24"," 154"," 32083"," 76.23"
DANISH," SM"," 13-Aug-2026"," 762.10"," 766.00"," 769.60"," 743.75"," 758.05"," 759.70"," 756.21"," 12900"," 97.55"," 76"," 9450"," 73.26"
DATAMATICS," EQ"," 13-Aug-2026"," 862.95"," 855.10"," 888.00"," 855.10"," 860.50"," 861.70"," 873.86"," 125482"," 1096.54"," 7605"," 52567"," 41.89"
DATAPATTNS," EQ"," 13-Aug-2026"," 4491.00"," 4513.90"," 4590.00"," 4487.60"," 4532.00"," 4529.30"," 4545.72"," 594263"," 27013.54"," 52462"," 159876"," 26.90"
DAVANGERE," EQ"," 13-Aug-2026"," 3.09"," 3.12"," 3.16"," 2.95"," 3.00"," 2.98"," 3.03"," 10566546"," 319.97"," 4384"," 6233771"," 59.00"
DBCORP," EQ"," 13-Aug-2026"," 212.22"," 212.50"," 213.69"," 210.20"," 210.50"," 210.90"," 212.15"," 70235"," 149.00"," 1743"," 47984"," 68.32"
DBEIL," BE"," 13-Aug-2026"," 7.14"," 7.27"," 7.27"," 7.00"," 7.13"," 7.11"," 7.08"," 89251"," 6.32"," 217"," -"," -"
DBL," EQ"," 13-Aug-2026"," 414.95"," 415.00"," 420.05"," 412.50"," 413.90"," 413.90"," 416.20"," 123011"," 511.97"," 5676"," 49011"," 39.84"
DBOL," EQ"," 13-Aug-2026"," 114.11"," 113.85"," 121.00"," 113.85"," 119.03"," 117.76"," 118.65"," 374211"," 443.99"," 5858"," 173328"," 46.32"
DBREALTY," EQ"," 13-Aug-2026"," 113.27"," 112.99"," 113.89"," 112.00"," 113.00"," 112.89"," 112.97"," 317767"," 358.98"," 1512"," 225636"," 71.01"
DBSTOCKBRO," BE"," 13-Aug-2026"," 32.44"," 32.11"," 33.94"," 32.00"," 32.62"," 32.61"," 32.57"," 1175"," 0.38"," 25"," -"," -"
DCAL," EQ"," 13-Aug-2026"," 191.15"," 192.00"," 201.00"," 190.81"," 197.10"," 198.50"," 197.59"," 634654"," 1254.04"," 13094"," 247845"," 39.05"
DCBBANK," EQ"," 13-Aug-2026"," 188.24"," 188.24"," 188.89"," 184.00"," 186.40"," 187.10"," 186.59"," 495323"," 924.22"," 6847"," 258913"," 52.27"
DCCL," SM"," 13-Aug-2026"," 49.50"," 47.05"," 47.05"," 47.00"," 47.00"," 47.00"," 47.03"," 4000"," 1.88"," 2"," 4000"," 100.00"
DCG," SM"," 13-Aug-2026"," 54.70"," 53.05"," 55.00"," 53.00"," 53.60"," 53.60"," 53.73"," 14400"," 7.74"," 12"," 10800"," 75.00"
DCI," EQ"," 13-Aug-2026"," 352.20"," 352.95"," 370.00"," 350.00"," 367.00"," 366.35"," 362.99"," 15794"," 57.33"," 642"," 10941"," 69.27"
DCM," BE"," 13-Aug-2026"," 82.17"," 82.80"," 83.70"," 82.50"," 82.75"," 82.76"," 83.28"," 1518"," 1.26"," 19"," -"," -"
DCMFINSERV," EQ"," 13-Aug-2026"," 5.09"," 5.09"," 5.54"," 5.09"," 5.54"," 5.39"," 5.33"," 3667"," 0.20"," 44"," 2333"," 63.62"
DCMNVL," EQ"," 13-Aug-2026"," 179.26"," 181.00"," 181.00"," 174.60"," 175.33"," 175.79"," 177.80"," 12860"," 22.86"," 343"," 10173"," 79.11"
DCMSHRIRAM," EQ"," 13-Aug-2026"," 993.70"," 992.00"," 1014.80"," 969.10"," 1009.00"," 1010.00"," 993.04"," 197635"," 1962.59"," 18207"," 43853"," 22.19"
DCMSIL," BE"," 13-Aug-2026"," 81.38"," 83.49"," 85.25"," 77.71"," 84.00"," 83.17"," 83.46"," 86930"," 72.55"," 361"," -"," -"
DCMSRIND," EQ"," 13-Aug-2026"," 42.98"," 42.76"," 44.56"," 41.40"," 41.50"," 41.71"," 42.66"," 362228"," 154.52"," 1691"," 171043"," 47.22"
DCW," EQ"," 13-Aug-2026"," 45.97"," 46.49"," 46.49"," 45.55"," 46.22"," 46.11"," 46.06"," 1096482"," 505.00"," 3384"," 482195"," 43.98"
DCXINDIA," EQ"," 13-Aug-2026"," 177.01"," 169.99"," 174.32"," 165.21"," 172.74"," 170.80"," 170.38"," 1501496"," 2558.24"," 17866"," 627747"," 41.81"
DDEVPLSTIK," EQ"," 13-Aug-2026"," 290.85"," 288.50"," 293.10"," 283.00"," 284.25"," 285.30"," 286.78"," 107009"," 306.88"," 2759"," 68457"," 63.97"
DECCANCE," EQ"," 13-Aug-2026"," 549.90"," 548.00"," 553.80"," 534.60"," 542.10"," 542.95"," 541.07"," 18268"," 98.84"," 1068"," 6102"," 33.40"
DECCANTRAN," SM"," 13-Aug-2026"," 22.30"," 22.00"," 22.00"," 22.00"," 22.00"," 22.00"," 22.00"," 2400"," 0.53"," 2"," 1200"," 50.00"
DECNGOLD," EQ"," 13-Aug-2026"," 220.35"," 220.35"," 228.00"," 217.14"," 228.00"," 224.82"," 222.72"," 2248733"," 5008.46"," 21216"," 1052078"," 46.79"
DEEDEV," EQ"," 13-Aug-2026"," 638.70"," 638.70"," 651.15"," 626.15"," 630.00"," 629.70"," 635.59"," 89827"," 570.93"," 2782"," 65882"," 73.34"
DEEM," ST"," 13-Aug-2026"," 43.15"," 41.00"," 42.80"," 41.00"," 42.80"," 42.80"," 41.45"," 4000"," 1.66"," 4"," 4000"," 100.00"
DEEPAKFERT," EQ"," 13-Aug-2026"," 1455.70"," 1455.70"," 1474.40"," 1444.60"," 1461.50"," 1456.50"," 1461.43"," 206418"," 3016.65"," 16236"," 83432"," 40.42"
DEEPAKNTR," EQ"," 13-Aug-2026"," 1718.40"," 1724.00"," 1729.50"," 1695.00"," 1702.60"," 1701.80"," 1709.25"," 179223"," 3063.37"," 13459"," 92708"," 51.73"
DEEPINDS," EQ"," 13-Aug-2026"," 696.10"," 696.10"," 698.45"," 656.20"," 664.00"," 665.90"," 673.49"," 426381"," 2871.64"," 18273"," 204001"," 47.84"
DEFENCE," EQ"," 13-Aug-2026"," 80.68"," 82.29"," 82.29"," 80.70"," 82.25"," 82.21"," 81.89"," 226931"," 185.82"," 699"," 183697"," 80.95"
DELAPLEX," SM"," 13-Aug-2026"," 86.00"," 89.30"," 89.75"," 89.00"," 89.00"," 89.00"," 89.33"," 3000"," 2.68"," 3"," 3000"," 100.00"
DELHIVERY," EQ"," 13-Aug-2026"," 470.25"," 466.00"," 473.00"," 466.00"," 467.00"," 467.00"," 468.65"," 4726698"," 22151.65"," 38964"," 2931228"," 62.01"
DELPHIFX," BE"," 13-Aug-2026"," 6.67"," 6.64"," 6.90"," 6.60"," 6.70"," 6.69"," 6.68"," 25279"," 1.69"," 92"," -"," -"
DELTACORP," EQ"," 13-Aug-2026"," 60.71"," 61.01"," 61.42"," 60.75"," 61.05"," 60.94"," 61.03"," 729173"," 444.99"," 3849"," 362761"," 49.75"
DELTAMAGNT," EQ"," 13-Aug-2026"," 58.14"," 60.45"," 60.45"," 57.00"," 58.83"," 58.64"," 57.77"," 11172"," 6.45"," 257"," 6625"," 59.30"
DELTIC," SM"," 13-Aug-2026"," 35.50"," 35.50"," 35.90"," 35.45"," 35.90"," 35.90"," 35.57"," 5000"," 1.78"," 5"," 4000"," 80.00"
DEN," EQ"," 13-Aug-2026"," 26.99"," 26.99"," 28.34"," 26.99"," 27.70"," 27.69"," 27.78"," 546906"," 151.94"," 2233"," 256689"," 46.93"
DENEERS," SM"," 13-Aug-2026"," 163.25"," 164.90"," 172.00"," 156.05"," 172.00"," 164.35"," 162.62"," 31200"," 50.74"," 42"," 27000"," 86.54"
DENORA," EQ"," 13-Aug-2026"," 846.30"," 859.65"," 866.30"," 831.95"," 841.05"," 847.30"," 845.78"," 3163"," 26.75"," 366"," 2122"," 67.09"
DENTA," EQ"," 13-Aug-2026"," 323.10"," 321.50"," 326.45"," 315.50"," 319.75"," 316.90"," 320.27"," 129762"," 415.59"," 3737"," 64523"," 49.72"
DENTALKART," SM"," 13-Aug-2026"," 394.25"," 391.00"," 400.00"," 385.00"," 388.95"," 388.05"," 389.48"," 18500"," 72.05"," 64"," 12750"," 68.92"
DEVIT," EQ"," 13-Aug-2026"," 27.14"," 27.01"," 27.40"," 26.50"," 27.10"," 26.88"," 26.88"," 13044"," 3.51"," 244"," 9104"," 69.79"
DEVX," EQ"," 13-Aug-2026"," 34.99"," 35.80"," 35.80"," 33.11"," 34.05"," 33.67"," 33.87"," 124776"," 42.26"," 2549"," 90083"," 72.20"
DEVYANI," EQ"," 13-Aug-2026"," 140.21"," 140.81"," 143.98"," 137.35"," 137.90"," 138.51"," 140.96"," 3664043"," 5164.85"," 27245"," 889866"," 24.29"
DGCONTENT," EQ"," 13-Aug-2026"," 24.87"," 25.25"," 25.35"," 24.85"," 24.85"," 24.85"," 25.07"," 3522"," 0.88"," 34"," 3204"," 90.97"
DHAMPURSUG," EQ"," 13-Aug-2026"," 159.23"," 159.23"," 167.30"," 158.26"," 161.99"," 161.73"," 164.28"," 1050077"," 1725.08"," 16164"," 358404"," 34.13"
DHANBANK," EQ"," 13-Aug-2026"," 32.50"," 32.34"," 32.80"," 32.11"," 32.29"," 32.26"," 32.31"," 480964"," 155.42"," 1554"," 353920"," 73.59"
DHANUKA," EQ"," 13-Aug-2026"," 1026.70"," 1022.80"," 1027.50"," 1010.60"," 1012.00"," 1013.50"," 1018.46"," 12232"," 124.58"," 2079"," 7142"," 58.39"
DHARAN," BZ"," 13-Aug-2026"," 0.15"," 0.16"," 0.16"," 0.15"," 0.16"," 0.16"," 0.16"," 34706158"," 55.20"," 1155"," -"," -"
DHARARAIL," ST"," 13-Aug-2026"," 140.00"," 137.05"," 141.00"," 137.00"," 140.00"," 140.00"," 138.78"," 9000"," 12.49"," 8"," 8000"," 88.89"
DHARIWAL," SM"," 13-Aug-2026"," 22.50"," 20.25"," 21.35"," 20.25"," 20.30"," 20.25"," 20.34"," 291000"," 59.18"," 77"," 240000"," 82.47"
DHARMAJ," EQ"," 13-Aug-2026"," 278.45"," 278.40"," 282.05"," 273.25"," 276.50"," 275.00"," 279.28"," 175977"," 491.46"," 2833"," 152723"," 86.79"
DHRUV," EQ"," 13-Aug-2026"," 23.17"," 23.45"," 24.10"," 22.02"," 22.87"," 23.63"," 22.56"," 27186"," 6.13"," 159"," 21632"," 79.57"
DHTL," SM"," 13-Aug-2026"," 33.25"," 31.60"," 32.50"," 31.60"," 31.60"," 31.60"," 32.07"," 36800"," 11.80"," 23"," 28800"," 78.26"
DHUNINV," EQ"," 13-Aug-2026"," 972.20"," 977.05"," 1148.00"," 957.50"," 1044.35"," 1042.60"," 1085.43"," 31023"," 336.73"," 2647"," 8134"," 26.22"
DIACABS," BE"," 13-Aug-2026"," 367.95"," 372.00"," 376.30"," 357.30"," 362.75"," 367.50"," 367.61"," 1135199"," 4173.15"," 13847"," -"," -"
DIAMINESQ," EQ"," 13-Aug-2026"," 240.72"," 241.00"," 248.00"," 239.52"," 240.00"," 240.04"," 240.80"," 7924"," 19.08"," 211"," 4696"," 59.26"
DIAMONDYD," EQ"," 13-Aug-2026"," 1192.60"," 1192.80"," 1196.60"," 1171.80"," 1178.00"," 1184.20"," 1182.59"," 11928"," 141.06"," 706"," 7564"," 63.41"
DICIND," EQ"," 13-Aug-2026"," 505.80"," 577.85"," 606.95"," 553.50"," 574.50"," 575.50"," 594.03"," 274578"," 1631.06"," 8509"," 69732"," 25.40"
DIFFNKG," EQ"," 13-Aug-2026"," 362.60"," 363.60"," 399.55"," 362.70"," 392.00"," 391.15"," 388.67"," 745561"," 2897.79"," 20721"," 169639"," 22.75"
DIGIDRIVE," EQ"," 13-Aug-2026"," 17.79"," 17.99"," 17.99"," 17.41"," 17.78"," 17.44"," 17.66"," 9365"," 1.65"," 110"," 8087"," 86.35"
DIGIKORE," SM"," 13-Aug-2026"," 41.70"," 40.50"," 41.70"," 39.10"," 39.85"," 40.15"," 40.81"," 54800"," 22.36"," 68"," 49200"," 89.78"
DIGISPICE," EQ"," 13-Aug-2026"," 17.16"," 17.39"," 18.00"," 16.88"," 17.31"," 17.59"," 17.27"," 87970"," 15.19"," 270"," 37478"," 42.60"
DIGITIDE," EQ"," 13-Aug-2026"," 103.86"," 104.70"," 104.70"," 102.36"," 102.50"," 103.55"," 103.43"," 140124"," 144.93"," 1597"," 58483"," 41.74"
DIGJAMLMTD," EQ"," 13-Aug-2026"," 48.92"," 49.26"," 49.94"," 47.72"," 48.70"," 48.49"," 48.86"," 3922"," 1.92"," 55"," 3521"," 89.78"
DISAQ," EQ"," 13-Aug-2026"," 11622.00"," 11651.00"," 12001.00"," 11521.00"," 11540.00"," 11597.00"," 11755.94"," 504"," 59.25"," 261"," 326"," 64.68"
DISHTV," EQ"," 13-Aug-2026"," 2.81"," 2.81"," 2.83"," 2.79"," 2.82"," 2.80"," 2.81"," 519139"," 14.61"," 858"," 469909"," 90.52"
DIVGIITTS," EQ"," 13-Aug-2026"," 1231.95"," 1229.15"," 1257.00"," 1186.20"," 1218.00"," 1219.75"," 1218.39"," 403607"," 4917.51"," 26305"," 131145"," 32.49"
DIVIDEND," EQ"," 13-Aug-2026"," 36.12"," 36.23"," 36.30"," 36.07"," 36.30"," 36.26"," 36.20"," 7122"," 2.58"," 53"," 4623"," 64.91"
DIVINEHIRA," ST"," 13-Aug-2026"," 106.80"," 109.00"," 109.00"," 102.00"," 106.90"," 106.90"," 104.90"," 18000"," 18.88"," 15"," 15600"," 86.67"
DIVISLAB," EQ"," 13-Aug-2026"," 8600.00"," 8539.50"," 8539.50"," 8414.00"," 8500.00"," 8500.00"," 8451.97"," 344131"," 29085.85"," 30941"," 190510"," 55.36"
DIVOPPBEES," EQ"," 13-Aug-2026"," 79.25"," 80.09"," 80.09"," 78.74"," 79.50"," 79.07"," 79.17"," 39150"," 30.99"," 564"," 26394"," 67.42"
DIVYADHAN," ST"," 13-Aug-2026"," 50.05"," 47.55"," 49.95"," 47.55"," 48.00"," 48.10"," 48.54"," 14000"," 6.80"," 7"," 12000"," 85.71"
DIXON," EQ"," 13-Aug-2026"," 13800.00"," 13840.00"," 14065.00"," 13645.00"," 14035.00"," 14035.00"," 13864.62"," 433433"," 60093.84"," 64919"," 194281"," 44.82"
DJML," EQ"," 13-Aug-2026"," 103.58"," 103.10"," 106.99"," 98.80"," 105.90"," 104.69"," 102.93"," 321018"," 330.42"," 3188"," 101914"," 31.75"
DKEGL," SM"," 13-Aug-2026"," 62.50"," 63.55"," 63.55"," 63.55"," 63.55"," 63.55"," 63.55"," 1500"," 0.95"," 1"," 1500"," 100.00"
DLF," EQ"," 13-Aug-2026"," 661.75"," 661.20"," 667.80"," 656.65"," 664.00"," 664.00"," 663.04"," 2637351"," 17486.61"," 43684"," 1207192"," 45.77"
DLINKINDIA," EQ"," 13-Aug-2026"," 425.95"," 429.45"," 429.45"," 417.65"," 418.05"," 418.80"," 421.39"," 125853"," 530.33"," 5077"," 84971"," 67.52"
DMART," EQ"," 13-Aug-2026"," 4040.00"," 4060.00"," 4075.00"," 4010.00"," 4070.00"," 4070.00"," 4052.25"," 397089"," 16091.02"," 25239"," 250802"," 63.16"
DMCC," EQ"," 13-Aug-2026"," 299.30"," 300.00"," 314.50"," 298.55"," 304.00"," 300.50"," 304.37"," 187349"," 570.23"," 3897"," 103833"," 55.42"
DNAMEDIA," EQ"," 13-Aug-2026"," 2.72"," 2.77"," 2.77"," 2.63"," 2.73"," 2.71"," 2.68"," 49718"," 1.33"," 94"," 47044"," 94.62"
DODLA," EQ"," 13-Aug-2026"," 1043.60"," 1038.40"," 1125.00"," 1037.10"," 1124.80"," 1109.80"," 1088.04"," 92917"," 1010.98"," 10211"," 35840"," 38.57"
DOLATALGO," EQ"," 13-Aug-2026"," 69.81"," 70.00"," 70.70"," 69.41"," 70.50"," 70.35"," 70.30"," 51164"," 35.97"," 922"," 37805"," 73.89"
DOLLAR," EQ"," 13-Aug-2026"," 277.30"," 278.00"," 279.70"," 270.35"," 271.40"," 271.75"," 274.94"," 103095"," 283.45"," 2377"," 67520"," 65.49"
DOLLEX," SM"," 13-Aug-2026"," 32.15"," 32.25"," 32.30"," 31.80"," 32.05"," 32.05"," 32.11"," 24000"," 7.71"," 6"," 24000"," 100.00"
DOLPHIN," EQ"," 13-Aug-2026"," 494.35"," 502.00"," 538.80"," 475.00"," 484.00"," 484.90"," 491.97"," 498545"," 2452.69"," 8160"," 393469"," 78.92"
DOMS," EQ"," 13-Aug-2026"," 2242.00"," 2240.00"," 2255.00"," 2230.00"," 2230.50"," 2234.60"," 2238.25"," 16575"," 370.99"," 2633"," 9990"," 60.27"
DONEAR," EQ"," 13-Aug-2026"," 85.00"," 83.20"," 85.49"," 82.00"," 85.40"," 85.06"," 83.99"," 67903"," 57.03"," 513"," 35300"," 51.99"
DPABHUSHAN," EQ"," 13-Aug-2026"," 1417.10"," 1419.90"," 1429.90"," 1344.80"," 1366.90"," 1365.10"," 1375.04"," 36320"," 499.41"," 2634"," 18123"," 49.90"
DPEL," SM"," 13-Aug-2026"," 559.75"," 565.00"," 575.00"," 550.10"," 566.10"," 567.35"," 566.63"," 51000"," 288.98"," 91"," 31000"," 60.78"
DPSCLTD," BE"," 13-Aug-2026"," 7.34"," 7.22"," 7.45"," 7.22"," 7.39"," 7.36"," 7.35"," 65378"," 4.81"," 353"," -"," -"
DPWIRES," BE"," 13-Aug-2026"," 166.79"," 166.89"," 166.89"," 164.51"," 165.11"," 165.11"," 165.55"," 3991"," 6.61"," 77"," -"," -"
DRAGARWQ," EQ"," 13-Aug-2026"," 5311.50"," 5311.50"," 5500.00"," 5300.00"," 5350.00"," 5418.00"," 5392.50"," 1564"," 84.34"," 397"," 957"," 61.19"
DRCSYSTEMS," EQ"," 13-Aug-2026"," 12.81"," 13.06"," 13.06"," 12.75"," 12.80"," 12.82"," 12.80"," 51901"," 6.64"," 215"," 39481"," 76.07"
DREAMFOLKS," EQ"," 13-Aug-2026"," 69.15"," 69.15"," 70.00"," 66.78"," 68.50"," 68.42"," 68.18"," 58303"," 39.75"," 1689"," 22714"," 38.96"
DREDGECORP," EQ"," 13-Aug-2026"," 1036.80"," 1039.40"," 1125.00"," 1039.40"," 1067.80"," 1064.40"," 1093.79"," 445285"," 4870.49"," 22355"," 104748"," 23.52"
DRONE," SM"," 13-Aug-2026"," 38.10"," 38.10"," 38.55"," 37.30"," 38.55"," 38.55"," 38.14"," 16000"," 6.10"," 27"," 14000"," 87.50"
DRREDDY," EQ"," 13-Aug-2026"," 1200.00"," 1194.00"," 1208.10"," 1182.10"," 1206.00"," 1206.00"," 1200.94"," 1799813"," 21614.69"," 53300"," 961939"," 53.45"
DSFCL," BE"," 13-Aug-2026"," 25.65"," 25.14"," 25.14"," 25.14"," 25.14"," 25.14"," 25.14"," 15263"," 3.84"," 44"," -"," -"
DSKULKARNI," BE"," 13-Aug-2026"," 12.07"," 12.67"," 12.67"," 12.67"," 12.67"," 12.67"," 12.67"," 19"," 0.00"," 2"," -"," -"
DSSL," EQ"," 13-Aug-2026"," 1238.90"," 1257.00"," 1265.00"," 1235.00"," 1260.00"," 1259.30"," 1252.80"," 22438"," 281.10"," 1710"," 16471"," 73.41"
DTIL," EQ"," 13-Aug-2026"," 140.50"," 140.50"," 142.00"," 131.20"," 132.26"," 133.96"," 135.78"," 10612"," 14.41"," 434"," 5085"," 47.92"
DUCOL," SM"," 13-Aug-2026"," 107.00"," 107.00"," 107.00"," 106.10"," 106.10"," 106.70"," 106.70"," 2400"," 2.56"," 3"," 2400"," 100.00"
DUCON," EQ"," 13-Aug-2026"," 3.14"," 3.14"," 3.14"," 3.00"," 3.02"," 3.01"," 3.04"," 297593"," 9.04"," 526"," 242315"," 81.42"
DURLAX," SM"," 13-Aug-2026"," 56.85"," 56.90"," 60.00"," 56.20"," 60.00"," 60.00"," 58.89"," 514000"," 302.69"," 170"," 378000"," 73.54"
DVL," EQ"," 13-Aug-2026"," 270.60"," 272.30"," 283.88"," 270.18"," 276.80"," 273.54"," 276.96"," 32058"," 88.79"," 1210"," 12085"," 37.70"
DWARKESH," EQ"," 13-Aug-2026"," 41.56"," 41.50"," 43.80"," 41.30"," 42.80"," 42.82"," 42.92"," 2061677"," 884.86"," 9512"," 612151"," 29.69"
DYCL," EQ"," 13-Aug-2026"," 454.00"," 457.00"," 463.85"," 450.00"," 452.50"," 455.35"," 456.43"," 676050"," 3085.70"," 17354"," 241450"," 35.71"
DYNAMATECH," EQ"," 13-Aug-2026"," 10674.00"," 10677.00"," 11085.00"," 10677.00"," 10814.00"," 10810.00"," 10887.32"," 19687"," 2143.39"," 6277"," 9028"," 45.86"
DYNAMIC," ST"," 13-Aug-2026"," 132.25"," 136.90"," 136.90"," 132.00"," 134.10"," 134.10"," 133.78"," 2000"," 2.68"," 4"," 1500"," 75.00"
DYNPRO," EQ"," 13-Aug-2026"," 262.10"," 260.00"," 269.00"," 235.35"," 237.10"," 237.30"," 248.89"," 55227"," 137.46"," 1141"," 40965"," 74.18"
E2E," BE"," 13-Aug-2026"," 631.40"," 629.65"," 649.00"," 619.00"," 633.00"," 635.00"," 636.81"," 629029"," 4005.70"," 11009"," -"," -"
E2ERAIL," ST"," 13-Aug-2026"," 254.50"," 251.10"," 253.90"," 249.00"," 253.90"," 253.90"," 250.78"," 32800"," 82.26"," 31"," 30400"," 92.68"
EASEMYTRIP," EQ"," 13-Aug-2026"," 6.47"," 6.47"," 6.50"," 6.15"," 6.20"," 6.19"," 6.25"," 72181065"," 4514.77"," 30364"," 28786996"," 39.88"
EASTSILK," BE"," 13-Aug-2026"," 65.98"," 63.00"," 63.00"," 62.69"," 62.69"," 62.69"," 62.90"," 143"," 0.09"," 6"," -"," -"
EBANK10," EQ"," 13-Aug-2026"," 16.86"," 16.87"," 16.88"," 16.74"," 16.86"," 16.86"," 16.85"," 2692"," 0.45"," 16"," 2692"," 100.00"
EBANKNIFTY," EQ"," 13-Aug-2026"," 58.32"," 58.29"," 58.38"," 58.03"," 58.33"," 58.33"," 58.09"," 379"," 0.22"," 16"," 302"," 79.68"
EBBETF0430," EQ"," 13-Aug-2026"," 1615.08"," 1618.98"," 1618.98"," 1611.00"," 1616.00"," 1615.20"," 1615.18"," 9127"," 147.42"," 278"," 8448"," 92.56"
EBBETF0431," EQ"," 13-Aug-2026"," 1442.62"," 1443.00"," 1446.47"," 1442.01"," 1443.35"," 1443.01"," 1442.91"," 8792"," 126.86"," 74"," 8570"," 97.47"
EBBETF0433," EQ"," 13-Aug-2026"," 1322.42"," 1320.00"," 1322.89"," 1315.46"," 1317.44"," 1317.74"," 1316.08"," 6133"," 80.72"," 52"," 5838"," 95.19"
EBGNG," EQ"," 13-Aug-2026"," 574.35"," 581.00"," 581.00"," 565.30"," 573.20"," 572.55"," 571.47"," 127640"," 729.43"," 6763"," 53672"," 42.05"
ECAPINSURE," EQ"," 13-Aug-2026"," 23.68"," 23.90"," 23.90"," 23.67"," 23.80"," 23.82"," 23.78"," 29269"," 6.96"," 176"," 23848"," 81.48"
ECLERX," EQ"," 13-Aug-2026"," 1810.20"," 1790.00"," 1881.00"," 1770.20"," 1871.00"," 1869.40"," 1850.74"," 180076"," 3332.74"," 17422"," 85567"," 47.52"
ECOLINE," ST"," 13-Aug-2026"," 189.25"," 190.00"," 190.00"," 190.00"," 190.00"," 190.00"," 190.00"," 1000"," 1.90"," 1"," 1000"," 100.00"
ECOSMOBLTY," BE"," 13-Aug-2026"," 125.76"," 122.30"," 124.85"," 119.48"," 119.48"," 119.48"," 120.14"," 178624"," 214.60"," 1457"," -"," -"
EDELWEISS," EQ"," 13-Aug-2026"," 118.90"," 118.90"," 126.00"," 117.80"," 125.70"," 124.88"," 122.99"," 10071054"," 12386.13"," 56264"," 4756387"," 47.23"
EEPL," SM"," 13-Aug-2026"," 145.05"," 148.10"," 154.00"," 147.10"," 151.00"," 149.75"," 149.73"," 64000"," 95.82"," 61"," 30000"," 46.88"
EFACTOR," SM"," 13-Aug-2026"," 189.95"," 190.00"," 198.00"," 185.00"," 195.00"," 195.05"," 193.60"," 8400"," 16.26"," 18"," 5200"," 61.90"
EFCIL," EQ"," 13-Aug-2026"," 178.02"," 178.02"," 181.79"," 177.00"," 178.50"," 178.55"," 179.05"," 232345"," 416.01"," 3983"," 145109"," 62.45"
EFFWA," ST"," 13-Aug-2026"," 360.00"," 370.00"," 370.00"," 361.00"," 361.00"," 361.00"," 365.00"," 1200"," 4.38"," 3"," 1200"," 100.00"
EFORCE," SM"," 13-Aug-2026"," 20.90"," 20.95"," 21.00"," 20.95"," 21.00"," 21.00"," 20.98"," 2400"," 0.50"," 2"," 2400"," 100.00"
EGOLD," EQ"," 13-Aug-2026"," 152.90"," 152.90"," 152.90"," 150.90"," 151.55"," 151.85"," 151.82"," 229344"," 348.20"," 461"," 217048"," 94.64"
EICHERMOT," EQ"," 13-Aug-2026"," 8049.00"," 8050.00"," 8100.00"," 8011.00"," 8100.00"," 8100.00"," 8063.42"," 238460"," 19228.03"," 25797"," 154862"," 64.94"
EIDPARRY," EQ"," 13-Aug-2026"," 772.50"," 763.00"," 785.00"," 763.00"," 784.60"," 780.30"," 777.66"," 277103"," 2154.91"," 14507"," 126109"," 45.51"
EIEL," EQ"," 13-Aug-2026"," 203.13"," 204.50"," 205.00"," 202.40"," 203.39"," 203.08"," 203.35"," 1361121"," 2767.79"," 8864"," 676907"," 49.73"
EIFFL," BE"," 13-Aug-2026"," 293.75"," 293.75"," 293.75"," 279.10"," 288.00"," 283.35"," 283.88"," 13156"," 37.35"," 141"," -"," -"
EIHAHOTELS," EQ"," 13-Aug-2026"," 292.85"," 294.50"," 302.65"," 292.35"," 299.00"," 298.95"," 296.94"," 15277"," 45.36"," 1309"," 9570"," 62.64"
EIHOTEL," EQ"," 13-Aug-2026"," 298.50"," 297.70"," 301.95"," 297.70"," 300.00"," 300.65"," 300.38"," 111064"," 333.62"," 5054"," 61550"," 55.42"
EIMCOELECO," EQ"," 13-Aug-2026"," 1795.10"," 1820.40"," 1911.00"," 1818.00"," 1894.00"," 1893.90"," 1884.33"," 66276"," 1248.86"," 7603"," 31499"," 47.53"
EKC," EQ"," 13-Aug-2026"," 112.19"," 112.60"," 117.00"," 111.98"," 116.26"," 116.45"," 115.55"," 474627"," 548.45"," 5092"," 263770"," 55.57"
ELANTAS," EQ"," 13-Aug-2026"," 11443.50"," 11693.50"," 12325.00"," 11349.00"," 11451.00"," 11519.00"," 11655.34"," 3783"," 440.92"," 1733"," 1235"," 32.65"
ELCIDIN," EQ"," 13-Aug-2026"," 112500.00"," 112800.00"," 112800.00"," 110100.00"," 110200.00"," 110350.00"," 111332.14"," 7"," 7.79"," 7"," 6"," 85.71"
ELDEHSG," EQ"," 13-Aug-2026"," 750.30"," 780.00"," 829.00"," 751.20"," 754.15"," 766.70"," 796.91"," 28304"," 225.56"," 1201"," 7653"," 27.04"
ELECON," EQ"," 13-Aug-2026"," 441.45"," 441.45"," 448.15"," 437.60"," 442.00"," 443.30"," 442.08"," 252466"," 1116.11"," 11691"," 92993"," 36.83"
ELECTCAST," EQ"," 13-Aug-2026"," 73.56"," 73.56"," 73.60"," 72.50"," 73.10"," 72.85"," 73.13"," 517516"," 378.48"," 7617"," 265889"," 51.38"
ELECTHERM," EQ"," 13-Aug-2026"," 1012.40"," 1007.30"," 1055.00"," 1007.30"," 1010.00"," 1011.50"," 1038.09"," 42116"," 437.20"," 1465"," 31599"," 75.03"
ELGIEQUIP," EQ"," 13-Aug-2026"," 575.55"," 574.50"," 580.95"," 572.25"," 575.10"," 576.55"," 576.68"," 143718"," 828.79"," 10192"," 73170"," 50.91"
ELGIRUBCO," EQ"," 13-Aug-2026"," 58.81"," 58.70"," 62.00"," 58.00"," 59.00"," 59.17"," 59.54"," 98857"," 58.86"," 2473"," 36055"," 36.47"
ELGNZ," SM"," 13-Aug-2026"," 87.80"," 85.00"," 90.60"," 85.00"," 90.30"," 90.45"," 87.65"," 35000"," 30.68"," 25"," 21000"," 60.00"
ELIN," EQ"," 13-Aug-2026"," 97.79"," 97.79"," 100.21"," 96.14"," 99.40"," 99.59"," 98.37"," 123123"," 121.12"," 2720"," 62639"," 50.88"
ELIQUID," EQ"," 13-Aug-2026"," 1043.25"," 1043.41"," 1043.41"," 1043.39"," 1043.41"," 1043.40"," 1043.41"," 13949"," 145.54"," 17"," 12765"," 91.51"
ELITECON," EQ"," 13-Aug-2026"," 16.96"," 16.96"," 17.32"," 16.80"," 17.11"," 16.91"," 16.96"," 654524"," 111.02"," 2607"," 318922"," 48.73"
ELLEN," EQ"," 13-Aug-2026"," 323.80"," 328.00"," 339.30"," 324.30"," 338.00"," 337.00"," 332.45"," 2115965"," 7034.50"," 35028"," 787767"," 37.23"
ELM250," EQ"," 13-Aug-2026"," 16.83"," 17.17"," 17.17"," 16.78"," 17.16"," 17.04"," 16.93"," 233711"," 39.58"," 217"," 216255"," 92.53"
ELMDIV," EQ"," 13-Aug-2026"," 36.75"," 36.94"," 37.47"," 36.78"," 36.97"," 36.96"," 36.91"," 20248"," 7.47"," 50"," 12555"," 62.01"
ELPROINTL," EQ"," 13-Aug-2026"," 174.49"," 172.55"," 175.40"," 171.80"," 175.25"," 174.73"," 174.03"," 31907"," 55.53"," 343"," 22262"," 69.77"
EMAMILTD," EQ"," 13-Aug-2026"," 397.25"," 397.35"," 407.70"," 395.25"," 404.00"," 402.40"," 402.25"," 833098"," 3351.17"," 25190"," 485218"," 58.24"
EMAMIPAP," BE"," 13-Aug-2026"," 112.00"," 112.00"," 112.50"," 110.00"," 111.00"," 110.91"," 110.70"," 21170"," 23.43"," 240"," -"," -"
EMAMIREAL," EQ"," 13-Aug-2026"," 76.82"," 76.00"," 77.50"," 74.00"," 75.50"," 74.81"," 75.70"," 23423"," 17.73"," 430"," 13752"," 58.71"
EMAPARTNER," SM"," 13-Aug-2026"," 80.50"," 82.10"," 82.10"," 79.00"," 79.00"," 79.00"," 79.62"," 5000"," 3.98"," 2"," 5000"," 100.00"
EMBASSY," RR"," 13-Aug-2026"," 439.47"," 440.99"," 449.95"," 440.13"," 449.95"," 449.01"," 446.46"," 489617"," 2185.94"," 16376"," 409810"," 83.70"
EMBDL," EQ"," 13-Aug-2026"," 61.96"," 62.00"," 62.99"," 61.32"," 62.45"," 62.28"," 62.07"," 1841732"," 1143.12"," 12066"," 960350"," 52.14"
EMCURE," EQ"," 13-Aug-2026"," 2009.60"," 2009.10"," 2020.00"," 1985.70"," 2002.00"," 2009.60"," 2009.47"," 54656"," 1098.30"," 7173"," 33549"," 61.38"
EMETAL," EQ"," 13-Aug-2026"," 13.21"," 13.06"," 13.14"," 13.05"," 13.06"," 13.06"," 13.07"," 5090"," 0.67"," 47"," 4970"," 97.64"
EMIL," EQ"," 13-Aug-2026"," 193.61"," 193.00"," 196.74"," 189.50"," 192.30"," 191.78"," 193.50"," 10553624"," 20420.98"," 67887"," 1737859"," 16.47"
EMKAY," EQ"," 13-Aug-2026"," 246.85"," 249.30"," 252.45"," 238.20"," 241.00"," 240.85"," 245.97"," 22080"," 54.31"," 805"," 13470"," 61.01"
EMMBI," BE"," 13-Aug-2026"," 85.00"," 85.00"," 86.34"," 85.00"," 85.57"," 85.35"," 85.53"," 4209"," 3.60"," 41"," -"," -"
EMMIL," SM"," 13-Aug-2026"," 119.50"," 121.80"," 128.50"," 121.80"," 122.00"," 122.00"," 122.86"," 8750"," 10.75"," 18"," 8500"," 97.14"
EMMVEE," EQ"," 13-Aug-2026"," 317.20"," 316.00"," 326.30"," 316.00"," 323.50"," 323.65"," 322.86"," 1256910"," 4058.01"," 34973"," 580756"," 46.21"
EMPOWER," BE"," 13-Aug-2026"," 2.30"," 2.19"," 2.29"," 2.19"," 2.19"," 2.19"," 2.20"," 2614492"," 57.54"," 1497"," -"," -"
EMSLIMITED," EQ"," 13-Aug-2026"," 382.00"," 369.00"," 383.90"," 362.60"," 371.40"," 369.15"," 371.50"," 315719"," 1172.90"," 10435"," 119818"," 37.95"
EMUDHRA," EQ"," 13-Aug-2026"," 522.65"," 522.65"," 535.35"," 521.90"," 527.60"," 529.50"," 529.36"," 80055"," 423.78"," 4259"," 38045"," 47.52"
EMULTIMQ," EQ"," 13-Aug-2026"," 42.19"," 42.36"," 42.60"," 41.85"," 41.85"," 42.17"," 42.26"," 35346"," 14.94"," 166"," 32791"," 92.77"
ENCOMPAS," SM"," 13-Aug-2026"," 242.60"," 243.00"," 246.00"," 243.00"," 246.00"," 246.00"," 244.50"," 800"," 1.96"," 2"," 800"," 100.00"
ENDURANCE," EQ"," 13-Aug-2026"," 3019.70"," 3038.00"," 3043.00"," 2950.00"," 2985.00"," 2975.30"," 3002.51"," 143773"," 4316.80"," 17089"," 73696"," 51.26"
ENERGY," EQ"," 13-Aug-2026"," 38.92"," 38.92"," 39.08"," 38.71"," 38.84"," 38.83"," 38.82"," 156798"," 60.87"," 822"," 114760"," 73.19"
ENERGYDEV," EQ"," 13-Aug-2026"," 16.72"," 17.12"," 17.15"," 16.20"," 16.35"," 16.42"," 16.72"," 40759"," 6.82"," 343"," 23116"," 56.71"
ENEXT50," EQ"," 13-Aug-2026"," 74.48"," 74.50"," 74.50"," 72.63"," 73.40"," 73.01"," 73.06"," 217"," 0.16"," 8"," 112"," 51.61"
ENFUSE," SM"," 13-Aug-2026"," 178.00"," 170.00"," 170.00"," 169.00"," 169.00"," 169.00"," 169.33"," 1800"," 3.05"," 3"," 1800"," 100.00"
ENGINERSIN," EQ"," 13-Aug-2026"," 239.20"," 239.20"," 245.60"," 239.20"," 240.65"," 240.58"," 242.47"," 1969782"," 4776.12"," 28739"," 808620"," 41.05"
ENIFTY," EQ"," 13-Aug-2026"," 24.65"," 24.03"," 25.44"," 24.03"," 24.55"," 24.62"," 24.60"," 2508"," 0.62"," 51"," 2254"," 89.87"
ENIL," EQ"," 13-Aug-2026"," 101.33"," 101.04"," 104.00"," 100.86"," 101.00"," 101.09"," 101.60"," 49481"," 50.27"," 711"," 38326"," 77.46"
ENRIN," EQ"," 13-Aug-2026"," 3562.10"," 3583.00"," 3627.00"," 3498.70"," 3563.00"," 3561.20"," 3561.75"," 401583"," 14303.40"," 38019"," 179320"," 44.65"
ENSER," SM"," 13-Aug-2026"," 14.35"," 15.85"," 15.85"," 13.00"," 14.20"," 14.20"," 14.22"," 65000"," 9.24"," 13"," 50000"," 76.92"
ENTERO," EQ"," 13-Aug-2026"," 1420.30"," 1426.50"," 1467.80"," 1421.10"," 1446.30"," 1448.00"," 1451.54"," 228089"," 3310.79"," 22745"," 112327"," 49.25"
ENVIRO," SM"," 13-Aug-2026"," 75.00"," 74.50"," 75.85"," 74.05"," 74.35"," 74.35"," 74.56"," 8000"," 5.97"," 8"," 6000"," 75.00"
EPACK," EQ"," 13-Aug-2026"," 212.22"," 213.20"," 222.00"," 212.53"," 219.00"," 219.17"," 218.79"," 618648"," 1353.52"," 8684"," 272213"," 44.00"
EPACKPEB," EQ"," 13-Aug-2026"," 236.40"," 236.40"," 242.30"," 236.40"," 238.05"," 238.55"," 239.18"," 461494"," 1103.80"," 7135"," 178826"," 38.75"
EPIGRAL," EQ"," 13-Aug-2026"," 1101.00"," 1103.60"," 1125.00"," 1100.20"," 1120.00"," 1116.60"," 1113.04"," 27215"," 302.91"," 2331"," 14138"," 51.95"
EPL," EQ"," 13-Aug-2026"," 243.64"," 245.00"," 251.50"," 241.67"," 246.55"," 247.24"," 247.99"," 2610707"," 6474.30"," 40298"," 1083329"," 41.50"
EPWINDIA," ST"," 13-Aug-2026"," 230.00"," 220.00"," 220.00"," 218.50"," 218.50"," 218.50"," 218.75"," 7200"," 15.75"," 6"," 4800"," 66.67"
EQUAL200," EQ"," 13-Aug-2026"," 14.04"," 14.08"," 14.08"," 14.04"," 14.07"," 14.07"," 14.06"," 5157"," 0.73"," 43"," 4865"," 94.34"
EQUAL50," EQ"," 13-Aug-2026"," 337.69"," 337.69"," 338.01"," 336.60"," 338.01"," 338.00"," 336.86"," 447"," 1.51"," 13"," 351"," 78.52"
EQUAL50ADD," EQ"," 13-Aug-2026"," 348.06"," 349.80"," 349.80"," 347.15"," 349.31"," 347.90"," 348.73"," 31941"," 111.39"," 277"," 23355"," 73.12"
EQUIPPP," BE"," 13-Aug-2026"," 20.25"," 20.20"," 21.25"," 20.16"," 21.00"," 21.00"," 20.83"," 8460"," 1.76"," 32"," -"," -"
EQUITASBNK," EQ"," 13-Aug-2026"," 74.57"," 74.53"," 76.30"," 73.70"," 76.00"," 75.95"," 75.26"," 1863919"," 1402.78"," 22745"," 1037527"," 55.66"
ERIS," EQ"," 13-Aug-2026"," 1351.70"," 1363.50"," 1385.50"," 1345.00"," 1379.00"," 1380.30"," 1366.45"," 53868"," 736.08"," 13248"," 28917"," 53.68"
ESABINDIA," EQ"," 13-Aug-2026"," 6023.00"," 6030.00"," 6248.00"," 5940.00"," 6200.00"," 6222.50"," 6122.80"," 28879"," 1768.20"," 9003"," 14408"," 49.89"
ESAFSFB," BE"," 13-Aug-2026"," 39.83"," 39.01"," 40.90"," 38.75"," 39.56"," 39.67"," 39.95"," 498995"," 199.33"," 1002"," -"," -"
ESCONET," SM"," 13-Aug-2026"," 176.35"," 193.95"," 193.95"," 191.05"," 193.95"," 193.95"," 193.92"," 102400"," 198.57"," 157"," 93200"," 91.02"
ESCORTS," EQ"," 13-Aug-2026"," 3126.00"," 3110.20"," 3126.00"," 3088.00"," 3091.00"," 3093.40"," 3100.77"," 23261"," 721.27"," 4693"," 13122"," 56.41"
ESENSEX," EQ"," 13-Aug-2026"," 78.99"," 78.19"," 80.13"," 78.19"," 80.13"," 80.13"," 78.62"," 112"," 0.09"," 11"," 105"," 93.75"
ESFL," SM"," 13-Aug-2026"," 129.25"," 133.80"," 133.80"," 130.00"," 133.80"," 133.35"," 132.16"," 24840"," 32.83"," 57"," 19440"," 78.26"
ESG," EQ"," 13-Aug-2026"," 42.06"," 42.05"," 42.05"," 41.90"," 41.99"," 41.97"," 41.98"," 1967"," 0.83"," 55"," 1786"," 90.80"
ESILVER," EQ"," 13-Aug-2026"," 236.29"," 235.97"," 235.97"," 229.80"," 231.27"," 230.95"," 231.64"," 29596"," 68.56"," 1470"," 9106"," 30.77"
ESPRIT," SM"," 13-Aug-2026"," 67.45"," 67.25"," 67.25"," 67.00"," 67.00"," 67.00"," 67.12"," 4800"," 3.22"," 3"," 3200"," 66.67"
ESSARSHPNG," EQ"," 13-Aug-2026"," 19.57"," 19.74"," 19.80"," 19.31"," 19.60"," 19.56"," 19.53"," 83732"," 16.35"," 576"," 61570"," 73.53"
ESSENTIA," EQ"," 13-Aug-2026"," 1.39"," 1.45"," 1.45"," 1.44"," 1.45"," 1.45"," 1.45"," 4779857"," 69.21"," 903"," 3584344"," 74.99"
ESTER," EQ"," 13-Aug-2026"," 96.27"," 96.01"," 102.90"," 95.76"," 101.00"," 101.66"," 100.84"," 793877"," 800.58"," 7628"," 283427"," 35.70"
ETERNAL," EQ"," 13-Aug-2026"," 314.05"," 315.00"," 319.35"," 313.30"," 318.00"," 318.00"," 317.78"," 26225284"," 83337.94"," 131784"," 14232145"," 54.27"
ETHOSLTD," EQ"," 13-Aug-2026"," 2790.30"," 2813.50"," 2830.00"," 2772.10"," 2805.00"," 2808.60"," 2795.39"," 12142"," 339.42"," 2685"," 5755"," 47.40"
ETL," SM"," 13-Aug-2026"," 1030.00"," 1029.00"," 1029.00"," 1029.00"," 1029.00"," 1029.00"," 1029.00"," 150"," 1.54"," 1"," 150"," 100.00"
ETML," SM"," 13-Aug-2026"," 82.10"," 82.10"," 84.00"," 81.35"," 84.00"," 83.75"," 82.30"," 15600"," 12.84"," 5"," 15600"," 100.00"
EUREKAFORB," EQ"," 13-Aug-2026"," 458.55"," 456.00"," 459.85"," 441.80"," 443.90"," 443.20"," 447.32"," 212066"," 948.61"," 15765"," 114458"," 53.97"
EUROBOND," EQ"," 13-Aug-2026"," 162.34"," 161.91"," 167.20"," 161.87"," 167.00"," 165.25"," 165.19"," 12287"," 20.30"," 162"," 11092"," 90.27"
EUROPRATIK," EQ"," 13-Aug-2026"," 293.50"," 290.05"," 295.75"," 281.15"," 283.00"," 283.05"," 285.11"," 280308"," 799.20"," 5187"," 101992"," 36.39"
EUROTEXIND," BE"," 13-Aug-2026"," 13.90"," 13.65"," 13.65"," 13.65"," 13.65"," 13.65"," 13.65"," 200"," 0.03"," 1"," -"," -"
EVEREADY," EQ"," 13-Aug-2026"," 353.70"," 354.15"," 358.00"," 350.05"," 356.00"," 357.20"," 355.11"," 46285"," 164.36"," 1500"," 27068"," 58.48"
EVERESTIND," BE"," 13-Aug-2026"," 472.40"," 473.00"," 482.50"," 460.25"," 462.00"," 463.85"," 469.07"," 4643"," 21.78"," 127"," -"," -"
EVIETF," EQ"," 13-Aug-2026"," 34.19"," 34.36"," 34.44"," 34.16"," 34.33"," 34.27"," 34.28"," 352081"," 120.69"," 611"," 249837"," 70.96"
EVINDIA," EQ"," 13-Aug-2026"," 34.16"," 34.33"," 34.50"," 34.21"," 34.24"," 34.24"," 34.33"," 389164"," 133.60"," 1547"," 227053"," 58.34"
EXCELINDUS," EQ"," 13-Aug-2026"," 1051.00"," 1035.05"," 1069.00"," 1025.00"," 1045.00"," 1039.35"," 1054.93"," 9105"," 96.05"," 803"," 6511"," 71.51"
EXCELLENT," ST"," 13-Aug-2026"," 210.00"," 211.00"," 215.00"," 211.00"," 215.00"," 215.00"," 213.00"," 3200"," 6.82"," 2"," 3200"," 100.00"
EXCELSOFT," EQ"," 13-Aug-2026"," 75.17"," 75.53"," 75.84"," 74.60"," 74.71"," 74.72"," 75.06"," 333039"," 249.97"," 3023"," 165739"," 49.77"
EXICOM," EQ"," 13-Aug-2026"," 141.73"," 142.24"," 152.00"," 141.50"," 151.40"," 151.29"," 148.31"," 1597548"," 2369.29"," 15405"," 560332"," 35.07"
EXIDEIND," EQ"," 13-Aug-2026"," 490.65"," 490.65"," 492.80"," 482.75"," 485.00"," 485.50"," 486.52"," 1807046"," 8791.61"," 28359"," 974980"," 53.95"
EXIMROUTES," SM"," 13-Aug-2026"," 108.15"," 108.00"," 109.55"," 107.15"," 107.15"," 107.25"," 108.01"," 10400"," 11.23"," 13"," 4000"," 38.46"
EXPLEOSOL," EQ"," 13-Aug-2026"," 823.05"," 819.85"," 831.80"," 813.45"," 821.05"," 821.25"," 822.20"," 19647"," 161.54"," 1161"," 14744"," 75.04"
EXXARO," EQ"," 13-Aug-2026"," 6.18"," 6.20"," 6.50"," 6.11"," 6.22"," 6.19"," 6.34"," 703116"," 44.60"," 481"," 275051"," 39.12"
FABTECH," EQ"," 13-Aug-2026"," 145.81"," 145.81"," 150.25"," 145.09"," 146.70"," 146.92"," 148.20"," 46195"," 68.46"," 1051"," 21588"," 46.73"
FACT," EQ"," 13-Aug-2026"," 819.55"," 818.00"," 831.75"," 816.00"," 819.95"," 818.95"," 822.24"," 46376"," 381.32"," 3210"," 18382"," 39.64"
FAIRCHEMOR," BE"," 13-Aug-2026"," 730.30"," 715.70"," 715.70"," 715.70"," 715.70"," 715.70"," 715.70"," 8322"," 59.56"," 72"," -"," -"
FALCONTECH," SM"," 13-Aug-2026"," 12.05"," 12.05"," 12.30"," 12.00"," 12.30"," 12.15"," 12.12"," 3600"," 0.44"," 3"," 3600"," 100.00"
FAZE3Q," EQ"," 13-Aug-2026"," 543.05"," 535.00"," 535.00"," 488.75"," 488.75"," 489.65"," 496.85"," 260829"," 1295.92"," 4524"," 177818"," 68.17"
FCL," EQ"," 13-Aug-2026"," 42.65"," 42.85"," 43.70"," 41.30"," 41.72"," 41.66"," 42.33"," 6691631"," 2832.73"," 16391"," 2648046"," 39.57"
FCSSOFT," EQ"," 13-Aug-2026"," 1.42"," 1.42"," 1.43"," 1.41"," 1.42"," 1.41"," 1.42"," 1532382"," 21.73"," 822"," 831050"," 54.23"
FDC," EQ"," 13-Aug-2026"," 353.75"," 354.70"," 364.35"," 351.05"," 358.40"," 358.75"," 357.70"," 181178"," 648.07"," 7821"," 84294"," 46.53"
FEDDERSHOL," EQ"," 13-Aug-2026"," 41.04"," 40.70"," 41.55"," 40.70"," 41.15"," 41.13"," 41.12"," 198212"," 81.50"," 1269"," 86873"," 43.83"
FEDERALBNK," EQ"," 13-Aug-2026"," 356.85"," 356.50"," 356.50"," 352.00"," 352.45"," 352.45"," 353.09"," 2690529"," 9500.00"," 41134"," 1803633"," 67.04"
FEDFINA," EQ"," 13-Aug-2026"," 151.84"," 153.99"," 153.99"," 150.00"," 152.15"," 152.21"," 151.87"," 552779"," 839.51"," 8839"," 287313"," 51.98"
FEL," BZ"," 13-Aug-2026"," 0.38"," 0.38"," 0.39"," 0.38"," 0.39"," 0.39"," 0.38"," 230698"," 0.89"," 84"," -"," -"
FELDVR," BZ"," 13-Aug-2026"," 2.33"," 2.33"," 2.44"," 2.22"," 2.25"," 2.25"," 2.27"," 6385"," 0.14"," 26"," -"," -"
FELIX," SM"," 13-Aug-2026"," 187.75"," 187.20"," 191.00"," 186.25"," 191.00"," 189.85"," 188.70"," 56000"," 105.67"," 86"," 37500"," 66.96"
FERMENTA," EQ"," 13-Aug-2026"," 473.65"," 473.00"," 477.80"," 456.40"," 459.00"," 460.05"," 463.19"," 95701"," 443.28"," 4427"," 48374"," 50.55"
FIBERWEB," EQ"," 13-Aug-2026"," 29.35"," 29.50"," 30.50"," 28.82"," 29.90"," 29.62"," 30.13"," 32926"," 9.92"," 262"," 20448"," 62.10"
FIDEL," SM"," 13-Aug-2026"," 135.95"," 135.95"," 135.95"," 135.95"," 135.95"," 135.95"," 135.95"," 1000"," 1.36"," 1"," 1000"," 100.00"
FIEMIND," EQ"," 13-Aug-2026"," 2645.90"," 2491.00"," 2491.00"," 2311.30"," 2414.30"," 2412.30"," 2383.49"," 610304"," 14546.51"," 68268"," 232912"," 38.16"
FILATEX," EQ"," 13-Aug-2026"," 83.31"," 83.50"," 83.57"," 79.25"," 81.80"," 82.29"," 81.33"," 2534131"," 2061.02"," 14934"," 1161531"," 45.84"
FILATFASH," EQ"," 13-Aug-2026"," 0.18"," 0.19"," 0.19"," 0.18"," 0.19"," 0.18"," 0.18"," 14150564"," 26.06"," 1741"," 7831917"," 55.35"
FINBUD," SM"," 13-Aug-2026"," 143.10"," 144.00"," 146.45"," 144.00"," 144.00"," 144.00"," 144.78"," 11000"," 15.93"," 11"," 9000"," 81.82"
FINCABLES," EQ"," 13-Aug-2026"," 1280.05"," 1272.00"," 1282.00"," 1240.00"," 1251.55"," 1249.30"," 1258.25"," 1641911"," 20659.38"," 54978"," 413093"," 25.16"
FINEORG," EQ"," 13-Aug-2026"," 5265.10"," 5265.10"," 5265.10"," 5102.10"," 5130.00"," 5159.60"," 5159.55"," 28990"," 1495.75"," 6318"," 18164"," 62.66"
FINIETF," EQ"," 13-Aug-2026"," 33.39"," 33.62"," 33.62"," 33.42"," 33.48"," 33.50"," 33.49"," 162649"," 54.47"," 888"," 97387"," 59.88"
FINKURVE," EQ"," 13-Aug-2026"," 61.39"," 62.00"," 67.00"," 59.70"," 64.00"," 62.83"," 63.14"," 227346"," 143.55"," 1950"," 71021"," 31.24"
FINOPB," EQ"," 13-Aug-2026"," 160.46"," 160.60"," 165.50"," 160.00"," 164.74"," 163.70"," 163.31"," 421407"," 688.19"," 7230"," 112394"," 26.67"
FINPIPE," EQ"," 13-Aug-2026"," 161.35"," 161.35"," 163.23"," 161.10"," 162.40"," 161.91"," 162.16"," 234266"," 379.88"," 10850"," 122902"," 52.46"
FIRSTCRY," EQ"," 13-Aug-2026"," 214.47"," 214.70"," 219.85"," 213.05"," 214.45"," 214.14"," 216.37"," 1169046"," 2529.50"," 19571"," 483657"," 41.37"
FISCHER," EQ"," 13-Aug-2026"," 37.66"," 37.98"," 39.20"," 37.61"," 38.83"," 38.79"," 38.76"," 1115098"," 432.19"," 2904"," 885972"," 79.45"
FIVESTAR," EQ"," 13-Aug-2026"," 554.40"," 555.00"," 555.00"," 531.00"," 539.90"," 545.20"," 541.36"," 822918"," 4454.96"," 33679"," 266051"," 32.33"
FLAIR," EQ"," 13-Aug-2026"," 249.45"," 254.00"," 256.35"," 251.40"," 255.65"," 254.75"," 254.19"," 338570"," 860.63"," 6427"," 272601"," 80.52"
FLEXIADD," EQ"," 13-Aug-2026"," 10.32"," 10.42"," 10.42"," 10.31"," 10.38"," 10.36"," 10.35"," 104388"," 10.80"," 245"," 65663"," 62.90"
FLEXITUFF," BE"," 13-Aug-2026"," 3.27"," 3.26"," 3.43"," 3.20"," 3.29"," 3.27"," 3.30"," 166554"," 5.49"," 116"," -"," -"
FLFL," BZ"," 13-Aug-2026"," 1.19"," 1.19"," 1.24"," 1.19"," 1.24"," 1.21"," 1.22"," 37021"," 0.45"," 59"," -"," -"
FLUOROCHEM," EQ"," 13-Aug-2026"," 4565.80"," 4568.00"," 4958.90"," 4565.00"," 4729.00"," 4714.70"," 4797.36"," 1215071"," 58291.34"," 157360"," 241731"," 19.89"
FLYSBS," SM"," 13-Aug-2026"," 455.50"," 464.65"," 464.65"," 450.00"," 452.50"," 453.45"," 456.15"," 112600"," 513.63"," 246"," 81000"," 71.94"
FMCGADD," EQ"," 13-Aug-2026"," 48.82"," 48.64"," 49.19"," 48.64"," 49.19"," 49.16"," 49.06"," 2667"," 1.31"," 30"," 2122"," 79.57"
FMCGIETF," EQ"," 13-Aug-2026"," 52.04"," 52.28"," 52.46"," 52.02"," 52.45"," 52.43"," 52.24"," 716848"," 374.51"," 2405"," 417466"," 58.24"
FMGOETZE," EQ"," 13-Aug-2026"," 487.20"," 474.30"," 476.00"," 454.10"," 468.00"," 471.85"," 467.87"," 127916"," 598.48"," 3746"," 62516"," 48.87"
FMNL," BE"," 13-Aug-2026"," 9.19"," 9.25"," 9.57"," 9.11"," 9.57"," 9.29"," 9.17"," 2059"," 0.19"," 23"," -"," -"
FOCE," SM"," 13-Aug-2026"," 556.50"," 560.00"," 560.00"," 560.00"," 560.00"," 560.00"," 560.00"," 1680"," 9.41"," 1"," 1680"," 100.00"
FOCUS," BE"," 13-Aug-2026"," 67.22"," 68.95"," 68.95"," 66.21"," 68.00"," 67.58"," 67.36"," 40739"," 27.44"," 163"," -"," -"
FONEBOX," SM"," 13-Aug-2026"," 96.60"," 100.00"," 101.40"," 100.00"," 101.40"," 101.40"," 100.84"," 5000"," 5.04"," 5"," 5000"," 100.00"
FOODSIN," EQ"," 13-Aug-2026"," 51.29"," 51.65"," 56.03"," 51.00"," 54.00"," 53.94"," 53.87"," 292874"," 157.77"," 1528"," 229581"," 78.39"
FORCAS," ST"," 13-Aug-2026"," 188.00"," 196.00"," 197.40"," 194.00"," 194.00"," 194.00"," 195.97"," 16000"," 31.35"," 9"," 16000"," 100.00"
FORCEMOT," EQ"," 13-Aug-2026"," 19269.00"," 19350.00"," 19448.00"," 18383.00"," 18525.00"," 18525.00"," 18817.70"," 131537"," 24752.23"," 34794"," 43945"," 33.41"
FORGEAUTO," SM"," 13-Aug-2026"," 112.35"," 108.00"," 108.00"," 108.00"," 108.00"," 108.00"," 108.00"," 1200"," 1.30"," 1"," 1200"," 100.00"
FORTIS," EQ"," 13-Aug-2026"," 900.00"," 892.90"," 906.15"," 887.65"," 906.15"," 906.15"," 897.74"," 1031900"," 9263.81"," 57361"," 555981"," 53.88"
FOSECOIND," EQ"," 13-Aug-2026"," 5530.50"," 5526.00"," 5549.00"," 5313.00"," 5547.00"," 5537.50"," 5501.61"," 6448"," 354.74"," 1629"," 3865"," 59.94"
FRACTAL," EQ"," 13-Aug-2026"," 823.00"," 822.90"," 827.00"," 805.05"," 810.00"," 810.75"," 816.12"," 167236"," 1364.84"," 9333"," 92918"," 55.56"
FRESHARA," ST"," 13-Aug-2026"," 359.40"," 341.45"," 357.80"," 341.45"," 356.70"," 353.40"," 347.41"," 22200"," 77.12"," 35"," 18600"," 83.78"
FROG," ST"," 13-Aug-2026"," 219.40"," 219.40"," 219.40"," 215.50"," 215.50"," 215.50"," 216.77"," 4800"," 10.40"," 11"," 4800"," 100.00"
FRONTSP," EQ"," 13-Aug-2026"," 1509.50"," 1256.10"," 1349.80"," 1256.10"," 1308.10"," 1312.90"," 1313.18"," 225410"," 2960.04"," 19256"," 91565"," 40.62"
FSL," EQ"," 13-Aug-2026"," 274.50"," 277.00"," 277.00"," 271.00"," 271.50"," 272.20"," 273.24"," 655190"," 1790.26"," 18784"," 267609"," 40.84"
FUSION," EQ"," 13-Aug-2026"," 203.78"," 204.10"," 206.70"," 202.10"," 205.00"," 204.60"," 204.63"," 531524"," 1087.68"," 14092"," 264762"," 49.81"
FWSTC," SM"," 13-Aug-2026"," 195.00"," 197.00"," 197.00"," 197.00"," 197.00"," 197.00"," 197.00"," 10200"," 20.09"," 1"," 10200"," 100.00"
GABRIEL," EQ"," 13-Aug-2026"," 1476.80"," 1475.00"," 1486.00"," 1441.20"," 1448.00"," 1447.90"," 1456.25"," 196178"," 2856.85"," 15738"," 84726"," 43.19"
GAEL," EQ"," 13-Aug-2026"," 165.36"," 165.01"," 170.90"," 165.01"," 170.02"," 170.18"," 168.22"," 564418"," 949.47"," 9572"," 275306"," 48.78"
GAIL," EQ"," 13-Aug-2026"," 177.95"," 176.00"," 176.30"," 174.48"," 175.90"," 175.90"," 175.22"," 8723437"," 15285.40"," 76305"," 5990830"," 68.68"
GAJANAND," SM"," 13-Aug-2026"," 8.05"," 8.05"," 8.05"," 8.05"," 8.05"," 8.05"," 8.05"," 3000"," 0.24"," 1"," 3000"," 100.00"
GALAPREC," EQ"," 13-Aug-2026"," 993.60"," 998.20"," 1044.00"," 998.10"," 1025.00"," 1024.50"," 1027.51"," 54758"," 562.64"," 4563"," 25640"," 46.82"
GALAXYSURF," EQ"," 13-Aug-2026"," 2022.40"," 2020.80"," 2115.80"," 2013.00"," 2089.00"," 2090.40"," 2076.41"," 23440"," 486.71"," 4820"," 10324"," 44.04"
GALLANTT," EQ"," 13-Aug-2026"," 590.70"," 598.00"," 598.00"," 562.50"," 580.00"," 573.45"," 578.73"," 89441"," 517.62"," 2968"," 65659"," 73.41"
GANDHAR," EQ"," 13-Aug-2026"," 236.28"," 236.50"," 248.00"," 236.50"," 244.61"," 244.75"," 244.62"," 1608155"," 3933.95"," 20846"," 713811"," 44.39"
GANDHITUBE," EQ"," 13-Aug-2026"," 957.75"," 900.00"," 927.50"," 870.00"," 884.70"," 882.65"," 891.03"," 57122"," 508.98"," 2715"," 28610"," 50.09"
GANECOS," EQ"," 13-Aug-2026"," 1069.60"," 1076.20"," 1119.40"," 1052.10"," 1080.00"," 1088.50"," 1092.02"," 145288"," 1586.57"," 11037"," 64260"," 44.23"
GANESHBE," BE"," 13-Aug-2026"," 112.26"," 112.68"," 115.69"," 108.00"," 114.00"," 113.53"," 112.84"," 93540"," 105.55"," 542"," -"," -"
GANESHCP," EQ"," 13-Aug-2026"," 162.26"," 163.60"," 170.00"," 160.00"," 162.00"," 162.43"," 165.08"," 250672"," 413.81"," 7333"," 133002"," 53.06"
GANESHHOU," EQ"," 13-Aug-2026"," 765.50"," 762.10"," 840.00"," 760.55"," 832.00"," 816.80"," 811.37"," 222862"," 1808.24"," 9345"," 83576"," 37.50"
GANESHIN," ST"," 13-Aug-2026"," 113.90"," 112.65"," 114.80"," 110.10"," 112.95"," 111.30"," 111.21"," 46400"," 51.60"," 47"," 44000"," 94.83"
GANGABATH," SM"," 13-Aug-2026"," 22.20"," 22.65"," 22.90"," 21.55"," 22.35"," 22.05"," 22.17"," 57000"," 12.64"," 19"," 12000"," 21.05"
GANGAFORGE," EQ"," 13-Aug-2026"," 2.40"," 2.51"," 2.52"," 2.51"," 2.52"," 2.51"," 2.52"," 29495765"," 742.85"," 8378"," 21700242"," 73.57"
GANGESSECU," EQ"," 13-Aug-2026"," 118.31"," 119.90"," 122.90"," 116.02"," 116.15"," 116.22"," 118.90"," 1860"," 2.21"," 34"," 1159"," 62.31"
GARFIBRES," EQ"," 13-Aug-2026"," 768.85"," 768.85"," 777.45"," 747.80"," 755.85"," 752.15"," 761.68"," 28271"," 215.34"," 5429"," 15823"," 55.97"
GARUDA," EQ"," 13-Aug-2026"," 183.49"," 183.50"," 188.59"," 183.00"," 185.95"," 183.61"," 185.51"," 597884"," 1109.15"," 8538"," 213434"," 35.70"
GATECH," BE"," 13-Aug-2026"," 0.72"," 0.75"," 0.75"," 0.74"," 0.75"," 0.74"," 0.75"," 16386802"," 122.32"," 2898"," -"," -"
GATECHDVR," BE"," 13-Aug-2026"," 0.51"," 0.52"," 0.52"," 0.49"," 0.49"," 0.49"," 0.50"," 347174"," 1.74"," 151"," -"," -"
GATEWAY," EQ"," 13-Aug-2026"," 54.90"," 55.00"," 55.40"," 54.71"," 55.00"," 55.02"," 54.98"," 567128"," 311.81"," 4460"," 395155"," 69.68"
GAUDIUMIVF," BE"," 13-Aug-2026"," 123.28"," 120.82"," 125.74"," 120.82"," 125.74"," 125.74"," 121.90"," 187323"," 228.34"," 558"," -"," -"
GAYAHWS," EQ"," 13-Aug-2026"," 1.98"," 1.99"," 1.99"," 1.93"," 1.97"," 1.97"," 1.97"," 280980"," 5.53"," 383"," 221519"," 78.84"
GAYAPROJ," BE"," 13-Aug-2026"," 19.20"," 20.16"," 20.16"," 20.16"," 20.16"," 20.16"," 20.16"," 150574"," 30.36"," 169"," -"," -"
GCHOTELS," ST"," 13-Aug-2026"," 99.80"," 100.15"," 100.15"," 94.85"," 95.65"," 95.35"," 96.28"," 58200"," 56.04"," 81"," 39600"," 68.04"
GCSL," EQ"," 13-Aug-2026"," 502.20"," 503.35"," 521.00"," 501.30"," 515.30"," 515.95"," 514.10"," 946430"," 4865.58"," 8997"," 274311"," 28.98"
GEECEE," BE"," 13-Aug-2026"," 378.00"," 389.90"," 390.00"," 370.50"," 373.50"," 374.90"," 379.28"," 2428"," 9.21"," 56"," -"," -"
GEEKAYWIRE," EQ"," 13-Aug-2026"," 22.53"," 22.99"," 23.24"," 22.53"," 23.19"," 23.08"," 22.89"," 160657"," 36.77"," 1790"," 30833"," 19.19"
GEMAROMA," EQ"," 13-Aug-2026"," 170.59"," 174.15"," 177.67"," 170.60"," 175.00"," 174.90"," 173.90"," 63126"," 109.78"," 1099"," 37042"," 58.68"
GENCON," EQ"," 13-Aug-2026"," 39.64"," 39.52"," 40.04"," 39.00"," 39.50"," 39.34"," 39.53"," 293826"," 116.14"," 2105"," 44297"," 15.08"
GENESYS," EQ"," 13-Aug-2026"," 208.00"," 208.00"," 214.90"," 207.20"," 212.20"," 211.30"," 211.36"," 161812"," 342.01"," 4331"," 62210"," 38.45"
GENSOL," BZ"," 13-Aug-2026"," 16.78"," 16.72"," 17.10"," 16.50"," 16.79"," 16.66"," 16.79"," 77977"," 13.09"," 733"," -"," -"
GENUSPAPER," EQ"," 13-Aug-2026"," 11.83"," 11.90"," 11.90"," 11.26"," 11.44"," 11.42"," 11.54"," 129358"," 14.92"," 507"," 100103"," 77.38"
GENUSPOWER," EQ"," 13-Aug-2026"," 304.95"," 306.00"," 309.50"," 303.15"," 306.00"," 306.55"," 306.95"," 936021"," 2873.13"," 14981"," 542919"," 58.00"
GENXAI," SM"," 13-Aug-2026"," 75.00"," 76.50"," 79.20"," 76.50"," 79.00"," 78.05"," 78.03"," 15600"," 12.17"," 13"," 13200"," 84.62"
GEOJITFSL," EQ"," 13-Aug-2026"," 77.70"," 78.00"," 81.50"," 77.86"," 80.00"," 79.90"," 79.71"," 824733"," 657.37"," 9004"," 424503"," 51.47"
GESHIP," EQ"," 13-Aug-2026"," 1281.90"," 1280.10"," 1311.00"," 1267.00"," 1308.70"," 1298.80"," 1281.39"," 575942"," 7380.04"," 39751"," 301790"," 52.40"
GFLLIMITED," EQ"," 13-Aug-2026"," 47.90"," 48.50"," 52.00"," 48.12"," 51.31"," 51.30"," 50.70"," 166318"," 84.32"," 1316"," 90454"," 54.39"
GGBL," SM"," 13-Aug-2026"," 240.95"," 240.00"," 244.50"," 236.00"," 236.10"," 237.20"," 239.05"," 33600"," 80.32"," 98"," 25200"," 75.00"
GHCL," EQ"," 13-Aug-2026"," 431.35"," 431.40"," 435.00"," 427.10"," 431.00"," 431.10"," 429.52"," 140542"," 603.65"," 7485"," 94774"," 67.43"
GHCLTEXTIL," EQ"," 13-Aug-2026"," 115.93"," 116.26"," 122.84"," 114.31"," 121.04"," 121.26"," 118.99"," 744993"," 886.46"," 6899"," 441688"," 59.29"
GICHSGFIN," EQ"," 13-Aug-2026"," 149.41"," 144.11"," 146.09"," 137.60"," 139.91"," 139.62"," 141.93"," 526457"," 747.18"," 7394"," 320303"," 60.84"
GICL," EQ"," 13-Aug-2026"," 22.27"," 22.90"," 22.90"," 21.57"," 22.84"," 22.79"," 22.64"," 475520"," 107.65"," 575"," 291564"," 61.31"
GICRE," EQ"," 13-Aug-2026"," 355.85"," 355.00"," 356.80"," 347.40"," 348.30"," 348.20"," 350.79"," 1180620"," 4141.45"," 22255"," 531799"," 45.04"
GILLANDERS," EQ"," 13-Aug-2026"," 90.21"," 89.76"," 90.49"," 88.05"," 88.05"," 88.37"," 88.98"," 8419"," 7.49"," 126"," 7430"," 88.25"
GILLETTE," EQ"," 13-Aug-2026"," 7589.50"," 7585.00"," 7639.50"," 7577.00"," 7595.00"," 7595.50"," 7604.51"," 5613"," 426.84"," 1695"," 2946"," 52.49"
GILT10BETA," EQ"," 13-Aug-2026"," 26.89"," 26.99"," 26.99"," 26.92"," 26.92"," 26.92"," 26.98"," 33"," 0.01"," 5"," 33"," 100.00"
GILT5BETA," EQ"," 13-Aug-2026"," 66.21"," 66.21"," 66.92"," 66.06"," 66.92"," 66.92"," 66.21"," 5106"," 3.38"," 9"," 5105"," 99.98"
GILT5YBEES," EQ"," 13-Aug-2026"," 66.35"," 66.53"," 66.53"," 66.30"," 66.44"," 66.41"," 66.37"," 157200"," 104.34"," 332"," 98865"," 62.89"
GINNIFILA," BE"," 13-Aug-2026"," 44.05"," 43.31"," 44.15"," 42.82"," 43.80"," 43.07"," 43.39"," 149979"," 65.08"," 205"," -"," -"
GIPCL," EQ"," 13-Aug-2026"," 174.05"," 174.59"," 177.16"," 170.41"," 175.60"," 175.97"," 174.45"," 677887"," 1182.58"," 8665"," 358370"," 52.87"
GIRIRAJ," SM"," 13-Aug-2026"," 59.50"," 62.45"," 62.45"," 62.45"," 62.45"," 62.45"," 62.45"," 2000"," 1.25"," 4"," 2000"," 100.00"
GJL," ST"," 13-Aug-2026"," 217.15"," 221.00"," 221.00"," 221.00"," 221.00"," 221.00"," 221.00"," 3200"," 7.07"," 4"," 3200"," 100.00"
GKENERGY," EQ"," 13-Aug-2026"," 128.05"," 128.00"," 130.00"," 127.09"," 128.70"," 128.39"," 128.62"," 253388"," 325.90"," 7681"," 123965"," 48.92"
GKSL," EQ"," 13-Aug-2026"," 133.16"," 133.16"," 137.90"," 133.16"," 137.00"," 136.18"," 135.11"," 395902"," 534.91"," 3091"," 248612"," 62.80"
GKWLIMITED," EQ"," 13-Aug-2026"," 1638.30"," 1635.00"," 1650.00"," 1635.00"," 1636.10"," 1636.40"," 1646.25"," 834"," 13.73"," 56"," 759"," 91.01"
GLAND," EQ"," 13-Aug-2026"," 2891.20"," 2891.10"," 2975.00"," 2825.50"," 2966.00"," 2967.60"," 2925.37"," 793051"," 23199.64"," 64787"," 358824"," 45.25"
GLAXO," EQ"," 13-Aug-2026"," 2620.20"," 2620.00"," 2677.00"," 2606.40"," 2651.10"," 2667.70"," 2646.33"," 59367"," 1571.05"," 8319"," 35504"," 59.80"
GLENMARK," EQ"," 13-Aug-2026"," 2290.00"," 2290.90"," 2322.90"," 2281.90"," 2320.00"," 2320.00"," 2308.36"," 413167"," 9537.40"," 21317"," 192381"," 46.56"
GLFL," EQ"," 13-Aug-2026"," 5.88"," 6.13"," 6.13"," 5.59"," 5.85"," 5.85"," 5.82"," 5210"," 0.30"," 28"," 3679"," 70.61"
GLOBAL," EQ"," 13-Aug-2026"," 102.94"," 102.91"," 103.45"," 101.00"," 103.00"," 102.48"," 102.31"," 60149"," 61.54"," 522"," 47957"," 79.73"
GLOBALE," EQ"," 13-Aug-2026"," 10.78"," 10.88"," 10.88"," 10.58"," 10.80"," 10.80"," 10.80"," 895"," 0.10"," 15"," 878"," 98.10"
GLOBALVECT," EQ"," 13-Aug-2026"," 157.53"," 154.10"," 155.93"," 152.12"," 153.90"," 153.16"," 153.91"," 9424"," 14.50"," 391"," 6457"," 68.52"
GLOBE," EQ"," 13-Aug-2026"," 2.00"," 1.99"," 2.10"," 1.99"," 2.04"," 2.03"," 2.05"," 463897"," 9.51"," 297"," 373929"," 80.61"
GLOBECIVIL," EQ"," 13-Aug-2026"," 43.11"," 43.11"," 45.00"," 41.25"," 44.39"," 44.31"," 44.09"," 95321"," 42.03"," 414"," 37566"," 39.41"
GLOBUSSPR," EQ"," 13-Aug-2026"," 873.50"," 875.90"," 883.90"," 871.20"," 872.00"," 874.65"," 878.22"," 41716"," 366.36"," 2245"," 20739"," 49.71"
GLOSTERLTD," EQ"," 13-Aug-2026"," 640.95"," 662.50"," 662.50"," 645.05"," 652.00"," 649.05"," 653.01"," 380"," 2.48"," 85"," 230"," 60.53"
GLOTTIS," BE"," 13-Aug-2026"," 65.39"," 65.37"," 65.37"," 63.10"," 65.00"," 64.73"," 64.89"," 29304"," 19.02"," 249"," -"," -"
GMBREW," EQ"," 13-Aug-2026"," 896.00"," 896.00"," 899.95"," 891.00"," 897.05"," 896.55"," 894.94"," 17801"," 159.31"," 1360"," 10985"," 61.71"
GMDCLTD," EQ"," 13-Aug-2026"," 603.20"," 605.00"," 609.00"," 590.10"," 591.50"," 593.25"," 597.26"," 911910"," 5446.47"," 21480"," 384880"," 42.21"
GML," SM"," 13-Aug-2026"," 18.05"," 17.90"," 18.95"," 17.90"," 18.95"," 18.95"," 18.77"," 14000"," 2.63"," 7"," 12000"," 85.71"
GMMPFAUDLR," EQ"," 13-Aug-2026"," 997.30"," 997.30"," 1019.80"," 987.00"," 1015.00"," 1012.90"," 1007.98"," 196892"," 1984.63"," 9209"," 84653"," 42.99"
GMRAIRPORT," EQ"," 13-Aug-2026"," 104.55"," 106.86"," 106.90"," 102.32"," 103.00"," 103.00"," 103.61"," 15866371"," 16439.47"," 51278"," 4618139"," 29.11"
GMRP&UI," EQ"," 13-Aug-2026"," 96.73"," 96.73"," 100.29"," 96.27"," 99.40"," 99.43"," 98.86"," 1548327"," 1530.68"," 12151"," 725802"," 46.88"
GNA," EQ"," 13-Aug-2026"," 552.60"," 555.75"," 559.10"," 535.45"," 537.00"," 538.65"," 542.94"," 311904"," 1693.44"," 8951"," 178374"," 57.19"
GNFC," EQ"," 13-Aug-2026"," 551.05"," 550.00"," 558.30"," 549.30"," 550.70"," 550.40"," 554.48"," 336835"," 1867.69"," 12381"," 195238"," 57.96"
GNRL," EQ"," 13-Aug-2026"," 114.30"," 113.98"," 117.50"," 113.59"," 115.60"," 114.45"," 115.71"," 256279"," 296.54"," 4331"," 148421"," 57.91"
GOACARBON," EQ"," 13-Aug-2026"," 370.15"," 370.30"," 373.90"," 366.00"," 367.10"," 367.50"," 369.35"," 8847"," 32.68"," 624"," 5565"," 62.90"
GOCLCORP," EQ"," 13-Aug-2026"," 431.80"," 431.30"," 442.30"," 429.65"," 431.20"," 430.90"," 433.30"," 42609"," 184.63"," 1677"," 22230"," 52.17"
GOCOLORS," EQ"," 13-Aug-2026"," 323.35"," 324.90"," 333.00"," 321.05"," 330.25"," 331.00"," 328.72"," 154506"," 507.90"," 3977"," 51558"," 33.37"
GODAVARIB," EQ"," 13-Aug-2026"," 261.60"," 260.35"," 262.05"," 253.10"," 254.00"," 254.60"," 256.20"," 126213"," 323.35"," 3118"," 65455"," 51.86"
GODFRYPHLP," EQ"," 13-Aug-2026"," 2199.00"," 2196.00"," 2198.80"," 2160.00"," 2160.00"," 2160.00"," 2172.39"," 131197"," 2850.12"," 12134"," 54170"," 41.29"
GODIGIT," EQ"," 13-Aug-2026"," 262.80"," 263.00"," 263.55"," 259.10"," 259.90"," 260.05"," 260.78"," 316086"," 824.29"," 9247"," 240031"," 75.94"
GODREJAGRO," EQ"," 13-Aug-2026"," 552.25"," 555.00"," 569.55"," 548.70"," 562.50"," 562.20"," 561.47"," 275566"," 1547.23"," 16664"," 147986"," 53.70"
GODREJCP," EQ"," 13-Aug-2026"," 910.00"," 911.40"," 939.00"," 906.30"," 936.90"," 936.90"," 925.19"," 6814508"," 63047.38"," 169823"," 3494562"," 51.28"
GODREJIND," EQ"," 13-Aug-2026"," 1235.20"," 1235.20"," 1284.70"," 1210.00"," 1255.80"," 1255.60"," 1250.27"," 480380"," 6006.05"," 40758"," 73453"," 15.29"
GODREJPROP," EQ"," 13-Aug-2026"," 2015.00"," 2014.60"," 2029.10"," 1990.00"," 2028.00"," 2028.00"," 2015.45"," 311120"," 6270.47"," 19301"," 143563"," 46.14"
GOKEX," EQ"," 13-Aug-2026"," 762.25"," 761.10"," 787.30"," 761.10"," 784.05"," 783.00"," 778.08"," 280044"," 2178.97"," 15070"," 133293"," 47.60"
GOKUL," EQ"," 13-Aug-2026"," 39.53"," 39.94"," 40.53"," 39.25"," 39.32"," 39.34"," 39.93"," 155827"," 62.22"," 356"," 32657"," 20.96"
GOKULAGRO," EQ"," 13-Aug-2026"," 236.60"," 237.40"," 241.50"," 234.52"," 235.00"," 235.34"," 237.82"," 378487"," 900.11"," 9326"," 135673"," 35.85"
GOLD1," EQ"," 13-Aug-2026"," 127.73"," 127.73"," 128.59"," 126.11"," 127.00"," 126.92"," 126.85"," 1454740"," 1845.38"," 6670"," 711586"," 48.91"
GOLD360," EQ"," 13-Aug-2026"," 149.40"," 149.40"," 149.40"," 147.60"," 148.70"," 148.50"," 148.35"," 9701"," 14.39"," 209"," 4567"," 47.08"
GOLDADD," EQ"," 13-Aug-2026"," 148.59"," 151.60"," 151.60"," 146.82"," 147.70"," 147.57"," 147.48"," 268802"," 396.44"," 5860"," 239459"," 89.08"
GOLDAXIS," EQ"," 13-Aug-2026"," 127.48"," 127.55"," 127.55"," 125.77"," 126.67"," 126.40"," 126.26"," 895767"," 1131.04"," 3205"," 485805"," 54.23"
GOLDBEES," EQ"," 13-Aug-2026"," 126.45"," 126.04"," 126.59"," 124.90"," 125.65"," 125.48"," 125.56"," 24579205"," 30862.41"," 77702"," 13231936"," 53.83"
GOLDBETA," EQ"," 13-Aug-2026"," 128.75"," 128.70"," 128.75"," 127.20"," 127.90"," 127.95"," 127.89"," 375973"," 480.83"," 2485"," 217298"," 57.80"
GOLDBND," EQ"," 13-Aug-2026"," 152.80"," 152.80"," 153.98"," 150.76"," 151.95"," 151.75"," 151.79"," 19543"," 29.66"," 226"," 18723"," 95.80"
GOLDCASE," EQ"," 13-Aug-2026"," 24.08"," 24.18"," 24.18"," 23.80"," 23.93"," 23.91"," 23.93"," 11094921"," 2654.48"," 9889"," 5159201"," 46.50"
GOLDENTOBC," BZ"," 13-Aug-2026"," 24.51"," 24.52"," 25.73"," 23.31"," 25.50"," 25.48"," 25.19"," 5018"," 1.26"," 39"," -"," -"
GOLDETF," EQ"," 13-Aug-2026"," 148.52"," 148.55"," 148.63"," 147.00"," 147.80"," 147.72"," 147.68"," 805378"," 1189.35"," 7648"," 566026"," 70.28"
GOLDIAM," EQ"," 13-Aug-2026"," 372.85"," 373.90"," 377.10"," 360.50"," 363.40"," 362.80"," 367.66"," 847844"," 3117.20"," 13503"," 430650"," 50.79"
GOLDIETF," EQ"," 13-Aug-2026"," 131.06"," 131.06"," 131.90"," 129.41"," 130.07"," 129.92"," 130.03"," 5745722"," 7471.23"," 28086"," 3614402"," 62.91"
GOLDSTAR," SM"," 13-Aug-2026"," 7.00"," 7.35"," 7.35"," 7.35"," 7.35"," 7.35"," 7.35"," 90000"," 6.62"," 8"," 90000"," 100.00"
GOLDTECH," BE"," 13-Aug-2026"," 53.41"," 52.25"," 53.00"," 50.74"," 50.74"," 50.74"," 51.38"," 43496"," 22.35"," 231"," -"," -"
GOODLUCK," EQ"," 13-Aug-2026"," 1305.60"," 1255.00"," 1303.00"," 1252.00"," 1270.00"," 1269.80"," 1276.08"," 388700"," 4960.12"," 19240"," 213853"," 55.02"
GOODYEAR," EQ"," 13-Aug-2026"," 810.85"," 786.00"," 798.00"," 780.00"," 780.00"," 780.95"," 784.49"," 14061"," 110.31"," 1107"," 7163"," 50.94"
GOPAL," EQ"," 13-Aug-2026"," 273.40"," 275.85"," 277.70"," 273.50"," 274.00"," 276.65"," 275.15"," 144099"," 396.49"," 5505"," 46342"," 32.16"
GOYALALUM," EQ"," 13-Aug-2026"," 6.31"," 6.54"," 6.54"," 6.30"," 6.44"," 6.40"," 6.41"," 65970"," 4.23"," 365"," 44647"," 67.68"
GOYALSALT," SM"," 13-Aug-2026"," 109.50"," 109.50"," 109.50"," 103.00"," 105.00"," 105.00"," 106.60"," 24600"," 26.22"," 18"," 24600"," 100.00"
GPECO," ST"," 13-Aug-2026"," 407.50"," 395.10"," 407.50"," 395.00"," 395.60"," 395.60"," 397.79"," 8200"," 32.62"," 34"," 8000"," 97.56"
GPIL," EQ"," 13-Aug-2026"," 228.99"," 229.98"," 246.93"," 229.98"," 243.40"," 243.31"," 241.75"," 7876082"," 19040.18"," 94763"," 1563557"," 19.85"
GPPL," EQ"," 13-Aug-2026"," 149.79"," 153.90"," 158.39"," 151.30"," 151.84"," 151.75"," 154.06"," 10195926"," 15707.76"," 77920"," 2809826"," 27.56"
GPTHEALTH," EQ"," 13-Aug-2026"," 157.28"," 157.50"," 159.78"," 153.55"," 154.00"," 154.98"," 156.12"," 183999"," 287.25"," 7039"," 104423"," 56.75"
GPTINFRA," EQ"," 13-Aug-2026"," 118.87"," 118.28"," 118.28"," 115.01"," 118.00"," 116.73"," 116.40"," 42285"," 49.22"," 1135"," 26084"," 61.69"
GRADIENTE," EQ"," 13-Aug-2026"," 2.61"," 2.70"," 2.74"," 2.65"," 2.66"," 2.66"," 2.71"," 2116259"," 57.28"," 385"," 1382808"," 65.34"
GRANDOAK," EQ"," 13-Aug-2026"," 39.29"," 39.90"," 39.90"," 37.33"," 38.45"," 37.42"," 37.90"," 7349"," 2.78"," 70"," 5754"," 78.30"
GRANULES," EQ"," 13-Aug-2026"," 864.80"," 862.00"," 882.00"," 853.00"," 855.00"," 857.55"," 863.50"," 749250"," 6469.75"," 30972"," 360696"," 48.14"
GRAPHISAD," SM"," 13-Aug-2026"," 27.05"," 27.50"," 27.90"," 26.00"," 26.00"," 26.50"," 26.91"," 9600"," 2.58"," 8"," 7200"," 75.00"
GRAPHITE," EQ"," 13-Aug-2026"," 726.25"," 723.00"," 744.90"," 722.20"," 735.00"," 734.85"," 738.01"," 684752"," 5053.51"," 21904"," 280567"," 40.97"
GRASIM," EQ"," 13-Aug-2026"," 3307.80"," 3299.30"," 3299.30"," 3201.00"," 3257.00"," 3257.00"," 3244.65"," 1041544"," 33794.42"," 61057"," 335610"," 32.22"
GRAUWEIL," EQ"," 13-Aug-2026"," 67.10"," 67.10"," 67.54"," 66.45"," 66.97"," 66.84"," 66.94"," 150853"," 100.98"," 6995"," 105390"," 69.86"
GRAVISSHO," EQ"," 13-Aug-2026"," 30.63"," 29.80"," 31.20"," 29.28"," 29.28"," 29.28"," 30.63"," 873"," 0.27"," 11"," 834"," 95.53"
GRAVITA," EQ"," 13-Aug-2026"," 1815.10"," 1814.40"," 1833.10"," 1790.10"," 1819.00"," 1819.70"," 1813.68"," 164786"," 2988.69"," 18447"," 84576"," 51.32"
GRCL," ST"," 13-Aug-2026"," 508.50"," 499.05"," 499.05"," 499.00"," 499.00"," 499.00"," 499.02"," 750"," 3.74"," 3"," 750"," 100.00"
GREAVESCOT," EQ"," 13-Aug-2026"," 193.76"," 194.00"," 201.25"," 193.57"," 198.79"," 198.44"," 198.38"," 1458110"," 2892.58"," 15309"," 531157"," 36.43"
GREENCHEF," SM"," 13-Aug-2026"," 49.00"," 45.30"," 48.05"," 45.30"," 48.05"," 48.05"," 46.68"," 1600"," 0.75"," 2"," 1600"," 100.00"
GREENLAM," EQ"," 13-Aug-2026"," 248.50"," 248.50"," 261.40"," 248.50"," 253.00"," 253.65"," 255.40"," 302822"," 773.42"," 9497"," 114602"," 37.84"
GREENLEAF," ST"," 13-Aug-2026"," 117.60"," 123.45"," 123.45"," 118.55"," 119.00"," 119.70"," 122.35"," 20000"," 24.47"," 20"," 17000"," 85.00"
GREENPANEL," EQ"," 13-Aug-2026"," 176.66"," 176.40"," 178.50"," 171.00"," 171.60"," 171.77"," 173.12"," 528840"," 915.53"," 17462"," 409500"," 77.43"
GREENPLY," EQ"," 13-Aug-2026"," 276.65"," 275.55"," 286.85"," 275.55"," 283.50"," 284.55"," 283.62"," 85127"," 241.43"," 2638"," 45371"," 53.30"
GREENPOWER," EQ"," 13-Aug-2026"," 9.54"," 9.54"," 9.63"," 9.50"," 9.57"," 9.55"," 9.57"," 1824584"," 174.65"," 2956"," 1006489"," 55.16"
GRINDWELL," EQ"," 13-Aug-2026"," 2106.20"," 2106.00"," 2160.00"," 2106.00"," 2155.40"," 2146.30"," 2135.94"," 17528"," 374.39"," 4333"," 10623"," 60.61"
GRINFRA," EQ"," 13-Aug-2026"," 881.95"," 881.95"," 881.95"," 871.15"," 877.00"," 877.90"," 876.67"," 12787"," 112.10"," 1307"," 8938"," 69.90"
GRMOVER," EQ"," 13-Aug-2026"," 91.38"," 92.85"," 94.08"," 89.21"," 90.08"," 90.05"," 92.22"," 2647927"," 2441.96"," 19988"," 683172"," 25.80"
GROBTEA," EQ"," 13-Aug-2026"," 919.60"," 927.00"," 939.00"," 927.00"," 927.00"," 927.00"," 933.66"," 111"," 1.04"," 17"," 106"," 95.50"
GROWW," EQ"," 13-Aug-2026"," 197.28"," 199.00"," 199.70"," 197.30"," 197.89"," 197.99"," 198.20"," 20675078"," 40977.77"," 81383"," 10139650"," 49.04"
GROWWCAPM," EQ"," 13-Aug-2026"," 11.23"," 11.29"," 11.31"," 11.20"," 11.25"," 11.29"," 11.27"," 549706"," 61.96"," 622"," 280773"," 51.08"
GROWWCHEM," EQ"," 13-Aug-2026"," 30.48"," 30.48"," 30.93"," 30.48"," 30.72"," 30.87"," 30.72"," 29248"," 8.98"," 204"," 15735"," 53.80"
GROWWDEFNC," EQ"," 13-Aug-2026"," 96.33"," 96.81"," 98.23"," 96.15"," 97.85"," 97.94"," 97.45"," 202013"," 196.87"," 2767"," 111415"," 55.15"
GROWWEV," EQ"," 13-Aug-2026"," 34.13"," 34.14"," 34.36"," 33.81"," 34.00"," 34.14"," 34.19"," 303540"," 103.77"," 1555"," 181624"," 59.84"
GROWWGOLD," EQ"," 13-Aug-2026"," 14.93"," 14.98"," 14.99"," 14.76"," 14.83"," 14.82"," 14.84"," 2489838"," 369.53"," 3910"," 1384022"," 55.59"
GROWWHOSPI," EQ"," 13-Aug-2026"," 51.90"," 52.94"," 53.19"," 51.95"," 52.64"," 52.45"," 52.29"," 439818"," 229.97"," 2534"," 292834"," 66.58"
GROWWLIQID," EQ"," 13-Aug-2026"," 110.30"," 110.31"," 110.32"," 110.31"," 110.31"," 110.31"," 110.32"," 189307"," 208.84"," 181"," 118125"," 62.40"
GROWWLOVOL," EQ"," 13-Aug-2026"," 10.55"," 10.55"," 10.77"," 10.53"," 10.60"," 10.60"," 10.59"," 6644"," 0.70"," 80"," 4883"," 73.49"
GROWWMC150," EQ"," 13-Aug-2026"," 232.18"," 237.98"," 237.98"," 232.18"," 234.60"," 234.71"," 235.41"," 847"," 1.99"," 25"," 597"," 70.48"
GROWWMETAL," EQ"," 13-Aug-2026"," 12.39"," 12.62"," 12.62"," 12.33"," 12.33"," 12.36"," 12.42"," 342360"," 42.52"," 1152"," 185246"," 54.11"
GROWWMOM50," EQ"," 13-Aug-2026"," 11.07"," 11.47"," 11.47"," 11.00"," 11.07"," 11.06"," 11.05"," 371969"," 41.12"," 394"," 326866"," 87.87"
GROWWN200," EQ"," 13-Aug-2026"," 11.54"," 11.61"," 11.61"," 11.36"," 11.58"," 11.47"," 11.48"," 80781"," 9.28"," 249"," 34510"," 42.72"
GROWWNET," EQ"," 13-Aug-2026"," 10.52"," 10.52"," 10.66"," 10.40"," 10.51"," 10.60"," 10.61"," 360169"," 38.21"," 673"," 288498"," 80.10"
GROWWNIFTY," EQ"," 13-Aug-2026"," 9.86"," 9.99"," 9.99"," 9.78"," 9.91"," 9.87"," 9.86"," 586719"," 57.85"," 3751"," 365988"," 62.38"
GROWWNXT50," EQ"," 13-Aug-2026"," 74.92"," 75.68"," 75.68"," 74.10"," 74.70"," 74.74"," 74.79"," 3171"," 2.37"," 91"," 1710"," 53.93"
GROWWPOWER," EQ"," 13-Aug-2026"," 11.48"," 11.64"," 11.64"," 11.47"," 11.48"," 11.50"," 11.51"," 2450866"," 282.17"," 1862"," 2032916"," 82.95"
GROWWPSE," EQ"," 13-Aug-2026"," 100.40"," 99.20"," 100.23"," 98.56"," 100.23"," 99.57"," 99.40"," 2007"," 1.99"," 45"," 1484"," 73.94"
GROWWPSUBK," EQ"," 13-Aug-2026"," 88.05"," 87.08"," 88.95"," 87.08"," 88.00"," 87.83"," 88.13"," 4678"," 4.12"," 64"," 2157"," 46.11"
GROWWRAIL," EQ"," 13-Aug-2026"," 29.28"," 29.28"," 29.41"," 29.13"," 29.40"," 29.30"," 29.31"," 408514"," 119.75"," 2064"," 214840"," 52.59"
GROWWRLTY," EQ"," 13-Aug-2026"," 9.90"," 10.10"," 10.16"," 9.87"," 10.16"," 10.12"," 10.05"," 329583"," 33.13"," 395"," 298915"," 90.69"
GROWWSC250," EQ"," 13-Aug-2026"," 10.62"," 10.70"," 10.70"," 10.58"," 10.62"," 10.61"," 10.63"," 61836"," 6.57"," 451"," 50946"," 82.39"
GROWWSLVR," EQ"," 13-Aug-2026"," 23.11"," 22.52"," 22.97"," 22.52"," 22.67"," 22.66"," 22.75"," 2030817"," 461.96"," 2232"," 655990"," 32.30"
GRPLTD," EQ"," 13-Aug-2026"," 1976.70"," 1999.90"," 2020.00"," 1955.00"," 2013.00"," 1992.70"," 1990.87"," 1462"," 29.11"," 249"," 737"," 50.41"
GRSE," EQ"," 13-Aug-2026"," 2576.40"," 2576.40"," 2669.90"," 2576.40"," 2632.80"," 2632.30"," 2638.28"," 975141"," 25726.93"," 53479"," 323455"," 33.17"
GRWRHITECH," EQ"," 13-Aug-2026"," 7132.50"," 7170.00"," 7395.00"," 7170.00"," 7229.00"," 7230.00"," 7290.29"," 78803"," 5744.96"," 22710"," 37685"," 47.82"
GSEC10IETF," EQ"," 13-Aug-2026"," 266.05"," 267.12"," 267.12"," 267.12"," 267.12"," 267.12"," 267.12"," 3"," 0.01"," 3"," 3"," 100.00"
GSEC10YEAR," EQ"," 13-Aug-2026"," 30.65"," 30.50"," 30.70"," 30.43"," 30.68"," 30.68"," 30.47"," 1250"," 0.38"," 16"," 1163"," 93.04"
GSEC5IETF," EQ"," 13-Aug-2026"," 66.55"," 66.60"," 66.89"," 66.31"," 66.31"," 66.31"," 66.51"," 618"," 0.41"," 29"," 262"," 42.39"
GSFC," EQ"," 13-Aug-2026"," 160.69"," 163.00"," 164.45"," 157.16"," 158.24"," 158.60"," 160.75"," 1532614"," 2463.67"," 24916"," 808699"," 52.77"
GSLSU," EQ"," 13-Aug-2026"," 29.55"," 29.55"," 31.02"," 29.55"," 31.02"," 31.02"," 30.82"," 45438"," 14.01"," 108"," 43886"," 96.58"
GSMFOILS," SM"," 13-Aug-2026"," 108.20"," 102.80"," 102.80"," 102.80"," 102.80"," 102.80"," 102.80"," 14500"," 14.91"," 22"," 14500"," 100.00"
GSPCROP," EQ"," 13-Aug-2026"," 588.75"," 594.85"," 595.00"," 584.70"," 595.00"," 591.70"," 590.76"," 296735"," 1752.99"," 3890"," 62045"," 20.91"
GSS," EQ"," 13-Aug-2026"," 13.27"," 13.21"," 13.55"," 13.12"," 13.35"," 13.42"," 13.42"," 8627"," 1.16"," 114"," 5304"," 61.48"
GSTL," SM"," 13-Aug-2026"," 15.20"," 15.00"," 15.00"," 15.00"," 15.00"," 15.00"," 15.00"," 1000"," 0.15"," 1"," 1000"," 100.00"
GTECJAINX," BE"," 13-Aug-2026"," 29.45"," 28.86"," 30.92"," 27.98"," 28.00"," 28.00"," 28.55"," 7700"," 2.20"," 55"," -"," -"
GTL," EQ"," 13-Aug-2026"," 7.60"," 7.80"," 7.80"," 7.50"," 7.72"," 7.65"," 7.65"," 200583"," 15.35"," 633"," 131943"," 65.78"
GTLINFRA," EQ"," 13-Aug-2026"," 1.23"," 1.23"," 1.25"," 1.22"," 1.24"," 1.23"," 1.24"," 24472456"," 302.37"," 10179"," 10431246"," 42.62"
GTPL," EQ"," 13-Aug-2026"," 53.94"," 55.14"," 55.14"," 53.30"," 54.00"," 54.03"," 53.93"," 86077"," 46.42"," 1015"," 62030"," 72.06"
GUFICBIO," EQ"," 13-Aug-2026"," 424.90"," 424.90"," 432.25"," 415.70"," 428.50"," 430.25"," 428.03"," 75418"," 322.81"," 4510"," 38538"," 51.10"
GUJALKALI," EQ"," 13-Aug-2026"," 672.45"," 678.00"," 698.00"," 671.85"," 697.00"," 694.35"," 687.18"," 97805"," 672.10"," 5566"," 50041"," 51.16"
GUJAPOLLO," EQ"," 13-Aug-2026"," 347.30"," 347.30"," 356.35"," 345.75"," 346.00"," 347.25"," 348.69"," 6232"," 21.73"," 164"," 5530"," 88.74"
GUJENERGY," EQ"," 13-Aug-2026"," 274.35"," 278.00"," 293.50"," 275.50"," 284.70"," 284.40"," 285.27"," 9580453"," 27329.72"," 134874"," 6370389"," 66.49"
GUJRAFFIA," EQ"," 13-Aug-2026"," 41.98"," 42.60"," 44.95"," 41.00"," 43.75"," 43.75"," 43.17"," 20736"," 8.95"," 263"," 16481"," 79.48"
GUJTHEM," EQ"," 13-Aug-2026"," 352.65"," 350.00"," 355.95"," 347.00"," 347.00"," 347.25"," 349.18"," 54457"," 190.15"," 1687"," 35811"," 65.76"
GULFOILLUB," EQ"," 13-Aug-2026"," 1181.20"," 1181.00"," 1188.60"," 1173.30"," 1174.90"," 1176.70"," 1178.00"," 41355"," 487.16"," 2775"," 24557"," 59.38"
GULFPETRO," BE"," 13-Aug-2026"," 62.75"," 62.75"," 65.88"," 59.62"," 61.51"," 61.72"," 63.51"," 560313"," 355.84"," 1326"," -"," -"
GULPOLY," EQ"," 13-Aug-2026"," 189.89"," 190.80"," 194.14"," 189.00"," 189.96"," 190.12"," 192.19"," 203960"," 391.99"," 3706"," 104288"," 51.13"
GURUNANAK," SM"," 13-Aug-2026"," 41.00"," 43.00"," 43.00"," 39.50"," 39.50"," 39.50"," 40.90"," 20800"," 8.51"," 13"," 19200"," 92.31"
GVKPIL," BE"," 13-Aug-2026"," 2.36"," 2.37"," 2.37"," 2.33"," 2.35"," 2.34"," 2.35"," 356299"," 8.37"," 652"," -"," -"
GVPIL," EQ"," 13-Aug-2026"," 794.00"," 825.00"," 825.00"," 781.20"," 809.85"," 810.10"," 806.92"," 489011"," 3945.93"," 20937"," 246733"," 50.46"
GVPTECH," EQ"," 13-Aug-2026"," 7.13"," 7.23"," 7.23"," 7.06"," 7.07"," 7.07"," 7.14"," 28918"," 2.07"," 224"," 19945"," 68.97"
GVT&D," EQ"," 13-Aug-2026"," 4406.50"," 4408.00"," 4424.90"," 4278.00"," 4304.70"," 4304.70"," 4316.62"," 914769"," 39487.09"," 75834"," 520777"," 56.93"
GYFTR," EQ"," 13-Aug-2026"," 160.15"," 161.09"," 161.71"," 159.00"," 159.50"," 159.50"," 160.25"," 33620"," 53.88"," 977"," 6071"," 18.06"
HAL," EQ"," 13-Aug-2026"," 4995.00"," 5019.50"," 5048.00"," 4915.00"," 4945.00"," 4945.00"," 4971.87"," 1595991"," 79350.53"," 108323"," 515605"," 32.31"
HALDER," EQ"," 13-Aug-2026"," 275.08"," 275.10"," 289.00"," 273.00"," 289.00"," 285.71"," 281.96"," 32728"," 92.28"," 286"," 8671"," 26.49"
HALDYNGL," BE"," 13-Aug-2026"," 124.35"," 128.70"," 128.70"," 120.00"," 126.95"," 125.17"," 126.03"," 25701"," 32.39"," 166"," -"," -"
HALEOSLABS," EQ"," 13-Aug-2026"," 1451.40"," 1494.00"," 1494.00"," 1455.00"," 1487.40"," 1475.00"," 1473.39"," 810"," 11.93"," 76"," 676"," 83.46"
HAPPSTMNDS," EQ"," 13-Aug-2026"," 390.00"," 390.00"," 399.85"," 388.55"," 394.00"," 394.80"," 395.97"," 512394"," 2028.92"," 18138"," 191700"," 37.41"
HAPPY," SM"," 13-Aug-2026"," 65.75"," 60.25"," 66.00"," 60.25"," 64.00"," 64.00"," 64.98"," 22000"," 14.30"," 11"," 18000"," 81.82"
HAPPYFORGE," EQ"," 13-Aug-2026"," 2022.70"," 2040.00"," 2049.80"," 1986.60"," 2028.00"," 2007.60"," 2014.70"," 67946"," 1368.91"," 11361"," 37402"," 55.05"
HARDWYN," EQ"," 13-Aug-2026"," 11.51"," 11.28"," 11.98"," 11.28"," 11.50"," 11.51"," 11.65"," 4621573"," 538.60"," 5594"," 1610234"," 34.84"
HARIOMPIPE," EQ"," 13-Aug-2026"," 392.70"," 360.05"," 374.10"," 354.20"," 366.40"," 365.20"," 365.94"," 455930"," 1668.42"," 13141"," 187638"," 41.16"
HARRMALAYA," EQ"," 13-Aug-2026"," 219.74"," 222.95"," 225.89"," 220.10"," 221.10"," 222.68"," 222.43"," 12132"," 26.98"," 278"," 10147"," 83.64"
HARSHA," EQ"," 13-Aug-2026"," 399.90"," 406.00"," 410.95"," 401.50"," 404.95"," 405.40"," 406.31"," 121828"," 495.00"," 4360"," 62307"," 51.14"
HATHWAY," EQ"," 13-Aug-2026"," 10.67"," 10.63"," 10.84"," 10.63"," 10.68"," 10.72"," 10.75"," 1743472"," 187.36"," 2073"," 679285"," 38.96"
HATSUN," EQ"," 13-Aug-2026"," 950.05"," 950.00"," 970.30"," 942.25"," 960.00"," 963.95"," 956.65"," 49078"," 469.50"," 3309"," 24715"," 50.36"
HAVELLS," EQ"," 13-Aug-2026"," 1265.00"," 1265.00"," 1271.70"," 1254.30"," 1270.00"," 1270.00"," 1263.36"," 659660"," 8333.91"," 20112"," 486173"," 73.70"
HAVISHA," EQ"," 13-Aug-2026"," 1.39"," 1.38"," 1.38"," 1.34"," 1.34"," 1.35"," 1.36"," 67527"," 0.92"," 153"," 59790"," 88.54"
HAWKINCOOK," EQ"," 13-Aug-2026"," 8177.50"," 8235.50"," 8330.00"," 8230.00"," 8320.00"," 8305.50"," 8281.01"," 361"," 29.89"," 157"," 254"," 70.36"
HBESD," EQ"," 13-Aug-2026"," 74.99"," 75.00"," 78.45"," 75.00"," 78.38"," 78.34"," 76.87"," 6943"," 5.34"," 27"," 6943"," 100.00"
HBLENGINE," EQ"," 13-Aug-2026"," 691.50"," 691.80"," 699.85"," 691.65"," 695.00"," 693.05"," 695.23"," 448504"," 3118.13"," 18494"," 254267"," 56.69"
HBSL," EQ"," 13-Aug-2026"," 57.55"," 55.50"," 60.00"," 54.61"," 57.00"," 57.58"," 57.52"," 1697"," 0.98"," 56"," 1360"," 80.14"
HCC," EQ"," 13-Aug-2026"," 20.04"," 20.14"," 20.47"," 20.00"," 20.06"," 20.07"," 20.24"," 9815170"," 1986.22"," 14601"," 4754736"," 48.44"
HCG," EQ"," 13-Aug-2026"," 736.50"," 739.90"," 739.90"," 711.25"," 722.70"," 721.40"," 723.52"," 161808"," 1170.72"," 15264"," 81223"," 50.20"
HCL-INSYS," EQ"," 13-Aug-2026"," 11.78"," 12.00"," 12.00"," 11.36"," 11.55"," 11.48"," 11.61"," 156015"," 18.12"," 631"," 105739"," 67.77"
HCLTECH," EQ"," 13-Aug-2026"," 1365.40"," 1362.90"," 1372.90"," 1354.00"," 1370.00"," 1370.00"," 1364.23"," 778760"," 10624.05"," 49556"," 408120"," 52.41"
HDBFS," EQ"," 13-Aug-2026"," 688.75"," 686.00"," 695.15"," 683.00"," 685.10"," 684.90"," 688.63"," 596205"," 4105.64"," 14079"," 454566"," 76.24"
HDFCAMC," EQ"," 13-Aug-2026"," 2490.00"," 2490.00"," 2503.00"," 2478.20"," 2499.50"," 2499.50"," 2489.42"," 716544"," 17837.82"," 25550"," 492549"," 68.74"
HDFCBANK," EQ"," 13-Aug-2026"," 729.00"," 726.90"," 729.00"," 724.50"," 725.00"," 725.00"," 726.89"," 22129893"," 160860.59"," 290871"," 13265986"," 59.95"
HDFCBSE500," EQ"," 13-Aug-2026"," 38.22"," 38.09"," 38.23"," 38.01"," 38.17"," 38.11"," 38.07"," 551841"," 210.08"," 232"," 532994"," 96.58"
HDFCGOLD," EQ"," 13-Aug-2026"," 130.61"," 131.83"," 131.83"," 129.12"," 129.75"," 129.65"," 129.79"," 1793360"," 2327.56"," 8166"," 847248"," 47.24"
HDFCGROWTH," EQ"," 13-Aug-2026"," 122.83"," 124.82"," 126.00"," 122.16"," 123.00"," 123.16"," 122.73"," 19182"," 23.54"," 181"," 8720"," 45.46"
HDFCLIFE," EQ"," 13-Aug-2026"," 537.00"," 537.00"," 539.70"," 532.90"," 538.05"," 538.05"," 537.46"," 1565686"," 8414.93"," 29516"," 926791"," 59.19"
HDFCLIQUID," EQ"," 13-Aug-2026"," 1073.32"," 1073.45"," 1073.47"," 1073.45"," 1073.47"," 1073.45"," 1073.47"," 36012"," 386.58"," 43"," 30349"," 84.27"
HDFCLOWVOL," EQ"," 13-Aug-2026"," 21.09"," 21.10"," 21.15"," 21.05"," 21.13"," 21.13"," 21.07"," 947"," 0.20"," 38"," 497"," 52.48"
HDFCMID150," EQ"," 13-Aug-2026"," 23.76"," 23.76"," 24.01"," 23.73"," 23.87"," 23.78"," 23.79"," 990122"," 235.57"," 1361"," 567440"," 57.31"
HDFCMOMENT," EQ"," 13-Aug-2026"," 31.57"," 31.67"," 31.71"," 31.38"," 31.55"," 31.49"," 31.54"," 170566"," 53.80"," 533"," 99272"," 58.20"
HDFCNEXT50," EQ"," 13-Aug-2026"," 76.00"," 77.90"," 77.90"," 75.89"," 75.91"," 76.17"," 76.17"," 185870"," 141.58"," 646"," 140574"," 75.63"
HDFCNIF100," EQ"," 13-Aug-2026"," 26.36"," 26.36"," 26.47"," 26.27"," 26.28"," 26.33"," 26.36"," 288498"," 76.05"," 268"," 268931"," 93.22"
HDFCNIFBAN," EQ"," 13-Aug-2026"," 59.57"," 61.05"," 61.05"," 59.27"," 59.36"," 59.43"," 59.41"," 79520"," 47.24"," 307"," 71005"," 89.29"
HDFCNIFIT," EQ"," 13-Aug-2026"," 33.45"," 33.32"," 33.65"," 33.22"," 33.65"," 33.55"," 33.40"," 331935"," 110.87"," 504"," 183460"," 55.27"
HDFCNIFTY," EQ"," 13-Aug-2026"," 275.29"," 272.49"," 275.60"," 272.49"," 274.70"," 275.20"," 275.07"," 73162"," 201.24"," 580"," 53686"," 73.38"
HDFCNIMEG," EQ"," 13-Aug-2026"," 131.46"," 131.46"," 131.46"," 129.90"," 130.60"," 130.06"," 130.21"," 75357"," 98.12"," 184"," 58124"," 77.13"
HDFCPSUBK," EQ"," 13-Aug-2026"," 88.92"," 88.92"," 89.50"," 88.27"," 88.27"," 88.70"," 89.13"," 1482909"," 1321.75"," 1958"," 1366112"," 92.12"
HDFCPVTBAN," EQ"," 13-Aug-2026"," 28.00"," 28.03"," 28.35"," 27.80"," 28.10"," 27.91"," 27.87"," 192131"," 53.55"," 496"," 152784"," 79.52"
HDFCQUAL," EQ"," 13-Aug-2026"," 60.06"," 60.06"," 60.26"," 59.94"," 59.94"," 60.08"," 60.10"," 12527"," 7.53"," 80"," 5335"," 42.59"
HDFCSENSEX," EQ"," 13-Aug-2026"," 88.36"," 88.19"," 88.76"," 88.05"," 88.05"," 88.19"," 88.23"," 83888"," 74.02"," 474"," 74467"," 88.77"
HDFCSILVER," EQ"," 13-Aug-2026"," 225.88"," 224.01"," 224.02"," 219.80"," 221.09"," 220.90"," 221.86"," 3143588"," 6974.47"," 15199"," 1129935"," 35.94"
HDFCSML250," EQ"," 13-Aug-2026"," 184.44"," 185.90"," 185.90"," 184.45"," 185.07"," 185.21"," 185.09"," 888358"," 1644.23"," 5889"," 535976"," 60.33"
HDFCVALUE," EQ"," 13-Aug-2026"," 127.94"," 127.22"," 127.81"," 126.86"," 127.80"," 127.40"," 127.22"," 6508"," 8.28"," 88"," 4376"," 67.24"
HDIL," BZ"," 13-Aug-2026"," 1.50"," 1.50"," 1.57"," 1.49"," 1.52"," 1.52"," 1.54"," 273102"," 4.20"," 191"," -"," -"
HEADSUP," EQ"," 13-Aug-2026"," 7.11"," 7.22"," 7.25"," 6.90"," 6.95"," 7.06"," 7.08"," 5766"," 0.41"," 116"," 3410"," 59.14"
HEALTHADD," EQ"," 13-Aug-2026"," 16.74"," 16.71"," 16.75"," 16.69"," 16.69"," 16.69"," 16.70"," 73898"," 12.34"," 203"," 43513"," 58.88"
HEALTHAXIS," EQ"," 13-Aug-2026"," 168.95"," 169.04"," 169.20"," 168.13"," 168.24"," 168.45"," 168.85"," 8155"," 13.77"," 67"," 3992"," 48.95"
HEALTHCARE," EQ"," 13-Aug-2026"," 21.60"," 21.70"," 21.71"," 21.59"," 21.67"," 21.68"," 21.68"," 26898"," 5.83"," 141"," 25974"," 96.56"
HEALTHIETF," EQ"," 13-Aug-2026"," 170.43"," 171.59"," 171.59"," 169.69"," 170.83"," 170.26"," 170.18"," 68421"," 116.44"," 1241"," 30314"," 44.31"
HEALTHX," EQ"," 13-Aug-2026"," 293.90"," 293.90"," 303.60"," 293.00"," 293.00"," 294.70"," 297.06"," 3403"," 10.11"," 185"," 2353"," 69.14"
HEALTHY," EQ"," 13-Aug-2026"," 17.06"," 17.11"," 17.18"," 17.02"," 17.10"," 17.06"," 17.06"," 252414"," 43.06"," 890"," 141319"," 55.99"
HECPROJECT," EQ"," 13-Aug-2026"," 136.01"," 135.96"," 142.00"," 134.07"," 137.50"," 137.91"," 137.56"," 9637"," 13.26"," 278"," 5846"," 60.66"
HEG," EQ"," 13-Aug-2026"," 674.35"," 677.00"," 691.60"," 675.35"," 686.30"," 687.00"," 686.02"," 1212015"," 8314.72"," 29330"," 508236"," 41.93"
HEIDELBERG," EQ"," 13-Aug-2026"," 155.12"," 155.99"," 158.84"," 155.92"," 158.60"," 158.08"," 157.40"," 84204"," 132.54"," 1350"," 57194"," 67.92"
HEMIPROP," EQ"," 13-Aug-2026"," 134.12"," 134.20"," 134.98"," 132.72"," 132.76"," 132.98"," 133.79"," 222670"," 297.91"," 1572"," 168126"," 75.50"
HERANBA," EQ"," 13-Aug-2026"," 171.82"," 173.90"," 174.48"," 166.52"," 168.40"," 167.80"," 170.12"," 36848"," 62.69"," 1131"," 25388"," 68.90"
HERITGFOOD," EQ"," 13-Aug-2026"," 357.65"," 355.40"," 364.90"," 355.40"," 358.10"," 360.70"," 361.15"," 207811"," 750.52"," 7290"," 105884"," 50.95"
HEROMOTOCO," EQ"," 13-Aug-2026"," 5895.00"," 5919.00"," 5934.00"," 5802.00"," 5850.00"," 5850.00"," 5871.89"," 528775"," 31049.06"," 45185"," 324626"," 61.39"
HESTERBIO," EQ"," 13-Aug-2026"," 2465.30"," 2441.60"," 2471.90"," 2431.10"," 2468.00"," 2460.70"," 2450.17"," 2818"," 69.05"," 643"," 1509"," 53.55"
HEXAGON," BE"," 13-Aug-2026"," 65.91"," 63.31"," 65.25"," 63.31"," 64.30"," 64.44"," 64.28"," 271960"," 174.80"," 810"," -"," -"
HEXATRADEX," EQ"," 13-Aug-2026"," 156.82"," 156.82"," 159.66"," 156.82"," 157.03"," 157.41"," 157.31"," 679"," 1.07"," 46"," 616"," 90.72"
HEXT," EQ"," 13-Aug-2026"," 566.95"," 575.70"," 584.50"," 565.00"," 574.90"," 574.55"," 575.63"," 300895"," 1732.06"," 19727"," 105413"," 35.03"
HFCL," EQ"," 13-Aug-2026"," 221.52"," 223.00"," 230.95"," 222.62"," 226.50"," 227.36"," 228.32"," 23585794"," 53851.54"," 120075"," 10124435"," 42.93"
HGINFRA," EQ"," 13-Aug-2026"," 551.75"," 537.00"," 543.00"," 523.00"," 527.25"," 526.45"," 528.42"," 217567"," 1149.67"," 9168"," 104504"," 48.03"
HGM," EQ"," 13-Aug-2026"," 48.11"," 49.19"," 49.19"," 45.40"," 46.50"," 47.39"," 47.31"," 19191"," 9.08"," 137"," 17236"," 89.81"
HGS," EQ"," 13-Aug-2026"," 406.75"," 410.50"," 410.50"," 404.00"," 404.25"," 404.70"," 407.22"," 8568"," 34.89"," 729"," 5295"," 61.80"
HIGREEN," SM"," 13-Aug-2026"," 136.75"," 133.75"," 135.00"," 132.00"," 134.45"," 134.30"," 134.01"," 23200"," 31.09"," 29"," 12800"," 55.17"
HIKAL," EQ"," 13-Aug-2026"," 212.84"," 212.84"," 219.71"," 210.96"," 216.90"," 216.35"," 215.47"," 352544"," 759.63"," 7850"," 102633"," 29.11"
HILINFRA," EQ"," 13-Aug-2026"," 44.96"," 45.98"," 45.98"," 44.62"," 45.30"," 45.02"," 45.25"," 25957"," 11.75"," 714"," 12389"," 47.73"
HILTON," BE"," 13-Aug-2026"," 20.00"," 19.80"," 20.46"," 19.80"," 20.00"," 20.04"," 20.16"," 33915"," 6.84"," 184"," -"," -"
HIMATSEIDE," EQ"," 13-Aug-2026"," 76.16"," 75.00"," 75.00"," 72.81"," 74.25"," 74.08"," 73.84"," 1140635"," 842.29"," 8965"," 688276"," 60.34"
HINDALCO," EQ"," 13-Aug-2026"," 1078.50"," 1072.30"," 1073.00"," 1040.00"," 1046.25"," 1046.25"," 1051.11"," 4983399"," 52381.08"," 84465"," 2580806"," 51.79"
HINDCOMPOS," EQ"," 13-Aug-2026"," 420.70"," 424.90"," 424.90"," 411.05"," 412.10"," 414.55"," 415.15"," 2858"," 11.86"," 174"," 2067"," 72.32"
HINDCON," EQ"," 13-Aug-2026"," 22.04"," 23.40"," 23.40"," 22.26"," 22.78"," 22.75"," 22.68"," 16293"," 3.70"," 255"," 10730"," 65.86"
HINDCOPPER," EQ"," 13-Aug-2026"," 547.70"," 549.00"," 570.50"," 542.00"," 545.90"," 544.45"," 557.11"," 14649216"," 81612.00"," 183145"," 4577954"," 31.25"
HINDOILEXP," EQ"," 13-Aug-2026"," 162.36"," 158.00"," 161.99"," 157.00"," 157.52"," 157.99"," 158.82"," 728214"," 1156.58"," 7435"," 269679"," 37.03"
HINDPETRO," EQ"," 13-Aug-2026"," 390.00"," 392.75"," 393.50"," 389.50"," 392.90"," 392.90"," 391.67"," 9450914"," 37016.72"," 66865"," 6195198"," 65.55"
HINDUNILVR," EQ"," 13-Aug-2026"," 2063.00"," 2063.00"," 2092.00"," 2052.90"," 2092.00"," 2092.00"," 2076.83"," 1186057"," 24632.43"," 53952"," 713541"," 60.16"
HINDWAREAP," EQ"," 13-Aug-2026"," 204.88"," 202.00"," 205.39"," 198.00"," 201.00"," 200.08"," 201.80"," 188275"," 379.95"," 4857"," 98077"," 52.09"
HINDZINC," EQ"," 13-Aug-2026"," 584.60"," 584.60"," 594.65"," 574.00"," 578.35"," 578.35"," 584.05"," 3728417"," 21775.78"," 49279"," 1445689"," 38.77"
HIRECT," EQ"," 13-Aug-2026"," 1242.40"," 1253.10"," 1325.90"," 1242.00"," 1242.00"," 1253.30"," 1271.26"," 146078"," 1857.03"," 10626"," 42235"," 28.91"
HISARMETAL," EQ"," 13-Aug-2026"," 149.40"," 152.88"," 152.88"," 145.00"," 152.00"," 149.94"," 149.18"," 3375"," 5.03"," 115"," 2847"," 84.36"
HITECH," EQ"," 13-Aug-2026"," 77.75"," 78.05"," 80.78"," 78.05"," 79.00"," 79.16"," 79.46"," 792653"," 629.87"," 5483"," 400732"," 50.56"
HITECHCORP," BE"," 13-Aug-2026"," 326.25"," 324.65"," 335.00"," 324.65"," 331.00"," 330.95"," 332.00"," 19218"," 63.80"," 128"," -"," -"
HITECHGEAR," BE"," 13-Aug-2026"," 550.00"," 570.00"," 570.00"," 536.00"," 552.90"," 552.25"," 547.66"," 1774"," 9.72"," 59"," -"," -"
HLEGLAS," EQ"," 13-Aug-2026"," 326.45"," 328.40"," 343.95"," 327.50"," 335.50"," 332.25"," 335.96"," 810553"," 2723.10"," 21244"," 234418"," 28.92"
HLVLTD," EQ"," 13-Aug-2026"," 7.14"," 7.10"," 7.40"," 6.90"," 6.97"," 6.94"," 6.98"," 505176"," 35.25"," 945"," 395097"," 78.21"
HMAAGRO," EQ"," 13-Aug-2026"," 21.80"," 21.80"," 22.80"," 21.20"," 22.00"," 21.91"," 21.80"," 1005784"," 219.28"," 3028"," 405658"," 40.33"
HMT," BZ"," 13-Aug-2026"," 58.77"," 59.95"," 59.95"," 55.84"," 57.61"," 58.37"," 57.42"," 17158"," 9.85"," 116"," -"," -"
HMVL," BE"," 13-Aug-2026"," 91.77"," 91.95"," 91.95"," 89.16"," 89.50"," 89.61"," 90.07"," 16105"," 14.51"," 145"," -"," -"
HNDFDS," EQ"," 13-Aug-2026"," 595.25"," 596.80"," 599.00"," 584.20"," 596.75"," 596.65"," 593.26"," 91289"," 541.58"," 5935"," 51822"," 56.77"
HNGSNGBEES," EQ"," 13-Aug-2026"," 480.32"," 482.87"," 485.00"," 479.00"," 480.70"," 480.01"," 481.30"," 88815"," 427.46"," 4678"," 63738"," 71.76"
HOACFOODS," ST"," 13-Aug-2026"," 809.90"," 807.95"," 807.95"," 780.05"," 780.05"," 785.50"," 798.57"," 1875"," 14.97"," 5"," 1875"," 100.00"
HOLMARC," SM"," 13-Aug-2026"," 107.95"," 109.00"," 109.00"," 109.00"," 109.00"," 109.00"," 109.00"," 1500"," 1.64"," 2"," 1500"," 100.00"
HOMEFIRST," EQ"," 13-Aug-2026"," 1181.20"," 1181.20"," 1196.40"," 1170.40"," 1180.20"," 1175.30"," 1182.42"," 113555"," 1342.70"," 5652"," 92294"," 81.28"
HONASA," EQ"," 13-Aug-2026"," 467.40"," 472.00"," 487.00"," 468.65"," 479.00"," 479.45"," 480.24"," 2522831"," 12115.76"," 47635"," 1265268"," 50.15"
HONAUT," EQ"," 13-Aug-2026"," 37620.00"," 37620.00"," 37870.00"," 37000.00"," 37075.00"," 37190.00"," 37242.24"," 2317"," 862.90"," 1366"," 960"," 41.43"
HONDAPOWER," EQ"," 13-Aug-2026"," 2103.00"," 2100.00"," 2124.60"," 2096.00"," 2103.50"," 2105.30"," 2106.48"," 3447"," 72.61"," 363"," 2599"," 75.40"
HPAL," EQ"," 13-Aug-2026"," 40.42"," 39.94"," 39.94"," 36.40"," 37.44"," 37.33"," 37.66"," 181211"," 68.24"," 1349"," 102403"," 56.51"
HPIL," EQ"," 13-Aug-2026"," 126.37"," 130.00"," 130.98"," 120.20"," 123.16"," 123.82"," 123.39"," 979"," 1.21"," 78"," 809"," 82.64"
HPL," EQ"," 13-Aug-2026"," 322.25"," 322.20"," 325.50"," 317.05"," 319.90"," 318.40"," 321.84"," 79802"," 256.83"," 2649"," 45107"," 56.52"
HPTL," SM"," 13-Aug-2026"," 295.00"," 298.00"," 298.00"," 283.00"," 295.00"," 295.00"," 293.50"," 2400"," 7.04"," 4"," 1800"," 75.00"
HSBCGOLD," EQ"," 13-Aug-2026"," 132.83"," 131.05"," 134.80"," 131.05"," 131.90"," 131.90"," 131.91"," 52134"," 68.77"," 45"," 51493"," 98.77"
HSCL," EQ"," 13-Aug-2026"," 762.40"," 766.60"," 784.35"," 765.50"," 778.90"," 778.15"," 778.27"," 3575794"," 27829.36"," 53268"," 1468563"," 41.07"
HTMEDIA," EQ"," 13-Aug-2026"," 26.74"," 26.40"," 27.00"," 26.16"," 26.70"," 26.51"," 26.48"," 88017"," 23.30"," 517"," 55319"," 62.85"
HUBTOWN," EQ"," 13-Aug-2026"," 178.19"," 178.99"," 191.60"," 177.72"," 188.50"," 189.71"," 184.42"," 1043707"," 1924.79"," 9635"," 629487"," 60.31"
HUDCO," EQ"," 13-Aug-2026"," 192.73"," 192.73"," 194.56"," 192.50"," 193.82"," 193.91"," 193.73"," 886718"," 1717.85"," 12353"," 379605"," 42.81"
HUHTAMAKI," EQ"," 13-Aug-2026"," 278.40"," 281.15"," 284.45"," 278.40"," 280.95"," 281.65"," 281.71"," 158696"," 447.06"," 4281"," 89835"," 56.61"
HVAX," SM"," 13-Aug-2026"," 605.50"," 605.00"," 605.00"," 605.00"," 605.00"," 605.00"," 605.00"," 150"," 0.91"," 1"," 150"," 100.00"
HYBRIDETF," EQ"," 13-Aug-2026"," 10.19"," 10.29"," 10.29"," 10.11"," 10.18"," 10.18"," 10.15"," 144384"," 14.65"," 40"," 143961"," 99.71"
HYBRIDFIN," BE"," 13-Aug-2026"," 17.82"," 17.51"," 18.40"," 17.33"," 17.41"," 17.94"," 17.60"," 5134"," 0.90"," 29"," -"," -"
HYUNDAI," EQ"," 13-Aug-2026"," 2240.00"," 2242.00"," 2273.90"," 2219.50"," 2237.10"," 2237.10"," 2244.53"," 618381"," 13879.75"," 31723"," 246211"," 39.82"
IBULLSLTD," EQ"," 13-Aug-2026"," 27.45"," 27.19"," 27.42"," 26.31"," 27.13"," 27.01"," 26.97"," 16291649"," 4394.31"," 9615"," 13637548"," 83.71"
ICDSLTD," EQ"," 13-Aug-2026"," 39.62"," 39.62"," 40.49"," 39.50"," 40.05"," 40.05"," 39.81"," 921"," 0.37"," 19"," 481"," 52.23"
ICELCO," SM"," 13-Aug-2026"," 144.70"," 139.45"," 142.20"," 137.05"," 137.20"," 137.20"," 139.38"," 25200"," 35.12"," 21"," 18000"," 71.43"
ICEMAKE," EQ"," 13-Aug-2026"," 828.60"," 833.00"," 833.95"," 810.00"," 810.00"," 811.45"," 817.60"," 22229"," 181.74"," 1508"," 12960"," 58.30"
ICICIAMC," EQ"," 13-Aug-2026"," 3074.60"," 3080.00"," 3152.60"," 3062.10"," 3147.90"," 3147.00"," 3108.98"," 266830"," 8295.70"," 33586"," 170476"," 63.89"
ICICIB22," EQ"," 13-Aug-2026"," 116.20"," 116.83"," 116.83"," 115.85"," 116.40"," 116.32"," 116.30"," 427790"," 497.50"," 2383"," 325643"," 76.12"
ICICIBANK," EQ"," 13-Aug-2026"," 1431.70"," 1429.00"," 1429.00"," 1406.40"," 1406.80"," 1406.80"," 1411.89"," 11408206"," 161070.93"," 161325"," 7032860"," 61.65"
ICICIGI," EQ"," 13-Aug-2026"," 1635.00"," 1635.00"," 1635.00"," 1617.90"," 1628.00"," 1628.00"," 1625.09"," 342993"," 5573.93"," 13831"," 232559"," 67.80"
ICICIPRULI," EQ"," 13-Aug-2026"," 506.40"," 505.00"," 508.20"," 501.35"," 507.00"," 507.00"," 506.13"," 968460"," 4901.66"," 17233"," 594725"," 61.41"
ICIL," EQ"," 13-Aug-2026"," 404.35"," 404.95"," 412.00"," 385.75"," 391.50"," 391.15"," 396.36"," 849873"," 3368.55"," 31917"," 329241"," 38.74"
ICRA," EQ"," 13-Aug-2026"," 5131.50"," 5131.50"," 5217.20"," 5085.60"," 5187.00"," 5196.30"," 5160.26"," 35276"," 1820.33"," 4019"," 25446"," 72.13"
IDBI," EQ"," 13-Aug-2026"," 82.46"," 82.95"," 83.30"," 82.32"," 82.99"," 82.88"," 82.84"," 3131737"," 2594.38"," 16319"," 1413741"," 45.14"
IDEA," EQ"," 13-Aug-2026"," 13.50"," 13.67"," 13.88"," 13.46"," 13.51"," 13.51"," 13.67"," 547253456"," 74801.11"," 731343"," 132607369"," 24.23"
IDEAFORGE," EQ"," 13-Aug-2026"," 810.30"," 795.00"," 805.00"," 769.80"," 782.00"," 781.80"," 776.47"," 1444702"," 11217.74"," 26635"," 666270"," 46.12"
IDEALTECHO," SM"," 13-Aug-2026"," 182.50"," 169.00"," 189.00"," 169.00"," 189.00"," 189.00"," 181.32"," 1500"," 2.72"," 3"," 0"," 0.00"
IDENTICAL," SM"," 13-Aug-2026"," 16.45"," 17.30"," 17.30"," 15.70"," 15.70"," 15.70"," 16.03"," 60000"," 9.62"," 18"," 58000"," 96.67"
IDFCFIRSTB," EQ"," 13-Aug-2026"," 85.80"," 85.70"," 86.67"," 85.26"," 86.55"," 86.55"," 86.14"," 15202426"," 13094.67"," 56904"," 9155472"," 60.22"
IDFNIFTYET," EQ"," 13-Aug-2026"," 272.96"," 270.13"," 274.49"," 268.73"," 274.49"," 269.14"," 269.83"," 5431"," 14.65"," 87"," 4898"," 90.19"
IEML," SM"," 13-Aug-2026"," 40.50"," 40.40"," 41.40"," 38.65"," 39.75"," 39.75"," 39.84"," 15000"," 5.98"," 29"," 9500"," 63.33"
IEX," EQ"," 13-Aug-2026"," 125.95"," 125.80"," 125.80"," 124.98"," 125.50"," 125.50"," 125.23"," 1130400"," 1415.59"," 13899"," 566383"," 50.10"
IF3GPD," MF"," 13-Aug-2026"," 1.80"," 1.95"," 1.95"," 1.95"," 1.95"," 1.95"," 1.95"," 1"," 0.00"," 1"," 1"," 100.00"
IFBAGRO," BE"," 13-Aug-2026"," 1013.15"," 995.00"," 1025.00"," 990.00"," 1025.00"," 1021.00"," 1012.37"," 5554"," 56.23"," 181"," -"," -"
IFBIND," EQ"," 13-Aug-2026"," 1357.70"," 1371.90"," 1390.00"," 1363.00"," 1387.00"," 1386.00"," 1378.97"," 30226"," 416.81"," 3569"," 14427"," 47.73"
IFCI," EQ"," 13-Aug-2026"," 73.51"," 73.68"," 78.15"," 73.36"," 76.52"," 76.66"," 76.70"," 40726842"," 31235.72"," 111298"," 8223416"," 20.19"
IFGLEXPOR," EQ"," 13-Aug-2026"," 212.93"," 212.46"," 225.00"," 211.82"," 219.50"," 223.13"," 220.68"," 92185"," 203.43"," 2700"," 29030"," 31.49"
IGARASHI," EQ"," 13-Aug-2026"," 447.85"," 445.25"," 457.70"," 445.20"," 451.00"," 450.65"," 452.08"," 53839"," 243.40"," 2246"," 21617"," 40.15"
IGCL," EQ"," 13-Aug-2026"," 72.36"," 71.40"," 74.50"," 69.90"," 71.60"," 71.87"," 71.01"," 158399"," 112.47"," 1333"," 95025"," 59.99"
IGIL," EQ"," 13-Aug-2026"," 343.25"," 343.80"," 350.05"," 342.65"," 345.00"," 345.10"," 346.53"," 193632"," 671.00"," 5700"," 95795"," 49.47"
IGL," EQ"," 13-Aug-2026"," 154.54"," 154.54"," 155.50"," 149.01"," 151.60"," 151.77"," 152.59"," 3542672"," 5405.87"," 44602"," 1054239"," 29.76"
IGPL," EQ"," 13-Aug-2026"," 467.00"," 466.95"," 473.25"," 456.00"," 457.55"," 459.55"," 464.53"," 40057"," 186.08"," 1904"," 26368"," 65.83"
IIFL," EQ"," 13-Aug-2026"," 625.75"," 625.80"," 637.90"," 621.15"," 636.10"," 635.95"," 631.87"," 2075606"," 13115.15"," 31890"," 1324647"," 63.82"
IIFLCAPS," EQ"," 13-Aug-2026"," 335.00"," 335.10"," 336.75"," 334.10"," 335.00"," 334.90"," 334.87"," 134077"," 448.98"," 6296"," 90734"," 67.67"
IITL," EQ"," 13-Aug-2026"," 146.68"," 145.98"," 148.30"," 145.17"," 148.00"," 146.41"," 147.33"," 94532"," 139.27"," 774"," 10441"," 11.04"
IKIO," EQ"," 13-Aug-2026"," 214.90"," 216.53"," 218.00"," 209.25"," 209.25"," 211.13"," 212.82"," 158992"," 338.36"," 2466"," 63390"," 39.87"
IKS," EQ"," 13-Aug-2026"," 1785.60"," 1778.30"," 1801.80"," 1778.30"," 1786.00"," 1781.50"," 1786.48"," 48420"," 865.02"," 5916"," 28702"," 59.28"
IL&FSENGG," BZ"," 13-Aug-2026"," 34.53"," 33.25"," 35.49"," 33.25"," 35.00"," 35.00"," 35.00"," 11685"," 4.09"," 46"," -"," -"
IL&FSTRANS," BZ"," 13-Aug-2026"," 2.11"," 2.12"," 2.17"," 2.06"," 2.16"," 2.14"," 2.10"," 55830"," 1.17"," 82"," -"," -"
IMAGICAA," EQ"," 13-Aug-2026"," 47.50"," 47.50"," 48.44"," 46.55"," 47.11"," 47.22"," 47.40"," 572696"," 271.45"," 3416"," 239278"," 41.78"
IMFA," EQ"," 13-Aug-2026"," 1470.70"," 1465.00"," 1487.90"," 1418.10"," 1431.00"," 1434.10"," 1438.81"," 155259"," 2233.88"," 15271"," 73438"," 47.30"
IMPAL," EQ"," 13-Aug-2026"," 1071.50"," 1078.50"," 1087.90"," 1046.00"," 1081.00"," 1059.20"," 1060.74"," 2963"," 31.43"," 379"," 1877"," 63.35"
IMPEXFERRO," BZ"," 13-Aug-2026"," 3.44"," 3.50"," 3.50"," 3.50"," 3.50"," 3.50"," 3.50"," 33720"," 1.18"," 14"," -"," -"
INA," EQ"," 13-Aug-2026"," 105.99"," 99.70"," 100.55"," 95.76"," 97.70"," 97.16"," 97.99"," 2086933"," 2044.94"," 20134"," 904892"," 43.36"
INCREDIBLE," EQ"," 13-Aug-2026"," 32.76"," 32.41"," 32.79"," 31.02"," 31.37"," 31.92"," 31.96"," 3672"," 1.17"," 82"," 2997"," 81.62"
INDBANK," EQ"," 13-Aug-2026"," 33.22"," 33.47"," 33.47"," 32.50"," 32.53"," 32.72"," 32.93"," 16097"," 5.30"," 231"," 10020"," 62.25"
INDGN," EQ"," 13-Aug-2026"," 565.40"," 568.00"," 574.80"," 566.00"," 569.90"," 569.80"," 570.24"," 336818"," 1920.68"," 17700"," 216122"," 64.17"
INDHOTEL," EQ"," 13-Aug-2026"," 724.00"," 724.00"," 724.80"," 714.30"," 721.75"," 721.75"," 718.78"," 1681968"," 12089.67"," 42044"," 1112574"," 66.15"
INDIACEM," EQ"," 13-Aug-2026"," 385.50"," 385.00"," 387.20"," 381.05"," 381.05"," 382.00"," 383.90"," 83094"," 319.00"," 4707"," 39847"," 47.95"
INDIAGLYCO," EQ"," 13-Aug-2026"," 1049.40"," 1059.90"," 1081.50"," 1048.00"," 1054.80"," 1056.30"," 1062.71"," 237961"," 2528.84"," 11595"," 109680"," 46.09"
INDIAMART," EQ"," 13-Aug-2026"," 1784.60"," 1798.40"," 1813.40"," 1787.10"," 1800.00"," 1803.60"," 1798.43"," 120337"," 2164.17"," 20783"," 86977"," 72.28"
INDIANB," EQ"," 13-Aug-2026"," 897.00"," 897.00"," 903.80"," 883.15"," 897.00"," 897.00"," 895.44"," 840646"," 7527.49"," 22338"," 344002"," 40.92"
INDIANCARD," EQ"," 13-Aug-2026"," 211.22"," 211.61"," 221.00"," 211.61"," 215.55"," 215.61"," 216.68"," 1615"," 3.50"," 50"," 1528"," 94.61"
INDIANHUME," EQ"," 13-Aug-2026"," 375.35"," 371.80"," 372.50"," 366.10"," 367.00"," 367.85"," 368.98"," 39731"," 146.60"," 1899"," 20922"," 52.66"
INDIASHLTR," EQ"," 13-Aug-2026"," 682.75"," 682.50"," 682.50"," 668.85"," 677.30"," 674.15"," 674.86"," 68290"," 460.86"," 6446"," 35481"," 51.96"
INDIGO," EQ"," 13-Aug-2026"," 5333.00"," 5334.00"," 5370.00"," 5281.50"," 5370.00"," 5370.00"," 5330.19"," 234000"," 12472.64"," 29665"," 106266"," 45.41"
INDIGOPNTS," EQ"," 13-Aug-2026"," 1122.10"," 1113.70"," 1146.00"," 1113.70"," 1121.00"," 1130.40"," 1134.74"," 42425"," 481.41"," 4885"," 19740"," 46.53"
INDIGRID," IV"," 13-Aug-2026"," 178.26"," 179.00"," 179.54"," 176.75"," 177.76"," 177.94"," 177.81"," 1138038"," 2023.57"," 12593"," 927429"," 81.49"
INDIQUBE," EQ"," 13-Aug-2026"," 183.79"," 183.79"," 187.00"," 180.50"," 182.35"," 183.34"," 183.40"," 161248"," 295.73"," 2864"," 105339"," 65.33"
INDNIPPON," EQ"," 13-Aug-2026"," 1163.20"," 1172.90"," 1179.50"," 1115.00"," 1123.50"," 1120.30"," 1139.09"," 27899"," 317.79"," 3097"," 13653"," 48.94"
INDOAMIN," BE"," 13-Aug-2026"," 133.14"," 133.14"," 135.00"," 127.25"," 131.60"," 130.17"," 131.45"," 140698"," 184.95"," 743"," -"," -"
INDOBORAX," EQ"," 13-Aug-2026"," 449.05"," 452.65"," 454.65"," 432.90"," 436.00"," 438.30"," 445.20"," 130168"," 579.51"," 3967"," 38268"," 29.40"
INDOCO," EQ"," 13-Aug-2026"," 217.49"," 217.49"," 222.93"," 216.60"," 222.80"," 222.20"," 220.82"," 47953"," 105.89"," 1731"," 26196"," 54.63"
INDOFARM," EQ"," 13-Aug-2026"," 148.90"," 149.00"," 154.77"," 146.11"," 146.91"," 146.87"," 148.53"," 200244"," 297.42"," 3093"," 80390"," 40.15"
INDOMIM," EQ"," 13-Aug-2026"," 823.65"," 830.00"," 859.30"," 825.00"," 826.00"," 831.40"," 839.19"," 1684210"," 14133.74"," 72469"," 533581"," 31.68"
INDORAMA," EQ"," 13-Aug-2026"," 58.16"," 58.10"," 58.85"," 56.52"," 56.65"," 57.07"," 57.77"," 131374"," 75.90"," 1576"," 86270"," 65.67"
INDOSTAR," EQ"," 13-Aug-2026"," 246.50"," 246.10"," 250.05"," 240.80"," 249.00"," 248.80"," 244.96"," 100006"," 244.98"," 1685"," 60944"," 60.94"
INDOTECH," EQ"," 13-Aug-2026"," 3539.00"," 3500.00"," 3520.00"," 3376.10"," 3474.00"," 3445.20"," 3434.79"," 31292"," 1074.82"," 3565"," 18798"," 60.07"
INDOTHAI," EQ"," 13-Aug-2026"," 85.40"," 81.13"," 81.13"," 81.13"," 81.13"," 81.13"," 81.13"," 38995"," 31.64"," 430"," 38995"," 100.00"
INDOUS," EQ"," 13-Aug-2026"," 80.48"," 80.50"," 82.67"," 74.98"," 78.50"," 77.54"," 78.42"," 20599"," 16.15"," 538"," 15701"," 76.22"
INDOWIND," EQ"," 13-Aug-2026"," 8.96"," 8.96"," 9.10"," 8.85"," 9.02"," 9.01"," 8.97"," 85990"," 7.71"," 397"," 61629"," 71.67"
INDPRUD," EQ"," 13-Aug-2026"," 6343.50"," 6440.00"," 6450.00"," 6275.00"," 6282.00"," 6286.50"," 6312.23"," 454"," 28.66"," 48"," 412"," 90.75"
INDRAMEDCO," EQ"," 13-Aug-2026"," 376.95"," 380.00"," 384.20"," 370.10"," 373.95"," 371.90"," 373.91"," 180497"," 674.90"," 6546"," 119053"," 65.96"
INDSWFTLAB," EQ"," 13-Aug-2026"," 300.00"," 307.00"," 307.00"," 284.84"," 296.50"," 296.63"," 294.78"," 1787633"," 5269.50"," 26685"," 488318"," 27.32"
INDTERRAIN," EQ"," 13-Aug-2026"," 31.31"," 31.79"," 32.83"," 31.64"," 31.80"," 32.08"," 32.16"," 13740"," 4.42"," 136"," 10043"," 73.09"
INDUSINDBK," EQ"," 13-Aug-2026"," 1017.50"," 1015.00"," 1024.70"," 1009.00"," 1024.70"," 1024.70"," 1017.46"," 674807"," 6865.92"," 18384"," 332353"," 49.25"
INDUSINVIT," IV"," 13-Aug-2026"," 133.17"," 133.40"," 133.89"," 131.50"," 132.75"," 132.72"," 132.65"," 94129"," 124.86"," 4598"," 75861"," 80.59"
INDUSTOWER," EQ"," 13-Aug-2026"," 383.40"," 383.40"," 385.45"," 380.40"," 383.20"," 383.20"," 383.25"," 6069020"," 23259.36"," 43197"," 3618323"," 59.62"
INFINIUM," SM"," 13-Aug-2026"," 229.85"," 242.00"," 242.00"," 230.05"," 233.75"," 233.75"," 233.31"," 8000"," 18.66"," 13"," 7000"," 87.50"
INFLUX," SM"," 13-Aug-2026"," 297.45"," 297.45"," 297.45"," 294.75"," 297.45"," 295.60"," 295.68"," 6600"," 19.51"," 11"," 6000"," 90.91"
INFOBEAN," EQ"," 13-Aug-2026"," 162.88"," 161.83"," 164.42"," 161.71"," 163.05"," 163.39"," 163.17"," 82266"," 134.23"," 2353"," 40610"," 49.36"
INFOLLION," SM"," 13-Aug-2026"," 153.85"," 153.00"," 153.50"," 153.00"," 153.40"," 153.45"," 153.26"," 2000"," 3.07"," 5"," 2000"," 100.00"
INFOMEDIA," EQ"," 13-Aug-2026"," 5.21"," 5.39"," 5.39"," 4.82"," 5.39"," 5.37"," 5.22"," 31017"," 1.62"," 77"," 27648"," 89.14"
INFRA," EQ"," 13-Aug-2026"," 12.19"," 12.04"," 12.25"," 12.04"," 12.24"," 12.23"," 12.22"," 125562"," 15.35"," 161"," 19651"," 15.65"
INFRABEES," EQ"," 13-Aug-2026"," 968.74"," 974.37"," 974.37"," 967.00"," 970.00"," 968.22"," 970.14"," 3283"," 31.85"," 351"," 1940"," 59.09"
INFRAIETF," EQ"," 13-Aug-2026"," 96.26"," 96.50"," 97.04"," 96.24"," 96.89"," 96.77"," 96.54"," 78073"," 75.37"," 2103"," 27814"," 35.63"
INFY," EQ"," 13-Aug-2026"," 1176.10"," 1170.00"," 1175.00"," 1157.00"," 1175.00"," 1175.00"," 1166.54"," 6234215"," 72724.56"," 125625"," 3369872"," 54.05"
INGERRAND," EQ"," 13-Aug-2026"," 4292.20"," 4292.00"," 4640.00"," 4220.00"," 4592.50"," 4606.40"," 4446.34"," 163507"," 7270.07"," 20643"," 31061"," 19.00"
INNOMET," ST"," 13-Aug-2026"," 202.10"," 206.10"," 206.10"," 206.10"," 206.10"," 206.10"," 206.10"," 109200"," 225.06"," 66"," 109200"," 100.00"
INNOVACAP," EQ"," 13-Aug-2026"," 1012.20"," 1018.75"," 1077.45"," 1005.00"," 1050.00"," 1047.50"," 1047.33"," 215156"," 2253.39"," 19978"," 81248"," 37.76"
INNOVANA," EQ"," 13-Aug-2026"," 327.35"," 323.85"," 335.95"," 323.80"," 329.00"," 329.20"," 329.37"," 306"," 1.01"," 27"," 194"," 63.40"
INNOVISION," EQ"," 13-Aug-2026"," 288.60"," 281.00"," 287.90"," 281.00"," 287.90"," 284.00"," 284.25"," 15934"," 45.29"," 676"," 12028"," 75.49"
INOXGREEN," BE"," 13-Aug-2026"," 187.25"," 182.50"," 189.00"," 182.20"," 187.35"," 186.96"," 186.49"," 555685"," 1036.31"," 3698"," -"," -"
INOXINDIA," EQ"," 13-Aug-2026"," 1911.20"," 1911.20"," 1947.00"," 1908.40"," 1940.00"," 1941.90"," 1930.70"," 76425"," 1475.54"," 13505"," 36073"," 47.20"
INOXWIND," EQ"," 13-Aug-2026"," 74.00"," 74.00"," 74.39"," 73.40"," 74.10"," 74.10"," 73.82"," 6706411"," 4950.57"," 32492"," 3237189"," 48.27"
INSECTICID," EQ"," 13-Aug-2026"," 628.60"," 626.15"," 634.95"," 618.00"," 634.50"," 627.80"," 624.91"," 22842"," 142.74"," 1479"," 11781"," 51.58"
INSPIRE," SM"," 13-Aug-2026"," 9.05"," 9.00"," 9.50"," 9.00"," 9.50"," 9.50"," 9.14"," 14000"," 1.28"," 7"," 14000"," 100.00"
INSPIRISYS," BE"," 13-Aug-2026"," 96.91"," 92.07"," 92.07"," 92.07"," 92.07"," 92.07"," 92.07"," 8965"," 8.25"," 38"," -"," -"
INSUREIETF," EQ"," 13-Aug-2026"," 15.52"," 15.48"," 15.48"," 15.35"," 15.35"," 15.42"," 15.45"," 144334"," 22.30"," 166"," 115210"," 79.82"
INTELLECT," EQ"," 13-Aug-2026"," 703.25"," 703.95"," 708.35"," 695.70"," 702.00"," 701.05"," 701.19"," 249362"," 1748.50"," 17903"," 130286"," 52.25"
INTENTECH," EQ"," 13-Aug-2026"," 81.44"," 82.58"," 82.66"," 80.05"," 80.11"," 80.87"," 81.89"," 17200"," 14.09"," 742"," 9780"," 56.86"
INTERARCH," EQ"," 13-Aug-2026"," 1699.70"," 1700.00"," 1744.00"," 1682.10"," 1729.00"," 1728.70"," 1720.06"," 62782"," 1079.89"," 5482"," 29939"," 47.69"
INTERNET," EQ"," 13-Aug-2026"," 14.23"," 14.30"," 14.40"," 14.26"," 14.37"," 14.38"," 14.36"," 327370"," 47.01"," 495"," 244259"," 74.61"
INTLCONV," EQ"," 13-Aug-2026"," 73.12"," 73.33"," 74.98"," 72.66"," 73.10"," 73.06"," 73.49"," 34195"," 25.13"," 1088"," 26977"," 78.89"
INVENTURE," EQ"," 13-Aug-2026"," 0.90"," 0.91"," 0.92"," 0.90"," 0.91"," 0.91"," 0.91"," 937420"," 8.52"," 275"," 535935"," 57.17"
INVICTA," SM"," 13-Aug-2026"," 73.05"," 74.00"," 74.00"," 73.00"," 73.00"," 73.00"," 73.69"," 14400"," 10.61"," 7"," 12800"," 88.89"
INVPRECQ," BE"," 13-Aug-2026"," 1135.30"," 1129.70"," 1192.00"," 1107.00"," 1192.00"," 1192.00"," 1180.77"," 18581"," 219.40"," 333"," -"," -"
IOB," EQ"," 13-Aug-2026"," 33.84"," 34.00"," 34.10"," 33.67"," 33.70"," 33.73"," 33.83"," 1557352"," 526.82"," 7030"," 899396"," 57.75"
IOC," EQ"," 13-Aug-2026"," 140.60"," 140.90"," 141.55"," 139.81"," 141.50"," 141.50"," 140.93"," 6668159"," 9397.63"," 34423"," 4017605"," 60.25"
IOLCP," EQ"," 13-Aug-2026"," 158.42"," 159.90"," 169.50"," 159.23"," 165.99"," 166.02"," 165.86"," 3198375"," 5304.94"," 27724"," 1357886"," 42.46"
IONEXCHANG," EQ"," 13-Aug-2026"," 376.85"," 377.00"," 382.25"," 372.55"," 377.00"," 377.50"," 376.98"," 255830"," 964.42"," 11512"," 114910"," 44.92"
IPCALAB," EQ"," 13-Aug-2026"," 1766.60"," 1781.00"," 1905.00"," 1767.70"," 1795.00"," 1796.30"," 1835.64"," 1835473"," 33692.63"," 102995"," 334220"," 18.21"
IPHL," SM"," 13-Aug-2026"," 66.10"," 64.50"," 66.15"," 64.50"," 66.00"," 66.00"," 65.51"," 12000"," 7.86"," 10"," 7200"," 60.00"
IPL," EQ"," 13-Aug-2026"," 142.09"," 141.85"," 143.15"," 141.62"," 141.65"," 141.92"," 142.30"," 70897"," 100.89"," 1181"," 45638"," 64.37"
IRB," EQ"," 13-Aug-2026"," 19.33"," 19.37"," 19.44"," 19.20"," 19.24"," 19.21"," 19.26"," 5403497"," 1040.55"," 13751"," 3058471"," 56.60"
IRBINVIT," IV"," 13-Aug-2026"," 63.70"," 64.00"," 64.50"," 63.51"," 63.94"," 63.77"," 63.84"," 507334"," 323.87"," 4174"," 387479"," 76.38"
IRCON," EQ"," 13-Aug-2026"," 126.18"," 124.00"," 126.20"," 121.75"," 125.70"," 125.90"," 124.53"," 2617090"," 3259.13"," 28422"," 870287"," 33.25"
IRCTC," EQ"," 13-Aug-2026"," 513.55"," 508.50"," 511.55"," 500.00"," 506.85"," 504.45"," 506.34"," 1284171"," 6502.31"," 42187"," 593896"," 46.25"
IREDA," EQ"," 13-Aug-2026"," 117.80"," 117.80"," 117.96"," 117.10"," 117.40"," 117.40"," 117.57"," 2416661"," 2841.22"," 18652"," 950521"," 39.33"
IRFC," EQ"," 13-Aug-2026"," 88.26"," 88.26"," 88.60"," 87.90"," 88.35"," 88.35"," 88.24"," 4753942"," 4195.03"," 28477"," 2352132"," 49.48"
IRIS," EQ"," 13-Aug-2026"," 251.13"," 251.13"," 254.50"," 238.00"," 240.10"," 240.72"," 244.40"," 17125"," 41.85"," 529"," 11738"," 68.54"
IRISDOREME," EQ"," 13-Aug-2026"," 56.83"," 56.74"," 58.30"," 56.70"," 57.74"," 57.51"," 57.77"," 1574300"," 909.45"," 3609"," 656863"," 41.72"
IRMENERGY," EQ"," 13-Aug-2026"," 295.15"," 296.70"," 298.50"," 294.20"," 295.90"," 297.05"," 296.70"," 56228"," 166.83"," 2018"," 25668"," 45.65"
ISFT," EQ"," 13-Aug-2026"," 79.16"," 79.16"," 79.16"," 76.50"," 76.55"," 76.71"," 78.65"," 63854"," 50.22"," 453"," 2132"," 3.34"
ISGEC," EQ"," 13-Aug-2026"," 746.30"," 749.70"," 765.10"," 739.30"," 745.00"," 744.65"," 747.79"," 155097"," 1159.81"," 8126"," 95983"," 61.89"
ISHAN," SM"," 13-Aug-2026"," 0.45"," 0.45"," 0.45"," 0.45"," 0.45"," 0.45"," 0.45"," 48000"," 0.22"," 1"," 48000"," 100.00"
ISHANCH," EQ"," 13-Aug-2026"," 50.18"," 53.40"," 53.40"," 49.80"," 50.00"," 50.16"," 51.57"," 67748"," 34.94"," 862"," 45461"," 67.10"
IT," EQ"," 13-Aug-2026"," 34.66"," 34.66"," 34.95"," 34.53"," 34.70"," 34.74"," 34.72"," 244452"," 84.88"," 681"," 100793"," 41.23"
ITADD," EQ"," 13-Aug-2026"," 33.26"," 33.08"," 33.34"," 33.03"," 33.11"," 33.23"," 33.16"," 45654"," 15.14"," 125"," 33188"," 72.69"
ITALIANE," SM"," 13-Aug-2026"," 30.65"," 30.65"," 30.65"," 30.65"," 30.65"," 30.65"," 30.65"," 4000"," 1.23"," 2"," 2000"," 50.00"
ITAXIS," EQ"," 13-Aug-2026"," 346.37"," 344.29"," 346.37"," 343.50"," 343.50"," 344.51"," 345.36"," 4811"," 16.62"," 70"," 2182"," 45.35"
ITBEES," EQ"," 13-Aug-2026"," 34.65"," 35.00"," 35.00"," 34.53"," 34.82"," 34.77"," 34.75"," 6600562"," 2293.64"," 10892"," 3689470"," 55.90"
ITBETA," EQ"," 13-Aug-2026"," 329.02"," 328.99"," 333.32"," 327.27"," 333.32"," 330.98"," 329.35"," 835"," 2.75"," 34"," 672"," 80.48"
ITC," EQ"," 13-Aug-2026"," 276.15"," 276.20"," 278.50"," 276.05"," 278.50"," 278.50"," 277.24"," 11335590"," 31426.54"," 170159"," 6978747"," 61.56"
ITCHOTELS," EQ"," 13-Aug-2026"," 168.32"," 168.00"," 169.60"," 166.67"," 166.75"," 166.99"," 167.97"," 1590226"," 2671.12"," 21433"," 898294"," 56.49"
ITDC," EQ"," 13-Aug-2026"," 721.05"," 719.85"," 719.85"," 698.20"," 700.00"," 699.85"," 706.58"," 252316"," 1782.81"," 13703"," 57659"," 22.85"
ITETF," EQ"," 13-Aug-2026"," 33.12"," 33.11"," 34.00"," 32.95"," 33.35"," 33.42"," 33.27"," 230784"," 76.78"," 459"," 116345"," 50.41"
ITI," EQ"," 13-Aug-2026"," 283.50"," 284.50"," 286.35"," 275.00"," 282.80"," 281.40"," 282.95"," 269960"," 763.85"," 7168"," 110917"," 41.09"
ITIETF," EQ"," 13-Aug-2026"," 34.68"," 35.54"," 35.54"," 34.57"," 34.86"," 34.78"," 34.77"," 256525"," 89.19"," 1001"," 114399"," 44.60"
IVALUE," EQ"," 13-Aug-2026"," 283.45"," 284.40"," 286.00"," 278.15"," 281.35"," 281.50"," 281.47"," 131530"," 370.22"," 2551"," 90472"," 68.78"
IVC," EQ"," 13-Aug-2026"," 8.56"," 8.63"," 8.73"," 8.47"," 8.50"," 8.53"," 8.59"," 220035"," 18.89"," 640"," 199259"," 90.56"
IVP," BE"," 13-Aug-2026"," 180.49"," 182.00"," 182.00"," 177.00"," 179.95"," 178.64"," 179.21"," 18803"," 33.70"," 176"," -"," -"
IVZINGOLD," EQ"," 13-Aug-2026"," 133.20"," 132.85"," 133.00"," 131.20"," 131.90"," 132.05"," 131.98"," 6989"," 9.22"," 262"," 3099"," 44.34"
IVZINNIFTY," EQ"," 13-Aug-2026"," 280.55"," 273.53"," 286.16"," 273.53"," 279.80"," 279.80"," 279.76"," 1159"," 3.24"," 46"," 505"," 43.57"
IWARE," ST"," 13-Aug-2026"," 454.50"," 451.10"," 460.00"," 440.00"," 454.00"," 454.00"," 446.24"," 18000"," 80.32"," 29"," 15600"," 86.67"
IWP," EQ"," 13-Aug-2026"," 33.96"," 33.96"," 34.25"," 33.06"," 33.80"," 33.80"," 33.88"," 4419"," 1.50"," 32"," 4414"," 99.89"
IXIGO," EQ"," 13-Aug-2026"," 178.37"," 178.00"," 179.00"," 170.45"," 171.90"," 171.35"," 173.33"," 1067158"," 1849.74"," 18159"," 514364"," 48.20"
IZMO," EQ"," 13-Aug-2026"," 954.10"," 950.05"," 971.75"," 935.85"," 951.00"," 949.75"," 953.73"," 65169"," 621.54"," 5329"," 28078"," 43.08"
J&KBANK," EQ"," 13-Aug-2026"," 157.48"," 157.50"," 158.64"," 155.00"," 157.00"," 157.78"," 156.81"," 1547681"," 2426.88"," 19316"," 578115"," 37.35"
JAGRAN," EQ"," 13-Aug-2026"," 63.55"," 63.70"," 63.70"," 62.51"," 62.81"," 62.92"," 63.05"," 180951"," 114.09"," 10968"," 115177"," 63.65"
JAGSNPHARM," EQ"," 13-Aug-2026"," 225.47"," 224.35"," 232.79"," 223.00"," 232.00"," 230.02"," 230.08"," 64046"," 147.36"," 2246"," 31287"," 48.85"
JAIBALAJI," EQ"," 13-Aug-2026"," 65.81"," 65.49"," 69.10"," 64.45"," 68.68"," 68.87"," 68.13"," 1511446"," 1029.70"," 2776"," 1141582"," 75.53"
JAICORPLTD," EQ"," 13-Aug-2026"," 104.15"," 107.02"," 108.23"," 104.00"," 104.49"," 104.76"," 106.24"," 1080116"," 1147.54"," 7858"," 421256"," 39.00"
JAINIK," SM"," 13-Aug-2026"," 199.15"," 199.15"," 199.15"," 199.15"," 199.15"," 199.15"," 199.15"," 1200"," 2.39"," 1"," 1200"," 100.00"
JAINREC," EQ"," 13-Aug-2026"," 303.00"," 303.95"," 304.20"," 298.00"," 300.70"," 301.45"," 301.20"," 685752"," 2065.48"," 14288"," 283716"," 41.37"
JAIPURKURT," EQ"," 13-Aug-2026"," 27.74"," 28.95"," 28.95"," 27.00"," 27.27"," 27.07"," 27.14"," 19701"," 5.35"," 177"," 16761"," 85.08"
JAMNAAUTO," EQ"," 13-Aug-2026"," 123.76"," 124.70"," 128.64"," 124.14"," 126.59"," 126.68"," 126.66"," 2137019"," 2706.77"," 19412"," 887822"," 41.54"
JARO," EQ"," 13-Aug-2026"," 444.40"," 449.90"," 474.40"," 449.15"," 466.00"," 463.95"," 464.46"," 163749"," 760.55"," 6727"," 70530"," 43.07"
JASH," EQ"," 13-Aug-2026"," 495.65"," 494.25"," 497.00"," 480.15"," 484.50"," 483.60"," 489.08"," 69028"," 337.60"," 4681"," 38392"," 55.62"
JAYAGROGN," EQ"," 13-Aug-2026"," 210.37"," 210.50"," 229.80"," 210.41"," 223.70"," 226.37"," 222.73"," 39115"," 87.12"," 1000"," 22811"," 58.32"
JAYBARMARU," EQ"," 13-Aug-2026"," 130.80"," 130.90"," 137.34"," 127.02"," 132.00"," 133.53"," 133.94"," 659968"," 883.97"," 6926"," 298653"," 45.25"
JAYBEE," SM"," 13-Aug-2026"," 87.40"," 87.40"," 89.90"," 86.20"," 86.20"," 86.20"," 87.37"," 6500"," 5.68"," 12"," 5000"," 76.92"
JAYESH," SM"," 13-Aug-2026"," 136.00"," 148.80"," 148.80"," 135.00"," 135.00"," 135.00"," 138.90"," 5000"," 6.95"," 5"," 3000"," 60.00"
JAYKAY," EQ"," 13-Aug-2026"," 148.66"," 149.10"," 154.50"," 147.99"," 149.50"," 149.10"," 150.32"," 357176"," 536.92"," 4660"," 141700"," 39.67"
JAYNECOIND," EQ"," 13-Aug-2026"," 90.67"," 90.00"," 92.40"," 89.72"," 90.65"," 90.76"," 91.03"," 2263602"," 2060.46"," 17505"," 959450"," 42.39"
JAYSREETEA," EQ"," 13-Aug-2026"," 90.66"," 91.25"," 91.50"," 87.54"," 90.00"," 90.08"," 90.33"," 27600"," 24.93"," 352"," 20115"," 72.88"
JBMA," EQ"," 13-Aug-2026"," 627.35"," 629.00"," 638.75"," 627.35"," 632.60"," 632.90"," 634.23"," 157621"," 999.68"," 9518"," 57043"," 36.19"
JETFREIGHT," EQ"," 13-Aug-2026"," 22.70"," 22.80"," 22.80"," 22.13"," 22.21"," 22.29"," 22.41"," 150064"," 33.63"," 432"," 129797"," 86.49"
JEYYAM," ST"," 13-Aug-2026"," 23.95"," 23.35"," 25.10"," 23.35"," 24.70"," 24.85"," 24.48"," 692000"," 169.40"," 28"," 678000"," 97.98"
JFLLIFE," SM"," 13-Aug-2026"," 13.10"," 13.70"," 13.70"," 12.45"," 12.95"," 12.95"," 13.03"," 18000"," 2.35"," 3"," 6000"," 33.33"
JGCHEM," EQ"," 13-Aug-2026"," 605.70"," 611.45"," 615.95"," 598.65"," 614.00"," 613.00"," 606.45"," 245276"," 1487.47"," 7688"," 93330"," 38.05"
JHS," EQ"," 13-Aug-2026"," 8.82"," 8.97"," 8.98"," 8.46"," 8.65"," 8.61"," 8.61"," 34449"," 2.96"," 280"," 23681"," 68.74"
JINDALPHOT," EQ"," 13-Aug-2026"," 1057.20"," 1057.20"," 1099.00"," 1055.50"," 1082.00"," 1074.20"," 1074.83"," 1736"," 18.66"," 204"," 1223"," 70.45"
JINDALPOLY," EQ"," 13-Aug-2026"," 666.55"," 666.55"," 688.50"," 648.50"," 650.00"," 651.50"," 661.06"," 32064"," 211.96"," 1957"," 12087"," 37.70"
JINDALSAW," EQ"," 13-Aug-2026"," 269.55"," 269.45"," 270.95"," 264.00"," 264.75"," 264.40"," 265.73"," 823334"," 2187.84"," 16793"," 472538"," 57.39"
JINDALSTEL," EQ"," 13-Aug-2026"," 1112.00"," 1105.60"," 1106.60"," 1090.60"," 1099.90"," 1099.90"," 1097.05"," 288897"," 3169.36"," 10360"," 97792"," 33.85"
JINDRILL," EQ"," 13-Aug-2026"," 595.65"," 599.00"," 607.20"," 594.70"," 596.00"," 596.40"," 599.38"," 107286"," 643.05"," 6084"," 37077"," 34.56"
JINDWORLD," EQ"," 13-Aug-2026"," 36.74"," 36.74"," 37.03"," 35.21"," 35.78"," 35.78"," 36.26"," 3064837"," 1111.41"," 8252"," 556525"," 18.16"
JIOFIN," EQ"," 13-Aug-2026"," 256.05"," 261.95"," 263.40"," 254.00"," 255.60"," 255.60"," 257.80"," 48657061"," 125436.17"," 209321"," 19134173"," 39.32"
JISLDVREQS," EQ"," 13-Aug-2026"," 21.05"," 21.05"," 22.00"," 20.50"," 21.05"," 20.95"," 21.15"," 21075"," 4.46"," 163"," 6501"," 30.85"
JISLJALEQS," EQ"," 13-Aug-2026"," 27.07"," 27.07"," 27.46"," 26.85"," 27.09"," 27.08"," 27.10"," 1633399"," 442.65"," 5367"," 964222"," 59.03"
JITFINFRA," EQ"," 13-Aug-2026"," 348.40"," 345.50"," 345.50"," 326.55"," 335.00"," 332.90"," 333.70"," 33291"," 111.09"," 1507"," 18186"," 54.63"
JIWANRAM," SM"," 13-Aug-2026"," 5.00"," 5.00"," 5.00"," 5.00"," 5.00"," 5.00"," 5.00"," 12000"," 0.60"," 2"," 6000"," 50.00"
JKCEMENT," EQ"," 13-Aug-2026"," 5393.50"," 5400.00"," 5406.50"," 5332.00"," 5343.50"," 5348.50"," 5352.15"," 13287"," 711.14"," 3162"," 6721"," 50.58"
JKIL," EQ"," 13-Aug-2026"," 491.35"," 491.00"," 505.95"," 491.00"," 503.00"," 498.30"," 502.06"," 126548"," 635.35"," 8012"," 69946"," 55.27"
JKIPL," EQ"," 13-Aug-2026"," 99.95"," 97.12"," 101.50"," 96.00"," 100.01"," 99.46"," 99.44"," 101631"," 101.06"," 829"," 59307"," 58.36"
JKLAKSHMI," EQ"," 13-Aug-2026"," 549.30"," 547.20"," 553.00"," 542.95"," 549.40"," 549.20"," 548.81"," 114516"," 628.47"," 7822"," 59081"," 51.59"
JKPAPER," EQ"," 13-Aug-2026"," 388.90"," 389.90"," 395.60"," 387.40"," 394.95"," 393.55"," 392.99"," 200883"," 789.44"," 7033"," 94138"," 46.86"
JKTYRE," EQ"," 13-Aug-2026"," 386.50"," 386.50"," 389.25"," 382.70"," 383.50"," 383.50"," 386.00"," 558535"," 2155.93"," 13899"," 291711"," 52.23"
JLHL," EQ"," 13-Aug-2026"," 306.25"," 305.00"," 318.35"," 305.00"," 312.30"," 316.00"," 313.04"," 154808"," 484.61"," 11470"," 84944"," 54.87"
JMA," EQ"," 13-Aug-2026"," 88.74"," 89.50"," 90.90"," 86.00"," 90.70"," 89.60"," 88.20"," 33442"," 29.49"," 490"," 18507"," 55.34"
JMFINANCIL," EQ"," 13-Aug-2026"," 129.67"," 130.00"," 132.39"," 128.25"," 129.20"," 129.37"," 130.24"," 2826604"," 3681.24"," 19177"," 1129569"," 39.96"
JNKINDIA," EQ"," 13-Aug-2026"," 407.25"," 405.30"," 428.00"," 380.35"," 420.00"," 413.15"," 397.58"," 708628"," 2817.37"," 17656"," 321714"," 45.40"
JNPR," EQ"," 13-Aug-2026"," 252.90"," 252.88"," 260.65"," 246.87"," 248.49"," 249.89"," 253.57"," 1744497"," 4423.61"," 26155"," 442405"," 25.36"
JOCIL," BE"," 13-Aug-2026"," 148.41"," 151.50"," 151.50"," 149.59"," 149.59"," 149.59"," 149.72"," 1308"," 1.96"," 7"," -"," -"
JPOLYINVST," EQ"," 13-Aug-2026"," 1046.40"," 1044.50"," 1078.80"," 1044.50"," 1060.70"," 1063.10"," 1057.80"," 50498"," 534.17"," 701"," 47845"," 94.75"
JPPOWER," EQ"," 13-Aug-2026"," 17.73"," 17.80"," 17.98"," 17.45"," 17.53"," 17.54"," 17.70"," 29202097"," 5167.89"," 29297"," 14108599"," 48.31"
JSFB," EQ"," 13-Aug-2026"," 546.35"," 546.40"," 581.00"," 542.55"," 569.05"," 571.15"," 567.07"," 1193623"," 6768.64"," 33533"," 450864"," 37.77"
JSL," EQ"," 13-Aug-2026"," 737.90"," 737.00"," 743.20"," 733.20"," 736.40"," 735.40"," 737.05"," 178766"," 1317.59"," 10711"," 101312"," 56.67"
JSLL," EQ"," 13-Aug-2026"," 511.50"," 515.50"," 532.40"," 509.00"," 529.00"," 529.35"," 521.18"," 553148"," 2882.89"," 18748"," 220621"," 39.88"
JSWCEMENT," EQ"," 13-Aug-2026"," 130.55"," 131.00"," 132.30"," 129.80"," 131.11"," 131.08"," 131.19"," 1430731"," 1876.98"," 17543"," 594744"," 41.57"
JSWDULUX," EQ"," 13-Aug-2026"," 3099.40"," 3125.20"," 3146.30"," 3104.30"," 3142.00"," 3123.50"," 3127.03"," 9936"," 310.70"," 2867"," 4595"," 46.25"
JSWENERGY," EQ"," 13-Aug-2026"," 558.75"," 559.80"," 562.20"," 550.70"," 558.60"," 558.60"," 554.50"," 1739939"," 9647.93"," 27524"," 799667"," 45.96"
JSWHL," EQ"," 13-Aug-2026"," 11572.00"," 11667.00"," 11780.00"," 11542.00"," 11700.00"," 11670.00"," 11679.88"," 2881"," 336.50"," 1003"," 1724"," 59.84"
JSWINFRA," EQ"," 13-Aug-2026"," 346.60"," 349.70"," 350.75"," 338.85"," 340.55"," 341.35"," 343.69"," 2429578"," 8350.24"," 37698"," 1328257"," 54.67"
JSWSTEEL," EQ"," 13-Aug-2026"," 1269.10"," 1269.10"," 1275.70"," 1264.00"," 1275.00"," 1275.00"," 1271.77"," 1693193"," 21533.52"," 55867"," 1277796"," 75.47"
JTEKTINDIA," EQ"," 13-Aug-2026"," 139.46"," 140.30"," 143.69"," 128.13"," 133.50"," 133.32"," 134.26"," 1061197"," 1424.71"," 17035"," 213870"," 20.15"
JTLIND," EQ"," 13-Aug-2026"," 75.44"," 75.00"," 77.00"," 74.04"," 76.61"," 76.64"," 75.87"," 1258873"," 955.14"," 9918"," 520476"," 41.34"
JUBLCPL," EQ"," 13-Aug-2026"," 1935.50"," 1931.30"," 2322.60"," 1895.50"," 2322.60"," 2322.60"," 2237.76"," 282404"," 6319.51"," 19418"," 61913"," 21.92"
JUBLFOOD," EQ"," 13-Aug-2026"," 484.70"," 480.00"," 504.65"," 471.60"," 491.55"," 491.55"," 490.24"," 8831457"," 43295.24"," 123120"," 1853668"," 20.99"
JUBLINGREA," EQ"," 13-Aug-2026"," 716.20"," 712.05"," 740.00"," 712.00"," 736.40"," 736.30"," 730.07"," 408774"," 2984.35"," 12706"," 248482"," 60.79"
JUBLPHARMA," EQ"," 13-Aug-2026"," 890.60"," 888.00"," 906.20"," 873.20"," 889.40"," 890.50"," 892.89"," 207364"," 1851.53"," 13669"," 86971"," 41.94"
JUNIORBEES," EQ"," 13-Aug-2026"," 806.31"," 815.30"," 815.30"," 782.12"," 806.80"," 807.69"," 807.20"," 217630"," 1756.72"," 5748"," 141186"," 64.87"
JUNIPER," EQ"," 13-Aug-2026"," 199.26"," 201.90"," 206.67"," 191.86"," 193.60"," 193.82"," 198.80"," 1610335"," 3201.36"," 27915"," 455032"," 28.26"
JUSTDIAL," EQ"," 13-Aug-2026"," 687.45"," 687.00"," 687.00"," 675.10"," 676.80"," 677.85"," 681.34"," 78638"," 535.80"," 3514"," 39428"," 50.14"
JWL," EQ"," 13-Aug-2026"," 259.05"," 258.00"," 260.35"," 256.65"," 258.05"," 257.60"," 258.50"," 411530"," 1063.81"," 8787"," 167414"," 40.68"
JYOTHYLAB," EQ"," 13-Aug-2026"," 200.27"," 194.50"," 201.28"," 194.20"," 200.15"," 199.98"," 199.03"," 751517"," 1495.77"," 18879"," 277589"," 36.94"
JYOTICNC," EQ"," 13-Aug-2026"," 818.85"," 819.70"," 854.25"," 819.70"," 836.00"," 832.55"," 839.77"," 1140898"," 9580.90"," 43526"," 461823"," 40.48"
JYOTIGLOBL," SM"," 13-Aug-2026"," 40.85"," 39.00"," 39.90"," 39.00"," 39.10"," 39.10"," 39.26"," 8000"," 3.14"," 4"," 4000"," 50.00"
JYOTISTRUC," EQ"," 13-Aug-2026"," 11.05"," 11.06"," 11.17"," 10.97"," 11.03"," 11.02"," 11.06"," 1750404"," 193.66"," 3311"," 873844"," 49.92"
K2INFRA," ST"," 13-Aug-2026"," 53.15"," 53.00"," 53.00"," 50.50"," 50.75"," 51.00"," 51.05"," 30600"," 15.62"," 45"," 26400"," 86.27"
KABRAEXTRU," EQ"," 13-Aug-2026"," 494.90"," 499.90"," 499.90"," 478.00"," 487.50"," 484.30"," 483.95"," 140616"," 680.51"," 4616"," 64545"," 45.90"
KAJARIACER," EQ"," 13-Aug-2026"," 1252.20"," 1259.00"," 1268.80"," 1252.40"," 1256.00"," 1260.90"," 1260.35"," 268471"," 3383.66"," 20489"," 156775"," 58.40"
KAKATCEM," EQ"," 13-Aug-2026"," 107.38"," 106.51"," 109.40"," 102.35"," 104.50"," 103.77"," 105.26"," 4510"," 4.75"," 124"," 3478"," 77.12"
KALAMANDIR," EQ"," 13-Aug-2026"," 85.30"," 85.31"," 86.58"," 84.90"," 86.49"," 85.83"," 85.47"," 419479"," 358.53"," 3384"," 245086"," 58.43"
KALANA," SM"," 13-Aug-2026"," 18.20"," 19.10"," 19.10"," 19.05"," 19.05"," 19.10"," 19.10"," 22000"," 4.20"," 10"," 20000"," 90.91"
KALPATARU," EQ"," 13-Aug-2026"," 285.65"," 285.65"," 290.00"," 285.60"," 287.00"," 287.90"," 287.09"," 17373"," 49.88"," 622"," 10678"," 61.46"
KALYANIFRG," EQ"," 13-Aug-2026"," 694.40"," 703.95"," 714.00"," 657.80"," 669.00"," 667.25"," 682.68"," 8956"," 61.14"," 909"," 4918"," 54.91"
KALYANKJIL," EQ"," 13-Aug-2026"," 596.70"," 601.50"," 619.80"," 593.20"," 613.40"," 613.40"," 609.29"," 16165679"," 98496.37"," 127523"," 3664640"," 22.67"
KAMAHOLD," EQ"," 13-Aug-2026"," 2494.60"," 2462.00"," 2500.00"," 2462.00"," 2475.00"," 2474.20"," 2485.30"," 2563"," 63.70"," 270"," 2161"," 84.32"
KAMATHOTEL," EQ"," 13-Aug-2026"," 177.76"," 179.50"," 188.65"," 171.80"," 188.01"," 187.54"," 184.17"," 131558"," 242.29"," 2803"," 86629"," 65.85"
KAMDHENU," BE"," 13-Aug-2026"," 33.88"," 33.25"," 34.35"," 33.25"," 33.40"," 33.44"," 33.66"," 2361411"," 794.75"," 1010"," -"," -"
KAMOPAINTS," EQ"," 13-Aug-2026"," 4.56"," 4.61"," 4.61"," 4.50"," 4.55"," 4.54"," 4.56"," 145919"," 6.65"," 463"," 95015"," 65.11"
KANANIIND," EQ"," 13-Aug-2026"," 1.56"," 1.59"," 1.59"," 1.50"," 1.52"," 1.52"," 1.55"," 162679"," 2.52"," 245"," 149055"," 91.63"
KANCHI," EQ"," 13-Aug-2026"," 373.55"," 389.00"," 391.95"," 376.00"," 379.95"," 377.90"," 384.62"," 6072"," 23.35"," 162"," 4549"," 74.92"
KANDARP," SM"," 13-Aug-2026"," 104.45"," 101.25"," 107.00"," 101.25"," 105.50"," 105.80"," 105.13"," 5000"," 5.26"," 4"," 5000"," 100.00"
KANORICHEM," BE"," 13-Aug-2026"," 157.29"," 152.01"," 158.28"," 152.01"," 154.55"," 155.65"," 155.59"," 34589"," 53.82"," 243"," -"," -"
KANPRPLA," EQ"," 13-Aug-2026"," 232.45"," 235.94"," 264.00"," 234.10"," 262.00"," 260.38"," 257.95"," 918762"," 2369.96"," 15969"," 153541"," 16.71"
KANSAINER," EQ"," 13-Aug-2026"," 208.19"," 208.60"," 210.62"," 207.03"," 208.87"," 209.12"," 209.12"," 97990"," 204.92"," 4056"," 51931"," 53.00"
KAPSTON," EQ"," 13-Aug-2026"," 578.20"," 589.00"," 589.00"," 580.60"," 585.90"," 585.10"," 584.93"," 91754"," 536.70"," 2757"," 61607"," 67.14"
KARMAENG," EQ"," 13-Aug-2026"," 39.45"," 41.90"," 41.90"," 39.22"," 41.30"," 41.22"," 40.71"," 3826"," 1.56"," 115"," 2943"," 76.92"
KARNIKA," SM"," 13-Aug-2026"," 117.90"," 114.50"," 119.00"," 114.50"," 118.65"," 118.30"," 117.72"," 13000"," 15.30"," 13"," 9000"," 69.23"
KARURVYSYA," EQ"," 13-Aug-2026"," 338.80"," 340.00"," 340.00"," 334.20"," 335.50"," 335.95"," 335.90"," 1147978"," 3856.09"," 25946"," 715705"," 62.34"
KATARIA," SM"," 13-Aug-2026"," 96.05"," 96.30"," 96.30"," 96.30"," 96.30"," 96.30"," 96.30"," 600"," 0.58"," 1"," 600"," 100.00"
KAUSHALYA," BE"," 13-Aug-2026"," 934.80"," 935.00"," 954.70"," 928.00"," 928.00"," 928.00"," 935.02"," 142"," 1.33"," 19"," -"," -"
KAVDEFENCE," EQ"," 13-Aug-2026"," 58.59"," 58.00"," 59.20"," 56.90"," 57.52"," 57.29"," 57.77"," 71608"," 41.36"," 1002"," 52078"," 72.73"
KAYA," EQ"," 13-Aug-2026"," 306.70"," 300.00"," 314.75"," 288.30"," 291.50"," 292.80"," 301.47"," 67431"," 203.28"," 2908"," 25542"," 37.88"
KAYNES," EQ"," 13-Aug-2026"," 3828.00"," 3832.00"," 3849.00"," 3741.20"," 3760.50"," 3760.50"," 3774.22"," 741790"," 27996.80"," 45363"," 192877"," 26.00"
KAYTEX," SM"," 13-Aug-2026"," 59.00"," 59.00"," 60.30"," 59.00"," 60.30"," 60.30"," 59.57"," 2400"," 1.43"," 3"," 2400"," 100.00"
KCEIL," SM"," 13-Aug-2026"," 80.90"," 78.20"," 81.85"," 78.20"," 81.40"," 81.25"," 80.66"," 19000"," 15.32"," 22"," 18500"," 97.37"
KCK," ST"," 13-Aug-2026"," 16.30"," 15.65"," 16.10"," 15.50"," 15.60"," 15.60"," 15.85"," 200000"," 31.71"," 36"," 187500"," 93.75"
KCP," EQ"," 13-Aug-2026"," 152.99"," 153.00"," 156.00"," 152.62"," 155.50"," 154.78"," 154.48"," 91168"," 140.84"," 2328"," 55718"," 61.12"
KCPSUGIND," BE"," 13-Aug-2026"," 30.54"," 32.06"," 32.06"," 29.02"," 30.50"," 30.27"," 30.40"," 239763"," 72.90"," 628"," -"," -"
KDDL," EQ"," 13-Aug-2026"," 3850.60"," 3859.90"," 3970.00"," 3859.90"," 3950.10"," 3945.90"," 3927.92"," 22301"," 875.97"," 4105"," 12188"," 54.65"
KDL," SM"," 13-Aug-2026"," 86.65"," 86.90"," 88.95"," 84.75"," 88.35"," 87.60"," 86.52"," 20400"," 17.65"," 109"," 14700"," 72.06"
KEC," EQ"," 13-Aug-2026"," 441.80"," 444.05"," 447.30"," 443.00"," 444.90"," 444.65"," 444.61"," 469458"," 2087.27"," 18354"," 249598"," 53.17"
KECL," EQ"," 13-Aug-2026"," 145.51"," 146.00"," 151.83"," 133.25"," 143.05"," 142.80"," 141.97"," 1390406"," 1973.97"," 19439"," 444809"," 31.99"
KEEPLEARN," EQ"," 13-Aug-2026"," 1.99"," 1.99"," 1.99"," 1.70"," 1.82"," 1.84"," 1.85"," 166932"," 3.08"," 246"," 120101"," 71.95"
KEI," EQ"," 13-Aug-2026"," 5754.00"," 5742.00"," 5837.00"," 5701.10"," 5789.00"," 5789.00"," 5786.85"," 428939"," 24822.07"," 36197"," 247700"," 57.75"
KELLTONTEC," EQ"," 13-Aug-2026"," 13.83"," 13.81"," 13.99"," 13.75"," 13.90"," 13.78"," 13.86"," 824746"," 114.28"," 2381"," 396829"," 48.12"
KEN," SM"," 13-Aug-2026"," 40.00"," 40.00"," 40.10"," 40.00"," 40.10"," 40.10"," 40.08"," 4800"," 1.92"," 4"," 4800"," 100.00"
KENNAMET," EQ"," 13-Aug-2026"," 3572.30"," 3605.00"," 3747.80"," 3529.00"," 3670.00"," 3674.10"," 3643.55"," 79894"," 2910.98"," 15604"," 30422"," 38.08"
KERNEX," EQ"," 13-Aug-2026"," 2170.50"," 2180.00"," 2450.00"," 2177.00"," 2250.20"," 2242.70"," 2333.78"," 2255988"," 52649.86"," 150402"," 553934"," 24.55"
KESORAMIND," BE"," 13-Aug-2026"," 12.11"," 11.87"," 11.87"," 11.87"," 11.87"," 11.87"," 11.87"," 130553"," 15.50"," 184"," -"," -"
KEYFINSERV," EQ"," 13-Aug-2026"," 261.85"," 267.70"," 267.70"," 258.15"," 265.05"," 265.65"," 264.87"," 1346"," 3.57"," 181"," 1052"," 78.16"
KFINTECH," EQ"," 13-Aug-2026"," 922.00"," 922.10"," 929.00"," 914.00"," 929.00"," 929.00"," 920.47"," 414610"," 3816.37"," 15563"," 232162"," 56.00"
KHADIM," BE"," 13-Aug-2026"," 89.43"," 91.00"," 93.90"," 87.40"," 93.90"," 93.90"," 91.75"," 61409"," 56.35"," 218"," -"," -"
KHAICHEM," EQ"," 13-Aug-2026"," 51.86"," 52.00"," 52.58"," 51.05"," 51.10"," 51.19"," 51.60"," 29780"," 15.37"," 397"," 18918"," 63.53"
KHAITANLTD," EQ"," 13-Aug-2026"," 140.99"," 144.00"," 148.90"," 140.40"," 142.10"," 143.13"," 144.30"," 7242"," 10.45"," 120"," 5459"," 75.38"
KHANDSE," EQ"," 13-Aug-2026"," 17.05"," 17.01"," 17.60"," 16.97"," 17.54"," 17.10"," 17.12"," 3947"," 0.68"," 58"," 3656"," 92.63"
KHFM," SM"," 13-Aug-2026"," 48.65"," 48.65"," 48.65"," 48.65"," 48.65"," 48.65"," 48.65"," 1550"," 0.75"," 1"," 1550"," 100.00"
KICL," EQ"," 13-Aug-2026"," 5419.00"," 5437.50"," 5705.00"," 5250.00"," 5541.50"," 5459.00"," 5449.24"," 3914"," 213.28"," 775"," 1477"," 37.74"
KILITCH," BE"," 13-Aug-2026"," 191.21"," 188.00"," 191.70"," 186.00"," 190.54"," 191.22"," 188.86"," 17758"," 33.54"," 171"," -"," -"
KIMS," EQ"," 13-Aug-2026"," 803.95"," 800.00"," 811.00"," 799.10"," 802.00"," 807.55"," 803.27"," 267775"," 2150.96"," 10430"," 174697"," 65.24"
KINGFA," EQ"," 13-Aug-2026"," 5949.50"," 6038.50"," 6200.00"," 5950.00"," 6030.00"," 6028.50"," 6061.50"," 27995"," 1696.92"," 7545"," 14701"," 52.51"
KIOCL," EQ"," 13-Aug-2026"," 395.40"," 394.00"," 399.80"," 375.00"," 385.00"," 384.85"," 387.07"," 291582"," 1128.62"," 12716"," 58664"," 20.12"
KIRANVYPAR," EQ"," 13-Aug-2026"," 196.00"," 196.00"," 201.00"," 195.00"," 200.75"," 200.31"," 199.79"," 780"," 1.56"," 23"," 738"," 94.62"
KIRIINDUS," EQ"," 13-Aug-2026"," 434.45"," 440.00"," 442.00"," 411.30"," 415.00"," 414.65"," 423.90"," 531728"," 2254.00"," 14442"," 262178"," 49.31"
KIRLFER," EQ"," 13-Aug-2026"," 438.15"," 437.95"," 443.40"," 432.00"," 433.50"," 435.55"," 438.87"," 42848"," 188.05"," 1847"," 28663"," 66.89"
KIRLOSBROS," EQ"," 13-Aug-2026"," 1909.20"," 1905.00"," 1950.30"," 1894.20"," 1932.00"," 1935.50"," 1933.36"," 34464"," 666.31"," 6483"," 14736"," 42.76"
KIRLOSENG," EQ"," 13-Aug-2026"," 2053.40"," 2075.20"," 2120.20"," 2047.90"," 2066.00"," 2059.90"," 2082.58"," 366576"," 7634.22"," 33641"," 223461"," 60.96"
KIRLOSIND," EQ"," 13-Aug-2026"," 3769.00"," 3810.00"," 3847.90"," 3760.10"," 3808.00"," 3806.40"," 3797.71"," 7703"," 292.54"," 1441"," 2031"," 26.37"
KIRLPNU," EQ"," 13-Aug-2026"," 1499.00"," 1499.90"," 1510.60"," 1493.10"," 1509.00"," 1506.80"," 1504.78"," 72568"," 1091.99"," 8160"," 46127"," 63.56"
KISSHT," EQ"," 13-Aug-2026"," 292.75"," 294.00"," 304.85"," 290.10"," 299.70"," 300.90"," 297.98"," 1584919"," 4722.72"," 22644"," 692250"," 43.68"
KITEX," EQ"," 13-Aug-2026"," 134.63"," 134.63"," 139.90"," 134.50"," 139.01"," 138.89"," 137.93"," 634726"," 875.49"," 6847"," 298632"," 47.05"
KKCL," EQ"," 13-Aug-2026"," 523.60"," 527.00"," 539.00"," 517.55"," 529.00"," 521.40"," 525.54"," 15289"," 80.35"," 1353"," 9511"," 62.21"
KKJEWELS," SM"," 13-Aug-2026"," 107.90"," 105.00"," 109.00"," 102.50"," 102.50"," 103.75"," 105.09"," 16000"," 16.82"," 16"," 13000"," 81.25"
KLBRENG-B," EQ"," 13-Aug-2026"," 361.15"," 365.00"," 372.45"," 358.30"," 358.50"," 358.90"," 360.76"," 72412"," 261.23"," 2235"," 50794"," 70.15"
KLL," SM"," 13-Aug-2026"," 22.00"," 22.10"," 22.85"," 21.20"," 21.35"," 21.30"," 21.73"," 20800"," 4.52"," 21"," 15200"," 73.08"
KMEW," EQ"," 13-Aug-2026"," 2599.80"," 2582.00"," 2721.00"," 2582.00"," 2714.90"," 2709.80"," 2669.03"," 76044"," 2029.64"," 12824"," 30608"," 40.25"
KMSUGAR," EQ"," 13-Aug-2026"," 28.00"," 28.14"," 28.60"," 27.60"," 27.79"," 27.74"," 28.14"," 298912"," 84.12"," 2095"," 158324"," 52.97"
KNACK," EQ"," 13-Aug-2026"," 202.67"," 202.67"," 208.00"," 202.57"," 204.00"," 204.56"," 205.69"," 503901"," 1036.46"," 7760"," 211141"," 41.90"
KNAGRI," EQ"," 13-Aug-2026"," 201.28"," 203.70"," 215.84"," 197.53"," 214.00"," 214.52"," 207.64"," 19175"," 39.82"," 381"," 16496"," 86.03"
KNRCON," EQ"," 13-Aug-2026"," 133.57"," 135.00"," 136.45"," 133.63"," 134.65"," 134.58"," 134.62"," 509604"," 686.02"," 7355"," 272067"," 53.39"
KODYTECH," ST"," 13-Aug-2026"," 1380.00"," 1370.00"," 1397.50"," 1350.05"," 1389.70"," 1384.90"," 1352.58"," 59100"," 799.38"," 79"," 58400"," 98.82"
KOHINOOR," EQ"," 13-Aug-2026"," 23.13"," 23.30"," 23.50"," 22.97"," 23.01"," 23.10"," 23.25"," 22856"," 5.31"," 516"," 9250"," 40.47"
KOKUYOCMLN," EQ"," 13-Aug-2026"," 81.87"," 81.87"," 83.70"," 80.99"," 81.02"," 81.05"," 81.52"," 34071"," 27.77"," 505"," 21110"," 61.96"
KOLTEPATIL," EQ"," 13-Aug-2026"," 492.70"," 492.70"," 500.00"," 480.20"," 489.00"," 491.90"," 492.26"," 215149"," 1059.09"," 5558"," 61536"," 28.60"
KONSTELEC," ST"," 13-Aug-2026"," 62.90"," 62.90"," 62.90"," 59.85"," 60.00"," 60.00"," 61.83"," 16000"," 9.89"," 13"," 16000"," 100.00"
KOPRAN," BE"," 13-Aug-2026"," 172.53"," 172.50"," 181.15"," 172.50"," 181.15"," 181.15"," 177.96"," 190438"," 338.89"," 753"," -"," -"
KORE," SM"," 13-Aug-2026"," 179.90"," 179.90"," 180.50"," 172.00"," 175.00"," 178.20"," 178.73"," 7250"," 12.96"," 25"," 6000"," 82.76"
KOTAKBANK," EQ"," 13-Aug-2026"," 390.50"," 390.40"," 392.40"," 388.55"," 392.40"," 392.40"," 391.06"," 5726518"," 22393.98"," 90874"," 3614363"," 63.12"
KOTARISUG," EQ"," 13-Aug-2026"," 26.13"," 26.13"," 26.80"," 25.80"," 26.25"," 26.51"," 26.66"," 117740"," 31.38"," 593"," 73473"," 62.40"
KOTHARIPET," EQ"," 13-Aug-2026"," 150.63"," 151.89"," 151.89"," 148.56"," 150.05"," 149.65"," 150.25"," 66421"," 99.80"," 1566"," 35479"," 53.42"
KOTHARIPRO," EQ"," 13-Aug-2026"," 69.11"," 69.13"," 71.00"," 68.70"," 68.80"," 69.15"," 69.34"," 7695"," 5.34"," 114"," 6276"," 81.56"
KOTIC," EQ"," 13-Aug-2026"," 147.47"," 146.20"," 152.36"," 141.21"," 143.50"," 144.18"," 144.79"," 21358"," 30.93"," 511"," 15350"," 71.87"
KOTYARK," BE"," 13-Aug-2026"," 42.85"," 42.95"," 43.25"," 41.00"," 42.98"," 42.84"," 42.27"," 883585"," 373.48"," 2433"," -"," -"
KOVAI," EQ"," 13-Aug-2026"," 5825.50"," 5880.50"," 5971.50"," 5820.00"," 5900.00"," 5891.50"," 5865.19"," 8452"," 495.73"," 1478"," 5838"," 69.07"
KPEL," EQ"," 13-Aug-2026"," 259.60"," 260.40"," 267.10"," 255.05"," 256.00"," 256.20"," 258.03"," 458355"," 1182.68"," 9097"," 245175"," 53.49"
KPIGREEN," EQ"," 13-Aug-2026"," 337.20"," 337.00"," 340.00"," 326.30"," 328.00"," 328.25"," 331.75"," 1462287"," 4851.19"," 34270"," 750465"," 51.32"
KPIL," EQ"," 13-Aug-2026"," 1396.80"," 1380.10"," 1399.40"," 1345.10"," 1354.70"," 1365.10"," 1374.15"," 167109"," 2296.33"," 12813"," 65451"," 39.17"
KPITTECH," EQ"," 13-Aug-2026"," 609.20"," 611.80"," 621.90"," 608.00"," 620.50"," 620.50"," 616.63"," 1038244"," 6402.13"," 18122"," 311965"," 30.05"
KPL," EQ"," 13-Aug-2026"," 3313.80"," 3350.00"," 3398.00"," 3220.00"," 3315.10"," 3343.00"," 3292.78"," 30682"," 1010.29"," 5149"," 11515"," 37.53"
KPRMILL," EQ"," 13-Aug-2026"," 1088.70"," 1088.60"," 1090.40"," 1077.10"," 1078.70"," 1084.70"," 1085.55"," 87097"," 945.49"," 8184"," 51003"," 58.56"
KRBL," EQ"," 13-Aug-2026"," 373.20"," 374.90"," 382.00"," 365.70"," 371.10"," 372.40"," 376.80"," 337309"," 1270.99"," 9205"," 184116"," 54.58"
KREBSBIO," EQ"," 13-Aug-2026"," 54.79"," 58.00"," 58.00"," 55.41"," 55.45"," 55.93"," 56.98"," 3205"," 1.83"," 65"," 2453"," 76.54"
KRIDHANINF," BE"," 13-Aug-2026"," 2.20"," 2.22"," 2.29"," 2.15"," 2.24"," 2.24"," 2.25"," 14161"," 0.32"," 38"," -"," -"
KRISHANA," EQ"," 13-Aug-2026"," 186.45"," 188.12"," 191.00"," 184.60"," 188.99"," 188.94"," 188.33"," 577408"," 1087.41"," 7989"," 282478"," 48.92"
KRISHCA," SM"," 13-Aug-2026"," 163.00"," 163.00"," 175.00"," 163.00"," 174.00"," 174.00"," 169.19"," 21000"," 35.53"," 33"," 18500"," 88.10"
KRISHIVAL," EQ"," 13-Aug-2026"," 405.70"," 409.00"," 410.80"," 404.70"," 406.25"," 405.90"," 409.40"," 124192"," 508.44"," 1066"," 117864"," 94.90"
KRISHNADEF," EQ"," 13-Aug-2026"," 1169.00"," 1065.00"," 1141.80"," 1065.00"," 1072.00"," 1073.50"," 1091.76"," 354891"," 3874.55"," 26645"," 175704"," 49.51"
KRITI," EQ"," 13-Aug-2026"," 67.95"," 68.00"," 68.95"," 67.10"," 68.90"," 68.84"," 68.66"," 9595"," 6.59"," 68"," 8580"," 89.42"
KRITIKA," EQ"," 13-Aug-2026"," 5.53"," 5.52"," 5.74"," 5.48"," 5.65"," 5.71"," 5.60"," 151936"," 8.51"," 415"," 104490"," 68.77"
KRITINUT," EQ"," 13-Aug-2026"," 85.07"," 86.40"," 86.40"," 81.35"," 83.85"," 82.92"," 83.36"," 18791"," 15.66"," 242"," 15893"," 84.58"
KRMAYURVED," SM"," 13-Aug-2026"," 304.95"," 305.00"," 305.00"," 288.10"," 291.00"," 290.20"," 294.12"," 87000"," 255.88"," 76"," 55000"," 63.22"
KRN," EQ"," 13-Aug-2026"," 1331.90"," 1398.40"," 1398.40"," 1398.40"," 1398.40"," 1398.40"," 1398.40"," 58663"," 820.34"," 1242"," 58663"," 100.00"
KRONOX," EQ"," 13-Aug-2026"," 173.93"," 161.26"," 164.88"," 154.20"," 154.80"," 155.14"," 157.90"," 549693"," 867.96"," 9478"," 228636"," 41.59"
KROSS," EQ"," 13-Aug-2026"," 204.77"," 204.77"," 206.39"," 202.40"," 202.90"," 203.05"," 203.54"," 150335"," 306.00"," 4242"," 61722"," 41.06"
KRSNAA," EQ"," 13-Aug-2026"," 573.75"," 566.35"," 577.70"," 534.00"," 557.95"," 556.75"," 567.56"," 83070"," 471.47"," 6104"," 48024"," 57.81"
KRT," RR"," 13-Aug-2026"," 117.42"," 117.13"," 117.40"," 116.03"," 116.50"," 116.46"," 116.52"," 591881"," 689.64"," 6549"," 544462"," 91.99"
KRYSTAL," EQ"," 13-Aug-2026"," 620.50"," 625.75"," 625.75"," 620.00"," 620.00"," 620.10"," 621.18"," 8130"," 50.50"," 341"," 4763"," 58.59"
KSB," EQ"," 13-Aug-2026"," 788.05"," 788.15"," 808.00"," 788.05"," 804.45"," 802.80"," 798.97"," 73947"," 590.82"," 7694"," 42978"," 58.12"
KSCL," EQ"," 13-Aug-2026"," 788.15"," 794.90"," 797.00"," 756.60"," 766.50"," 772.30"," 775.64"," 473614"," 3673.52"," 20858"," 178999"," 37.79"
KSHINTL," EQ"," 13-Aug-2026"," 997.65"," 1012.00"," 1037.45"," 995.00"," 999.50"," 1001.45"," 1013.04"," 437360"," 4430.61"," 29577"," 179955"," 41.15"
KSHITIJPOL," EQ"," 13-Aug-2026"," 2.84"," 2.90"," 2.98"," 2.82"," 2.98"," 2.98"," 2.96"," 1476059"," 43.69"," 522"," 948576"," 64.26"
KSL," EQ"," 13-Aug-2026"," 856.10"," 861.25"," 877.00"," 851.80"," 864.00"," 860.30"," 866.43"," 27340"," 236.88"," 2633"," 12892"," 47.15"
KSOLVES," EQ"," 13-Aug-2026"," 273.30"," 274.00"," 277.30"," 273.50"," 275.95"," 274.30"," 275.14"," 22664"," 62.36"," 1027"," 14990"," 66.14"
KSR," EQ"," 13-Aug-2026"," 26.80"," 26.51"," 29.48"," 26.51"," 29.48"," 29.48"," 28.84"," 49921"," 14.40"," 81"," 45530"," 91.20"
KTKBANK," EQ"," 13-Aug-2026"," 313.70"," 314.70"," 314.80"," 310.70"," 312.80"," 312.75"," 312.37"," 1143552"," 3572.14"," 23331"," 582068"," 50.90"
KUANTUM," EQ"," 13-Aug-2026"," 85.08"," 83.60"," 84.30"," 77.80"," 79.70"," 79.90"," 81.04"," 274421"," 222.40"," 2106"," 179812"," 65.52"
KUSUMGAR," EQ"," 13-Aug-2026"," 616.25"," 620.55"," 623.20"," 595.00"," 595.05"," 598.25"," 604.28"," 660703"," 3992.49"," 31816"," 325478"," 49.26"
KWIL," EQ"," 13-Aug-2026"," 36.40"," 36.58"," 37.60"," 36.04"," 36.87"," 36.94"," 36.91"," 30319450"," 11190.90"," 53375"," 13715530"," 45.24"
LAGNAM," EQ"," 13-Aug-2026"," 80.50"," 80.55"," 81.49"," 77.62"," 79.00"," 78.29"," 79.41"," 10743"," 8.53"," 178"," 8895"," 82.80"
LAHOTIOV," EQ"," 13-Aug-2026"," 43.00"," 43.01"," 44.74"," 41.10"," 42.28"," 41.53"," 42.33"," 8400"," 3.56"," 92"," 6834"," 81.36"
LAKPRE," BZ"," 13-Aug-2026"," 4.55"," 4.76"," 4.76"," 4.76"," 4.76"," 4.76"," 4.76"," 1"," 0.00"," 1"," -"," -"
LAKSHYA," SM"," 13-Aug-2026"," 84.00"," 82.10"," 82.50"," 82.10"," 82.15"," 82.30"," 82.25"," 2400"," 1.97"," 3"," 2400"," 100.00"
LAL," EQ"," 13-Aug-2026"," 8.82"," 8.99"," 9.00"," 8.43"," 8.90"," 8.81"," 8.76"," 66456"," 5.82"," 164"," 54777"," 82.43"
LALPATHLAB," EQ"," 13-Aug-2026"," 1953.30"," 1957.20"," 1977.00"," 1937.30"," 1965.00"," 1968.40"," 1967.66"," 205127"," 4036.21"," 23349"," 140667"," 68.58"
LAMBODHARA," EQ"," 13-Aug-2026"," 113.80"," 113.50"," 114.00"," 112.40"," 113.00"," 113.00"," 113.00"," 7818"," 8.83"," 192"," 6606"," 84.50"
LAMOSAIC," ST"," 13-Aug-2026"," 55.45"," 54.15"," 56.00"," 52.70"," 56.00"," 55.60"," 54.80"," 156600"," 85.82"," 66"," 137400"," 87.74"
LANCORHOL," EQ"," 13-Aug-2026"," 25.95"," 26.65"," 28.40"," 25.98"," 28.10"," 27.85"," 27.54"," 320298"," 88.22"," 3422"," 150848"," 47.10"
LANDMARK," EQ"," 13-Aug-2026"," 548.05"," 547.05"," 548.45"," 526.20"," 528.00"," 532.00"," 537.68"," 172287"," 926.35"," 7209"," 59359"," 34.45"
LANDSMILL," EQ"," 13-Aug-2026"," 0.77"," 0.78"," 0.78"," 0.76"," 0.77"," 0.76"," 0.77"," 1288827"," 9.87"," 825"," 580280"," 45.02"
LAOPALA," EQ"," 13-Aug-2026"," 189.83"," 191.00"," 196.58"," 188.84"," 193.50"," 194.26"," 194.31"," 490309"," 952.71"," 9877"," 250114"," 51.01"
LASA," EQ"," 13-Aug-2026"," 7.57"," 7.15"," 7.75"," 7.15"," 7.62"," 7.52"," 7.54"," 25454"," 1.92"," 97"," 23829"," 93.62"
LASERPOWER," EQ"," 13-Aug-2026"," 281.55"," 282.90"," 305.65"," 270.05"," 299.60"," 298.00"," 291.63"," 5654140"," 16488.96"," 61745"," 1861645"," 32.93"
LATENTVIEW," EQ"," 13-Aug-2026"," 290.05"," 290.05"," 295.50"," 284.50"," 285.75"," 285.25"," 288.95"," 479126"," 1384.43"," 10429"," 252340"," 52.67"
LATTEYS," BE"," 13-Aug-2026"," 20.09"," 19.50"," 21.09"," 19.50"," 21.09"," 20.89"," 20.54"," 77331"," 15.88"," 195"," -"," -"
LAURUSLABS," EQ"," 13-Aug-2026"," 1850.00"," 1850.00"," 1851.70"," 1820.60"," 1851.70"," 1851.70"," 1837.23"," 1345856"," 24726.48"," 40779"," 688149"," 51.13"
LAXMICOT," EQ"," 13-Aug-2026"," 13.95"," 13.70"," 14.89"," 13.65"," 14.17"," 13.89"," 13.82"," 17084"," 2.36"," 107"," 14392"," 84.24"
LAXMIDENTL," EQ"," 13-Aug-2026"," 200.30"," 201.00"," 208.62"," 200.07"," 204.15"," 206.23"," 206.12"," 250293"," 515.91"," 6000"," 115339"," 46.08"
LAXMIINDIA," BE"," 13-Aug-2026"," 135.83"," 135.83"," 136.00"," 129.04"," 129.04"," 129.04"," 129.92"," 247731"," 321.84"," 797"," -"," -"
LCCINFOTEC," EQ"," 13-Aug-2026"," 3.87"," 3.99"," 4.05"," 3.82"," 3.90"," 3.90"," 3.97"," 57530"," 2.28"," 126"," 24850"," 43.19"
LCL," EQ"," 13-Aug-2026"," 514.55"," 517.85"," 541.00"," 516.95"," 539.50"," 534.35"," 529.42"," 417099"," 2208.19"," 10458"," 172317"," 41.31"
LEMERITE," EQ"," 13-Aug-2026"," 23.25"," 23.20"," 24.37"," 23.00"," 23.44"," 23.24"," 23.57"," 289822"," 68.32"," 498"," 174983"," 60.38"
LEMONTREE," EQ"," 13-Aug-2026"," 109.16"," 109.16"," 110.07"," 108.45"," 109.05"," 109.05"," 109.19"," 1934532"," 2112.23"," 27901"," 1067504"," 55.18"
LENSKART," EQ"," 13-Aug-2026"," 586.45"," 605.00"," 626.95"," 592.40"," 596.00"," 596.90"," 604.15"," 32172239"," 194369.40"," 373678"," 11617272"," 36.11"
LEXUS," EQ"," 13-Aug-2026"," 14.14"," 14.15"," 14.55"," 13.50"," 13.99"," 13.81"," 14.10"," 10564"," 1.49"," 185"," 8469"," 80.17"
LFIC," EQ"," 13-Aug-2026"," 138.07"," 140.40"," 150.45"," 139.25"," 139.71"," 140.15"," 145.28"," 24116"," 35.03"," 395"," 10554"," 43.76"
LGBBROSLTD," EQ"," 13-Aug-2026"," 1602.40"," 1610.00"," 1612.00"," 1588.60"," 1590.10"," 1591.20"," 1594.95"," 16779"," 267.62"," 2331"," 10514"," 62.66"
LGEINDIA," EQ"," 13-Aug-2026"," 1578.80"," 1583.00"," 1583.00"," 1563.50"," 1580.00"," 1578.30"," 1574.26"," 404196"," 6363.09"," 17779"," 326468"," 80.77"
LGHL," EQ"," 13-Aug-2026"," 200.45"," 203.99"," 203.99"," 195.76"," 196.15"," 196.44"," 197.90"," 9376"," 18.56"," 306"," 2878"," 30.70"
LIBAS," EQ"," 13-Aug-2026"," 9.78"," 10.04"," 10.04"," 9.65"," 9.82"," 9.81"," 9.86"," 8526"," 0.84"," 75"," 6905"," 80.99"
LIBERTSHOE," EQ"," 13-Aug-2026"," 240.40"," 240.40"," 245.35"," 238.00"," 238.50"," 238.55"," 240.19"," 23345"," 56.07"," 818"," 14562"," 62.38"
LICHSGFIN," EQ"," 13-Aug-2026"," 508.00"," 509.00"," 509.00"," 500.45"," 502.00"," 502.00"," 502.44"," 1372938"," 6898.14"," 33073"," 819179"," 59.67"
LICI," EQ"," 13-Aug-2026"," 417.00"," 414.50"," 416.70"," 409.10"," 412.15"," 412.15"," 414.14"," 18983295"," 78617.21"," 84392"," 13494552"," 71.09"
LICMFGOLD," EQ"," 13-Aug-2026"," 137.55"," 138.00"," 138.40"," 136.35"," 136.90"," 137.05"," 137.50"," 256349"," 352.49"," 763"," 221666"," 86.47"
LICNETFGSC," EQ"," 13-Aug-2026"," 29.54"," 29.68"," 29.68"," 29.54"," 29.64"," 29.64"," 29.57"," 43869"," 12.97"," 91"," 43376"," 98.88"
LICNETFN50," EQ"," 13-Aug-2026"," 274.16"," 273.95"," 274.67"," 272.76"," 273.20"," 273.20"," 272.88"," 741"," 2.02"," 17"," 702"," 94.74"
LICNETFSEN," EQ"," 13-Aug-2026"," 883.05"," 883.91"," 883.91"," 883.91"," 883.91"," 883.91"," 883.91"," 1"," 0.01"," 1"," 1"," 100.00"
LICNFNHGP," EQ"," 13-Aug-2026"," 280.95"," 280.96"," 280.96"," 275.00"," 280.80"," 280.31"," 279.23"," 1392"," 3.89"," 20"," 1391"," 99.93"
LICNMID100," EQ"," 13-Aug-2026"," 64.51"," 64.65"," 64.74"," 64.16"," 64.56"," 64.57"," 64.58"," 2447"," 1.58"," 62"," 1720"," 70.29"
LIKHITHA," EQ"," 13-Aug-2026"," 227.33"," 228.00"," 231.57"," 224.00"," 229.75"," 227.74"," 227.01"," 41613"," 94.47"," 1201"," 24373"," 58.57"
LINC," EQ"," 13-Aug-2026"," 98.34"," 98.34"," 100.00"," 96.70"," 98.70"," 97.88"," 98.74"," 50954"," 50.31"," 381"," 45944"," 90.17"
LINCOLN," EQ"," 13-Aug-2026"," 592.85"," 597.10"," 646.95"," 591.95"," 621.25"," 619.50"," 626.15"," 1060832"," 6642.36"," 31766"," 170971"," 16.12"
LINDEINDIA," EQ"," 13-Aug-2026"," 6777.50"," 6779.00"," 6844.50"," 6651.00"," 6692.50"," 6688.50"," 6758.07"," 24753"," 1672.83"," 5552"," 15711"," 63.47"
LIQGRWBEES," EQ"," 13-Aug-2026"," 1051.28"," 1051.41"," 1051.43"," 1051.41"," 1051.43"," 1051.42"," 1051.41"," 41216"," 433.35"," 163"," 35055"," 85.05"
LIQUID," EQ"," 13-Aug-2026"," 999.99"," 1000.00"," 1000.00"," 999.99"," 999.99"," 999.99"," 999.99"," 546702"," 5466.99"," 185"," 328027"," 60.00"
LIQUID1," EQ"," 13-Aug-2026"," 1117.77"," 1117.91"," 1117.93"," 1117.91"," 1117.92"," 1117.91"," 1117.92"," 928284"," 10377.45"," 1498"," 504401"," 54.34"
LIQUIDADD," EQ"," 13-Aug-2026"," 1139.89"," 1140.03"," 1140.05"," 1140.02"," 1140.02"," 1140.02"," 1140.02"," 415305"," 4734.58"," 336"," 332161"," 79.98"
LIQUIDBEES," EQ"," 13-Aug-2026"," 1000.00"," 1000.00"," 1000.01"," 999.99"," 1000.00"," 999.99"," 999.99"," 4110315"," 41102.89"," 3399"," 3620201"," 88.08"
LIQUIDBETF," EQ"," 13-Aug-2026"," 1094.22"," 1094.35"," 1094.35"," 1094.33"," 1094.35"," 1094.34"," 1094.34"," 311778"," 3411.91"," 140"," 210068"," 67.38"
LIQUIDCASE," EQ"," 13-Aug-2026"," 115.43"," 115.43"," 115.45"," 115.43"," 115.45"," 115.43"," 115.44"," 13703546"," 15819.30"," 8728"," 9470040"," 69.11"
LIQUIDETF," EQ"," 13-Aug-2026"," 1000.00"," 1000.00"," 1000.01"," 999.99"," 1000.00"," 1000.00"," 1000.00"," 185505"," 1855.05"," 248"," 144094"," 77.68"
LIQUIDIETF," EQ"," 13-Aug-2026"," 999.99"," 1000.00"," 1000.01"," 999.99"," 999.99"," 999.99"," 1000.00"," 335093"," 3350.93"," 197"," 247726"," 73.93"
LIQUIDPLUS," EQ"," 13-Aug-2026"," 1098.47"," 1097.07"," 1098.64"," 1097.07"," 1098.64"," 1098.63"," 1098.63"," 102189"," 1122.68"," 286"," 80449"," 78.73"
LIQUIDSBI," EQ"," 13-Aug-2026"," 999.99"," 999.99"," 1000.01"," 999.99"," 1000.01"," 1000.01"," 1000.01"," 14669"," 146.69"," 27"," 13145"," 89.61"
LIQUIDSHRI," EQ"," 13-Aug-2026"," 1116.91"," 1117.08"," 1117.08"," 1117.06"," 1117.08"," 1117.08"," 1117.07"," 2129"," 23.78"," 12"," 1584"," 74.40"
LLOYDS," SM"," 13-Aug-2026"," 66.15"," 66.20"," 66.20"," 66.20"," 66.20"," 66.20"," 66.20"," 1000"," 0.66"," 1"," 1000"," 100.00"
LLOYDSENGG," EQ"," 13-Aug-2026"," 92.41"," 92.67"," 93.45"," 91.00"," 91.20"," 91.15"," 91.71"," 4809434"," 4410.82"," 22352"," 2419021"," 50.30"
LLOYDSENT," EQ"," 13-Aug-2026"," 77.89"," 78.00"," 78.99"," 75.65"," 76.19"," 76.04"," 77.01"," 2395042"," 1844.38"," 10328"," 1348790"," 56.32"
LLOYDSME," EQ"," 13-Aug-2026"," 1893.60"," 1900.00"," 1944.80"," 1889.00"," 1900.00"," 1898.40"," 1917.19"," 846580"," 16230.51"," 34301"," 475332"," 56.15"
LMW," EQ"," 13-Aug-2026"," 17550.00"," 17740.00"," 19101.00"," 17469.00"," 18725.00"," 18747.00"," 18614.68"," 33295"," 6197.76"," 11598"," 11408"," 34.26"
LODHA," EQ"," 13-Aug-2026"," 1209.00"," 1209.00"," 1244.70"," 1200.40"," 1232.30"," 1232.30"," 1229.27"," 1227769"," 15092.55"," 37395"," 461091"," 37.56"
LOKESHMACH," BE"," 13-Aug-2026"," 348.50"," 348.00"," 348.00"," 347.00"," 347.00"," 347.00"," 347.87"," 18248"," 63.48"," 88"," -"," -"
LORDSCHLO," EQ"," 13-Aug-2026"," 137.71"," 139.35"," 143.00"," 137.85"," 139.96"," 138.37"," 140.31"," 17059"," 23.94"," 359"," 12218"," 71.62"
LOTUSDEV," BE"," 13-Aug-2026"," 173.88"," 173.98"," 177.00"," 168.01"," 173.88"," 174.03"," 173.50"," 954681"," 1656.41"," 3456"," -"," -"
LOTUSEYE," EQ"," 13-Aug-2026"," 117.62"," 117.99"," 118.00"," 116.20"," 116.90"," 116.61"," 116.63"," 5523"," 6.44"," 141"," 4284"," 77.57"
LOVABLE," EQ"," 13-Aug-2026"," 72.83"," 73.00"," 74.18"," 70.25"," 71.12"," 71.66"," 72.09"," 10195"," 7.35"," 238"," 6788"," 66.58"
LOWVOL," EQ"," 13-Aug-2026"," 210.75"," 211.17"," 211.50"," 211.04"," 211.39"," 211.39"," 211.09"," 929"," 1.96"," 9"," 929"," 100.00"
LOWVOL1," EQ"," 13-Aug-2026"," 21.50"," 21.50"," 21.72"," 21.50"," 21.51"," 21.58"," 21.61"," 49021"," 10.59"," 157"," 27435"," 55.97"
LOWVOLIETF," EQ"," 13-Aug-2026"," 22.61"," 23.06"," 23.06"," 22.54"," 22.54"," 22.62"," 22.63"," 10977200"," 2484.16"," 1435"," 10718682"," 97.64"
LOYALTEX," EQ"," 13-Aug-2026"," 228.91"," 216.00"," 239.08"," 216.00"," 225.20"," 225.20"," 226.09"," 1354"," 3.06"," 92"," 795"," 58.71"
LPDC," EQ"," 13-Aug-2026"," 6.30"," 6.58"," 7.56"," 6.43"," 7.56"," 7.56"," 7.28"," 553767"," 40.30"," 1035"," 282479"," 51.01"
LRRPL," SM"," 13-Aug-2026"," 84.00"," 83.00"," 84.00"," 83.00"," 83.50"," 83.50"," 83.50"," 4500"," 3.76"," 3"," 4500"," 100.00"
LT," EQ"," 13-Aug-2026"," 4020.00"," 4010.00"," 4070.70"," 3990.00"," 4070.70"," 4070.70"," 4035.12"," 2299928"," 92804.81"," 157231"," 1291924"," 56.17"
LTF," EQ"," 13-Aug-2026"," 317.20"," 317.20"," 317.30"," 313.00"," 315.35"," 315.35"," 314.85"," 1127604"," 3550.21"," 18767"," 532393"," 47.21"
LTFOODS," EQ"," 13-Aug-2026"," 426.70"," 430.30"," 430.30"," 417.15"," 421.00"," 418.95"," 422.11"," 246558"," 1040.75"," 12104"," 102005"," 41.37"
LTGILTBEES," EQ"," 13-Aug-2026"," 30.05"," 30.05"," 30.13"," 30.03"," 30.08"," 30.09"," 30.09"," 913100"," 274.75"," 577"," 835222"," 91.47"
LTGILTCASE," EQ"," 13-Aug-2026"," 30.64"," 30.34"," 30.78"," 30.34"," 30.69"," 30.69"," 30.67"," 78068"," 23.94"," 209"," 76330"," 97.77"
LTM," EQ"," 13-Aug-2026"," 4762.10"," 4739.50"," 4789.30"," 4707.50"," 4765.00"," 4765.00"," 4753.37"," 253279"," 12039.30"," 19272"," 109131"," 43.09"
LTTS," EQ"," 13-Aug-2026"," 3578.90"," 3579.00"," 3642.00"," 3552.10"," 3611.00"," 3604.70"," 3610.77"," 51029"," 1842.54"," 10035"," 21909"," 42.93"
LUMAXIND," EQ"," 13-Aug-2026"," 5966.00"," 5998.00"," 6039.00"," 5826.50"," 5852.00"," 5849.00"," 5919.49"," 18074"," 1069.89"," 5052"," 8731"," 48.31"
LUMAXTECH," EQ"," 13-Aug-2026"," 2039.30"," 2001.00"," 2039.20"," 1972.00"," 1991.00"," 1987.50"," 2001.19"," 274708"," 5497.44"," 20307"," 120000"," 43.68"
LUPIN," EQ"," 13-Aug-2026"," 2281.00"," 2268.00"," 2278.00"," 2250.30"," 2250.30"," 2250.30"," 2260.22"," 583016"," 13177.47"," 24145"," 356484"," 61.14"
LUXIND," EQ"," 13-Aug-2026"," 1211.90"," 1218.50"," 1225.70"," 1206.30"," 1207.10"," 1209.30"," 1213.35"," 15510"," 188.19"," 1360"," 9117"," 58.78"
LXCHEM," EQ"," 13-Aug-2026"," 172.85"," 173.90"," 178.20"," 173.30"," 174.30"," 174.11"," 175.81"," 552601"," 971.53"," 6945"," 209080"," 37.84"
LYKALABS," BE"," 13-Aug-2026"," 66.80"," 66.80"," 68.00"," 66.80"," 68.00"," 68.00"," 67.09"," 1653"," 1.11"," 55"," -"," -"
M&M," EQ"," 13-Aug-2026"," 3403.60"," 3405.00"," 3440.00"," 3396.50"," 3428.20"," 3428.20"," 3412.46"," 2288322"," 78088.08"," 82017"," 1490817"," 65.15"
M&MFIN," EQ"," 13-Aug-2026"," 395.85"," 398.00"," 407.00"," 394.50"," 396.15"," 396.40"," 400.84"," 2668351"," 10695.76"," 36174"," 1109780"," 41.59"
MAANALU," EQ"," 13-Aug-2026"," 125.01"," 125.18"," 126.43"," 121.10"," 122.35"," 121.70"," 122.75"," 51025"," 62.63"," 1370"," 32786"," 64.25"
MACPOWER," EQ"," 13-Aug-2026"," 1726.30"," 1726.60"," 1764.40"," 1666.10"," 1752.10"," 1746.30"," 1723.14"," 23189"," 399.58"," 2704"," 10687"," 46.09"
MADHAV," EQ"," 13-Aug-2026"," 34.27"," 35.90"," 35.90"," 35.00"," 35.80"," 35.76"," 35.37"," 2538"," 0.90"," 34"," 2141"," 84.36"
MADHAVBAUG," ST"," 13-Aug-2026"," 187.40"," 180.00"," 185.00"," 178.05"," 185.00"," 185.00"," 182.95"," 5200"," 9.51"," 8"," 4000"," 76.92"
MADHAVIPL," EQ"," 13-Aug-2026"," 7.05"," 7.00"," 7.20"," 6.95"," 7.10"," 7.10"," 7.04"," 163133"," 11.48"," 490"," 140841"," 86.34"
MADHUCON," BE"," 13-Aug-2026"," 5.36"," 5.36"," 5.58"," 5.10"," 5.26"," 5.25"," 5.14"," 20539"," 1.05"," 56"," -"," -"
MADHUSUDAN," ST"," 13-Aug-2026"," 233.85"," 233.85"," 235.00"," 222.20"," 232.50"," 227.30"," 228.36"," 50000"," 114.18"," 42"," 35000"," 70.00"
MADRASFERT," EQ"," 13-Aug-2026"," 65.49"," 66.49"," 66.50"," 65.05"," 65.06"," 65.51"," 65.96"," 25089"," 16.55"," 450"," 14125"," 56.30"
MAFANG," EQ"," 13-Aug-2026"," 208.88"," 208.59"," 208.59"," 208.02"," 208.59"," 208.59"," 208.58"," 329287"," 686.82"," 5317"," 315566"," 95.83"
MAFATIND," EQ"," 13-Aug-2026"," 126.23"," 127.00"," 128.28"," 125.55"," 127.95"," 126.50"," 126.44"," 27875"," 35.25"," 517"," 22882"," 82.09"
MAGADSUGAR," EQ"," 13-Aug-2026"," 520.35"," 520.15"," 564.40"," 520.15"," 543.00"," 542.85"," 550.55"," 78615"," 432.81"," 5021"," 23694"," 30.14"
MAGNUM," EQ"," 13-Aug-2026"," 19.58"," 19.20"," 19.96"," 19.20"," 19.50"," 19.50"," 19.57"," 3018"," 0.59"," 32"," 2965"," 98.24"
MAGSON," SM"," 13-Aug-2026"," 180.00"," 180.00"," 184.00"," 180.00"," 182.00"," 182.00"," 180.08"," 214000"," 385.38"," 41"," 211000"," 98.60"
MAHABANK," EQ"," 13-Aug-2026"," 81.87"," 81.87"," 83.10"," 81.14"," 81.53"," 81.65"," 82.03"," 10281635"," 8434.27"," 39321"," 4993215"," 48.56"
MAHAPEXLTD," EQ"," 13-Aug-2026"," 56.84"," 56.00"," 58.00"," 53.77"," 53.80"," 54.74"," 55.77"," 28341"," 15.81"," 697"," 17385"," 61.34"
MAHASTEEL," BE"," 13-Aug-2026"," 994.60"," 953.00"," 1040.00"," 953.00"," 1025.00"," 1028.70"," 1015.57"," 16304"," 165.58"," 312"," -"," -"
MAHEPC," EQ"," 13-Aug-2026"," 107.52"," 109.40"," 109.40"," 107.55"," 107.63"," 107.84"," 107.99"," 10958"," 11.83"," 207"," 6581"," 60.06"
MAHESHWARI," BE"," 13-Aug-2026"," 73.05"," 74.48"," 74.48"," 71.30"," 73.00"," 73.01"," 72.97"," 6502"," 4.74"," 31"," -"," -"
MAHICKRA," SM"," 13-Aug-2026"," 261.00"," 261.00"," 298.80"," 261.00"," 286.00"," 285.05"," 283.66"," 17250"," 48.93"," 9"," 16500"," 95.65"
MAHKTECH," EQ"," 13-Aug-2026"," 23.70"," 23.66"," 23.66"," 23.37"," 23.45"," 23.45"," 23.56"," 752156"," 177.17"," 5144"," 579452"," 77.04"
MAHLIFE," EQ"," 13-Aug-2026"," 382.85"," 385.95"," 385.95"," 380.40"," 385.00"," 383.75"," 383.41"," 96494"," 369.96"," 4866"," 62944"," 65.23"
MAHLOG," EQ"," 13-Aug-2026"," 406.95"," 406.10"," 410.85"," 403.20"," 407.80"," 406.00"," 406.87"," 135080"," 549.60"," 5631"," 81473"," 60.31"
MAHSCOOTER," EQ"," 13-Aug-2026"," 13640.00"," 13652.00"," 13669.00"," 13221.00"," 13340.00"," 13340.00"," 13478.81"," 3499"," 471.62"," 1393"," 1888"," 53.96"
MAHSEAMLES," EQ"," 13-Aug-2026"," 609.95"," 612.80"," 627.50"," 606.90"," 612.45"," 612.00"," 617.05"," 204844"," 1263.98"," 12732"," 101365"," 49.48"
MAITHANALL," EQ"," 13-Aug-2026"," 991.70"," 996.65"," 998.60"," 964.20"," 971.00"," 974.05"," 981.72"," 38822"," 381.12"," 2621"," 21682"," 55.85"
MAITREYA," SM"," 13-Aug-2026"," 120.20"," 125.00"," 134.25"," 120.05"," 125.00"," 124.15"," 123.79"," 5600"," 6.93"," 13"," 3600"," 64.29"
MAJESAUT," BE"," 13-Aug-2026"," 400.60"," 380.60"," 380.60"," 380.60"," 380.60"," 380.60"," 380.60"," 4231"," 16.10"," 184"," -"," -"
MAKEINDIA," EQ"," 13-Aug-2026"," 169.02"," 169.00"," 169.66"," 168.59"," 168.59"," 168.91"," 168.94"," 26739"," 45.17"," 360"," 16690"," 62.42"
MAL," SM"," 13-Aug-2026"," 29.85"," 30.45"," 30.50"," 29.30"," 30.50"," 30.50"," 30.12"," 9600"," 2.89"," 6"," 6400"," 66.67"
MALLCOM," EQ"," 13-Aug-2026"," 981.35"," 977.45"," 980.00"," 969.10"," 971.70"," 978.90"," 977.05"," 1732"," 16.92"," 179"," 1471"," 84.93"
MALUPAPER," EQ"," 13-Aug-2026"," 31.56"," 32.00"," 32.00"," 31.28"," 31.79"," 31.74"," 31.65"," 2479"," 0.78"," 61"," 2187"," 88.22"
MAMATA," EQ"," 13-Aug-2026"," 426.05"," 426.05"," 428.00"," 422.30"," 425.00"," 425.60"," 425.88"," 39341"," 167.55"," 1549"," 19469"," 49.49"
MANAKALUCO," EQ"," 13-Aug-2026"," 39.32"," 39.32"," 41.50"," 39.32"," 39.60"," 40.41"," 40.53"," 100898"," 40.89"," 961"," 51057"," 50.60"
MANAKCOAT," EQ"," 13-Aug-2026"," 117.50"," 117.30"," 119.98"," 116.25"," 117.40"," 117.80"," 116.87"," 743260"," 868.67"," 3011"," 589298"," 79.29"
MANAKSIA," EQ"," 13-Aug-2026"," 58.42"," 60.00"," 61.00"," 59.20"," 59.60"," 59.50"," 60.00"," 89266"," 53.56"," 840"," 54196"," 60.71"
MANAKSTEEL," EQ"," 13-Aug-2026"," 82.75"," 84.89"," 86.88"," 83.75"," 85.30"," 85.42"," 85.85"," 94999"," 81.55"," 1370"," 75752"," 79.74"
MANALIPETC," EQ"," 13-Aug-2026"," 67.39"," 68.00"," 69.40"," 67.50"," 69.10"," 68.83"," 68.59"," 976960"," 670.12"," 6575"," 482548"," 49.39"
MANAPPURAM," EQ"," 13-Aug-2026"," 352.60"," 355.00"," 355.05"," 344.95"," 348.40"," 348.40"," 348.40"," 6850978"," 23869.04"," 48436"," 2601512"," 37.97"
MANAV," SM"," 13-Aug-2026"," 24.45"," 25.65"," 25.65"," 25.65"," 25.65"," 25.65"," 25.65"," 4000"," 1.03"," 1"," 4000"," 100.00"
MANBA," EQ"," 13-Aug-2026"," 131.44"," 131.99"," 137.00"," 130.50"," 131.30"," 131.49"," 131.85"," 55278"," 72.88"," 1113"," 14341"," 25.94"
MANCREDIT," EQ"," 13-Aug-2026"," 243.44"," 249.88"," 251.00"," 241.00"," 242.00"," 241.86"," 246.38"," 154918"," 381.69"," 1380"," 73936"," 47.73"
MANDEEP," SM"," 13-Aug-2026"," 20.50"," 20.05"," 20.15"," 20.05"," 20.15"," 20.15"," 20.11"," 50000"," 10.06"," 7"," 50000"," 100.00"
MANGALAM," EQ"," 13-Aug-2026"," 27.27"," 27.40"," 29.99"," 25.70"," 29.99"," 27.79"," 27.18"," 47377"," 12.88"," 468"," 33063"," 69.79"
MANGLMCEM," EQ"," 13-Aug-2026"," 903.75"," 909.25"," 909.25"," 901.80"," 902.20"," 902.85"," 904.05"," 10250"," 92.66"," 342"," 7923"," 77.30"
MANINDS," EQ"," 13-Aug-2026"," 598.65"," 593.00"," 595.00"," 570.80"," 584.00"," 576.15"," 584.64"," 767815"," 4488.97"," 25224"," 292230"," 38.06"
MANINFRA," EQ"," 13-Aug-2026"," 108.55"," 108.20"," 109.07"," 103.36"," 104.79"," 104.77"," 106.24"," 1569756"," 1667.73"," 11098"," 583211"," 37.15"
MANIPALHOS," EQ"," 13-Aug-2026"," 692.45"," 689.05"," 700.00"," 675.75"," 696.30"," 695.30"," 687.37"," 744492"," 5117.38"," 24109"," 331033"," 44.46"
MANKIND," EQ"," 13-Aug-2026"," 2433.10"," 2430.50"," 2430.50"," 2392.00"," 2404.40"," 2404.40"," 2405.72"," 129086"," 3105.44"," 14798"," 69457"," 53.81"
MANOMAY," EQ"," 13-Aug-2026"," 216.56"," 218.10"," 219.90"," 213.84"," 218.59"," 218.46"," 217.87"," 151537"," 330.15"," 1946"," 45664"," 30.13"
MANORAMA," EQ"," 13-Aug-2026"," 1626.00"," 1620.00"," 1650.50"," 1605.00"," 1610.00"," 1614.10"," 1624.29"," 109396"," 1776.91"," 10044"," 70956"," 64.86"
MANORG," EQ"," 13-Aug-2026"," 450.05"," 454.95"," 458.85"," 450.00"," 454.35"," 451.90"," 453.21"," 31765"," 143.96"," 371"," 29713"," 93.54"
MANUFGBEES," EQ"," 13-Aug-2026"," 166.94"," 168.60"," 168.60"," 166.40"," 166.40"," 167.03"," 166.88"," 1493"," 2.49"," 186"," 1355"," 90.76"
MANUGRAPH," BE"," 13-Aug-2026"," 15.42"," 15.58"," 16.19"," 15.10"," 16.19"," 16.19"," 15.85"," 6756"," 1.07"," 50"," -"," -"
MANYAVAR," EQ"," 13-Aug-2026"," 521.90"," 520.00"," 525.95"," 516.40"," 523.40"," 523.00"," 522.73"," 214280"," 1120.10"," 17045"," 104555"," 48.79"
MAPMYINDIA," EQ"," 13-Aug-2026"," 996.20"," 996.20"," 1013.80"," 988.80"," 994.80"," 993.70"," 997.06"," 111885"," 1115.56"," 9114"," 46503"," 41.56"
MARALOVER," BE"," 13-Aug-2026"," 52.96"," 52.70"," 54.00"," 52.50"," 53.72"," 53.41"," 53.59"," 2372"," 1.27"," 31"," -"," -"
MARATHON," EQ"," 13-Aug-2026"," 373.30"," 372.10"," 378.00"," 366.50"," 370.00"," 369.25"," 371.59"," 56278"," 209.12"," 1693"," 40780"," 72.46"
MARC," SM"," 13-Aug-2026"," 128.65"," 130.00"," 132.00"," 129.00"," 130.00"," 130.00"," 130.12"," 15600"," 20.30"," 10"," 10800"," 69.23"
MARCO," SM"," 13-Aug-2026"," 31.50"," 33.85"," 33.85"," 30.05"," 30.20"," 30.20"," 30.93"," 19500"," 6.03"," 13"," 12000"," 61.54"
MARICO," EQ"," 13-Aug-2026"," 855.00"," 855.00"," 864.45"," 852.10"," 864.45"," 864.45"," 858.79"," 1410198"," 12110.67"," 40468"," 1041727"," 73.87"
MARINE," EQ"," 13-Aug-2026"," 347.00"," 347.00"," 377.80"," 347.00"," 370.85"," 371.20"," 365.74"," 1561386"," 5710.54"," 25515"," 668094"," 42.79"
MARINETRAN," SM"," 13-Aug-2026"," 17.05"," 17.90"," 17.90"," 17.90"," 17.90"," 17.90"," 17.90"," 4000"," 0.72"," 1"," 4000"," 100.00"
MARKOLINES," EQ"," 13-Aug-2026"," 175.12"," 175.50"," 179.15"," 175.12"," 177.20"," 177.46"," 177.51"," 153990"," 273.34"," 1188"," 33879"," 22.00"
MARKSANS," EQ"," 13-Aug-2026"," 312.60"," 313.00"," 319.40"," 301.90"," 302.90"," 303.40"," 309.56"," 10713377"," 33163.93"," 109418"," 1848656"," 17.26"
MARSONS," EQ"," 13-Aug-2026"," 103.16"," 103.89"," 105.85"," 101.74"," 102.62"," 102.58"," 103.51"," 2493901"," 2581.55"," 12910"," 1363737"," 54.68"
MARUSHIKA," SM"," 13-Aug-2026"," 111.00"," 111.00"," 119.95"," 111.00"," 116.10"," 116.10"," 117.53"," 25200"," 29.62"," 20"," 24000"," 95.24"
MARUTI," EQ"," 13-Aug-2026"," 13875.00"," 13884.00"," 13938.00"," 13825.00"," 13905.00"," 13905.00"," 13885.45"," 220061"," 30556.45"," 31518"," 109531"," 49.77"
MASFIN," EQ"," 13-Aug-2026"," 302.85"," 303.95"," 306.45"," 302.10"," 305.90"," 303.65"," 304.14"," 91070"," 276.98"," 5316"," 53811"," 59.09"
MASKINVEST," EQ"," 13-Aug-2026"," 151.75"," 151.75"," 151.75"," 147.40"," 147.40"," 147.40"," 148.43"," 25"," 0.04"," 4"," 25"," 100.00"
MASON," SM"," 13-Aug-2026"," 118.25"," 116.05"," 124.00"," 116.00"," 124.00"," 123.35"," 119.39"," 119500"," 142.67"," 44"," 110500"," 92.47"
MASPTOP50," EQ"," 13-Aug-2026"," 80.96"," 80.55"," 80.55"," 80.55"," 80.55"," 80.55"," 80.55"," 17785"," 14.33"," 120"," 17785"," 100.00"
MASTEK," EQ"," 13-Aug-2026"," 1819.10"," 1823.50"," 1849.90"," 1811.00"," 1821.10"," 1826.40"," 1831.26"," 28215"," 516.69"," 4779"," 13703"," 48.57"
MASTER," SM"," 13-Aug-2026"," 475.00"," 475.00"," 475.00"," 475.00"," 475.00"," 475.00"," 475.00"," 500"," 2.38"," 1"," 500"," 100.00"
MASTERTR," EQ"," 13-Aug-2026"," 77.51"," 77.77"," 79.31"," 77.10"," 78.40"," 78.66"," 78.29"," 209330"," 163.88"," 1402"," 72407"," 34.59"
MATRIMONY," EQ"," 13-Aug-2026"," 541.50"," 539.70"," 548.95"," 528.20"," 539.95"," 538.00"," 538.21"," 56812"," 305.77"," 2006"," 37826"," 66.58"
MAWANASUG," EQ"," 13-Aug-2026"," 111.99"," 111.99"," 122.20"," 111.99"," 116.95"," 116.36"," 118.76"," 460435"," 546.81"," 3848"," 262242"," 56.96"
MAXESTATES," EQ"," 13-Aug-2026"," 420.65"," 425.95"," 445.00"," 420.20"," 442.00"," 439.55"," 436.42"," 222307"," 970.20"," 9792"," 111406"," 50.11"
MAXHEALTH," EQ"," 13-Aug-2026"," 1007.50"," 1007.90"," 1037.60"," 992.80"," 1013.30"," 1013.30"," 1016.03"," 2871456"," 29174.91"," 97110"," 1054872"," 36.74"
MAXIND," EQ"," 13-Aug-2026"," 162.64"," 160.60"," 164.18"," 155.14"," 156.75"," 157.39"," 158.67"," 179416"," 284.67"," 3187"," 120690"," 67.27"
MAXVOLT," ST"," 13-Aug-2026"," 319.25"," 313.15"," 320.00"," 310.50"," 317.00"," 317.65"," 316.07"," 26800"," 84.71"," 66"," 20400"," 76.12"
MAYASHEEL," SM"," 13-Aug-2026"," 38.25"," 37.90"," 39.00"," 37.00"," 38.75"," 38.75"," 38.32"," 24000"," 9.20"," 8"," 24000"," 100.00"
MAYURUNIQ," EQ"," 13-Aug-2026"," 750.75"," 753.00"," 766.90"," 748.10"," 759.00"," 755.45"," 755.04"," 69882"," 527.64"," 3734"," 48929"," 70.02"
MAZDA," BE"," 13-Aug-2026"," 240.54"," 243.25"," 243.30"," 235.30"," 239.00"," 236.56"," 238.37"," 10169"," 24.24"," 360"," -"," -"
MAZDOCK," EQ"," 13-Aug-2026"," 2552.00"," 2549.60"," 2583.90"," 2546.60"," 2571.00"," 2571.00"," 2569.12"," 912756"," 23449.82"," 38815"," 274769"," 30.10"
MBAPL," EQ"," 13-Aug-2026"," 165.75"," 166.23"," 169.31"," 164.13"," 166.80"," 168.12"," 167.15"," 802624"," 1341.57"," 7480"," 504487"," 62.85"
MBEL," EQ"," 13-Aug-2026"," 268.05"," 269.90"," 271.40"," 266.10"," 270.00"," 270.00"," 269.16"," 131589"," 354.19"," 6518"," 58192"," 44.22"
MBLINFRA," EQ"," 13-Aug-2026"," 24.57"," 24.57"," 25.30"," 24.10"," 25.05"," 25.02"," 24.73"," 43402"," 10.73"," 133"," 31649"," 72.92"
MCCHRLS-B," EQ"," 13-Aug-2026"," 679.95"," 699.90"," 699.90"," 665.00"," 679.00"," 677.30"," 676.22"," 110"," 0.74"," 23"," 73"," 66.36"
MCL," EQ"," 13-Aug-2026"," 58.58"," 58.02"," 58.70"," 57.02"," 58.12"," 57.71"," 57.89"," 35699"," 20.67"," 1454"," 20960"," 58.71"
MCLEODRUSS," EQ"," 13-Aug-2026"," 47.75"," 47.75"," 48.44"," 46.00"," 46.39"," 46.48"," 47.18"," 243773"," 115.02"," 1447"," 127510"," 52.31"
MCLOUD," EQ"," 13-Aug-2026"," 29.08"," 29.25"," 29.47"," 28.86"," 28.90"," 29.06"," 29.11"," 1316049"," 383.08"," 5794"," 694764"," 52.79"
MCON," SM"," 13-Aug-2026"," 40.00"," 41.95"," 41.95"," 41.95"," 41.95"," 41.95"," 41.95"," 3000"," 1.26"," 3"," 3000"," 100.00"
MCX," EQ"," 13-Aug-2026"," 2970.10"," 2980.50"," 3023.70"," 2929.00"," 2970.00"," 2970.00"," 2973.20"," 2857150"," 84948.82"," 155478"," 1226788"," 42.94"
MDL," ST"," 13-Aug-2026"," 64.00"," 60.90"," 60.90"," 60.85"," 60.85"," 60.85"," 60.87"," 5000"," 3.04"," 5"," 5000"," 100.00"
MEDANTA," EQ"," 13-Aug-2026"," 1393.50"," 1390.00"," 1434.90"," 1390.00"," 1417.00"," 1410.40"," 1410.03"," 218806"," 3085.22"," 16886"," 126016"," 57.59"
MEDIASSIST," EQ"," 13-Aug-2026"," 352.05"," 351.00"," 356.50"," 347.85"," 350.00"," 350.40"," 350.61"," 122954"," 431.09"," 8940"," 76730"," 62.41"
MEDICAMEQ," EQ"," 13-Aug-2026"," 238.98"," 238.85"," 243.00"," 238.81"," 240.50"," 241.02"," 240.72"," 5510"," 13.26"," 210"," 4250"," 77.13"
MEDICO," EQ"," 13-Aug-2026"," 47.45"," 47.85"," 48.86"," 45.78"," 46.70"," 47.86"," 47.54"," 1087861"," 517.20"," 1784"," 541766"," 49.80"
MEDIORG," SM"," 13-Aug-2026"," 23.20"," 24.35"," 24.35"," 24.35"," 24.35"," 24.35"," 24.35"," 4000"," 0.97"," 2"," 2000"," 50.00"
MEDPLUS," EQ"," 13-Aug-2026"," 675.05"," 675.00"," 675.00"," 662.15"," 667.45"," 667.90"," 665.91"," 229051"," 1525.27"," 14043"," 155414"," 67.85"
MEESHO," EQ"," 13-Aug-2026"," 191.89"," 192.00"," 197.60"," 191.40"," 193.80"," 193.62"," 194.35"," 12978591"," 25223.32"," 128088"," 6108554"," 47.07"
MEGAFLEX," SM"," 13-Aug-2026"," 100.00"," 95.00"," 100.00"," 95.00"," 100.00"," 100.00"," 98.33"," 3000"," 2.95"," 3"," 3000"," 100.00"
MEGASTAR," EQ"," 13-Aug-2026"," 319.95"," 319.95"," 320.90"," 301.00"," 302.00"," 304.25"," 308.56"," 5740"," 17.71"," 497"," 3158"," 55.02"
MEGATHERM," SM"," 13-Aug-2026"," 194.35"," 193.00"," 196.00"," 193.00"," 194.00"," 193.70"," 194.37"," 15600"," 30.32"," 35"," 12400"," 79.49"
MEIL," EQ"," 13-Aug-2026"," 274.95"," 275.00"," 277.00"," 271.50"," 276.00"," 274.45"," 274.21"," 15567"," 42.69"," 567"," 12701"," 81.59"
MENNPIS," EQ"," 13-Aug-2026"," 72.14"," 72.66"," 73.50"," 72.10"," 72.10"," 72.25"," 72.70"," 27190"," 19.77"," 633"," 12449"," 45.79"
MENONBE," BE"," 13-Aug-2026"," 235.63"," 235.63"," 242.00"," 226.00"," 238.00"," 234.72"," 233.85"," 30039"," 70.25"," 943"," -"," -"
MEP," BZ"," 13-Aug-2026"," 0.60"," 0.61"," 0.61"," 0.61"," 0.61"," 0.61"," 0.61"," 3384"," 0.02"," 11"," -"," -"
MERCANTILE," EQ"," 13-Aug-2026"," 24.36"," 24.37"," 25.20"," 23.70"," 24.90"," 24.10"," 24.09"," 1609"," 0.39"," 30"," 1500"," 93.23"
MERCURYEV," EQ"," 13-Aug-2026"," 35.02"," 34.85"," 35.33"," 34.50"," 34.50"," 34.60"," 34.76"," 127947"," 44.48"," 618"," 113096"," 88.39"
METAL," EQ"," 13-Aug-2026"," 13.26"," 13.59"," 13.59"," 13.11"," 13.15"," 13.13"," 13.17"," 1926422"," 253.77"," 4660"," 1280984"," 66.50"
METALIC," SM"," 13-Aug-2026"," 108.90"," 109.00"," 117.00"," 107.00"," 115.50"," 114.15"," 114.21"," 265600"," 303.34"," 149"," 201600"," 75.90"
METALIETF," EQ"," 13-Aug-2026"," 13.24"," 13.57"," 13.57"," 13.08"," 13.15"," 13.10"," 13.14"," 6304711"," 828.70"," 9091"," 3760928"," 59.65"
METROBRAND," EQ"," 13-Aug-2026"," 937.80"," 934.20"," 954.90"," 934.20"," 947.00"," 943.80"," 943.55"," 29262"," 276.10"," 6571"," 14641"," 50.03"
METROGLOBL," EQ"," 13-Aug-2026"," 133.05"," 134.50"," 139.78"," 130.20"," 132.00"," 132.32"," 135.10"," 1663"," 2.25"," 42"," 1232"," 74.08"
METROPOLIS," EQ"," 13-Aug-2026"," 552.40"," 555.00"," 560.90"," 550.05"," 560.00"," 558.50"," 558.01"," 176823"," 986.68"," 16420"," 81523"," 46.10"
MFML," EQ"," 13-Aug-2026"," 18.64"," 18.25"," 19.90"," 18.25"," 19.10"," 19.23"," 19.25"," 5781"," 1.11"," 88"," 4196"," 72.58"
MFSL," EQ"," 13-Aug-2026"," 1516.00"," 1518.00"," 1518.00"," 1492.50"," 1512.40"," 1512.40"," 1509.74"," 477103"," 7203.04"," 21775"," 299170"," 62.71"
MGEL," BE"," 13-Aug-2026"," 14.45"," 14.44"," 14.45"," 14.20"," 14.38"," 14.28"," 14.31"," 34672"," 4.96"," 145"," -"," -"
MGL," EQ"," 13-Aug-2026"," 1118.50"," 1123.60"," 1136.00"," 1115.70"," 1126.60"," 1125.80"," 1126.12"," 136111"," 1532.77"," 8763"," 84055"," 61.75"
MGSL," SM"," 13-Aug-2026"," 70.50"," 70.50"," 74.00"," 68.30"," 68.30"," 68.40"," 70.61"," 24000"," 16.95"," 17"," 21600"," 90.00"
MHHL," SM"," 13-Aug-2026"," 35.15"," 35.15"," 35.50"," 35.15"," 35.50"," 35.30"," 35.33"," 3000"," 1.06"," 2"," 3000"," 100.00"
MHLXMIRU," EQ"," 13-Aug-2026"," 171.42"," 180.00"," 188.56"," 180.00"," 188.56"," 188.56"," 187.71"," 122297"," 229.56"," 970"," 76725"," 62.74"
MHRIL," EQ"," 13-Aug-2026"," 224.88"," 224.88"," 225.89"," 222.76"," 224.97"," 223.88"," 224.08"," 43362"," 97.16"," 2153"," 25584"," 59.00"
MICEL," BE"," 13-Aug-2026"," 36.12"," 35.74"," 36.43"," 35.74"," 36.40"," 36.31"," 36.16"," 128335"," 46.40"," 1086"," -"," -"
MICROPRO," SM"," 13-Aug-2026"," 19.00"," 18.15"," 18.15"," 18.15"," 18.15"," 18.15"," 18.15"," 1600"," 0.29"," 1"," 1600"," 100.00"
MID150," EQ"," 13-Aug-2026"," 23.81"," 24.29"," 24.29"," 23.83"," 23.92"," 23.91"," 23.91"," 48911"," 11.69"," 145"," 40977"," 83.78"
MID150BEES," EQ"," 13-Aug-2026"," 242.77"," 244.00"," 244.00"," 242.02"," 243.26"," 243.53"," 243.32"," 482738"," 1174.58"," 9188"," 265467"," 54.99"
MID150CASE," EQ"," 13-Aug-2026"," 11.80"," 11.94"," 11.94"," 11.71"," 11.83"," 11.83"," 11.82"," 1041650"," 123.09"," 2918"," 642047"," 61.64"
MIDBANKADD," EQ"," 13-Aug-2026"," 17.45"," 17.43"," 17.48"," 17.41"," 17.47"," 17.47"," 17.46"," 3959"," 0.69"," 15"," 2848"," 71.94"
MIDCAP," EQ"," 13-Aug-2026"," 18.72"," 18.88"," 18.98"," 18.66"," 18.74"," 18.74"," 18.74"," 277447"," 52.00"," 635"," 165773"," 59.75"
MIDCAPADD," EQ"," 13-Aug-2026"," 23.53"," 23.55"," 23.58"," 23.43"," 23.43"," 23.44"," 23.46"," 3146"," 0.74"," 27"," 2862"," 90.97"
MIDCAPBETA," EQ"," 13-Aug-2026"," 239.83"," 238.13"," 238.50"," 237.18"," 238.50"," 237.56"," 238.02"," 415"," 0.99"," 28"," 407"," 98.07"
MIDCAPETF," EQ"," 13-Aug-2026"," 23.99"," 24.10"," 24.10"," 24.00"," 24.05"," 24.01"," 24.03"," 1243192"," 298.78"," 3664"," 925993"," 74.49"
MIDCAPIETF," EQ"," 13-Aug-2026"," 24.28"," 24.88"," 24.88"," 24.28"," 24.38"," 24.36"," 24.35"," 279248"," 68.00"," 1758"," 182176"," 65.24"
MIDHANI," EQ"," 13-Aug-2026"," 408.45"," 407.80"," 456.60"," 398.80"," 446.00"," 444.85"," 444.28"," 16215062"," 72041.05"," 221921"," 1817484"," 11.21"
MIDQ50ADD," EQ"," 13-Aug-2026"," 25.63"," 25.51"," 25.76"," 25.51"," 25.53"," 25.54"," 25.59"," 25967"," 6.65"," 86"," 23865"," 91.91"
MIDSELIETF," EQ"," 13-Aug-2026"," 19.85"," 20.00"," 20.00"," 19.80"," 19.82"," 19.87"," 19.86"," 473332"," 94.01"," 507"," 336782"," 71.15"
MIDSMALL," EQ"," 13-Aug-2026"," 52.49"," 52.58"," 52.65"," 52.40"," 52.55"," 52.47"," 52.50"," 161764"," 84.92"," 787"," 104726"," 64.74"
MIDWESTLTD," EQ"," 13-Aug-2026"," 1112.40"," 1134.00"," 1144.00"," 1118.10"," 1125.10"," 1128.60"," 1129.50"," 17358"," 196.06"," 1762"," 9160"," 52.77"
MIEL," SM"," 13-Aug-2026"," 13.00"," 13.00"," 13.00"," 13.00"," 13.00"," 13.00"," 13.00"," 2000"," 0.26"," 1"," 2000"," 100.00"
MILTON," SM"," 13-Aug-2026"," 38.05"," 36.65"," 37.00"," 36.65"," 36.80"," 36.80"," 36.79"," 11000"," 4.05"," 5"," 4400"," 40.00"
MINDACORP," EQ"," 13-Aug-2026"," 736.30"," 744.35"," 758.70"," 706.55"," 711.00"," 712.05"," 735.10"," 2856496"," 20998.01"," 112334"," 570315"," 19.97"
MINDSPACE," RR"," 13-Aug-2026"," 494.68"," 496.00"," 497.57"," 487.95"," 495.73"," 494.69"," 493.79"," 393749"," 1944.29"," 9601"," 301916"," 76.68"
MINDTECK," EQ"," 13-Aug-2026"," 180.65"," 181.00"," 182.30"," 175.18"," 177.35"," 177.05"," 178.66"," 73816"," 131.88"," 1845"," 43997"," 59.60"
MIRZAINT," EQ"," 13-Aug-2026"," 32.16"," 32.05"," 32.78"," 31.80"," 32.20"," 32.14"," 32.19"," 227304"," 73.17"," 1020"," 133069"," 58.54"
MITCON," BE"," 13-Aug-2026"," 77.00"," 77.00"," 79.90"," 76.55"," 76.55"," 77.47"," 77.86"," 851"," 0.66"," 18"," -"," -"
MITTAL," EQ"," 13-Aug-2026"," 0.89"," 0.90"," 0.93"," 0.89"," 0.93"," 0.92"," 0.91"," 400814"," 3.64"," 247"," 262263"," 65.43"
MKPL," EQ"," 13-Aug-2026"," 4.18"," 4.22"," 4.22"," 4.13"," 4.16"," 4.17"," 4.18"," 116161"," 4.86"," 395"," 74714"," 64.32"
MMEL," ST"," 13-Aug-2026"," 25.90"," 25.95"," 25.95"," 24.65"," 24.80"," 24.80"," 24.87"," 46000"," 11.44"," 11"," 44000"," 95.65"
MMFL," EQ"," 13-Aug-2026"," 636.85"," 639.50"," 642.00"," 605.75"," 613.00"," 621.60"," 618.17"," 228142"," 1410.31"," 19430"," 137905"," 60.45"
MMP," EQ"," 13-Aug-2026"," 345.20"," 347.90"," 350.90"," 331.00"," 339.00"," 337.90"," 344.04"," 26433"," 90.94"," 1372"," 15413"," 58.31"
MMTC," EQ"," 13-Aug-2026"," 64.43"," 64.20"," 65.01"," 63.70"," 63.84"," 63.89"," 64.17"," 718713"," 461.20"," 4993"," 299677"," 41.70"
MMWL," EQ"," 13-Aug-2026"," 15.24"," 15.24"," 16.00"," 14.67"," 15.50"," 15.29"," 15.63"," 109629"," 17.13"," 235"," 81334"," 74.19"
MNC," EQ"," 13-Aug-2026"," 34.82"," 34.12"," 35.65"," 34.12"," 34.97"," 35.26"," 34.98"," 56855"," 19.89"," 361"," 39285"," 69.10"
MOALPHA50," EQ"," 13-Aug-2026"," 56.40"," 56.60"," 56.62"," 56.15"," 56.16"," 56.15"," 56.45"," 3526"," 1.99"," 40"," 3319"," 94.13"
MOBANK10," EQ"," 13-Aug-2026"," 16.95"," 17.28"," 17.28"," 16.76"," 17.10"," 17.07"," 17.04"," 19438"," 3.31"," 67"," 17912"," 92.15"
MOBIKWIK," EQ"," 13-Aug-2026"," 207.01"," 207.01"," 207.19"," 203.05"," 203.67"," 203.66"," 204.89"," 633284"," 1297.52"," 7452"," 316974"," 50.05"
MOBILISE," ST"," 13-Aug-2026"," 117.55"," 117.55"," 117.55"," 111.70"," 111.70"," 111.70"," 112.33"," 24000"," 26.96"," 14"," 24000"," 100.00"
MOCAPITAL," EQ"," 13-Aug-2026"," 53.64"," 53.71"," 54.18"," 53.54"," 53.76"," 53.72"," 53.77"," 1030375"," 554.08"," 1831"," 823030"," 79.88"
MODEFENCE," EQ"," 13-Aug-2026"," 105.70"," 105.71"," 107.55"," 105.64"," 107.20"," 107.46"," 106.91"," 1612675"," 1724.16"," 7800"," 1001873"," 62.12"
MODINATUR," BE"," 13-Aug-2026"," 390.00"," 393.00"," 398.75"," 388.00"," 398.40"," 398.05"," 393.00"," 1903"," 7.48"," 34"," -"," -"
MODIRUBBER," EQ"," 13-Aug-2026"," 120.85"," 120.85"," 121.13"," 113.30"," 120.00"," 119.36"," 117.30"," 5078"," 5.96"," 206"," 1720"," 33.87"
MODIS," EQ"," 13-Aug-2026"," 404.90"," 404.50"," 406.45"," 395.00"," 401.00"," 398.15"," 401.93"," 15398"," 61.89"," 690"," 9715"," 63.09"
MODISONLTD," BE"," 13-Aug-2026"," 308.80"," 314.00"," 324.20"," 310.50"," 324.20"," 323.00"," 320.75"," 311233"," 998.27"," 1738"," -"," -"
MODTHREAD," EQ"," 13-Aug-2026"," 45.91"," 45.51"," 45.61"," 45.00"," 45.35"," 45.36"," 45.23"," 248"," 0.11"," 15"," 110"," 44.35"
MOENERGY," EQ"," 13-Aug-2026"," 38.87"," 39.00"," 39.28"," 38.70"," 38.90"," 38.83"," 38.82"," 101949"," 39.58"," 616"," 83705"," 82.10"
MOGOLD," EQ"," 13-Aug-2026"," 151.30"," 151.30"," 151.30"," 149.55"," 150.00"," 150.45"," 150.47"," 101455"," 152.66"," 482"," 68231"," 67.25"
MOGSEC," EQ"," 13-Aug-2026"," 65.40"," 65.72"," 65.78"," 65.35"," 65.35"," 65.63"," 65.58"," 3357"," 2.20"," 37"," 1898"," 56.54"
MOHEALTH," EQ"," 13-Aug-2026"," 51.78"," 52.03"," 52.35"," 51.36"," 51.69"," 51.79"," 51.76"," 29296"," 15.16"," 464"," 17997"," 61.43"
MOHITIND," EQ"," 13-Aug-2026"," 25.20"," 24.50"," 25.69"," 24.41"," 24.50"," 24.53"," 24.70"," 12453"," 3.08"," 149"," 6109"," 49.06"
MOIL," EQ"," 13-Aug-2026"," 280.55"," 281.00"," 281.20"," 278.60"," 279.00"," 279.60"," 279.75"," 436428"," 1220.93"," 12073"," 197856"," 45.34"
MOINFRA," EQ"," 13-Aug-2026"," 60.03"," 60.00"," 60.15"," 59.49"," 59.90"," 60.03"," 59.75"," 1987"," 1.19"," 70"," 1881"," 94.67"
MOIPO," EQ"," 13-Aug-2026"," 48.49"," 48.06"," 49.04"," 47.97"," 48.96"," 48.96"," 48.89"," 9135"," 4.47"," 53"," 3792"," 41.51"
MOKSH," EQ"," 13-Aug-2026"," 10.54"," 10.45"," 10.90"," 10.17"," 10.66"," 10.61"," 10.58"," 41080"," 4.35"," 263"," 20436"," 49.75"
MOL," EQ"," 13-Aug-2026"," 57.29"," 57.45"," 58.90"," 57.01"," 57.77"," 57.98"," 58.08"," 1258893"," 731.11"," 7651"," 556304"," 44.19"
MOLDTECH," BE"," 13-Aug-2026"," 180.65"," 180.65"," 189.50"," 174.50"," 189.50"," 188.42"," 186.90"," 88358"," 165.14"," 687"," -"," -"
MOLDTKPAC," EQ"," 13-Aug-2026"," 685.45"," 689.00"," 695.90"," 680.05"," 693.00"," 694.40"," 689.17"," 36229"," 249.68"," 2079"," 25851"," 71.35"
MOLOWVOL," EQ"," 13-Aug-2026"," 37.33"," 37.26"," 38.50"," 37.11"," 37.41"," 37.57"," 37.24"," 56815"," 21.16"," 55"," 53796"," 94.69"
MOM100," EQ"," 13-Aug-2026"," 68.76"," 68.76"," 69.11"," 68.37"," 68.96"," 69.00"," 68.92"," 243897"," 168.10"," 1784"," 125944"," 51.64"
MOM30IETF," EQ"," 13-Aug-2026"," 31.85"," 31.92"," 31.96"," 31.64"," 31.80"," 31.72"," 31.76"," 523498"," 166.29"," 1616"," 361187"," 68.99"
MOM50," EQ"," 13-Aug-2026"," 255.88"," 255.88"," 257.18"," 254.75"," 255.26"," 256.40"," 255.59"," 3390"," 8.66"," 83"," 2429"," 71.65"
MOMENTUM," EQ"," 13-Aug-2026"," 31.70"," 31.84"," 31.84"," 31.47"," 31.55"," 31.57"," 31.60"," 49871"," 15.76"," 199"," 33319"," 66.81"
MOMENTUM30," EQ"," 13-Aug-2026"," 31.22"," 31.37"," 31.37"," 31.15"," 31.35"," 31.21"," 31.27"," 25872"," 8.09"," 56"," 14041"," 54.27"
MOMENTUM50," EQ"," 13-Aug-2026"," 54.72"," 54.72"," 55.00"," 54.35"," 54.50"," 54.67"," 54.63"," 352188"," 192.39"," 1555"," 216115"," 61.36"
MOMETAL," EQ"," 13-Aug-2026"," 13.16"," 13.13"," 13.13"," 13.03"," 13.08"," 13.04"," 13.08"," 4387"," 0.57"," 27"," 2704"," 61.64"
MOMGF," EQ"," 13-Aug-2026"," 165.54"," 166.31"," 171.00"," 165.31"," 166.33"," 167.42"," 165.70"," 926"," 1.53"," 20"," 501"," 54.10"
MOMIDMTM," EQ"," 13-Aug-2026"," 65.05"," 65.68"," 65.68"," 65.10"," 65.12"," 65.15"," 65.26"," 61834"," 40.35"," 264"," 43205"," 69.87"
MOMMIDCAP," EQ"," 13-Aug-2026"," 13.11"," 13.37"," 13.37"," 13.08"," 13.12"," 13.09"," 13.11"," 1103470"," 144.63"," 392"," 1054532"," 95.57"
MOMNC," EQ"," 13-Aug-2026"," 33.80"," 33.94"," 33.98"," 33.52"," 33.52"," 33.54"," 33.83"," 2074"," 0.70"," 19"," 1874"," 90.36"
MOMOMENTUM," EQ"," 13-Aug-2026"," 63.21"," 63.21"," 63.71"," 62.90"," 63.00"," 63.12"," 63.13"," 38148"," 24.08"," 335"," 24980"," 65.48"
MON100," EQ"," 13-Aug-2026"," 331.16"," 330.55"," 330.55"," 330.55"," 330.55"," 330.55"," 330.55"," 205118"," 678.02"," 831"," 205118"," 100.00"
MON50EQUAL," EQ"," 13-Aug-2026"," 34.08"," 34.00"," 34.00"," 33.76"," 33.94"," 33.94"," 33.89"," 3326"," 1.13"," 47"," 2759"," 82.95"
MONARCH," EQ"," 13-Aug-2026"," 377.75"," 377.75"," 381.90"," 374.95"," 376.80"," 379.35"," 378.43"," 65183"," 246.67"," 1999"," 28391"," 43.56"
MONEXT50," EQ"," 13-Aug-2026"," 74.54"," 74.69"," 74.69"," 74.10"," 74.10"," 74.29"," 74.42"," 5238"," 3.90"," 60"," 2696"," 51.47"
MONEYBOXX," EQ"," 13-Aug-2026"," 60.00"," 61.00"," 61.90"," 57.00"," 57.91"," 57.76"," 58.12"," 17484"," 10.16"," 264"," 12853"," 73.51"
MONIFTY100," EQ"," 13-Aug-2026"," 25.76"," 26.13"," 26.47"," 25.60"," 25.83"," 25.92"," 25.77"," 24244"," 6.25"," 90"," 12330"," 50.86"
MONIFTY500," EQ"," 13-Aug-2026"," 24.21"," 23.73"," 24.30"," 23.73"," 24.26"," 24.22"," 24.22"," 271574"," 65.78"," 1085"," 184602"," 67.97"
MONOLITH," SM"," 13-Aug-2026"," 935.80"," 977.95"," 983.85"," 940.05"," 966.00"," 967.60"," 966.10"," 29500"," 285.00"," 105"," 18500"," 62.71"
MONQ50," EQ"," 13-Aug-2026"," 148.20"," 148.63"," 148.63"," 148.63"," 148.63"," 148.63"," 148.63"," 17759"," 26.40"," 136"," 17759"," 100.00"
MONTECARLO," EQ"," 13-Aug-2026"," 500.45"," 502.40"," 507.45"," 498.25"," 504.00"," 504.70"," 502.68"," 30740"," 154.52"," 1375"," 19571"," 63.67"
MOOILGAS," EQ"," 13-Aug-2026"," 11.28"," 11.33"," 11.33"," 11.20"," 11.30"," 11.23"," 11.26"," 32230"," 3.63"," 41"," 32130"," 99.69"
MOPSE," EQ"," 13-Aug-2026"," 100.27"," 100.20"," 100.95"," 99.85"," 99.93"," 99.99"," 100.47"," 9438"," 9.48"," 28"," 7684"," 81.42"
MOQUALITY," EQ"," 13-Aug-2026"," 205.99"," 207.01"," 207.01"," 205.10"," 205.94"," 205.94"," 205.56"," 116"," 0.24"," 19"," 70"," 60.34"
MOREALTY," EQ"," 13-Aug-2026"," 88.66"," 88.87"," 90.16"," 88.46"," 90.09"," 89.94"," 89.67"," 460310"," 412.78"," 1838"," 256335"," 55.69"
MOREPENLAB," EQ"," 13-Aug-2026"," 73.46"," 73.75"," 81.87"," 73.53"," 81.60"," 80.89"," 79.91"," 51803828"," 41394.18"," 137873"," 7996156"," 15.44"
MOSCHIP," EQ"," 13-Aug-2026"," 205.19"," 207.00"," 213.75"," 204.80"," 211.10"," 210.49"," 209.49"," 2182335"," 4571.68"," 21352"," 777550"," 35.63"
MOSERVICE," EQ"," 13-Aug-2026"," 31.34"," 31.74"," 31.74"," 31.22"," 31.25"," 31.25"," 31.32"," 3003"," 0.94"," 40"," 2940"," 97.90"
MOSILVER," EQ"," 13-Aug-2026"," 233.02"," 232.97"," 232.97"," 227.54"," 229.50"," 228.92"," 229.65"," 50009"," 114.85"," 1502"," 7644"," 15.29"
MOSMALL250," EQ"," 13-Aug-2026"," 18.48"," 18.56"," 18.56"," 18.40"," 18.49"," 18.44"," 18.46"," 839714"," 155.05"," 1988"," 559346"," 66.61"
MOTHERSON," EQ"," 13-Aug-2026"," 169.50"," 170.37"," 171.27"," 167.14"," 167.40"," 167.40"," 168.74"," 12115017"," 20443.22"," 50354"," 6441409"," 53.17"
MOTILALOFS," EQ"," 13-Aug-2026"," 901.00"," 901.05"," 906.80"," 891.00"," 897.50"," 897.50"," 901.87"," 667170"," 6017.03"," 29286"," 298989"," 44.81"
MOTISONS," EQ"," 13-Aug-2026"," 13.60"," 14.00"," 14.74"," 13.92"," 14.57"," 14.62"," 14.41"," 72628410"," 10469.16"," 194116"," 12451989"," 17.14"
MOTOGENFIN," BE"," 13-Aug-2026"," 26.64"," 26.64"," 26.79"," 26.00"," 26.65"," 26.65"," 26.51"," 2448"," 0.65"," 31"," -"," -"
MOTOUR," EQ"," 13-Aug-2026"," 80.14"," 79.65"," 81.37"," 79.35"," 80.53"," 80.17"," 80.00"," 16418"," 13.13"," 216"," 7558"," 46.03"
MOVALUE," EQ"," 13-Aug-2026"," 115.78"," 115.88"," 115.97"," 115.05"," 115.05"," 115.22"," 115.24"," 35066"," 40.41"," 604"," 20979"," 59.83"
MPEL," ST"," 13-Aug-2026"," 36.75"," 35.15"," 35.15"," 34.95"," 34.95"," 35.05"," 35.07"," 4800"," 1.68"," 3"," 4800"," 100.00"
MPHASIS," EQ"," 13-Aug-2026"," 2537.60"," 2526.10"," 2541.00"," 2496.10"," 2541.00"," 2541.00"," 2518.40"," 306155"," 7710.22"," 26315"," 154897"," 50.59"
MPSLTD," EQ"," 13-Aug-2026"," 2871.90"," 2870.00"," 2876.90"," 2725.00"," 2760.00"," 2756.50"," 2789.99"," 30208"," 842.80"," 5162"," 18499"," 61.24"
MRF," EQ"," 13-Aug-2026"," 130785.00"," 131100.00"," 131345.00"," 130500.00"," 131000.00"," 130985.00"," 130995.92"," 2012"," 2635.64"," 1504"," 886"," 44.04"
MRIL," ST"," 13-Aug-2026"," 63.15"," 62.95"," 66.30"," 62.95"," 66.30"," 65.15"," 65.14"," 9600"," 6.25"," 6"," 9600"," 100.00"
MRPL," EQ"," 13-Aug-2026"," 175.38"," 174.70"," 174.99"," 171.90"," 174.00"," 174.38"," 173.68"," 4153716"," 7214.05"," 22597"," 1021536"," 24.59"
MSCI360," EQ"," 13-Aug-2026"," 10.29"," 10.30"," 10.31"," 10.25"," 10.28"," 10.28"," 10.29"," 937"," 0.10"," 12"," 937"," 100.00"
MSCIADD," EQ"," 13-Aug-2026"," 30.04"," 30.01"," 30.07"," 29.91"," 30.05"," 30.05"," 30.04"," 3114"," 0.94"," 24"," 2374"," 76.24"
MSCIINDIA," EQ"," 13-Aug-2026"," 30.37"," 30.37"," 30.39"," 30.25"," 30.28"," 30.33"," 30.33"," 3781"," 1.15"," 98"," 3495"," 92.44"
MSPL," EQ"," 13-Aug-2026"," 34.87"," 34.72"," 34.82"," 33.90"," 34.00"," 34.03"," 34.19"," 995964"," 340.54"," 3784"," 713931"," 71.68"
MSTCLTD," EQ"," 13-Aug-2026"," 588.85"," 588.85"," 594.65"," 572.75"," 584.00"," 580.70"," 583.37"," 200543"," 1169.90"," 6989"," 81877"," 40.83"
MSUMI," EQ"," 13-Aug-2026"," 41.04"," 41.00"," 41.31"," 40.16"," 40.50"," 40.44"," 40.56"," 8990639"," 3646.49"," 57025"," 5266745"," 58.58"
MTARTECH," BE"," 13-Aug-2026"," 7111.50"," 7311.50"," 7388.00"," 7165.00"," 7217.00"," 7234.00"," 7305.69"," 139395"," 10183.76"," 24677"," -"," -"
MTEDUCARE," BE"," 13-Aug-2026"," 1.96"," 2.00"," 2.00"," 1.87"," 1.96"," 1.89"," 1.90"," 41004"," 0.78"," 76"," -"," -"
MTNL," EQ"," 13-Aug-2026"," 26.99"," 26.96"," 27.78"," 26.40"," 26.44"," 26.54"," 26.94"," 1188471"," 320.17"," 4727"," 490593"," 41.28"
MUFIN," EQ"," 13-Aug-2026"," 135.40"," 136.30"," 139.38"," 135.75"," 136.98"," 136.47"," 137.48"," 1161510"," 1596.87"," 7429"," 362465"," 31.21"
MUFTI," EQ"," 13-Aug-2026"," 80.07"," 80.07"," 81.90"," 78.60"," 79.96"," 79.31"," 80.25"," 100423"," 80.59"," 1271"," 65151"," 64.88"
MUKANDLTD," EQ"," 13-Aug-2026"," 135.56"," 135.98"," 138.80"," 135.00"," 135.85"," 135.60"," 136.70"," 135492"," 185.22"," 2530"," 81529"," 60.17"
MUKKA," EQ"," 13-Aug-2026"," 24.18"," 27.78"," 28.23"," 25.51"," 26.25"," 26.16"," 26.62"," 5342396"," 1422.30"," 16041"," 1694813"," 31.72"
MUKTAARTS," BE"," 13-Aug-2026"," 56.56"," 57.50"," 58.00"," 54.17"," 57.83"," 57.83"," 56.32"," 1532"," 0.86"," 12"," -"," -"
MULTICAP," EQ"," 13-Aug-2026"," 16.94"," 16.94"," 17.14"," 16.92"," 16.92"," 16.93"," 16.95"," 141069"," 23.90"," 437"," 94906"," 67.28"
MUNISH," SM"," 13-Aug-2026"," 86.00"," 86.00"," 92.00"," 86.00"," 90.00"," 89.70"," 91.05"," 45600"," 41.52"," 34"," 43200"," 94.74"
MUNJALAU," EQ"," 13-Aug-2026"," 99.83"," 112.00"," 119.79"," 107.73"," 119.79"," 119.37"," 115.43"," 41518431"," 47924.68"," 160108"," 3166172"," 7.63"
MUNJALSHOW," EQ"," 13-Aug-2026"," 132.39"," 133.33"," 141.89"," 133.33"," 140.72"," 140.08"," 139.20"," 465783"," 648.38"," 4613"," 174075"," 37.37"
MURUDCERA," EQ"," 13-Aug-2026"," 31.80"," 31.65"," 31.65"," 30.50"," 30.53"," 30.57"," 30.74"," 30143"," 9.27"," 314"," 24780"," 82.21"
MUTHOOTCAP," EQ"," 13-Aug-2026"," 259.83"," 259.10"," 261.83"," 256.90"," 257.50"," 258.10"," 258.48"," 6024"," 15.57"," 374"," 3508"," 58.23"
MUTHOOTFIN," EQ"," 13-Aug-2026"," 2876.30"," 2890.00"," 2904.30"," 2865.20"," 2875.70"," 2875.70"," 2881.95"," 1175287"," 33871.19"," 42713"," 815509"," 69.39"
MUTHOOTMF," EQ"," 13-Aug-2026"," 213.06"," 214.76"," 215.18"," 209.23"," 210.10"," 210.95"," 211.38"," 409098"," 864.73"," 8182"," 208786"," 51.04"
MVELECTRO," EQ"," 13-Aug-2026"," 582.85"," 585.15"," 628.00"," 585.15"," 616.00"," 615.10"," 613.34"," 2823065"," 17315.03"," 64699"," 402685"," 14.26"
MVGJL," EQ"," 13-Aug-2026"," 155.89"," 158.19"," 163.47"," 154.22"," 156.50"," 155.54"," 158.31"," 107533"," 170.24"," 2664"," 54182"," 50.39"
MVKAGRO," SM"," 13-Aug-2026"," 253.60"," 240.95"," 240.95"," 240.95"," 240.95"," 240.95"," 240.95"," 69900"," 168.42"," 36"," 69900"," 100.00"
MWL," EQ"," 13-Aug-2026"," 41.59"," 41.91"," 42.00"," 41.02"," 41.53"," 41.28"," 41.53"," 687639"," 285.56"," 1636"," 350078"," 50.91"
MYMUDRA," SM"," 13-Aug-2026"," 73.35"," 76.25"," 76.30"," 75.00"," 75.00"," 75.85"," 76.06"," 10800"," 8.21"," 9"," 9600"," 88.89"
NACLIND," EQ"," 13-Aug-2026"," 171.27"," 171.64"," 173.65"," 169.03"," 172.24"," 172.19"," 170.56"," 450620"," 768.58"," 9539"," 199476"," 44.27"
NAGREEKCAP," EQ"," 13-Aug-2026"," 22.80"," 23.25"," 23.25"," 22.32"," 22.33"," 22.38"," 22.90"," 3838"," 0.88"," 49"," 3510"," 91.45"
NAGREEKEXP," EQ"," 13-Aug-2026"," 22.55"," 23.00"," 24.50"," 22.11"," 22.56"," 22.64"," 23.19"," 315474"," 73.17"," 1533"," 131947"," 41.82"
NAHARCAP," EQ"," 13-Aug-2026"," 256.15"," 263.99"," 263.99"," 256.54"," 256.75"," 257.70"," 259.63"," 1610"," 4.18"," 75"," 939"," 58.32"
NAHARINDUS," EQ"," 13-Aug-2026"," 119.95"," 118.00"," 122.69"," 118.00"," 121.05"," 120.29"," 120.37"," 19708"," 23.72"," 461"," 10805"," 54.83"
NAHARPOLY," EQ"," 13-Aug-2026"," 249.95"," 247.00"," 255.45"," 247.00"," 251.45"," 249.45"," 252.62"," 17775"," 44.90"," 658"," 12676"," 71.31"
NAHARSPING," EQ"," 13-Aug-2026"," 305.55"," 307.50"," 310.00"," 301.10"," 301.60"," 301.75"," 303.73"," 18638"," 56.61"," 702"," 13122"," 70.40"
NAM-INDIA," EQ"," 13-Aug-2026"," 1182.30"," 1180.30"," 1192.40"," 1166.40"," 1177.00"," 1177.00"," 1174.39"," 444047"," 5214.85"," 15161"," 242430"," 54.60"
NAMAN," SM"," 13-Aug-2026"," 42.15"," 40.50"," 40.95"," 40.50"," 40.95"," 40.95"," 40.67"," 2400"," 0.98"," 3"," 2400"," 100.00"
NAMOEWASTE," ST"," 13-Aug-2026"," 270.90"," 274.00"," 275.50"," 264.20"," 266.50"," 266.50"," 272.58"," 23200"," 63.24"," 28"," 21600"," 93.10"
NARMADA," EQ"," 13-Aug-2026"," 14.23"," 14.99"," 15.20"," 14.33"," 14.85"," 14.80"," 14.70"," 1394199"," 204.92"," 3635"," 360682"," 25.87"
NATCAPSUQ," EQ"," 13-Aug-2026"," 159.08"," 160.40"," 160.40"," 146.00"," 146.86"," 146.93"," 151.62"," 40288"," 61.09"," 1458"," 23807"," 59.09"
NATCOPHARM," EQ"," 13-Aug-2026"," 915.30"," 920.25"," 962.00"," 917.20"," 954.00"," 951.70"," 946.44"," 1200054"," 11357.78"," 56992"," 446269"," 37.19"
NATHBIOGEN," EQ"," 13-Aug-2026"," 154.63"," 155.08"," 155.93"," 154.01"," 155.10"," 155.08"," 155.02"," 9654"," 14.97"," 175"," 8373"," 86.73"
NATIONALUM," EQ"," 13-Aug-2026"," 420.00"," 410.50"," 413.65"," 400.00"," 400.50"," 400.50"," 406.92"," 9738984"," 39630.24"," 92495"," 4116080"," 42.26"
NATIONSTD," EQ"," 13-Aug-2026"," 164.50"," 156.28"," 156.28"," 156.28"," 156.28"," 156.28"," 156.28"," 2903"," 4.54"," 131"," 2903"," 100.00"
NAUKRI," EQ"," 13-Aug-2026"," 1339.00"," 1339.00"," 1369.40"," 1336.50"," 1357.30"," 1357.30"," 1351.28"," 1173878"," 15862.34"," 40810"," 577678"," 49.21"
NAVA," EQ"," 13-Aug-2026"," 589.20"," 586.80"," 594.90"," 572.50"," 576.00"," 581.15"," 586.67"," 277556"," 1628.33"," 11277"," 150574"," 54.25"
NAVINFLUOR," EQ"," 13-Aug-2026"," 8356.50"," 8356.50"," 8451.00"," 8257.00"," 8294.00"," 8294.00"," 8328.76"," 130718"," 10887.19"," 24309"," 66384"," 50.78"
NAVKARCORP," EQ"," 13-Aug-2026"," 100.05"," 99.49"," 100.84"," 98.90"," 99.00"," 99.11"," 99.58"," 169345"," 168.63"," 1677"," 119787"," 70.74"
NAVKARURB," BE"," 13-Aug-2026"," 1.00"," 1.00"," 1.01"," 0.96"," 1.01"," 1.00"," 0.98"," 272122"," 2.68"," 250"," -"," -"
NAVNETEDUL," EQ"," 13-Aug-2026"," 134.90"," 135.00"," 135.95"," 132.96"," 134.50"," 135.23"," 134.68"," 104816"," 141.17"," 2224"," 60044"," 57.29"
NAZARA," EQ"," 13-Aug-2026"," 352.20"," 352.00"," 358.90"," 350.00"," 355.90"," 355.20"," 355.07"," 1174739"," 4171.09"," 10324"," 601092"," 51.17"
NBCC," EQ"," 13-Aug-2026"," 92.17"," 92.26"," 93.13"," 91.90"," 92.07"," 92.07"," 92.36"," 4910033"," 4534.91"," 22344"," 1641333"," 33.43"
NBIFIN," EQ"," 13-Aug-2026"," 2105.50"," 2158.10"," 2199.00"," 2097.00"," 2159.60"," 2114.20"," 2149.70"," 631"," 13.56"," 115"," 184"," 29.16"
NCC," EQ"," 13-Aug-2026"," 143.41"," 143.11"," 145.10"," 143.11"," 144.95"," 144.72"," 144.11"," 723874"," 1043.14"," 10217"," 397581"," 54.92"
NCLIND," EQ"," 13-Aug-2026"," 173.23"," 173.23"," 175.09"," 172.12"," 173.25"," 173.64"," 173.65"," 31096"," 54.00"," 2422"," 19715"," 63.40"
NDGL," EQ"," 13-Aug-2026"," 2850.20"," 2910.00"," 3010.30"," 2750.00"," 2950.00"," 2918.70"," 2926.24"," 978"," 28.62"," 153"," 772"," 78.94"
NDL," EQ"," 13-Aug-2026"," 2.34"," 2.43"," 2.43"," 2.33"," 2.37"," 2.36"," 2.38"," 1247382"," 29.65"," 1112"," 731229"," 58.62"
NDLVENTURE," EQ"," 13-Aug-2026"," 127.03"," 127.56"," 130.63"," 126.10"," 127.99"," 127.35"," 128.93"," 9400"," 12.12"," 296"," 6960"," 74.04"
NDRAUTO," EQ"," 13-Aug-2026"," 809.85"," 800.00"," 828.00"," 800.00"," 806.05"," 808.80"," 809.31"," 13195"," 106.79"," 1069"," 6061"," 45.93"
NDTV," EQ"," 13-Aug-2026"," 76.11"," 76.11"," 76.93"," 76.11"," 76.50"," 76.37"," 76.53"," 40132"," 30.71"," 759"," 20967"," 52.25"
NEAGI," EQ"," 13-Aug-2026"," 3138.40"," 3138.40"," 3138.40"," 3138.40"," 3138.40"," 3138.40"," 3138.40"," 2"," 0.06"," 1"," 2"," 100.00"
NECCLTD," BE"," 13-Aug-2026"," 14.90"," 14.83"," 15.00"," 14.60"," 15.00"," 14.98"," 14.87"," 36041"," 5.36"," 121"," -"," -"
NECLIFE," BE"," 13-Aug-2026"," 10.80"," 10.99"," 11.34"," 10.90"," 11.34"," 11.34"," 11.28"," 296065"," 33.41"," 267"," -"," -"
NEELAM," SM"," 13-Aug-2026"," 8.15"," 7.80"," 8.40"," 7.80"," 8.40"," 8.40"," 8.24"," 108000"," 8.90"," 10"," 96000"," 88.89"
NELCAST," EQ"," 13-Aug-2026"," 119.70"," 119.17"," 120.64"," 117.15"," 118.13"," 118.63"," 119.44"," 111455"," 133.13"," 1683"," 52933"," 47.49"
NELCO," EQ"," 13-Aug-2026"," 974.10"," 984.40"," 1055.00"," 974.00"," 1044.20"," 1047.50"," 1029.72"," 1199381"," 12350.24"," 39922"," 391218"," 32.62"
NEOCHEM," ST"," 13-Aug-2026"," 91.00"," 90.00"," 90.00"," 89.80"," 89.80"," 89.80"," 89.87"," 7200"," 6.47"," 6"," 7200"," 100.00"
NEOGEN," EQ"," 13-Aug-2026"," 2068.20"," 2089.10"," 2166.50"," 2049.50"," 2132.00"," 2138.90"," 2129.08"," 130692"," 2782.54"," 20039"," 55215"," 42.25"
NEPHROCARE," ST"," 13-Aug-2026"," 87.65"," 92.00"," 92.00"," 91.00"," 92.00"," 92.00"," 91.98"," 125600"," 115.53"," 115"," 106800"," 85.03"
NEPHROPLUS," EQ"," 13-Aug-2026"," 679.15"," 684.60"," 692.00"," 671.80"," 680.90"," 675.90"," 680.48"," 123321"," 839.18"," 11561"," 62939"," 51.04"
NEPTUNE," SM"," 13-Aug-2026"," 180.00"," 180.00"," 180.00"," 178.00"," 179.95"," 179.95"," 179.22"," 5000"," 8.96"," 10"," 4500"," 90.00"
NESCO," EQ"," 13-Aug-2026"," 1043.90"," 1041.10"," 1053.00"," 1034.80"," 1038.00"," 1041.20"," 1040.90"," 10049"," 104.60"," 1489"," 7031"," 69.97"
NESTLEIND," EQ"," 13-Aug-2026"," 1507.00"," 1513.20"," 1520.90"," 1494.80"," 1506.90"," 1506.90"," 1505.63"," 1892413"," 28492.74"," 41666"," 1034447"," 54.66"
NETF," EQ"," 13-Aug-2026"," 265.30"," 265.30"," 265.53"," 264.10"," 265.50"," 265.40"," 264.94"," 910"," 2.41"," 114"," 475"," 52.20"
NETWEB," EQ"," 13-Aug-2026"," 4837.40"," 4860.00"," 5200.00"," 4860.00"," 5193.00"," 5181.00"," 5106.35"," 3457670"," 176560.88"," 251165"," 723530"," 20.93"
NETWORK18," EQ"," 13-Aug-2026"," 28.71"," 28.64"," 29.33"," 28.62"," 28.90"," 29.01"," 29.08"," 1987198"," 577.95"," 6589"," 834124"," 41.97"
NEUEON," BE"," 13-Aug-2026"," 15.54"," 16.31"," 16.31"," 16.31"," 16.31"," 16.31"," 16.31"," 42683"," 6.96"," 53"," -"," -"
NEULANDLAB," EQ"," 13-Aug-2026"," 22510.00"," 22723.00"," 23250.00"," 22527.00"," 23100.00"," 23207.00"," 22918.65"," 96590"," 22137.13"," 32587"," 46084"," 47.71"
NEWGEN," EQ"," 13-Aug-2026"," 535.20"," 538.00"," 545.60"," 534.00"," 543.50"," 542.40"," 541.87"," 441203"," 2390.75"," 14223"," 164056"," 37.18"
NEWJAISA," ST"," 13-Aug-2026"," 17.10"," 17.40"," 17.40"," 17.40"," 17.40"," 17.40"," 17.40"," 1500"," 0.26"," 1"," 1500"," 100.00"
NEXT30ADD," EQ"," 13-Aug-2026"," 43.88"," 43.85"," 43.97"," 43.67"," 43.97"," 43.96"," 43.72"," 4069"," 1.78"," 52"," 3770"," 92.65"
NEXT50," EQ"," 13-Aug-2026"," 767.82"," 774.00"," 774.00"," 768.01"," 771.07"," 770.52"," 770.18"," 11818"," 91.02"," 369"," 7320"," 61.94"
NEXT50ADD," EQ"," 13-Aug-2026"," 74.80"," 75.13"," 75.13"," 74.80"," 75.10"," 75.10"," 75.06"," 1266"," 0.95"," 22"," 693"," 54.74"
NEXT50BETA," EQ"," 13-Aug-2026"," 80.29"," 80.81"," 80.89"," 79.76"," 80.25"," 80.10"," 80.36"," 153533"," 123.37"," 436"," 142279"," 92.67"
NEXT50ETF," EQ"," 13-Aug-2026"," 75.37"," 75.58"," 75.59"," 74.90"," 75.29"," 75.26"," 75.15"," 22208"," 16.69"," 107"," 19266"," 86.75"
NEXT50IETF," EQ"," 13-Aug-2026"," 78.61"," 79.33"," 79.33"," 78.16"," 79.00"," 78.87"," 78.77"," 416931"," 328.40"," 3361"," 282471"," 67.75"
NEXTMEDIA," EQ"," 13-Aug-2026"," 3.79"," 3.79"," 3.87"," 3.79"," 3.86"," 3.83"," 3.84"," 9709"," 0.37"," 63"," 8703"," 89.64"
NFL," EQ"," 13-Aug-2026"," 71.92"," 73.00"," 74.00"," 72.00"," 72.40"," 72.30"," 72.82"," 1456527"," 1060.68"," 7353"," 479531"," 32.92"
NFPSAMPOOR," SM"," 13-Aug-2026"," 22.70"," 22.45"," 22.60"," 22.10"," 22.60"," 22.35"," 22.27"," 24000"," 5.35"," 10"," 22000"," 91.67"
NGIL," BE"," 13-Aug-2026"," 40.78"," 40.50"," 42.00"," 39.48"," 41.84"," 41.98"," 41.85"," 242556"," 101.51"," 89"," -"," -"
NGLFINE," EQ"," 13-Aug-2026"," 3409.00"," 3517.90"," 3570.00"," 3408.50"," 3427.00"," 3435.50"," 3492.41"," 15607"," 545.06"," 3133"," 6944"," 44.49"
NH," EQ"," 13-Aug-2026"," 1831.30"," 1831.40"," 1852.70"," 1822.30"," 1832.90"," 1831.00"," 1832.85"," 212265"," 3890.49"," 29222"," 142757"," 67.25"
NHIT," IV"," 13-Aug-2026"," 170.00"," 168.00"," 168.00"," 168.00"," 168.00"," 168.00"," 168.00"," 25000"," 42.00"," 1"," 25000"," 100.00"
NHPC," EQ"," 13-Aug-2026"," 76.85"," 76.85"," 78.10"," 76.41"," 77.50"," 77.50"," 77.46"," 10137748"," 7852.72"," 26280"," 5883820"," 58.04"
NIACL," EQ"," 13-Aug-2026"," 181.09"," 180.81"," 183.78"," 179.73"," 180.75"," 180.65"," 181.09"," 799452"," 1447.74"," 12114"," 190072"," 23.78"
NIBE," EQ"," 13-Aug-2026"," 1445.70"," 1452.90"," 1503.80"," 1443.10"," 1496.00"," 1494.00"," 1472.82"," 84516"," 1244.77"," 6518"," 50447"," 59.69"
NIBL," EQ"," 13-Aug-2026"," 32.94"," 33.00"," 33.46"," 32.50"," 32.50"," 32.57"," 32.57"," 13032"," 4.24"," 273"," 8118"," 62.29"
NIDAN," SM"," 13-Aug-2026"," 13.80"," 13.05"," 13.05"," 13.00"," 13.00"," 13.00"," 13.03"," 2000"," 0.26"," 2"," 2000"," 100.00"
NIF100BEES," EQ"," 13-Aug-2026"," 271.56"," 272.40"," 272.40"," 270.33"," 271.00"," 271.23"," 271.08"," 22439"," 60.83"," 689"," 11564"," 51.54"
NIF100IETF," EQ"," 13-Aug-2026"," 28.56"," 28.50"," 28.73"," 28.45"," 28.56"," 28.55"," 28.54"," 36545"," 10.43"," 1220"," 19332"," 52.90"
NIFTY1," EQ"," 13-Aug-2026"," 270.87"," 270.87"," 273.87"," 270.16"," 270.60"," 270.72"," 270.79"," 58070"," 157.25"," 1116"," 36553"," 62.95"
NIFTY100EW," EQ"," 13-Aug-2026"," 35.71"," 36.42"," 36.42"," 35.74"," 35.95"," 35.85"," 35.86"," 76448"," 27.41"," 160"," 48310"," 63.19"
NIFTYADD," EQ"," 13-Aug-2026"," 258.35"," 257.04"," 257.69"," 256.45"," 257.40"," 256.96"," 257.06"," 10866"," 27.93"," 143"," 9432"," 86.80"
NIFTYAXIS," EQ"," 13-Aug-2026"," 270.50"," 273.50"," 273.50"," 269.45"," 270.35"," 270.16"," 270.09"," 28851"," 77.92"," 153"," 7717"," 26.75"
NIFTYBEES," EQ"," 13-Aug-2026"," 278.32"," 278.74"," 278.79"," 277.51"," 278.30"," 278.16"," 278.11"," 3640004"," 10123.12"," 29988"," 2335662"," 64.17"
NIFTYBETA," EQ"," 13-Aug-2026"," 270.65"," 270.65"," 271.89"," 269.82"," 270.94"," 270.72"," 271.18"," 128257"," 347.81"," 300"," 122254"," 95.32"
NIFTYBETF," EQ"," 13-Aug-2026"," 250.72"," 251.12"," 251.78"," 250.20"," 251.11"," 251.27"," 251.15"," 15597"," 39.17"," 104"," 12880"," 82.58"
NIFTYCASE," EQ"," 13-Aug-2026"," 9.80"," 9.84"," 9.84"," 9.76"," 9.80"," 9.78"," 9.80"," 480159"," 47.03"," 1200"," 299448"," 62.36"
NIFTYETF," EQ"," 13-Aug-2026"," 265.57"," 265.06"," 265.95"," 265.01"," 265.15"," 265.33"," 265.41"," 246734"," 654.85"," 783"," 203259"," 82.38"
NIFTYIETF," EQ"," 13-Aug-2026"," 276.80"," 282.34"," 282.34"," 276.01"," 277.10"," 276.76"," 276.59"," 546851"," 1512.56"," 10177"," 363222"," 66.42"
NIFTYQLITY," EQ"," 13-Aug-2026"," 21.83"," 21.93"," 21.98"," 21.80"," 21.95"," 21.94"," 21.88"," 34711"," 7.60"," 175"," 21962"," 63.27"
NIITLTD," EQ"," 13-Aug-2026"," 93.70"," 93.75"," 97.92"," 93.75"," 96.15"," 96.39"," 96.74"," 446923"," 432.37"," 3551"," 194270"," 43.47"
NIITMTS," EQ"," 13-Aug-2026"," 243.73"," 245.76"," 247.40"," 235.10"," 245.00"," 242.63"," 244.15"," 61613"," 150.43"," 2113"," 31952"," 51.86"
NIKITA," SM"," 13-Aug-2026"," 73.45"," 73.50"," 73.50"," 73.50"," 73.50"," 73.50"," 73.50"," 82800"," 60.86"," 5"," 82800"," 100.00"
NILAINFRA," EQ"," 13-Aug-2026"," 7.29"," 7.21"," 7.43"," 7.15"," 7.25"," 7.22"," 7.23"," 263571"," 19.04"," 414"," 181207"," 68.75"
NILASPACES," EQ"," 13-Aug-2026"," 12.09"," 12.22"," 12.39"," 11.80"," 12.09"," 11.93"," 12.10"," 393393"," 47.59"," 756"," 235285"," 59.81"
NILE," EQ"," 13-Aug-2026"," 1592.90"," 1624.00"," 1624.80"," 1531.00"," 1554.00"," 1536.60"," 1548.43"," 5956"," 92.22"," 823"," 4069"," 68.32"
NILKAMAL," EQ"," 13-Aug-2026"," 1859.30"," 1857.10"," 1941.00"," 1839.30"," 1940.00"," 1932.70"," 1907.90"," 89573"," 1708.96"," 9764"," 36924"," 41.22"
NIMBSPROJ," EQ"," 13-Aug-2026"," 184.99"," 180.00"," 180.00"," 177.00"," 177.00"," 177.16"," 178.09"," 341"," 0.61"," 15"," 252"," 73.90"
NINSYS," EQ"," 13-Aug-2026"," 720.30"," 719.30"," 740.30"," 695.00"," 708.00"," 716.50"," 714.75"," 5039"," 36.02"," 297"," 4074"," 80.85"
NIPPOBATRY," EQ"," 13-Aug-2026"," 327.95"," 328.00"," 334.70"," 322.50"," 327.00"," 325.60"," 327.99"," 3162"," 10.37"," 230"," 2104"," 66.54"
NIRAJ," BE"," 13-Aug-2026"," 29.19"," 29.05"," 29.90"," 28.11"," 29.00"," 29.47"," 29.06"," 66613"," 19.36"," 88"," -"," -"
NIRAJISPAT," EQ"," 13-Aug-2026"," 211.00"," 200.00"," 211.00"," 200.00"," 211.00"," 211.00"," 200.56"," 21"," 0.04"," 7"," 21"," 100.00"
NIRLON," EQ"," 13-Aug-2026"," 637.55"," 642.25"," 649.00"," 621.20"," 626.00"," 628.65"," 629.53"," 4856"," 30.57"," 430"," 2846"," 58.61"
NIRMAN," SM"," 13-Aug-2026"," 31.95"," 31.25"," 32.00"," 31.00"," 32.00"," 32.00"," 31.60"," 12600"," 3.98"," 36"," 11100"," 88.10"
NITCO," EQ"," 13-Aug-2026"," 96.81"," 94.00"," 95.48"," 90.36"," 92.14"," 91.86"," 92.30"," 1484594"," 1370.29"," 12181"," 818651"," 55.14"
NITINSPIN," EQ"," 13-Aug-2026"," 537.80"," 539.60"," 545.00"," 525.55"," 532.95"," 531.90"," 536.40"," 81900"," 439.31"," 3601"," 43276"," 52.84"
NITIRAJ," EQ"," 13-Aug-2026"," 208.50"," 205.25"," 222.00"," 205.05"," 206.25"," 208.17"," 215.23"," 9677"," 20.83"," 279"," 4346"," 44.91"
NITTAGELA," EQ"," 13-Aug-2026"," 1582.70"," 1614.40"," 1614.40"," 1566.20"," 1579.00"," 1575.90"," 1579.91"," 5317"," 84.00"," 1882"," 3862"," 72.63"
NIVABUPA," EQ"," 13-Aug-2026"," 84.09"," 84.00"," 84.50"," 83.43"," 84.49"," 84.18"," 83.90"," 775161"," 650.35"," 8254"," 596501"," 76.95"
NKIND," EQ"," 13-Aug-2026"," 60.25"," 55.21"," 61.89"," 55.21"," 61.88"," 60.78"," 58.23"," 104"," 0.06"," 15"," 46"," 44.23"
NLCINDIA," EQ"," 13-Aug-2026"," 276.75"," 275.05"," 277.90"," 272.95"," 274.50"," 274.35"," 275.12"," 1993671"," 5485.00"," 36098"," 1033613"," 51.84"
NMDC," EQ"," 13-Aug-2026"," 85.90"," 85.89"," 85.89"," 84.59"," 85.00"," 85.00"," 85.02"," 10993967"," 9346.71"," 44945"," 6493681"," 59.07"
NMSTEEL," SM"," 13-Aug-2026"," 23.10"," 22.80"," 23.10"," 22.80"," 23.10"," 23.10"," 22.90"," 4800"," 1.10"," 3"," 4800"," 100.00"
NOCIL," EQ"," 13-Aug-2026"," 163.44"," 163.41"," 165.39"," 162.50"," 162.65"," 162.85"," 163.76"," 173584"," 284.26"," 2660"," 80826"," 46.56"
NOIDATOLL," BE"," 13-Aug-2026"," 4.09"," 4.01"," 4.24"," 3.91"," 4.18"," 4.15"," 4.09"," 161460"," 6.61"," 218"," -"," -"
NORBTEAEXP," EQ"," 13-Aug-2026"," 62.34"," 62.03"," 63.00"," 60.01"," 60.01"," 60.82"," 61.11"," 434"," 0.27"," 38"," 224"," 51.61"
NORTHARC," EQ"," 13-Aug-2026"," 284.20"," 284.00"," 288.80"," 283.00"," 286.00"," 286.50"," 285.93"," 641539"," 1834.35"," 12905"," 393544"," 61.34"
NOVAAGRI," BE"," 13-Aug-2026"," 24.74"," 25.50"," 25.50"," 24.10"," 24.60"," 25.11"," 24.95"," 32745"," 8.17"," 196"," -"," -"
NOVARTIND," EQ"," 13-Aug-2026"," 1591.70"," 1597.90"," 1603.70"," 1541.00"," 1554.00"," 1548.30"," 1559.67"," 12632"," 197.02"," 2229"," 7212"," 57.09"
NPBET," EQ"," 13-Aug-2026"," 282.97"," 283.19"," 283.74"," 282.00"," 283.17"," 283.17"," 282.89"," 252"," 0.71"," 15"," 214"," 84.92"
NPST," EQ"," 13-Aug-2026"," 1537.20"," 1567.40"," 1686.90"," 1530.10"," 1645.00"," 1635.50"," 1642.60"," 152470"," 2504.47"," 13743"," 66868"," 43.86"
NRAIL," EQ"," 13-Aug-2026"," 522.60"," 526.40"," 526.40"," 501.00"," 502.80"," 504.85"," 510.94"," 15998"," 81.74"," 922"," 12766"," 79.80"
NRBBEARING," EQ"," 13-Aug-2026"," 461.65"," 461.95"," 469.85"," 456.90"," 467.25"," 467.20"," 463.10"," 328028"," 1519.09"," 10559"," 130852"," 39.89"
NRL," BE"," 13-Aug-2026"," 115.25"," 117.00"," 117.00"," 117.00"," 117.00"," 117.00"," 117.00"," 46219"," 54.08"," 161"," -"," -"
NRVANDANA," ST"," 13-Aug-2026"," 69.70"," 69.70"," 69.95"," 66.25"," 69.40"," 69.45"," 67.70"," 69000"," 46.71"," 20"," 57000"," 82.61"
NSIL," EQ"," 13-Aug-2026"," 5513.50"," 5540.00"," 5590.00"," 5483.50"," 5491.00"," 5494.50"," 5522.09"," 1155"," 63.78"," 387"," 656"," 56.80"
NSLNISP," EQ"," 13-Aug-2026"," 44.00"," 44.00"," 45.48"," 43.89"," 45.45"," 45.29"," 44.96"," 5726749"," 2574.48"," 19333"," 2761085"," 48.21"
NTPC," EQ"," 13-Aug-2026"," 339.45"," 338.05"," 344.25"," 338.00"," 344.25"," 344.25"," 341.28"," 9672695"," 33011.05"," 62711"," 4196200"," 43.38"
NTPCGREEN," EQ"," 13-Aug-2026"," 92.46"," 92.47"," 92.85"," 92.10"," 92.40"," 92.36"," 92.37"," 1616085"," 1492.77"," 12471"," 810705"," 50.16"
NUCLEUS," EQ"," 13-Aug-2026"," 692.75"," 693.15"," 746.00"," 693.00"," 715.75"," 716.80"," 719.75"," 191716"," 1379.88"," 9774"," 64681"," 33.74"
NURECA," BE"," 13-Aug-2026"," 340.30"," 340.30"," 355.00"," 340.30"," 343.70"," 344.60"," 349.31"," 15489"," 54.10"," 381"," -"," -"
NUVAMA," EQ"," 13-Aug-2026"," 1696.70"," 1725.20"," 1741.90"," 1690.00"," 1708.00"," 1704.90"," 1706.75"," 311804"," 5321.73"," 22279"," 167457"," 53.71"
NUVOCO," EQ"," 13-Aug-2026"," 333.90"," 336.25"," 338.85"," 331.50"," 337.70"," 337.00"," 335.36"," 200577"," 672.65"," 9282"," 102693"," 51.20"
NV20," EQ"," 13-Aug-2026"," 14.21"," 14.21"," 14.21"," 14.06"," 14.18"," 14.15"," 14.15"," 640533"," 90.66"," 215"," 562234"," 87.78"
NV20BEES," EQ"," 13-Aug-2026"," 142.61"," 141.90"," 141.97"," 140.88"," 141.80"," 141.39"," 141.16"," 19858"," 28.03"," 280"," 11723"," 59.03"
NV20IETF," EQ"," 13-Aug-2026"," 13.79"," 13.79"," 13.87"," 13.74"," 13.77"," 13.78"," 13.77"," 160220"," 22.06"," 1521"," 109920"," 68.61"
NXST," RR"," 13-Aug-2026"," 166.93"," 166.27"," 170.50"," 166.05"," 168.65"," 168.88"," 167.93"," 237437"," 398.74"," 2593"," 193081"," 81.32"
NYKAA," EQ"," 13-Aug-2026"," 328.05"," 324.50"," 332.95"," 323.70"," 331.15"," 331.15"," 330.73"," 7272421"," 24052.15"," 42538"," 5129759"," 70.54"
OAL," EQ"," 13-Aug-2026"," 364.60"," 366.15"," 368.45"," 355.40"," 356.10"," 356.65"," 359.97"," 9172"," 33.02"," 508"," 5740"," 62.58"
OBCL," EQ"," 13-Aug-2026"," 53.00"," 53.10"," 54.80"," 53.10"," 53.50"," 53.50"," 53.37"," 66103"," 35.28"," 51"," 64314"," 97.29"
OBEROIRLTY," EQ"," 13-Aug-2026"," 1799.90"," 1797.90"," 1852.10"," 1776.30"," 1846.00"," 1846.00"," 1822.65"," 824579"," 15029.16"," 27114"," 446865"," 54.19"
OBSCP," SM"," 13-Aug-2026"," 789.95"," 819.00"," 852.00"," 810.00"," 820.00"," 819.05"," 827.77"," 168800"," 1397.27"," 377"," 119600"," 70.85"
OCCLLTD," BE"," 13-Aug-2026"," 148.61"," 148.59"," 152.00"," 143.80"," 150.00"," 149.50"," 149.21"," 56245"," 83.92"," 412"," -"," -"
ODIGMA," EQ"," 13-Aug-2026"," 22.31"," 22.86"," 22.98"," 22.30"," 22.80"," 22.54"," 22.65"," 12200"," 2.76"," 290"," 9336"," 76.52"
OFSS," EQ"," 13-Aug-2026"," 11679.00"," 11650.00"," 11686.00"," 11350.00"," 11420.00"," 11420.00"," 11495.57"," 116582"," 13401.77"," 22445"," 50361"," 43.20"
OIL," EQ"," 13-Aug-2026"," 472.00"," 473.00"," 480.30"," 469.20"," 479.80"," 479.80"," 477.35"," 1972181"," 9414.18"," 30952"," 869264"," 44.08"
OILCOUNTUB," BE"," 13-Aug-2026"," 58.23"," 59.39"," 60.00"," 58.01"," 60.00"," 59.80"," 59.16"," 13300"," 7.87"," 38"," -"," -"
OILIETF," EQ"," 13-Aug-2026"," 11.42"," 11.49"," 11.49"," 11.35"," 11.39"," 11.38"," 11.38"," 1372292"," 156.21"," 2029"," 977369"," 71.22"
OLAELEC," EQ"," 13-Aug-2026"," 39.86"," 40.00"," 40.41"," 39.25"," 39.55"," 39.67"," 39.93"," 29228414"," 11671.79"," 58651"," 8228500"," 28.15"
OLECTRA," EQ"," 13-Aug-2026"," 1383.60"," 1389.00"," 1414.40"," 1360.60"," 1393.20"," 1393.50"," 1402.64"," 452108"," 6341.47"," 25098"," 177126"," 39.18"
OLIL," SM"," 13-Aug-2026"," 419.00"," 414.50"," 416.90"," 412.15"," 412.25"," 415.75"," 414.93"," 2400"," 9.96"," 4"," 2000"," 83.33"
OMAXAUTO," EQ"," 13-Aug-2026"," 207.28"," 207.25"," 207.96"," 200.20"," 206.00"," 203.57"," 204.27"," 54397"," 111.12"," 853"," 36054"," 66.28"
OMAXE," EQ"," 13-Aug-2026"," 81.98"," 89.00"," 98.37"," 86.51"," 98.37"," 98.37"," 95.91"," 19398685"," 18604.91"," 48968"," 3404712"," 17.55"
OMFREIGHT," BE"," 13-Aug-2026"," 95.89"," 95.89"," 98.45"," 94.45"," 98.00"," 98.06"," 96.39"," 36375"," 35.06"," 166"," -"," -"
OMFURN," SM"," 13-Aug-2026"," 57.45"," 57.00"," 57.00"," 57.00"," 57.00"," 57.00"," 57.00"," 4800"," 2.74"," 4"," 4800"," 100.00"
OMINFRAL," EQ"," 13-Aug-2026"," 88.29"," 88.29"," 91.00"," 85.40"," 86.35"," 86.27"," 87.68"," 198217"," 173.80"," 3094"," 78365"," 39.53"
OMNI," EQ"," 13-Aug-2026"," 573.35"," 572.85"," 599.70"," 568.20"," 586.20"," 586.50"," 587.71"," 1176240"," 6912.91"," 35074"," 262521"," 22.32"
OMPOWER," EQ"," 13-Aug-2026"," 160.20"," 160.65"," 172.00"," 160.00"," 171.45"," 170.73"," 167.25"," 465260"," 778.17"," 6999"," 203664"," 43.77"
ONDOOR," SM"," 13-Aug-2026"," 235.00"," 236.00"," 246.00"," 222.00"," 244.00"," 243.70"," 237.38"," 35700"," 84.75"," 75"," 18300"," 51.26"
ONELIFECAP," BE"," 13-Aug-2026"," 30.61"," 30.55"," 32.14"," 29.30"," 32.14"," 32.14"," 31.25"," 70263"," 21.96"," 336"," -"," -"
ONEPOINT," EQ"," 13-Aug-2026"," 59.99"," 62.43"," 62.43"," 58.70"," 59.10"," 59.42"," 60.51"," 2559416"," 1548.59"," 13029"," 1067760"," 41.72"
ONESOURCE," EQ"," 13-Aug-2026"," 1539.20"," 1539.00"," 1592.00"," 1527.10"," 1565.10"," 1571.30"," 1569.54"," 98933"," 1552.80"," 12093"," 46690"," 47.19"
ONGC," EQ"," 13-Aug-2026"," 239.05"," 239.00"," 240.55"," 238.11"," 239.90"," 239.90"," 239.46"," 7266320"," 17400.04"," 82177"," 4136393"," 56.93"
ONIDA," EQ"," 13-Aug-2026"," 37.10"," 37.44"," 37.44"," 36.12"," 36.12"," 36.51"," 36.72"," 262960"," 96.56"," 1455"," 192053"," 73.04"
ONMOBILE," BE"," 13-Aug-2026"," 65.62"," 64.31"," 64.31"," 64.31"," 64.31"," 64.31"," 64.31"," 9764"," 6.28"," 88"," -"," -"
ONWARDTEC," EQ"," 13-Aug-2026"," 285.90"," 287.55"," 288.70"," 284.05"," 287.90"," 287.40"," 285.99"," 18732"," 53.57"," 933"," 11502"," 61.40"
ONYX," ST"," 13-Aug-2026"," 44.65"," 44.00"," 45.45"," 43.05"," 44.00"," 44.00"," 44.05"," 44000"," 19.38"," 17"," 44000"," 100.00"
OPTIEMUS," EQ"," 13-Aug-2026"," 558.25"," 564.30"," 568.00"," 550.60"," 556.60"," 552.25"," 558.54"," 140007"," 782.00"," 4329"," 74732"," 53.38"
OPTIVALUE," ST"," 13-Aug-2026"," 160.05"," 167.00"," 168.05"," 167.00"," 168.05"," 168.05"," 167.92"," 12800"," 21.49"," 8"," 12800"," 100.00"
ORBTEXP," BE"," 13-Aug-2026"," 260.98"," 247.94"," 247.94"," 247.94"," 247.94"," 247.94"," 247.94"," 3819"," 9.47"," 63"," -"," -"
ORCHASP," EQ"," 13-Aug-2026"," 1.48"," 1.50"," 1.50"," 1.43"," 1.48"," 1.48"," 1.46"," 277534"," 4.06"," 220"," 212051"," 76.41"
ORCHPHARMA," EQ"," 13-Aug-2026"," 1063.30"," 1074.50"," 1078.50"," 1023.20"," 1045.00"," 1033.90"," 1050.51"," 55834"," 586.54"," 5757"," 25343"," 45.39"
ORIANA," SM"," 13-Aug-2026"," 1374.35"," 1398.95"," 1398.95"," 1301.00"," 1336.00"," 1337.30"," 1340.95"," 56550"," 758.31"," 601"," 35775"," 63.26"
ORICONENT," EQ"," 13-Aug-2026"," 52.66"," 53.88"," 53.88"," 50.78"," 52.00"," 51.79"," 51.80"," 30857"," 15.98"," 757"," 19862"," 64.37"
ORIENTALTL," EQ"," 13-Aug-2026"," 5.05"," 5.14"," 5.14"," 5.00"," 5.05"," 5.05"," 5.05"," 44952"," 2.27"," 221"," 30182"," 67.14"
ORIENTBELL," EQ"," 13-Aug-2026"," 361.95"," 367.70"," 367.70"," 356.50"," 357.05"," 357.30"," 359.44"," 19097"," 68.64"," 1093"," 10400"," 54.46"
ORIENTCEM," EQ"," 13-Aug-2026"," 133.55"," 133.55"," 134.30"," 132.00"," 132.25"," 132.76"," 133.09"," 180646"," 240.42"," 1850"," 97383"," 53.91"
ORIENTCER," EQ"," 13-Aug-2026"," 41.75"," 41.41"," 42.24"," 41.40"," 41.80"," 41.60"," 41.50"," 15677"," 6.51"," 215"," 12934"," 82.50"
ORIENTELEC," EQ"," 13-Aug-2026"," 189.79"," 190.00"," 192.55"," 187.81"," 190.70"," 190.27"," 190.18"," 225471"," 428.80"," 4489"," 124012"," 55.00"
ORIENTHOT," EQ"," 13-Aug-2026"," 126.53"," 126.80"," 127.34"," 123.09"," 123.80"," 123.72"," 124.53"," 393643"," 490.18"," 2944"," 292263"," 74.25"
ORIENTLTD," BE"," 13-Aug-2026"," 76.00"," 75.81"," 75.81"," 75.00"," 75.01"," 75.01"," 75.28"," 6591"," 4.96"," 29"," -"," -"
ORIENTPPR," EQ"," 13-Aug-2026"," 17.16"," 17.21"," 17.30"," 17.00"," 17.01"," 17.01"," 17.10"," 163511"," 27.96"," 629"," 101588"," 62.13"
ORIENTTECH," EQ"," 13-Aug-2026"," 260.00"," 260.20"," 264.95"," 253.00"," 253.55"," 254.75"," 256.84"," 218055"," 560.05"," 4922"," 101093"," 46.36"
ORISSAMINE," EQ"," 13-Aug-2026"," 4839.40"," 4935.00"," 5190.00"," 4802.00"," 5000.00"," 5003.70"," 5040.99"," 189174"," 9536.25"," 31665"," 23871"," 12.62"
ORKLAINDIA," EQ"," 13-Aug-2026"," 551.35"," 552.10"," 557.00"," 541.35"," 546.80"," 543.30"," 547.28"," 72204"," 395.16"," 6883"," 45156"," 62.54"
ORTINGLOBE," EQ"," 13-Aug-2026"," 15.40"," 15.83"," 16.17"," 15.06"," 15.65"," 16.00"," 15.98"," 37996"," 6.07"," 79"," 20907"," 55.02"
OSELDEVICE," SM"," 13-Aug-2026"," 401.95"," 403.65"," 403.65"," 380.00"," 384.20"," 383.30"," 394.87"," 37600"," 148.47"," 103"," 33200"," 88.30"
OSIAHYPER," BE"," 13-Aug-2026"," 2.59"," 2.57"," 2.57"," 2.50"," 2.53"," 2.53"," 2.53"," 401649"," 10.14"," 507"," -"," -"
OSWALAGRO," EQ"," 13-Aug-2026"," 37.40"," 37.40"," 38.00"," 37.11"," 37.87"," 37.66"," 37.55"," 21522"," 8.08"," 394"," 16707"," 77.63"
OSWALGREEN," EQ"," 13-Aug-2026"," 21.05"," 21.09"," 21.56"," 21.05"," 21.30"," 21.33"," 21.34"," 64799"," 13.82"," 450"," 39442"," 60.87"
OSWALPUMPS," EQ"," 13-Aug-2026"," 301.15"," 302.65"," 308.75"," 302.65"," 307.90"," 307.35"," 306.56"," 334263"," 1024.73"," 6411"," 156618"," 46.85"
OSWALSEEDS," EQ"," 13-Aug-2026"," 9.99"," 10.19"," 10.25"," 10.02"," 10.17"," 10.13"," 10.15"," 19844"," 2.01"," 161"," 18684"," 94.15"
OWAIS," ST"," 13-Aug-2026"," 87.30"," 86.90"," 86.90"," 82.95"," 83.00"," 82.95"," 83.27"," 50100"," 41.72"," 269"," 41500"," 82.83"
PACEDIGITK," EQ"," 13-Aug-2026"," 183.21"," 183.00"," 184.00"," 180.00"," 181.20"," 180.93"," 181.42"," 493462"," 895.24"," 5352"," 256589"," 52.00"
PAGEIND," EQ"," 13-Aug-2026"," 38295.00"," 37980.00"," 38155.00"," 36410.00"," 36520.00"," 36520.00"," 37276.11"," 121002"," 45104.84"," 44970"," 43399"," 35.87"
PAISALO," EQ"," 13-Aug-2026"," 68.75"," 68.71"," 70.20"," 68.25"," 70.11"," 69.94"," 69.52"," 10539333"," 7327.36"," 20910"," 3351376"," 31.80"
PAKKA," EQ"," 13-Aug-2026"," 70.76"," 70.51"," 75.78"," 70.00"," 74.96"," 74.64"," 73.45"," 90201"," 66.25"," 1128"," 62791"," 69.61"
PALASHSECU," EQ"," 13-Aug-2026"," 89.62"," 90.00"," 91.00"," 88.10"," 90.34"," 90.34"," 89.63"," 437"," 0.39"," 84"," 362"," 82.84"
PALREDTEC," BE"," 13-Aug-2026"," 50.79"," 52.50"," 53.30"," 51.10"," 51.35"," 51.35"," 51.69"," 7300"," 3.77"," 36"," -"," -"
PANACEABIO," EQ"," 13-Aug-2026"," 399.85"," 400.05"," 417.70"," 393.95"," 414.00"," 414.20"," 406.56"," 238205"," 968.46"," 6223"," 129535"," 54.38"
PANACHE," BE"," 13-Aug-2026"," 490.55"," 488.20"," 501.00"," 466.05"," 500.00"," 499.80"," 477.60"," 22383"," 106.90"," 233"," -"," -"
PANAMAPET," EQ"," 13-Aug-2026"," 480.55"," 490.00"," 518.00"," 478.60"," 487.00"," 488.20"," 497.07"," 5602552"," 27848.49"," 113955"," 686725"," 12.26"
PANSARI," EQ"," 13-Aug-2026"," 322.50"," 309.00"," 330.00"," 309.00"," 313.05"," 316.15"," 318.80"," 471"," 1.50"," 77"," 231"," 49.04"
PAR," EQ"," 13-Aug-2026"," 103.14"," 104.80"," 104.80"," 97.51"," 99.30"," 99.41"," 100.06"," 16422"," 16.43"," 322"," 9923"," 60.43"
PARACABLES," EQ"," 13-Aug-2026"," 68.22"," 69.36"," 70.70"," 66.25"," 68.50"," 68.69"," 68.93"," 2515201"," 1733.61"," 15835"," 1198092"," 47.63"
PARADEEP," EQ"," 13-Aug-2026"," 147.18"," 147.68"," 148.99"," 146.89"," 147.30"," 147.21"," 147.49"," 1273638"," 1878.44"," 13871"," 567464"," 44.55"
PARAGMILK," EQ"," 13-Aug-2026"," 215.79"," 215.00"," 219.47"," 214.50"," 217.60"," 218.12"," 217.75"," 175834"," 382.89"," 3443"," 84990"," 48.34"
PARAMATRIX," SM"," 13-Aug-2026"," 56.00"," 56.00"," 56.00"," 56.00"," 56.00"," 56.00"," 56.00"," 1200"," 0.67"," 1"," 1200"," 100.00"
PARAS," EQ"," 13-Aug-2026"," 1280.70"," 1282.00"," 1354.10"," 1280.10"," 1346.50"," 1342.20"," 1320.84"," 1643001"," 21701.46"," 59561"," 662046"," 40.29"
PARASPETRO," EQ"," 13-Aug-2026"," 2.41"," 2.42"," 2.49"," 2.40"," 2.45"," 2.44"," 2.43"," 108604"," 2.64"," 263"," 64603"," 59.48"
PARIN," SM"," 13-Aug-2026"," 697.95"," 728.00"," 728.00"," 728.00"," 728.00"," 728.00"," 728.00"," 250"," 1.82"," 1"," 250"," 100.00"
PARKHOSPS," EQ"," 13-Aug-2026"," 283.20"," 287.00"," 287.00"," 280.50"," 280.50"," 281.10"," 282.11"," 276317"," 779.52"," 5739"," 162752"," 58.90"
PARKHOTELS," EQ"," 13-Aug-2026"," 118.90"," 119.00"," 122.20"," 117.00"," 120.00"," 120.85"," 118.65"," 133053"," 157.87"," 2351"," 43393"," 32.61"
PARSVNATH," BE"," 13-Aug-2026"," 1.56"," 1.53"," 1.53"," 1.53"," 1.53"," 1.53"," 1.53"," 89816"," 1.37"," 144"," -"," -"
PARTH," SM"," 13-Aug-2026"," 500.90"," 500.00"," 500.00"," 489.00"," 499.85"," 499.85"," 497.28"," 4000"," 19.89"," 9"," 3200"," 80.00"
PARTYCRUS," SM"," 13-Aug-2026"," 85.00"," 71.60"," 84.00"," 71.60"," 83.00"," 83.00"," 79.74"," 7000"," 5.58"," 6"," 4000"," 57.14"
PASHUPATI," EQ"," 13-Aug-2026"," 83.90"," 85.00"," 85.00"," 83.90"," 84.30"," 84.23"," 84.41"," 110677"," 93.42"," 1516"," 5883"," 5.32"
PASUPTAC," BE"," 13-Aug-2026"," 60.79"," 62.00"," 62.00"," 59.00"," 60.35"," 60.41"," 60.76"," 29884"," 18.16"," 229"," -"," -"
PATANJALI," EQ"," 13-Aug-2026"," 352.60"," 351.50"," 354.00"," 346.90"," 353.85"," 353.85"," 349.94"," 1531460"," 5359.23"," 20695"," 218804"," 14.29"
PATELENG," EQ"," 13-Aug-2026"," 29.19"," 29.22"," 29.33"," 28.41"," 28.62"," 28.57"," 28.78"," 3244810"," 933.98"," 8537"," 2041079"," 62.90"
PATELRMART," EQ"," 13-Aug-2026"," 220.18"," 220.18"," 221.00"," 214.01"," 215.00"," 215.51"," 216.53"," 39126"," 84.72"," 1187"," 24137"," 61.69"
PATILAUTOM," ST"," 13-Aug-2026"," 218.70"," 218.70"," 221.00"," 211.50"," 216.00"," 216.70"," 217.76"," 16800"," 36.58"," 26"," 12600"," 75.00"
PATINTLOG," BE"," 13-Aug-2026"," 13.99"," 14.30"," 14.55"," 13.75"," 13.92"," 13.82"," 13.93"," 39562"," 5.51"," 175"," -"," -"
PAUSHAKLTD," EQ"," 13-Aug-2026"," 697.30"," 709.90"," 769.30"," 709.85"," 751.00"," 745.45"," 742.14"," 180465"," 1339.30"," 9450"," 55686"," 30.86"
PAVNAIND," EQ"," 13-Aug-2026"," 18.74"," 18.65"," 19.75"," 18.60"," 19.20"," 19.07"," 19.14"," 66438"," 12.72"," 302"," 45192"," 68.02"
PAYTM," EQ"," 13-Aug-2026"," 1610.00"," 1610.20"," 1649.50"," 1597.70"," 1649.50"," 1649.50"," 1627.01"," 3077608"," 50072.94"," 74604"," 1137282"," 36.95"
PCBL," EQ"," 13-Aug-2026"," 316.45"," 316.00"," 318.60"," 314.00"," 314.45"," 314.70"," 316.26"," 491242"," 1553.59"," 9326"," 233701"," 47.57"
PCCL," SM"," 13-Aug-2026"," 309.00"," 302.00"," 305.00"," 301.00"," 305.00"," 302.85"," 304.55"," 12000"," 36.55"," 18"," 11600"," 96.67"
PCJEWELLER," EQ"," 13-Aug-2026"," 9.80"," 9.77"," 9.77"," 9.51"," 9.57"," 9.57"," 9.64"," 100543408"," 9690.53"," 42912"," 36569090"," 36.37"
PDMJEPAPER," EQ"," 13-Aug-2026"," 90.46"," 90.46"," 91.78"," 90.00"," 90.45"," 90.53"," 90.85"," 110830"," 100.69"," 1481"," 73105"," 65.96"
PDSL," EQ"," 13-Aug-2026"," 379.40"," 378.55"," 380.20"," 370.10"," 373.00"," 372.15"," 376.06"," 61693"," 232.00"," 3030"," 31886"," 51.68"
PEARLPOLY," EQ"," 13-Aug-2026"," 16.79"," 16.85"," 17.34"," 16.56"," 17.00"," 16.92"," 16.88"," 8075"," 1.36"," 55"," 7063"," 87.47"
PELATRO," SM"," 13-Aug-2026"," 293.90"," 299.45"," 299.50"," 287.50"," 299.40"," 299.40"," 298.15"," 3900"," 11.63"," 10"," 2700"," 69.23"
PENIND," EQ"," 13-Aug-2026"," 159.70"," 160.80"," 160.80"," 149.00"," 158.12"," 158.34"," 154.25"," 1682617"," 2595.47"," 17988"," 559310"," 33.24"
PENINLAND," BE"," 13-Aug-2026"," 15.60"," 15.51"," 15.51"," 15.32"," 15.50"," 15.50"," 15.39"," 27752"," 4.27"," 68"," -"," -"
PENTAGON," SM"," 13-Aug-2026"," 52.05"," 52.90"," 52.90"," 52.90"," 52.90"," 52.90"," 52.90"," 1000"," 0.53"," 1"," 1000"," 100.00"
PERSISTENT," EQ"," 13-Aug-2026"," 5474.00"," 5470.50"," 5529.00"," 5406.00"," 5523.00"," 5523.00"," 5496.32"," 237282"," 13041.78"," 16107"," 105225"," 44.35"
PETRONET," EQ"," 13-Aug-2026"," 279.85"," 279.25"," 287.40"," 273.00"," 279.30"," 279.30"," 278.90"," 2380081"," 6637.99"," 43229"," 694199"," 29.17"
PFC," EQ"," 13-Aug-2026"," 376.50"," 377.90"," 378.95"," 374.00"," 378.95"," 378.95"," 376.22"," 8785489"," 33053.19"," 76134"," 6015361"," 68.47"
PFIZER," EQ"," 13-Aug-2026"," 5017.60"," 5045.80"," 5050.40"," 4941.30"," 4998.00"," 4990.40"," 4991.93"," 16223"," 809.84"," 3907"," 9505"," 58.59"
PFOCUS," EQ"," 13-Aug-2026"," 268.00"," 270.75"," 277.40"," 266.00"," 276.40"," 274.30"," 272.28"," 536759"," 1461.48"," 8745"," 285500"," 53.19"
PFS," EQ"," 13-Aug-2026"," 28.83"," 28.75"," 29.15"," 28.50"," 28.50"," 28.62"," 28.80"," 346995"," 99.95"," 2057"," 254244"," 73.27"
PGEL," EQ"," 13-Aug-2026"," 614.65"," 610.30"," 615.30"," 603.00"," 615.00"," 615.00"," 609.13"," 1981830"," 12072.00"," 43280"," 879841"," 44.40"
PGHH," EQ"," 13-Aug-2026"," 8446.00"," 8450.00"," 8520.00"," 8405.50"," 8470.00"," 8487.00"," 8471.64"," 8438"," 714.84"," 2160"," 4595"," 54.46"
PGHL," EQ"," 13-Aug-2026"," 5950.50"," 5950.50"," 5989.50"," 5906.00"," 5920.00"," 5923.50"," 5945.35"," 5584"," 331.99"," 1468"," 3468"," 62.11"
PGIL," EQ"," 13-Aug-2026"," 2480.40"," 2500.00"," 2500.00"," 2445.00"," 2445.00"," 2464.90"," 2477.78"," 52612"," 1303.61"," 10027"," 24153"," 45.91"
PGINVIT," IV"," 13-Aug-2026"," 100.02"," 100.68"," 100.75"," 99.21"," 99.86"," 99.83"," 99.93"," 1365545"," 1364.56"," 7263"," 1162287"," 85.12"
PHANTOMFX," SM"," 13-Aug-2026"," 140.40"," 140.45"," 142.00"," 125.00"," 125.20"," 125.40"," 129.50"," 118500"," 153.45"," 301"," 79500"," 67.09"
PHARMABEES," EQ"," 13-Aug-2026"," 27.43"," 26.74"," 27.49"," 26.74"," 27.49"," 27.45"," 27.41"," 2446424"," 670.65"," 9157"," 1675750"," 68.50"
PHOENIXLTD," EQ"," 13-Aug-2026"," 1905.00"," 1892.00"," 1903.40"," 1875.70"," 1898.50"," 1898.50"," 1890.43"," 389199"," 7357.55"," 19842"," 236563"," 60.78"
PICCADIL," EQ"," 13-Aug-2026"," 692.40"," 700.45"," 700.45"," 656.10"," 663.50"," 660.50"," 678.36"," 568919"," 3859.33"," 21517"," 277290"," 48.74"
PIDILITIND," EQ"," 13-Aug-2026"," 1701.50"," 1701.50"," 1702.90"," 1682.10"," 1696.10"," 1696.10"," 1690.49"," 570793"," 9649.19"," 25246"," 364210"," 63.81"
PIGL," EQ"," 13-Aug-2026"," 112.52"," 113.20"," 113.23"," 106.50"," 107.66"," 107.18"," 107.85"," 89220"," 96.22"," 1340"," 62622"," 70.19"
PIIND," EQ"," 13-Aug-2026"," 2483.00"," 2483.90"," 2507.00"," 2474.40"," 2494.30"," 2494.30"," 2488.27"," 352284"," 8765.79"," 23908"," 116630"," 33.11"
PILANIINVS," EQ"," 13-Aug-2026"," 4365.00"," 4750.00"," 4750.00"," 4502.00"," 4505.10"," 4533.50"," 4615.79"," 14238"," 657.20"," 2273"," 5994"," 42.10"
PILITA," EQ"," 13-Aug-2026"," 8.31"," 8.27"," 8.55"," 8.00"," 8.11"," 8.25"," 8.16"," 78693"," 6.42"," 409"," 63808"," 81.08"
PINELABS," EQ"," 13-Aug-2026"," 169.93"," 170.63"," 170.63"," 166.00"," 166.45"," 166.58"," 167.76"," 8283720"," 13896.64"," 62939"," 3398345"," 41.02"
PIONEEREMB," EQ"," 13-Aug-2026"," 22.77"," 23.02"," 23.40"," 22.91"," 23.10"," 23.10"," 23.27"," 6158"," 1.43"," 64"," 5641"," 91.60"
PIONRINV," BE"," 13-Aug-2026"," 89.02"," 88.58"," 88.58"," 84.57"," 84.99"," 84.99"," 84.59"," 3271"," 2.77"," 44"," -"," -"
PIRAMALFIN," EQ"," 13-Aug-2026"," 2073.30"," 2085.30"," 2090.40"," 2048.20"," 2066.00"," 2069.60"," 2065.33"," 69526"," 1435.94"," 8025"," 34291"," 49.32"
PITTIENG," EQ"," 13-Aug-2026"," 1044.10"," 1055.00"," 1093.50"," 1049.30"," 1064.95"," 1061.80"," 1070.52"," 344293"," 3685.72"," 20319"," 154026"," 44.74"
PIXTRANS," EQ"," 13-Aug-2026"," 1947.00"," 1958.00"," 2020.90"," 1915.40"," 1921.90"," 1925.60"," 1969.66"," 52636"," 1036.75"," 5637"," 18895"," 35.90"
PKTEA," EQ"," 13-Aug-2026"," 691.00"," 691.00"," 691.00"," 690.00"," 690.00"," 690.00"," 690.17"," 30"," 0.21"," 2"," 30"," 100.00"
PLADAINFO," SM"," 13-Aug-2026"," 10.00"," 9.50"," 9.50"," 9.50"," 9.50"," 9.50"," 9.50"," 3000"," 0.29"," 1"," 3000"," 100.00"
PLASTIBLEN," EQ"," 13-Aug-2026"," 201.48"," 202.48"," 204.15"," 194.21"," 197.00"," 196.03"," 197.65"," 58604"," 115.83"," 2038"," 33260"," 56.75"
PLATIND," EQ"," 13-Aug-2026"," 220.59"," 216.51"," 221.45"," 216.51"," 219.68"," 217.80"," 218.02"," 15551"," 33.90"," 850"," 7047"," 45.32"
PLAZACABLE," EQ"," 13-Aug-2026"," 51.15"," 53.49"," 53.70"," 51.15"," 53.70"," 53.70"," 53.17"," 163020"," 86.68"," 1443"," 107887"," 66.18"
PML," EQ"," 13-Aug-2026"," 495.75"," 488.00"," 511.85"," 488.00"," 505.00"," 500.00"," 490.53"," 160"," 0.78"," 20"," 152"," 95.00"
PNB," EQ"," 13-Aug-2026"," 118.98"," 118.62"," 119.35"," 117.31"," 117.59"," 117.59"," 118.36"," 10028318"," 11869.60"," 42936"," 4436793"," 44.24"
PNBGILTS," EQ"," 13-Aug-2026"," 80.41"," 80.80"," 80.99"," 79.25"," 79.56"," 79.52"," 80.18"," 186581"," 149.60"," 1720"," 139222"," 74.62"
PNBHOUSING," EQ"," 13-Aug-2026"," 1157.60"," 1153.00"," 1171.40"," 1141.00"," 1164.80"," 1164.80"," 1164.85"," 547660"," 6379.40"," 42537"," 249229"," 45.51"
PNC," EQ"," 13-Aug-2026"," 18.90"," 18.90"," 19.80"," 17.50"," 18.25"," 18.10"," 18.28"," 25792"," 4.72"," 605"," 15114"," 58.60"
PNCINFRA," EQ"," 13-Aug-2026"," 223.26"," 223.01"," 223.14"," 213.30"," 219.65"," 219.39"," 217.34"," 834982"," 1814.73"," 24793"," 398946"," 47.78"
PNGJL," EQ"," 13-Aug-2026"," 617.00"," 621.95"," 634.55"," 618.65"," 627.85"," 628.20"," 630.21"," 349748"," 2204.16"," 17172"," 206483"," 59.04"
PNGSREVA," EQ"," 13-Aug-2026"," 620.75"," 620.75"," 633.00"," 585.05"," 602.75"," 608.50"," 608.65"," 646125"," 3932.67"," 29656"," 171668"," 26.57"
POCL," EQ"," 13-Aug-2026"," 489.60"," 492.80"," 504.00"," 486.00"," 495.20"," 494.05"," 495.28"," 537711"," 2663.16"," 10513"," 266755"," 49.61"
PODDARMENT," EQ"," 13-Aug-2026"," 263.55"," 255.00"," 269.65"," 255.00"," 266.95"," 267.60"," 259.03"," 3998"," 10.36"," 205"," 1434"," 35.87"
POKARNA," EQ"," 13-Aug-2026"," 988.95"," 992.00"," 1008.45"," 956.95"," 966.00"," 968.70"," 977.00"," 69873"," 682.66"," 4056"," 32852"," 47.02"
POLICYBZR," EQ"," 13-Aug-2026"," 1739.00"," 1729.80"," 1749.60"," 1715.50"," 1744.00"," 1744.00"," 1737.76"," 1121235"," 19484.37"," 39108"," 678180"," 60.49"
POLYCAB," EQ"," 13-Aug-2026"," 9289.00"," 9316.00"," 9385.00"," 9280.50"," 9297.00"," 9297.00"," 9329.04"," 210485"," 19636.24"," 25400"," 118050"," 56.08"
POLYMED," EQ"," 13-Aug-2026"," 1869.40"," 1865.10"," 1867.00"," 1804.40"," 1809.20"," 1812.80"," 1832.31"," 122895"," 2251.81"," 14057"," 63612"," 51.76"
POLYPLEX," EQ"," 13-Aug-2026"," 1185.50"," 1201.00"," 1203.70"," 1161.00"," 1168.60"," 1167.20"," 1178.18"," 85409"," 1006.27"," 4813"," 48821"," 57.16"
POLYSIL," SM"," 13-Aug-2026"," 78.55"," 74.65"," 74.65"," 74.65"," 74.65"," 74.65"," 74.65"," 6000"," 4.48"," 12"," 6000"," 100.00"
PONNIERODE," EQ"," 13-Aug-2026"," 328.30"," 330.00"," 342.00"," 330.00"," 339.40"," 337.75"," 337.75"," 31786"," 107.36"," 1139"," 20545"," 64.64"
POONAWALLA," EQ"," 13-Aug-2026"," 484.10"," 481.80"," 505.00"," 481.65"," 503.50"," 502.70"," 496.24"," 2426507"," 12041.21"," 51698"," 1413860"," 58.27"
POSITRON," SM"," 13-Aug-2026"," 169.55"," 170.00"," 170.00"," 165.00"," 166.25"," 166.90"," 167.20"," 6000"," 10.03"," 20"," 5400"," 90.00"
POWERGRID," EQ"," 13-Aug-2026"," 269.45"," 269.00"," 269.00"," 266.05"," 266.60"," 266.60"," 267.19"," 9715149"," 25957.58"," 113947"," 6079117"," 62.57"
POWERICA," EQ"," 13-Aug-2026"," 559.35"," 560.95"," 580.40"," 553.00"," 574.00"," 572.80"," 570.77"," 257852"," 1471.73"," 10402"," 126112"," 48.91"
POWERINDIA," EQ"," 13-Aug-2026"," 35800.00"," 35900.00"," 35920.00"," 35130.00"," 35360.00"," 35360.00"," 35475.58"," 59842"," 21229.30"," 18829"," 27089"," 45.27"
POWERMECH," EQ"," 13-Aug-2026"," 2407.00"," 2401.70"," 2468.00"," 2401.70"," 2460.00"," 2459.90"," 2447.09"," 58426"," 1429.73"," 10036"," 29122"," 49.84"
PPAP," BE"," 13-Aug-2026"," 299.05"," 298.90"," 298.90"," 285.10"," 290.70"," 289.75"," 291.85"," 22757"," 66.42"," 343"," -"," -"
PPL," BE"," 13-Aug-2026"," 265.00"," 264.00"," 269.50"," 256.00"," 266.00"," 264.40"," 262.15"," 29674"," 77.79"," 396"," -"," -"
PPLPHARMA," EQ"," 13-Aug-2026"," 210.24"," 210.25"," 216.93"," 209.37"," 212.45"," 212.67"," 212.97"," 2244388"," 4779.90"," 24129"," 867619"," 38.66"
PPSL," SM"," 13-Aug-2026"," 3.30"," 3.30"," 3.40"," 3.15"," 3.15"," 3.15"," 3.19"," 105000"," 3.35"," 29"," 99000"," 94.29"
PRABHA," EQ"," 13-Aug-2026"," 158.60"," 158.10"," 161.88"," 155.15"," 155.50"," 156.31"," 157.82"," 12896"," 20.35"," 323"," 8544"," 66.25"
PRADPME," BE"," 13-Aug-2026"," 506.80"," 505.00"," 514.90"," 490.25"," 498.00"," 498.35"," 502.50"," 9662"," 48.55"," 136"," -"," -"
PRAENG," EQ"," 13-Aug-2026"," 19.86"," 19.84"," 20.19"," 19.61"," 20.00"," 19.79"," 19.93"," 18275"," 3.64"," 73"," 17679"," 96.74"
PRAJIND," EQ"," 13-Aug-2026"," 324.35"," 325.00"," 327.85"," 320.10"," 321.85"," 321.55"," 324.31"," 383091"," 1242.42"," 12634"," 166682"," 43.51"
PRAKASH," EQ"," 13-Aug-2026"," 122.02"," 122.00"," 123.80"," 121.37"," 121.80"," 122.53"," 122.61"," 241358"," 295.92"," 2742"," 138274"," 57.29"
PRAKASHSTL," EQ"," 13-Aug-2026"," 3.99"," 3.99"," 4.01"," 3.96"," 3.98"," 3.96"," 3.97"," 56870"," 2.26"," 222"," 36249"," 63.74"
PRAMARA," SM"," 13-Aug-2026"," 107.45"," 110.00"," 110.00"," 106.10"," 108.00"," 107.90"," 107.24"," 26500"," 28.42"," 24"," 25000"," 94.34"
PRATHAM," SM"," 13-Aug-2026"," 122.00"," 120.50"," 120.50"," 119.20"," 119.50"," 119.50"," 119.51"," 2800"," 3.35"," 4"," 2800"," 100.00"
PRAVEG," EQ"," 13-Aug-2026"," 272.10"," 265.00"," 280.00"," 265.00"," 277.00"," 277.60"," 276.00"," 22820"," 62.98"," 828"," 12866"," 56.38"
PRAXIS," EQ"," 13-Aug-2026"," 6.92"," 6.72"," 6.99"," 6.61"," 6.69"," 6.68"," 6.70"," 102115"," 6.84"," 147"," 88391"," 86.56"
PRECAM," EQ"," 13-Aug-2026"," 134.83"," 135.00"," 137.69"," 134.50"," 134.95"," 135.17"," 135.88"," 87385"," 118.74"," 2014"," 38054"," 43.55"
PRECISION," ST"," 13-Aug-2026"," 8.15"," 7.75"," 8.55"," 7.75"," 8.50"," 8.50"," 8.09"," 110000"," 8.90"," 16"," 108000"," 98.18"
PRECOT," EQ"," 13-Aug-2026"," 799.15"," 825.00"," 899.00"," 736.10"," 748.00"," 771.40"," 834.24"," 83139"," 693.58"," 3697"," 21414"," 25.76"
PRECWIRE," EQ"," 13-Aug-2026"," 422.30"," 421.00"," 474.90"," 420.95"," 466.10"," 468.65"," 463.87"," 6856445"," 31804.74"," 137534"," 1063726"," 15.51"
PREMCO," EQ"," 13-Aug-2026"," 380.60"," 381.00"," 388.00"," 375.60"," 380.00"," 377.35"," 379.07"," 4616"," 17.50"," 84"," 4523"," 97.99"
PREMEXPLN," EQ"," 13-Aug-2026"," 651.15"," 650.00"," 658.90"," 649.55"," 657.00"," 657.05"," 654.60"," 124768"," 816.73"," 3279"," 82528"," 66.15"
PREMIER," BE"," 13-Aug-2026"," 2.88"," 2.89"," 2.89"," 2.76"," 2.89"," 2.89"," 2.87"," 3659"," 0.10"," 22"," -"," -"
PREMIERENE," EQ"," 13-Aug-2026"," 1026.10"," 1033.80"," 1039.00"," 1028.90"," 1035.80"," 1035.80"," 1034.70"," 294930"," 3051.65"," 14683"," 124439"," 42.19"
PREMIERPOL," EQ"," 13-Aug-2026"," 73.21"," 74.80"," 74.80"," 72.21"," 73.25"," 72.48"," 73.00"," 117305"," 85.64"," 1497"," 60175"," 51.30"
PREMIUM," SM"," 13-Aug-2026"," 38.50"," 38.50"," 38.50"," 38.50"," 38.50"," 38.50"," 38.50"," 9000"," 3.47"," 3"," 9000"," 100.00"
PRESSTONIC," SM"," 13-Aug-2026"," 32.15"," 32.10"," 32.35"," 31.00"," 31.50"," 31.65"," 31.85"," 16000"," 5.10"," 20"," 10400"," 65.00"
PRESTIGE," EQ"," 13-Aug-2026"," 1590.70"," 1591.40"," 1618.90"," 1569.00"," 1618.90"," 1618.90"," 1600.96"," 468924"," 7507.27"," 16095"," 241030"," 51.40"
PRICOLLTD," EQ"," 13-Aug-2026"," 783.25"," 786.80"," 787.05"," 756.15"," 765.00"," 765.00"," 768.87"," 473470"," 3640.35"," 22931"," 243647"," 51.46"
PRIMECAB," ST"," 13-Aug-2026"," 187.00"," 190.00"," 190.00"," 177.85"," 178.00"," 178.00"," 181.32"," 35200"," 63.82"," 20"," 35200"," 100.00"
PRIMESECU," EQ"," 13-Aug-2026"," 291.25"," 287.00"," 296.85"," 287.00"," 291.90"," 289.35"," 292.90"," 249560"," 730.95"," 3081"," 211685"," 84.82"
PRIMO," EQ"," 13-Aug-2026"," 24.29"," 24.88"," 24.88"," 24.18"," 24.50"," 24.47"," 24.45"," 115777"," 28.30"," 773"," 90026"," 77.76"
PRINCEPIPE," EQ"," 13-Aug-2026"," 269.60"," 268.50"," 284.90"," 268.50"," 282.50"," 281.60"," 280.19"," 523984"," 1468.17"," 9478"," 245616"," 46.87"
PRITI," BE"," 13-Aug-2026"," 35.99"," 34.75"," 35.99"," 34.35"," 35.90"," 35.93"," 35.01"," 8862"," 3.10"," 122"," -"," -"
PRITIKA," SM"," 13-Aug-2026"," 63.00"," 63.00"," 63.00"," 63.00"," 63.00"," 63.00"," 63.00"," 8000"," 5.04"," 3"," 8000"," 100.00"
PRITIKAUTO," BE"," 13-Aug-2026"," 17.33"," 17.33"," 17.48"," 17.00"," 17.47"," 17.41"," 17.27"," 44997"," 7.77"," 279"," -"," -"
PRIVISCL," EQ"," 13-Aug-2026"," 3580.60"," 3580.60"," 3580.60"," 3518.40"," 3530.00"," 3528.80"," 3538.45"," 80171"," 2836.81"," 9871"," 51582"," 64.34"
PRIZOR," ST"," 13-Aug-2026"," 860.15"," 858.00"," 874.00"," 825.00"," 828.00"," 830.35"," 840.92"," 24400"," 205.18"," 57"," 23600"," 96.72"
PRLIND," SM"," 13-Aug-2026"," 44.40"," 43.80"," 44.55"," 43.00"," 43.20"," 43.20"," 43.66"," 16000"," 6.99"," 13"," 12000"," 75.00"
PROLIFE," SM"," 13-Aug-2026"," 82.55"," 86.65"," 86.65"," 86.65"," 86.65"," 86.65"," 86.65"," 4500"," 3.90"," 9"," 4500"," 100.00"
PROPSHOP," ST"," 13-Aug-2026"," 62.70"," 64.80"," 65.80"," 64.80"," 65.80"," 65.70"," 65.43"," 62000"," 40.57"," 28"," 62000"," 100.00"
PROSTARM," EQ"," 13-Aug-2026"," 142.50"," 140.60"," 141.50"," 133.68"," 136.10"," 135.82"," 136.74"," 339788"," 464.63"," 5280"," 173771"," 51.14"
PROTEAN," EQ"," 13-Aug-2026"," 558.60"," 558.60"," 566.95"," 555.00"," 555.90"," 555.85"," 559.54"," 160803"," 899.76"," 5256"," 98172"," 61.05"
PROV," SM"," 13-Aug-2026"," 1857.00"," 1940.00"," 1940.00"," 1850.00"," 1860.00"," 1860.00"," 1873.22"," 1120"," 20.98"," 13"," 960"," 85.71"
PROZONER," EQ"," 13-Aug-2026"," 41.97"," 41.35"," 42.40"," 41.11"," 41.28"," 41.46"," 41.71"," 169401"," 70.66"," 298"," 157010"," 92.69"
PRSMJOHNSN," EQ"," 13-Aug-2026"," 106.04"," 105.95"," 106.94"," 105.10"," 105.50"," 105.43"," 105.69"," 367887"," 388.81"," 5848"," 114644"," 31.16"
PRUDENT," EQ"," 13-Aug-2026"," 3364.20"," 3369.30"," 3391.00"," 3276.10"," 3325.00"," 3325.00"," 3325.00"," 429351"," 14275.92"," 12939"," 361992"," 84.31"
PRUDMOULI," BE"," 13-Aug-2026"," 12.70"," 13.33"," 13.33"," 13.00"," 13.32"," 13.32"," 13.30"," 6858"," 0.91"," 33"," -"," -"
PSB," EQ"," 13-Aug-2026"," 23.73"," 23.69"," 23.90"," 23.62"," 23.70"," 23.67"," 23.73"," 767005"," 182.03"," 3003"," 348691"," 45.46"
PSFL," SM"," 13-Aug-2026"," 31.00"," 32.00"," 33.00"," 32.00"," 32.00"," 32.00"," 32.48"," 10000"," 3.25"," 5"," 8000"," 80.00"
PSPPROJECT," EQ"," 13-Aug-2026"," 908.00"," 903.00"," 947.80"," 898.10"," 913.10"," 918.85"," 930.31"," 120343"," 1119.56"," 5940"," 36922"," 30.68"
PSRAJ," ST"," 13-Aug-2026"," 85.50"," 84.95"," 89.75"," 83.00"," 89.75"," 85.65"," 85.43"," 27500"," 23.49"," 9"," 27500"," 100.00"
PSUBANK," EQ"," 13-Aug-2026"," 88.21"," 87.98"," 88.59"," 87.55"," 87.55"," 87.84"," 88.11"," 70314"," 61.95"," 703"," 31435"," 44.71"
PSUBANKADD," EQ"," 13-Aug-2026"," 88.82"," 88.82"," 89.36"," 88.22"," 88.22"," 88.42"," 88.92"," 42392"," 37.70"," 220"," 30965"," 73.04"
PSUBNKBEES," EQ"," 13-Aug-2026"," 98.27"," 97.00"," 99.66"," 97.00"," 98.04"," 98.11"," 98.44"," 1671776"," 1645.65"," 5428"," 969682"," 58.00"
PSUBNKIETF," EQ"," 13-Aug-2026"," 89.13"," 89.03"," 89.74"," 88.10"," 89.19"," 88.78"," 89.13"," 125322"," 111.69"," 811"," 68065"," 54.31"
PTC," EQ"," 13-Aug-2026"," 165.41"," 166.00"," 166.69"," 164.35"," 164.71"," 164.80"," 165.41"," 1472019"," 2434.89"," 15578"," 837637"," 56.90"
PTCIL," EQ"," 13-Aug-2026"," 18895.00"," 19000.00"," 19243.00"," 18871.00"," 19240.00"," 19167.00"," 19077.46"," 7366"," 1405.25"," 2490"," 3818"," 51.83"
PTL," EQ"," 13-Aug-2026"," 39.28"," 39.28"," 39.31"," 38.51"," 38.85"," 38.83"," 38.78"," 70043"," 27.16"," 762"," 58784"," 83.93"
PULZ," SM"," 13-Aug-2026"," 22.45"," 22.45"," 23.55"," 22.45"," 23.55"," 23.55"," 22.70"," 10000"," 2.27"," 3"," 10000"," 100.00"
PUNJABCHEM," EQ"," 13-Aug-2026"," 1091.40"," 1082.10"," 1102.60"," 1080.70"," 1094.00"," 1094.20"," 1093.99"," 4847"," 53.03"," 596"," 3042"," 62.76"
PURPLEUTED," ST"," 13-Aug-2026"," 328.00"," 324.50"," 344.40"," 323.90"," 336.25"," 336.20"," 338.26"," 35500"," 120.08"," 122"," 33000"," 92.96"
PURVA," EQ"," 13-Aug-2026"," 212.55"," 211.49"," 221.51"," 211.10"," 218.50"," 217.89"," 218.56"," 417250"," 911.94"," 6106"," 216079"," 51.79"
PUSHPA," SM"," 13-Aug-2026"," 114.00"," 115.00"," 115.80"," 115.00"," 115.00"," 115.05"," 115.14"," 11000"," 12.67"," 9"," 10000"," 90.91"
PVP," EQ"," 13-Aug-2026"," 34.15"," 34.43"," 37.15"," 34.21"," 36.30"," 36.67"," 35.94"," 2684334"," 964.71"," 7237"," 1244314"," 46.35"
PVRINOX," EQ"," 13-Aug-2026"," 1189.50"," 1190.00"," 1206.90"," 1161.50"," 1179.70"," 1176.10"," 1183.20"," 275738"," 3262.53"," 18170"," 130290"," 47.25"
PVSL," EQ"," 13-Aug-2026"," 120.55"," 123.00"," 123.50"," 113.05"," 114.01"," 114.25"," 117.44"," 130227"," 152.94"," 2097"," 60887"," 46.75"
PVTBANIETF," EQ"," 13-Aug-2026"," 27.76"," 27.76"," 27.76"," 27.57"," 27.69"," 27.63"," 27.60"," 2067436"," 570.64"," 1403"," 1775370"," 85.87"
PVTBANK," EQ"," 13-Aug-2026"," 27.59"," 27.39"," 27.49"," 27.33"," 27.49"," 27.49"," 27.40"," 53590"," 14.68"," 38"," 52806"," 98.54"
PVTBANKADD," EQ"," 13-Aug-2026"," 27.89"," 27.79"," 27.84"," 27.60"," 27.60"," 27.65"," 27.66"," 2414443"," 667.94"," 2938"," 2326526"," 96.36"
PVTBKGROWW," EQ"," 13-Aug-2026"," 27.41"," 27.41"," 27.51"," 27.28"," 27.48"," 27.48"," 27.39"," 7124"," 1.95"," 95"," 3345"," 46.95"
PWL," EQ"," 13-Aug-2026"," 123.90"," 124.00"," 125.23"," 116.85"," 117.60"," 118.22"," 119.85"," 6920726"," 8294.66"," 38399"," 2252396"," 32.55"
PYRAMID," EQ"," 13-Aug-2026"," 162.42"," 163.77"," 165.00"," 160.00"," 162.20"," 161.62"," 162.57"," 93635"," 152.22"," 1612"," 62467"," 66.71"
QGOLDHALF," EQ"," 13-Aug-2026"," 127.98"," 127.98"," 136.30"," 125.30"," 126.02"," 126.52"," 126.33"," 284714"," 359.67"," 1744"," 157797"," 55.42"
QLINE," SM"," 13-Aug-2026"," 531.80"," 531.80"," 539.95"," 530.00"," 531.00"," 530.85"," 535.72"," 51200"," 274.29"," 83"," 42000"," 82.03"
QMSMEDI," EQ"," 13-Aug-2026"," 126.97"," 129.90"," 136.60"," 128.10"," 129.00"," 129.61"," 131.38"," 122593"," 161.07"," 1898"," 80177"," 65.40"
QNIFTY," EQ"," 13-Aug-2026"," 268.21"," 274.91"," 274.91"," 268.00"," 268.60"," 268.41"," 268.65"," 1704"," 4.58"," 70"," 384"," 22.54"
QPOWER," EQ"," 13-Aug-2026"," 1294.50"," 1290.20"," 1333.90"," 1261.40"," 1272.00"," 1278.10"," 1296.39"," 318795"," 4132.84"," 11351"," 195315"," 61.27"
QUADFUTURE," EQ"," 13-Aug-2026"," 355.80"," 353.50"," 372.80"," 353.50"," 360.00"," 362.20"," 364.58"," 258384"," 942.03"," 10376"," 93399"," 36.15"
QUADPRO," SM"," 13-Aug-2026"," 2.40"," 2.40"," 2.40"," 2.40"," 2.40"," 2.40"," 2.40"," 12000"," 0.29"," 1"," 12000"," 100.00"
QUAL30IETF," EQ"," 13-Aug-2026"," 21.61"," 21.61"," 21.73"," 21.60"," 21.60"," 21.66"," 21.67"," 102527"," 22.22"," 148"," 96470"," 94.09"
QUALITY30," EQ"," 13-Aug-2026"," 21.10"," 21.24"," 21.33"," 21.19"," 21.20"," 21.25"," 21.26"," 6898"," 1.47"," 45"," 6334"," 91.82"
QUESS," EQ"," 13-Aug-2026"," 334.20"," 334.00"," 336.25"," 328.40"," 331.25"," 333.20"," 332.57"," 163596"," 544.07"," 8237"," 79245"," 48.44"
QUESTLAB," SM"," 13-Aug-2026"," 90.75"," 88.00"," 91.50"," 88.00"," 90.50"," 90.50"," 90.08"," 7200"," 6.49"," 6"," 4800"," 66.67"
QUICKHEAL," BE"," 13-Aug-2026"," 149.66"," 150.00"," 151.90"," 148.00"," 150.80"," 149.50"," 149.92"," 33598"," 50.37"," 626"," -"," -"
QUICKTOUCH," SM"," 13-Aug-2026"," 21.00"," 20.95"," 20.95"," 19.95"," 19.95"," 19.95"," 20.13"," 21000"," 4.23"," 28"," 20500"," 97.62"
QUINT," EQ"," 13-Aug-2026"," 37.92"," 39.00"," 39.00"," 36.31"," 37.49"," 37.54"," 37.50"," 1336"," 0.50"," 51"," 1183"," 88.55"
QVCEL," SM"," 13-Aug-2026"," 24.90"," 24.15"," 24.25"," 24.15"," 24.25"," 24.25"," 24.20"," 3200"," 0.77"," 2"," 3200"," 100.00"
RACE," EQ"," 13-Aug-2026"," 102.31"," 103.00"," 103.70"," 99.00"," 99.30"," 99.54"," 100.10"," 10857"," 10.87"," 264"," 8221"," 75.72"
RACLGEAR," EQ"," 13-Aug-2026"," 1411.50"," 1430.30"," 1447.00"," 1377.10"," 1399.90"," 1389.70"," 1403.04"," 23568"," 330.67"," 2617"," 12196"," 51.75"
RADAAN," EQ"," 13-Aug-2026"," 3.01"," 3.07"," 3.07"," 2.99"," 2.99"," 2.99"," 3.00"," 15406"," 0.46"," 82"," 13632"," 88.49"
RADHIKAJWE," EQ"," 13-Aug-2026"," 72.37"," 72.47"," 72.47"," 69.01"," 70.90"," 70.72"," 71.27"," 540260"," 385.05"," 3643"," 169548"," 31.38"
RADIANTCMS," EQ"," 13-Aug-2026"," 38.09"," 38.20"," 38.20"," 36.35"," 36.98"," 36.77"," 36.90"," 188340"," 69.50"," 1551"," 134225"," 71.27"
RADICO," EQ"," 13-Aug-2026"," 4533.00"," 4533.00"," 4675.20"," 4525.20"," 4675.20"," 4675.20"," 4613.79"," 400827"," 18493.32"," 30675"," 171291"," 42.73"
RADIOCITY," EQ"," 13-Aug-2026"," 6.63"," 6.66"," 6.89"," 6.60"," 6.65"," 6.64"," 6.65"," 92392"," 6.14"," 113"," 85145"," 92.16"
RADIOWALLA," ST"," 13-Aug-2026"," 26.05"," 25.55"," 25.55"," 25.55"," 25.55"," 25.55"," 25.55"," 4800"," 1.23"," 3"," 3200"," 66.67"
RAILTEL," EQ"," 13-Aug-2026"," 285.80"," 284.50"," 287.95"," 284.40"," 286.15"," 285.20"," 285.63"," 300807"," 859.21"," 8568"," 110427"," 36.71"
RAIN," EQ"," 13-Aug-2026"," 209.38"," 211.00"," 216.51"," 210.43"," 213.55"," 213.99"," 214.13"," 5056459"," 10827.22"," 35942"," 1813667"," 35.87"
RAINBOW," EQ"," 13-Aug-2026"," 1482.00"," 1470.10"," 1482.00"," 1447.50"," 1450.70"," 1453.00"," 1461.17"," 66907"," 977.63"," 10093"," 35961"," 53.75"
RAJESHEXPO," BZ"," 13-Aug-2026"," 83.13"," 81.52"," 83.60"," 80.77"," 81.00"," 80.99"," 81.42"," 114961"," 93.60"," 1351"," -"," -"
RAJINDLTD," SM"," 13-Aug-2026"," 67.50"," 66.15"," 66.25"," 66.10"," 66.10"," 66.15"," 66.15"," 6000"," 3.97"," 4"," 4500"," 75.00"
RAJMET," EQ"," 13-Aug-2026"," 3.30"," 3.30"," 3.34"," 3.26"," 3.29"," 3.28"," 3.29"," 149879"," 4.93"," 540"," 126814"," 84.61"
RAJOOENG," BE"," 13-Aug-2026"," 50.64"," 51.49"," 51.49"," 50.10"," 50.50"," 50.89"," 50.60"," 110166"," 55.74"," 514"," -"," -"
RAJPALAYAM," EQ"," 13-Aug-2026"," 838.10"," 842.00"," 860.00"," 815.00"," 832.25"," 832.45"," 837.49"," 6595"," 55.23"," 345"," 3643"," 55.24"
RAJPUTANA," SM"," 13-Aug-2026"," 204.00"," 206.15"," 206.15"," 206.15"," 206.15"," 206.15"," 206.15"," 1000"," 2.06"," 1"," 1000"," 100.00"
RAJRATAN," EQ"," 13-Aug-2026"," 518.50"," 518.50"," 536.60"," 515.05"," 527.25"," 529.85"," 528.40"," 90303"," 477.16"," 4805"," 44270"," 49.02"
RAJRILTD," BE"," 13-Aug-2026"," 21.68"," 21.31"," 21.90"," 21.25"," 21.32"," 21.32"," 21.32"," 9102"," 1.94"," 89"," -"," -"
RAJSREESUG," EQ"," 13-Aug-2026"," 31.09"," 31.50"," 33.50"," 31.49"," 32.84"," 32.83"," 32.59"," 80377"," 26.20"," 798"," 50315"," 62.60"
RAJTV," EQ"," 13-Aug-2026"," 10.07"," 10.28"," 10.28"," 10.06"," 10.13"," 10.14"," 10.16"," 14682"," 1.49"," 65"," 14093"," 95.99"
RALLIS," EQ"," 13-Aug-2026"," 209.41"," 209.00"," 213.59"," 207.76"," 213.19"," 212.94"," 211.51"," 1050885"," 2222.72"," 23117"," 511248"," 48.65"
RAMANEWS," EQ"," 13-Aug-2026"," 33.47"," 32.83"," 34.10"," 31.51"," 31.90"," 31.88"," 32.99"," 40554"," 13.38"," 239"," 22455"," 55.37"
RAMAPHO," EQ"," 13-Aug-2026"," 122.97"," 122.82"," 123.38"," 119.50"," 120.06"," 120.05"," 121.00"," 28592"," 34.60"," 634"," 22095"," 77.28"
RAMASTEEL," BE"," 13-Aug-2026"," 4.58"," 4.49"," 4.49"," 4.49"," 4.49"," 4.49"," 4.49"," 508569"," 22.83"," 1210"," -"," -"
RAMBHAJO," EQ"," 13-Aug-2026"," 184.96"," 184.96"," 186.55"," 181.59"," 182.90"," 182.62"," 182.99"," 86577"," 158.43"," 1633"," 51482"," 59.46"
RAMCOCEM," EQ"," 13-Aug-2026"," 918.55"," 924.05"," 925.05"," 906.75"," 910.00"," 908.80"," 912.12"," 219296"," 2000.25"," 7383"," 130493"," 59.51"
RAMCOIND," EQ"," 13-Aug-2026"," 359.10"," 360.00"," 369.70"," 354.75"," 356.50"," 357.40"," 362.12"," 499903"," 1810.26"," 12637"," 137318"," 27.47"
RAMCOSYS," EQ"," 13-Aug-2026"," 619.90"," 614.10"," 614.10"," 588.95"," 596.00"," 595.75"," 596.08"," 215726"," 1285.91"," 9861"," 120291"," 55.76"
RAMKY," EQ"," 13-Aug-2026"," 386.90"," 385.00"," 399.90"," 381.75"," 390.00"," 393.65"," 387.35"," 48272"," 186.98"," 1436"," 31062"," 64.35"
RAMRAT," EQ"," 13-Aug-2026"," 473.95"," 479.80"," 484.80"," 470.20"," 471.05"," 471.35"," 477.11"," 373346"," 1781.28"," 10340"," 215128"," 57.62"
RANASUG," EQ"," 13-Aug-2026"," 12.88"," 13.41"," 13.49"," 12.89"," 13.17"," 13.16"," 13.26"," 269323"," 35.72"," 765"," 134855"," 50.07"
RANEHOLDIN," EQ"," 13-Aug-2026"," 1801.70"," 1816.70"," 1829.00"," 1711.00"," 1789.00"," 1777.40"," 1765.30"," 93348"," 1647.87"," 9255"," 19538"," 20.93"
RAPIDFLEET," SM"," 13-Aug-2026"," 167.15"," 164.00"," 164.00"," 164.00"," 164.00"," 164.00"," 164.00"," 600"," 0.98"," 1"," 600"," 100.00"
RAPPID," SM"," 13-Aug-2026"," 319.50"," 319.50"," 319.65"," 318.00"," 319.00"," 319.00"," 318.94"," 6000"," 19.14"," 10"," 6000"," 100.00"
RATEGAIN," EQ"," 13-Aug-2026"," 932.65"," 939.00"," 939.00"," 878.65"," 889.00"," 885.05"," 898.42"," 503978"," 4527.85"," 25046"," 286995"," 56.95"
RATNAMANI," EQ"," 13-Aug-2026"," 2240.40"," 2240.40"," 2333.00"," 2227.60"," 2305.00"," 2298.00"," 2302.39"," 38296"," 881.72"," 10942"," 18193"," 47.51"
RATNAVEER," EQ"," 13-Aug-2026"," 210.01"," 212.38"," 223.75"," 208.93"," 219.94"," 220.00"," 218.75"," 10124724"," 22147.89"," 65098"," 2413988"," 23.84"
RAYMOND," EQ"," 13-Aug-2026"," 618.95"," 616.85"," 645.40"," 614.55"," 642.05"," 642.00"," 638.12"," 921893"," 5882.76"," 24168"," 422501"," 45.83"
RAYMONDLSL," EQ"," 13-Aug-2026"," 716.45"," 716.00"," 740.00"," 715.85"," 737.00"," 738.55"," 729.37"," 108465"," 791.11"," 4906"," 55821"," 51.46"
RAYMONDREL," EQ"," 13-Aug-2026"," 580.90"," 554.35"," 588.00"," 554.35"," 570.00"," 570.85"," 575.18"," 558574"," 3212.79"," 16876"," 204067"," 36.53"
RBA," EQ"," 13-Aug-2026"," 93.82"," 93.96"," 103.20"," 93.64"," 98.22"," 98.35"," 99.18"," 28890605"," 28655.08"," 87417"," 6870739"," 23.78"
RBLBANK," EQ"," 13-Aug-2026"," 389.80"," 389.50"," 389.50"," 385.40"," 387.25"," 387.25"," 387.35"," 1120844"," 4341.56"," 21887"," 589013"," 52.55"
RBMINFRA," SM"," 13-Aug-2026"," 252.10"," 253.80"," 257.95"," 250.00"," 250.00"," 250.55"," 252.79"," 13200"," 33.37"," 61"," 9800"," 74.24"
RBS," SM"," 13-Aug-2026"," 90.00"," 90.00"," 96.40"," 90.00"," 90.40"," 90.40"," 93.20"," 8800"," 8.20"," 9"," 5600"," 63.64"
RBZJEWEL," EQ"," 13-Aug-2026"," 141.21"," 139.50"," 144.00"," 139.20"," 139.20"," 140.04"," 140.95"," 67123"," 94.61"," 1591"," 34219"," 50.98"
RCDL," SM"," 13-Aug-2026"," 29.00"," 30.00"," 30.00"," 28.30"," 28.30"," 28.30"," 28.74"," 33000"," 9.48"," 11"," 27000"," 81.82"
RCF," EQ"," 13-Aug-2026"," 124.11"," 124.99"," 126.19"," 124.00"," 124.24"," 124.47"," 124.97"," 603974"," 754.78"," 5616"," 258298"," 42.77"
RCOM," BE"," 13-Aug-2026"," 0.82"," 0.82"," 0.83"," 0.80"," 0.82"," 0.80"," 0.81"," 2076843"," 16.91"," 1645"," -"," -"
READYMIX," SM"," 13-Aug-2026"," 101.95"," 106.60"," 106.60"," 100.00"," 101.20"," 103.05"," 102.20"," 21000"," 21.46"," 19"," 11000"," 52.38"
RECLTD," EQ"," 13-Aug-2026"," 346.00"," 345.90"," 347.20"," 342.05"," 346.50"," 346.50"," 344.24"," 8279525"," 28501.22"," 62488"," 5421196"," 65.48"
REDINGTON," EQ"," 13-Aug-2026"," 339.40"," 340.55"," 350.00"," 340.55"," 346.50"," 346.00"," 345.84"," 2357801"," 8154.20"," 42940"," 586489"," 24.87"
REDTAPE," EQ"," 13-Aug-2026"," 125.87"," 125.80"," 126.27"," 124.00"," 124.29"," 124.19"," 124.58"," 270358"," 336.80"," 4982"," 158469"," 58.61"
REFEX," EQ"," 13-Aug-2026"," 293.40"," 293.40"," 296.80"," 290.50"," 292.50"," 293.40"," 292.43"," 172453"," 504.31"," 2976"," 100929"," 58.53"
REFRACTORY," SM"," 13-Aug-2026"," 25.25"," 25.30"," 25.30"," 25.00"," 25.00"," 25.00"," 25.05"," 6000"," 1.50"," 6"," 6000"," 100.00"
REGAAL," BE"," 13-Aug-2026"," 87.69"," 88.50"," 88.50"," 85.80"," 85.80"," 86.03"," 86.72"," 40852"," 35.43"," 347"," -"," -"
REGENCERAM," EQ"," 13-Aug-2026"," 38.86"," 44.50"," 46.63"," 40.00"," 40.00"," 40.33"," 44.66"," 428278"," 191.28"," 2804"," 112397"," 26.24"
RELAXO," EQ"," 13-Aug-2026"," 417.00"," 419.70"," 430.00"," 416.05"," 419.00"," 419.45"," 421.58"," 314634"," 1326.44"," 11456"," 108703"," 34.55"
RELCHEMQ," EQ"," 13-Aug-2026"," 119.75"," 125.00"," 125.00"," 118.00"," 119.84"," 119.09"," 120.02"," 5840"," 7.01"," 139"," 4202"," 71.95"
RELIABLE," EQ"," 13-Aug-2026"," 140.37"," 141.02"," 144.80"," 139.00"," 144.70"," 143.47"," 142.75"," 23069"," 32.93"," 552"," 8821"," 38.24"
RELIANCE," EQ"," 13-Aug-2026"," 1329.00"," 1327.80"," 1327.80"," 1307.20"," 1317.00"," 1317.00"," 1313.84"," 9397301"," 123465.54"," 147799"," 4954244"," 52.72"
RELIGARE," EQ"," 13-Aug-2026"," 237.50"," 231.85"," 242.00"," 227.00"," 234.75"," 234.35"," 232.55"," 1382195"," 3214.33"," 18588"," 703715"," 50.91"
RELINFRA," BE"," 13-Aug-2026"," 69.87"," 68.48"," 68.48"," 68.48"," 68.48"," 68.48"," 68.48"," 14564"," 9.97"," 227"," -"," -"
RELTD," EQ"," 13-Aug-2026"," 167.30"," 167.30"," 170.29"," 167.00"," 169.88"," 169.43"," 168.22"," 61536"," 103.52"," 1999"," 34562"," 56.17"
REMSONSIND," EQ"," 13-Aug-2026"," 88.36"," 88.51"," 90.10"," 87.96"," 88.57"," 88.29"," 88.69"," 61277"," 54.34"," 806"," 40281"," 65.74"
REMUS," SM"," 13-Aug-2026"," 845.15"," 845.00"," 891.00"," 840.00"," 880.00"," 878.95"," 869.69"," 26900"," 233.95"," 175"," 21700"," 80.67"
RENUKA," EQ"," 13-Aug-2026"," 21.99"," 21.99"," 22.55"," 21.99"," 22.10"," 22.12"," 22.29"," 5479087"," 1221.41"," 8411"," 1918264"," 35.01"
REPCOHOME," EQ"," 13-Aug-2026"," 367.20"," 369.00"," 369.95"," 360.00"," 362.95"," 362.10"," 363.16"," 173703"," 630.82"," 5207"," 105349"," 60.65"
REPL," BE"," 13-Aug-2026"," 64.07"," 64.09"," 65.96"," 64.09"," 64.50"," 64.50"," 64.80"," 2591"," 1.68"," 49"," -"," -"
REPRO," EQ"," 13-Aug-2026"," 316.95"," 317.95"," 329.90"," 309.05"," 326.95"," 322.20"," 318.60"," 29735"," 94.74"," 1198"," 17971"," 60.44"
RESPONIND," EQ"," 13-Aug-2026"," 167.19"," 167.47"," 172.40"," 166.53"," 170.16"," 168.71"," 167.90"," 74357"," 124.85"," 1466"," 29434"," 39.58"
RETAIL," EQ"," 13-Aug-2026"," 17.56"," 17.95"," 18.36"," 16.68"," 18.12"," 18.24"," 18.08"," 1965"," 0.36"," 61"," 1138"," 57.91"
REXPRO," SM"," 13-Aug-2026"," 37.70"," 39.55"," 39.55"," 39.55"," 39.55"," 39.55"," 39.55"," 1000"," 0.40"," 1"," 1000"," 100.00"
RFBL," ST"," 13-Aug-2026"," 96.20"," 100.95"," 101.00"," 100.95"," 101.00"," 101.00"," 100.98"," 186000"," 187.83"," 14"," 120000"," 64.52"
RGL," EQ"," 13-Aug-2026"," 110.14"," 110.67"," 117.86"," 110.14"," 110.75"," 111.14"," 112.06"," 3440678"," 3855.56"," 24795"," 1686268"," 49.01"
RHETAN," EQ"," 13-Aug-2026"," 26.17"," 29.00"," 29.00"," 20.98"," 21.00"," 21.01"," 21.73"," 51601319"," 11210.67"," 55969"," 12978676"," 25.15"
RHFL," BZ"," 13-Aug-2026"," 1.77"," 1.80"," 1.82"," 1.77"," 1.79"," 1.79"," 1.79"," 499010"," 8.95"," 849"," -"," -"
RHIM," EQ"," 13-Aug-2026"," 385.90"," 385.90"," 394.95"," 379.35"," 391.70"," 391.65"," 390.07"," 1012417"," 3949.12"," 23572"," 350571"," 34.63"
RHL," EQ"," 13-Aug-2026"," 170.00"," 176.88"," 176.88"," 166.05"," 174.80"," 171.02"," 169.75"," 1317"," 2.24"," 69"," 700"," 53.15"
RICOAUTO," EQ"," 13-Aug-2026"," 127.99"," 128.21"," 137.77"," 127.00"," 132.10"," 131.84"," 132.61"," 5832545"," 7734.65"," 44349"," 1758156"," 30.14"
RIIL," EQ"," 13-Aug-2026"," 745.90"," 745.30"," 759.00"," 740.10"," 740.10"," 744.00"," 750.89"," 49469"," 371.46"," 2633"," 11339"," 22.92"
RIIT," IV"," 13-Aug-2026"," 116.98"," 117.95"," 118.00"," 115.51"," 117.91"," 117.54"," 116.18"," 105332"," 122.37"," 4275"," 82148"," 77.99"
RILINFRA," SM"," 13-Aug-2026"," 38.05"," 36.55"," 37.85"," 36.55"," 37.25"," 37.25"," 37.17"," 15200"," 5.65"," 52"," 12500"," 82.24"
RIR," EQ"," 13-Aug-2026"," 176.80"," 175.80"," 175.90"," 165.40"," 167.35"," 166.64"," 169.53"," 326629"," 553.73"," 6524"," 155802"," 47.70"
RISHABH," EQ"," 13-Aug-2026"," 668.30"," 675.00"," 679.00"," 654.00"," 672.00"," 660.60"," 667.44"," 121304"," 809.63"," 6077"," 57533"," 47.43"
RITCO," EQ"," 13-Aug-2026"," 301.95"," 305.80"," 307.50"," 300.30"," 301.50"," 301.75"," 304.69"," 130000"," 396.09"," 5937"," 30758"," 23.66"
RITES," EQ"," 13-Aug-2026"," 223.55"," 223.50"," 226.00"," 222.00"," 225.00"," 224.46"," 223.53"," 304473"," 680.58"," 8444"," 128297"," 42.14"
RKDL," EQ"," 13-Aug-2026"," 18.50"," 18.70"," 18.90"," 18.54"," 18.55"," 18.56"," 18.64"," 4048"," 0.75"," 72"," 3744"," 92.49"
RKEC," EQ"," 13-Aug-2026"," 24.96"," 24.03"," 25.03"," 24.03"," 24.95"," 24.77"," 24.59"," 19391"," 4.77"," 131"," 14113"," 72.78"
RKFORGE," EQ"," 13-Aug-2026"," 743.30"," 747.80"," 748.25"," 729.35"," 733.05"," 733.30"," 738.62"," 555589"," 4103.68"," 14278"," 302082"," 54.37"
RKSWAMY," EQ"," 13-Aug-2026"," 100.78"," 101.46"," 101.46"," 94.82"," 98.70"," 98.35"," 96.70"," 250564"," 242.29"," 3585"," 167570"," 66.88"
RMC," EQ"," 13-Aug-2026"," 302.20"," 272.00"," 284.10"," 252.60"," 267.90"," 267.40"," 268.99"," 279928"," 752.97"," 7839"," 103696"," 37.04"
RMDRIP," BE"," 13-Aug-2026"," 17.75"," 17.70"," 18.10"," 17.20"," 18.00"," 17.99"," 17.89"," 618423"," 110.66"," 725"," -"," -"
RML," EQ"," 13-Aug-2026"," 1107.80"," 1109.00"," 1138.90"," 1108.00"," 1122.00"," 1120.20"," 1121.90"," 23134"," 259.54"," 2284"," 11247"," 48.62"
RNBDENIMS," EQ"," 13-Aug-2026"," 8.94"," 8.84"," 9.02"," 8.84"," 8.88"," 8.92"," 8.95"," 127442"," 11.41"," 534"," 99223"," 77.86"
RNFI," SM"," 13-Aug-2026"," 272.25"," 275.00"," 276.00"," 272.35"," 273.50"," 273.50"," 274.59"," 28800"," 79.08"," 39"," 23400"," 81.25"
RNPL," SM"," 13-Aug-2026"," 76.55"," 80.00"," 80.00"," 80.00"," 80.00"," 80.00"," 80.00"," 1200"," 0.96"," 1"," 1200"," 100.00"
ROCKINGDCE," SM"," 13-Aug-2026"," 161.95"," 154.65"," 178.00"," 149.90"," 174.00"," 168.70"," 164.28"," 13250"," 21.77"," 46"," 7000"," 52.83"
ROHLTD," EQ"," 13-Aug-2026"," 307.40"," 314.10"," 330.55"," 307.25"," 315.00"," 315.75"," 318.43"," 46549"," 148.23"," 1321"," 20662"," 44.39"
ROLEXRINGS," EQ"," 13-Aug-2026"," 173.01"," 174.03"," 180.00"," 172.83"," 178.21"," 178.26"," 178.06"," 8062454"," 14356.40"," 58536"," 1839178"," 22.81"
ROLLT," BE"," 13-Aug-2026"," 3.22"," 3.27"," 3.27"," 3.06"," 3.10"," 3.12"," 3.12"," 388821"," 12.14"," 229"," -"," -"
ROML," EQ"," 13-Aug-2026"," 44.82"," 44.95"," 45.99"," 44.21"," 45.54"," 45.48"," 45.22"," 1949"," 0.88"," 40"," 1419"," 72.81"
ROSSARI," EQ"," 13-Aug-2026"," 505.40"," 505.00"," 507.10"," 495.65"," 498.95"," 497.40"," 500.47"," 95482"," 477.86"," 2850"," 65156"," 68.24"
ROSSELLIND," EQ"," 13-Aug-2026"," 56.97"," 57.89"," 57.89"," 55.11"," 55.75"," 55.77"," 55.75"," 21144"," 11.79"," 586"," 13452"," 63.62"
ROSSTECH," EQ"," 13-Aug-2026"," 1089.50"," 1091.00"," 1091.00"," 1032.55"," 1060.20"," 1057.15"," 1055.39"," 226861"," 2394.26"," 12842"," 79835"," 35.19"
ROTO," EQ"," 13-Aug-2026"," 67.04"," 67.15"," 67.57"," 65.83"," 66.35"," 66.16"," 66.49"," 378627"," 251.76"," 3219"," 173412"," 45.80"
ROUTE," EQ"," 13-Aug-2026"," 518.55"," 518.70"," 520.00"," 512.10"," 512.50"," 514.60"," 514.82"," 167622"," 862.95"," 6822"," 76183"," 45.45"
ROXHITECH," SM"," 13-Aug-2026"," 49.90"," 51.00"," 55.90"," 50.00"," 54.15"," 54.75"," 53.66"," 176000"," 94.45"," 103"," 129600"," 73.64"
ROYALARC," SM"," 13-Aug-2026"," 168.00"," 175.00"," 180.00"," 171.00"," 180.00"," 180.00"," 177.08"," 26400"," 46.75"," 22"," 26400"," 100.00"
RPEL," EQ"," 13-Aug-2026"," 1289.30"," 1291.60"," 1399.00"," 1291.60"," 1396.00"," 1388.80"," 1359.67"," 262457"," 3568.56"," 16886"," 136777"," 52.11"
RPGLIFE," EQ"," 13-Aug-2026"," 2612.70"," 2605.50"," 2867.00"," 2605.50"," 2805.00"," 2830.50"," 2767.30"," 79874"," 2210.35"," 8452"," 28252"," 35.37"
RPOWER," EQ"," 13-Aug-2026"," 23.38"," 23.35"," 23.59"," 23.20"," 23.24"," 23.22"," 23.30"," 11313624"," 2635.61"," 21216"," 5342525"," 47.22"
RPPINFRA," EQ"," 13-Aug-2026"," 58.78"," 58.78"," 62.49"," 58.60"," 59.70"," 59.63"," 59.14"," 1260625"," 745.51"," 2269"," 1187093"," 94.17"
RPPL," BE"," 13-Aug-2026"," 23.63"," 23.63"," 24.00"," 23.15"," 24.00"," 23.56"," 23.64"," 24443"," 5.78"," 91"," -"," -"
RPSGVENT," EQ"," 13-Aug-2026"," 884.55"," 876.15"," 969.00"," 876.15"," 905.50"," 904.35"," 929.68"," 150549"," 1399.63"," 7202"," 44661"," 29.67"
RPTECH," EQ"," 13-Aug-2026"," 854.90"," 849.00"," 877.10"," 845.00"," 876.30"," 871.75"," 865.47"," 237152"," 2052.48"," 15568"," 127813"," 53.89"
RRIL," EQ"," 13-Aug-2026"," 16.97"," 17.45"," 17.45"," 16.69"," 16.76"," 16.92"," 16.97"," 6720"," 1.14"," 37"," 5794"," 86.22"
RRKABEL," EQ"," 13-Aug-2026"," 2789.60"," 2789.00"," 2848.00"," 2780.50"," 2829.00"," 2834.20"," 2815.01"," 174813"," 4921.01"," 13970"," 85048"," 48.65"
RSDFIN," BE"," 13-Aug-2026"," 124.18"," 118.00"," 118.00"," 117.98"," 117.98"," 117.98"," 117.98"," 308"," 0.36"," 18"," -"," -"
RSL," EQ"," 13-Aug-2026"," 155.92"," 160.00"," 171.99"," 158.02"," 166.50"," 166.77"," 166.25"," 4889441"," 8128.89"," 38000"," 1623298"," 33.20"
RSSOFTWARE," EQ"," 13-Aug-2026"," 33.13"," 34.77"," 34.78"," 33.00"," 34.39"," 33.82"," 34.46"," 72514"," 24.98"," 543"," 45227"," 62.37"
RSWM," BE"," 13-Aug-2026"," 204.38"," 205.00"," 205.05"," 200.60"," 202.00"," 201.06"," 202.88"," 24020"," 48.73"," 319"," -"," -"
RSYSTEMS," EQ"," 13-Aug-2026"," 240.10"," 240.30"," 246.00"," 239.10"," 243.75"," 242.70"," 243.60"," 156904"," 382.21"," 6481"," 77358"," 49.30"
RTNINDIA," EQ"," 13-Aug-2026"," 30.26"," 30.20"," 30.60"," 30.11"," 30.44"," 30.41"," 30.40"," 997369"," 303.16"," 3953"," 441959"," 44.31"
RTNPOWER," EQ"," 13-Aug-2026"," 8.45"," 8.45"," 8.55"," 8.42"," 8.47"," 8.46"," 8.46"," 9774960"," 827.27"," 7977"," 4700473"," 48.09"
RUBFILA," EQ"," 13-Aug-2026"," 68.59"," 68.50"," 69.98"," 66.55"," 68.10"," 68.63"," 68.08"," 77094"," 52.49"," 570"," 60397"," 78.34"
RUBICON," EQ"," 13-Aug-2026"," 1653.60"," 1667.60"," 1674.90"," 1610.90"," 1630.00"," 1620.70"," 1631.47"," 168100"," 2742.49"," 17471"," 87109"," 51.82"
RUBYMILLS," BE"," 13-Aug-2026"," 372.65"," 360.10"," 374.90"," 354.05"," 368.95"," 362.70"," 358.63"," 10569"," 37.90"," 208"," -"," -"
RUCHINFRA," EQ"," 13-Aug-2026"," 5.77"," 5.71"," 6.10"," 5.71"," 5.96"," 5.99"," 5.93"," 85576"," 5.08"," 162"," 75327"," 88.02"
RUCHIRA," EQ"," 13-Aug-2026"," 105.89"," 104.00"," 105.35"," 99.91"," 102.50"," 101.99"," 101.97"," 108324"," 110.45"," 2221"," 70714"," 65.28"
RUDRA," EQ"," 13-Aug-2026"," 20.56"," 20.80"," 23.39"," 20.10"," 21.95"," 22.41"," 22.22"," 1100930"," 244.61"," 2373"," 608880"," 55.31"
RULKA," SM"," 13-Aug-2026"," 110.00"," 111.90"," 111.90"," 108.00"," 108.00"," 108.00"," 108.85"," 2100"," 2.29"," 5"," 2100"," 100.00"
RUPA," EQ"," 13-Aug-2026"," 155.59"," 155.59"," 156.98"," 153.00"," 153.55"," 153.87"," 154.87"," 64851"," 100.43"," 2410"," 35510"," 54.76"
RUSHIL," EQ"," 13-Aug-2026"," 17.35"," 17.40"," 17.98"," 17.16"," 17.90"," 17.60"," 17.47"," 508560"," 88.84"," 1445"," 239967"," 47.19"
RUSTOMJEE," EQ"," 13-Aug-2026"," 374.30"," 374.30"," 376.90"," 368.95"," 372.50"," 373.50"," 372.63"," 32873"," 122.49"," 1555"," 21844"," 66.45"
RVHL," EQ"," 13-Aug-2026"," 42.93"," 42.93"," 43.01"," 41.56"," 42.40"," 42.41"," 42.49"," 4991"," 2.12"," 67"," 4432"," 88.80"
RVNL," EQ"," 13-Aug-2026"," 230.00"," 230.00"," 230.90"," 227.89"," 228.15"," 228.15"," 228.81"," 2127280"," 4867.50"," 22777"," 757673"," 35.62"
RVTH," EQ"," 13-Aug-2026"," 721.30"," 711.00"," 724.80"," 710.95"," 711.10"," 714.85"," 712.99"," 811"," 5.78"," 35"," 628"," 77.44"
S&SPOWER," EQ"," 13-Aug-2026"," 317.65"," 335.00"," 335.00"," 320.00"," 320.05"," 320.40"," 324.01"," 1378"," 4.46"," 73"," 964"," 69.96"
SAAKSHI," ST"," 13-Aug-2026"," 275.30"," 277.70"," 289.05"," 276.00"," 282.00"," 282.00"," 286.82"," 16800"," 48.19"," 19"," 15600"," 92.86"
SAATVIKGL," EQ"," 13-Aug-2026"," 435.35"," 435.10"," 450.00"," 428.30"," 443.00"," 441.70"," 441.79"," 154436"," 682.28"," 4962"," 42647"," 27.61"
SACHEEROME," SM"," 13-Aug-2026"," 460.00"," 460.00"," 465.00"," 450.00"," 450.00"," 453.65"," 460.24"," 12900"," 59.37"," 38"," 9900"," 76.74"
SADBHAV," EQ"," 13-Aug-2026"," 8.88"," 8.82"," 9.05"," 8.78"," 8.82"," 8.81"," 8.85"," 110606"," 9.79"," 241"," 89682"," 81.08"
SADBHIN," BE"," 13-Aug-2026"," 2.62"," 2.61"," 2.75"," 2.61"," 2.75"," 2.75"," 2.74"," 418845"," 11.47"," 238"," -"," -"
SADHAV," SM"," 13-Aug-2026"," 118.00"," 116.55"," 120.00"," 115.45"," 115.45"," 115.45"," 117.79"," 4200"," 4.95"," 7"," 3000"," 71.43"
SADHNANIQ," BE"," 13-Aug-2026"," 3.26"," 3.20"," 3.20"," 3.20"," 3.20"," 3.20"," 3.20"," 932987"," 29.86"," 391"," -"," -"
SAFARI," EQ"," 13-Aug-2026"," 1483.60"," 1483.60"," 1505.00"," 1479.60"," 1491.00"," 1492.40"," 1495.37"," 10860"," 162.40"," 1930"," 6614"," 60.90"
SAFEENTP," SM"," 13-Aug-2026"," 234.40"," 232.20"," 241.00"," 232.20"," 236.40"," 238.15"," 238.10"," 22500"," 53.57"," 42"," 17000"," 75.56"
SAGARDEEP," EQ"," 13-Aug-2026"," 24.39"," 24.39"," 24.94"," 24.10"," 24.11"," 24.11"," 24.31"," 6612"," 1.61"," 125"," 4958"," 74.98"
SAGCEM," EQ"," 13-Aug-2026"," 175.15"," 174.20"," 175.00"," 172.10"," 175.00"," 173.85"," 173.63"," 22813"," 39.61"," 578"," 11339"," 49.70"
SAGILITY," EQ"," 13-Aug-2026"," 43.31"," 43.36"," 43.54"," 42.54"," 42.66"," 42.66"," 43.00"," 8818336"," 3792.18"," 19631"," 4026132"," 45.66"
SAHAJSOLAR," SM"," 13-Aug-2026"," 109.20"," 109.20"," 109.20"," 107.90"," 107.90"," 107.90"," 108.21"," 9600"," 10.39"," 22"," 6000"," 62.50"
SAHANA," SM"," 13-Aug-2026"," 787.30"," 787.30"," 794.95"," 765.00"," 790.05"," 785.30"," 779.17"," 33750"," 262.97"," 109"," 21900"," 64.89"
SAHASRA," ST"," 13-Aug-2026"," 320.95"," 321.00"," 330.00"," 315.00"," 316.60"," 318.00"," 322.58"," 22800"," 73.55"," 53"," 18800"," 82.46"
SAHLIBHFI," EQ"," 13-Aug-2026"," 79.04"," 77.00"," 77.00"," 73.00"," 76.30"," 75.26"," 75.10"," 19836"," 14.90"," 178"," 13362"," 67.36"
SAHYADRI," EQ"," 13-Aug-2026"," 346.80"," 354.80"," 379.00"," 347.15"," 367.00"," 365.05"," 366.10"," 171432"," 627.61"," 5506"," 100202"," 58.45"
SAIFL," SM"," 13-Aug-2026"," 4.95"," 5.00"," 5.15"," 4.95"," 5.10"," 5.10"," 5.06"," 436000"," 22.05"," 67"," 360000"," 82.57"
SAIL," EQ"," 13-Aug-2026"," 174.00"," 173.70"," 173.99"," 167.25"," 168.68"," 168.68"," 170.15"," 9635610"," 16394.83"," 39448"," 4558419"," 47.31"
SAILIFE," EQ"," 13-Aug-2026"," 1463.60"," 1460.00"," 1475.00"," 1431.50"," 1454.00"," 1451.20"," 1459.65"," 477974"," 6976.77"," 30172"," 210050"," 43.95"
SAIPARENT," EQ"," 13-Aug-2026"," 552.40"," 560.00"," 574.00"," 550.00"," 563.95"," 563.15"," 563.05"," 187292"," 1054.54"," 6516"," 98621"," 52.66"
SAJHOTELS," ST"," 13-Aug-2026"," 42.50"," 44.60"," 44.60"," 42.50"," 42.50"," 42.50"," 43.49"," 14000"," 6.09"," 7"," 12000"," 85.71"
SAKAR," EQ"," 13-Aug-2026"," 935.80"," 938.50"," 946.95"," 901.05"," 915.00"," 918.30"," 916.13"," 99945"," 915.63"," 6846"," 51684"," 51.71"
SAKHTISUG," EQ"," 13-Aug-2026"," 16.93"," 16.80"," 17.80"," 16.80"," 17.26"," 17.14"," 17.34"," 194359"," 33.69"," 939"," 74438"," 38.30"
SAKSOFT," EQ"," 13-Aug-2026"," 163.00"," 163.00"," 169.00"," 162.65"," 168.01"," 168.34"," 167.09"," 527535"," 881.45"," 7203"," 202800"," 38.44"
SAKUMA," EQ"," 13-Aug-2026"," 1.65"," 1.66"," 1.68"," 1.64"," 1.67"," 1.67"," 1.66"," 510793"," 8.48"," 590"," 308801"," 60.46"
SALASAR," EQ"," 13-Aug-2026"," 5.76"," 5.84"," 6.65"," 5.81"," 5.87"," 5.90"," 6.04"," 16918751"," 1021.47"," 9451"," 7228325"," 42.72"
SALONA," EQ"," 13-Aug-2026"," 254.95"," 248.07"," 259.90"," 247.91"," 258.00"," 258.40"," 256.96"," 216"," 0.56"," 48"," 147"," 68.06"
SALSTEEL," EQ"," 13-Aug-2026"," 63.05"," 63.10"," 69.35"," 62.35"," 69.35"," 69.35"," 67.96"," 1402824"," 953.41"," 5676"," 702473"," 50.08"
SALZERELEC," EQ"," 13-Aug-2026"," 568.90"," 567.00"," 581.95"," 566.30"," 573.00"," 573.70"," 573.50"," 82137"," 471.05"," 3606"," 52248"," 63.61"
SAMAY," ST"," 13-Aug-2026"," 41.45"," 43.35"," 43.50"," 43.00"," 43.50"," 43.35"," 43.35"," 20000"," 8.67"," 5"," 20000"," 100.00"
SAMBHAAV," EQ"," 13-Aug-2026"," 6.69"," 6.72"," 6.92"," 6.50"," 6.57"," 6.58"," 6.60"," 21485"," 1.42"," 103"," 13354"," 62.15"
SAMBHV," EQ"," 13-Aug-2026"," 118.45"," 118.00"," 120.64"," 116.09"," 116.90"," 117.11"," 118.31"," 553428"," 654.77"," 4561"," 277777"," 50.19"
SAMHI," EQ"," 13-Aug-2026"," 164.51"," 164.48"," 167.00"," 164.05"," 164.30"," 164.77"," 165.07"," 348560"," 575.35"," 7075"," 204973"," 58.81"
SAMMAANCAP," EQ"," 13-Aug-2026"," 160.79"," 161.09"," 163.35"," 159.25"," 161.60"," 161.83"," 161.23"," 10040370"," 16187.84"," 27512"," 5793125"," 57.70"
SAMPANN," EQ"," 13-Aug-2026"," 26.41"," 26.89"," 26.89"," 26.21"," 26.69"," 26.36"," 26.40"," 9171"," 2.42"," 104"," 6416"," 69.96"
SANATHAN," EQ"," 13-Aug-2026"," 475.85"," 474.00"," 484.80"," 469.55"," 484.80"," 480.20"," 476.64"," 17230"," 82.13"," 1234"," 8088"," 46.94"
SANDESH," EQ"," 13-Aug-2026"," 1080.75"," 1070.75"," 1113.45"," 1065.15"," 1072.00"," 1076.40"," 1082.17"," 1869"," 20.23"," 218"," 1012"," 54.15"
SANDHAR," EQ"," 13-Aug-2026"," 626.50"," 633.05"," 634.05"," 609.85"," 616.00"," 615.15"," 622.22"," 157375"," 979.22"," 6436"," 91683"," 58.26"
SANDUMA," EQ"," 13-Aug-2026"," 202.89"," 202.89"," 204.40"," 201.50"," 202.00"," 201.93"," 202.61"," 238458"," 483.13"," 5281"," 133248"," 55.88"
SANGAMIND," EQ"," 13-Aug-2026"," 578.10"," 581.85"," 600.95"," 579.05"," 597.00"," 598.35"," 592.27"," 28181"," 166.91"," 2049"," 14621"," 51.88"
SANGANI," SM"," 13-Aug-2026"," 50.70"," 53.15"," 53.20"," 53.15"," 53.20"," 53.20"," 53.19"," 13500"," 7.18"," 9"," 13500"," 100.00"
SANGHVIMOV," EQ"," 13-Aug-2026"," 500.45"," 502.85"," 507.70"," 490.25"," 498.00"," 496.70"," 496.72"," 189209"," 939.84"," 8716"," 88083"," 46.55"
SANGINITA," BE"," 13-Aug-2026"," 55.64"," 54.53"," 54.53"," 54.53"," 54.53"," 54.53"," 54.53"," 34263"," 18.68"," 68"," -"," -"
SANOFI," EQ"," 13-Aug-2026"," 3243.60"," 3232.80"," 3260.00"," 3232.00"," 3243.50"," 3248.60"," 3248.72"," 7558"," 245.54"," 1793"," 4300"," 56.89"
SANOFICONR," EQ"," 13-Aug-2026"," 4478.50"," 4479.00"," 4527.90"," 4430.00"," 4432.00"," 4471.70"," 4469.90"," 6882"," 307.62"," 1772"," 3701"," 53.78"
SANSERA," EQ"," 13-Aug-2026"," 3878.30"," 3875.00"," 3875.00"," 3600.00"," 3781.70"," 3786.00"," 3728.76"," 971796"," 36235.90"," 102515"," 376550"," 38.75"
SANSTAR," EQ"," 13-Aug-2026"," 111.92"," 113.99"," 116.99"," 110.52"," 113.56"," 112.90"," 114.07"," 301750"," 344.22"," 2938"," 138023"," 45.74"
SANWARIA," BZ"," 13-Aug-2026"," 0.19"," 0.20"," 0.20"," 0.19"," 0.20"," 0.20"," 0.20"," 256420"," 0.51"," 106"," -"," -"
SAPPHIRE," EQ"," 13-Aug-2026"," 231.74"," 232.05"," 240.27"," 230.26"," 232.50"," 233.29"," 235.64"," 1572468"," 3705.36"," 20563"," 365179"," 23.22"
SAPPL," EQ"," 13-Aug-2026"," 282.20"," 282.20"," 290.00"," 269.95"," 272.05"," 278.75"," 276.21"," 1291"," 3.57"," 58"," 1078"," 83.50"
SARDAEN," EQ"," 13-Aug-2026"," 489.45"," 495.00"," 542.50"," 492.25"," 518.75"," 523.30"," 530.41"," 23546092"," 124891.60"," 356755"," 1220086"," 5.18"
SAREGAMA," EQ"," 13-Aug-2026"," 516.05"," 520.25"," 541.95"," 518.00"," 531.00"," 531.65"," 532.05"," 646371"," 3438.99"," 21891"," 246039"," 38.06"
SARLAPOLY," EQ"," 13-Aug-2026"," 100.44"," 100.50"," 102.02"," 98.85"," 101.00"," 101.55"," 100.86"," 54656"," 55.13"," 899"," 41442"," 75.82"
SAROJA," SM"," 13-Aug-2026"," 30.50"," 31.45"," 31.45"," 31.45"," 31.45"," 31.45"," 31.45"," 3200"," 1.01"," 1"," 3200"," 100.00"
SARTELE," SM"," 13-Aug-2026"," 113.80"," 112.00"," 112.70"," 110.00"," 110.55"," 110.80"," 111.07"," 72000"," 79.97"," 129"," 53000"," 73.61"
SARVESHWAR," EQ"," 13-Aug-2026"," 3.46"," 3.53"," 3.55"," 3.44"," 3.48"," 3.45"," 3.47"," 1143621"," 39.72"," 1396"," 799625"," 69.92"
SASKEN," EQ"," 13-Aug-2026"," 1926.40"," 1934.90"," 2019.00"," 1908.20"," 1991.00"," 2001.80"," 1970.62"," 24774"," 488.20"," 2904"," 12032"," 48.57"
SATECH," SM"," 13-Aug-2026"," 35.25"," 38.65"," 38.65"," 35.90"," 35.90"," 35.90"," 36.73"," 16000"," 5.88"," 14"," 13000"," 81.25"
SATIA," EQ"," 13-Aug-2026"," 61.53"," 62.48"," 62.48"," 60.42"," 60.75"," 60.88"," 60.97"," 41497"," 25.30"," 630"," 28062"," 67.62"
SATIN," EQ"," 13-Aug-2026"," 223.41"," 221.40"," 224.84"," 219.38"," 221.00"," 221.12"," 221.47"," 354201"," 784.45"," 6095"," 186987"," 52.79"
SATIPOLY," ST"," 13-Aug-2026"," 43.70"," 44.95"," 44.95"," 44.95"," 44.95"," 44.95"," 44.95"," 500"," 0.22"," 1"," 500"," 100.00"
SATKARTAR," SM"," 13-Aug-2026"," 121.05"," 120.50"," 122.75"," 120.50"," 121.15"," 121.15"," 121.48"," 13600"," 16.52"," 12"," 11200"," 82.35"
SATTVAENGG," SM"," 13-Aug-2026"," 77.00"," 75.05"," 76.50"," 74.00"," 74.00"," 74.00"," 74.69"," 25600"," 19.12"," 14"," 22400"," 87.50"
SAURASHCEM," EQ"," 13-Aug-2026"," 60.93"," 62.90"," 62.90"," 60.21"," 62.50"," 61.34"," 61.59"," 167215"," 102.99"," 1206"," 109423"," 65.44"
SAVY," SM"," 13-Aug-2026"," 128.00"," 127.80"," 132.00"," 127.70"," 131.75"," 131.75"," 130.08"," 16800"," 21.85"," 14"," 13200"," 78.57"
SAWALIYA," SM"," 13-Aug-2026"," 288.20"," 288.00"," 289.45"," 282.00"," 286.00"," 286.35"," 286.69"," 96000"," 275.22"," 72"," 67800"," 70.63"
SAYAJIHOTL," EQ"," 13-Aug-2026"," 328.00"," 325.00"," 325.00"," 325.00"," 325.00"," 325.00"," 325.00"," 6"," 0.02"," 2"," 6"," 100.00"
SBC," EQ"," 13-Aug-2026"," 40.19"," 40.27"," 41.05"," 35.36"," 36.80"," 38.55"," 39.64"," 10890918"," 4317.44"," 14737"," 2971958"," 27.29"
SBCL," EQ"," 13-Aug-2026"," 1026.65"," 1025.65"," 1059.35"," 1003.10"," 1010.50"," 1008.65"," 1027.56"," 282487"," 2902.74"," 15184"," 109054"," 38.60"
SBFC," EQ"," 13-Aug-2026"," 94.01"," 93.50"," 94.74"," 92.81"," 94.32"," 94.56"," 93.93"," 834650"," 783.95"," 11373"," 563997"," 67.57"
SBGLP," EQ"," 13-Aug-2026"," 25.69"," 26.35"," 26.35"," 24.95"," 25.97"," 25.54"," 25.63"," 20387"," 5.22"," 117"," 15095"," 74.04"
SBIBPB," EQ"," 13-Aug-2026"," 50.71"," 51.21"," 51.25"," 50.51"," 50.53"," 50.73"," 50.89"," 69637"," 35.44"," 428"," 51921"," 74.56"
SBICARD," EQ"," 13-Aug-2026"," 656.60"," 649.95"," 655.75"," 640.00"," 641.00"," 641.00"," 646.78"," 3890055"," 25160.24"," 45430"," 2955210"," 75.97"
SBIETFCON," EQ"," 13-Aug-2026"," 124.43"," 124.43"," 125.79"," 124.43"," 125.15"," 125.61"," 124.98"," 2803"," 3.50"," 72"," 2207"," 78.74"
SBIETFIT," EQ"," 13-Aug-2026"," 346.76"," 351.76"," 355.98"," 345.10"," 349.79"," 350.65"," 348.23"," 10854"," 37.80"," 221"," 4854"," 44.72"
SBIETFPB," EQ"," 13-Aug-2026"," 280.02"," 279.83"," 280.02"," 278.09"," 279.85"," 279.31"," 278.80"," 3116"," 8.69"," 112"," 2284"," 73.30"
SBIETFQLTY," EQ"," 13-Aug-2026"," 227.59"," 228.14"," 228.78"," 227.26"," 228.78"," 228.78"," 228.21"," 87"," 0.20"," 29"," 85"," 97.70"
SBIFUNDS," EQ"," 13-Aug-2026"," 568.80"," 568.80"," 570.00"," 562.50"," 563.00"," 563.50"," 564.68"," 1066349"," 6021.47"," 37119"," 667127"," 62.56"
SBILIFE," EQ"," 13-Aug-2026"," 1830.00"," 1828.60"," 1833.60"," 1805.50"," 1812.00"," 1812.00"," 1815.43"," 1421896"," 25813.46"," 54101"," 962214"," 67.67"
SBILIQETF," EQ"," 13-Aug-2026"," 1051.42"," 1051.55"," 1051.57"," 1051.55"," 1051.57"," 1051.57"," 1051.56"," 52097"," 547.83"," 50"," 33850"," 64.97"
SBIMIDMOM," EQ"," 13-Aug-2026"," 64.63"," 65.27"," 65.27"," 64.20"," 64.64"," 64.50"," 64.51"," 352915"," 227.66"," 371"," 346195"," 98.10"
SBIN," EQ"," 13-Aug-2026"," 1082.00"," 1083.00"," 1086.80"," 1073.00"," 1083.00"," 1083.00"," 1080.83"," 9502483"," 102705.83"," 135454"," 4868392"," 51.23"
SBINEQWETF," EQ"," 13-Aug-2026"," 34.01"," 33.33"," 34.48"," 33.33"," 34.00"," 33.90"," 33.90"," 34103"," 11.56"," 205"," 15521"," 45.51"
SBINMID150," EQ"," 13-Aug-2026"," 23.56"," 23.60"," 23.64"," 23.49"," 23.57"," 23.56"," 23.58"," 6131"," 1.45"," 105"," 5592"," 91.21"
SBISILVER," EQ"," 13-Aug-2026"," 231.39"," 238.33"," 238.33"," 225.29"," 226.45"," 226.31"," 227.21"," 1038830"," 2360.30"," 8408"," 481038"," 46.31"
SBISMLETF," EQ"," 13-Aug-2026"," 18.35"," 18.75"," 18.75"," 18.16"," 18.44"," 18.39"," 18.42"," 65196"," 12.01"," 172"," 62446"," 95.78"
SBIVALETF," EQ"," 13-Aug-2026"," 15.05"," 14.75"," 15.12"," 14.75"," 15.00"," 14.96"," 14.98"," 27742"," 4.15"," 53"," 21523"," 77.58"
SCANSTL," BE"," 13-Aug-2026"," 60.68"," 61.00"," 61.36"," 59.00"," 60.00"," 59.92"," 59.71"," 57134"," 34.12"," 134"," -"," -"
SCHAEFFLER," EQ"," 13-Aug-2026"," 4125.80"," 4144.60"," 4188.80"," 4082.00"," 4110.00"," 4111.20"," 4128.26"," 45118"," 1862.59"," 10038"," 27278"," 60.46"
SCHAND," EQ"," 13-Aug-2026"," 139.48"," 139.93"," 140.44"," 137.56"," 138.11"," 138.67"," 138.77"," 30948"," 42.95"," 1354"," 16614"," 53.68"
SCHNEIDER," EQ"," 13-Aug-2026"," 1431.90"," 1425.00"," 1449.00"," 1372.50"," 1384.10"," 1379.10"," 1399.00"," 275292"," 3851.34"," 25608"," 140722"," 51.12"
SCI," EQ"," 13-Aug-2026"," 298.80"," 297.00"," 303.70"," 292.65"," 295.50"," 294.45"," 298.85"," 1780757"," 5321.78"," 23943"," 622985"," 34.98"
SCILAL," EQ"," 13-Aug-2026"," 40.60"," 40.60"," 40.96"," 40.60"," 40.62"," 40.65"," 40.70"," 100370"," 40.85"," 1048"," 66838"," 66.59"
SCML," SM"," 13-Aug-2026"," 85.00"," 82.10"," 87.00"," 81.70"," 81.70"," 81.70"," 84.29"," 45000"," 37.93"," 39"," 35000"," 77.78"
SCODATUBES," EQ"," 13-Aug-2026"," 133.63"," 128.60"," 138.50"," 128.60"," 133.10"," 134.49"," 134.36"," 279392"," 375.38"," 5246"," 101847"," 36.45"
SCPL," EQ"," 13-Aug-2026"," 652.10"," 666.55"," 688.95"," 580.20"," 633.50"," 628.20"," 648.05"," 431253"," 2794.72"," 20274"," 112237"," 26.03"
SDBL," EQ"," 13-Aug-2026"," 71.50"," 71.50"," 76.25"," 71.50"," 74.15"," 74.37"," 74.60"," 2158931"," 1610.66"," 15735"," 821377"," 38.05"
SEAMECLTD," EQ"," 13-Aug-2026"," 1521.80"," 1539.00"," 1545.00"," 1519.70"," 1539.20"," 1532.30"," 1530.43"," 255511"," 3910.42"," 5326"," 224260"," 87.77"
SECMARK," EQ"," 13-Aug-2026"," 127.77"," 126.00"," 130.01"," 123.11"," 124.55"," 126.07"," 124.89"," 4093"," 5.11"," 54"," 3746"," 91.52"
SECURKLOUD," EQ"," 13-Aug-2026"," 18.64"," 18.70"," 19.12"," 18.16"," 18.64"," 18.53"," 18.60"," 5183"," 0.96"," 116"," 3929"," 75.81"
SEDEMAC," EQ"," 13-Aug-2026"," 3050.00"," 3079.90"," 3182.30"," 3036.00"," 3063.50"," 3059.80"," 3095.95"," 124661"," 3859.44"," 14590"," 44311"," 35.55"
SEIL," EQ"," 13-Aug-2026"," 205.07"," 204.00"," 206.99"," 203.50"," 205.00"," 204.90"," 204.85"," 135400"," 277.36"," 1880"," 98191"," 72.52"
SEJALLTD," EQ"," 13-Aug-2026"," 679.95"," 679.90"," 688.90"," 665.00"," 683.95"," 678.95"," 679.69"," 4900"," 33.31"," 422"," 2802"," 57.18"
SEL," SM"," 13-Aug-2026"," 280.10"," 283.80"," 308.00"," 283.80"," 303.30"," 306.65"," 302.62"," 12000"," 36.31"," 42"," 8000"," 66.67"
SELECTIPO," EQ"," 13-Aug-2026"," 48.57"," 48.92"," 48.92"," 48.70"," 48.74"," 48.74"," 48.80"," 25173"," 12.28"," 103"," 17883"," 71.04"
SELLOWRAP," SM"," 13-Aug-2026"," 66.20"," 66.50"," 67.50"," 65.00"," 67.50"," 67.50"," 66.97"," 83200"," 55.72"," 17"," 80000"," 96.15"
SELMC," EQ"," 13-Aug-2026"," 27.49"," 27.49"," 27.69"," 27.20"," 27.69"," 27.51"," 27.47"," 3118"," 0.86"," 69"," 2973"," 95.35"
SEMAC," BE"," 13-Aug-2026"," 301.20"," 301.20"," 316.25"," 301.20"," 316.25"," 316.25"," 314.74"," 173"," 0.54"," 9"," -"," -"
SENCO," EQ"," 13-Aug-2026"," 345.65"," 342.20"," 353.70"," 338.05"," 351.90"," 351.90"," 345.46"," 2618964"," 9047.53"," 45866"," 910104"," 34.75"
SENORES," EQ"," 13-Aug-2026"," 1492.40"," 1494.00"," 1514.80"," 1471.80"," 1490.00"," 1491.40"," 1485.41"," 122804"," 1824.14"," 10774"," 50307"," 40.97"
SENSEXADD," EQ"," 13-Aug-2026"," 80.26"," 80.47"," 80.47"," 80.13"," 80.18"," 80.18"," 80.28"," 7504"," 6.02"," 29"," 7027"," 93.64"
SENSEXAXIS," EQ"," 13-Aug-2026"," 81.00"," 81.00"," 81.78"," 80.68"," 81.70"," 81.23"," 80.99"," 11340"," 9.18"," 59"," 6346"," 55.96"
SENSEXBETA," EQ"," 13-Aug-2026"," 863.94"," 863.81"," 865.66"," 860.65"," 862.10"," 863.06"," 863.17"," 328"," 2.83"," 113"," 218"," 66.46"
SENSEXETF," EQ"," 13-Aug-2026"," 80.44"," 80.49"," 80.50"," 80.26"," 80.28"," 80.30"," 80.35"," 4821"," 3.87"," 137"," 3688"," 76.50"
SENSEXIETF," EQ"," 13-Aug-2026"," 896.87"," 901.35"," 901.35"," 893.87"," 896.02"," 897.03"," 897.14"," 9823"," 88.13"," 303"," 7542"," 76.78"
SEPC," EQ"," 13-Aug-2026"," 6.03"," 6.14"," 6.14"," 5.83"," 5.88"," 5.87"," 5.92"," 10614290"," 628.11"," 6116"," 5374543"," 50.63"
SERVICE," SM"," 13-Aug-2026"," 61.00"," 61.00"," 63.00"," 61.00"," 63.00"," 63.00"," 62.71"," 24000"," 15.05"," 10"," 24000"," 100.00"
SERVOTECH," EQ"," 13-Aug-2026"," 83.24"," 84.80"," 84.80"," 82.00"," 82.60"," 82.68"," 82.85"," 312116"," 258.58"," 3629"," 191729"," 61.43"
SESHAPAPER," EQ"," 13-Aug-2026"," 232.62"," 231.48"," 232.31"," 228.60"," 229.90"," 229.34"," 230.19"," 12671"," 29.17"," 437"," 8993"," 70.97"
SETCO," BE"," 13-Aug-2026"," 17.60"," 17.80"," 17.80"," 17.50"," 17.50"," 17.50"," 17.61"," 75085"," 13.22"," 70"," -"," -"
SETF10GILT," EQ"," 13-Aug-2026"," 265.84"," 265.87"," 266.99"," 265.51"," 266.40"," 266.84"," 266.03"," 10130"," 26.95"," 36"," 9483"," 93.61"
SETFGOLD," EQ"," 13-Aug-2026"," 130.48"," 129.92"," 130.99"," 128.83"," 129.64"," 129.54"," 129.50"," 3818211"," 4944.71"," 11720"," 2201968"," 57.67"
SETFNIF50," EQ"," 13-Aug-2026"," 262.98"," 264.04"," 264.04"," 262.14"," 262.92"," 262.84"," 262.86"," 481173"," 1264.79"," 3444"," 342461"," 71.17"
SETFNIFBK," EQ"," 13-Aug-2026"," 594.26"," 595.97"," 595.97"," 591.63"," 592.46"," 592.87"," 592.93"," 10163"," 60.26"," 470"," 6776"," 66.67"
SETFNN50," EQ"," 13-Aug-2026"," 799.62"," 806.30"," 806.30"," 799.00"," 802.00"," 801.14"," 800.61"," 13081"," 104.73"," 718"," 10160"," 77.67"
SETL," EQ"," 13-Aug-2026"," 300.05"," 300.90"," 302.15"," 294.25"," 297.00"," 297.65"," 299.89"," 451084"," 1352.74"," 6412"," 281634"," 62.43"
SETUINFRA," BZ"," 13-Aug-2026"," 0.43"," 0.43"," 0.44"," 0.41"," 0.44"," 0.42"," 0.41"," 23183"," 0.10"," 34"," -"," -"
SEYAIND," BE"," 13-Aug-2026"," 12.50"," 12.30"," 12.75"," 12.25"," 12.30"," 12.30"," 12.60"," 5586"," 0.70"," 34"," -"," -"
SFL," EQ"," 13-Aug-2026"," 691.10"," 687.70"," 707.35"," 683.50"," 694.85"," 695.95"," 697.33"," 170897"," 1191.71"," 13420"," 65202"," 38.15"
SGBAPR28I," GB"," 13-Aug-2026"," 15124.18"," 15115.00"," 15180.54"," 15080.00"," 15088.31"," 15088.31"," 15102.28"," 240"," 36.25"," 20"," 230"," 95.83"
SGBAUG27," GB"," 13-Aug-2026"," 15101.00"," 15100.00"," 15101.01"," 14982.00"," 14982.00"," 14982.00"," 15037.12"," 105"," 15.79"," 21"," 93"," 88.57"
SGBAUG28V," GB"," 13-Aug-2026"," 15110.15"," 15130.00"," 15169.93"," 15006.00"," 15026.06"," 15039.26"," 15094.50"," 727"," 109.74"," 129"," 577"," 79.37"
SGBAUG29V," GB"," 13-Aug-2026"," 15173.55"," 15198.00"," 15198.00"," 15075.02"," 15075.20"," 15075.20"," 15100.60"," 25"," 3.78"," 6"," 25"," 100.00"
SGBAUG30," GB"," 13-Aug-2026"," 15240.37"," 15240.37"," 15290.00"," 15076.78"," 15286.95"," 15213.76"," 15196.45"," 222"," 33.74"," 70"," 184"," 82.88"
SGBD29VIII," GB"," 13-Aug-2026"," 15175.00"," 15131.11"," 15151.00"," 15045.00"," 15060.00"," 15060.00"," 15102.01"," 119"," 17.97"," 27"," 68"," 57.14"
SGBDC27VII," GB"," 13-Aug-2026"," 15111.00"," 15020.11"," 15030.00"," 15020.11"," 15030.00"," 15030.00"," 15027.33"," 37"," 5.56"," 10"," 35"," 94.59"
SGBDE30III," GB"," 13-Aug-2026"," 15175.73"," 15186.00"," 15199.99"," 15075.00"," 15085.89"," 15084.61"," 15093.95"," 289"," 43.62"," 45"," 246"," 85.12"
SGBDE31III," GB"," 13-Aug-2026"," 15348.92"," 15348.92"," 15424.91"," 15211.01"," 15300.00"," 15297.76"," 15293.02"," 1010"," 154.46"," 152"," 685"," 67.82"
SGBDEC26," GB"," 13-Aug-2026"," 15125.26"," 15125.26"," 15127.00"," 15010.00"," 15100.00"," 15035.71"," 15100.50"," 65"," 9.82"," 18"," 57"," 87.69"
SGBFEB27," GB"," 13-Aug-2026"," 15150.00"," 15301.50"," 15349.50"," 15005.01"," 15349.50"," 15349.50"," 15121.00"," 16"," 2.42"," 6"," 15"," 93.75"
SGBFEB28IX," GB"," 13-Aug-2026"," 15103.84"," 15099.99"," 15099.99"," 14960.00"," 15098.00"," 15098.00"," 15082.52"," 19"," 2.87"," 4"," 19"," 100.00"
SGBFEB29XI," GB"," 13-Aug-2026"," 15122.66"," 15028.60"," 15100.00"," 15000.00"," 15000.00"," 15000.65"," 15042.48"," 125"," 18.80"," 22"," 71"," 56.80"
SGBFEB32IV," GB"," 13-Aug-2026"," 15398.25"," 15013.29"," 15589.69"," 15013.29"," 15301.01"," 15326.43"," 15340.24"," 1888"," 289.62"," 338"," 1205"," 63.82"
SGBJ28VIII," GB"," 13-Aug-2026"," 15099.99"," 15099.99"," 15099.99"," 15002.01"," 15003.01"," 15003.01"," 15026.76"," 4"," 0.60"," 4"," 4"," 100.00"
SGBJAN27," GB"," 13-Aug-2026"," 15100.00"," 15100.00"," 15100.00"," 15100.00"," 15100.00"," 15100.00"," 15100.00"," 3"," 0.45"," 3"," 3"," 100.00"
SGBJAN29IX," GB"," 13-Aug-2026"," 15118.41"," 15100.00"," 15145.00"," 15016.00"," 15060.00"," 15057.21"," 15093.76"," 326"," 49.21"," 40"," 254"," 77.91"
SGBJAN29X," GB"," 13-Aug-2026"," 15088.22"," 15100.00"," 15100.00"," 14985.00"," 15050.00"," 15040.57"," 15058.73"," 157"," 23.64"," 27"," 150"," 95.54"
SGBJAN30IX," GB"," 13-Aug-2026"," 15149.14"," 15224.88"," 15224.88"," 15050.99"," 15055.00"," 15055.00"," 15079.71"," 152"," 22.92"," 64"," 94"," 61.84"
SGBJU29III," GB"," 13-Aug-2026"," 15134.20"," 15063.81"," 15075.00"," 15063.81"," 15074.80"," 15074.80"," 15066.16"," 19"," 2.86"," 7"," 17"," 89.47"
SGBJUL27," GB"," 13-Aug-2026"," 15099.90"," 14961.02"," 14961.02"," 14961.02"," 14961.02"," 14961.02"," 14961.02"," 5"," 0.75"," 1"," 5"," 100.00"
SGBJUL28IV," GB"," 13-Aug-2026"," 15100.00"," 15100.00"," 15100.00"," 14950.00"," 15037.00"," 15022.22"," 15024.66"," 1085"," 163.02"," 102"," 862"," 79.45"
SGBJUL29IV," GB"," 13-Aug-2026"," 15125.04"," 15126.00"," 15132.99"," 15010.00"," 15050.00"," 15026.32"," 15028.42"," 320"," 48.09"," 49"," 262"," 81.88"
SGBJUN27," GB"," 13-Aug-2026"," 15053.01"," 15090.00"," 15100.00"," 15003.01"," 15006.00"," 15006.00"," 15045.34"," 24"," 3.61"," 7"," 24"," 100.00"
SGBJUN28," GB"," 13-Aug-2026"," 15140.00"," 15120.00"," 15120.00"," 15120.00"," 15120.00"," 15120.00"," 15120.00"," 3"," 0.45"," 2"," 3"," 100.00"
SGBJUN29II," GB"," 13-Aug-2026"," 15142.74"," 15142.74"," 15142.74"," 15005.01"," 15050.00"," 15043.26"," 15070.50"," 209"," 31.50"," 36"," 125"," 59.81"
SGBJUN30," GB"," 13-Aug-2026"," 15176.38"," 15100.00"," 15176.38"," 15060.00"," 15098.98"," 15081.26"," 15073.92"," 100"," 15.07"," 28"," 78"," 78.00"
SGBJUN31I," GB"," 13-Aug-2026"," 15257.06"," 15300.00"," 15387.99"," 15067.79"," 15130.00"," 15124.89"," 15138.85"," 1664"," 251.91"," 291"," 951"," 57.15"
SGBMAR28X," GB"," 13-Aug-2026"," 15150.00"," 15200.00"," 15263.99"," 15125.01"," 15200.00"," 15200.00"," 15187.76"," 278"," 42.22"," 28"," 252"," 90.65"
SGBMAR30X," GB"," 13-Aug-2026"," 15133.00"," 15137.01"," 15150.00"," 15056.00"," 15056.00"," 15063.31"," 15120.77"," 116"," 17.54"," 30"," 55"," 47.41"
SGBMAR31IV," GB"," 13-Aug-2026"," 15266.61"," 15400.00"," 15400.00"," 15110.00"," 15200.00"," 15190.57"," 15196.79"," 255"," 38.75"," 65"," 156"," 61.18"
SGBMAY28," GB"," 13-Aug-2026"," 15100.00"," 15100.00"," 15125.00"," 15017.01"," 15035.00"," 15034.99"," 15091.95"," 117"," 17.66"," 33"," 93"," 79.49"
SGBMAY29I," GB"," 13-Aug-2026"," 15120.19"," 15125.00"," 15140.00"," 15031.00"," 15040.00"," 15044.28"," 15066.69"," 546"," 82.26"," 57"," 445"," 81.50"
SGBMR29XII," GB"," 13-Aug-2026"," 15230.15"," 15230.15"," 15250.00"," 15110.00"," 15200.00"," 15199.85"," 15201.80"," 523"," 79.51"," 46"," 517"," 98.85"
SGBN28VIII," GB"," 13-Aug-2026"," 15140.36"," 15140.36"," 15150.00"," 15020.00"," 15025.00"," 15035.83"," 15082.58"," 173"," 26.09"," 46"," 134"," 77.46"
SGBNOV26," GB"," 13-Aug-2026"," 15018.64"," 15100.00"," 15150.00"," 15000.00"," 15039.39"," 15039.39"," 15048.90"," 153"," 23.02"," 24"," 104"," 67.97"
SGBNV29VII," GB"," 13-Aug-2026"," 15100.00"," 15100.00"," 15100.00"," 15010.00"," 15070.00"," 15054.15"," 15058.77"," 1730"," 260.52"," 115"," 1618"," 93.53"
SGBOC28VII," GB"," 13-Aug-2026"," 15125.00"," 15102.00"," 15102.00"," 15025.01"," 15060.00"," 15060.00"," 15098.54"," 231"," 34.88"," 14"," 230"," 99.57"
SGBOCT26," GB"," 13-Aug-2026"," 15134.00"," 15101.00"," 15101.00"," 15100.00"," 15100.00"," 15100.00"," 15100.14"," 29"," 4.38"," 6"," 26"," 89.66"
SGBOCT27," GB"," 13-Aug-2026"," 15180.00"," 15100.00"," 15150.00"," 15100.00"," 15100.00"," 15100.00"," 15100.28"," 178"," 26.88"," 17"," 178"," 100.00"
SGBOCT27VI," GB"," 13-Aug-2026"," 15100.00"," 15100.00"," 15100.01"," 15058.25"," 15060.00"," 15062.00"," 15097.10"," 230"," 34.72"," 17"," 218"," 94.78"
SGBSEP27," GB"," 13-Aug-2026"," 15200.00"," 15200.00"," 15200.00"," 15160.00"," 15200.00"," 15199.99"," 15199.68"," 251"," 38.15"," 10"," 249"," 99.20"
SGBSEP28VI," GB"," 13-Aug-2026"," 15227.75"," 15250.00"," 15250.01"," 15150.00"," 15200.00"," 15198.67"," 15213.40"," 1034"," 157.31"," 68"," 1015"," 98.16"
SGBSEP29VI," GB"," 13-Aug-2026"," 15225.48"," 15220.00"," 15220.00"," 15150.00"," 15200.00"," 15191.97"," 15203.07"," 415"," 63.09"," 25"," 403"," 97.11"
SGBSEP31II," GB"," 13-Aug-2026"," 15313.37"," 15313.37"," 15335.01"," 15151.01"," 15265.01"," 15239.09"," 15207.62"," 1920"," 291.99"," 328"," 1119"," 58.28"
SGFIN," EQ"," 13-Aug-2026"," 651.45"," 657.30"," 665.00"," 639.95"," 658.50"," 657.70"," 651.57"," 264897"," 1725.98"," 8801"," 136510"," 51.53"
SGIL," EQ"," 13-Aug-2026"," 600.15"," 624.90"," 624.90"," 526.00"," 526.00"," 538.75"," 556.73"," 82482"," 459.20"," 2137"," 47691"," 57.82"
SGL," EQ"," 13-Aug-2026"," 9.91"," 9.91"," 10.14"," 9.51"," 10.08"," 9.74"," 9.84"," 3092"," 0.30"," 52"," 2085"," 67.43"
SGMART," EQ"," 13-Aug-2026"," 717.60"," 721.00"," 752.90"," 720.00"," 745.00"," 747.15"," 739.89"," 750323"," 5551.59"," 32360"," 275837"," 36.76"
SHADOWFAX," EQ"," 13-Aug-2026"," 247.39"," 247.39"," 254.90"," 245.77"," 251.00"," 248.25"," 251.02"," 3525524"," 8849.71"," 32187"," 1762473"," 49.99"
SHAH," EQ"," 13-Aug-2026"," 4.09"," 4.15"," 4.28"," 4.09"," 4.15"," 4.16"," 4.20"," 10567230"," 443.62"," 8113"," 4659841"," 44.10"
SHAHALLOYS," EQ"," 13-Aug-2026"," 71.46"," 71.46"," 75.60"," 71.46"," 74.00"," 74.38"," 74.18"," 62950"," 46.70"," 411"," 53226"," 84.55"
SHAILY," EQ"," 13-Aug-2026"," 3434.00"," 3434.00"," 3474.00"," 3380.00"," 3409.00"," 3406.90"," 3417.10"," 94358"," 3224.31"," 13696"," 36863"," 39.07"
SHAKTIPUMP," EQ"," 13-Aug-2026"," 510.25"," 508.25"," 511.00"," 505.25"," 506.40"," 506.05"," 506.95"," 214864"," 1089.25"," 9435"," 134218"," 62.47"
SHALBY," EQ"," 13-Aug-2026"," 157.28"," 157.19"," 159.96"," 155.00"," 155.30"," 156.15"," 156.72"," 83835"," 131.39"," 1938"," 54689"," 65.23"
SHALPAINTS," BE"," 13-Aug-2026"," 82.90"," 87.04"," 87.04"," 87.04"," 87.04"," 87.04"," 87.04"," 237918"," 207.08"," 276"," -"," -"
SHANKARA," EQ"," 13-Aug-2026"," 141.84"," 141.13"," 141.84"," 140.69"," 141.20"," 141.39"," 141.30"," 16488"," 23.30"," 339"," 9550"," 57.92"
SHANTI," EQ"," 13-Aug-2026"," 6.24"," 6.20"," 6.45"," 6.02"," 6.25"," 6.20"," 6.16"," 34544"," 2.13"," 84"," 29825"," 86.34"
SHANTIGEAR," EQ"," 13-Aug-2026"," 399.20"," 399.20"," 401.40"," 390.90"," 395.00"," 394.30"," 395.37"," 14567"," 57.59"," 843"," 8775"," 60.24"
SHANTIGOLD," EQ"," 13-Aug-2026"," 230.20"," 232.00"," 237.00"," 224.50"," 230.90"," 231.90"," 231.22"," 2431205"," 5621.46"," 28403"," 1006700"," 41.41"
SHARDACROP," EQ"," 13-Aug-2026"," 797.85"," 797.00"," 800.00"," 785.05"," 794.80"," 792.70"," 792.95"," 142480"," 1129.79"," 8100"," 62996"," 44.21"
SHARDAMOTR," EQ"," 13-Aug-2026"," 880.55"," 880.55"," 888.95"," 871.90"," 885.60"," 881.95"," 881.91"," 112797"," 994.77"," 10189"," 54777"," 48.56"
SHARDUL," BE"," 13-Aug-2026"," 47.43"," 49.80"," 49.80"," 49.80"," 49.80"," 49.80"," 49.80"," 9481"," 4.72"," 54"," -"," -"
SHAREINDIA," EQ"," 13-Aug-2026"," 165.72"," 165.99"," 175.00"," 165.99"," 172.00"," 173.31"," 171.08"," 683125"," 1168.66"," 7285"," 320593"," 46.93"
SHARIABEES," EQ"," 13-Aug-2026"," 471.76"," 474.85"," 475.76"," 469.85"," 471.00"," 471.45"," 471.41"," 9137"," 43.07"," 389"," 4876"," 53.37"
SHBAJRG," EQ"," 13-Aug-2026"," 178.40"," 178.51"," 182.85"," 169.68"," 173.90"," 172.61"," 172.39"," 10212"," 17.60"," 181"," 7394"," 72.41"
SHEETAL," SM"," 13-Aug-2026"," 332.00"," 332.50"," 339.00"," 331.00"," 331.00"," 333.40"," 332.81"," 4000"," 13.31"," 8"," 3000"," 75.00"
SHEKHAWATI," EQ"," 13-Aug-2026"," 19.82"," 21.00"," 21.80"," 19.10"," 20.69"," 20.33"," 21.06"," 863756"," 181.88"," 2990"," 261642"," 30.29"
SHEMAROO," BE"," 13-Aug-2026"," 130.07"," 130.07"," 131.37"," 125.00"," 127.00"," 127.54"," 126.98"," 6671"," 8.47"," 64"," -"," -"
SHERA," ST"," 13-Aug-2026"," 163.20"," 164.10"," 170.00"," 163.35"," 169.75"," 169.60"," 167.14"," 30000"," 50.14"," 29"," 29000"," 96.67"
SHETHJI," ST"," 13-Aug-2026"," 170.65"," 173.75"," 173.90"," 166.80"," 173.50"," 169.45"," 170.30"," 35000"," 59.61"," 28"," 34000"," 97.14"
SHILCTECH," EQ"," 13-Aug-2026"," 3854.30"," 3850.00"," 3977.00"," 3844.40"," 3944.00"," 3954.80"," 3921.57"," 45549"," 1786.23"," 8085"," 20405"," 44.80"
SHILPAMED," EQ"," 13-Aug-2026"," 805.20"," 803.90"," 813.00"," 769.10"," 809.00"," 807.05"," 793.02"," 1393365"," 11049.70"," 51129"," 539946"," 38.75"
SHINDL," EQ"," 13-Aug-2026"," 163.82"," 164.90"," 164.90"," 161.01"," 163.00"," 161.99"," 161.99"," 333889"," 540.87"," 219"," 287836"," 86.21"
SHIVALIK," BE"," 13-Aug-2026"," 265.14"," 266.46"," 267.77"," 256.70"," 260.00"," 260.24"," 264.22"," 19585"," 51.75"," 200"," -"," -"
SHIVAMAUTO," BE"," 13-Aug-2026"," 17.10"," 17.05"," 17.44"," 17.05"," 17.05"," 17.05"," 17.18"," 8504"," 1.46"," 35"," -"," -"
SHIVAMILLS," EQ"," 13-Aug-2026"," 59.59"," 59.00"," 61.00"," 59.00"," 60.75"," 60.06"," 59.87"," 1687"," 1.01"," 38"," 1292"," 76.59"
SHIVASHRIT," SM"," 13-Aug-2026"," 124.50"," 127.40"," 127.40"," 121.50"," 122.20"," 123.05"," 124.21"," 32000"," 39.75"," 25"," 16000"," 50.00"
SHIVATEX," EQ"," 13-Aug-2026"," 161.18"," 168.49"," 168.49"," 160.05"," 160.08"," 160.09"," 160.36"," 1600"," 2.57"," 40"," 1552"," 97.00"
SHIVAUM," EQ"," 13-Aug-2026"," 449.55"," 452.85"," 452.85"," 445.00"," 445.00"," 445.00"," 447.11"," 12010"," 53.70"," 118"," 7518"," 62.60"
SHK," EQ"," 13-Aug-2026"," 170.89"," 171.03"," 175.50"," 169.38"," 173.60"," 173.68"," 172.79"," 450923"," 779.15"," 6364"," 221355"," 49.09"
SHKSIL," SM"," 13-Aug-2026"," 40.00"," 37.85"," 37.85"," 36.90"," 37.00"," 36.95"," 37.22"," 20000"," 7.44"," 10"," 14000"," 70.00"
SHOPERSTOP," EQ"," 13-Aug-2026"," 423.90"," 420.90"," 428.95"," 412.95"," 428.00"," 427.90"," 423.37"," 55613"," 235.45"," 3490"," 23343"," 41.97"
SHRADHA," EQ"," 13-Aug-2026"," 33.73"," 34.15"," 34.20"," 33.85"," 34.19"," 34.03"," 34.04"," 16050"," 5.46"," 106"," 9138"," 56.93"
SHREDIGCEM," EQ"," 13-Aug-2026"," 71.12"," 71.10"," 72.40"," 71.05"," 72.34"," 72.05"," 71.99"," 109860"," 79.09"," 979"," 92947"," 84.60"
SHREECEM," EQ"," 13-Aug-2026"," 25570.00"," 25570.00"," 25575.00"," 25050.00"," 25245.00"," 25245.00"," 25141.42"," 16386"," 4119.67"," 6743"," 7871"," 48.03"
SHREEDHAR," ST"," 13-Aug-2026"," 107.00"," 111.85"," 112.00"," 111.85"," 112.00"," 111.90"," 111.93"," 4000"," 4.48"," 2"," 4000"," 100.00"
SHREEJISPG," EQ"," 13-Aug-2026"," 641.65"," 648.60"," 659.10"," 645.35"," 656.50"," 654.85"," 652.54"," 680465"," 4440.28"," 8403"," 338712"," 49.78"
SHREEKARNI," SM"," 13-Aug-2026"," 367.85"," 378.00"," 378.00"," 355.05"," 371.75"," 371.75"," 363.05"," 7500"," 27.23"," 32"," 6000"," 80.00"
SHREEOSFM," SM"," 13-Aug-2026"," 60.00"," 60.00"," 60.45"," 58.25"," 60.25"," 60.20"," 59.91"," 15000"," 8.99"," 12"," 14000"," 93.33"
SHREEPUSHK," EQ"," 13-Aug-2026"," 400.90"," 397.20"," 397.25"," 368.10"," 368.20"," 370.00"," 375.72"," 218796"," 822.05"," 5554"," 105372"," 48.16"
SHREERAMA," EQ"," 13-Aug-2026"," 38.38"," 38.75"," 41.89"," 37.75"," 39.97"," 39.89"," 40.07"," 643880"," 257.98"," 4312"," 263673"," 40.95"
SHRENIK," BZ"," 13-Aug-2026"," 0.32"," 0.33"," 0.33"," 0.31"," 0.33"," 0.32"," 0.32"," 423066"," 1.36"," 187"," -"," -"
SHREYANIND," EQ"," 13-Aug-2026"," 142.53"," 140.00"," 140.00"," 132.21"," 134.00"," 133.26"," 134.89"," 16704"," 22.53"," 403"," 11804"," 70.67"
SHRIAHIMSA," ST"," 13-Aug-2026"," 386.55"," 381.00"," 390.00"," 381.00"," 390.00"," 390.00"," 387.00"," 4800"," 18.58"," 8"," 4200"," 87.50"
SHRIKANHA," SM"," 13-Aug-2026"," 21.60"," 22.65"," 22.65"," 22.65"," 22.65"," 22.65"," 22.65"," 6400"," 1.45"," 4"," 3200"," 50.00"
SHRIKRISH," EQ"," 13-Aug-2026"," 40.83"," 44.99"," 44.99"," 40.02"," 40.08"," 40.08"," 41.17"," 348"," 0.14"," 27"," 184"," 52.87"
SHRINGARMS," EQ"," 13-Aug-2026"," 229.71"," 230.00"," 234.70"," 225.02"," 226.90"," 227.16"," 230.20"," 1050304"," 2417.78"," 6670"," 330064"," 31.43"
SHRIPISTON," EQ"," 13-Aug-2026"," 4478.70"," 4503.30"," 4552.90"," 4402.30"," 4450.00"," 4487.70"," 4489.05"," 57244"," 2569.71"," 10818"," 30986"," 54.13"
SHRIRAMFIN," EQ"," 13-Aug-2026"," 1117.20"," 1135.00"," 1149.00"," 1124.30"," 1132.30"," 1132.30"," 1133.71"," 3757182"," 42595.51"," 67036"," 1926023"," 51.26"
SHRIRAMPPS," EQ"," 13-Aug-2026"," 83.30"," 81.20"," 82.00"," 77.33"," 78.80"," 78.01"," 78.52"," 2278373"," 1789.00"," 12885"," 1214869"," 53.32"
SHRITECH," SM"," 13-Aug-2026"," 60.00"," 61.00"," 61.00"," 58.65"," 59.10"," 59.10"," 60.18"," 38000"," 22.87"," 8"," 38000"," 100.00"
SHUBHLAXMI," SM"," 13-Aug-2026"," 18.30"," 18.95"," 19.20"," 18.95"," 19.20"," 19.05"," 19.01"," 4000"," 0.76"," 4"," 3000"," 75.00"
SHUBHSHREE," SM"," 13-Aug-2026"," 331.05"," 331.05"," 331.05"," 320.00"," 320.00"," 320.00"," 324.59"," 1800"," 5.84"," 6"," 1500"," 83.33"
SHYAMCENT," BE"," 13-Aug-2026"," 5.08"," 5.00"," 5.12"," 4.98"," 5.05"," 5.04"," 5.03"," 33654"," 1.69"," 73"," -"," -"
SHYAMDHANI," ST"," 13-Aug-2026"," 60.20"," 57.30"," 57.35"," 57.20"," 57.20"," 57.20"," 57.24"," 42000"," 24.04"," 21"," 30000"," 71.43"
SHYAMMETL," EQ"," 13-Aug-2026"," 986.60"," 989.80"," 990.70"," 976.10"," 982.80"," 978.70"," 981.68"," 625110"," 6136.56"," 7937"," 393590"," 62.96"
SHYAMTEL," BE"," 13-Aug-2026"," 14.40"," 14.99"," 14.99"," 14.10"," 14.70"," 14.73"," 14.45"," 4471"," 0.65"," 44"," -"," -"
SICAGEN," EQ"," 13-Aug-2026"," 60.67"," 61.29"," 61.50"," 58.50"," 60.95"," 60.83"," 60.05"," 62516"," 37.54"," 1025"," 37528"," 60.03"
SICALLOG," BE"," 13-Aug-2026"," 111.81"," 111.20"," 117.40"," 109.99"," 117.40"," 117.40"," 115.86"," 93979"," 108.89"," 264"," -"," -"
SIDDHICOTS," SM"," 13-Aug-2026"," 28.00"," 27.90"," 28.00"," 27.55"," 28.00"," 28.00"," 27.86"," 10800"," 3.01"," 7"," 9600"," 88.89"
SIDDHIKA," SM"," 13-Aug-2026"," 222.00"," 213.55"," 215.05"," 213.55"," 215.05"," 215.05"," 214.75"," 2500"," 5.37"," 5"," 2500"," 100.00"
SIEMENS," EQ"," 13-Aug-2026"," 4019.00"," 4020.00"," 4024.00"," 3951.00"," 3987.00"," 3987.00"," 3985.94"," 233755"," 9317.34"," 19572"," 84072"," 35.97"
SIGACHI," BE"," 13-Aug-2026"," 26.52"," 27.00"," 27.84"," 26.20"," 27.84"," 27.77"," 27.52"," 2224610"," 612.11"," 2785"," -"," -"
SIGIND," EQ"," 13-Aug-2026"," 68.46"," 69.99"," 71.94"," 68.12"," 68.99"," 68.58"," 69.64"," 73691"," 51.32"," 703"," 43500"," 59.03"
SIGMA," EQ"," 13-Aug-2026"," 46.05"," 46.70"," 46.90"," 44.71"," 45.40"," 45.69"," 45.60"," 77210"," 35.21"," 1197"," 41982"," 54.37"
SIGMAADV," BE"," 13-Aug-2026"," 683.85"," 651.00"," 692.00"," 651.00"," 692.00"," 687.15"," 671.67"," 197183"," 1324.42"," 3312"," -"," -"
SIGNATURE," EQ"," 13-Aug-2026"," 807.95"," 805.00"," 809.50"," 800.00"," 800.00"," 801.05"," 806.01"," 171186"," 1379.78"," 3637"," 6085"," 3.55"
SIGNORIA," ST"," 13-Aug-2026"," 166.00"," 168.50"," 168.50"," 164.00"," 166.95"," 166.95"," 166.48"," 3000"," 4.99"," 3"," 3000"," 100.00"
SIGNPOST," EQ"," 13-Aug-2026"," 269.35"," 266.90"," 273.55"," 266.20"," 270.00"," 267.50"," 268.93"," 75721"," 203.64"," 2232"," 31014"," 40.96"
SIKA," EQ"," 13-Aug-2026"," 1111.60"," 1120.90"," 1128.90"," 1087.50"," 1101.30"," 1104.00"," 1103.41"," 16941"," 186.93"," 1859"," 7847"," 46.32"
SIKKO," BE"," 13-Aug-2026"," 5.52"," 5.25"," 5.79"," 5.25"," 5.79"," 5.79"," 5.43"," 1768561"," 96.01"," 923"," -"," -"
SIL," EQ"," 13-Aug-2026"," 19.38"," 19.99"," 20.48"," 18.51"," 19.20"," 18.97"," 19.59"," 128178"," 25.11"," 837"," 93215"," 72.72"
SILGO," EQ"," 13-Aug-2026"," 69.80"," 70.10"," 71.00"," 69.25"," 69.27"," 69.62"," 69.87"," 204775"," 143.07"," 1225"," 32496"," 15.87"
SILINV," EQ"," 13-Aug-2026"," 424.35"," 425.00"," 447.00"," 425.00"," 428.10"," 431.95"," 435.24"," 6471"," 28.16"," 586"," 3204"," 49.51"
SILKFLEX," SM"," 13-Aug-2026"," 210.15"," 208.80"," 208.80"," 202.65"," 204.50"," 204.50"," 206.73"," 13000"," 26.88"," 10"," 13000"," 100.00"
SILLYMONKS," EQ"," 13-Aug-2026"," 15.80"," 16.88"," 16.88"," 15.71"," 15.72"," 16.25"," 16.40"," 6181"," 1.01"," 87"," 3610"," 58.40"
SILVER," EQ"," 13-Aug-2026"," 235.69"," 234.98"," 234.98"," 229.55"," 230.97"," 230.94"," 231.63"," 1021430"," 2365.96"," 9189"," 325791"," 31.90"
SILVER1," EQ"," 13-Aug-2026"," 22.90"," 23.00"," 23.00"," 22.33"," 22.46"," 22.40"," 22.51"," 5782327"," 1301.86"," 4908"," 1437639"," 24.86"
SILVER360," EQ"," 13-Aug-2026"," 232.06"," 230.61"," 230.61"," 226.05"," 228.00"," 227.32"," 227.94"," 16393"," 37.37"," 473"," 3310"," 20.19"
SILVERADD," EQ"," 13-Aug-2026"," 227.85"," 225.30"," 225.56"," 221.73"," 223.10"," 222.78"," 223.46"," 143903"," 321.56"," 2803"," 52950"," 36.80"
SILVERAG," EQ"," 13-Aug-2026"," 229.95"," 230.10"," 230.10"," 223.84"," 225.30"," 225.21"," 225.56"," 286422"," 646.05"," 4143"," 123799"," 43.22"
SILVERAXIS," EQ"," 13-Aug-2026"," 234.77"," 234.77"," 234.77"," 228.59"," 230.20"," 229.98"," 230.76"," 194475"," 448.78"," 2158"," 75477"," 38.81"
SILVERBEES," EQ"," 13-Aug-2026"," 225.76"," 223.94"," 224.22"," 219.90"," 221.28"," 220.97"," 221.64"," 24578641"," 54477.13"," 77790"," 9521033"," 38.74"
SILVERBETA," EQ"," 13-Aug-2026"," 228.02"," 226.93"," 226.94"," 222.00"," 223.55"," 223.17"," 223.82"," 635420"," 1422.21"," 4378"," 373658"," 58.80"
SILVERBND," EQ"," 13-Aug-2026"," 236.53"," 236.53"," 236.53"," 230.42"," 232.39"," 231.79"," 232.47"," 3219"," 7.48"," 161"," 1897"," 58.93"
SILVERCASE," EQ"," 13-Aug-2026"," 23.93"," 24.52"," 24.52"," 23.35"," 23.48"," 23.44"," 23.55"," 8177861"," 1926.15"," 7514"," 2652225"," 32.43"
SILVERIETF," EQ"," 13-Aug-2026"," 235.61"," 234.99"," 234.99"," 229.72"," 231.01"," 230.87"," 231.53"," 2914804"," 6748.71"," 19911"," 1333071"," 45.73"
SILVERTUC," EQ"," 13-Aug-2026"," 205.88"," 206.47"," 209.00"," 203.30"," 209.00"," 206.32"," 206.37"," 344944"," 711.87"," 5248"," 105689"," 30.64"
SIMBHALS," BZ"," 13-Aug-2026"," 7.04"," 7.03"," 7.10"," 6.75"," 7.00"," 7.00"," 6.85"," 53222"," 3.65"," 140"," -"," -"
SIMCA," SM"," 13-Aug-2026"," 240.80"," 242.10"," 245.45"," 241.65"," 243.00"," 243.00"," 242.76"," 4200"," 10.20"," 7"," 2400"," 57.14"
SIMPLEXINF," EQ"," 13-Aug-2026"," 252.31"," 255.00"," 258.71"," 249.01"," 249.01"," 250.75"," 252.04"," 44526"," 112.22"," 1457"," 19144"," 43.00"
SINCLAIR," EQ"," 13-Aug-2026"," 77.00"," 75.50"," 77.65"," 75.50"," 76.01"," 76.11"," 76.38"," 4839"," 3.70"," 234"," 1701"," 35.15"
SINDHUTRAD," EQ"," 13-Aug-2026"," 24.20"," 24.38"," 24.39"," 23.61"," 23.96"," 23.79"," 23.98"," 472685"," 113.36"," 976"," 348750"," 73.78"
SINGERIND," EQ"," 13-Aug-2026"," 91.30"," 88.91"," 88.91"," 81.81"," 85.00"," 85.30"," 85.31"," 1474473"," 1257.90"," 14560"," 621737"," 42.17"
SINTERCOM," EQ"," 13-Aug-2026"," 82.95"," 82.97"," 83.00"," 80.00"," 80.00"," 80.00"," 80.30"," 3527"," 2.83"," 66"," 3455"," 97.96"
SIRCA," EQ"," 13-Aug-2026"," 435.90"," 437.15"," 441.80"," 432.20"," 432.20"," 433.40"," 437.63"," 280453"," 1227.35"," 3795"," 54080"," 19.28"
SIS," EQ"," 13-Aug-2026"," 438.80"," 440.00"," 441.70"," 430.10"," 433.00"," 434.80"," 434.31"," 406346"," 1764.81"," 17956"," 267194"," 65.76"
SITINET," BZ"," 13-Aug-2026"," 0.29"," 0.30"," 0.30"," 0.29"," 0.30"," 0.29"," 0.30"," 813087"," 2.43"," 281"," -"," -"
SIYSIL," EQ"," 13-Aug-2026"," 630.90"," 635.70"," 647.00"," 630.00"," 641.00"," 641.40"," 637.72"," 48625"," 310.09"," 2535"," 36054"," 74.15"
SJLOGISTIC," SM"," 13-Aug-2026"," 316.20"," 329.00"," 329.00"," 311.40"," 314.45"," 312.05"," 313.96"," 30750"," 96.54"," 76"," 22750"," 73.98"
SJS," EQ"," 13-Aug-2026"," 2436.80"," 2425.00"," 2441.40"," 2388.80"," 2409.50"," 2405.00"," 2417.62"," 106355"," 2571.26"," 12505"," 58562"," 55.06"
SJVN," EQ"," 13-Aug-2026"," 67.11"," 67.10"," 67.40"," 66.91"," 67.18"," 67.13"," 67.09"," 960366"," 644.31"," 9197"," 568411"," 59.19"
SKFINDIA," EQ"," 13-Aug-2026"," 1527.60"," 1560.80"," 1716.90"," 1550.00"," 1601.00"," 1606.30"," 1635.41"," 1387004"," 22683.15"," 98759"," 186996"," 13.48"
SKFINDUS," EQ"," 13-Aug-2026"," 2722.40"," 2619.10"," 2748.60"," 2619.10"," 2740.00"," 2723.40"," 2704.57"," 28381"," 767.59"," 7082"," 12384"," 43.63"
SKIPPER," EQ"," 13-Aug-2026"," 540.85"," 547.50"," 553.90"," 542.50"," 546.50"," 545.75"," 548.14"," 440384"," 2413.93"," 15226"," 202774"," 46.04"
SKMEGGPROD," EQ"," 13-Aug-2026"," 257.38"," 258.99"," 261.20"," 254.01"," 261.00"," 258.84"," 257.24"," 253310"," 651.61"," 5368"," 110382"," 43.58"
SKP," SM"," 13-Aug-2026"," 159.20"," 164.00"," 164.30"," 160.55"," 161.00"," 161.00"," 161.85"," 4500"," 7.28"," 9"," 4500"," 100.00"
SKYGOLD," EQ"," 13-Aug-2026"," 833.10"," 847.45"," 848.00"," 770.00"," 772.00"," 773.95"," 792.64"," 2043318"," 16196.15"," 59347"," 803567"," 39.33"
SLONE," ST"," 13-Aug-2026"," 138.85"," 137.00"," 138.50"," 131.95"," 138.50"," 136.90"," 134.95"," 4000"," 5.40"," 10"," 2800"," 70.00"
SMALL250," EQ"," 13-Aug-2026"," 18.36"," 18.40"," 18.48"," 18.38"," 18.39"," 18.38"," 18.42"," 239790"," 44.16"," 645"," 199120"," 83.04"
SMALLADD," EQ"," 13-Aug-2026"," 18.45"," 18.49"," 18.53"," 18.45"," 18.50"," 18.49"," 18.50"," 24494"," 4.53"," 139"," 18154"," 74.12"
SMALLCAP," EQ"," 13-Aug-2026"," 48.55"," 48.55"," 49.24"," 48.47"," 48.57"," 48.61"," 48.79"," 6754561"," 3295.25"," 3391"," 4040264"," 59.82"
SMALLGROWW," EQ"," 13-Aug-2026"," 48.89"," 48.17"," 49.30"," 48.07"," 48.90"," 48.89"," 48.69"," 4173"," 2.03"," 83"," 2844"," 68.15"
SMALLIETF," EQ"," 13-Aug-2026"," 18.40"," 18.40"," 18.69"," 18.36"," 18.49"," 18.49"," 18.43"," 81091"," 14.94"," 98"," 42543"," 52.46"
SMARTEN," ST"," 13-Aug-2026"," 51.00"," 51.00"," 51.00"," 49.00"," 50.00"," 49.90"," 49.86"," 19200"," 9.57"," 6"," 19200"," 100.00"
SMARTLINK," BE"," 13-Aug-2026"," 218.54"," 222.45"," 225.50"," 215.00"," 221.00"," 221.00"," 223.20"," 13003"," 29.02"," 60"," -"," -"
SMARTWORKS," EQ"," 13-Aug-2026"," 488.50"," 488.50"," 496.05"," 483.80"," 495.50"," 492.70"," 489.21"," 58999"," 288.63"," 2722"," 41036"," 69.55"
SMCGLOBAL," EQ"," 13-Aug-2026"," 79.04"," 78.85"," 79.40"," 78.52"," 79.40"," 79.07"," 78.91"," 238682"," 188.34"," 833"," 152874"," 64.05"
SML100CASE," EQ"," 13-Aug-2026"," 11.28"," 11.56"," 11.56"," 11.25"," 11.30"," 11.27"," 11.29"," 1120604"," 126.57"," 1258"," 630421"," 56.26"
SMLMAH," EQ"," 13-Aug-2026"," 5172.00"," 5172.00"," 5347.00"," 5075.00"," 5187.00"," 5172.00"," 5210.46"," 111181"," 5793.05"," 17508"," 29342"," 26.39"
SMLT," EQ"," 13-Aug-2026"," 68.75"," 70.80"," 70.80"," 67.12"," 68.00"," 67.95"," 68.96"," 9339"," 6.44"," 279"," 6705"," 71.80"
SMSPHARMA," EQ"," 13-Aug-2026"," 369.55"," 371.35"," 375.95"," 363.65"," 363.80"," 365.30"," 368.93"," 132662"," 489.43"," 3097"," 77007"," 58.05"
SNEHAA," SM"," 13-Aug-2026"," 46.00"," 48.00"," 48.00"," 47.00"," 47.00"," 47.00"," 47.50"," 4000"," 1.90"," 2"," 4000"," 100.00"
SNOWMAN," EQ"," 13-Aug-2026"," 39.12"," 39.12"," 39.39"," 38.04"," 38.39"," 38.32"," 38.62"," 127413"," 49.21"," 1371"," 73148"," 57.41"
SNXT30BEES," EQ"," 13-Aug-2026"," 43.77"," 43.81"," 44.00"," 43.40"," 43.40"," 43.41"," 43.61"," 6893"," 3.01"," 63"," 4641"," 67.33"
SNXT50BETA," EQ"," 13-Aug-2026"," 95.65"," 95.65"," 96.98"," 95.65"," 96.85"," 96.85"," 96.62"," 1657"," 1.60"," 70"," 1185"," 71.51"
SOBHA," EQ"," 13-Aug-2026"," 1333.70"," 1346.00"," 1350.00"," 1332.70"," 1335.10"," 1342.60"," 1339.96"," 35743"," 478.94"," 3869"," 15970"," 44.68"
SOCL," SM"," 13-Aug-2026"," 27.80"," 29.00"," 29.00"," 28.00"," 28.50"," 28.50"," 28.57"," 17600"," 5.03"," 10"," 17600"," 100.00"
SOFTTECH," EQ"," 13-Aug-2026"," 411.35"," 419.80"," 431.90"," 419.80"," 422.00"," 423.30"," 426.74"," 8042"," 34.32"," 129"," 7230"," 89.90"
SOLARA," EQ"," 13-Aug-2026"," 505.60"," 506.00"," 522.00"," 506.00"," 518.15"," 518.35"," 516.33"," 113276"," 584.88"," 5029"," 54477"," 48.09"
SOLARINDS," EQ"," 13-Aug-2026"," 18730.00"," 18843.00"," 20400.00"," 18744.00"," 20324.00"," 20324.00"," 19658.31"," 704549"," 138502.45"," 131422"," 139819"," 19.85"
SOLARWORLD," EQ"," 13-Aug-2026"," 161.37"," 161.37"," 166.79"," 161.37"," 164.50"," 164.14"," 164.63"," 256674"," 422.56"," 4663"," 133702"," 52.09"
SOLEX," EQ"," 13-Aug-2026"," 899.55"," 901.00"," 905.45"," 862.00"," 884.10"," 883.75"," 881.77"," 52119"," 459.57"," 3535"," 29361"," 56.33"
SOMANYCERA," EQ"," 13-Aug-2026"," 508.05"," 520.00"," 556.80"," 508.05"," 519.90"," 519.15"," 531.22"," 2044121"," 10858.77"," 63531"," 592857"," 29.00"
SOMATEX," EQ"," 13-Aug-2026"," 92.29"," 92.06"," 92.29"," 90.00"," 90.50"," 90.58"," 91.01"," 15548"," 14.15"," 413"," 11982"," 77.06"
SOMICONVEY," EQ"," 13-Aug-2026"," 87.59"," 87.93"," 88.00"," 85.52"," 87.10"," 87.65"," 86.71"," 15712"," 13.62"," 331"," 12316"," 78.39"
SONACOMS," EQ"," 13-Aug-2026"," 804.50"," 801.50"," 811.50"," 792.10"," 799.90"," 799.90"," 800.55"," 1739520"," 13925.68"," 36208"," 896123"," 51.52"
SONAMAC," SM"," 13-Aug-2026"," 34.50"," 36.20"," 36.20"," 33.20"," 35.00"," 35.00"," 34.90"," 14000"," 4.89"," 14"," 11000"," 78.57"
SONAMLTD," EQ"," 13-Aug-2026"," 54.70"," 54.62"," 55.89"," 53.26"," 53.56"," 53.74"," 54.57"," 14585"," 7.96"," 450"," 7769"," 53.27"
SONATSOFTW," EQ"," 13-Aug-2026"," 323.45"," 325.00"," 329.00"," 322.45"," 326.15"," 326.40"," 325.98"," 623653"," 2032.99"," 15197"," 167753"," 26.90"
SONUINFRA," ST"," 13-Aug-2026"," 39.45"," 37.55"," 38.00"," 37.55"," 37.60"," 37.60"," 37.69"," 16500"," 6.22"," 8"," 16500"," 100.00"
SOTAC," SM"," 13-Aug-2026"," 91.95"," 87.40"," 87.40"," 87.40"," 87.40"," 87.40"," 87.40"," 1200"," 1.05"," 1"," 1200"," 100.00"
SOTL," EQ"," 13-Aug-2026"," 695.90"," 694.50"," 701.50"," 680.00"," 681.00"," 681.90"," 687.09"," 164295"," 1128.85"," 6598"," 85847"," 52.25"
SOUTHBANK," EQ"," 13-Aug-2026"," 46.22"," 46.00"," 46.16"," 45.41"," 45.63"," 45.66"," 45.67"," 7199181"," 3287.81"," 21262"," 3507082"," 48.72"
SOUTHWEST," EQ"," 13-Aug-2026"," 219.13"," 222.13"," 229.00"," 219.81"," 223.20"," 223.31"," 223.46"," 89292"," 199.53"," 2349"," 47952"," 53.70"
SPAL," EQ"," 13-Aug-2026"," 975.90"," 983.70"," 1009.95"," 950.50"," 961.00"," 960.25"," 979.05"," 131954"," 1291.90"," 10374"," 56878"," 43.10"
SPANDANA," EQ"," 13-Aug-2026"," 245.00"," 245.90"," 252.95"," 244.75"," 251.00"," 251.00"," 249.40"," 166460"," 415.15"," 5562"," 69462"," 41.73"
SPARC," EQ"," 13-Aug-2026"," 202.21"," 202.22"," 205.43"," 201.00"," 205.00"," 204.28"," 203.88"," 483907"," 986.57"," 6305"," 230429"," 47.62"
SPCENET," EQ"," 13-Aug-2026"," 3.80"," 3.93"," 3.93"," 3.78"," 3.84"," 3.81"," 3.83"," 266905"," 10.21"," 550"," 204710"," 76.70"
SPCL," SM"," 13-Aug-2026"," 64.10"," 63.45"," 65.95"," 63.45"," 65.65"," 65.65"," 64.82"," 12600"," 8.17"," 21"," 7800"," 61.90"
SPCON," SM"," 13-Aug-2026"," 145.00"," 140.00"," 144.00"," 140.00"," 144.00"," 144.00"," 142.00"," 2400"," 3.41"," 2"," 1200"," 50.00"
SPEB," ST"," 13-Aug-2026"," 88.00"," 90.00"," 90.00"," 90.00"," 90.00"," 90.00"," 90.00"," 2000"," 1.80"," 1"," 2000"," 100.00"
SPECIALITY," EQ"," 13-Aug-2026"," 158.38"," 160.98"," 160.98"," 136.27"," 148.00"," 146.38"," 143.17"," 485386"," 694.95"," 9888"," 229290"," 47.24"
SPECTRUM," BE"," 13-Aug-2026"," 2283.60"," 2170.00"," 2375.00"," 2169.50"," 2375.00"," 2354.60"," 2265.16"," 13314"," 301.58"," 651"," -"," -"
SPECTSTM," SM"," 13-Aug-2026"," 60.90"," 61.00"," 62.45"," 61.00"," 62.45"," 62.45"," 61.63"," 5600"," 3.45"," 6"," 5600"," 100.00"
SPENCERS," EQ"," 13-Aug-2026"," 31.78"," 31.95"," 32.80"," 31.25"," 31.45"," 32.00"," 32.04"," 38623"," 12.37"," 1066"," 14152"," 36.64"
SPIC," EQ"," 13-Aug-2026"," 67.20"," 67.20"," 68.00"," 67.04"," 67.99"," 67.85"," 67.61"," 153481"," 103.77"," 1362"," 100738"," 65.64"
SPLIL," EQ"," 13-Aug-2026"," 31.34"," 31.43"," 34.80"," 30.64"," 32.68"," 31.96"," 32.76"," 14838"," 4.86"," 290"," 11401"," 76.84"
SPLPETRO," EQ"," 13-Aug-2026"," 725.65"," 734.00"," 736.00"," 715.00"," 715.00"," 716.65"," 723.49"," 82707"," 598.38"," 5194"," 39353"," 47.58"
SPMLINFRA," EQ"," 13-Aug-2026"," 191.34"," 194.00"," 196.86"," 185.60"," 186.00"," 186.78"," 190.05"," 276998"," 526.43"," 4566"," 117647"," 42.47"
SPORTKING," EQ"," 13-Aug-2026"," 203.53"," 203.98"," 206.04"," 198.25"," 199.10"," 200.02"," 201.92"," 240072"," 484.76"," 4291"," 141827"," 59.08"
SPUNWEB," SM"," 13-Aug-2026"," 101.00"," 99.00"," 99.00"," 98.00"," 99.00"," 98.65"," 98.78"," 10800"," 10.67"," 8"," 10800"," 100.00"
SRD," EQ"," 13-Aug-2026"," 40.48"," 41.00"," 42.42"," 39.00"," 40.50"," 41.07"," 40.68"," 149928"," 60.98"," 633"," 92530"," 61.72"
SREEL," EQ"," 13-Aug-2026"," 239.12"," 248.90"," 248.90"," 236.50"," 240.48"," 239.76"," 239.83"," 19529"," 46.84"," 369"," 16699"," 85.51"
SRF," EQ"," 13-Aug-2026"," 2585.00"," 2580.00"," 2616.40"," 2556.00"," 2608.70"," 2608.70"," 2582.12"," 336289"," 8683.39"," 29545"," 145591"," 43.29"
SRGHFL," EQ"," 13-Aug-2026"," 274.05"," 278.00"," 283.05"," 275.00"," 275.00"," 275.00"," 276.75"," 394"," 1.09"," 25"," 383"," 97.21"
SRHHYPOLTD," EQ"," 13-Aug-2026"," 502.00"," 501.90"," 505.65"," 489.20"," 494.00"," 494.10"," 499.49"," 10446"," 52.18"," 767"," 6534"," 62.55"
SRIVASAVI," ST"," 13-Aug-2026"," 86.00"," 82.05"," 82.05"," 81.70"," 81.70"," 81.70"," 81.92"," 6000"," 4.92"," 6"," 6000"," 100.00"
SRM," EQ"," 13-Aug-2026"," 516.70"," 512.60"," 517.90"," 488.50"," 499.50"," 501.10"," 502.79"," 120264"," 604.68"," 4552"," 61594"," 51.22"
SRTL," EQ"," 13-Aug-2026"," 39.82"," 40.18"," 40.18"," 39.40"," 39.55"," 39.50"," 39.69"," 37157"," 14.75"," 665"," 21969"," 59.12"
SSDL," EQ"," 13-Aug-2026"," 65.03"," 69.00"," 72.00"," 67.26"," 69.40"," 68.35"," 69.79"," 899945"," 628.08"," 8156"," 288978"," 32.11"
SSEGL," SM"," 13-Aug-2026"," 313.15"," 319.60"," 320.15"," 299.00"," 307.70"," 303.65"," 305.46"," 132200"," 403.81"," 428"," 88400"," 66.87"
SSFL," ST"," 13-Aug-2026"," 243.00"," 240.00"," 240.00"," 232.60"," 237.50"," 234.50"," 234.60"," 8000"," 18.77"," 15"," 7500"," 93.75"
SSFLPP," E1"," 13-Aug-2026"," 127.55"," 127.55"," 134.75"," 124.00"," 125.00"," 124.95"," 126.00"," 14144"," 17.82"," 161"," 13979"," 98.83"
SSWL," EQ"," 13-Aug-2026"," 312.50"," 313.40"," 316.95"," 308.70"," 310.70"," 310.55"," 312.36"," 354318"," 1106.74"," 8713"," 178723"," 50.44"
STALLION," BE"," 13-Aug-2026"," 253.35"," 253.35"," 257.00"," 240.70"," 243.00"," 241.35"," 245.86"," 1326673"," 3261.77"," 8326"," -"," -"
STANLEY," EQ"," 13-Aug-2026"," 142.01"," 142.00"," 146.90"," 140.54"," 145.00"," 145.28"," 144.43"," 173453"," 250.52"," 5235"," 78705"," 45.38"
STAR," EQ"," 13-Aug-2026"," 993.80"," 986.00"," 1004.50"," 984.00"," 985.00"," 989.20"," 992.16"," 184655"," 1832.07"," 10795"," 106647"," 57.75"
STARCEMENT," EQ"," 13-Aug-2026"," 199.75"," 201.30"," 201.80"," 199.00"," 200.75"," 201.30"," 200.96"," 95504"," 191.93"," 2188"," 55530"," 58.14"
STARHEALTH," EQ"," 13-Aug-2026"," 583.25"," 583.25"," 587.80"," 576.05"," 585.00"," 584.60"," 582.37"," 230272"," 1341.04"," 12402"," 147114"," 63.89"
STARPAPER," EQ"," 13-Aug-2026"," 153.69"," 155.50"," 155.50"," 145.30"," 151.00"," 150.23"," 150.73"," 15980"," 24.09"," 358"," 11997"," 75.08"
STARTECK," EQ"," 13-Aug-2026"," 257.25"," 279.85"," 279.85"," 263.80"," 264.50"," 264.50"," 264.31"," 8195"," 21.66"," 43"," 219"," 2.67"
STCINDIA," EQ"," 13-Aug-2026"," 117.37"," 117.30"," 118.67"," 116.02"," 116.35"," 116.33"," 117.54"," 28876"," 33.94"," 646"," 15331"," 53.09"
STEELCAS," EQ"," 13-Aug-2026"," 329.75"," 332.50"," 360.80"," 328.70"," 354.80"," 354.15"," 350.53"," 680178"," 2384.23"," 18031"," 230890"," 33.95"
STEELCITY," EQ"," 13-Aug-2026"," 79.42"," 78.70"," 83.88"," 77.00"," 81.80"," 82.58"," 80.61"," 16123"," 13.00"," 210"," 11034"," 68.44"
STEELXIND," EQ"," 13-Aug-2026"," 10.65"," 10.61"," 11.05"," 10.55"," 11.00"," 10.97"," 10.84"," 1677466"," 181.87"," 2700"," 991156"," 59.09"
STEL," EQ"," 13-Aug-2026"," 538.95"," 538.00"," 565.95"," 535.55"," 560.50"," 560.40"," 550.99"," 3048"," 16.79"," 168"," 2304"," 75.59"
STERTOOLS," BE"," 13-Aug-2026"," 222.65"," 219.10"," 225.00"," 219.10"," 222.30"," 221.80"," 222.25"," 13732"," 30.52"," 339"," -"," -"
STLNETWORK," EQ"," 13-Aug-2026"," 26.17"," 26.25"," 27.47"," 26.12"," 26.84"," 26.89"," 27.09"," 4634526"," 1255.30"," 6596"," 3054860"," 65.92"
STLTECH," BE"," 13-Aug-2026"," 651.00"," 653.50"," 683.50"," 653.50"," 667.80"," 660.80"," 674.73"," 2986860"," 20153.19"," 42502"," -"," -"
STOVEKRAFT," EQ"," 13-Aug-2026"," 799.10"," 798.00"," 799.20"," 768.70"," 777.65"," 775.40"," 781.31"," 104461"," 816.16"," 7272"," 54436"," 52.11"
STRIDERS," SM"," 13-Aug-2026"," 63.70"," 62.00"," 65.05"," 60.90"," 63.30"," 63.30"," 63.38"," 12800"," 8.11"," 6"," 6400"," 50.00"
STUDDS," EQ"," 13-Aug-2026"," 420.55"," 423.95"," 438.00"," 420.70"," 436.00"," 434.05"," 429.29"," 50342"," 216.11"," 2637"," 27948"," 55.52"
STUDIOLSD," SM"," 13-Aug-2026"," 9.20"," 9.20"," 9.20"," 9.00"," 9.00"," 9.00"," 9.06"," 8000"," 0.73"," 4"," 6000"," 75.00"
STYL," EQ"," 13-Aug-2026"," 410.85"," 412.30"," 433.85"," 407.40"," 418.70"," 417.25"," 420.80"," 436367"," 1836.23"," 12884"," 195819"," 44.87"
STYLAMIND," EQ"," 13-Aug-2026"," 3544.70"," 3547.00"," 3626.00"," 3521.00"," 3600.00"," 3595.70"," 3594.12"," 24495"," 880.38"," 6174"," 12991"," 53.04"
STYLEBAAZA," EQ"," 13-Aug-2026"," 351.30"," 352.00"," 361.95"," 345.00"," 345.00"," 347.90"," 354.26"," 462302"," 1637.77"," 3340"," 295883"," 64.00"
STYRENIX," EQ"," 13-Aug-2026"," 2215.50"," 2215.50"," 2235.00"," 2168.00"," 2193.90"," 2193.00"," 2195.94"," 50938"," 1118.57"," 5028"," 30301"," 59.49"
SUBAHOTELS," SM"," 13-Aug-2026"," 111.50"," 111.80"," 115.00"," 111.80"," 115.00"," 114.10"," 113.16"," 13200"," 14.94"," 11"," 10800"," 81.82"
SUBEXLTD," BE"," 13-Aug-2026"," 13.47"," 13.50"," 14.00"," 13.40"," 13.70"," 13.73"," 13.75"," 855715"," 117.64"," 1773"," -"," -"
SUBROS," EQ"," 13-Aug-2026"," 764.15"," 760.00"," 772.95"," 758.00"," 758.50"," 758.85"," 762.24"," 36825"," 280.69"," 2044"," 21095"," 57.28"
SUDARCOLOR," EQ"," 13-Aug-2026"," 405.80"," 415.60"," 415.60"," 400.00"," 405.00"," 407.35"," 406.07"," 13322"," 54.10"," 841"," 7450"," 55.92"
SUDARSCHEM," EQ"," 13-Aug-2026"," 1044.70"," 1062.00"," 1100.00"," 1022.00"," 1056.00"," 1052.80"," 1061.86"," 880041"," 9344.79"," 45151"," 280396"," 31.86"
SUDEEPPHRM," EQ"," 13-Aug-2026"," 1103.75"," 1134.00"," 1134.90"," 1086.00"," 1100.20"," 1100.80"," 1110.78"," 210809"," 2341.62"," 9405"," 96429"," 45.74"
SUKHJITS," EQ"," 13-Aug-2026"," 161.57"," 163.00"," 163.50"," 158.81"," 159.90"," 160.31"," 161.59"," 12677"," 20.49"," 269"," 8327"," 65.69"
SULA," EQ"," 13-Aug-2026"," 151.00"," 151.75"," 154.78"," 149.10"," 149.90"," 150.12"," 151.66"," 429738"," 651.73"," 7391"," 238465"," 55.49"
SUMEETINDS," EQ"," 13-Aug-2026"," 14.82"," 14.74"," 14.94"," 14.08"," 14.08"," 14.08"," 14.36"," 28594327"," 4107.42"," 25885"," 16418986"," 57.42"
SUMICHEM," EQ"," 13-Aug-2026"," 547.35"," 547.35"," 558.25"," 540.10"," 541.90"," 543.00"," 548.20"," 274916"," 1507.10"," 9756"," 115707"," 42.09"
SUMIT," EQ"," 13-Aug-2026"," 51.75"," 50.50"," 52.88"," 50.15"," 51.50"," 50.76"," 51.20"," 31032"," 15.89"," 878"," 14819"," 47.75"
SUMMITSEC," EQ"," 13-Aug-2026"," 1446.30"," 1437.40"," 1463.60"," 1436.00"," 1439.00"," 1440.90"," 1447.54"," 2357"," 34.12"," 349"," 1605"," 68.10"
SUNCLAY," EQ"," 13-Aug-2026"," 1188.40"," 1190.60"," 1249.90"," 1190.60"," 1242.20"," 1243.80"," 1235.21"," 10167"," 125.58"," 1742"," 5264"," 51.78"
SUNDARAM," EQ"," 13-Aug-2026"," 1.19"," 1.20"," 1.22"," 1.07"," 1.11"," 1.09"," 1.14"," 4646910"," 53.04"," 1983"," 3835007"," 82.53"
SUNDARMFIN," EQ"," 13-Aug-2026"," 4473.40"," 4474.50"," 4568.20"," 4460.90"," 4540.00"," 4546.00"," 4529.85"," 59546"," 2697.34"," 10851"," 41738"," 70.09"
SUNDRMBRAK," BE"," 13-Aug-2026"," 800.45"," 808.00"," 840.45"," 808.00"," 840.00"," 839.10"," 834.97"," 7945"," 66.34"," 285"," -"," -"
SUNDRMFAST," EQ"," 13-Aug-2026"," 1210.00"," 1219.00"," 1242.75"," 1194.80"," 1224.05"," 1229.00"," 1230.85"," 164015"," 2018.77"," 13276"," 79713"," 48.60"
SUNDROP," EQ"," 13-Aug-2026"," 669.80"," 669.05"," 669.05"," 660.00"," 663.20"," 663.20"," 663.25"," 10353"," 68.67"," 545"," 7326"," 70.76"
SUNFLAG," EQ"," 13-Aug-2026"," 359.60"," 363.15"," 368.00"," 355.10"," 358.00"," 357.30"," 361.49"," 93899"," 339.44"," 3022"," 47531"," 50.62"
SUNLITE," SM"," 13-Aug-2026"," 453.10"," 455.00"," 455.00"," 446.00"," 446.00"," 446.05"," 451.23"," 5400"," 24.37"," 17"," 4500"," 83.33"
SUNPHARMA," EQ"," 13-Aug-2026"," 1944.00"," 1943.00"," 1946.30"," 1931.10"," 1932.00"," 1932.00"," 1938.70"," 1216049"," 23575.54"," 80401"," 758400"," 62.37"
SUNREST," SM"," 13-Aug-2026"," 38.00"," 37.00"," 37.00"," 35.15"," 35.15"," 35.15"," 36.08"," 3200"," 1.15"," 2"," 3200"," 100.00"
SUNTECH," ST"," 13-Aug-2026"," 34.00"," 33.60"," 34.00"," 33.00"," 34.00"," 33.25"," 33.27"," 24000"," 7.99"," 8"," 24000"," 100.00"
SUNTECK," EQ"," 13-Aug-2026"," 292.70"," 295.55"," 300.00"," 292.50"," 298.95"," 299.35"," 296.56"," 114518"," 339.62"," 3397"," 56867"," 49.66"
SUNTV," EQ"," 13-Aug-2026"," 478.20"," 498.75"," 511.80"," 485.00"," 489.00"," 487.90"," 496.81"," 3843459"," 19094.85"," 82423"," 749336"," 19.50"
SUPERHOUSE," EQ"," 13-Aug-2026"," 158.53"," 159.36"," 179.00"," 159.00"," 169.00"," 168.00"," 169.07"," 19530"," 33.02"," 392"," 9387"," 48.06"
SUPERSPIN," BE"," 13-Aug-2026"," 6.00"," 5.88"," 5.89"," 5.88"," 5.88"," 5.88"," 5.88"," 1179"," 0.07"," 6"," -"," -"
SUPRAJIT," EQ"," 13-Aug-2026"," 523.45"," 522.20"," 530.70"," 520.30"," 528.40"," 524.15"," 525.12"," 76120"," 399.72"," 3812"," 48740"," 64.03"
SUPREME," EQ"," 13-Aug-2026"," 42.51"," 44.18"," 44.18"," 41.50"," 42.01"," 42.12"," 42.36"," 17210"," 7.29"," 228"," 12732"," 73.98"
SUPREMEENG," BZ"," 13-Aug-2026"," 2.41"," 2.37"," 2.37"," 2.37"," 2.37"," 2.37"," 2.37"," 1619350"," 38.38"," 206"," -"," -"
SUPREMEIND," EQ"," 13-Aug-2026"," 3459.90"," 3470.70"," 3516.60"," 3425.00"," 3497.00"," 3497.00"," 3476.34"," 149586"," 5200.12"," 15093"," 65605"," 43.86"
SUPREMEINF," EQ"," 13-Aug-2026"," 83.89"," 84.00"," 92.00"," 84.00"," 91.95"," 89.15"," 89.09"," 146183"," 130.23"," 2697"," 29079"," 19.89"
SUPREMEPWR," SM"," 13-Aug-2026"," 189.30"," 183.00"," 198.00"," 180.00"," 187.50"," 187.85"," 189.53"," 123500"," 234.07"," 201"," 82500"," 66.80"
SUPRIYA," EQ"," 13-Aug-2026"," 831.05"," 831.05"," 859.60"," 808.50"," 813.00"," 813.50"," 831.20"," 520083"," 4322.93"," 23960"," 214290"," 41.20"
SURAJEST," EQ"," 13-Aug-2026"," 209.33"," 209.33"," 218.54"," 209.33"," 214.00"," 215.97"," 214.32"," 341281"," 731.44"," 3263"," 270152"," 79.16"
SURAJLTD," EQ"," 13-Aug-2026"," 218.38"," 220.00"," 234.90"," 216.64"," 224.98"," 224.88"," 226.14"," 2402"," 5.43"," 122"," 1067"," 44.42"
SURAKSHA," EQ"," 13-Aug-2026"," 270.35"," 280.00"," 312.00"," 272.00"," 309.80"," 304.45"," 302.88"," 3887175"," 11773.55"," 80872"," 831617"," 21.39"
SURANASOL," EQ"," 13-Aug-2026"," 25.88"," 26.09"," 26.45"," 25.36"," 26.30"," 25.81"," 25.92"," 58645"," 15.20"," 746"," 34431"," 58.71"
SURANAT&P," EQ"," 13-Aug-2026"," 16.44"," 16.44"," 16.60"," 16.01"," 16.47"," 16.28"," 16.37"," 53377"," 8.74"," 515"," 39158"," 73.36"
SURANI," SM"," 13-Aug-2026"," 89.95"," 94.90"," 94.90"," 87.50"," 89.90"," 88.95"," 91.09"," 1400"," 1.28"," 7"," 1000"," 71.43"
SURYALA," EQ"," 13-Aug-2026"," 393.55"," 393.00"," 394.85"," 380.00"," 390.00"," 385.65"," 381.95"," 2130"," 8.14"," 81"," 2034"," 95.49"
SURYALAXMI," EQ"," 13-Aug-2026"," 58.43"," 58.72"," 59.11"," 56.00"," 57.00"," 57.44"," 58.33"," 7194"," 4.20"," 96"," 5833"," 81.08"
SURYAROSNI," EQ"," 13-Aug-2026"," 224.55"," 227.01"," 228.30"," 222.10"," 222.99"," 222.85"," 224.87"," 687719"," 1546.47"," 11294"," 387608"," 56.36"
SURYODAY," EQ"," 13-Aug-2026"," 160.89"," 160.98"," 161.00"," 155.27"," 156.35"," 156.39"," 157.93"," 619916"," 979.04"," 7337"," 307061"," 49.53"
SUTLEJTEX," BE"," 13-Aug-2026"," 38.30"," 38.30"," 38.98"," 38.30"," 38.35"," 38.35"," 38.41"," 2096"," 0.81"," 22"," -"," -"
SUVEN," EQ"," 13-Aug-2026"," 330.55"," 330.50"," 335.95"," 325.00"," 325.10"," 326.45"," 329.50"," 243526"," 802.43"," 7903"," 98982"," 40.65"
SUVIDHAA," EQ"," 13-Aug-2026"," 2.54"," 2.47"," 2.58"," 2.47"," 2.55"," 2.54"," 2.55"," 66243"," 1.69"," 160"," 53343"," 80.53"
SUYOG," EQ"," 13-Aug-2026"," 830.60"," 815.00"," 870.00"," 812.00"," 840.00"," 829.95"," 831.09"," 13674"," 113.64"," 1200"," 6869"," 50.23"
SUZLON," EQ"," 13-Aug-2026"," 47.35"," 47.29"," 47.61"," 47.12"," 47.61"," 47.61"," 47.34"," 24237589"," 11473.71"," 52356"," 12377484"," 51.07"
SVLL," BE"," 13-Aug-2026"," 743.50"," 743.50"," 758.35"," 743.50"," 758.35"," 758.35"," 752.92"," 1263"," 9.51"," 26"," -"," -"
SVPGLOB," BE"," 13-Aug-2026"," 3.90"," 3.98"," 4.00"," 3.83"," 3.85"," 3.85"," 3.94"," 6153"," 0.24"," 21"," -"," -"
SWANCORP," EQ"," 13-Aug-2026"," 307.70"," 307.25"," 311.45"," 306.00"," 307.00"," 308.40"," 308.16"," 834351"," 2571.14"," 14822"," 450966"," 54.05"
SWANDEF," BE"," 13-Aug-2026"," 2465.10"," 2450.00"," 2497.40"," 2355.10"," 2444.00"," 2460.60"," 2430.61"," 13254"," 322.15"," 789"," -"," -"
SWARAJ," EQ"," 13-Aug-2026"," 369.80"," 373.90"," 374.90"," 369.75"," 371.40"," 371.50"," 371.90"," 346067"," 1287.04"," 2673"," 127275"," 36.78"
SWARAJENG," EQ"," 13-Aug-2026"," 3608.90"," 3620.00"," 3630.20"," 3602.30"," 3622.00"," 3618.20"," 3616.57"," 4769"," 172.47"," 1171"," 3319"," 69.60"
SWASTIK," ST"," 13-Aug-2026"," 18.65"," 19.00"," 19.00"," 19.00"," 19.00"," 19.00"," 19.00"," 6000"," 1.14"," 4"," 6000"," 100.00"
SWELECTES," EQ"," 13-Aug-2026"," 690.50"," 690.00"," 692.90"," 676.05"," 680.05"," 681.25"," 683.42"," 15048"," 102.84"," 760"," 12132"," 80.62"
SWIGGY," EQ"," 13-Aug-2026"," 279.35"," 279.50"," 283.40"," 278.60"," 279.80"," 279.80"," 280.41"," 6558618"," 18391.03"," 51619"," 2264318"," 34.52"
SWSOLAR," EQ"," 13-Aug-2026"," 202.54"," 201.64"," 207.74"," 201.64"," 203.70"," 203.87"," 204.45"," 665138"," 1359.90"," 7825"," 258845"," 38.92"
SYMPHONY," EQ"," 13-Aug-2026"," 630.95"," 635.00"," 637.00"," 630.00"," 630.45"," 631.25"," 632.98"," 31504"," 199.42"," 2039"," 19542"," 62.03"
SYNCOMF," EQ"," 13-Aug-2026"," 15.88"," 15.55"," 15.97"," 15.13"," 15.28"," 15.24"," 15.53"," 6177208"," 959.38"," 10740"," 2215228"," 35.86"
SYNGENE," EQ"," 13-Aug-2026"," 408.65"," 412.70"," 412.80"," 400.00"," 401.00"," 401.30"," 403.63"," 810276"," 3270.51"," 40812"," 448761"," 55.38"
SYNOPTICS," ST"," 13-Aug-2026"," 67.45"," 67.30"," 67.30"," 67.30"," 67.30"," 67.30"," 67.30"," 600"," 0.40"," 1"," 600"," 100.00"
SYRMA," EQ"," 13-Aug-2026"," 1473.30"," 1481.90"," 1500.50"," 1451.00"," 1477.10"," 1467.70"," 1474.38"," 742118"," 10941.66"," 33004"," 270865"," 36.50"
SYSTANGO," SM"," 13-Aug-2026"," 217.50"," 218.15"," 219.80"," 214.25"," 214.25"," 214.40"," 216.93"," 5600"," 12.15"," 14"," 4400"," 78.57"
SYSTMTXC," BE"," 13-Aug-2026"," 59.44"," 58.50"," 59.40"," 58.00"," 58.20"," 58.20"," 58.26"," 7622"," 4.44"," 71"," -"," -"
TAALTECH," EQ"," 13-Aug-2026"," 4189.00"," 4253.10"," 4325.00"," 4211.10"," 4320.00"," 4293.30"," 4280.41"," 4249"," 181.87"," 788"," 3064"," 72.11"
TAC," ST"," 13-Aug-2026"," 489.25"," 489.25"," 493.15"," 476.70"," 478.50"," 479.60"," 482.43"," 28400"," 137.01"," 115"," 25000"," 88.03"
TAINWALCHM," EQ"," 13-Aug-2026"," 203.94"," 206.99"," 206.99"," 201.02"," 203.00"," 203.28"," 203.09"," 2049"," 4.16"," 76"," 1561"," 76.18"
TAJGVK," EQ"," 13-Aug-2026"," 352.85"," 351.30"," 354.90"," 350.10"," 350.10"," 350.90"," 351.65"," 23825"," 83.78"," 1102"," 13556"," 56.90"
TAKE," EQ"," 13-Aug-2026"," 23.54"," 24.00"," 24.39"," 23.51"," 23.89"," 23.71"," 23.82"," 1611067"," 383.81"," 2047"," 1420856"," 88.19"
TALBROAUTO," EQ"," 13-Aug-2026"," 417.35"," 420.00"," 429.30"," 417.80"," 422.25"," 421.65"," 423.22"," 130287"," 551.40"," 4844"," 61187"," 46.96"
TAMBOLIIN," BE"," 13-Aug-2026"," 229.88"," 229.88"," 240.00"," 226.46"," 240.00"," 239.20"," 235.10"," 47030"," 110.57"," 90"," -"," -"
TANLA," EQ"," 13-Aug-2026"," 594.40"," 597.00"," 601.00"," 583.00"," 585.00"," 584.25"," 588.95"," 546128"," 3216.39"," 22129"," 255433"," 46.77"
TARACHAND," EQ"," 13-Aug-2026"," 47.72"," 48.00"," 48.99"," 47.02"," 48.00"," 47.87"," 47.95"," 89803"," 43.06"," 1060"," 54696"," 60.91"
TARAPUR," EQ"," 13-Aug-2026"," 14.04"," 14.05"," 14.62"," 14.05"," 14.60"," 14.43"," 14.41"," 19913"," 2.87"," 183"," 14802"," 74.33"
TARC," EQ"," 13-Aug-2026"," 128.53"," 128.04"," 129.00"," 123.96"," 127.00"," 126.77"," 125.81"," 719189"," 904.78"," 7380"," 345491"," 48.04"
TARIL," EQ"," 13-Aug-2026"," 292.45"," 293.00"," 295.50"," 290.50"," 292.00"," 292.00"," 292.29"," 538789"," 1574.83"," 11216"," 283185"," 52.56"
TARMAT," EQ"," 13-Aug-2026"," 55.09"," 54.95"," 66.10"," 54.90"," 66.10"," 64.68"," 62.48"," 434711"," 271.63"," 2763"," 247688"," 56.98"
TARSONS," EQ"," 13-Aug-2026"," 312.80"," 309.85"," 317.80"," 308.05"," 312.40"," 312.70"," 312.20"," 90308"," 281.94"," 3194"," 29905"," 33.11"
TASTYBITE," EQ"," 13-Aug-2026"," 9505.50"," 9361.00"," 9649.50"," 9009.00"," 9170.00"," 9090.50"," 9180.31"," 11228"," 1030.77"," 2754"," 6677"," 59.47"
TATACAP," EQ"," 13-Aug-2026"," 367.05"," 365.25"," 367.60"," 363.00"," 363.60"," 363.75"," 365.03"," 1584671"," 5784.50"," 30344"," 1046132"," 66.02"
TATACHEM," EQ"," 13-Aug-2026"," 673.15"," 674.10"," 679.10"," 669.80"," 672.80"," 672.05"," 673.91"," 355165"," 2393.50"," 12142"," 160350"," 45.15"
TATACOMM," EQ"," 13-Aug-2026"," 1736.20"," 1730.10"," 1779.50"," 1727.60"," 1760.00"," 1758.20"," 1756.28"," 208826"," 3667.58"," 24457"," 102388"," 49.03"
TATACONSUM," EQ"," 13-Aug-2026"," 1061.90"," 1061.90"," 1095.00"," 1058.20"," 1090.50"," 1090.50"," 1081.78"," 1827014"," 19764.27"," 82690"," 932605"," 51.05"
TATAELXSI," EQ"," 13-Aug-2026"," 3711.90"," 3719.80"," 3781.20"," 3702.00"," 3778.00"," 3778.00"," 3759.52"," 142023"," 5339.38"," 13808"," 53530"," 37.69"
TATAGOLD," EQ"," 13-Aug-2026"," 14.85"," 14.85"," 15.00"," 14.68"," 14.76"," 14.74"," 14.76"," 59200423"," 8736.74"," 67385"," 19827169"," 33.49"
TATAINVEST," EQ"," 13-Aug-2026"," 680.65"," 680.00"," 680.65"," 671.05"," 675.00"," 674.40"," 673.91"," 167634"," 1129.70"," 9394"," 69139"," 41.24"
TATAPOWER," EQ"," 13-Aug-2026"," 379.45"," 378.50"," 382.80"," 378.05"," 382.80"," 382.80"," 381.09"," 3403131"," 12969.12"," 32612"," 1896096"," 55.72"
TATASTEEL," EQ"," 13-Aug-2026"," 186.20"," 186.20"," 186.66"," 183.46"," 184.85"," 184.85"," 184.23"," 19940424"," 36736.67"," 127498"," 11764226"," 59.00"
TATATECH," EQ"," 13-Aug-2026"," 842.10"," 841.00"," 871.90"," 832.10"," 866.70"," 868.40"," 861.53"," 1593405"," 13727.65"," 49184"," 539884"," 33.88"
TATSILV," EQ"," 13-Aug-2026"," 22.91"," 23.37"," 23.37"," 22.33"," 22.46"," 22.41"," 22.50"," 58517721"," 13166.76"," 48887"," 17093840"," 29.21"
TATVA," EQ"," 13-Aug-2026"," 1732.00"," 1732.00"," 1749.50"," 1692.80"," 1714.00"," 1709.60"," 1723.33"," 36658"," 631.74"," 4594"," 18132"," 49.46"
TAURIAN," SM"," 13-Aug-2026"," 430.00"," 422.10"," 430.00"," 350.00"," 412.00"," 414.80"," 391.29"," 245600"," 961.02"," 288"," 120800"," 49.19"
TBI," SM"," 13-Aug-2026"," 58.55"," 58.55"," 60.35"," 58.00"," 59.60"," 59.60"," 59.80"," 42000"," 25.12"," 61"," 38400"," 91.43"
TBOTEK," EQ"," 13-Aug-2026"," 1596.60"," 1593.90"," 1628.60"," 1589.00"," 1606.40"," 1604.90"," 1607.78"," 57906"," 931.00"," 7978"," 29786"," 51.44"
TBZ," EQ"," 13-Aug-2026"," 236.90"," 237.75"," 250.95"," 236.60"," 247.00"," 247.45"," 245.64"," 1751789"," 4303.12"," 22899"," 459373"," 26.22"
TCC," EQ"," 13-Aug-2026"," 252.10"," 252.95"," 259.15"," 250.00"," 253.30"," 254.70"," 253.45"," 46038"," 116.69"," 3437"," 25723"," 55.87"
TCI," EQ"," 13-Aug-2026"," 913.65"," 911.20"," 927.00"," 911.20"," 917.10"," 924.20"," 919.93"," 8173"," 75.19"," 1386"," 3931"," 48.10"
TCIEXP," EQ"," 13-Aug-2026"," 549.15"," 553.85"," 573.50"," 545.75"," 554.20"," 557.40"," 560.21"," 107418"," 601.77"," 3586"," 64473"," 60.02"
TCIFINANCE," BE"," 13-Aug-2026"," 14.91"," 15.00"," 15.24"," 14.64"," 15.19"," 15.09"," 15.03"," 22473"," 3.38"," 95"," -"," -"
TCL," SM"," 13-Aug-2026"," 120.25"," 125.00"," 129.80"," 121.00"," 124.55"," 128.00"," 124.63"," 163200"," 203.39"," 48"," 154400"," 94.61"
TCPLPACK," EQ"," 13-Aug-2026"," 4394.90"," 4400.00"," 4400.00"," 4170.20"," 4250.00"," 4255.20"," 4278.19"," 132654"," 5675.19"," 17489"," 15805"," 11.91"
TCS," EQ"," 13-Aug-2026"," 2349.70"," 2349.70"," 2375.00"," 2332.30"," 2375.00"," 2375.00"," 2357.77"," 2123494"," 50067.05"," 95241"," 776824"," 36.58"
TDPOWERSYS," EQ"," 13-Aug-2026"," 1480.10"," 1495.00"," 1511.00"," 1445.00"," 1455.00"," 1481.60"," 1482.31"," 2220708"," 32917.74"," 91187"," 716070"," 32.25"
TEAMGTY," EQ"," 13-Aug-2026"," 220.28"," 225.90"," 231.99"," 220.50"," 225.00"," 225.94"," 225.23"," 1655"," 3.73"," 77"," 1463"," 88.40"
TEAMLEASE," EQ"," 13-Aug-2026"," 1257.20"," 1251.60"," 1268.70"," 1245.60"," 1253.10"," 1256.40"," 1259.06"," 8627"," 108.62"," 1955"," 5517"," 63.95"
TEAMTECH," ST"," 13-Aug-2026"," 120.00"," 125.55"," 125.55"," 117.20"," 120.00"," 120.00"," 121.76"," 20000"," 24.35"," 8"," 14000"," 70.00"
TECH," EQ"," 13-Aug-2026"," 34.15"," 34.84"," 35.15"," 34.01"," 34.47"," 34.34"," 34.25"," 109324"," 37.45"," 578"," 42820"," 39.17"
TECHD," ST"," 13-Aug-2026"," 576.50"," 575.05"," 588.70"," 575.00"," 583.50"," 582.65"," 581.90"," 5100"," 29.68"," 17"," 4500"," 88.24"
TECHERA," SM"," 13-Aug-2026"," 167.10"," 165.00"," 175.45"," 165.00"," 175.45"," 173.15"," 169.88"," 63200"," 107.36"," 70"," 48800"," 77.22"
TECHLABS," SM"," 13-Aug-2026"," 120.45"," 122.90"," 122.90"," 116.00"," 116.90"," 117.00"," 117.43"," 12625"," 14.83"," 65"," 10375"," 82.18"
TECHM," EQ"," 13-Aug-2026"," 1625.00"," 1634.70"," 1652.80"," 1626.30"," 1639.00"," 1639.00"," 1642.61"," 3492955"," 57375.64"," 128422"," 2315101"," 66.28"
TECHNOE," EQ"," 13-Aug-2026"," 983.05"," 985.00"," 995.00"," 975.00"," 980.90"," 983.60"," 981.17"," 231848"," 2274.81"," 11346"," 135026"," 58.24"
TECHNVISN," EQ"," 13-Aug-2026"," 5146.00"," 5146.00"," 5403.30"," 5000.00"," 5403.30"," 5403.30"," 5368.76"," 688"," 36.94"," 225"," 544"," 79.07"
TECILCHEM," EQ"," 13-Aug-2026"," 8.67"," 8.90"," 8.90"," 8.15"," 8.37"," 8.48"," 8.58"," 12784"," 1.10"," 94"," 10942"," 85.59"
TEGA," EQ"," 13-Aug-2026"," 1628.10"," 1648.90"," 1690.00"," 1524.40"," 1670.00"," 1669.50"," 1621.44"," 1142525"," 18525.32"," 77144"," 250583"," 21.93"
TEJA," SM"," 13-Aug-2026"," 615.60"," 630.00"," 630.00"," 600.00"," 613.50"," 613.10"," 612.34"," 29400"," 180.03"," 40"," 21000"," 71.43"
TEJASCARGO," SM"," 13-Aug-2026"," 399.00"," 401.00"," 401.00"," 400.25"," 400.25"," 400.25"," 400.65"," 50000"," 200.33"," 3"," 50000"," 100.00"
TEJASNET," EQ"," 13-Aug-2026"," 527.25"," 523.00"," 543.00"," 522.95"," 540.50"," 540.20"," 534.33"," 1275945"," 6817.76"," 29500"," 485665"," 38.06"
TEMBO," EQ"," 13-Aug-2026"," 61.25"," 61.25"," 61.35"," 59.45"," 59.65"," 59.85"," 60.28"," 1123889"," 677.43"," 4996"," 528496"," 47.02"
TENNIND," EQ"," 13-Aug-2026"," 540.65"," 536.50"," 545.50"," 529.80"," 535.90"," 533.40"," 536.09"," 2459659"," 13186.04"," 43947"," 1221069"," 49.64"
TERASOFT," EQ"," 13-Aug-2026"," 370.65"," 372.00"," 372.00"," 341.00"," 356.70"," 352.90"," 354.92"," 45858"," 162.76"," 1961"," 27399"," 59.75"
TEXINFRA," EQ"," 13-Aug-2026"," 111.09"," 110.54"," 112.17"," 110.54"," 111.00"," 111.08"," 111.04"," 73799"," 81.95"," 425"," 64140"," 86.91"
TEXMOPIPES," EQ"," 13-Aug-2026"," 42.77"," 44.90"," 49.00"," 44.02"," 46.20"," 46.44"," 46.88"," 378258"," 177.35"," 2809"," 191595"," 50.65"
TEXRAIL," EQ"," 13-Aug-2026"," 107.76"," 107.34"," 108.27"," 106.90"," 107.10"," 107.09"," 107.32"," 635142"," 681.61"," 5032"," 322431"," 50.77"
TFCILTD," EQ"," 13-Aug-2026"," 115.13"," 114.99"," 115.71"," 114.76"," 115.40"," 115.31"," 115.34"," 12274010"," 14156.93"," 10204"," 5757148"," 46.91"
TFL," EQ"," 13-Aug-2026"," 11.49"," 11.86"," 11.86"," 11.20"," 11.40"," 11.29"," 11.36"," 4022"," 0.46"," 26"," 1966"," 48.88"
TGBHOTELS," EQ"," 13-Aug-2026"," 9.26"," 9.45"," 9.82"," 9.00"," 9.23"," 9.22"," 9.25"," 18476"," 1.71"," 83"," 14022"," 75.89"
TGL," ST"," 13-Aug-2026"," 20.85"," 21.65"," 21.65"," 20.05"," 21.30"," 20.55"," 20.51"," 29000"," 5.95"," 53"," 23200"," 80.00"
THACKER," BE"," 13-Aug-2026"," 1020.10"," 1020.10"," 1020.10"," 990.00"," 1020.10"," 1020.10"," 1017.62"," 21"," 0.21"," 6"," -"," -"
THAKDEV," EQ"," 13-Aug-2026"," 144.90"," 156.45"," 156.45"," 140.00"," 140.00"," 156.12"," 156.13"," 51"," 0.08"," 2"," 51"," 100.00"
THANGAMAYL," EQ"," 13-Aug-2026"," 5328.00"," 5360.00"," 5365.00"," 5231.50"," 5278.00"," 5270.00"," 5267.53"," 64379"," 3391.18"," 13464"," 36007"," 55.93"
THEINVEST," EQ"," 13-Aug-2026"," 97.23"," 98.98"," 98.98"," 94.20"," 96.90"," 96.20"," 96.84"," 4113"," 3.98"," 133"," 3426"," 83.30"
THEJO," EQ"," 13-Aug-2026"," 2122.80"," 2117.00"," 2135.00"," 2051.00"," 2070.00"," 2072.60"," 2110.14"," 12985"," 274.00"," 493"," 11768"," 90.63"
THELEELA," EQ"," 13-Aug-2026"," 499.75"," 501.15"," 514.00"," 501.15"," 506.00"," 508.45"," 507.90"," 370862"," 1883.62"," 26936"," 230683"," 62.20"
THEMISMED," EQ"," 13-Aug-2026"," 108.64"," 108.45"," 116.75"," 102.28"," 103.80"," 103.96"," 108.15"," 659470"," 713.19"," 6434"," 123905"," 18.79"
THERMAX," EQ"," 13-Aug-2026"," 4083.30"," 4083.00"," 4085.10"," 3968.20"," 4005.00"," 4001.60"," 4031.35"," 181948"," 7334.96"," 35834"," 93322"," 51.29"
THESL," ST"," 13-Aug-2026"," 19.20"," 18.30"," 18.30"," 18.30"," 18.30"," 18.30"," 18.30"," 3000"," 0.55"," 1"," 3000"," 100.00"
THOMASCOOK," EQ"," 13-Aug-2026"," 107.08"," 107.00"," 110.63"," 106.86"," 108.20"," 108.00"," 108.94"," 1303419"," 1419.91"," 12535"," 479083"," 36.76"
THOMASCOTT," EQ"," 13-Aug-2026"," 337.50"," 333.00"," 341.90"," 323.00"," 328.05"," 326.30"," 332.39"," 35378"," 117.59"," 1640"," 20696"," 58.50"
THYROCARE," EQ"," 13-Aug-2026"," 642.95"," 655.95"," 657.20"," 594.00"," 603.00"," 606.00"," 618.71"," 6612635"," 40912.89"," 84962"," 2727019"," 41.24"
TI," EQ"," 13-Aug-2026"," 530.90"," 534.90"," 563.00"," 533.55"," 552.00"," 553.70"," 552.49"," 4183284"," 23112.06"," 148376"," 1652508"," 39.50"
TICL," BE"," 13-Aug-2026"," 9.66"," 9.51"," 9.80"," 9.25"," 9.74"," 9.61"," 9.54"," 56258"," 5.37"," 163"," -"," -"
TIGERLOGS," BE"," 13-Aug-2026"," 25.88"," 25.87"," 25.87"," 25.31"," 25.50"," 25.49"," 25.51"," 134260"," 34.25"," 341"," -"," -"
TIIL," EQ"," 13-Aug-2026"," 2878.30"," 2918.00"," 3020.00"," 2848.90"," 2899.90"," 2887.60"," 2934.72"," 110365"," 3238.90"," 14159"," 33001"," 29.90"
TIINDIA," EQ"," 13-Aug-2026"," 2839.00"," 2847.00"," 2848.30"," 2727.00"," 2780.00"," 2780.00"," 2761.17"," 323717"," 8938.39"," 28586"," 133550"," 41.26"
TIJARIA," EQ"," 13-Aug-2026"," 5.35"," 5.35"," 6.42"," 5.20"," 5.71"," 5.86"," 5.79"," 262270"," 15.19"," 621"," 219178"," 83.57"
TIL," BE"," 13-Aug-2026"," 228.65"," 228.65"," 233.50"," 224.15"," 228.00"," 227.60"," 228.09"," 93303"," 212.82"," 551"," -"," -"
TIMESCAN," SM"," 13-Aug-2026"," 42.00"," 40.00"," 41.00"," 40.00"," 41.00"," 41.00"," 40.33"," 6000"," 2.42"," 3"," 4000"," 66.67"
TIMETECHNO," EQ"," 13-Aug-2026"," 208.56"," 209.40"," 210.08"," 202.89"," 204.25"," 204.04"," 204.96"," 3379939"," 6927.40"," 22971"," 1189340"," 35.19"
TIMEX," EQ"," 13-Aug-2026"," 563.65"," 564.95"," 566.65"," 535.50"," 539.00"," 539.15"," 546.17"," 284390"," 1553.26"," 15342"," 156414"," 55.00"
TIMKEN," EQ"," 13-Aug-2026"," 3235.00"," 3225.00"," 3286.50"," 3225.00"," 3275.50"," 3260.30"," 3263.60"," 17782"," 580.33"," 5023"," 10627"," 59.76"
TINNARUBR," EQ"," 13-Aug-2026"," 1084.10"," 1102.00"," 1122.90"," 1073.40"," 1102.80"," 1108.10"," 1096.62"," 66795"," 732.49"," 4898"," 25913"," 38.79"
TIPSFILMS," EQ"," 13-Aug-2026"," 362.00"," 367.40"," 372.85"," 360.00"," 362.00"," 361.95"," 364.48"," 5933"," 21.62"," 476"," 3151"," 53.11"
TIPSMUSIC," EQ"," 13-Aug-2026"," 674.30"," 674.45"," 683.85"," 662.25"," 676.00"," 671.95"," 675.21"," 221409"," 1494.98"," 14493"," 114511"," 51.72"
TIRUMALCHM," EQ"," 13-Aug-2026"," 160.72"," 160.30"," 163.09"," 160.30"," 160.50"," 160.80"," 161.10"," 191479"," 308.47"," 2279"," 132107"," 68.99"
TIRUPATIFL," BE"," 13-Aug-2026"," 66.49"," 66.49"," 68.20"," 65.40"," 66.00"," 65.83"," 66.71"," 149966"," 100.04"," 836"," -"," -"
TITAGARH," EQ"," 13-Aug-2026"," 833.55"," 841.95"," 869.90"," 841.95"," 849.80"," 850.75"," 854.20"," 971093"," 8295.05"," 35393"," 294836"," 30.36"
TITAN," EQ"," 13-Aug-2026"," 5099.00"," 5069.50"," 5071.50"," 5010.00"," 5063.70"," 5063.70"," 5034.37"," 533274"," 26846.98"," 49980"," 263115"," 49.34"
TMB," EQ"," 13-Aug-2026"," 858.10"," 858.00"," 858.50"," 840.30"," 848.00"," 845.85"," 847.72"," 114796"," 973.15"," 8659"," 69069"," 60.17"
TMCV," EQ"," 13-Aug-2026"," 457.05"," 470.00"," 485.00"," 469.15"," 474.50"," 474.80"," 475.13"," 23160197"," 110040.02"," 377975"," 8718607"," 37.64"
TMPV," EQ"," 13-Aug-2026"," 343.00"," 343.50"," 351.55"," 342.45"," 349.60"," 349.60"," 348.56"," 9528820"," 33213.21"," 85146"," 3275548"," 34.38"
TNIDETF," EQ"," 13-Aug-2026"," 90.66"," 91.85"," 92.47"," 90.46"," 90.53"," 91.13"," 91.25"," 43219"," 39.44"," 360"," 30062"," 69.56"
TNPETRO," EQ"," 13-Aug-2026"," 106.77"," 109.00"," 112.00"," 107.31"," 110.94"," 110.59"," 110.04"," 697788"," 767.82"," 8772"," 280386"," 40.18"
TNPL," EQ"," 13-Aug-2026"," 154.50"," 150.00"," 150.40"," 141.00"," 141.68"," 141.77"," 143.87"," 743271"," 1069.38"," 9786"," 370128"," 49.80"
TNTELE," EQ"," 13-Aug-2026"," 9.09"," 9.37"," 9.37"," 9.01"," 9.02"," 9.02"," 9.09"," 24579"," 2.23"," 114"," 15080"," 61.35"
TOKYOPLAST," EQ"," 13-Aug-2026"," 79.99"," 78.60"," 80.00"," 78.10"," 80.00"," 80.00"," 79.18"," 441"," 0.35"," 18"," 343"," 77.78"
TOLINS," EQ"," 13-Aug-2026"," 100.60"," 96.02"," 100.00"," 94.80"," 95.88"," 95.71"," 96.65"," 179325"," 173.31"," 3208"," 137111"," 76.46"
TOP100CASE," EQ"," 13-Aug-2026"," 10.73"," 10.73"," 10.88"," 10.62"," 10.71"," 10.74"," 10.73"," 465852"," 49.98"," 905"," 358901"," 77.04"
TOP10ADD," EQ"," 13-Aug-2026"," 88.46"," 88.83"," 88.83"," 88.11"," 88.65"," 88.46"," 88.49"," 94590"," 83.70"," 346"," 73634"," 77.85"
TOP15IETF," EQ"," 13-Aug-2026"," 10.00"," 10.04"," 10.11"," 9.97"," 10.05"," 10.04"," 10.02"," 32419"," 3.25"," 145"," 21780"," 67.18"
TOP20," EQ"," 13-Aug-2026"," 9.05"," 9.04"," 9.09"," 9.04"," 9.07"," 9.07"," 9.06"," 13192"," 1.20"," 86"," 12969"," 98.31"
TORNTPHARM," EQ"," 13-Aug-2026"," 4893.00"," 4890.50"," 4914.50"," 4833.00"," 4914.50"," 4914.50"," 4862.94"," 433488"," 21080.28"," 40734"," 300991"," 69.43"
TORNTPOWER," EQ"," 13-Aug-2026"," 1319.00"," 1320.00"," 1335.90"," 1312.50"," 1316.00"," 1318.00"," 1323.64"," 140432"," 1858.82"," 10833"," 71987"," 51.26"
TOTAL," EQ"," 13-Aug-2026"," 65.08"," 66.99"," 66.99"," 62.50"," 62.90"," 63.03"," 63.97"," 16177"," 10.35"," 245"," 9895"," 61.17"
TOUCHWOOD," EQ"," 13-Aug-2026"," 68.09"," 66.60"," 67.01"," 63.01"," 63.04"," 63.65"," 65.17"," 12838"," 8.37"," 243"," 7375"," 57.45"
TPHQ," EQ"," 13-Aug-2026"," 0.41"," 0.41"," 0.42"," 0.41"," 0.42"," 0.41"," 0.42"," 525963"," 2.19"," 191"," 300489"," 57.13"
TPLPLASTEH," EQ"," 13-Aug-2026"," 76.25"," 76.50"," 78.00"," 76.00"," 76.29"," 76.62"," 76.90"," 116974"," 89.95"," 1129"," 35000"," 29.92"
TRACXN," EQ"," 13-Aug-2026"," 29.93"," 29.85"," 30.20"," 29.50"," 29.51"," 29.57"," 29.68"," 77584"," 23.03"," 1695"," 49335"," 63.59"
TRANSPEK," BE"," 13-Aug-2026"," 1140.20"," 1179.50"," 1197.20"," 1140.20"," 1162.00"," 1175.90"," 1170.06"," 5454"," 63.82"," 150"," -"," -"
TRANSRAILL," EQ"," 13-Aug-2026"," 467.05"," 467.10"," 476.95"," 467.05"," 472.85"," 472.95"," 471.76"," 216283"," 1020.34"," 7402"," 94820"," 43.84"
TRANSTEEL," SM"," 13-Aug-2026"," 101.75"," 101.75"," 101.75"," 85.00"," 91.10"," 91.25"," 92.02"," 433000"," 398.44"," 251"," 188000"," 43.42"
TRANSWORLD," BE"," 13-Aug-2026"," 157.87"," 158.90"," 158.90"," 156.17"," 158.47"," 156.35"," 157.82"," 14745"," 23.27"," 56"," -"," -"
TRAVELFOOD," EQ"," 13-Aug-2026"," 1390.10"," 1401.50"," 1441.00"," 1384.00"," 1396.50"," 1394.30"," 1410.35"," 145722"," 2055.20"," 15009"," 69014"," 47.36"
TREEHOUSE," EQ"," 13-Aug-2026"," 6.16"," 6.16"," 6.39"," 6.16"," 6.38"," 6.34"," 6.34"," 23479"," 1.49"," 70"," 18660"," 79.48"
TREJHARA," EQ"," 13-Aug-2026"," 162.07"," 163.00"," 168.00"," 159.20"," 160.25"," 163.17"," 162.88"," 24322"," 39.62"," 879"," 18354"," 75.46"
TREL," EQ"," 13-Aug-2026"," 27.52"," 27.65"," 27.65"," 26.01"," 26.10"," 26.13"," 26.56"," 151102"," 40.13"," 1502"," 95169"," 62.98"
TRENT," EQ"," 13-Aug-2026"," 2987.00"," 2987.00"," 3011.90"," 2957.00"," 2990.00"," 2990.00"," 2985.21"," 781980"," 23343.76"," 57198"," 400189"," 51.18"
TRF," EQ"," 13-Aug-2026"," 230.15"," 231.47"," 233.83"," 230.02"," 231.60"," 232.19"," 231.63"," 8954"," 20.74"," 505"," 5368"," 59.95"
TRIDENT," EQ"," 13-Aug-2026"," 24.66"," 24.70"," 24.80"," 24.63"," 24.66"," 24.66"," 24.71"," 1635953"," 404.21"," 7614"," 917805"," 56.10"
TRIDHYA," ST"," 13-Aug-2026"," 9.05"," 8.60"," 8.60"," 8.60"," 8.60"," 8.60"," 8.60"," 9000"," 0.77"," 3"," 9000"," 100.00"
TRIGYN," EQ"," 13-Aug-2026"," 55.92"," 56.80"," 56.80"," 55.00"," 56.26"," 56.02"," 55.89"," 23105"," 12.91"," 1168"," 9188"," 39.77"
TRITURBINE," EQ"," 13-Aug-2026"," 586.75"," 583.80"," 599.80"," 581.05"," 591.25"," 591.95"," 591.90"," 345714"," 2046.30"," 19358"," 125435"," 36.28"
TRIVENI," EQ"," 13-Aug-2026"," 242.24"," 244.20"," 255.20"," 239.92"," 247.25"," 249.84"," 248.59"," 1356797"," 3372.92"," 19831"," 702840"," 51.80"
TROM," SM"," 13-Aug-2026"," 55.75"," 57.00"," 57.00"," 55.70"," 55.70"," 55.70"," 56.20"," 10200"," 5.73"," 15"," 9600"," 94.12"
TRU," EQ"," 13-Aug-2026"," 4.33"," 4.33"," 4.44"," 4.07"," 4.17"," 4.17"," 4.18"," 162089"," 6.77"," 526"," 130868"," 80.74"
TRUALT," EQ"," 13-Aug-2026"," 465.10"," 465.10"," 491.00"," 462.80"," 484.95"," 489.35"," 483.92"," 1026278"," 4966.38"," 14967"," 776288"," 75.64"
TRUST," SM"," 13-Aug-2026"," 27.00"," 27.20"," 27.20"," 25.45"," 25.65"," 25.80"," 26.11"," 38400"," 10.03"," 51"," 33000"," 85.94"
TSFINV," EQ"," 13-Aug-2026"," 417.65"," 417.15"," 425.00"," 417.05"," 417.30"," 418.05"," 420.16"," 53292"," 223.91"," 1762"," 36761"," 68.98"
TTKHLTCARE," EQ"," 13-Aug-2026"," 1103.40"," 1105.00"," 1168.00"," 1105.00"," 1144.00"," 1139.10"," 1143.24"," 61248"," 700.21"," 19200"," 42559"," 69.49"
TTKPRESTIG," EQ"," 13-Aug-2026"," 586.30"," 587.05"," 604.00"," 584.20"," 600.95"," 600.95"," 595.32"," 116354"," 692.67"," 9109"," 40256"," 34.60"
TTL," EQ"," 13-Aug-2026"," 5.92"," 5.99"," 6.30"," 5.89"," 6.24"," 6.20"," 6.10"," 145844"," 8.90"," 283"," 118032"," 80.93"
TTML," EQ"," 13-Aug-2026"," 38.17"," 38.10"," 40.32"," 38.01"," 38.50"," 38.74"," 39.56"," 6814752"," 2695.69"," 22367"," 1228469"," 18.03"
TUNWAL," SM"," 13-Aug-2026"," 26.30"," 26.65"," 27.60"," 26.50"," 26.75"," 26.75"," 26.95"," 126000"," 33.96"," 56"," 64000"," 50.79"
TURTLEMINT," EQ"," 13-Aug-2026"," 132.31"," 132.00"," 142.29"," 129.41"," 140.25"," 141.25"," 138.29"," 1514241"," 2093.98"," 18214"," 798971"," 52.76"
TVSELECT," EQ"," 13-Aug-2026"," 454.10"," 455.00"," 464.10"," 455.00"," 459.60"," 458.85"," 460.10"," 23145"," 106.49"," 1221"," 9771"," 42.22"
TVSHLTD," EQ"," 13-Aug-2026"," 14532.00"," 14649.00"," 14649.00"," 14262.00"," 14343.00"," 14317.00"," 14388.18"," 4674"," 672.50"," 1709"," 3077"," 65.83"
TVSMOTOR," EQ"," 13-Aug-2026"," 4375.00"," 4384.00"," 4384.00"," 4310.00"," 4342.20"," 4342.20"," 4333.75"," 533564"," 23123.31"," 62480"," 340414"," 63.80"
TVSSCS," EQ"," 13-Aug-2026"," 129.03"," 129.15"," 130.31"," 127.00"," 127.55"," 127.54"," 128.42"," 486632"," 624.95"," 10836"," 226479"," 46.54"
TVSSRICHAK," EQ"," 13-Aug-2026"," 3868.20"," 3891.80"," 4275.00"," 3850.00"," 3960.00"," 3994.90"," 4104.82"," 137970"," 5663.42"," 23812"," 14091"," 10.21"
TVTODAY," EQ"," 13-Aug-2026"," 114.07"," 114.09"," 114.38"," 112.81"," 113.61"," 113.23"," 113.53"," 14522"," 16.49"," 284"," 9646"," 66.42"
TVVISION," BE"," 13-Aug-2026"," 3.91"," 4.00"," 4.10"," 3.95"," 4.09"," 4.00"," 4.03"," 56150"," 2.26"," 46"," -"," -"
TWCGOLDETF," EQ"," 13-Aug-2026"," 152.44"," 152.30"," 152.30"," 150.84"," 151.55"," 151.42"," 151.41"," 8846"," 13.39"," 119"," 8681"," 98.13"
UBL," EQ"," 13-Aug-2026"," 1388.30"," 1385.00"," 1400.00"," 1384.70"," 1387.30"," 1389.70"," 1391.53"," 43504"," 605.37"," 5437"," 19553"," 44.95"
UCAL," EQ"," 13-Aug-2026"," 116.02"," 116.00"," 134.70"," 115.04"," 126.36"," 127.89"," 128.37"," 191555"," 245.89"," 2680"," 84456"," 44.09"
UCL," ST"," 13-Aug-2026"," 248.40"," 251.60"," 257.00"," 240.40"," 257.00"," 257.00"," 250.67"," 16000"," 40.11"," 7"," 14000"," 87.50"
UCOBANK," EQ"," 13-Aug-2026"," 26.17"," 26.25"," 26.31"," 26.05"," 26.09"," 26.09"," 26.15"," 1804221"," 471.85"," 7179"," 932704"," 51.70"
UDS," EQ"," 13-Aug-2026"," 210.06"," 210.06"," 213.70"," 207.21"," 210.00"," 210.09"," 210.28"," 224684"," 472.47"," 5686"," 106153"," 47.25"
UEL," EQ"," 13-Aug-2026"," 259.47"," 246.50"," 246.50"," 246.50"," 246.50"," 246.50"," 246.50"," 5917"," 14.59"," 195"," 5917"," 100.00"
UFBL," BE"," 13-Aug-2026"," 779.80"," 779.80"," 785.00"," 740.85"," 766.00"," 765.50"," 757.97"," 53378"," 404.59"," 1282"," -"," -"
UFLEX," EQ"," 13-Aug-2026"," 497.75"," 497.00"," 500.45"," 490.20"," 496.00"," 493.80"," 495.95"," 53972"," 267.68"," 2100"," 31998"," 59.29"
UFO," EQ"," 13-Aug-2026"," 68.68"," 69.30"," 69.30"," 65.71"," 67.25"," 67.39"," 67.48"," 58877"," 39.73"," 1121"," 31234"," 53.05"
UGARSUGAR," EQ"," 13-Aug-2026"," 44.15"," 43.51"," 48.50"," 43.51"," 46.46"," 46.49"," 47.05"," 850453"," 400.11"," 6026"," 371136"," 43.64"
UGROCAP," EQ"," 13-Aug-2026"," 93.27"," 93.27"," 94.83"," 91.54"," 92.37"," 92.40"," 92.64"," 115105"," 106.64"," 2921"," 72088"," 62.63"
UHTL," ST"," 13-Aug-2026"," 99.00"," 98.00"," 100.10"," 98.00"," 100.10"," 100.10"," 99.19"," 22000"," 21.82"," 10"," 22000"," 100.00"
UJJIVANSFB," EQ"," 13-Aug-2026"," 72.38"," 72.50"," 72.50"," 70.91"," 71.18"," 71.19"," 71.40"," 7792102"," 5563.82"," 28444"," 3237415"," 41.55"
ULTRACEMCO," EQ"," 13-Aug-2026"," 11891.00"," 11875.00"," 11905.00"," 11570.00"," 11706.00"," 11706.00"," 11665.82"," 309798"," 36140.47"," 47823"," 121104"," 39.09"
ULTRAMAR," EQ"," 13-Aug-2026"," 395.90"," 397.80"," 401.15"," 386.05"," 400.35"," 399.85"," 395.83"," 89786"," 355.40"," 5411"," 64582"," 71.93"
UMA," SM"," 13-Aug-2026"," 14.40"," 15.00"," 15.00"," 15.00"," 15.00"," 15.00"," 15.00"," 4000"," 0.60"," 1"," 4000"," 100.00"
UMAEXPORTS," BE"," 13-Aug-2026"," 20.12"," 20.55"," 21.12"," 20.01"," 21.12"," 21.09"," 20.68"," 21014"," 4.35"," 64"," -"," -"
UMESLTD," EQ"," 13-Aug-2026"," 6.27"," 6.40"," 6.40"," 5.90"," 6.13"," 5.99"," 6.25"," 43493"," 2.72"," 156"," 32351"," 74.38"
UMIYA-MRO," EQ"," 13-Aug-2026"," 89.80"," 90.00"," 90.00"," 86.25"," 88.26"," 88.63"," 87.99"," 8514"," 7.49"," 212"," 6436"," 75.59"
UNICHEMLAB," EQ"," 13-Aug-2026"," 544.95"," 547.70"," 550.85"," 532.75"," 545.00"," 542.40"," 544.11"," 133049"," 723.93"," 6069"," 30671"," 23.05"
UNIDT," BE"," 13-Aug-2026"," 228.68"," 227.99"," 227.99"," 221.20"," 226.00"," 226.15"," 225.82"," 3867"," 8.73"," 118"," -"," -"
UNIECOM," EQ"," 13-Aug-2026"," 92.08"," 92.33"," 94.33"," 89.19"," 91.00"," 91.36"," 91.96"," 1122005"," 1031.82"," 9915"," 420683"," 37.49"
UNIENTER," EQ"," 13-Aug-2026"," 97.08"," 97.08"," 98.10"," 94.40"," 94.43"," 95.18"," 95.99"," 5309"," 5.10"," 122"," 4880"," 91.92"
UNIHEALTH," SM"," 13-Aug-2026"," 715.00"," 715.00"," 727.00"," 698.00"," 700.10"," 702.70"," 711.66"," 7000"," 49.82"," 14"," 5000"," 71.43"
UNIINFO," EQ"," 13-Aug-2026"," 12.36"," 12.60"," 12.60"," 11.80"," 12.30"," 12.16"," 12.33"," 1881"," 0.23"," 27"," 1881"," 100.00"
UNILEX," SM"," 13-Aug-2026"," 29.25"," 29.00"," 29.00"," 28.00"," 28.00"," 28.00"," 28.50"," 3200"," 0.91"," 2"," 3200"," 100.00"
UNIMECH," EQ"," 13-Aug-2026"," 1418.50"," 1418.50"," 1457.80"," 1417.10"," 1434.80"," 1426.90"," 1437.15"," 111242"," 1598.72"," 9790"," 57836"," 51.99"
UNIONBANK," EQ"," 13-Aug-2026"," 187.00"," 187.00"," 188.70"," 185.32"," 186.50"," 186.50"," 186.93"," 7551665"," 14116.01"," 40375"," 3553796"," 47.06"
UNIONGOLD," EQ"," 13-Aug-2026"," 149.90"," 152.90"," 152.90"," 147.85"," 149.10"," 148.55"," 148.82"," 1421"," 2.11"," 75"," 314"," 22.10"
UNIPARTS," EQ"," 13-Aug-2026"," 813.55"," 813.05"," 825.90"," 807.25"," 824.40"," 824.30"," 819.88"," 91262"," 748.24"," 11350"," 53779"," 58.93"
UNITDSPR," EQ"," 13-Aug-2026"," 1535.00"," 1520.50"," 1532.70"," 1515.00"," 1515.00"," 1515.00"," 1525.57"," 311422"," 4750.96"," 18241"," 178634"," 57.36"
UNITECH," EQ"," 13-Aug-2026"," 4.06"," 4.09"," 4.09"," 3.98"," 4.01"," 3.99"," 4.03"," 3639437"," 146.64"," 4016"," 2555000"," 70.20"
UNITEDPOLY," BE"," 13-Aug-2026"," 31.61"," 32.50"," 32.88"," 31.25"," 32.39"," 32.37"," 32.19"," 49010"," 15.78"," 128"," -"," -"
UNITEDTEA," EQ"," 13-Aug-2026"," 461.50"," 464.10"," 466.90"," 453.00"," 458.00"," 459.65"," 459.86"," 1486"," 6.83"," 188"," 1153"," 77.59"
UNIVASTU," BE"," 13-Aug-2026"," 145.76"," 153.04"," 153.04"," 150.00"," 153.04"," 153.04"," 152.82"," 166225"," 254.02"," 1055"," -"," -"
UNIVCABLES," EQ"," 13-Aug-2026"," 1708.90"," 1700.30"," 1725.00"," 1700.00"," 1704.00"," 1702.20"," 1704.81"," 107062"," 1825.20"," 9832"," 63910"," 59.69"
UNIVPHOTO," BE"," 13-Aug-2026"," 476.15"," 494.00"," 494.00"," 455.10"," 455.10"," 457.80"," 471.77"," 2463"," 11.62"," 63"," -"," -"
UNOMINDA," EQ"," 13-Aug-2026"," 1232.40"," 1240.00"," 1264.70"," 1237.00"," 1240.00"," 1240.00"," 1247.85"," 811073"," 10121.01"," 25936"," 394192"," 48.60"
UPL," EQ"," 13-Aug-2026"," 570.50"," 569.90"," 569.90"," 563.30"," 568.15"," 568.15"," 565.27"," 1029127"," 5817.37"," 24027"," 556583"," 54.08"
URAVIDEF," BE"," 13-Aug-2026"," 107.07"," 109.20"," 110.00"," 106.00"," 107.00"," 107.04"," 107.96"," 4895"," 5.28"," 103"," -"," -"
URBAN," SM"," 13-Aug-2026"," 144.40"," 145.10"," 150.00"," 143.50"," 149.00"," 148.55"," 148.12"," 32800"," 48.58"," 38"," 22400"," 68.29"
URBANCO," EQ"," 13-Aug-2026"," 139.05"," 141.99"," 146.00"," 138.53"," 140.66"," 141.34"," 141.55"," 32441709"," 45921.91"," 135183"," 11736681"," 36.18"
URJA," EQ"," 13-Aug-2026"," 9.51"," 9.55"," 9.63"," 9.47"," 9.62"," 9.60"," 9.57"," 701453"," 67.11"," 1776"," 396262"," 56.49"
USASEEDS," SM"," 13-Aug-2026"," 90.80"," 87.00"," 87.00"," 87.00"," 87.00"," 87.00"," 87.00"," 428"," 0.37"," 1"," 428"," 100.00"
USHAFIN," SM"," 13-Aug-2026"," 41.00"," 43.50"," 45.95"," 42.05"," 44.40"," 44.40"," 44.54"," 75200"," 33.50"," 34"," 60800"," 80.85"
USHAMART," EQ"," 13-Aug-2026"," 502.90"," 499.00"," 504.50"," 490.25"," 497.70"," 497.35"," 495.50"," 385740"," 1911.32"," 14698"," 196846"," 51.03"
USK," EQ"," 13-Aug-2026"," 21.47"," 21.25"," 21.93"," 21.25"," 21.90"," 21.88"," 21.57"," 33507"," 7.23"," 114"," 27676"," 82.60"
UTIAMC," EQ"," 13-Aug-2026"," 917.10"," 915.00"," 915.00"," 906.00"," 909.00"," 908.50"," 909.03"," 61116"," 555.57"," 4489"," 40227"," 65.82"
UTKAL," SM"," 13-Aug-2026"," 48.40"," 48.65"," 50.80"," 48.40"," 50.80"," 50.80"," 50.24"," 48000"," 24.11"," 21"," 42000"," 87.50"
UTKARSHBNK," EQ"," 13-Aug-2026"," 14.11"," 14.15"," 14.33"," 14.01"," 14.25"," 14.25"," 14.20"," 2318031"," 329.06"," 4934"," 1299878"," 56.08"
UTLSOLAR," EQ"," 13-Aug-2026"," 389.00"," 394.50"," 422.50"," 391.55"," 410.00"," 409.90"," 412.65"," 880208"," 3632.22"," 23908"," 330461"," 37.54"
UTSSAV," ST"," 13-Aug-2026"," 512.40"," 512.05"," 514.80"," 509.10"," 514.80"," 514.80"," 511.49"," 3600"," 18.41"," 6"," 3600"," 100.00"
UTTAMSUGAR," EQ"," 13-Aug-2026"," 253.53"," 252.40"," 268.40"," 250.81"," 264.00"," 264.99"," 264.25"," 395523"," 1045.16"," 8826"," 126541"," 31.99"
UWCSL," SM"," 13-Aug-2026"," 100.80"," 100.80"," 100.80"," 100.80"," 100.80"," 100.80"," 100.80"," 1000"," 1.01"," 1"," 1000"," 100.00"
UYFINCORP," BE"," 13-Aug-2026"," 19.21"," 19.15"," 20.17"," 18.99"," 20.17"," 20.16"," 19.76"," 295518"," 58.38"," 466"," -"," -"
V2RETAIL," EQ"," 13-Aug-2026"," 219.82"," 219.50"," 226.70"," 215.10"," 216.00"," 217.43"," 220.43"," 4570020"," 10073.65"," 59158"," 1249874"," 27.35"
VADILALIND," EQ"," 13-Aug-2026"," 7246.50"," 7588.00"," 8447.00"," 7588.00"," 7818.00"," 7781.00"," 7984.99"," 356735"," 28485.26"," 77381"," 75697"," 21.22"
VAIBHAVGBL," EQ"," 13-Aug-2026"," 232.85"," 232.90"," 237.00"," 231.85"," 233.90"," 233.40"," 234.48"," 226828"," 531.87"," 4877"," 105980"," 46.72"
VAISHALI," EQ"," 13-Aug-2026"," 8.32"," 8.21"," 8.55"," 8.21"," 8.37"," 8.47"," 8.41"," 97589"," 8.21"," 180"," 86526"," 88.66"
VAKRANGEE," EQ"," 13-Aug-2026"," 5.95"," 5.95"," 5.98"," 5.92"," 5.97"," 5.95"," 5.95"," 490760"," 29.21"," 921"," 299784"," 61.09"
VAL30IETF," EQ"," 13-Aug-2026"," 15.51"," 15.12"," 15.55"," 15.12"," 15.53"," 15.48"," 15.45"," 139780"," 21.60"," 542"," 93386"," 66.81"
VALIANTLAB," EQ"," 13-Aug-2026"," 74.76"," 78.49"," 78.49"," 78.49"," 78.49"," 78.49"," 78.49"," 7454"," 5.85"," 30"," 7454"," 100.00"
VALIANTORG," BE"," 13-Aug-2026"," 325.30"," 341.55"," 341.55"," 341.55"," 341.55"," 341.55"," 341.55"," 98505"," 336.44"," 246"," -"," -"
VALUE," EQ"," 13-Aug-2026"," 16.39"," 16.47"," 16.47"," 16.31"," 16.34"," 16.34"," 16.34"," 4893"," 0.80"," 64"," 4892"," 99.98"
VALUE360," SM"," 13-Aug-2026"," 72.00"," 72.00"," 81.00"," 72.00"," 79.00"," 79.00"," 80.27"," 337200"," 270.68"," 120"," 309600"," 91.81"
VALUEAXIS," EQ"," 13-Aug-2026"," 33.30"," 33.36"," 33.36"," 33.18"," 33.29"," 33.28"," 33.28"," 39105"," 13.01"," 216"," 34096"," 87.19"
VAML," EQ"," 13-Aug-2026"," 461.45"," 461.60"," 463.00"," 449.00"," 451.05"," 450.65"," 454.35"," 6437388"," 29248.14"," 94518"," 3973609"," 61.73"
VARDHACRLC," BE"," 13-Aug-2026"," 44.63"," 44.63"," 45.10"," 43.90"," 44.01"," 44.06"," 44.17"," 12518"," 5.53"," 103"," -"," -"
VARDMNPOLY," EQ"," 13-Aug-2026"," 6.38"," 6.49"," 6.64"," 6.21"," 6.49"," 6.43"," 6.42"," 910672"," 58.44"," 705"," 646017"," 70.94"
VARROC," EQ"," 13-Aug-2026"," 836.15"," 836.00"," 858.75"," 836.00"," 840.00"," 841.95"," 846.39"," 330258"," 2795.27"," 17849"," 119336"," 36.13"
VASCONEQ," EQ"," 13-Aug-2026"," 31.26"," 32.50"," 32.60"," 31.06"," 31.42"," 31.41"," 31.73"," 504368"," 160.04"," 2050"," 231110"," 45.82"
VASWANI," EQ"," 13-Aug-2026"," 52.07"," 52.06"," 53.36"," 51.20"," 53.02"," 53.04"," 52.00"," 17599"," 9.15"," 138"," 13793"," 78.37"
VBL," EQ"," 13-Aug-2026"," 440.50"," 438.95"," 440.90"," 435.80"," 440.50"," 440.50"," 437.78"," 2014673"," 8819.82"," 31318"," 1206645"," 59.89"
VCL," EQ"," 13-Aug-2026"," 1.54"," 1.61"," 1.61"," 1.55"," 1.61"," 1.61"," 1.61"," 649695"," 10.45"," 172"," 468888"," 72.17"
VDEAL," SM"," 13-Aug-2026"," 165.80"," 168.00"," 189.90"," 165.00"," 165.00"," 165.00"," 170.25"," 8400"," 14.30"," 14"," 5400"," 64.29"
VEDL," EQ"," 13-Aug-2026"," 275.80"," 276.20"," 276.90"," 268.75"," 271.10"," 271.10"," 272.01"," 8900356"," 24209.95"," 344255"," 3959160"," 44.48"
VEDPOWER," EQ"," 13-Aug-2026"," 36.75"," 36.90"," 37.10"," 36.52"," 36.95"," 36.88"," 36.86"," 16618372"," 6126.10"," 36856"," 7575457"," 45.58"
VEEDOL," EQ"," 13-Aug-2026"," 1513.40"," 1508.00"," 1519.80"," 1492.00"," 1503.00"," 1497.90"," 1500.94"," 12805"," 192.20"," 1607"," 7265"," 56.74"
VEEKAYEM," SM"," 13-Aug-2026"," 116.85"," 111.05"," 120.00"," 111.05"," 120.00"," 120.00"," 112.88"," 2500"," 2.82"," 5"," 2000"," 80.00"
VELJAN," BE"," 13-Aug-2026"," 1715.70"," 1769.00"," 1801.40"," 1750.00"," 1801.40"," 1801.40"," 1791.51"," 1180"," 21.14"," 73"," -"," -"
VENKEYS," EQ"," 13-Aug-2026"," 1515.10"," 1521.00"," 1562.00"," 1516.10"," 1533.50"," 1523.00"," 1534.89"," 48835"," 749.56"," 4423"," 21076"," 43.16"
VENTIVE," EQ"," 13-Aug-2026"," 591.50"," 599.00"," 600.00"," 585.60"," 586.25"," 588.45"," 589.86"," 13179"," 77.74"," 1335"," 7771"," 58.97"
VENUSPIPES," EQ"," 13-Aug-2026"," 1563.80"," 1569.80"," 1655.00"," 1565.00"," 1576.00"," 1579.80"," 1597.25"," 99569"," 1590.37"," 7484"," 49684"," 49.90"
VENUSREM," BE"," 13-Aug-2026"," 1647.00"," 1680.00"," 1729.30"," 1641.10"," 1729.30"," 1729.30"," 1709.96"," 72791"," 1244.70"," 2155"," -"," -"
VERANDA," EQ"," 13-Aug-2026"," 251.35"," 251.50"," 262.70"," 232.25"," 243.00"," 242.80"," 246.31"," 2950795"," 7268.24"," 56221"," 549728"," 18.63"
VERTOZ," BE"," 13-Aug-2026"," 35.49"," 36.24"," 36.24"," 35.00"," 36.00"," 35.99"," 35.84"," 54076"," 19.38"," 186"," -"," -"
VESUVIUS," EQ"," 13-Aug-2026"," 456.95"," 447.00"," 449.60"," 438.70"," 440.80"," 440.00"," 443.14"," 78338"," 347.15"," 4313"," 46686"," 59.60"
VETO," BE"," 13-Aug-2026"," 120.46"," 122.85"," 126.48"," 118.25"," 124.00"," 124.13"," 124.40"," 54900"," 68.30"," 427"," -"," -"
VGINFOTECH," SM"," 13-Aug-2026"," 148.45"," 147.00"," 156.00"," 146.50"," 156.00"," 155.00"," 151.52"," 22000"," 33.33"," 22"," 16000"," 72.73"
VGL," EQ"," 13-Aug-2026"," 60.14"," 60.40"," 63.75"," 59.00"," 59.50"," 59.89"," 61.40"," 75119"," 46.12"," 497"," 46657"," 62.11"
VGUARD," EQ"," 13-Aug-2026"," 331.75"," 335.80"," 345.20"," 329.15"," 330.00"," 331.70"," 338.01"," 2765562"," 9347.97"," 34056"," 1718911"," 62.15"
VHL," EQ"," 13-Aug-2026"," 3513.00"," 3560.00"," 3560.00"," 3450.00"," 3450.10"," 3454.90"," 3474.43"," 442"," 15.36"," 123"," 277"," 62.67"
VHLTD," BE"," 13-Aug-2026"," 129.62"," 132.70"," 132.70"," 129.00"," 132.60"," 131.72"," 131.79"," 25216"," 33.23"," 72"," -"," -"
VIAZ," SM"," 13-Aug-2026"," 63.80"," 65.00"," 66.50"," 65.00"," 66.50"," 66.50"," 65.39"," 16000"," 10.46"," 6"," 16000"," 100.00"
VIDHIING," EQ"," 13-Aug-2026"," 314.95"," 317.05"," 317.45"," 303.10"," 308.60"," 307.40"," 309.08"," 19024"," 58.80"," 776"," 10644"," 55.95"
VIDYAWIRES," EQ"," 13-Aug-2026"," 92.81"," 88.17"," 92.00"," 88.17"," 88.17"," 88.17"," 89.15"," 2149055"," 1915.96"," 9457"," 1414247"," 65.81"
VIESL," SM"," 13-Aug-2026"," 302.85"," 301.00"," 308.65"," 299.00"," 305.90"," 307.50"," 302.90"," 18400"," 55.73"," 21"," 16800"," 91.30"
VIGOR," ST"," 13-Aug-2026"," 86.25"," 85.75"," 90.25"," 85.70"," 88.00"," 87.00"," 87.49"," 46400"," 40.60"," 29"," 36800"," 79.31"
VIJAYA," EQ"," 13-Aug-2026"," 1510.60"," 1524.90"," 1573.00"," 1472.20"," 1479.50"," 1486.50"," 1505.45"," 274726"," 4135.87"," 20195"," 98635"," 35.90"
VIJAYPD," SM"," 13-Aug-2026"," 63.35"," 61.50"," 63.00"," 61.50"," 63.00"," 62.95"," 62.24"," 8000"," 4.98"," 4"," 8000"," 100.00"
VIJIFIN," BE"," 13-Aug-2026"," 11.92"," 12.15"," 12.15"," 12.15"," 12.15"," 12.15"," 12.15"," 19485"," 2.37"," 30"," -"," -"
VIKASECO," EQ"," 13-Aug-2026"," 1.11"," 1.11"," 1.13"," 1.10"," 1.12"," 1.11"," 1.11"," 2325228"," 25.90"," 1078"," 1100788"," 47.34"
VIKASLIFE," EQ"," 13-Aug-2026"," 1.25"," 1.25"," 1.26"," 1.25"," 1.25"," 1.25"," 1.26"," 1401334"," 17.59"," 9262"," 916582"," 65.41"
VIKRAMSOLR," EQ"," 13-Aug-2026"," 159.58"," 160.88"," 164.30"," 159.10"," 163.69"," 163.46"," 162.66"," 1827422"," 2972.52"," 17960"," 681856"," 37.31"
VIKRAN," EQ"," 13-Aug-2026"," 66.12"," 66.12"," 66.95"," 65.01"," 65.35"," 65.16"," 66.05"," 1963639"," 1296.92"," 10524"," 807504"," 41.12"
VILAS," SM"," 13-Aug-2026"," 349.50"," 355.50"," 355.50"," 346.00"," 348.50"," 350.10"," 348.97"," 12000"," 41.88"," 39"," 7250"," 60.42"
VIMTALABS," EQ"," 13-Aug-2026"," 627.15"," 627.15"," 634.95"," 623.00"," 633.95"," 633.20"," 629.83"," 102412"," 645.03"," 4903"," 41073"," 40.11"
VINATIORGA," EQ"," 13-Aug-2026"," 1327.40"," 1325.00"," 1385.00"," 1320.40"," 1350.40"," 1344.60"," 1346.55"," 207024"," 2787.67"," 10771"," 132547"," 64.02"
VINCOFE," EQ"," 13-Aug-2026"," 146.42"," 145.50"," 151.10"," 143.40"," 145.60"," 146.65"," 148.65"," 2464519"," 3663.52"," 10809"," 1366231"," 55.44"
VINDHYATEL," EQ"," 13-Aug-2026"," 2582.70"," 2575.00"," 2579.90"," 2420.00"," 2443.00"," 2460.40"," 2512.68"," 68562"," 1722.75"," 7472"," 32454"," 47.34"
VINEETLAB," EQ"," 13-Aug-2026"," 38.98"," 39.94"," 39.94"," 37.04"," 39.39"," 38.44"," 37.76"," 83321"," 31.46"," 2116"," 65387"," 78.48"
VINNY," EQ"," 13-Aug-2026"," 1.06"," 1.07"," 1.08"," 1.06"," 1.07"," 1.06"," 1.07"," 329208"," 3.52"," 99"," 222577"," 67.61"
VINSYS," ST"," 13-Aug-2026"," 580.00"," 580.00"," 580.00"," 569.00"," 569.00"," 569.25"," 574.45"," 6250"," 35.90"," 19"," 6250"," 100.00"
VINYAS," SM"," 13-Aug-2026"," 1353.80"," 1350.00"," 1350.00"," 1320.15"," 1320.15"," 1320.15"," 1324.48"," 7100"," 94.04"," 43"," 4600"," 64.79"
VINYLINDIA," EQ"," 13-Aug-2026"," 243.12"," 243.12"," 246.00"," 240.00"," 240.00"," 240.46"," 241.94"," 6060"," 14.66"," 299"," 4997"," 82.46"
VIPCLOTHNG," BE"," 13-Aug-2026"," 20.42"," 20.53"," 20.90"," 20.20"," 20.63"," 20.60"," 20.62"," 43798"," 9.03"," 107"," -"," -"
VIPIND," EQ"," 13-Aug-2026"," 310.25"," 300.00"," 329.65"," 299.05"," 306.00"," 307.70"," 316.19"," 1152400"," 3643.79"," 19829"," 366552"," 31.81"
VIPULLTD," BE"," 13-Aug-2026"," 13.75"," 14.02"," 14.02"," 14.02"," 14.02"," 14.02"," 14.02"," 308678"," 43.28"," 70"," -"," -"
VIRINCHI," EQ"," 13-Aug-2026"," 15.20"," 15.01"," 15.65"," 15.01"," 15.27"," 15.17"," 15.26"," 41574"," 6.34"," 196"," 34666"," 83.38"
VISACHROME," BE"," 13-Aug-2026"," 37.50"," 37.10"," 37.98"," 36.16"," 37.46"," 37.29"," 37.13"," 3800"," 1.41"," 45"," -"," -"
VISAKAIND," EQ"," 13-Aug-2026"," 98.76"," 97.90"," 98.00"," 95.00"," 95.98"," 95.51"," 96.07"," 293415"," 281.88"," 3179"," 147508"," 50.27"
VISDEM," SM"," 13-Aug-2026"," 78.00"," 76.00"," 85.00"," 70.95"," 85.00"," 85.00"," 78.31"," 8400"," 6.58"," 7"," 3600"," 42.86"
VISHNU," EQ"," 13-Aug-2026"," 589.45"," 586.60"," 606.70"," 586.60"," 602.00"," 600.25"," 597.78"," 95596"," 571.45"," 3949"," 68496"," 71.65"
VISHNUINFR," SM"," 13-Aug-2026"," 158.15"," 156.05"," 156.05"," 152.00"," 152.35"," 152.55"," 154.99"," 18000"," 27.90"," 23"," 13500"," 75.00"
VISHWARAJ," EQ"," 13-Aug-2026"," 5.32"," 5.36"," 5.58"," 5.20"," 5.48"," 5.45"," 5.47"," 578713"," 31.66"," 670"," 411765"," 71.15"
VISL," EQ"," 13-Aug-2026"," 39.08"," 39.08"," 40.24"," 37.87"," 38.72"," 38.79"," 39.21"," 36097225"," 14153.39"," 63532"," 15622602"," 43.28"
VITAL," BE"," 13-Aug-2026"," 52.50"," 52.50"," 53.55"," 52.50"," 53.55"," 53.55"," 53.13"," 9011"," 4.79"," 20"," -"," -"
VIVIANA," BE"," 13-Aug-2026"," 706.90"," 691.10"," 724.00"," 685.20"," 709.70"," 702.75"," 702.67"," 26567"," 186.68"," 381"," -"," -"
VIVIDEL," ST"," 13-Aug-2026"," 1470.00"," 1470.00"," 1499.00"," 1451.00"," 1495.00"," 1492.15"," 1471.96"," 10560"," 155.44"," 42"," 10560"," 100.00"
VIVIDHA," EQ"," 13-Aug-2026"," 0.55"," 0.55"," 0.59"," 0.55"," 0.56"," 0.55"," 0.56"," 174318"," 0.98"," 188"," 140906"," 80.83"
VIVIMEDLAB," BE"," 13-Aug-2026"," 5.02"," 5.04"," 5.14"," 4.85"," 5.00"," 4.96"," 4.94"," 74059"," 3.66"," 136"," -"," -"
VIVO," SM"," 13-Aug-2026"," 131.95"," 138.50"," 138.50"," 138.50"," 138.50"," 138.50"," 138.50"," 3200"," 4.43"," 2"," 3200"," 100.00"
VIYASH," EQ"," 13-Aug-2026"," 262.75"," 265.50"," 272.40"," 253.50"," 268.00"," 266.30"," 262.59"," 3737226"," 9813.52"," 47139"," 1596692"," 42.72"
VLEGOV," BE"," 13-Aug-2026"," 10.32"," 10.12"," 10.12"," 10.12"," 10.12"," 10.12"," 10.12"," 67812"," 6.86"," 137"," -"," -"
VLINFRA," SM"," 13-Aug-2026"," 27.05"," 27.05"," 27.05"," 27.05"," 27.05"," 27.05"," 27.05"," 4500"," 1.22"," 2"," 4500"," 100.00"
VLSFINANCE," EQ"," 13-Aug-2026"," 270.35"," 275.00"," 275.00"," 261.25"," 266.00"," 265.15"," 265.75"," 16080"," 42.73"," 1041"," 8956"," 55.70"
VMARCIND," SM"," 13-Aug-2026"," 368.70"," 351.15"," 358.90"," 331.85"," 345.05"," 346.80"," 342.84"," 1026000"," 3517.58"," 619"," 438000"," 42.69"
VMART," EQ"," 13-Aug-2026"," 801.10"," 796.00"," 815.10"," 766.75"," 804.20"," 807.30"," 804.10"," 99849"," 802.89"," 11334"," 59887"," 59.98"
VMM," EQ"," 13-Aug-2026"," 108.00"," 107.85"," 108.15"," 106.20"," 107.00"," 107.00"," 106.66"," 11959007"," 12754.89"," 37025"," 7434581"," 62.17"
VMOBILE," SM"," 13-Aug-2026"," 70.00"," 70.00"," 70.00"," 68.00"," 68.00"," 68.00"," 68.81"," 4000"," 2.75"," 5"," 4000"," 100.00"
VMSTMT," EQ"," 13-Aug-2026"," 49.88"," 50.44"," 51.57"," 49.97"," 51.57"," 51.42"," 51.11"," 171251"," 87.52"," 586"," 100108"," 58.46"
VOEPL," EQ"," 13-Aug-2026"," 518.65"," 547.00"," 547.00"," 486.25"," 501.00"," 499.05"," 507.69"," 182054"," 924.27"," 8154"," 88954"," 48.86"
VOGL," EQ"," 13-Aug-2026"," 38.40"," 38.40"," 38.91"," 37.70"," 37.90"," 37.85"," 38.23"," 29815420"," 11399.69"," 52877"," 8489560"," 28.47"
VOLTAMP," EQ"," 13-Aug-2026"," 10007.00"," 10020.00"," 10089.50"," 9984.50"," 10030.00"," 10039.50"," 10029.34"," 7682"," 770.45"," 2698"," 3759"," 48.93"
VOLTAS," EQ"," 13-Aug-2026"," 1290.00"," 1293.90"," 1295.10"," 1277.40"," 1289.50"," 1289.50"," 1283.25"," 462615"," 5936.51"," 14494"," 231860"," 50.12"
VPRPL," EQ"," 13-Aug-2026"," 37.25"," 37.25"," 37.74"," 34.10"," 34.88"," 34.97"," 35.75"," 651079"," 232.78"," 3540"," 402090"," 61.76"
VRAJ," EQ"," 13-Aug-2026"," 123.34"," 122.01"," 124.50"," 121.26"," 124.00"," 123.96"," 122.60"," 10461"," 12.83"," 471"," 6511"," 62.24"
VRLLOG," EQ"," 13-Aug-2026"," 300.90"," 299.40"," 304.20"," 294.10"," 301.75"," 301.65"," 300.36"," 177890"," 534.32"," 10608"," 92081"," 51.76"
VSCL," SM"," 13-Aug-2026"," 21.75"," 20.75"," 22.80"," 20.75"," 22.80"," 22.80"," 21.16"," 15000"," 3.17"," 3"," 15000"," 100.00"
VSSL," EQ"," 13-Aug-2026"," 331.10"," 331.15"," 335.95"," 326.10"," 329.75"," 327.15"," 330.54"," 59034"," 195.13"," 1748"," 36130"," 61.20"
VSTIND," EQ"," 13-Aug-2026"," 218.20"," 219.00"," 219.13"," 217.00"," 217.17"," 217.27"," 217.52"," 133829"," 291.10"," 5893"," 90122"," 67.34"
VSTL," EQ"," 13-Aug-2026"," 106.21"," 108.00"," 108.00"," 104.99"," 106.80"," 106.88"," 105.86"," 14711"," 15.57"," 338"," 10000"," 67.98"
VSTTILLERS," EQ"," 13-Aug-2026"," 4441.50"," 4431.00"," 4699.00"," 4394.10"," 4566.50"," 4601.40"," 4568.12"," 43520"," 1988.04"," 6602"," 14732"," 33.85"
VTL," EQ"," 13-Aug-2026"," 591.90"," 591.90"," 594.80"," 587.85"," 590.00"," 590.85"," 591.84"," 95060"," 562.60"," 9679"," 53914"," 56.72"
WAAREEENER," EQ"," 13-Aug-2026"," 2668.00"," 2668.00"," 2689.00"," 2668.00"," 2687.00"," 2687.00"," 2678.50"," 229853"," 6156.61"," 17567"," 103071"," 44.84"
WAAREEINDO," EQ"," 13-Aug-2026"," 299.10"," 299.00"," 305.30"," 297.10"," 304.75"," 298.50"," 299.80"," 49942"," 149.73"," 2186"," 33000"," 66.08"
WAAREERTL," EQ"," 13-Aug-2026"," 894.55"," 896.60"," 901.20"," 889.50"," 892.00"," 891.70"," 893.71"," 102574"," 916.71"," 7361"," 52856"," 51.53"
WABAG," EQ"," 13-Aug-2026"," 1903.60"," 1905.00"," 1928.80"," 1861.90"," 1890.00"," 1885.60"," 1887.93"," 553730"," 10454.05"," 40293"," 202339"," 36.54"
WAKEFIT," EQ"," 13-Aug-2026"," 122.87"," 122.88"," 123.81"," 121.93"," 122.10"," 122.37"," 123.05"," 441671"," 543.47"," 3063"," 138061"," 31.26"
WALCHANNAG," EQ"," 13-Aug-2026"," 232.26"," 235.50"," 236.39"," 225.01"," 225.20"," 225.56"," 228.92"," 596334"," 1365.14"," 8892"," 337802"," 56.65"
WANBURY," EQ"," 13-Aug-2026"," 262.75"," 265.00"," 266.20"," 249.00"," 250.75"," 251.10"," 254.28"," 528816"," 1344.65"," 11787"," 169311"," 32.02"
WCIL," EQ"," 13-Aug-2026"," 85.59"," 86.99"," 90.20"," 85.50"," 88.47"," 88.23"," 87.60"," 114670"," 100.45"," 2517"," 57778"," 50.39"
WEALTH," EQ"," 13-Aug-2026"," 933.70"," 936.00"," 936.00"," 911.00"," 911.10"," 912.70"," 917.79"," 3175"," 29.14"," 276"," 2429"," 76.50"
WEBELSOLAR," EQ"," 13-Aug-2026"," 85.29"," 85.29"," 87.75"," 83.26"," 87.00"," 87.10"," 85.84"," 3828651"," 3286.61"," 25998"," 1858368"," 48.54"
WEIZMANIND," EQ"," 13-Aug-2026"," 77.94"," 77.50"," 79.99"," 77.09"," 77.35"," 78.05"," 78.11"," 596"," 0.47"," 27"," 315"," 52.85"
WEL," EQ"," 13-Aug-2026"," 135.04"," 139.80"," 143.75"," 134.32"," 142.09"," 140.00"," 138.47"," 1218729"," 1687.62"," 9582"," 565956"," 46.44"
WELCORP," EQ"," 13-Aug-2026"," 1867.60"," 1869.60"," 1886.00"," 1869.60"," 1885.00"," 1883.90"," 1879.28"," 484970"," 9113.93"," 32186"," 332382"," 68.54"
WELENT," EQ"," 13-Aug-2026"," 574.05"," 574.00"," 576.95"," 562.00"," 565.65"," 568.25"," 568.43"," 121693"," 691.74"," 5369"," 69261"," 56.91"
WELINV," BE"," 13-Aug-2026"," 1830.00"," 1805.00"," 1875.00"," 1805.00"," 1875.00"," 1875.00"," 1835.14"," 365"," 6.70"," 14"," -"," -"
WELSPLSOL," EQ"," 13-Aug-2026"," 47.66"," 47.70"," 48.69"," 47.04"," 48.14"," 48.19"," 47.72"," 364608"," 174.01"," 1866"," 249910"," 68.54"
WELSPUNLIV," EQ"," 13-Aug-2026"," 165.23"," 165.60"," 167.58"," 159.01"," 159.80"," 159.83"," 162.74"," 2032453"," 3307.70"," 22264"," 981035"," 48.27"
WENDT," EQ"," 13-Aug-2026"," 7954.50"," 8000.00"," 8090.00"," 7950.00"," 8006.50"," 7985.00"," 8008.64"," 4049"," 324.27"," 968"," 2456"," 60.66"
WESTLIFE," EQ"," 13-Aug-2026"," 594.70"," 589.60"," 596.20"," 586.25"," 590.00"," 588.75"," 589.09"," 226618"," 1334.99"," 2977"," 207649"," 91.63"
WEWIN," BE"," 13-Aug-2026"," 46.20"," 45.50"," 47.40"," 45.00"," 46.50"," 46.50"," 45.43"," 2195"," 1.00"," 19"," -"," -"
WEWORK," EQ"," 13-Aug-2026"," 708.60"," 705.85"," 730.90"," 700.55"," 717.40"," 719.50"," 717.32"," 316868"," 2272.96"," 21467"," 185771"," 58.63"
WHEELS," EQ"," 13-Aug-2026"," 1360.00"," 1360.00"," 1382.00"," 1342.00"," 1353.00"," 1353.60"," 1358.79"," 57615"," 782.87"," 5137"," 32465"," 56.35"
WHIRLPOOL," EQ"," 13-Aug-2026"," 790.15"," 791.00"," 796.90"," 783.55"," 784.00"," 784.80"," 790.24"," 350033"," 2766.09"," 10814"," 267937"," 76.55"
WILLAMAGOR," EQ"," 13-Aug-2026"," 26.25"," 26.90"," 26.90"," 25.45"," 26.37"," 25.98"," 25.95"," 2557"," 0.66"," 33"," 2309"," 90.30"
WINDLAS," EQ"," 13-Aug-2026"," 894.70"," 890.15"," 962.00"," 890.15"," 948.00"," 949.50"," 944.28"," 278835"," 2632.99"," 14773"," 88392"," 31.70"
WINDMACHIN," EQ"," 13-Aug-2026"," 305.10"," 305.00"," 308.15"," 294.00"," 300.00"," 300.10"," 299.76"," 175654"," 526.54"," 1533"," 134780"," 76.73"
WINSOL," SM"," 13-Aug-2026"," 113.25"," 116.00"," 116.00"," 116.00"," 116.00"," 116.00"," 116.00"," 400"," 0.46"," 1"," 400"," 100.00"
WIPL," EQ"," 13-Aug-2026"," 167.90"," 167.90"," 172.97"," 166.60"," 167.15"," 167.19"," 167.55"," 231"," 0.39"," 22"," 195"," 84.42"
WIPRO," EQ"," 13-Aug-2026"," 183.94"," 183.49"," 183.75"," 181.72"," 183.10"," 183.10"," 182.87"," 5434084"," 9937.51"," 49700"," 3052925"," 56.18"
WOCKPHARMA," EQ"," 13-Aug-2026"," 1847.40"," 1851.00"," 1928.80"," 1848.70"," 1910.00"," 1912.90"," 1898.19"," 742285"," 14089.96"," 35509"," 288864"," 38.92"
WOL3D," ST"," 13-Aug-2026"," 131.10"," 137.50"," 137.65"," 137.50"," 137.65"," 137.65"," 137.61"," 4000"," 5.50"," 4"," 3000"," 75.00"
WOMANCART," SM"," 13-Aug-2026"," 92.90"," 95.00"," 95.00"," 90.20"," 93.65"," 93.65"," 92.75"," 13200"," 12.24"," 33"," 7600"," 57.58"
WONDERLA," EQ"," 13-Aug-2026"," 470.05"," 468.50"," 476.70"," 461.00"," 469.05"," 470.85"," 471.70"," 89632"," 422.79"," 9348"," 49791"," 55.55"
WORTHPERI," EQ"," 13-Aug-2026"," 157.13"," 159.40"," 159.40"," 149.10"," 152.70"," 151.56"," 153.39"," 18422"," 28.26"," 551"," 10336"," 56.11"
WPIL," EQ"," 13-Aug-2026"," 427.80"," 430.95"," 431.45"," 418.00"," 421.00"," 420.40"," 423.33"," 29780"," 126.07"," 2182"," 20815"," 69.90"
WSI," EQ"," 13-Aug-2026"," 58.99"," 59.70"," 59.71"," 56.25"," 56.51"," 57.78"," 57.83"," 81353"," 47.04"," 1742"," 51092"," 62.80"
WSTCSTPAPR," EQ"," 13-Aug-2026"," 624.55"," 624.50"," 631.50"," 600.20"," 610.90"," 606.10"," 616.93"," 492943"," 3041.13"," 17344"," 201356"," 40.85"
WTICAB," SM"," 13-Aug-2026"," 111.85"," 107.80"," 114.60"," 107.60"," 112.00"," 111.65"," 110.61"," 14500"," 16.04"," 23"," 11000"," 75.86"
XCHANGING," EQ"," 13-Aug-2026"," 67.07"," 67.19"," 67.95"," 63.00"," 66.11"," 65.74"," 65.98"," 414051"," 273.19"," 3322"," 162119"," 39.15"
XELPMOC," EQ"," 13-Aug-2026"," 79.78"," 80.05"," 82.97"," 78.51"," 82.07"," 81.03"," 81.13"," 12039"," 9.77"," 382"," 9149"," 75.99"
XPROINDIA," EQ"," 13-Aug-2026"," 1092.00"," 1096.90"," 1137.10"," 1096.90"," 1117.00"," 1115.60"," 1117.55"," 46472"," 519.35"," 3251"," 29405"," 63.27"
XTGLOBAL," EQ"," 13-Aug-2026"," 31.91"," 32.09"," 34.19"," 31.31"," 31.75"," 31.68"," 33.41"," 320897"," 107.22"," 937"," 180452"," 56.23"
XTRANET," EQ"," 13-Aug-2026"," 156.18"," 154.00"," 157.00"," 146.15"," 150.00"," 150.40"," 151.41"," 752781"," 1139.80"," 8334"," 374421"," 49.74"
YAAP," SM"," 13-Aug-2026"," 145.00"," 145.00"," 146.50"," 142.40"," 144.00"," 144.00"," 145.04"," 11000"," 15.95"," 11"," 8000"," 72.73"
YASHO," EQ"," 13-Aug-2026"," 4213.00"," 4200.00"," 4329.90"," 4199.90"," 4289.00"," 4276.50"," 4285.70"," 22401"," 960.04"," 3566"," 12875"," 57.48"
YATHARTH," EQ"," 13-Aug-2026"," 868.85"," 868.05"," 868.95"," 841.10"," 844.00"," 845.10"," 849.53"," 444022"," 3772.09"," 27436"," 244139"," 54.98"
YATRA," EQ"," 13-Aug-2026"," 118.99"," 112.55"," 121.70"," 108.40"," 116.40"," 116.11"," 116.36"," 13872289"," 16141.58"," 70524"," 4087519"," 29.47"
YESBANK," EQ"," 13-Aug-2026"," 22.98"," 22.97"," 23.04"," 22.81"," 22.98"," 22.98"," 22.94"," 37644646"," 8635.10"," 56144"," 18874602"," 50.14"
YUDIZ," SM"," 13-Aug-2026"," 25.00"," 24.00"," 26.25"," 24.00"," 25.80"," 25.80"," 25.53"," 7200"," 1.84"," 9"," 6400"," 88.89"
YUKEN," EQ"," 13-Aug-2026"," 846.20"," 864.00"," 864.00"," 826.10"," 840.00"," 845.65"," 841.34"," 8564"," 72.05"," 911"," 5082"," 59.34"
ZAGGLE," EQ"," 13-Aug-2026"," 201.71"," 202.71"," 204.24"," 200.50"," 201.40"," 201.04"," 201.90"," 377307"," 761.79"," 5215"," 233499"," 61.89"
ZEAL," SM"," 13-Aug-2026"," 66.00"," 62.10"," 63.50"," 62.10"," 63.50"," 63.50"," 62.80"," 1200"," 0.75"," 2"," 1200"," 100.00"
ZEEL," EQ"," 13-Aug-2026"," 97.52"," 97.55"," 99.25"," 95.33"," 96.50"," 96.75"," 97.16"," 27199751"," 26428.25"," 87534"," 6973360"," 25.64"
ZEELEARN," BE"," 13-Aug-2026"," 7.92"," 8.05"," 8.31"," 8.00"," 8.31"," 8.31"," 8.26"," 352381"," 29.12"," 292"," -"," -"
ZEEMEDIA," EQ"," 13-Aug-2026"," 7.15"," 8.05"," 8.58"," 8.05"," 8.58"," 8.58"," 8.49"," 16291030"," 1383.89"," 5875"," 9024502"," 55.40"
ZENITHDRUG," SM"," 13-Aug-2026"," 41.80"," 43.40"," 43.40"," 43.40"," 43.40"," 43.40"," 43.40"," 800"," 0.35"," 1"," 800"," 100.00"
ZENITHEXPO," EQ"," 13-Aug-2026"," 238.52"," 228.10"," 233.40"," 226.60"," 226.60"," 226.60"," 227.79"," 692"," 1.58"," 89"," 421"," 60.84"
ZENITHSTL," EQ"," 13-Aug-2026"," 5.54"," 5.61"," 5.61"," 5.44"," 5.55"," 5.54"," 5.55"," 37337"," 2.07"," 189"," 31273"," 83.76"
ZENSARTECH," EQ"," 13-Aug-2026"," 494.45"," 494.50"," 500.95"," 491.00"," 499.80"," 498.65"," 497.33"," 366909"," 1824.74"," 11610"," 120427"," 32.82"
ZENTEC," EQ"," 13-Aug-2026"," 1824.30"," 1825.00"," 1863.70"," 1822.00"," 1833.00"," 1831.80"," 1841.03"," 288202"," 5305.88"," 23430"," 107805"," 37.41"
ZFCVINDIA," EQ"," 13-Aug-2026"," 2613.40"," 2613.40"," 2652.00"," 2607.90"," 2611.80"," 2616.20"," 2628.73"," 50966"," 1339.76"," 13715"," 29794"," 58.46"
ZFSTEERING," EQ"," 13-Aug-2026"," 667.30"," 685.00"," 685.00"," 662.05"," 665.10"," 668.15"," 669.64"," 1420"," 9.51"," 103"," 1114"," 78.45"
ZIMLAB," BE"," 13-Aug-2026"," 107.92"," 107.80"," 110.00"," 106.00"," 109.50"," 109.74"," 106.76"," 46764"," 49.92"," 147"," -"," -"
ZODIAC," EQ"," 13-Aug-2026"," 245.15"," 244.00"," 269.65"," 236.00"," 269.65"," 269.65"," 262.23"," 53754"," 140.96"," 1643"," 34498"," 64.18"
ZODIACLOTH," EQ"," 13-Aug-2026"," 77.13"," 76.67"," 77.50"," 76.60"," 77.40"," 77.00"," 76.96"," 2950"," 2.27"," 83"," 2442"," 82.78"
ZOTA," EQ"," 13-Aug-2026"," 1249.60"," 1247.50"," 1269.80"," 1241.00"," 1260.00"," 1241.30"," 1243.31"," 145417"," 1807.99"," 1619"," 114511"," 78.75"
ZSARACOM," EQ"," 13-Aug-2026"," 11549.00"," 12999.00"," 13500.00"," 11700.00"," 13000.00"," 12388.00"," 12903.20"," 3250"," 419.35"," 1046"," 398"," 12.25"
ZTECH," SM"," 13-Aug-2026"," 506.70"," 513.00"," 520.00"," 510.05"," 519.00"," 519.00"," 515.42"," 3900"," 20.10"," 13"," 3600"," 92.31"
ZUARI," EQ"," 13-Aug-2026"," 219.45"," 219.70"," 229.62"," 219.70"," 220.35"," 220.92"," 224.02"," 159950"," 358.32"," 4422"," 29067"," 18.17"
ZUARIIND," EQ"," 13-Aug-2026"," 265.95"," 268.00"," 274.90"," 257.00"," 257.00"," 259.05"," 265.71"," 113390"," 301.29"," 2429"," 28306"," 24.96"
ZYDUSLIFE," EQ"," 13-Aug-2026"," 1205.00"," 1201.00"," 1202.90"," 1163.50"," 1167.30"," 1167.30"," 1172.99"," 1606705"," 18846.47"," 41016"," 813315"," 50.62"
ZYDUSWELL," EQ"," 13-Aug-2026"," 507.55"," 507.00"," 510.30"," 503.05"," 506.00"," 505.45"," 506.07"," 117427"," 594.27"," 8130"," 53413"," 45.49"
