SC_CODE,SC_NAME,SC_GROUP,SC_TYPE,OPEN,HIGH,LOW,CLOSE,LAST,PREVCLOSE,NO_TRADES,NO_OF_SHRS,NET_TURNOV,TDCLOINDI
526921,21ST CEN.MGM,B ,Q,16.10,17.00,15.75,16.00,16.00,16.50,55,13948,225499.00,
532628,3I INFOTECH ,B1,Q,165.50,165.50,162.15,163.30,163.30,164.10,662,42339,6917684.00,
523395,3M INDIA LTD,B1,Q,1149.95,1152.00,1127.25,1139.50,1140.00,1139.25,30,1225,1395806.00,
990001,6.75% US-64 ,F ,B,101.10,102.20,101.10,101.82,101.82,101.65,29,7405,753459.00,
500410,A.C.C.      ,A ,Q,911.00,919.35,902.00,914.45,914.45,909.65,5389,217450,198935941.00,
530499,A.K.CAPITAL ,B ,Q,126.00,126.00,121.00,122.00,122.00,120.20,6,89,11003.00,
500009,A.SARABHAI  ,B1,Q,9.47,10.25,9.47,9.92,9.91,9.92,85,21302,212395.00,
524348,AARTI DRUGS ,B1,Q,84.15,85.15,83.50,84.10,83.50,84.50,23,1718,144697.00,
524208,AARTI INDUST,B1,Q,32.55,33.30,32.20,32.60,32.55,32.35,275,40552,1326004.00,
514274,AARVEE DENIM,B1,Q,54.55,58.25,54.55,56.65,56.65,55.45,117,10417,594059.00,
531514,AASHEESH SEC,B ,Q,0.88,0.88,0.88,0.88,0.88,0.92,1,10,8.00,
523204,ABAN LOYD   ,B1,Q,1211.25,1266.00,1211.00,1233.90,1233.90,1226.50,649,11669,14476746.00,
500002,ABB LTD.    ,A ,Q,2801.00,2840.00,2780.00,2820.20,2820.20,2793.75,809,12373,34909139.00,
500488,ABBOTT (I)  ,A ,Q,566.00,580.00,566.00,572.55,570.10,562.15,354,11334,6504800.00,
520123,ABC INDIA   ,S ,Q,33.00,34.60,33.00,34.00,34.00,34.05,19,1671,56111.00,
530833,ABEE INFO-CO,B ,Q,2.86,2.86,2.80,2.86,2.86,2.73,13,4550,12999.00,
520155,ABG HEAVY IN,B1,Q,220.30,224.00,217.00,220.90,217.25,224.05,90,6786,1492035.00,
532682,ABG SHIPYARD,B1,Q,265.00,269.00,261.25,263.55,263.55,262.75,251,8579,2265147.00,
532057,ABHINAV CAP ,B ,Q,36.65,36.65,36.65,36.65,36.65,35.95,2,240,8796.00,
521064,ABHISHEK IND,B ,Q,20.90,21.40,20.75,20.95,20.85,20.75,266,57351,1207526.00,
526955,ABL BIO-TECH,B ,Q,48.00,49.50,47.15,49.50,49.50,47.55,40,3151,153681.00,
531161,ABM KNOWLEDG,B ,Q,7.21,8.19,7.21,8.19,8.19,7.88,6,2901,22721.00,
517494,ACCEL TRANS ,B ,Q,23.50,23.70,22.35,22.85,22.85,23.50,76,8888,203441.00,
530093,ACE INDIA LT,B ,Q,8.00,8.38,8.00,8.29,8.30,7.99,19,9549,79655.00,
531525,ACE SOFTWARE,S ,Q,15.20,15.25,14.98,15.21,15.24,14.80,27,5701,86658.00,
530043,ACKNIT KNIT.,B ,Q,47.15,49.50,47.15,47.70,47.70,49.00,7,650,31126.00,
513149,ACROW INDIA ,B ,Q,104.60,109.00,100.10,104.25,104.60,104.15,9,214,22612.00,
524091,ACRYCIL LTD.,B ,Q,23.00,25.80,22.95,25.80,25.80,25.45,5,275,6602.00,
511706,ACTION FIN. ,B ,Q,0.50,0.50,0.50,0.50,0.50,0.48,1,500,250.00,
512599,ADANI EXPORT,A ,Q,121.50,122.90,118.50,119.35,119.35,119.80,1676,380784,46064325.00,
531518,ADARSH DERI.,B ,Q,9.35,9.50,9.27,9.39,9.50,9.45,8,1090,10146.00,
519183,ADF FOODS LT,S ,Q,28.00,28.00,26.40,27.70,28.00,27.60,31,5032,137860.00,
532727,ADHUNIK MET ,B1,Q,27.90,28.50,27.35,27.80,27.80,27.95,281,49994,1395823.00,
500303,ADI BIR NUVO,A ,Q,802.50,804.00,795.50,801.50,801.50,802.40,134,3110,2488737.00,
522150,ADITYA FORGE,Z ,Q,8.02,8.45,8.02,8.45,8.45,8.35,2,700,5743.00,
531588,ADITYA INT. ,B ,Q,33.05,35.30,33.05,35.30,35.30,32.20,2,110,3658.00,
513513,ADITYA ISPAT,B ,Q,2.71,2.85,2.71,2.78,2.78,2.74,6,1501,4206.00,
532399,ADLABS FILMS,B1,Q,291.75,295.35,288.00,290.70,290.70,290.00,1257,58976,17219206.00,
511359,AD-MANUM FIN,B ,Q,15.00,15.95,14.15,14.34,14.34,14.11,25,4554,65144.00,
530431,ADOR FONTECH,S ,Q,90.00,90.00,86.70,87.05,86.70,88.90,46,6990,611807.00,
523120,ADOR MULTI. ,B ,Q,15.10,15.30,14.70,14.75,14.70,15.25,17,2542,38042.00,
517041,ADORWELDING ,B1,Q,332.00,333.00,318.00,321.60,321.60,327.35,39,829,269945.00,
512149,ADVANCE TECH,B ,Q,7.50,7.50,6.96,7.06,7.06,7.70,20,1600,11440.00,
517552,ADVANCED MIC,S ,Q,37.75,37.75,36.55,37.30,37.00,38.25,33,2884,107492.00,
523269,ADVANI HOTEL,B ,Q,92.35,96.90,92.00,95.65,95.65,94.15,52,6740,639887.00,
531686,ADVIK LABORS,B1,Q,5.05,5.29,4.90,5.10,5.10,5.05,35,10841,54773.00,
500003,AEGIS LOGIST,B1,Q,171.80,181.20,171.55,175.55,175.55,172.60,365,26815,4761643.00,
526179,AEKTA LTD.  ,B ,Q,13.18,14.38,13.18,14.24,14.38,13.87,19,4718,65489.00,
503655,AEONIAN PUB ,B ,Q,185.10,191.70,185.10,191.70,191.70,190.00,8,133,25291.00,
508134,AFT INDUST. ,S ,Q,88.90,97.35,88.90,95.85,95.85,90.05,138,10902,1039000.00,
530707,AFTEK INFOS.,B1,Q,61.75,62.00,60.80,60.90,60.90,61.60,2479,531388,32605514.00,
519281,AGRO DUTCH I,B1,Q,24.95,24.95,24.15,24.45,24.45,24.40,90,17135,416624.00,
500215,AGRO TECH FO,B1,Q,93.00,94.95,92.25,94.25,94.50,90.45,508,58576,5499157.00,
524448,AHLCON PAREN,B ,Q,50.00,52.50,50.00,51.90,51.90,50.20,72,13306,685384.00,
513335,AHMED.FORG  ,B1,Q,189.00,196.50,189.00,196.50,196.50,187.15,757,95264,18405702.00,
522273,AHMED.STEEL ,S ,Q,5.95,6.14,5.67,6.13,6.13,5.90,9,3600,21574.00,
532683,AIAENGINEER ,B1,Q,749.70,749.70,712.05,716.30,716.30,734.65,377,10571,7636524.00,
524288,AIMCO PESTI.,B ,Q,18.30,19.50,18.30,18.90,19.50,18.80,13,3600,67965.00,
532331,AJANTA PHARM,B1,Q,74.55,75.80,74.15,74.85,74.85,75.05,121,9450,707171.00,
519216,AJANTA SOYA ,B ,Q,5.45,5.70,5.45,5.67,5.47,5.49,15,4751,26589.00,
511692,AJCON GLOBAL,B ,Q,6.49,6.49,5.81,5.84,5.84,6.35,4,350,2090.00,
530135,AKANKSHA FIN,B ,Q,1.23,1.34,1.23,1.34,1.34,1.29,6,2711,3335.00,
530621,AKAR TOOLS L,B ,Q,33.00,38.00,33.00,35.25,35.10,36.20,14,1032,36400.00,
531838,AKL SOFT INF,T ,Q,0.59,0.64,0.59,0.64,0.64,0.62,2,1500,910.00,
532351,AKSH OPTIFIB,B1,Q,57.95,58.50,56.05,56.45,56.45,57.25,317,22567,1288177.00,
524598,AKSHARCHEM I,S ,Q,14.75,15.20,14.75,14.75,14.75,15.50,11,841,12410.00,
524075,ALBERT DAVID,S ,Q,103.00,103.90,102.00,102.55,102.55,101.90,61,4737,486981.00,
506230,ALBR & WILSO,S ,Q,184.00,184.00,177.00,177.00,177.00,183.00,6,101,18577.00,
526707,ALCHEMIST LT,B ,Q,46.95,47.75,45.50,47.60,47.60,45.50,979,518340,24417787.00,
502207,ALEMBIC GLAS,TS,Q,1705.00,1800.00,1705.00,1770.55,1735.00,1762.65,59,452,794284.00,
506235,ALEMBIC LTD.,B1,Q,334.40,343.00,334.40,340.20,340.20,339.35,119,3649,1242314.00,
530973,ALFA ICA (I),B ,Q,9.65,10.06,8.76,8.76,9.18,8.39,56,9824,91852.00,
505885,ALFA LAVAL  ,A ,Q,800.00,805.00,796.00,797.10,799.90,792.70,54,1240,993775.00,
517546,ALFA TRANSFO,B ,Q,50.20,50.95,48.50,48.95,48.50,50.25,10,2600,130722.00,
531156,ALFAVISON.OV,S ,Q,18.95,19.50,17.50,19.50,19.50,17.75,188,40779,785003.00,
505216,ALFRED HERB ,B ,Q,226.05,226.05,220.60,223.00,223.00,226.00,24,475,106291.00,
530889,ALKA INDIA  ,B1,Q,0.57,0.60,0.57,0.57,0.57,0.59,144,443697,254400.00,
532166,ALKA SECUR. ,Z ,Q,4.91,4.91,4.91,4.91,4.91,4.68,1,100,491.00,
506767,ALKYL AMINES,S ,Q,54.50,56.00,54.00,55.55,56.00,56.00,35,3573,195264.00,
532480,ALLAHABAD BK,A ,Q,73.50,74.85,73.00,74.35,74.35,73.30,657,111762,8292198.00,
532749,ALLCARGO GLO,B1,Q,674.00,675.00,668.05,674.25,675.00,673.80,53,2052,1382505.00,
511589,ALLIANZ CAP.,B ,Q,18.10,18.45,18.10,18.10,18.10,18.40,15,1565,28560.00,
531400,ALLIANZ SEC.,B ,Q,21.55,21.80,21.40,21.40,21.40,21.45,32,4921,105988.00,
532633,ALLSEC TECH ,B1,Q,244.95,244.95,237.10,238.80,238.85,241.15,62,2618,626971.00,
521070,ALOK INDS.  ,A ,Q,62.00,64.25,60.40,64.00,64.00,62.50,2153,431415,27501145.00,
531247,ALPHA HI-TEC,S ,Q,5.47,5.48,4.98,5.08,5.07,5.22,25,6801,35836.00,
526397,ALPHAGEO (I),S ,Q,140.55,144.00,140.55,141.45,141.50,142.85,38,3252,462574.00,
530715,ALPS INDS.  ,B1,Q,112.00,113.90,110.00,111.90,111.90,111.50,1096,70002,7867254.00,
532309,ALSTOM POWER,A ,Q,280.05,283.60,273.50,277.90,277.90,273.65,2486,137671,38451540.00,
524634,ALU FLUORIDE,B ,Q,14.75,15.40,14.62,15.07,15.07,14.53,29,6855,103111.00,
513309,ALUM IND EX ,S ,Q,27.00,27.00,26.00,26.25,26.05,26.95,35,8968,235948.00,
506597,AMAL PRODUCT,B ,Q,3.17,3.17,2.75,3.00,3.00,2.89,5,1160,3612.00,
500008,AMAR RAJA BA,B1,Q,351.90,363.50,346.00,356.55,356.55,348.65,1208,39455,14029820.00,
532664,AMAR REMEDIE,B1,Q,61.00,61.70,60.40,61.05,61.05,61.50,1363,135462,8261857.00,
531681,AMARDEEP IND,T ,Q,2.97,2.97,2.97,2.97,2.97,2.83,2,600,1782.00,
521097,AMARJOTHI SP,B ,Q,41.00,41.00,40.05,40.10,40.05,40.30,16,2100,84682.00,
532201,AMB.CEM.EAST,B ,Q,86.00,86.40,84.60,85.40,85.40,86.05,63,4242,363192.00,
532335,AMBICA AGAR.,B1,Q,9.50,9.57,9.10,9.33,9.33,9.27,31,4110,37803.00,
531978,AMBIKA COTTO,B ,Q,191.90,191.90,182.00,187.65,186.15,186.60,241,18581,3471338.00,
530133,AMCO INDIA L,S ,Q,21.70,22.10,21.60,21.65,21.60,22.05,8,2000,43435.00,
532311,AMEX INFO.  ,S ,Q,16.30,16.75,15.65,16.35,16.35,16.23,188,44807,731876.00,
513117,AMFORGE IND.,B1,Q,8.80,9.14,8.52,8.67,8.52,9.10,82,28958,254219.00,
506248,AMINES&PLAST,B ,Q,34.00,34.95,33.20,34.80,34.80,36.00,5,275,9425.00,
531300,AMIT INTNL. ,S ,Q,4.40,4.40,4.20,4.40,4.40,4.23,12,6750,29377.00,
521076,AMIT SPIN.  ,B ,Q,9.50,9.50,8.92,9.05,9.00,9.40,35,9502,87567.00,
521103,AMRAPALI DEV,B ,Q,3.60,3.60,3.59,3.59,3.59,3.75,2,200,719.00,
526241,AMRAPALI IND,B ,Q,3.80,3.80,3.80,3.80,3.80,4.50,1,304,1155.00,
507525,AMRIT BANASP,S ,Q,63.00,70.00,63.00,69.55,69.55,63.55,1012,149185,10115953.00,
590006,AMRUTANJ(PS ,S ,Q,225.00,225.00,217.10,219.75,218.95,216.75,93,2509,553909.00,
520077,AMTEK AUTO  ,S ,Q,292.00,301.85,292.00,299.15,299.15,290.85,434,15977,4744192.00,
532282,AMTEK INDIA ,S ,Q,120.50,123.00,120.50,122.40,122.40,120.10,329,26812,3269958.00,
515055,ANANT RAJ IN,S ,Q,801.45,801.45,775.00,800.50,800.50,785.75,275,34851,27849699.00,
532418,ANDHRA BANK ,A ,Q,87.50,88.70,87.15,88.20,88.20,87.35,1892,282204,24857867.00,
532141,ANDHRA CEMEN,B ,Q,34.10,35.90,34.00,35.10,35.10,35.65,151,24760,871940.00,
502330,ANDHRA PAPER,B1,Q,110.15,114.45,110.15,112.20,112.20,111.55,82,7308,826952.00,
500012,ANDHRA PETRO,B ,Q,11.42,11.50,11.07,11.42,11.42,11.45,190,107236,1220529.00,
526173,ANDREW YULE ,B1,Q,23.30,25.00,23.30,24.50,24.50,24.30,31,5459,133471.00,
530721,ANG AUTO    ,B ,Q,300.00,305.00,297.10,299.40,300.00,303.30,47,12298,3689644.00,
504629,ANIL SP STEL,S ,Q,17.60,17.60,17.60,17.60,17.60,18.50,1,300,5280.00,
521131,ANJANI FABRI,B ,Q,20.35,20.35,18.55,19.00,18.55,20.20,12,1200,23115.00,
518091,ANJANI PORTL,S ,Q,32.00,33.50,31.65,32.25,32.25,33.30,369,82180,2672523.00,
531223,ANJANI SYNT.,S ,Q,15.80,15.80,15.25,15.70,15.70,15.15,3,51,805.00,
531683,ANKUR DRUGS ,S ,Q,127.05,134.00,127.05,132.85,132.85,127.95,402,42373,5585528.00,
531519,ANKUSH FINST,B ,Q,1.30,1.39,1.20,1.33,1.33,1.38,14,3900,4909.00,
523007,ANSAL BUILD.,TS,Q,99.00,99.00,94.50,96.60,97.00,96.25,153,13613,1313325.00,
507828,ANSAL HOUS. ,S ,Q,214.10,223.00,207.00,220.25,220.25,213.90,1909,123262,26905601.00,
500013,ANSAL INFRAS,B1,Q,439.95,441.90,425.00,438.40,438.40,440.70,2218,95166,41558119.00,
505665,ANTIF BEARNG,S ,Q,133.60,138.00,133.60,137.20,137.00,132.65,71,9827,1329772.00,
506260,ANUH PHARMA ,B ,Q,566.00,566.00,518.00,527.65,524.00,536.20,65,701,370554.00,
532259,APAR INDUS. ,B1,Q,201.60,210.00,201.50,205.50,205.75,210.65,31,957,197756.00,
523694,APCOTEX IND ,B1,Q,39.20,39.20,38.05,38.15,38.15,38.25,24,2322,89320.00,
517096,APLAB LTD.  ,S ,Q,104.90,105.00,102.00,104.90,105.00,104.45,65,2483,258559.00,
523537,APM INDUS.  ,S ,Q,30.50,31.55,30.50,31.00,31.00,31.65,38,2647,81554.00,
512437,APOLLO FIN I,B ,Q,11.00,12.00,11.00,11.00,11.00,11.05,12,4162,49130.00,
508869,APOLLO HOSP.,A ,Q,435.00,443.00,435.00,440.95,440.95,437.30,167,4536,1993885.00,
590049,APOLLO SINDH,S ,Q,106.50,111.70,106.00,107.80,107.80,111.25,121,11728,1275722.00,
500877,APOLLO TYRES,A ,Q,311.45,311.45,298.10,304.10,304.10,307.85,460,21202,6438836.00,
500014,APPLE FINANC,B ,Q,1.30,1.33,1.23,1.25,1.25,1.27,32,8933,11376.00,
532475,APTECH LTD  ,B1,Q,117.80,120.00,116.90,118.65,118.65,117.20,1794,145232,17187765.00,
590033,APW PRES    ,S ,Q,101.15,101.95,100.05,101.05,101.80,101.40,49,3351,337601.00,
512344,ARAVALI SEC.,B ,Q,18.25,19.50,18.25,19.00,18.50,18.15,29,16250,311200.00,
520121,ARCEE INDUST,B ,Q,2.35,2.48,2.35,2.48,2.48,2.58,2,700,1710.00,
532212,ARCHIES LTD ,B1,Q,139.50,143.50,135.00,137.75,137.75,137.90,333,17277,2408391.00,
522275,AREVA       ,B1,Q,646.00,667.90,640.00,655.90,655.90,642.35,2171,66621,43639119.00,
531287,ARHAM PLAST.,B ,Q,10.00,10.00,9.50,9.55,9.55,8.59,9,2000,19147.00,
512219,ARIDHI HITEC,B ,Q,5.51,6.00,5.51,6.00,6.00,6.10,9,1832,10624.00,
511605,ARIHANT CAP.,B ,Q,54.05,54.20,52.35,52.55,52.35,54.00,24,1205,64238.00,
531381,ARIHANT FOUN,S ,Q,324.00,332.60,324.00,326.60,326.60,321.25,23,1195,389292.00,
531017,ARIHANT SEC.,Z ,Q,4.95,4.95,4.95,4.95,4.95,5.20,1,100,495.00,
523094,ARISTOCRAT  ,S ,Q,52.05,52.45,51.95,52.45,52.45,54.60,14,756,39425.00,
531179,ARMAN LEASIN,B ,Q,3.72,4.03,3.72,4.00,4.03,3.37,11,1953,7468.00,
524218,ARMOUR POLY ,S ,Q,9.34,9.34,9.34,9.34,9.34,8.60,2,2,18.00,
513729,ARO GRANITE ,TS,Q,110.00,114.10,110.00,113.75,113.95,109.20,62,9622,1084029.00,
512273,ARONI CHEM. ,S ,Q,61.60,61.60,61.55,61.55,61.55,65.00,2,125,7694.00,
521174,ARORA FIBRES,B ,Q,1.92,2.00,1.92,1.96,1.92,2.00,13,8850,17306.00,
516064,ARROW COATED,B ,Q,44.50,48.50,44.45,48.00,48.00,46.75,10,2151,99460.00,
514193,ARROW WEBTEX,S ,Q,508.35,530.00,508.35,513.65,510.50,530.75,39,1370,715303.00,
531297,ARTEFACT SOF,B ,Q,77.05,77.05,77.00,77.00,77.00,77.85,5,200,15403.00,
512642,ARTILLEGENCE,B ,Q,2.84,3.06,2.84,3.06,3.06,2.94,4,505,1449.00,
522134,ARTSON ENG  ,B ,Q,23.95,23.95,22.60,22.85,23.00,23.25,59,6904,158509.00,
502700,ARUNODAY    ,B ,Q,4.85,5.00,4.85,5.00,5.00,5.00,4,200,978.00,
524760,ARVIND INTER,S ,Q,3.59,3.86,3.59,3.86,3.86,3.91,2,200,745.00,
500101,ARVIND MILLS,A ,Q,62.00,64.50,61.50,64.25,64.25,61.35,4567,1048741,66714916.00,
532489,ARVIND PRODU,B ,Q,6.55,6.99,6.55,6.83,6.85,6.73,81,59961,407414.00,
531823,ARVIND REM. ,B1,Q,1.95,1.95,1.60,1.61,1.61,1.64,121,254500,415428.00,
530245,ARYAMAN FIN.,B ,Q,4.30,4.30,4.30,4.30,4.30,4.52,1,100,430.00,
515030,ASAHI IN.GLA,A ,Q,87.45,91.20,86.40,88.00,88.00,87.00,952,136001,12006073.00,
512535,ASAHI INFRA.,B ,Q,2.00,2.02,1.90,2.00,2.00,1.93,18,10445,20681.00,
511750,ASCENT EXIM ,B ,Q,5.44,5.44,5.44,5.44,5.44,5.72,14,4324,23522.00,
527001,ASHAPURA LTD,B1,Q,228.65,239.00,225.00,229.45,229.45,226.25,2112,124046,28758940.00,
517565,ASHCO INDS. ,S ,Q,31.00,31.25,30.00,30.05,30.00,31.55,91,10429,315364.00,
523716,ASHIANA HSG.,S ,Q,125.00,130.00,125.00,128.45,128.50,126.55,38,2587,330144.00,
513401,ASHIANA ISP.,T ,Q,8.51,8.93,8.11,8.11,8.11,8.51,6,750,6395.00,
532753,ASHIM INV   ,B ,Q,46.90,46.90,45.55,46.15,46.90,46.65,105,8965,413318.00,
514286,ASHIMA LTD. ,B1,Q,9.43,9.82,9.28,9.53,9.59,9.36,77,24623,233812.00,
512247,ASHIRWAD CAP,B ,Q,2.35,2.49,2.34,2.45,2.45,2.24,6,1310,3101.00,
530429,ASHISH POLY.,B ,Q,3.12,3.12,3.12,3.12,3.12,3.45,1,300,936.00,
500477,ASHOK LEYL. ,A ,Q,39.90,41.85,39.40,41.55,41.55,39.60,3970,1445365,59145116.00,
524594,ASHOK-ALCO  ,B ,Q,5.26,6.13,5.26,5.73,5.73,5.58,8,1220,7241.00,
514183,ASIA FAB    ,B ,Q,3.98,4.15,3.95,3.98,4.15,4.15,10,1744,6958.00,
532435,ASIAHR TECH ,B ,Q,1.60,1.61,1.60,1.61,1.61,1.67,2,900,1444.00,
530619,ASIAN CERC I,B ,Q,51.45,51.60,50.35,50.65,50.65,50.60,43,6776,344564.00,
503940,ASIAN ELECTR,B1,Q,515.00,526.00,504.00,507.65,507.65,512.50,1571,55872,28827861.00,
500023,ASIAN HOTELS,B1,Q,631.10,655.00,631.10,649.85,650.00,631.00,80,1750,1138033.00,
519485,ASIAN I NETW,B ,Q,3.00,3.66,3.00,3.59,3.66,3.33,31,10814,37915.00,
530355,ASIAN OILFIE,B ,Q,18.95,19.90,18.95,19.65,19.60,19.25,13,3800,75050.00,
500820,ASIAN PAINTS,A ,Q,631.50,640.00,629.50,637.95,635.50,633.30,164,28510,18086026.00,
519532,ASIAN TEA   ,S ,Q,24.50,24.90,24.00,24.40,24.40,23.85,231,100209,2455216.00,
526433,ASM TECHNOLO,S ,Q,22.35,23.00,22.25,22.30,22.25,22.50,3,2947,65756.00,
500024,ASSAM CO.LTD,B1,Q,22.40,23.35,22.15,23.30,23.35,22.25,861,210086,4828173.00,
500025,ASSAMBROOK  ,S ,Q,18.00,19.45,18.00,19.45,19.45,18.55,65,12862,246675.00,
531979,ASSO.PROFILE,S ,Q,37.95,37.95,37.00,37.50,37.90,36.75,13,2241,83903.00,
502015,ASSOC.STONE ,B ,Q,34.05,35.05,33.75,34.95,35.05,35.45,21,5374,187107.00,
532493,ASTRA MICRO ,B1,Q,171.50,178.40,170.25,175.55,175.55,171.60,884,69982,12249180.00,
506820,ASTRAZEN.PH.,B1,Q,786.25,820.00,786.00,809.50,809.50,790.95,95,1571,1262336.00,
527007,ATCOM TECHNO,B1,Q,3.00,3.24,3.00,3.15,3.21,3.14,23,4513,13995.00,
526991,ATLAS COPCO ,S ,Q,562.00,579.00,558.00,568.90,568.90,564.70,126,2582,1471484.00,
505029,ATLAS CYCLES,T ,Q,126.00,126.00,120.75,121.30,122.40,120.00,20,1664,202825.00,
511427,ATN INTER.  ,B ,Q,2.54,2.54,2.54,2.54,2.54,2.42,26,20100,51054.00,
531795,ATUL AUTO   ,S ,Q,93.00,98.25,93.00,98.25,98.25,94.95,8,337,33000.00,
500027,ATUL LTD.   ,B1,Q,112.00,113.50,112.00,112.45,112.00,113.20,23,1449,162787.00,
532459,AUNDE FAZE T,S ,Q,26.25,26.30,26.25,26.25,26.25,26.10,3,449,11791.00,
502352,AURANG.PAPER,B ,Q,6.40,6.40,6.30,6.37,6.39,6.10,5,602,3842.00,
532668,AURIONPRO SO,B1,Q,139.00,145.60,139.00,142.45,142.45,138.55,1910,97353,13873972.00,
530233,AURO LAB.   ,B ,Q,3.39,3.40,3.39,3.40,3.40,3.24,10,3900,13259.00,
524804,AUROB.PHARMA,A ,Q,625.00,634.85,623.00,634.10,634.10,624.80,189,8063,5091803.00,
522005,AUSTIN ENGG.,B ,Q,76.00,77.85,74.75,75.55,74.75,73.75,70,5337,406100.00,
505010,AUTO AXLES  ,B1,Q,469.00,469.00,450.25,459.40,450.25,467.40,22,544,251178.00,
505036,AUTO COR.GOA,S ,Q,312.20,318.00,312.00,314.35,313.75,320.55,15,858,270245.00,
500029,AUTOLITE(I) ,B ,Q,13.55,14.00,13.23,13.63,13.55,13.55,24,7850,106134.00,
520119,AUTOMOTIVE S,B1,Q,82.00,82.35,80.45,80.45,80.45,79.00,8,664,53762.00,
532406,AVANTEL SOFT,B ,Q,51.00,51.50,49.00,50.55,50.50,51.75,86,9957,498399.00,
512573,AVANTI FEEDS,S ,Q,55.00,56.75,55.00,55.90,55.90,56.00,11,675,37672.00,
500463,AVAYA GLOBAL,B1,Q,257.00,258.70,253.25,257.05,256.10,252.70,65,6100,1565948.00,
500674,AVENTIS PH. ,A ,Q,1635.00,1670.00,1635.00,1665.10,1658.05,1642.80,38,391,649372.00,
526556,AVERY INDIA ,S ,Q,52.85,53.20,52.85,53.00,53.00,52.95,17,2245,119021.00,
512109,AVIVA INDS  ,Z ,Q,7.64,7.64,7.64,7.64,7.64,7.28,2,1400,10696.00,
531541,AVON ORGANIC,S ,Q,24.00,24.15,23.10,23.50,23.60,23.45,89,24591,578386.00,
519105,AVT NATURAL ,B ,Q,302.85,303.00,296.00,298.65,300.00,296.15,58,1480,440875.00,
531278,AXIS CAPITAL,B ,Q,18.70,18.70,18.65,18.65,18.65,18.40,2,100,1867.00,
532395,AXIT IT LTD ,B1,Q,9.00,9.00,9.00,9.00,9.00,9.15,2,400,3600.00,
505506,AXON INFOTEC,T ,Q,119.00,119.00,117.50,119.00,119.00,114.00,4,120,14247.00,
523850,AXTEL INDUS.,B ,Q,5.06,6.11,5.05,5.96,6.10,5.60,15,5275,30889.00,
532385,AZTEC SOFT  ,B1,Q,145.00,146.65,143.15,143.60,143.60,144.65,172,10768,1557932.00,
508136,B & A LTD.  ,B ,Q,37.15,42.00,37.15,41.60,41.60,40.00,106,21348,843652.00,
523019,B.N.RATHI SE,B ,Q,15.00,15.00,14.90,14.90,14.90,15.30,2,250,3745.00,
532380,BABA ARTS   ,S ,Q,20.00,20.75,19.10,20.75,20.75,19.45,7,4600,93491.00,
532161,BAFFIN ENG. ,B ,Q,0.75,0.81,0.75,0.78,0.76,0.78,78,141307,110737.00,
532507,BAG FILMS   ,B1,Q,9.37,9.58,9.25,9.31,9.25,9.42,85,42062,394961.00,
511724,BAID LEASING,Z ,Q,5.22,5.22,5.15,5.15,5.15,4.98,5,500,2600.00,
500490,BAJAJ AUTO  ,A ,Q,2700.00,2801.00,2685.00,2790.30,2790.30,2697.50,3335,61326,169341711.00,
500034,BAJAJ AUTO F,B1,Q,390.30,393.95,390.30,392.45,393.95,390.05,3,200,78339.00,
500031,BAJAJ ELECT.,S ,Q,457.00,457.00,450.00,450.25,451.00,449.40,12,129,58426.00,
507944,BAJAJ STEEL ,B ,Q,42.50,42.50,40.15,40.30,40.30,42.65,8,475,19620.00,
500032,BAJAJHIND.LT,B1,Q,302.55,310.30,293.00,308.65,308.65,299.65,15930,1124477,344548190.00,
524824,BAL PHARMA  ,S ,Q,38.45,40.40,38.40,39.75,39.70,38.50,130,30400,1196343.00,
505864,BAL.LAW.VAN.,S ,Q,41.00,41.00,38.00,38.80,38.80,39.90,46,4676,185019.00,
532655,BALA STEEL  ,B1,Q,16.00,16.75,15.90,16.20,16.10,16.06,57,10028,162015.00,
514199,BALA TECHNO.,Z ,Q,3.60,3.60,3.60,3.60,3.60,3.43,5,1450,5220.00,
530999,BALAJI AMINE,S ,Q,273.90,275.00,265.00,266.60,265.00,270.80,135,4720,1266560.00,
500035,BALAJI DIST.,B1,Q,6.12,7.13,6.12,6.80,6.80,6.79,90,53819,371023.00,
532382,BALAJI TELE.,A ,Q,131.00,133.00,129.20,131.20,131.20,130.40,233,13147,1732719.00,
500102,BALARPUR IND,A ,Q,116.00,121.30,116.00,119.80,119.80,114.80,2502,307388,36718032.00,
513142,BALASORE    ,B ,Q,6.11,6.39,6.10,6.25,6.20,6.30,124,33130,206346.00,
502355,BALKRISH IND,S ,Q,520.00,536.00,490.00,499.70,499.70,524.25,112,2782,1414790.00,
532485,BALMER LA.IN,B1,Q,101.50,101.50,97.00,97.00,97.00,99.50,17,3235,316056.00,
523319,BALMER LAWRI,B1,Q,395.00,395.00,388.00,388.85,388.85,390.15,16,985,384652.00,
500038,BALRAM.CHINI,B1,Q,89.80,96.00,88.60,95.30,95.30,89.30,17614,2626168,245484036.00,
520127,BALURGHAT TE,B ,Q,1.80,1.97,1.76,1.86,1.86,1.80,31,8019,15093.00,
519295,BAMBINO AGRO,S ,Q,9.72,10.50,9.71,10.08,10.20,9.76,15,2777,27892.00,
531591,BAMPSL SECUR,B ,Q,1.23,1.31,1.07,1.25,1.28,1.22,75,227546,281323.00,
500039,BANCO PROD. ,S ,Q,196.05,198.10,193.55,196.30,195.00,195.30,41,1782,348852.00,
532525,BANK MAHA   ,B1,Q,26.10,27.90,25.50,27.55,27.55,26.35,1078,508542,13805286.00,
500019,BANK OF RAJ.,B1,Q,37.60,37.80,37.10,37.25,37.25,37.15,491,79283,2963630.00,
500041,BANNARI AMAN,B1,Q,949.00,955.00,930.00,934.50,931.05,925.25,31,303,283997.00,
532674,BANNARI AMMA,B1,Q,93.90,95.50,93.60,94.80,94.80,94.30,142,14002,1325074.00,
503722,BANSW.SYNTEX,S ,Q,79.00,79.85,76.10,77.05,77.05,78.30,95,13024,1005495.00,
532694,BARTRONICSIN,B1,Q,69.25,71.75,69.25,70.75,70.65,70.80,80,5522,391813.00,
524687,BASANT AGRO ,S ,Q,35.90,35.90,32.30,34.40,34.40,33.35,191,31252,1051114.00,
500042,BASF INDIA  ,A ,Q,218.85,219.00,215.30,217.00,216.55,216.45,141,7425,1613271.00,
500043,BATA INDIA  ,B1,Q,203.55,208.25,200.10,207.25,207.25,201.75,3216,189587,38957485.00,
522004,BATLIBOI LTD,S ,Q,112.00,113.85,109.60,111.75,111.75,110.50,422,22385,2498249.00,
506285,BAYER CROP  ,B1,Q,160.00,162.00,155.25,156.90,156.90,159.00,360,34155,5390082.00,
506559,BAYER DIAGNO,B1,Q,658.00,674.00,656.10,657.00,656.10,670.45,15,319,210112.00,
531178,BCC FINANCE ,B ,Q,17.45,18.35,16.45,17.45,17.45,16.90,25,1673,28870.00,
517246,BCC FUBA    ,B ,Q,3.91,3.91,3.50,3.54,3.54,3.83,11,3310,12607.00,
506093,BCL FORGING ,Z ,Q,18.70,18.70,18.70,18.70,18.70,17.85,1,100,1870.00,
524828,BDH INDUS.  ,B ,Q,11.98,12.00,11.98,12.00,12.00,12.14,7,2500,29961.00,
531937,BECKONSIND  ,B ,Q,7.38,7.95,7.38,7.71,7.73,7.76,13,2500,19067.00,
532645,BEEYU OVERSE,B ,Q,10.51,11.60,10.51,11.17,11.17,10.59,191,79312,872710.00,
515035,BELL CERAMIC,B ,Q,15.60,16.00,15.60,15.75,15.75,15.92,37,6350,100065.00,
500045,BELLARY STEE,B ,Q,0.50,0.52,0.48,0.49,0.49,0.50,206,592176,295792.00,
509438,BENARES HOT ,B ,Q,321.35,326.15,321.35,326.15,326.15,320.30,2,25,8105.00,
532230,BENGAL TEA &,B ,Q,34.00,36.80,33.00,35.65,35.65,34.10,166,19278,687411.00,
509480,BERGER PAINT,B1,Q,81.00,81.20,80.00,80.10,80.10,80.20,163,10233,822149.00,
508664,BEST E.HOTEL,B ,Q,41.10,42.45,41.00,41.10,41.10,42.65,10,830,34375.00,
500046,BEST&CROMPT.,T ,Q,17.00,17.45,16.50,17.05,17.00,17.15,55,9132,155881.00,
531530,BETALA GLOBL,B ,Q,1.87,1.88,1.86,1.87,1.88,1.71,5,3900,7307.00,
532430,BF UTILI    ,S ,Q,1455.55,1528.30,1383.00,1524.75,1528.30,1455.55,2610,43483,63693317.00,
500048,BH.EARTH MOV,A ,Q,945.10,971.00,945.10,963.00,963.00,957.00,537,59543,57186667.00,
524663,BH.IMMUN&BIO,S ,Q,11.75,12.49,11.75,11.82,11.80,12.14,21,3776,45519.00,
530803,BHAGERIA DYE,B ,Q,15.80,15.80,15.03,15.09,15.06,14.70,15,4960,76039.00,
531719,BHAGIRA.CHEM,B ,Q,131.25,131.25,130.00,130.30,130.30,139.45,20,803,104865.00,
522136,BHAGRI ENGG.,S ,Q,15.55,16.15,15.55,15.60,15.85,15.65,37,7339,115508.00,
530095,BHAGWANDAS M,B ,Q,3.95,4.61,3.95,4.61,4.61,4.20,15,7669,34781.00,
504646,BHAGWATI AUT,B ,Q,33.70,34.95,33.70,34.05,34.95,34.50,14,1427,48624.00,
500051,BHAGWATI GAS,B ,Q,6.90,7.08,6.75,6.91,6.93,6.92,37,12890,89047.00,
512296,BHAGYA NAG. ,B ,Q,70.35,71.00,69.00,69.45,69.45,69.65,504,64001,4479811.00,
514442,BHAGYA.WOOD ,B ,Q,9.50,9.50,9.30,9.30,9.30,9.29,8,4400,41395.00,
512608,BHANDARI HOS,B ,Q,16.55,16.90,16.40,16.80,16.90,16.55,8,1000,16549.00,
500052,BHANSALI ENG,S ,Q,28.60,31.00,28.00,29.30,29.30,28.50,193,457603,14116972.00,
511501,BHARAT BHUSH,B ,Q,7.32,7.70,7.19,7.49,7.49,7.56,20,2930,21442.00,
503960,BHARAT BIJLE,S ,Q,993.00,997.00,970.00,973.10,973.10,992.35,364,6123,5991159.00,
500049,BHARAT ELECT,A ,Q,1100.00,1161.00,1100.00,1149.80,1149.80,1156.95,758,22086,25413661.00,XD
531862,BHARAT FERTI,B ,Q,63.80,63.80,57.80,58.05,58.90,60.80,136,18873,1123358.00,
500493,BHARAT FORGE,A ,Q,329.90,332.00,323.25,324.90,324.90,324.35,2597,254235,83230995.00,
505688,BHARAT GEARS,B ,Q,52.25,54.50,51.25,52.25,52.25,52.40,44,4096,212914.00,
500547,BHARAT PET. ,A ,Q,353.10,373.85,353.10,371.40,371.40,362.80,1615,128964,47502975.00,
590021,BHARAT RA(PS,B ,Q,54.90,57.25,51.00,53.35,52.00,52.05,23,1524,83661.00,
523229,BHARAT SEATS,TS,Q,76.30,77.85,76.30,76.75,77.00,75.65,8,290,22289.00,
532609,BHARSHIP    ,B1,Q,316.00,329.00,297.00,316.25,316.25,313.70,1938,138815,42987301.00,
532454,BHARTI ARTL ,A ,Q,411.50,414.35,410.00,412.30,412.30,411.00,983,75631,31200411.00,
632454,BHARTI ARTL ,A ,Q,440.00,465.00,440.00,465.00,465.00,446.80,10,162480,72946725.00,
526666,BHARTIYA INT,B1,Q,158.40,174.00,157.10,161.05,162.65,158.75,109,9572,1579265.00,
524332,BHATINDA CH.,S ,Q,9.85,9.85,9.20,9.33,9.35,9.85,28,4299,40390.00,
500103,BHEL        ,A ,Q,2265.00,2278.00,2246.00,2253.75,2253.75,2260.95,2613,62170,140505356.00,XD
514272,BHILWARA SP.,B ,Q,9.61,10.00,9.61,9.97,9.97,10.39,7,1200,11916.00,
506027,BHORUKA ALU.,B ,Q,10.95,11.10,10.95,11.10,11.10,10.82,2,1000,11025.00,
509728,BHURUKA GAS ,B ,Q,26.50,26.70,24.90,26.10,26.00,26.25,24,4402,115163.00,
500055,BHUSHAN ST. ,B1,Q,229.00,236.95,227.50,235.60,235.60,230.95,468,54984,12755442.00,
513333,BHUWALKA ST.,S ,Q,36.00,37.00,36.00,37.00,37.00,34.75,8,3848,141629.00,
500057,BIHAR CAUSTC,B1,Q,55.85,56.60,54.70,55.65,55.65,54.55,144,26383,1473289.00,
500058,BIHAR SPONGE,B ,Q,8.66,8.99,8.65,8.73,8.75,8.81,38,9059,79101.00,
526853,BILCARE LTD.,S ,Q,456.25,462.00,454.05,455.10,454.10,461.10,48,790,362351.00,
531590,BILPOWER LTD,B ,Q,99.15,99.90,96.80,97.50,97.50,98.35,164,13011,1277999.00,
505681,BIMETAL BEAR,S ,Q,236.50,249.00,231.00,239.90,239.90,236.65,31,709,167365.00,
500059,BINANI IND. ,B1,Q,223.50,227.40,210.15,213.20,213.20,226.00,1513,85410,18628941.00,
532523,BIOCON LTD. ,B1,Q,377.00,381.90,376.05,378.15,378.15,380.20,504,18238,6904344.00,
532330,BIOPAC INDIA,S ,Q,13.00,14.00,12.90,13.82,13.80,13.65,33,7084,97179.00,
512332,BIRLA CAP   ,B ,Q,2.95,2.95,2.95,2.95,2.95,2.81,9,4886,14413.00,
500335,BIRLA CORPN.,A ,Q,282.65,288.00,280.10,283.60,283.60,280.25,1022,51295,14606733.00,XD
500060,BIRLA ERIC. ,B1,Q,25.00,25.40,24.60,25.05,25.25,25.65,174,18162,454799.00,
522105,BIRLA KENNA ,B ,Q,125.00,126.00,122.00,124.00,124.00,125.00,13,485,59754.00,
517001,BIRLA POWER ,S ,Q,28.15,28.15,27.00,27.15,27.15,27.75,568,77909,2132824.00,
531671,BISLERI GUJ ,B ,Q,0.44,0.44,0.37,0.44,0.44,0.40,25,41710,18022.00,
526709,BITS LTD.   ,B ,Q,0.99,0.99,0.95,0.97,0.97,0.99,17,18900,18274.00,
519500,BKV INDUSTRS,B ,Q,1.67,1.67,1.65,1.67,1.67,1.67,4,3000,5008.00,
532719,BL KASHYAP  ,B1,Q,981.00,1006.90,981.00,1002.10,1002.10,981.85,92,877,873443.00,
506981,BL.CHIP TEX ,B ,Q,4.50,4.50,4.20,4.50,4.50,4.05,3,300,1320.00,
506197,BLISS CHEM. ,B ,Q,41.25,46.30,41.25,43.00,43.00,44.55,16,875,37599.00,
526225,BLOOM DEKOR ,S ,Q,9.70,9.89,9.70,9.80,9.80,10.16,5,600,5892.00,
500066,BLOW PLAST  ,S ,Q,109.60,109.60,104.15,105.70,105.25,106.65,76,4629,490389.00,
531936,BLUE CHIP(I),B ,Q,0.89,0.92,0.87,0.87,0.87,0.89,20,29845,26842.00,
526612,BLUE DART EX,B1,Q,556.00,562.50,556.00,560.10,560.00,569.80,36,2254,1262477.00,
500067,BLUE STAR   ,B1,Q,680.00,682.00,660.00,674.15,662.50,655.55,95,1775,1188086.00,
532346,BLUE STAR IN,B1,Q,86.15,87.40,86.10,86.95,86.95,87.40,20,1050,90973.00,
531495,BLUECOASTHL ,B ,Q,109.50,109.50,109.50,109.50,109.50,114.55,1,25,2737.00,
500069,BNK CAPITAL ,B ,Q,19.75,21.00,19.20,19.35,19.20,19.95,15,7204,141810.00,
532134,BNK OF BAROD,A ,Q,251.00,251.35,246.00,249.75,249.75,250.60,3079,253983,63323793.00,
532149,BNK OF INDIA,A ,Q,141.00,145.45,131.95,142.25,142.25,142.65,2354,216739,30992297.00,
530809,BNR UDYOG   ,B ,Q,9.88,9.88,9.00,9.00,9.00,9.41,3,2600,23488.00,
523457,BOC (I) LTD.,B1,Q,171.95,173.00,168.15,169.00,169.00,169.80,512,28230,4820647.00,
500020,BOM DYEING  ,A ,Q,639.80,677.95,629.40,672.35,672.35,640.30,22064,1077358,712807476.00,
501425,BOM.BURMAH  ,B1,Q,331.00,340.40,330.10,340.40,340.40,324.20,120,5014,1701321.00,
509475,BOM.PAINTS  ,B ,Q,21.70,21.70,21.60,21.60,21.60,19.75,2,275,5947.00,
531276,BOM.SWA.STOR,B ,Q,182.20,190.00,182.20,184.15,184.00,183.00,5,147,27002.00,
532678,BOMBAY RAYON,B1,Q,160.10,167.60,155.10,165.05,165.05,159.55,4775,477057,78290431.00,
500072,BONGAIGAON R,A ,Q,56.35,57.50,56.25,56.95,56.95,56.70,533,109305,6211877.00,
506315,BORAX MORARJ,B ,Q,31.00,31.00,30.50,30.75,30.75,31.00,8,850,26160.00,
502219,BOROSIL GLAS,T ,Q,129.00,134.90,129.00,131.50,130.70,130.50,21,995,131500.00,
505185,BOSCH CHA SY,B1,Q,891.25,900.00,888.20,895.35,895.35,898.35,59,1284,1147969.00,
500074,BPL LTD.    ,B1,Q,35.40,35.70,34.50,34.90,34.90,35.30,81,16330,571226.00,
505690,BRADY MORRIS,B ,Q,135.00,142.20,130.00,141.65,142.20,135.45,10,301,41251.00,
520115,BRAKES AUTO ,Z ,Q,8.01,8.01,8.01,8.01,8.01,7.86,27,12000,96120.00,
531175,BRELS INFO. ,B ,Q,0.56,0.61,0.53,0.53,0.59,0.55,13,24600,14034.00,
511628,BRESCON CORP,B ,Q,75.00,75.00,73.50,73.50,73.50,77.00,3,225,16687.00,
526731,BRIGHT BROS.,S ,Q,34.00,34.05,33.10,34.00,34.05,34.05,6,5600,190316.00,
532113,BRIJLAXMI LE,S ,Q,0.26,0.26,0.26,0.26,0.26,0.27,7,34601,8996.00,
500825,BRITANIA IND,A ,Q,1099.90,1099.90,1075.00,1079.75,1083.95,1085.50,165,2560,2770432.00,
532123,BSEL INFRAST,B1,Q,48.50,50.85,48.05,49.95,49.95,49.00,1575,202570,10139504.00,
514045,BSL LTD.    ,B1,Q,29.00,30.90,29.00,30.90,30.90,31.00,2,250,7345.00,
532321,CADILA HEALT,A ,Q,337.90,337.90,332.15,335.70,335.70,337.10,153,3933,1316702.00,
517236,CALCOM VISIO,B ,Q,3.08,3.08,3.08,3.08,3.08,3.24,8,1961,6039.00,
532386,CALIFORN.SOF,B ,Q,75.50,76.50,73.50,74.00,74.00,73.90,140,13956,1037622.00,
526652,CALS LTD.   ,Z ,Q,1.10,1.10,1.10,1.10,1.10,1.05,2,200,220.00,
532616,CAM SOLU    ,B1,Q,114.80,116.65,113.25,114.15,114.15,113.80,849,100949,11607622.00,
524440,CAMEX INTERM,T ,Q,12.67,12.67,12.67,12.67,12.67,12.07,3,849,10756.00,
523207,CAMLIN LTD. ,S ,Q,166.25,171.95,166.25,168.15,167.60,169.40,40,5072,859335.00,
500078,CAMPH.& ALL ,S ,Q,44.25,44.50,43.30,43.80,43.75,44.00,16,1520,66902.00,
532483,CANARA BANK ,A ,Q,223.00,228.30,221.40,227.40,227.40,221.20,1795,133215,30105966.00,
511196,CANFIN HOMES,B1,Q,53.00,53.65,51.05,51.30,51.30,51.85,192,29347,1524557.00,
526917,CAPITAL HOT.,S ,Q,3.90,3.92,3.80,3.82,3.83,3.91,37,20600,79797.00,
511505,CAPITAL TRUS,B ,Q,5.79,5.79,5.79,5.79,5.79,5.52,6,800,4632.00,
524742,CAPLIN POINT,Z ,Q,13.12,13.12,13.12,13.12,13.12,12.50,9,2200,28864.00,
509486,CAPRIHANS   ,S ,Q,63.10,66.50,63.10,66.40,66.40,62.40,24,1575,103045.00,
513375,CARBORUNDUM ,B1,Q,154.75,154.75,151.00,152.00,151.90,154.25,129,5778,880790.00,
530609,CARNATION IN,B ,Q,25.10,26.00,25.10,26.00,26.00,26.10,6,9560,248431.00,
531335,CARNATION NU,S ,Q,70.15,73.85,69.00,69.10,69.00,67.80,15,381,26378.00,
500446,CAROL INFO  ,B1,Q,35.90,35.90,34.20,34.70,34.70,34.85,86,13477,467250.00,
500870,CASTROL     ,A ,Q,212.50,212.50,209.95,210.05,210.05,210.10,270,51422,10805356.00,
531682,CAT TECHN.  ,B ,Q,0.63,0.65,0.60,0.62,0.65,0.63,24,22739,13971.00,
531158,CATVISION PR,B ,Q,8.00,8.00,7.53,7.54,7.54,7.46,25,5118,39197.00,
526839,CCAP LTD.   ,S ,Q,35.00,35.00,34.00,34.00,34.00,35.20,33,3155,108057.00,
519600,CCL PRODUCTS,B1,Q,460.00,460.00,447.10,454.30,454.30,457.75,43,1340,610875.00,
532405,CCS INFOTECH,B ,Q,9.14,9.14,8.70,8.85,8.85,8.75,191,55205,494684.00,
500878,CEAT LIMITED,B1,Q,103.00,105.70,101.50,103.30,103.30,102.50,1378,126241,13130364.00,
530789,CEEJAY FINAN,B ,Q,13.23,13.23,11.06,11.90,11.90,12.04,7,104,1155.00,
505923,CEEKAY DAIK ,S ,Q,91.05,92.90,90.30,91.50,92.90,92.90,14,765,69904.00,
531119,CEENIK EXPO.,B ,Q,12.60,12.60,12.40,12.40,12.40,12.02,2,200,2500.00,
532695,CELEBRITYFAS,B1,Q,125.00,128.75,123.65,125.05,125.05,124.50,1048,82622,10440720.00,
506874,CELLULOS CHE,B ,Q,26.00,26.10,25.80,26.10,26.10,25.60,100,35902,932367.00,
522251,CENLUB INDUS,B ,Q,12.26,12.78,12.12,12.53,12.20,12.25,18,4312,53451.00,
532273,CENTBOP     ,B1,Q,26.40,26.70,25.50,26.05,26.05,25.50,1392,720191,18859938.00,
500099,CENTRAL POLY,B ,Q,11.80,12.25,11.71,12.09,12.10,11.74,183,217223,2603974.00,
501827,CENTRAL RLY ,T ,Q,28.95,28.95,28.95,28.95,28.95,30.15,1,100,2895.00,
500280,CENTURY ENKA,A ,Q,143.00,146.00,142.00,142.60,142.60,141.90,1171,109110,15685608.00,
500083,CENTURY EXT ,B ,Q,3.20,3.20,3.00,3.01,3.01,3.05,22,9262,28056.00,
500040,CENTURY TEXT,A ,Q,433.50,449.00,433.50,445.60,445.60,432.10,6805,493613,217708736.00,
532548,CENTURYPLY  ,S ,Q,166.00,171.00,166.00,170.20,170.00,167.60,20,5234,887149.00,
532443,CERA SANITAR,B ,Q,109.95,112.50,107.35,111.35,110.00,112.10,15,927,102414.00,
532413,CEREBRA INTE,B ,Q,2.52,2.52,2.52,2.52,2.52,2.54,2,200,504.00,
500084,CESC LTD.   ,A ,Q,291.00,300.95,291.00,292.25,292.25,291.75,443,32090,9476505.00,
511272,CFL CAPITAL ,B ,Q,1.78,1.90,1.78,1.82,1.82,1.92,14,2700,4957.00,
531489,CG-VAK SOFTW,B ,Q,4.81,5.50,4.80,5.50,5.50,5.08,14,4050,20893.00,
530307,CHAMANLAL SE,S ,Q,34.85,36.00,34.85,35.20,35.65,35.10,29,3530,124501.00,
512018,CHAMATKAR.NT,B ,Q,226.05,226.05,226.05,226.05,226.05,230.65,2,901,203671.00,
500085,CHAMBAL FERT,A ,Q,35.30,36.55,35.25,35.95,35.95,35.30,587,190358,6854137.00,
522059,CHAMPAGNE IN,S ,Q,345.00,355.00,345.00,352.50,352.50,354.95,42,2290,803411.00,
532264,CHAMPAGNE VI,Z ,Q,46.50,46.50,46.50,46.50,46.50,48.90,1,100,4650.00,
522292,CHANDNI TEXT,B ,Q,0.39,0.39,0.35,0.37,0.37,0.36,29,61505,23428.00,
530309,CHANDRA PRAB,S ,Q,6.80,6.95,6.73,6.77,6.76,6.95,17,2585,17564.00,
512624,CHANDRIKA TR,T ,Q,6.13,6.13,6.13,6.13,6.13,6.45,1,50,306.00,
531337,CHANNEL GUID,B ,Q,3.00,3.35,3.00,3.15,3.15,3.03,17,8726,28383.00,
531327,CHARMS INDUS,B ,Q,1.60,1.66,1.59,1.66,1.66,1.59,7,3435,5491.00,
531977,CHARTER. CAR,B ,Q,17.50,17.50,17.50,17.50,17.50,17.50,1,100,1750.00,
511696,CHARTERED CA,B ,Q,9.10,9.10,8.92,8.92,8.92,9.90,9,1200,10811.00,
530871,CHEMBOND CHM,S ,Q,181.35,182.00,180.00,181.60,180.15,180.30,33,2931,530456.00,
506894,CHEMFAB ALK ,B ,Q,111.80,111.90,106.55,109.95,109.95,106.25,16,785,85486.00,
506355,CHEMPLAST SA,B1,Q,7.95,8.00,7.60,7.82,7.77,7.88,97,59077,465768.00,
500110,CHENNAI PET.,A ,Q,199.00,199.90,196.05,198.65,198.65,196.40,236,20582,4064720.00,
521056,CHESLIND TEX,B ,Q,16.70,16.70,16.10,16.15,16.20,16.90,29,4537,74023.00,XD
590001,CHETTINAD(PS,B1,Q,418.80,418.80,406.05,410.05,410.00,409.80,17,951,388533.00,
526817,CHEVIOT CO. ,S ,Q,484.00,525.00,484.00,506.55,525.00,484.75,161,4341,2165632.00,
521244,CHITRA.SPIN.,B ,Q,3.80,3.80,3.79,3.79,3.79,3.98,5,500,1898.00,
531358,CHOICE INT. ,T ,Q,3.51,3.51,3.51,3.51,3.51,3.35,6,14000,49140.00,
526546,CHOKSI LABOR,B ,Q,17.50,17.85,17.00,17.45,17.45,17.30,27,6477,112972.00,
511243,CHOLA DBS   ,B1,Q,145.00,146.00,145.00,145.00,145.00,145.00,8,325,47191.00,
519475,CHORDIA FOOD,B ,Q,44.45,45.00,44.00,45.00,45.00,43.85,8,3951,176849.00,
501833,CHOWGULE ST ,B1,Q,23.85,25.80,23.85,25.40,25.40,24.60,87,13623,347625.00,
530191,CHROMATIC IN,B ,Q,12.50,13.00,12.26,13.00,13.00,12.90,15,3111,39041.00,
532184,CIBA SPEC.  ,S ,Q,320.10,329.70,320.10,325.75,326.60,323.05,47,1136,369781.00,
530829,CIL SECURITS,B ,Q,14.50,14.51,14.50,14.50,14.50,13.85,11,2353,34122.00,
531283,CINDRELLA FI,T ,Q,3.96,3.96,3.96,3.96,3.96,3.78,2,200,792.00,
526373,CINDRELLA HT,S ,Q,21.30,21.30,18.50,18.50,18.50,20.00,3,200,3719.00,
530457,CINERAD COMM,B ,Q,8.25,8.85,8.25,8.85,8.85,8.65,5,1002,8267.00,
532324,CINEVISTAAS ,B1,Q,18.20,18.45,17.50,18.00,18.25,18.32,54,15355,274821.00,
500087,CIPLA LTD.  ,A ,Q,251.00,258.60,250.20,257.50,257.50,249.95,10892,1101805,281676430.00,
531235,CITI PORT FN,B ,Q,6.31,6.40,6.30,6.40,6.40,6.60,6,1400,8911.00,
506373,CITURGIA BIO,S ,Q,16.00,16.00,14.25,14.80,14.95,15.65,33,6933,102602.00,
532210,CITY UNION  ,B1,Q,114.10,117.50,114.10,115.55,115.55,115.75,87,8174,944891.00,
507515,CJ GELATIN  ,B ,Q,10.40,10.40,10.32,10.32,10.32,10.86,2,1000,10360.00,
506390,CLARI CHEM  ,B1,Q,304.00,304.00,299.30,300.35,300.35,300.05,28,1043,314335.00,
523200,CLASS.DIAM. ,B1,Q,448.50,449.00,436.55,440.00,440.00,444.30,367,18004,7931317.00,
531670,CLASSIC BIO.,B ,Q,2.64,2.75,2.64,2.75,2.75,2.75,7,1950,5298.00,
530839,CLIO INFOTEC,B ,Q,4.43,4.88,4.42,4.84,4.88,4.65,34,24866,118795.00,
505052,CLUTCH.AUTO ,S ,Q,116.00,116.00,107.10,109.10,109.10,115.35,1302,146170,16255108.00,
517326,CMC LTD.    ,A ,Q,500.10,504.70,500.00,502.15,502.00,506.25,60,1211,607097.00,
503673,CMM BROADCAS,B ,Q,4.00,4.19,3.91,4.04,4.13,4.01,33,19911,81374.00,
513353,COCHIN MIN. ,S ,Q,18.50,19.00,18.10,18.45,18.55,18.40,33,3311,60949.00,
500830,COLGATE PALM,A ,Q,363.00,370.70,360.00,369.20,369.20,362.45,2270,100388,36855647.00,
531210,COLINZ LABOR,B ,Q,8.95,8.95,7.50,8.35,8.35,8.29,9,4100,34975.00,
532172,COLOR CHIPS ,B1,Q,8.61,9.20,8.61,8.96,8.96,8.87,72,19549,177221.00,
531216,COMFORT INTE,S ,Q,8.40,9.00,8.26,8.96,9.00,8.27,79,123167,1046570.00,
526141,COMPACT DISC,B ,Q,6.91,6.98,6.75,6.76,6.76,7.01,18,4552,31326.00,
532688,COMPU SYSTEM,B1,Q,22.05,22.90,22.00,22.20,22.20,22.80,36,4680,104152.00,
532456,COMPUAGE INF,B ,Q,13.35,13.35,13.00,13.00,13.00,12.82,14,4500,59401.00,
532339,COMPUCOM SOF,S ,Q,64.95,65.95,64.50,65.45,65.15,65.05,33,1796,116988.00,
531224,COMPUTECH IN,B1,Q,6.81,7.08,6.81,6.92,6.91,7.00,76,25000,173606.00,
507833,COMPUTER PNT,B ,Q,2.95,3.01,2.94,2.97,2.99,3.02,14,15050,45035.00,
531474,COMPUTERSKIL,B ,Q,9.00,9.00,9.00,9.00,9.00,9.00,2,252,2268.00,
522231,CONART ENG. ,S ,Q,18.00,18.85,18.00,18.50,18.50,18.45,10,2100,38845.00,
526829,CONFI PETRO ,Z ,Q,0.94,0.94,0.92,0.92,0.92,0.96,17,15500,14461.00,
524260,CONSOL.FIBRE,T ,Q,1.79,1.79,1.63,1.69,1.70,1.71,65,46350,77469.00,
531852,CONSORTEX KA,B ,Q,0.89,0.89,0.81,0.88,0.88,0.85,24,27255,22819.00,
531344,CONTAIN.CORP,A ,Q,1601.00,1619.50,1600.00,1600.00,1600.00,1611.75,42,4387,7020405.00,
532397,CONTECH SOFT,T ,Q,3.05,3.05,3.01,3.02,3.01,3.16,7,1304,3965.00,
531460,CONTI.CONTRL,B ,Q,3.70,4.08,3.57,4.07,4.08,3.71,37,28343,111228.00,
531067,CONTINEN.CRE,B ,Q,3.10,3.79,3.10,3.17,3.15,3.50,16,1811,5787.00,
522295,CONTROL PRNT,S ,Q,64.00,64.60,63.00,63.20,63.20,64.15,83,6813,433324.00,
531556,CORAL (I)FIN,B ,Q,15.35,17.45,15.35,17.05,17.25,16.85,13,2921,49340.00,
524506,CORAL LAB.  ,B1,Q,105.00,105.90,104.00,105.50,105.90,104.75,29,4130,432989.00,
509009,CORE EMBALL.,B ,Q,4.18,4.18,3.81,3.97,3.97,4.01,32,8831,34828.00,
500091,CORE HEALTH.,T ,Q,8.20,8.20,7.63,7.68,7.68,8.03,67,17115,131580.00,
512199,CORE PROJECT,B ,Q,276.50,276.50,259.00,263.15,263.00,266.70,350,44473,11947061.00,
506395,COROMA.FERT.,B1,Q,61.20,67.00,61.20,65.00,65.00,63.30,379,40034,2619312.00,
532179,CORPN.BANK  ,A ,Q,314.00,316.10,310.00,313.90,314.00,313.00,188,7965,2498497.00,
530545,COSCO INDIA ,S ,Q,20.95,21.00,20.95,21.00,21.00,20.55,2,600,12595.00,
523100,COSMO FERR. ,TS,Q,9.00,9.40,8.80,9.08,9.06,9.06,13,4550,41477.00,
508814,COSMO FILMS ,B1,Q,94.90,96.00,89.50,90.35,90.35,93.80,1572,166914,15433300.00,
526550,COUNTRY CLUB,B ,Q,167.80,167.80,160.00,163.15,162.00,163.15,148,10607,1732466.00,
523415,COVENTRY COI,T ,Q,13.58,13.59,12.47,12.47,12.47,12.96,8,2600,35200.00,
512093,CRANES SOFTW,B ,Q,101.60,102.45,101.00,101.45,101.45,101.15,108,4617,468650.00,
522001,CRANEX LTD. ,B ,Q,3.19,3.19,3.00,3.13,3.05,3.05,23,13500,42641.00,
509472,CRAVATEX    ,B ,Q,71.75,71.75,71.70,71.70,71.70,68.35,10,281,20154.00,
524388,CRAZY INFOTE,T ,Q,55.50,57.90,53.70,53.70,53.70,56.50,85,17408,952616.00,
532392,CREATIVE EYE,B1,Q,8.34,8.43,8.25,8.43,8.43,8.03,106,42071,353148.00,
526785,CREST ANIM  ,B1,Q,126.40,130.25,125.50,126.65,126.65,124.30,1947,298534,38245632.00,
532542,CREW BOS    ,B1,Q,168.00,168.00,161.00,162.35,162.35,163.65,181,6630,1082892.00,
500092,CRISIL LTD  ,B1,Q,1649.00,1649.00,1615.00,1630.00,1630.00,1611.80,3,26,42382.00,
500093,CROMPT.GREAV,A ,Q,211.90,211.90,208.30,209.95,209.95,209.00,347,158818,33225772.00,
590050,CS SOFTWARE ,S ,Q,29.25,29.25,27.00,27.75,27.75,27.80,31,6581,183643.00,
526027,CUBEX TUBING,B ,Q,42.90,43.50,42.60,42.85,42.85,42.70,17,1717,74156.00,
500480,CUMMINS (I) ,A ,Q,210.00,214.00,209.20,211.85,211.85,210.40,792,54330,11517226.00,
530843,CUPID LTD   ,S ,Q,21.15,21.90,21.00,21.15,21.05,21.85,53,8301,177403.00,
532640,CYBER MEDIA ,B1,Q,74.00,74.00,71.00,72.10,71.10,73.00,33,2548,185161.00,
532271,CYBERMATE   ,B ,Q,4.06,4.10,3.97,4.01,4.01,4.16,41,23133,93469.00,
532364,CYBERSCAPE M,B ,Q,1.30,1.30,1.15,1.16,1.15,1.25,7,2718,3320.00,
532173,CYBERTECH   ,B1,Q,13.60,13.89,13.33,13.45,13.50,13.36,46,108072,1469328.00,
517514,D&H WELDING ,S ,Q,18.90,19.45,18.40,18.50,18.50,19.05,15,1955,36811.00,
500096,DABUR (I)   ,A ,Q,136.30,137.95,135.10,136.50,136.50,136.30,662,82719,11325593.00,
532545,DABUR PHARMA,B1,Q,63.40,63.50,61.15,61.45,61.45,62.45,216,20499,1265991.00,
505426,DAGGER FROST,S ,Q,63.00,65.00,63.00,64.05,64.05,64.00,6,750,47967.00,
526821,DAI-ICHI KAR,S ,Q,33.80,33.80,32.25,32.40,32.25,35.80,75,13751,451369.00,XD
530825,DAIKAFFIL CH,T ,Q,9.90,10.05,9.81,10.02,10.00,10.07,10,2400,23869.00,
500097,DALMIA CEMEN,B1,Q,339.00,346.10,328.00,338.35,338.35,340.20,2749,112381,38172747.00,
521220,DAMODAR THR.,S ,Q,25.90,26.25,25.30,25.75,25.80,25.85,17,2485,64426.00,
532329,DANLAW TECH.,S ,Q,56.00,56.00,52.90,55.50,55.50,54.35,13,685,37090.00,
532528,DATAM TECH  ,B1,Q,52.50,54.50,52.50,53.05,53.05,52.95,437,48994,2624790.00,
532373,DATANET SYS.,B ,Q,5.19,5.19,5.19,5.19,5.19,5.20,1,10,51.00,
517473,DATAPRO INF.,B1,Q,0.37,0.37,0.37,0.37,0.37,0.38,23,184500,68265.00,
502817,DAWN MILLS  ,T ,Q,7600.00,7850.00,7500.00,7635.00,7635.00,7637.55,21,36,276667.00,
531270,DAZZEL CONFI,B ,Q,7.25,7.25,6.13,6.13,6.13,6.80,32,23030,141874.00,
511611,DCM FINANCIA,B ,Q,2.45,2.64,2.40,2.46,2.46,2.52,25,7650,18739.00,
502820,DCM LTD.    ,B1,Q,52.25,53.35,52.20,52.80,53.35,53.25,38,4911,258918.00,
523367,DCM SHR.CON ,B1,Q,88.90,89.90,86.30,88.80,88.80,87.25,240,19144,1690250.00,
523369,DCM SHR.IND ,S ,Q,86.75,88.40,86.05,86.85,87.40,86.00,336,23512,2053229.00,
500117,DCW LTD.    ,B1,Q,12.48,14.13,12.29,13.66,13.66,12.10,4309,2223512,29908159.00,
502137,DECAN CEMENT,S ,Q,160.00,163.75,160.00,162.35,162.00,164.75,61,3879,630060.00,
532747,DECCAN AVIAT,B1,Q,82.50,83.30,82.00,82.25,82.25,82.45,555,34278,2828713.00,
505703,DECCAN BEAR.,B ,Q,32.70,32.70,30.50,30.50,30.50,32.05,3,21,684.00,
532608,DECCAN CHR  ,B1,Q,517.95,522.30,511.60,514.50,514.50,517.55,146,4698,2431810.00,
531989,DECCAN POLYP,B ,Q,8.61,8.61,8.61,8.61,8.61,9.01,1,40,344.00,
512068,DECCANGOLD  ,B ,Q,17.25,17.25,16.35,16.85,16.85,17.06,177,42821,716191.00,
500645,DEEPAK FERT.,B1,Q,81.80,83.75,81.10,83.00,83.00,81.00,989,99953,8277712.00,
506401,DEEPAK NITR.,S ,Q,166.95,166.95,162.75,163.80,164.00,165.45,35,1941,317483.00,
514030,DEEPAK SPINN,S ,Q,30.40,30.40,29.65,29.70,29.70,29.50,28,3960,119041.00,
504240,DELTON CABLE,B ,Q,63.80,63.95,61.05,62.15,63.40,61.80,21,1505,93883.00,
532121,DENA BANK   ,A ,Q,26.65,27.60,26.25,27.10,27.10,26.60,1851,509901,13814996.00,
505232,DENISON HYD.,B ,Q,243.00,268.00,242.00,255.00,255.00,250.00,17,403,103699.00,
520022,DENSO INDIA ,S ,Q,81.00,91.80,80.00,88.95,88.95,81.80,2114,370511,32349134.00,
523489,DEVAKI HOSP.,S ,Q,15.60,16.00,15.55,16.00,16.00,15.85,11,1700,26857.00,
530765,DEVKI LEAS. ,B ,Q,2.09,2.55,2.09,2.25,2.25,2.32,15,12348,27166.00,
511072,DEWAN H.FIN.,B1,Q,65.00,65.00,63.00,63.15,63.15,64.70,739,102969,6556439.00,
519588,DFM FOODS   ,B ,Q,9.15,9.35,9.15,9.25,9.25,9.53,8,4902,45578.00,
509695,DGP SECUR.  ,B ,Q,147.00,147.70,147.00,147.70,147.70,140.70,5,178,26273.00,
502512,DHAM SUGAR  ,B ,Q,20.20,21.25,19.70,20.65,20.65,20.25,29,9601,195961.00,
500119,DHAMPUR SUGA,B1,Q,105.90,108.40,101.20,107.60,107.60,104.35,4089,377418,40314184.00,
531923,DHAMPURE SGR,B ,Q,9.28,10.09,9.28,9.86,10.09,9.85,6,1075,10458.00,
521216,DHAN ROTO SP,T ,Q,30.00,30.85,29.50,30.85,30.85,30.65,19,5325,159963.00,
532180,DHANALAK.BNK,B1,Q,24.80,25.25,24.70,25.25,25.25,25.20,27,5613,140326.00,
511393,DHANDAPANI F,B ,Q,51.60,53.55,51.60,53.50,53.50,53.75,9,500,26388.00,
521151,DHANLXMI FAB,B ,Q,38.75,39.25,38.50,39.25,39.25,38.50,11,2097,81134.00,
507717,DHANUKA PEST,B ,Q,90.30,93.30,90.30,93.30,93.30,91.50,6,221,20313.00,
530949,DHAR TEXTILE,B ,Q,4.50,4.50,4.10,4.10,4.10,4.29,2,200,860.00,
506405,DHARAMSI CHM,B1,Q,9.81,9.94,9.81,9.94,9.94,10.11,3,584,5782.00,
511451,DHARANI FIN.,B ,Q,4.00,4.44,3.90,4.01,4.00,4.12,22,4670,18817.00,
507442,DHARANI SUG ,B ,Q,36.50,38.05,36.50,38.00,38.00,35.40,76,8141,307200.00,
526971,DHOOT I.FIN.,B ,Q,17.25,17.40,16.50,16.50,16.50,17.00,6,525,8905.00,
531306,DHP INDIA LT,B ,Q,22.15,23.25,20.10,22.40,22.40,23.00,10,1201,26905.00,
507886,DHRUV ESTATE,B ,Q,17.70,17.70,16.10,16.50,16.50,16.90,5,306,4930.00,
523736,DHUNSERI TEA,S ,Q,69.15,73.00,69.15,73.00,73.00,69.55,176,26398,1920350.00,
500120,DIAMINES&CHM,S ,Q,67.30,69.00,67.00,68.20,68.20,68.85,34,2176,147911.00,
522163,DIAMOND CABL,S ,Q,73.70,75.90,72.50,73.55,74.00,74.20,153,19664,1453973.00,
530959,DIANA TEA CO,B ,Q,11.90,11.90,11.50,11.90,11.90,11.34,77,26846,317008.00,
500089,DIC INDIA   ,B1,Q,170.15,175.20,170.15,170.60,170.55,173.65,9,190,32566.00,
517538,DIGITAL MULT,B ,Q,2.11,2.41,2.11,2.41,2.41,2.21,10,3521,8263.00,
506414,DIL LTD     ,B1,Q,193.00,198.00,181.00,192.20,190.00,195.00,24,2304,446938.00,
524370,DINTEX DYE  ,B ,Q,21.05,22.00,21.05,21.40,21.05,22.00,17,14850,321985.00,
500068,DISA INDIA  ,B ,Q,1330.00,1355.00,1290.00,1323.70,1320.00,1325.70,51,879,1181710.00,
532526,DISHMAN PHAR,B1,Q,187.30,196.20,186.00,189.25,189.25,190.15,224,11440,2183470.00,
532488,DIVI'S LAB. ,B1,Q,1799.00,1930.00,1799.00,1916.90,1916.90,1792.70,2215,41442,78101682.00,
526315,DIVYA.GRANIT,B ,Q,25.15,25.85,25.15,25.55,25.55,25.50,8,1468,37737.00,
526285,DIVYAJYOTI I,B ,Q,4.30,4.71,4.30,4.55,4.55,4.50,7,610,2768.00,
511636,DJS STOCK   ,Z ,Q,9.50,9.50,9.50,9.50,9.50,9.50,1,1000,9500.00,
532419,D-LINK INDIA,A ,Q,83.10,84.25,81.50,83.05,83.05,84.05,580,49420,4118619.00,
517973,DMC VAULTS  ,B ,Q,14.70,14.70,14.70,14.70,14.70,15.45,1,400,5880.00,
505526,DOLAT INV.  ,B ,Q,4.40,4.81,4.37,4.76,4.76,4.84,15,3132,13793.00,
531367,DOLLEX IND. ,B ,Q,49.50,50.80,47.25,47.25,47.25,49.70,165,110394,5290839.00,
526504,DOLPHIN MEDI,B ,Q,6.26,6.65,6.25,6.58,6.58,6.45,51,16750,107301.00,
522261,DOLPHIN OFF.,S ,Q,272.00,280.00,270.00,278.10,278.10,268.25,269,11236,3084116.00,
512519,DONEAR IND. ,S ,Q,58.15,62.40,58.15,60.40,60.90,61.35,40,2627,158342.00,
531595,DOVER SECUR.,T ,Q,7.98,7.98,7.23,7.23,7.23,7.60,2,301,2176.00,
508197,DPIL LTD.   ,T ,Q,79.90,79.90,79.90,79.90,79.90,76.10,1,38,3036.00,
526783,DR.AGAR.EYE ,S ,Q,31.55,32.70,30.00,31.25,31.00,32.40,55,9627,297682.00,
500124,DR.REDDY'S  ,A ,Q,723.00,745.20,716.00,743.30,743.30,720.50,4276,288785,211128985.00,
523618,DREDGING COR,A ,Q,526.00,536.00,526.00,534.20,535.00,531.80,53,1548,825912.00,
523890,DS.KULKARNI ,B ,Q,224.50,233.35,222.60,225.55,225.55,224.55,711,26816,6113119.00,
524276,DUJOD PAP CH,S ,Q,15.55,16.15,15.40,15.95,15.60,15.45,19,2214,35171.00,
514418,DUJODW.PROD.,B ,Q,10.00,10.00,9.01,9.45,9.45,9.63,12,2400,22371.00,
517437,DUTRON POLY.,S ,Q,21.55,23.00,21.55,22.20,23.00,22.95,11,899,20190.00,
532610,DWAR SUGAR  ,B1,Q,117.10,121.60,114.25,120.75,120.75,117.00,1611,94852,11359184.00,
532365,DYNACONS SYS,B ,Q,0.39,0.40,0.39,0.40,0.40,0.39,11,27116,10839.00,
505242,DYNAMAT.TECH,S ,Q,1017.00,1017.00,980.00,995.00,995.00,995.55,26,1329,1314911.00,
524818,DYNAMIC IND.,S ,Q,35.95,35.95,35.95,35.95,35.95,34.40,1,1,35.00,
532707,DYNEMIC PRO ,B1,Q,18.25,19.05,18.25,18.45,18.30,18.20,88,9750,180694.00,
500125,E.I.D.PAR   ,B1,Q,170.80,172.60,167.30,170.30,170.30,170.80,773,94470,16072156.00,
532417,E.STAR INFOT,B ,Q,0.64,0.71,0.62,0.69,0.71,0.68,38,65801,42658.00,
590022,EASTER SI(PS,B1,Q,211.50,218.00,211.00,212.75,211.00,210.30,90,18373,3937768.00,
532751,EASUNREYRL  ,B1,Q,611.00,627.00,610.00,620.55,620.55,609.05,107,1563,962916.00,
532491,ECE INDUSTRS,S ,Q,176.50,176.75,172.00,176.50,176.50,175.90,5,1050,185337.00,
523732,ECO BOARD IN,B ,Q,11.00,11.75,11.00,11.31,11.31,11.65,39,10360,119424.00,
526703,ECOPLAST LTD,S ,Q,21.20,22.30,20.00,20.25,20.50,21.98,33,2955,60545.00,
532696,EDUCOMP SOLN,B1,Q,514.00,526.00,506.10,514.40,514.40,511.40,6878,322230,166814739.00,
531835,EICHER LTD. ,B1,Q,57.05,59.90,57.05,59.90,59.90,57.05,67,7266,430828.00,
505200,EICHER MOTOR,B1,Q,229.90,229.90,225.00,226.90,228.55,225.45,20,556,126311.00,
523127,EIH ASSO.HOT,S ,Q,158.90,166.50,158.00,166.05,166.50,158.60,203,38609,6399474.00,
500840,EIH LTD.    ,A ,Q,712.00,736.00,710.00,733.20,733.20,728.65,209,4483,3288766.00,
523708,EIMCO ELECON,T ,Q,290.00,290.20,284.10,288.05,290.00,286.00,7,325,93956.00,
531144,EL FORGE LTD,S ,Q,82.40,84.45,82.40,82.80,83.45,83.55,21,1490,123474.00,
523329,ELDECO HOUS.,B ,Q,166.00,172.00,165.00,166.60,166.60,167.65,92,5145,864191.00,
524830,ELDER HEALTH,B ,Q,29.00,30.70,28.25,30.05,30.70,29.25,25,2283,68000.00,
532322,ELDER PHARMA,B1,Q,368.00,372.50,361.10,362.40,362.40,365.80,368,14620,5358163.00,
500128,ELEC.CASTING,B1,Q,370.15,374.90,370.00,372.40,372.40,370.40,66,23887,8846923.00,
505700,ELECON ENG  ,B1,Q,1040.00,1070.00,1005.00,1061.30,1060.10,1046.65,148,3184,3321566.00,
526608,ELECTROTHERM,B ,Q,222.80,223.85,218.00,223.85,223.85,219.50,38,1523,340586.00,
526473,ELEGANT FLOR,B ,Q,1.55,1.55,1.50,1.51,1.50,1.60,10,4505,6837.00,
526705,ELEGANT MARB,B ,Q,39.55,42.10,39.55,40.90,40.25,41.50,21,2818,115063.00,
522074,ELGI EQUIP  ,B1,Q,57.95,58.90,57.70,58.45,58.45,57.85,70,18552,1078709.00,
590023,ELGI TRAD(PS,B1,Q,31.70,31.70,31.00,31.35,31.35,31.15,47,5318,166474.00,
517477,ELNET TECH. ,S ,Q,72.30,72.95,71.05,71.25,71.10,71.50,38,2420,172966.00,
504000,ELPRO INTER ,B ,Q,161.00,165.00,157.00,157.40,157.40,161.00,38,2434,385254.00,
530835,ELTROL LTD. ,B ,Q,0.50,0.54,0.50,0.54,0.54,0.50,11,12401,6376.00,
522027,EMA INDIA   ,B ,Q,110.35,110.35,98.20,103.60,103.10,108.15,31,1026,106831.00,
531162,EMAMI LTD.  ,S ,Q,263.95,273.95,260.05,272.25,271.50,260.55,165,21479,5761113.00,
504008,EMCO LTD.   ,S ,Q,533.00,533.00,521.50,523.45,523.00,531.85,137,3435,1806881.00,
532737,EMKAY SHARE ,B1,Q,69.45,69.45,67.05,67.60,67.60,67.05,93,5136,347514.00,
524768,EMMESSAR BIO,B ,Q,3.13,3.36,3.13,3.36,3.36,3.20,6,900,2998.00,
532038,EMMSONS INT.,S ,Q,32.50,32.50,32.50,32.50,32.50,31.90,7,1110,36075.00,
500132,EMPEE SUGARS,B ,Q,16.40,16.80,16.00,16.25,16.25,16.15,144,33613,550021.00,
504351,EMPOWERIND  ,B ,Q,5.95,6.00,5.05,5.60,5.88,5.51,13,4700,26971.00,
521099,EMTEX IND.  ,T ,Q,4.29,4.29,3.90,3.91,3.91,4.09,10,1600,6385.00,
531750,ENCORE SOFT.,TS,Q,35.25,36.00,35.10,35.40,35.40,36.25,25,4390,156254.00,
532219,ENERGY DEV. ,T ,Q,60.40,60.40,57.75,58.75,58.75,60.75,68,10871,632589.00,
532178,ENGINRS.(I) ,A ,Q,500.00,508.00,500.00,502.45,502.45,505.00,115,2165,1092046.00,XD
526560,ENGLISH I.CL,S ,Q,509.80,509.80,461.10,475.35,461.10,470.00,4,41,20173.00,
505982,ENNORE FOUND,S ,Q,145.00,147.45,143.40,146.75,147.00,146.00,34,2260,329950.00,
532700,ENT NETWORK ,B1,Q,238.10,241.80,235.00,239.50,239.50,239.95,198,7918,1897770.00,
526574,ENTERPR.INTE,B ,Q,5.29,6.19,5.28,6.19,6.19,5.84,8,1500,8396.00,
500246,ENVAIN ELECT,S ,Q,26.80,26.85,25.50,25.60,25.50,25.50,15,1861,48213.00,
532308,EONOUR SOFT.,S ,Q,0.65,0.70,0.65,0.67,0.70,0.65,31,31348,21044.00,
523754,EPC INDUS.  ,B ,Q,6.98,6.98,6.80,6.90,6.80,6.85,3,100,690.00,
530407,EPIC ENERGY ,S ,Q,8.60,8.74,8.47,8.57,8.74,8.81,9,1740,14909.00,
524374,EPIC ENZYMES,S ,Q,8.48,8.50,7.78,7.78,7.78,8.18,39,7850,62161.00,
530323,ERA CONSTRUC,S ,Q,284.00,291.25,278.75,286.60,286.60,282.35,5173,362007,103907853.00,
531615,ERA FIN.(I) ,B ,Q,80.50,86.15,78.10,86.15,86.15,82.05,336,118771,10009034.00,
500133,ESAB INDIA  ,B1,Q,365.00,372.00,365.00,366.85,366.85,366.45,150,3297,1211740.00,
511716,ESCORT FINAN,B ,Q,4.99,5.75,4.99,5.65,5.67,5.35,22,6800,37871.00,
500495,ESCORTS LTD.,A ,Q,85.40,86.90,85.10,86.15,86.15,85.35,1754,229999,19791574.00,
514118,ESKAY K'N'IT,B1,Q,4.06,4.14,4.01,4.06,4.08,4.11,73,42954,174622.00,
500134,ESSAR OIL   ,B ,Q,50.00,55.70,50.00,55.10,55.10,51.60,11033,3435015,185759064.00,
500630,ESSAR SHIP. ,B1,Q,25.50,26.30,25.50,25.90,25.90,25.80,484,108518,2817064.00,
500627,ESSAR STEEL ,B1,Q,34.60,36.20,34.60,35.75,35.75,35.60,1491,276238,9857805.00,
700098,ESSARSTPS   ,B ,P,2.00,2.18,2.00,2.07,2.10,2.05,43,49110,101718.00,
500135,ESSEL PROP  ,A ,Q,76.90,76.95,75.20,76.40,76.40,75.75,335,32410,2461037.00,
531478,ESSKAY TELE.,B ,Q,1.07,1.16,1.06,1.12,1.16,1.11,15,12620,13804.00,
500136,ESTER INDUS.,B1,Q,6.09,6.09,5.77,5.98,6.00,5.99,44,18860,111592.00,
532615,ETC NETWORK ,B1,Q,47.35,49.50,47.35,48.45,48.45,48.00,124,13751,668087.00,
526468,EURO LEDAR F,B ,Q,3.81,4.95,3.81,4.53,4.95,4.26,8,45,208.00,
521014,EUROTEX IND ,B1,Q,30.00,30.30,29.30,30.00,30.00,29.55,25,5431,161919.00,
531508,EVEREADY (I),B1,Q,99.60,100.85,98.55,100.15,100.15,100.05,544,52699,5264252.00,
508906,EVEREST INDS,B1,Q,129.90,131.40,128.90,129.40,129.40,129.75,46,2305,298364.00,
532684,EVEREST KANT,B1,Q,411.90,416.00,405.60,406.65,406.65,408.90,2453,69292,28488334.00,
514358,EVERLON SYN.,B ,Q,7.55,7.55,6.23,6.52,6.95,6.87,22,4456,29623.00,
532511,EXCEL CROP. ,B1,Q,132.50,138.85,132.50,135.30,135.30,136.50,97,4080,554552.00,
502223,EXCEL GLASSS,B ,Q,7.94,8.20,7.50,7.60,7.51,7.93,32,15874,123340.00,
500650,EXCEL INDUST,B1,Q,41.00,45.80,40.00,41.90,41.90,40.05,868,319670,13366327.00,
500086,EXIDE IND.  ,A ,Q,350.80,357.00,343.55,349.05,349.05,349.10,3335,150386,52884810.00,
526614,EXPO GAS CON,B ,Q,5.00,5.00,4.79,4.91,4.90,4.88,29,7417,36628.00,
531621,EZ-COMM TRA ,B ,Q,2.38,2.38,2.35,2.36,2.36,2.17,5,701,1664.00,
532656,FACOR ALLOYS,B ,Q,1.62,1.71,1.62,1.68,1.68,1.71,91,76318,127698.00,
532657,FACOR STEELS,B ,Q,4.91,5.70,4.91,5.64,5.70,5.53,24,3746,19893.00,
511668,FACT        ,T ,Q,38.00,38.00,37.50,38.00,38.00,37.30,16,2420,91897.00,
505790,FAG BEARINGS,B1,Q,510.00,512.00,508.00,508.60,508.00,511.90,33,35815,18265515.00,
514474,FAIRDEAL FIL,S ,Q,18.25,19.30,18.25,18.40,18.30,18.95,15,1252,23095.00,
520145,FAIRFIELD AT,B1,Q,66.50,70.00,66.15,69.10,70.00,68.10,50,6746,463753.00,
509527,FALCON TYRES,S ,Q,83.75,90.50,83.75,89.50,89.50,83.30,136,11582,1007085.00,
532084,FAST TRACK E,Z ,Q,0.42,0.45,0.42,0.42,0.42,0.44,14,65200,27914.00,
530079,FAZE THREE L,S ,Q,10.00,10.28,9.80,10.03,10.10,9.89,42,17307,172149.00,
504250,FCI OEN CONN,B1,Q,355.00,368.00,355.00,363.25,363.25,364.20,44,1227,443711.00,
524600,FCL TECHNO. ,B1,Q,21.95,21.95,21.95,21.95,21.95,21.45,1,50,1097.00,
532666,FCS SOFTWARE,B1,Q,98.50,98.50,96.20,96.45,96.45,98.45,235,19317,1868514.00,
531599,FDC LTD.    ,A ,Q,42.25,43.25,42.20,43.10,43.10,42.55,326,29978,1285640.00,
500139,FEDDER.LLYOD,B ,Q,105.00,107.00,103.10,103.45,103.45,103.80,139,24504,2564184.00,
500469,FEDERAL BANK,A ,Q,196.00,203.40,196.00,198.20,198.20,195.75,659,33129,6618240.00,
524608,FEM CARE PH.,S ,Q,305.00,310.00,302.90,308.65,310.00,302.00,16,618,189221.00,
526689,FENOPLAS.LTD,S ,Q,17.50,18.05,17.50,18.05,18.05,17.75,5,530,9427.00,
500141,FERRO ALLOYS,B ,Q,7.50,7.64,7.36,7.46,7.46,7.74,335,139222,1036205.00,
590024,FERT CHE(PS ,A ,Q,24.70,25.70,24.70,25.25,25.25,25.05,84,11932,302970.00,
500142,FGP LTD.    ,B ,Q,4.90,4.90,4.05,4.37,4.37,4.50,29,6987,31504.00,
507910,FIBERWB IN  ,B ,Q,4.00,4.00,4.00,4.00,4.00,3.93,2,100,400.00,
506443,FICOM ORG   ,B ,Q,26.00,26.00,25.50,25.80,25.80,26.65,14,3028,78239.00,
526227,FILATEX INDI,S ,Q,9.12,9.13,9.11,9.11,9.11,9.26,5,650,5928.00,
531486,FILMCITY MED,B ,Q,0.73,0.73,0.73,0.73,0.73,0.70,26,45100,32923.00,
530863,FIN.EYES(I) ,T ,Q,15.00,15.80,15.00,15.70,15.80,15.05,6,10700,161000.00,
526881,FINANC.TEC. ,B1,Q,1235.00,1269.90,1195.00,1261.25,1261.25,1221.10,1039,29043,36121769.00,
517264,FINELINE CI ,B ,Q,15.15,15.20,14.65,14.70,14.65,15.11,33,10727,159763.00,
500144,FINOL. CABLE,A ,Q,343.00,348.95,338.00,340.90,339.00,348.55,135,4031,1386399.00,
500940,FINOLEX IND.,A ,Q,80.70,85.30,80.20,83.00,83.00,80.15,3276,442149,36833525.00,
500145,FIRST LEASIN,B1,Q,48.15,51.95,48.10,51.30,51.30,48.45,683,74315,3780083.00,
500147,FLAT PRODUCT,S ,Q,81.10,86.00,81.10,83.95,83.95,85.00,22,1981,166179.00,
523576,FLAWLESS DIA,B ,Q,23.10,24.50,23.10,23.90,24.50,24.20,25,4440,106310.00,
522167,FLEX ENGINER,B1,Q,35.55,37.55,35.30,37.40,37.50,35.90,25,1902,70257.00,
523672,FLEX FOODS  ,S ,Q,22.75,24.20,22.75,23.70,23.55,23.80,17,4578,108430.00,
500148,FLEX INDUS  ,B1,Q,71.90,73.50,70.40,71.30,71.30,70.60,210,17633,1271517.00,
507796,FLEXO FILM  ,B ,Q,33.00,35.30,33.00,35.30,35.30,33.65,7,1300,44880.00,
522017,FLUIDOMAT   ,B ,Q,8.26,8.26,8.21,8.22,8.22,8.70,3,4250,34899.00,
507552,FOODS & INNS,B ,Q,92.90,92.90,89.80,91.90,91.90,86.30,5,17,1557.00,
502865,FORBES GOKAK,S ,Q,444.00,444.00,422.30,436.25,442.00,436.05,33,643,277911.00,
500033,FORCE MOTR  ,S ,Q,437.25,440.40,436.00,437.20,436.00,444.35,22,344,150605.00,
526927,FORTIS FIN. ,B ,Q,58.50,59.00,58.50,58.90,59.00,58.25,51,7626,448646.00,
530023,FORTUNE FIN.,B ,Q,23.35,23.35,23.35,23.35,23.35,24.20,1,400,9340.00,
532326,FORTUNE INFO,S ,Q,43.00,43.25,42.50,42.55,42.55,43.20,45,4100,175462.00,
500150,FOSECO INDIA,B1,Q,335.00,341.90,335.00,341.90,341.90,336.20,5,108,36352.00,
513579,FOUNDRY FUEL,B ,Q,7.02,7.54,7.02,7.09,7.09,7.25,10,2150,15480.00,
532521,FOUR SOFT   ,B1,Q,59.50,59.65,58.50,58.85,58.70,59.35,175,20071,1182890.00,
530077,FRESHTROP FR,B ,Q,86.85,86.85,80.00,82.80,83.90,81.50,96,6722,558861.00,
531225,FRONTIER INF,T ,Q,2.76,3.03,2.76,2.95,2.85,2.90,15,8400,23729.00,
522195,FRONTIER SPR,Z ,Q,5.73,5.73,5.73,5.73,5.73,5.46,1,100,573.00,
506803,FULFORD (I) ,S ,Q,576.15,589.95,576.15,588.70,585.10,579.00,26,385,225562.00,
500720,FUTURA POLY.,B1,Q,17.10,18.55,17.00,18.55,18.55,16.90,635,388494,7068073.00,
523113,FUTURA SEC. ,B ,Q,4.44,4.44,4.30,4.39,4.30,4.51,2,150,659.00,
500154,FUTURISTIC  ,B ,Q,2.21,2.31,2.21,2.31,2.31,2.32,4,1150,2546.00,
500620,G.E.SHIPPING,A ,Q,271.10,276.70,270.65,275.75,275.75,270.55,3761,635190,174159469.00,
505250,G.G.DANDEKAR,B ,Q,58.80,59.95,58.10,58.75,58.75,60.00,14,1350,79690.00,
507488,G.M.BREWERI ,B ,Q,115.00,117.80,112.60,113.85,113.85,114.90,263,10911,1257555.00,
504286,G.P.ELECTRON,B ,Q,13.40,14.30,13.40,14.30,14.30,13.95,3,92,1244.00,
517564,G.R.CABLES  ,B ,Q,5.55,6.00,5.25,5.71,5.71,5.61,176,61864,354210.00,
500151,G.T.C.IND.  ,B1,Q,145.90,154.75,145.50,154.75,154.75,147.40,1278,127954,19609933.00,
523277,G.V.FILMS   ,B ,Q,13.25,13.25,11.55,12.30,12.30,12.78,3946,2631188,32670467.00,
505714,GABRIEL(I)  ,S ,Q,30.40,30.70,29.60,29.90,30.00,30.65,210,24428,734867.00,
524624,GAGAN GASES ,T ,Q,2.28,2.28,2.28,2.28,2.28,2.18,4,1002,2284.00,
532155,GAIL (I) LTD,A ,Q,260.00,272.00,260.00,271.30,271.30,261.05,1952,619107,163364058.00,
505711,GAJRA BEVEL ,S ,Q,10.80,10.96,10.79,10.91,10.91,10.44,46,7701,84111.00,
504697,GALADA TELE.,B ,Q,16.95,16.95,14.20,15.50,15.50,15.43,441,141046,2298959.00,
506186,GALAXY ENTER,S ,Q,162.00,167.90,160.00,167.00,167.00,164.85,28,1795,294459.00,
532726,GALLAN METAL,B1,Q,9.55,9.70,9.36,9.39,9.39,9.28,103,34783,329493.00,
509550,GAMMON INDIA,B1,Q,341.05,345.80,340.00,343.65,343.65,341.15,421,22219,7629593.00,
513108,GANDHI SP.TU,S ,Q,140.20,146.90,140.20,142.95,142.25,144.55,19,782,112255.00,
517421,GANDHIM.APPL,B ,Q,8.51,8.51,8.50,8.50,8.50,8.85,4,600,5100.00,
500153,GANESH BENZO,B ,Q,8.10,8.30,7.60,7.89,8.00,8.02,51,14849,117982.00,
526367,GANESH HSG. ,S ,Q,144.10,148.75,143.00,144.00,144.00,145.85,61,5858,843786.00,
514167,GANESH POLY.,B ,Q,5.75,6.30,5.36,5.82,5.80,5.85,18,4111,23695.00,
532643,GANESHFORGIN,B1,Q,29.95,30.90,29.15,29.90,30.15,29.45,78,12973,386722.00,
530945,GANGOTRI IRO,B ,Q,15.35,16.35,15.35,16.15,16.30,16.20,18,2500,40043.00,
521176,GANGOTRI TEX,B ,Q,30.85,30.85,28.30,28.90,28.90,30.00,107,34971,1014282.00,
500155,GARDEN SILK ,B1,Q,55.00,55.00,52.00,54.40,54.40,53.85,208,19325,1043910.00,
530615,GARG FURNACE,S ,Q,35.05,36.90,34.80,34.80,34.80,36.60,22,2940,102869.00,
526727,GARNET CONST,B ,Q,39.25,40.40,38.10,38.70,38.70,39.25,283,38175,1506238.00,
512493,GARNET INTL ,Z ,Q,39.80,39.90,36.50,36.50,36.50,38.00,13,1815,68796.00,
509563,GARWA.MARINE,B ,Q,7.41,8.20,7.41,8.15,8.15,8.15,5,750,6051.00,
501848,GARWAR OFF  ,S ,Q,91.00,91.75,88.10,89.55,89.55,89.35,131,6748,603616.00,
500655,GARWARE POLY,B1,Q,39.55,41.50,39.55,41.30,41.30,39.85,45,8972,363656.00,
509557,GARWARE WALL,B1,Q,50.05,53.40,49.50,51.70,51.70,50.15,417,80830,4156714.00,
532622,GATEWAY DIST,B1,Q,170.80,180.50,170.80,177.95,177.95,172.80,1732,127183,22623275.00,
532345,GATI LTD.   ,B1,Q,86.95,95.80,86.00,91.15,91.15,85.00,1564,215130,19812242.00,
532183,GAYATRI SUGR,B ,Q,11.48,11.90,11.16,11.75,11.75,11.20,474,136448,1577763.00,
500398,GE CAP.TRANS,B ,Q,60.55,61.80,60.00,60.70,60.70,59.60,90,8405,511098.00,
504028,GEE LTD     ,B ,Q,188.20,188.20,188.20,188.20,188.20,184.55,1,50,9410.00,
530389,GEEFCEE FIN.,Z ,Q,55.20,55.20,55.20,55.20,55.20,54.15,3,450,24840.00,
530743,GEI HAMON IN,B ,Q,43.20,44.45,43.10,43.50,43.50,43.15,79,8330,361505.00,
521133,GEM SPINNERS,Z ,Q,1.99,1.99,1.99,1.99,1.99,1.90,1,100,199.00,
532318,GEMINI COMMU,B ,Q,206.00,223.95,206.00,222.50,212.00,214.90,41,2979,647319.00,
506109,GENESYS INT.,B1,Q,13.45,14.39,13.42,13.60,13.60,13.73,11,2802,38485.00,
531939,GENIUS COMMU,B ,Q,1.00,1.09,0.91,1.04,1.04,1.00,44,46921,49885.00,
530343,GENUS OVERSE,S ,Q,195.50,195.50,190.30,190.95,191.75,194.80,76,6329,1217109.00,
503699,GEODESIC INF,B1,Q,165.00,167.00,162.30,163.10,163.10,164.35,1327,81712,13422948.00,
532285,GEOJIT FIN  ,S ,Q,214.90,220.00,208.05,210.00,210.00,213.15,319,25494,5419102.00,
532312,GEOMET SOFSO,A ,Q,100.00,101.40,98.50,100.10,100.10,99.30,939,121161,12134357.00,
500171,GHCL LTD    ,B1,Q,187.25,190.00,185.60,189.05,189.05,187.60,1689,278589,52389490.00,
511676,GIC HOUSING ,B1,Q,38.40,38.65,37.00,37.35,37.35,37.95,201,27512,1041701.00,
532716,GILLA ARBUT ,T ,Q,94.00,97.00,92.55,95.50,95.50,93.35,50,5365,513658.00,
507815,GILLETTE (I),A ,Q,821.00,825.00,820.00,823.40,825.00,820.00,21,987,811959.00,
531744,GINI SILK MI,S ,Q,25.90,26.00,24.00,24.00,24.00,24.50,4,454,11342.00,
590025,GINNI FIL(PS,B ,Q,18.80,20.60,18.70,19.20,19.20,18.90,380,126452,2482861.00,
532715,GITANJALI GE,B1,Q,193.55,199.70,193.55,196.80,196.80,193.25,5300,517657,101672129.00,
531613,GIVO LTD.   ,B1,Q,10.70,10.90,10.11,10.18,10.18,10.64,82,23106,241020.00,
500660,GLAXOSMITH  ,A ,Q,1211.00,1273.90,1205.95,1257.15,1257.15,1211.00,2860,79634,99554160.00,
500676,GLAXOSMITHKL,A ,Q,545.00,545.00,496.00,519.25,520.00,507.45,84,58528,30229073.00,
532296,GLENMARK PHA,B1,Q,348.80,348.80,342.00,343.10,343.10,345.20,592,37918,13026329.00,
513528,GLITTEK GRAN,T ,Q,2.93,3.14,2.93,3.14,3.14,3.08,2,5050,14807.00,
500159,GLOBAL BOARD,B ,Q,2.09,2.19,2.00,2.19,2.19,2.09,184,177487,379166.00,
505255,GMM PFAUDLER,B ,Q,606.90,623.55,592.00,602.95,602.95,603.70,49,767,464160.00,
500162,GMR INDUS LT,B1,Q,163.00,163.00,155.30,157.35,159.00,158.15,189,9009,1417297.00,
532754,GMR INFRASTR,A ,Q,215.00,218.00,212.05,213.10,213.10,214.60,2299,217486,46696541.00,
509567,GOA CARBON  ,S ,Q,65.60,65.60,63.00,63.75,63.85,63.85,16,1919,122290.00,
590026,GODAV FE(PS ,B1,Q,63.00,63.00,59.25,60.45,60.45,62.00,54,3791,231579.00,
530317,GODAVARI DRU,B ,Q,15.10,15.95,14.70,14.80,14.70,15.10,8,900,13541.00,
532734,GODAWARI POW,B1,Q,89.15,89.40,85.50,86.20,86.20,88.25,3715,444350,38742019.00,
500163,GODFREY PH  ,B1,Q,1111.00,1149.95,1107.00,1118.85,1107.00,1144.05,34,285,322084.00,XD
532424,GODREJ CONSU,A ,Q,176.00,185.00,174.05,176.70,176.70,176.80,315,13374,2389102.00,
519035,GODREJ FOODS,B ,Q,10.75,10.75,10.20,10.32,10.30,10.44,24,6490,67202.00,
500164,GODREJ IND  ,B1,Q,102.35,103.00,97.00,100.05,100.05,101.00,560,34667,3492368.00,
505744,GOETZE INDIA,B1,Q,305.00,310.90,297.50,300.55,300.55,305.60,686,20567,6253709.00,
532630,GOKALDAS    ,B1,Q,591.00,645.00,585.00,633.90,633.90,591.00,333,208466,127302026.00,
531928,GOLDEN CARPE,Z ,Q,6.00,6.00,6.00,6.00,6.00,6.21,2,1500,9000.00,
526951,GOLDEN LAMIN,B ,Q,10.00,10.45,10.00,10.45,10.45,10.00,2,225,2261.00,
526729,GOLDIAM INT.,B1,Q,117.00,120.40,115.50,116.20,116.20,116.90,316,26850,3181141.00,
532378,GOLDMINES   ,T ,Q,3.00,3.20,2.96,3.18,3.18,3.10,17,5935,17977.00,
532439,GOLDSTN TELE,B ,Q,16.75,17.10,16.70,16.90,17.05,16.85,41,10767,181365.00,
531439,GOLDSTONE EN,B1,Q,21.05,21.65,21.05,21.30,21.30,21.50,49,9472,202478.00,
523676,GOLKUNDA DIA,B ,Q,12.51,12.51,12.40,12.50,12.50,13.44,9,1539,19228.00,
504701,GONTER PEIP ,B1,Q,35.00,35.50,34.60,35.45,35.25,34.70,45,9626,339341.00,
500166,GOODRICKE   ,T ,Q,89.10,93.70,87.60,93.70,93.70,89.25,119,14202,1322072.00,
500168,GOODYEAR (I),T ,Q,115.00,116.95,107.75,115.10,115.10,113.40,294,41282,4622680.00,
526717,GOPALA POLY.,B ,Q,4.10,4.23,4.10,4.10,4.10,4.24,3,4300,17721.00,
531111,GOTHI PLASCO,Z ,Q,1.54,1.54,1.50,1.50,1.50,1.54,2,200,304.00,
509148,GOVIND RUBB.,S ,Q,33.00,34.10,32.85,33.95,33.95,32.75,65,32044,1071612.00,
530663,GOYAL ASSO. ,B ,Q,0.26,0.26,0.26,0.26,0.26,0.25,12,23611,6138.00,
590009,GRABAL AL(PS,B1,Q,120.00,125.00,117.50,117.75,118.00,121.00,39,4279,510201.00,
532482,GRANULES (I),S ,Q,106.30,107.90,104.05,104.50,104.50,106.65,771,52734,5577283.00,
509488,GRAPHITE IN.,B1,Q,242.00,251.90,242.00,245.75,244.25,243.45,54,1557,385414.00,
500300,GRASIM IND. ,A ,Q,2253.00,2267.00,2240.00,2252.90,2252.90,2253.50,1331,24892,56110215.00,
526751,GRATEX INDS.,Z ,Q,1.69,1.69,1.69,1.69,1.69,1.61,1,100,169.00,
505710,GRAUER& WEIL,S ,Q,84.05,86.75,83.70,84.75,84.75,85.15,163,14837,1264495.00,
532015,GRAVITY (I) ,S ,Q,5.10,5.24,5.01,5.19,5.19,5.05,28,8689,44764.00,
501455,GREAVES COTT,B1,Q,338.00,344.00,337.60,340.40,340.40,344.50,204,31555,10731504.00,
526797,GREENPLY IND,B ,Q,86.00,86.00,84.50,84.55,84.55,86.00,83,11160,950022.00,
506076,GRIND NORTON,S ,Q,132.00,134.00,129.50,130.70,130.70,132.85,190,8951,1173054.00,
511288,GRUH FINANCE,B1,Q,131.00,131.00,127.10,129.40,129.40,130.75,118,6700,866961.00,
511543,GSB FINANCE ,B ,Q,4.02,5.00,4.02,5.00,5.00,5.00,8,1940,9602.00,
530469,GSL SECUR.  ,B ,Q,1.64,1.65,1.64,1.65,1.65,1.72,5,800,1318.00,
532139,G-TECH INFO.,Z ,Q,0.25,0.25,0.25,0.25,0.25,0.26,1,5000,1250.00,
500160,GTL LTD.    ,A ,Q,144.50,146.50,143.50,145.20,145.20,143.85,2863,239084,34685846.00,
500170,GTN INDUS   ,B1,Q,30.65,31.60,30.65,31.20,31.15,31.05,29,3040,94757.00,
532744,GTN TEXTILE ,B1,Q,19.95,20.00,19.00,19.40,19.40,19.50,43,7008,135278.00,
509079,GUFIC BIO SC,B1,Q,10.60,11.10,10.60,11.02,11.02,10.92,151,54187,590234.00,
532702,GUJ PETRONET,B1,Q,35.25,36.35,35.20,35.95,35.95,35.55,1246,234016,8370620.00,
530001,GUJ.ALKALI  ,B1,Q,178.55,188.05,176.50,187.15,187.15,178.40,4387,297112,54734943.00,
500425,GUJ.AMB.CEM ,A ,Q,113.45,114.20,112.50,113.40,113.40,112.35,1823,256124,29056824.00,
524226,GUJ.AMB.EXP.,B1,Q,21.90,23.20,21.75,22.80,22.80,21.35,1829,636687,14504363.00,
522217,GUJ.APOLLO E,B1,Q,156.80,167.00,152.30,161.30,161.30,155.85,1278,85630,13857800.00,
523768,GUJ.BOROSIL ,B ,Q,9.20,9.70,9.20,9.35,9.35,9.57,59,24100,227810.00,
506457,GUJ.CARBON  ,B ,Q,5.25,5.25,4.80,5.07,5.07,5.05,27,8875,45451.00,
500173,GUJ.FLOURO  ,B1,Q,544.25,544.25,536.50,544.25,544.25,518.35,196,27345,14882339.00,
531410,GUJ.FOILS   ,Z ,Q,10.00,10.00,10.00,10.00,10.00,10.25,1,100,1000.00,
523477,GUJ.GAS COMP,A ,Q,1010.00,1019.00,1000.00,1019.00,1019.00,1001.30,9,33,33262.00,
531878,GUJ.GUARANTY,T ,Q,30.45,30.45,30.45,30.45,30.45,32.05,20,4800,146160.00,
507960,GUJ.HOTELS  ,S ,Q,53.80,53.80,51.00,51.65,52.20,53.30,54,6000,312642.00,
523810,GUJ.INC.TELE,Z ,Q,1.84,2.00,1.82,2.00,2.00,1.91,15,12147,23168.00,
517300,GUJ.IND.POW.,A ,Q,61.55,61.55,59.75,60.05,60.05,60.55,457,53994,3259592.00,
517372,GUJ.INTRUX  ,S ,Q,30.00,30.00,27.60,28.20,28.20,28.10,17,1014,28889.00,
531341,GUJ.INVESTA ,B ,Q,14.39,14.39,14.39,14.39,14.39,13.71,6,1550,22304.00,
500174,GUJ.LEASE   ,B ,Q,4.60,4.97,4.60,4.77,4.77,4.83,19,6187,29680.00,
532181,GUJ.MINERAL ,A ,Q,335.00,343.85,330.00,333.05,331.00,343.10,59,1143,381505.00,
500670,GUJ.NARMADA ,A ,Q,98.70,101.45,97.60,101.05,101.05,97.95,1850,251387,25203545.00,
512579,GUJ.NRE COKE,B1,Q,66.50,66.50,65.40,65.45,65.45,66.10,819,113885,7490148.00,
517288,GUJ.POLY-AVX,B ,Q,4.47,4.80,4.47,4.47,4.47,4.70,7,820,3690.00,
509152,GUJ.RECLAIM ,Z ,Q,267.40,267.40,267.40,267.40,267.40,262.20,5,600,160440.00,
518029,GUJ.SIDH.CEM,B1,Q,20.25,21.25,19.85,20.35,20.35,20.65,651,241140,4885015.00,
500690,GUJ.ST.FERT ,B1,Q,171.05,180.25,171.05,176.25,176.25,175.15,527,40623,7187669.00,
532160,GUJ.STAT.FIN,Z ,Q,3.34,3.34,3.34,3.34,3.34,3.19,2,600,2004.00,
524314,GUJ.TERC LAB,B ,Q,6.17,6.17,5.20,6.15,6.15,5.61,13,1400,8178.00,
506879,GUJ.THEMIS. ,B1,Q,10.02,10.40,10.01,10.07,10.07,10.05,11,2050,20672.00,
506480,GULF OIL COR,S ,Q,1184.00,1211.65,1160.15,1187.85,1187.85,1172.80,616,10848,12912180.00,
532425,GULSHAN CHEM,B ,Q,4.02,4.42,4.02,4.42,4.42,4.21,3,300,1247.00,
532457,GULSHAN POLY,B ,Q,39.00,40.50,36.05,39.25,39.95,40.05,55,9075,352298.00,
524184,GULSHAN S&CH,S ,Q,74.95,77.80,72.45,72.90,72.90,80.45,1370,214271,15957353.00,
514116,GUPTA SYNTH.,B ,Q,122.55,127.65,122.55,124.40,124.40,124.90,120,13579,1701216.00,
532708,GVK POWERINF,B1,Q,177.00,179.95,174.00,176.35,176.35,175.65,1603,70335,12442073.00,
530117,H.K.FINECHEM,B ,Q,30.40,31.00,29.05,31.00,31.00,28.20,61,28691,885796.00,
502873,H.P.COTTON  ,B ,Q,24.35,25.00,23.95,24.45,24.90,22.55,19,747,18419.00,
532145,H.S.(I) LTD.,B ,Q,8.30,8.71,8.15,8.50,8.50,8.30,11,3650,30570.00,
515147,HALDYN GLASS,S ,Q,44.60,44.60,42.70,43.60,43.55,43.80,33,3606,156897.00,
500177,HANIL E.TEX ,B1,Q,20.50,20.70,20.20,20.50,20.60,20.45,124,19938,407464.00,
514308,HANJER FIBRE,B ,Q,3.09,3.17,3.08,3.10,3.10,3.24,7,4300,13398.00,
524080,HAR.LEATHER ,Z ,Q,10.20,10.20,9.31,9.32,9.32,9.72,3,400,3903.00,
509597,HARDCASTLE  ,B ,Q,221.00,232.75,207.00,213.90,213.90,224.95,30,594,128540.00,
512604,HARIA EXPORT,S ,Q,6.28,6.41,5.81,5.83,5.83,6.11,55,13621,82682.00,
500178,HARIG CRANK ,B ,Q,1.90,1.91,1.83,1.85,1.87,1.87,93,126813,236004.00,
590043,HARITA SEAT ,S ,Q,168.00,177.85,168.00,175.10,175.10,160.25,32,1361,236886.00,
526931,HARIYANA SH.,S ,Q,26.45,29.50,25.50,28.00,28.00,26.05,141,30399,838493.00,
500467,HARR.MALAYAL,B1,Q,89.00,93.45,88.80,93.45,93.45,89.00,723,66681,6163304.00,
511613,HARVCIC MAN.,B ,Q,1.00,1.00,1.00,1.00,1.00,0.96,1,10,10.00,
509073,HATHWAY BHAW,Z ,Q,8.75,8.76,7.95,8.49,8.49,8.35,11,2639,22537.00,
531531,HATSUN AGRO ,B ,Q,140.00,142.00,134.25,136.25,136.25,134.30,12,449,62331.00,
517354,HAVELL'S IND,B1,Q,284.00,287.45,278.50,279.45,279.45,283.95,261,10408,2917568.00,
508486,HAWKINS COOK,S ,Q,91.80,93.90,87.00,91.80,91.80,87.70,303,18668,1709288.00,
532467,HAZOOR MEDIA,S ,Q,11.85,12.50,11.85,12.22,12.12,12.41,53,16775,205151.00,
532334,HB ESTATE DE,Z ,Q,31.50,31.50,28.75,30.70,30.65,30.00,53,2555,77680.00,
508956,HB LEAS.PUB ,B ,Q,3.64,3.67,3.30,3.45,3.60,3.34,34,8150,29693.00,
532333,HB PORTFOLIO,B ,Q,29.15,30.90,29.15,29.50,29.50,29.95,45,2445,72248.00,
532216,HB STOCKHOL.,B ,Q,16.60,16.65,16.50,16.65,16.65,16.80,42,5070,84186.00,
517271,HBL NIFE POW,S ,Q,292.00,293.90,275.05,277.30,277.30,287.55,229,7341,2064014.00,
500179,HCL INFOSYS ,A ,Q,163.55,173.00,163.00,171.75,171.75,163.50,766,70685,12007499.00,
523519,HCL OFFICE  ,B ,Q,6.12,7.25,6.12,7.25,7.25,6.73,22,3830,26006.00,
532281,HCL TECHNO  ,A ,Q,580.00,584.00,570.10,578.80,578.80,579.80,380,8721,5053404.00,
500010,HDFC        ,A ,Q,1293.10,1323.00,1293.00,1317.30,1313.15,1308.35,731,42062,55342114.00,
500180,HDFC BANK   ,A ,Q,840.00,879.85,835.30,873.70,873.70,853.15,1829,101183,87615658.00,
509631,HEG LTD.    ,B1,Q,136.00,136.00,129.15,131.95,132.20,132.25,177,8748,1146189.00,
532347,HELIOS & MAT,S ,Q,162.00,165.00,159.10,162.55,162.55,161.55,1033,38272,6230396.00,
532671,HENKEL INDIA,B1,Q,22.75,23.00,22.15,22.45,22.45,22.60,220,44415,1000461.00,
500181,HERBERTSONS ,B ,Q,316.00,316.00,294.00,294.00,294.00,303.05,6,104,31016.00,
505720,HERC.HOISTS ,B ,Q,2419.00,2425.00,2333.00,2352.10,2350.00,2370.90,118,553,1314602.00,
519552,HERITAGE FOO,B1,Q,148.20,148.20,145.00,145.00,145.00,145.40,29,2980,432677.00,
500182,HERO HONDA  ,A ,Q,714.90,730.00,706.00,726.90,726.90,720.30,3156,111552,80157555.00,
524669,HESTER PHARM,B ,Q,71.90,73.50,71.90,72.15,72.15,70.95,21,1256,90949.00,
532129,HEXAWARE TEC,A ,Q,152.90,156.90,152.50,155.10,155.10,152.00,745,45792,7119409.00,
511116,HFCLINFOTEL ,S ,Q,16.10,16.20,15.65,16.10,16.10,15.50,28,5500,88350.00,
504176,HIGH ENERGY ,T ,Q,774.00,774.20,770.00,774.20,774.20,737.35,9,84,65014.00,
524735,HIKAL LTD.  ,B1,Q,363.00,375.00,363.00,370.75,368.00,363.85,48,3320,1228242.00,
500183,HIMACHAL FUT,B1,Q,26.20,27.10,25.80,26.65,26.65,26.10,1857,731874,19516645.00,
500184,HIMADRI CHEM,B ,Q,171.40,174.00,163.00,171.90,171.90,165.15,502,46236,7842284.00,
513723,HIMALAYA GR.,S ,Q,26.50,26.50,26.00,26.00,26.00,26.00,7,830,21705.00,
526899,HIMALAYA INT,B ,Q,17.20,17.50,16.90,17.15,17.15,17.05,99,16031,274500.00,
514043,HIMAT.SEIDE ,B1,Q,115.30,122.50,115.30,120.75,120.75,117.85,131,7164,864811.00,
526779,HINAFIL (I) ,B ,Q,0.47,0.50,0.46,0.50,0.50,0.48,33,67257,32868.00,
509635,HIND.COMPOSI,T ,Q,152.00,155.05,152.00,154.90,155.00,153.15,12,834,128924.00,
500185,HIND.CONSTN.,B1,Q,107.20,110.25,105.95,108.45,108.45,106.85,3016,244396,26506886.00,
513599,HIND.COPPER ,Z ,Q,86.30,88.50,85.00,85.40,85.05,87.90,28,4300,370250.00,
509627,HIND.DORR   ,T ,Q,116.30,123.50,116.30,122.05,121.65,119.60,100,17374,2098297.00,
505725,HIND.EVEREST,B ,Q,36.15,36.15,36.15,36.15,36.15,34.45,1,1,36.00,
505893,HIND.HARDY  ,B ,Q,80.10,80.10,80.10,80.10,80.10,79.90,1,100,8010.00,
526307,HIND.INDUSTR,S ,Q,30.50,32.60,30.00,30.60,30.60,32.15,109,26268,833079.00,
500696,HIND.LEVER  ,A ,Q,235.00,239.95,234.10,238.80,238.80,234.60,3811,503682,119753918.00,
500500,HIND.MOTORS ,B1,Q,38.95,40.30,38.50,39.45,39.45,38.90,3086,719833,28407855.00,
500186,HIND.OIL EXP,B1,Q,114.50,114.50,111.20,112.10,112.10,113.25,480,36397,4102340.00,
500449,HIND.ORG.CHM,B1,Q,24.50,24.50,23.50,23.80,24.20,24.10,201,39567,953095.00,
500104,HIND.PETRO  ,A ,Q,276.00,282.50,273.95,280.15,280.15,277.95,2881,173370,48300763.00,
504036,HIND.RECT   ,B ,Q,732.00,750.00,715.00,715.60,716.00,715.35,49,647,471095.00,
500187,HIND.SANITAR,B1,Q,103.80,106.70,103.55,104.55,104.55,101.80,95,149631,15709170.00,
503881,HIND.SYNTEX ,B ,Q,8.15,8.15,8.15,8.15,8.15,7.77,6,2600,21190.00,
530315,HIND.TIN WRK,S ,Q,45.50,47.50,45.05,45.85,45.85,45.30,189,51814,2385081.00,
500440,HINDALCO    ,A ,Q,173.80,174.70,171.50,173.15,173.15,172.50,5684,804956,139493642.00,
890120,HINDALCOPP  ,B ,Q,91.35,93.90,91.00,92.30,92.30,91.25,1377,323912,30000164.00,
502880,HINDOO.SPIN.,B1,Q,28.10,29.20,27.50,27.55,27.55,28.65,81,19994,558887.00,
500189,HINDUJA FI  ,A ,Q,597.00,597.00,548.00,571.40,571.40,595.45,12788,404663,229081284.00,
500188,HINDUS.ZI   ,A ,Q,567.35,572.00,558.20,562.00,562.00,563.20,9158,412652,232990224.00,
532041,HINDUSTN BIO,B ,Q,5.00,5.25,4.93,5.21,5.25,5.00,74,18997,97162.00,
530853,HIPOLIN LTD.,S ,Q,16.25,16.25,15.00,15.45,15.65,15.70,23,1835,28357.00,
506170,HIRAN ORGOCH,S ,Q,58.15,58.45,57.00,57.35,57.35,57.90,147,10939,631232.00,
523398,HITACHI HOME,B1,Q,74.00,74.00,70.60,71.00,71.00,72.15,225,15960,1140446.00,
531897,HITECH ENT. ,S ,Q,38.50,46.00,38.30,44.50,44.50,42.55,58,21868,972722.00,
522073,HI-TECH GEAR,B1,Q,156.40,164.00,156.40,162.35,162.35,154.85,115,3631,581094.00,
526217,HITECH PLAST,S ,Q,86.00,86.00,85.00,85.05,85.00,86.15,17,4831,411441.00,
530633,HITKARI IND.,S ,Q,11.85,12.75,11.84,11.86,11.86,13.15,4,216,2596.00,
500191,HMT LTD.    ,A ,Q,65.45,65.55,63.80,64.20,64.20,64.90,883,98876,6386327.00,
522064,HONDA SIEL  ,B1,Q,138.00,139.70,137.00,137.55,137.30,136.25,15,800,110263.00,
517174,HONEYWELL   ,B1,Q,1324.00,1344.00,1312.00,1330.00,1330.00,1318.35,40,347,459039.00,
500193,HOTEL LEELA.,B1,Q,293.85,296.00,289.25,292.35,295.50,291.85,1087,295127,85818504.00,
500195,HOTLINE GLAS,B ,Q,6.55,6.65,6.20,6.27,6.25,6.50,104,52155,333043.00,
517208,HOTLINE TELE,B ,Q,8.75,9.65,8.75,9.65,9.65,9.20,7,275,2550.00,
526761,HOWARD HOTEL,B ,Q,9.36,9.95,9.36,9.81,9.81,9.73,14,2820,27079.00,
532662,HT MEDIA    ,B1,Q,502.00,555.00,502.00,548.10,548.10,544.75,378,5862,3157781.00,
531155,HULTA PHARMA,B ,Q,2.23,2.23,2.23,2.23,2.23,2.47,9,12872,28704.00,
509675,HYD.INDUS   ,B ,Q,303.50,303.60,294.10,299.55,299.55,302.45,242,9294,2787237.00,
522219,HYDERFLEXTC ,T ,Q,4.80,4.80,4.80,4.80,4.80,5.05,1,1000,4800.00,
524019,HYDRO S&S FI,S ,Q,27.00,27.00,26.40,26.50,26.50,26.55,8,1911,51176.00,
514258,HYTONE TEXST,B ,Q,3.60,3.60,3.60,3.60,3.60,3.99,1,100,360.00,
500198,I.B.P CO.   ,A ,Q,485.00,485.00,472.00,479.50,480.15,483.00,28,348,166865.00,
531524,I.C.S.A. IND,S ,Q,676.00,699.50,675.00,686.55,686.55,683.20,617,20282,13951841.00,
500199,I.G.PETRO   ,B ,Q,41.50,44.10,41.25,44.10,44.10,42.00,152,25183,1090467.00,
502241,IAG CO.LTD. ,B ,Q,6.02,6.38,5.86,5.86,5.86,6.50,24,7825,46614.00,
500710,ICI INDIA   ,A ,Q,313.55,314.00,308.15,308.80,309.00,313.05,42,1371,425984.00,
632174,ICIBK       ,A ,Q,615.00,625.00,615.00,625.00,625.00,622.00,2,152100,95032500.00,
532174,ICICI BANK  ,A ,Q,585.10,611.80,585.10,609.10,609.10,596.50,6487,478872,290998879.00,
523770,ICNET LTD.  ,Z ,Q,2.33,2.46,2.33,2.46,2.46,2.35,3,603,1460.00,
500116,IDBI LTD.   ,A ,Q,65.00,66.70,64.15,65.75,65.75,65.15,2551,424695,28014273.00,
531840,IEC SOFT.   ,B ,Q,3.30,3.30,3.10,3.23,3.30,3.15,8,1800,5681.00,
507438,IFB AGRO    ,B ,Q,58.35,58.40,54.00,55.40,55.40,55.65,19,2255,125083.00,
505726,IFB IND.LTD.,B ,Q,19.75,20.20,19.75,20.20,20.20,20.30,14,2648,52706.00,
530439,IFB SECURITS,B ,Q,1.10,1.10,1.10,1.10,1.10,1.05,7,8419,9260.00,
500106,IFCI LTD    ,B1,Q,9.40,9.54,9.23,9.29,9.29,9.41,914,907279,8494408.00,
532133,IFGL REFRACT,B1,Q,61.30,61.50,61.30,61.35,61.30,63.40,6,141,8664.00,
532466,I-FLEX SOLUT,A ,Q,1425.00,1439.40,1415.20,1424.75,1424.75,1421.10,340,9430,13464679.00,
531998,IFSL LTD.   ,Z ,Q,1.33,1.40,1.33,1.37,1.37,1.39,133,136472,185553.00,
517380,IGARSHI MOT ,B1,Q,130.00,131.00,126.10,129.20,128.05,129.95,57,2817,362390.00,
532337,IGATEGLOBAL ,A ,Q,174.80,184.70,174.80,180.45,180.00,174.05,113,5346,959039.00,
514238,IKAB SEC.   ,B ,Q,5.71,5.71,5.71,5.71,5.71,4.76,6,950,5424.00,
530719,IKF FINANCE ,B ,Q,14.11,14.40,14.10,14.35,14.35,14.31,64,22938,328741.00,
532414,IKF TECHNO  ,B ,Q,3.60,3.94,3.60,3.84,3.84,3.68,256,252990,952465.00,
511208,IL & FS INVE,B1,Q,127.40,136.70,126.75,136.70,136.70,124.30,598,64141,8609145.00,
532653,IL&FS INVTSM,B1,Q,152.00,162.50,152.00,158.85,158.85,150.25,4059,272013,42992070.00,
532614,IMPEX       ,B1,Q,10.72,11.19,10.50,10.57,10.85,10.80,30,8650,93983.00,
517571,IMPPOWERS   ,B ,Q,70.00,71.00,69.00,70.80,69.50,69.35,22,7123,500702.00,
531129,INANI MARBLE,B ,Q,49.80,49.80,49.80,49.80,49.80,47.85,1,5,249.00,
517370,INCAP LTD.  ,B ,Q,14.85,16.31,14.25,16.27,16.30,14.83,147,38145,609278.00,
531594,INCON ENGG. ,B ,Q,3.70,3.70,3.70,3.70,3.70,3.56,1,20,74.00,
532636,IND INFOLINE,B1,Q,168.00,171.00,162.50,163.50,163.50,167.75,2427,139842,23366190.00,
514165,IND.ACRYLICS,B ,Q,4.85,4.94,4.76,4.84,4.93,4.99,96,34699,167891.00,
523465,IND.BANK HSG,B ,Q,6.15,6.99,6.13,6.99,6.99,6.62,13,1891,12468.00,
511473,IND.BANK MER,B ,Q,6.56,7.09,6.56,7.03,7.09,6.91,44,12413,85828.00,
509692,IND.CARD    ,B1,Q,240.00,240.00,227.10,229.60,229.60,243.65,366,14056,3263835.00,
513235,IND.CHARGE  ,Z ,Q,9.40,9.40,8.88,8.92,8.92,9.31,28,10500,94689.00,
509684,IND.FOILS   ,B1,Q,8.01,8.30,8.00,8.06,8.06,8.05,49,20589,165499.00,
500201,IND.GLYCOLS ,B1,Q,154.10,156.20,151.00,152.85,152.85,154.25,324,16673,2558377.00,
504741,IND.HUME PIP,B1,Q,260.15,267.80,260.15,264.30,263.65,263.10,21,1123,297145.00,
500202,IND.LEAS.DEV,B ,Q,4.96,5.98,4.96,5.95,5.98,5.51,11,2251,12572.00,
509706,IND.RESORT  ,S ,Q,327.00,327.00,317.25,319.55,318.00,326.50,31,1166,375056.00,
500204,IND.SECURITY,B ,Q,5.25,5.50,5.25,5.50,5.50,5.45,11,1466,7990.00,
524652,IND.SWIFT LT,B1,Q,35.90,36.40,35.65,35.80,35.80,35.30,147,16955,608809.00,
523586,IND.TONERS  ,S ,Q,28.00,28.00,26.25,26.45,26.50,27.85,57,5850,157863.00,
509162,INDAG RUBBER,S ,Q,21.00,21.00,20.05,20.05,20.05,21.00,3,400,8225.00,
511682,INDCAP FINAN,B ,Q,15.20,15.20,15.20,15.20,15.20,16.85,1,100,1520.00,
530005,INDIA CEM.  ,A ,Q,201.00,204.70,199.10,203.90,203.90,200.35,7094,789855,160190232.00,
511355,INDIA CEM.CA,T ,Q,9.25,9.25,8.43,8.43,8.43,8.87,3,400,3531.00,
531253,INDIA GELAT.,S ,Q,22.85,22.85,22.85,22.85,22.85,22.85,1,100,2285.00,
532240,INDIA NIPPON,B1,Q,213.00,213.00,212.05,212.55,212.05,211.00,4,110,23387.00,
514490,INDIA POLY. ,Z ,Q,0.72,0.72,0.72,0.72,0.72,0.69,1,300,216.00,
500203,INDIA POLYFI,B1,Q,9.59,9.90,9.57,9.82,9.82,9.62,60,50268,489262.00,
532544,INDIABULLS  ,B1,Q,312.10,314.40,302.40,305.20,305.20,310.80,8170,600373,184544780.00,
524614,INDIAN EXTR.,B ,Q,7.43,8.00,7.43,7.75,7.50,8.00,5,600,4553.00,
500850,INDIAN HOTEL,A ,Q,1299.00,1300.00,1279.15,1286.40,1296.00,1295.30,1283,54753,70461230.00,
530965,INDIAN OIL  ,A ,Q,493.00,497.85,483.00,488.10,488.10,495.05,855,39333,19246326.00,
532388,INDIAN OVER.,A ,Q,92.00,96.00,92.00,95.70,95.70,92.00,982,132487,12544215.00,
500319,INDIAN SUCRO,Z ,Q,29.35,31.95,29.35,31.65,31.65,30.45,45,7506,235247.00,
524648,INDO AMINES ,S ,Q,11.76,11.99,11.35,11.41,11.35,11.99,23,5400,62641.00,
532658,INDO ASI FU ,B ,Q,139.45,141.00,136.00,137.10,137.10,138.65,1235,137224,19004769.00,
530747,INDO ASN.FIN,B ,Q,24.15,24.15,16.70,19.95,19.95,20.13,342,53705,1027002.00,
524342,INDO BORAX  ,S ,Q,22.50,22.50,21.25,22.25,22.35,22.80,38,8350,182693.00,
521016,INDO COUNT  ,B ,Q,18.00,18.00,16.50,16.95,16.95,17.40,33,34875,622539.00,
500207,INDO RAMA   ,A ,Q,54.30,54.70,53.30,53.70,53.30,53.65,73,6085,328561.00,
531084,INDO-CAS.MUL,B ,Q,2.21,2.21,1.83,1.86,1.86,2.02,4,1101,2033.00,
532100,INDO-CITY IN,S ,Q,2.89,3.15,2.89,3.03,3.00,3.17,12,6900,20643.00,
532612,INDOCO REM  ,B1,Q,317.90,317.90,311.00,311.65,311.65,314.90,80,1619,505669.00,
500206,INDOCOUNT FI,B ,Q,1.65,1.65,1.51,1.51,1.51,1.67,3,400,618.00,
504092,INDOKEM LTD.,B ,Q,4.90,5.14,4.90,5.01,5.12,5.01,7,2110,10673.00,
531565,INDO-PACIFIC,B ,Q,11.39,11.42,11.39,11.40,11.42,11.00,10,55000,627345.00,
532501,INDORAMTEX  ,B1,Q,52.75,53.90,52.45,52.55,52.55,53.05,13,1114,58836.00,
532717,INDOTECHTR  ,B1,Q,158.00,164.40,158.00,161.90,161.25,162.65,166,8013,1295860.00,
532514,INDRA GAS   ,B1,Q,118.50,118.95,106.15,117.30,117.30,118.25,320,36553,4290448.00,
532150,INDRAPRAST  ,B1,Q,34.10,35.25,33.60,34.35,34.35,34.30,802,170237,5851473.00,
526445,INDRAYANI BI,B ,Q,3.88,3.88,3.53,3.53,3.79,3.71,8,1102,3925.00,
522165,INDSIL ELSML,S ,Q,24.95,26.00,24.95,25.75,26.00,24.90,39,8769,226062.00,
524164,INDSORGANIC ,B ,Q,39.45,39.45,36.60,36.80,36.80,38.85,9,1010,38478.00,
532305,IND-SWIFT LA,B1,Q,76.90,78.90,76.10,76.35,76.35,74.85,1210,125432,9700108.00,
504336,INDTRADECO  ,Z ,Q,0.35,0.35,0.35,0.35,0.35,0.36,1,1000,350.00,
532001,INDUCTO STL.,B ,Q,10.25,10.25,10.25,10.25,10.25,10.25,1,1,10.00,
532287,INDUJ ENERT.,B ,Q,18.80,19.00,18.30,18.90,18.90,18.30,36,7420,138139.00,
532442,INDUJ INFOTE,B ,Q,5.79,6.38,5.79,5.79,5.79,6.09,8,600,3533.00,
532381,INDUS NETWOR,B ,Q,6.50,6.75,6.25,6.31,6.31,6.35,38,8867,57586.00,
501295,INDUS.INV.TR,S ,Q,71.50,73.80,69.00,69.70,69.00,71.10,60,6579,469264.00,
532187,INDUSIND BNK,A ,Q,43.50,43.80,43.10,43.45,43.45,43.10,540,115778,5035869.00,
530703,INFO-DRIVE S,Z ,Q,6.40,6.40,6.40,6.40,6.40,6.20,1,200,1280.00,
504810,INFORMEDTEC ,Z ,Q,12.25,12.25,12.25,12.25,12.25,12.85,3,300,3675.00,
500209,INFOSYS TECH,A ,Q,1807.00,1815.70,1801.30,1811.00,1811.00,1808.80,3651,77587,140410362.00,
532175,INFOTECH EN.,B1,Q,210.00,210.00,200.25,202.10,202.10,205.35,489,23527,4803544.00,
530643,INFOTREK SYS,B ,Q,21.60,22.40,20.50,20.60,20.60,21.56,21,2401,51670.00,
532659,INFRA DEVFIN,A ,Q,60.25,61.30,59.40,59.80,59.80,60.00,1302,306025,18406365.00,
530777,INFRA INDUS.,B ,Q,6.80,6.80,6.80,6.80,6.80,7.55,3,449,3053.00,
531807,ING VYSYA BN,A ,Q,136.00,142.05,136.00,140.55,140.55,135.45,1250,92653,13051384.00,
500210,INGERSOLL   ,A ,Q,264.20,271.75,264.20,265.75,265.75,265.40,64,2030,542940.00,
531929,INNOSOFT TEC,B ,Q,14.70,15.00,14.62,14.62,14.62,15.00,9,2735,40711.00,
519210,INNOV.MARINE,B ,Q,2.25,2.32,2.07,2.30,2.30,2.11,10,1758,3864.00,
532706,INOX LEISURE,B1,Q,156.00,161.90,155.50,159.60,159.60,154.55,4256,299887,47859784.00,
500211,INSILCO LTD.,B1,Q,15.10,15.80,15.10,15.25,15.25,15.48,88,15346,235651.00,
509709,INT.CONVEYOR,B ,Q,109.00,109.00,105.00,105.25,105.00,107.70,27,2250,238538.00,
500212,INTEG.FIN.SE,B ,Q,22.40,24.60,22.40,24.60,24.60,23.55,12,2301,51544.00,
511031,INTEG.FINANC,B ,Q,9.10,9.50,8.55,8.55,8.55,9.08,33,9600,86352.00,
517250,INTEGRA.HIND,B ,Q,219.45,226.60,216.10,226.60,226.60,215.85,48,2839,638145.00,
532303,INTEGRA.HITE,B ,Q,1.38,1.45,1.38,1.43,1.43,1.50,21,2550,3636.00,
531777,INTELVISIONS,S ,Q,58.80,60.95,57.60,59.35,58.75,58.00,37,6460,378652.00,
531663,INTENSIV AIR,B ,Q,2.99,2.99,2.99,2.99,2.99,2.89,1,1,2.00,
532072,INTER DIGI  ,S ,Q,1.57,1.57,1.47,1.48,1.48,1.60,16,6946,10590.00,
526859,INTER ST.FIN,B ,Q,0.40,0.40,0.40,0.40,0.40,0.37,1,50,20.00,
530259,INTER ST.OIL,B ,Q,7.00,7.50,6.75,6.75,6.75,7.00,13,7551,53796.00,
505737,INTER.COMBUS,B ,Q,294.20,302.00,294.20,300.70,301.75,296.40,33,1746,522263.00,
530193,INTER.DIAMON,B ,Q,5.44,6.00,5.44,6.00,6.00,5.72,2,20,114.00,
500213,INTER.TRAVEL,S ,Q,158.45,158.50,155.15,156.35,156.35,156.45,73,5868,918898.00,
530519,INTERFACE FN,B ,Q,1.73,1.73,1.73,1.73,1.73,1.65,39,41311,71468.00,
531289,INTERFIT TEC,T ,Q,5.29,5.29,5.00,5.00,5.00,5.05,3,300,1558.00,
526512,INTERLINK PE,Z ,Q,5.01,5.05,5.01,5.02,5.02,5.25,4,700,3521.00,
526185,INTL HOMETEX,S ,Q,9.65,10.20,9.65,9.80,9.80,9.71,30,9304,92046.00,
531959,INTRA INFOTE,S ,Q,5.76,5.76,5.65,5.65,5.65,5.24,3,61,344.00,
504786,INVEST &PREC,B ,Q,266.15,273.25,266.15,270.05,269.50,266.05,36,843,228001.00,
531398,INVINEX LAB.,B ,Q,8.08,8.65,8.08,8.22,8.20,8.50,29,11000,92370.00,
512185,IOLBROADBAND,B ,Q,88.70,88.70,87.05,87.75,87.90,87.95,157,83659,7331429.00,
500214,ION EXCHANGE,S ,Q,83.00,87.80,81.30,85.90,85.90,83.80,128,20065,1704247.00,
523638,IP RINGS LTD,S ,Q,119.90,120.00,115.45,116.25,116.40,115.70,39,2468,288509.00,
524494,IPCA LAB.LTD,A ,Q,391.00,395.10,388.30,390.65,390.65,387.95,240,7681,3012098.00,
500105,IPCL        ,A ,Q,293.90,303.25,290.00,300.75,300.75,291.00,10394,1533293,455035867.00,
532421,IQ INFOTECH ,B ,Q,7.85,7.89,7.70,7.75,7.75,7.72,31,4691,36526.00,
532379,IQMS SOFT.  ,B ,Q,0.36,0.38,0.36,0.37,0.37,0.37,32,91990,34785.00,
524400,ISHITA DRUGS,B ,Q,9.20,9.22,8.30,9.22,9.22,8.39,52,33266,304903.00,
513361,ISI BARS    ,B1,Q,5.45,5.50,5.15,5.20,5.20,5.18,21,4850,25708.00,
532479,ISMT LTD    ,B1,Q,86.50,86.80,83.50,86.05,86.05,86.45,458,75386,6435815.00,
500305,ISPAT INDS. ,A ,Q,11.65,12.00,11.65,11.85,11.85,11.92,874,176146,2097199.00,
700109,ISPAT PR SH ,B ,P,1.74,1.89,1.74,1.84,1.84,1.85,86,28376,51872.00,
508807,IST LTD.    ,B ,Q,66.25,66.25,64.20,65.70,66.00,66.00,6,220,14509.00,
532342,IT PEOPLE   ,S ,Q,9.30,9.85,9.10,9.30,9.30,9.19,45,10725,100992.00,
500875,ITC LTD.    ,A ,Q,191.50,192.95,188.60,189.60,189.60,191.25,10407,1138898,217372578.00,
509496,ITDCEM      ,B1,Q,549.40,549.40,525.00,530.65,530.25,529.95,88,2251,1204192.00,
523610,ITI LTD.    ,B1,Q,46.00,46.35,45.00,45.35,45.35,45.75,768,103211,4721135.00,
522183,ITL INDUSTRS,S ,Q,25.30,25.90,25.20,25.60,25.60,25.60,22,2600,66766.00,
507580,IVP LTD     ,B1,Q,25.25,26.25,25.25,26.05,26.00,25.60,20,1596,41576.00,
530773,IVRCL INFRAS,B1,Q,231.00,233.05,229.10,231.70,231.70,230.20,2602,645159,148726169.00,
532209,J & K BANK  ,A ,Q,425.00,444.00,425.00,439.25,439.25,427.55,154,4329,1891435.00,
506943,J.B.CHEMICAL,A ,Q,92.00,94.00,91.30,92.95,92.95,91.90,275,16158,1499839.00,
530049,J.J.EXPORTER,B1,Q,63.05,63.15,61.40,61.65,62.30,62.40,32,2186,134965.00,
532518,J.K.AGRI GEN,S ,Q,227.10,235.00,227.10,233.90,235.00,231.75,21,1915,444362.00,
500231,J.K.DAIRY &F,B ,Q,4.50,4.50,4.25,4.34,4.34,4.46,8,2061,8939.00,
530007,J.K.INDUSTRI,B1,Q,114.70,115.00,111.50,114.15,114.15,112.90,427,35826,4065835.00,
506515,J.K.INVESTO ,B ,Q,91.35,91.35,91.00,91.00,91.00,92.10,2,100,9121.00,
500218,J.K.PHARMA  ,B ,Q,1.71,1.87,1.71,1.78,1.77,1.79,110,92477,166833.00,
530711,JAGAN LAMPS ,B ,Q,5.30,5.97,5.25,5.30,5.30,5.49,8,1880,9983.00,
507155,JAGATJIT IND,T ,Q,64.00,66.60,64.00,66.10,66.10,65.00,26,3610,236497.00,
532705,JAGRAN PRAK ,B1,Q,290.65,294.85,286.30,288.25,288.25,290.65,710,23128,6725176.00,
520139,JAGSON AIRLI,B ,Q,22.00,22.50,21.50,21.95,21.95,21.90,91,12910,280641.00,
507789,JAGSON PHAR ,B1,Q,22.30,22.70,22.00,22.15,22.00,22.45,33,4421,98280.00,
512237,JAI CORP LTD,T ,Q,282.00,289.00,276.10,277.50,277.50,281.00,12,961,270139.00,
520071,JAI PAR.SPRG,B ,Q,39.85,39.85,39.15,39.40,39.20,39.95,24,6800,267205.00,
531339,JAIHIND PROJ,Z ,Q,24.85,24.85,22.70,22.70,22.70,23.70,7,1200,27805.00,
500219,JAIN IRRIG  ,B1,Q,250.10,261.00,248.00,257.45,257.45,251.10,801,320738,80693726.00,
532033,JAIN STUDIOS,B1,Q,18.00,18.25,17.80,17.95,17.85,17.75,98,16251,292540.00,
526865,JAINCO PROJ.,B ,Q,2.30,2.30,2.27,2.27,2.27,2.45,3,600,1368.00,
505840,JAIPAN INDUS,T ,Q,0.92,0.96,0.92,0.92,0.92,0.96,21,88990,83445.00,
532532,JAIPRA      ,A ,Q,433.70,433.70,419.00,427.10,427.10,431.45,1766,114144,48695042.00,
523230,JALPAC INDIA,B ,Q,4.90,5.00,4.80,4.81,4.81,5.00,12,4613,22603.00,
502901,JAMSHRI RANJ,S ,Q,19.20,19.20,19.10,19.10,19.10,19.00,4,275,5272.00,
500220,JASCH INDUST,B ,Q,7.65,7.70,7.63,7.65,7.65,8.00,6,1650,12635.00,
531794,JAVELINTECH ,B ,Q,32.00,32.00,32.00,32.00,32.00,32.15,1,500,16000.00,
514312,JAY HIND SYN,T ,Q,2.61,2.65,2.61,2.63,2.65,2.61,14,4675,12239.00,
513252,JAY USHIN   ,B ,Q,68.00,69.65,65.00,69.50,69.50,68.35,7,707,48688.00,
524330,JAYANT AGRO ,B1,Q,51.60,52.50,51.00,51.30,51.30,52.15,55,7689,396265.00,
522285,JAYASWAL NEC,B ,Q,14.60,15.20,14.07,14.60,14.60,14.70,64,46733,687261.00,
501311,JAYBH.CREDIT,S ,Q,14.05,14.20,14.00,14.00,14.00,14.00,9,5700,79825.00,
520066,JAYBH.MARUTI,B1,Q,112.00,113.75,108.20,109.15,109.15,111.40,261,14554,1603545.00,
512233,JAYBHARA TEX,B ,Q,154.50,157.25,154.50,157.15,155.10,157.50,48,5280,828395.00,
590027,JAYPEE HO(PS,B1,Q,71.50,72.25,70.00,71.90,72.25,71.60,51,4672,335009.00,
509715,JAYSHREE TEA,B1,Q,126.10,134.50,126.10,134.50,134.50,128.10,927,73336,9745037.00,
506520,JAYSHRI CHEM,B ,Q,21.75,22.40,21.30,21.60,21.60,21.80,13,2450,52677.00,
506910,JAYSN DYEST ,T ,Q,8.00,8.40,8.00,8.15,8.15,8.00,7,1500,12240.00,
514034,JBF IND.LTD ,B1,Q,89.15,94.00,89.15,92.45,92.45,89.95,931,119243,11061354.00,
532605,JBM AUTO    ,B ,Q,107.00,107.50,101.15,106.00,106.00,106.00,23,923,97828.00,
500222,JCT ELECTRON,B ,Q,3.51,3.71,3.51,3.53,3.53,3.66,22,7138,25517.00,
500223,JCT LTD     ,B1,Q,8.09,8.11,7.80,7.87,7.87,7.94,358,130610,1035205.00,
524592,JD ORGOCHEM ,B ,Q,3.86,4.05,3.86,4.05,4.05,4.05,8,3500,13695.00,
524731,JENBURKT PH.,B ,Q,27.30,27.75,27.25,27.35,27.25,27.50,19,2425,66512.00,
523592,JENSON &NICH,B1,Q,4.60,4.60,4.47,4.54,4.55,4.70,60,25594,115994.00,
532617,JETAIRWAYS  ,A ,Q,538.95,542.00,529.00,538.20,538.20,536.45,2482,74700,40068583.00,
517063,JETINFOTRAN ,B ,Q,162.00,165.70,162.00,162.85,162.85,163.75,25,1136,185041.00,
590054,JEYPORESUGAR,S ,Q,390.00,396.85,388.55,393.40,396.00,382.25,55,1485,583315.00,
504920,JHAGAD COP  ,B ,Q,14.05,14.68,14.05,14.35,14.35,13.97,504,273898,3939556.00,
519248,JHUN.VANS.  ,B ,Q,44.90,44.90,43.80,43.80,43.80,44.20,54,5630,248437.00,
511618,JIK INDUS.  ,B1,Q,1.10,1.12,1.05,1.07,1.07,1.07,35,48829,53661.00,
530405,JINDAL CAP. ,B ,Q,5.17,5.17,4.28,4.50,4.50,4.70,15,2514,11498.00,
511034,JINDAL DRILL,B1,Q,298.55,308.90,298.55,302.60,302.60,298.00,81,5118,1554442.00,
507981,JINDAL HOTL ,B ,Q,30.30,30.90,29.65,29.95,30.00,30.85,29,2429,73138.00,
531960,JINDAL ONLIN,B ,Q,0.71,0.75,0.71,0.75,0.75,0.74,14,33271,24026.00,
500226,JINDAL PHOTO,B1,Q,35.90,36.25,33.95,34.60,34.60,35.40,1047,150065,5265029.00,
500227,JINDAL POLYF,B1,Q,138.05,141.00,137.05,138.05,137.05,139.75,68,2298,319837.00,
500378,JINDAL SAW  ,A ,Q,293.50,304.00,292.00,299.90,299.90,292.75,441,40184,11908373.00,
532642,JINDAL SOUTH,B1,Q,170.00,174.90,170.00,170.65,170.65,169.00,49,1766,303285.00,
532508,JINDAL STAIN,A ,Q,97.00,98.90,96.00,97.45,97.45,97.00,358,24573,2398110.00,
532286,JINDAL STE  ,A ,Q,1479.00,1529.90,1479.00,1496.60,1496.60,1483.40,101,2690,4034273.00,
531543,JINDAL WORLD,B ,Q,90.75,93.90,89.00,92.10,92.10,92.65,19,4417,407084.00,
532624,JINDALPH    ,B1,Q,113.10,114.55,111.05,112.70,112.70,111.75,134,5381,604930.00,
532644,JK CEMENT   ,B1,Q,168.50,173.90,168.00,172.80,172.80,169.60,427,32376,5543015.00,
500380,JK LAKSHMI  ,B1,Q,149.45,150.85,146.00,147.75,147.75,148.65,1969,146160,21661659.00,
532162,JK PAPER    ,B ,Q,48.45,49.40,47.75,48.85,48.85,47.80,235,15528,757044.00,
532519,JK SUGAR LTD,S ,Q,51.10,53.45,51.00,52.00,52.00,51.15,106,21465,1123444.00,
500306,JK SYNTHETIC,B1,Q,4.00,4.09,3.90,3.95,3.91,3.99,98,45096,178375.00,
506522,JL MORISON  ,B1,Q,264.00,264.00,251.05,254.55,254.55,253.60,60,1372,353226.00,
523405,JM FINANCIAL,S ,Q,749.70,779.00,745.00,756.70,756.70,743.75,317,18479,14027020.00,
520026,JMA INDUS.  ,B ,Q,64.80,64.80,52.50,52.65,52.65,54.00,10,1227,65367.00,
522263,JMC PROJECTS,S ,Q,123.00,124.50,122.10,123.00,123.00,124.00,116,10982,1352676.00,
961658,JMCPROWARR  ,B ,B,13.90,13.90,13.75,13.75,13.75,13.89,2,700,9655.00,
511092,JMD TELEFILM,Z ,Q,6.94,6.94,6.94,6.94,6.94,6.61,1,100,694.00,
513691,JMT AUTO LTD,B ,Q,112.00,113.00,106.00,110.80,112.00,116.00,34,3959,435306.00,
507942,JOG ENG. LTD,TS,Q,18.80,18.80,18.65,18.65,18.65,19.60,48,9036,168536.00,
531861,JOINDRE CAPI,B ,Q,11.00,11.70,10.50,11.40,10.87,10.74,25,5212,57302.00,
502335,JOLLY BOARDS,B ,Q,960.00,1045.00,960.00,1037.90,1045.00,997.20,4,39,40245.00,
505750,JOSTS ENG.  ,T ,Q,381.00,381.00,381.00,381.00,381.00,385.00,3,15,5715.00,
532627,JP HYDROPOW ,B1,Q,26.10,28.80,26.00,28.00,28.00,26.00,1870,1334750,36957592.00,
530985,JPT SECUR.  ,B ,Q,4.00,4.00,4.00,4.00,4.00,4.00,1,500,2000.00,
532745,JRG SECUR   ,B1,Q,33.00,33.00,31.15,31.80,31.55,32.25,68,4475,143846.00,
500228,JSWSL       ,A ,Q,279.90,279.95,274.25,276.40,276.40,275.10,1156,122402,33788523.00,
530019,JUBILANT ORG,B1,Q,206.00,207.85,205.00,206.25,207.05,205.60,61,9327,1925768.00,
516078,JUMBO BAG   ,S ,Q,17.05,18.50,17.05,17.35,17.35,17.55,30,5441,96474.00,
524826,JUPITER BIOS,S ,Q,115.50,116.50,114.05,114.85,114.85,114.65,544,47333,5450424.00,
531115,JYOTI COSMET,B ,Q,0.61,0.61,0.61,0.61,0.61,0.64,2,1000,610.00,
504076,JYOTI LTD.  ,S ,Q,90.00,91.20,89.50,89.85,89.95,90.20,43,3586,322368.00,
523876,JYOTI OVER. ,T ,Q,1.81,1.81,1.81,1.81,1.81,1.90,3,800,1448.00,
514448,JYOTI RESINS,B ,Q,1.34,1.34,1.20,1.20,1.20,1.33,10,4901,6252.00,
513250,JYOTI STRUCT,B1,Q,89.95,91.00,88.50,89.05,89.05,89.65,417,374861,33403574.00,
530395,K DHANDAPANI,S ,Q,25.45,25.45,24.30,24.95,24.95,24.95,15,3951,99092.00,
532081,K SERA SERA ,S ,Q,24.30,25.10,23.50,24.60,24.60,24.40,489,620428,14731664.00,
532047,K.C.BOKADIA ,B ,Q,0.85,0.91,0.85,0.91,0.91,0.89,15,14077,12302.00,
526209,K.S.OILS LTD,S ,Q,232.50,244.90,227.30,241.15,241.15,231.00,1893,352652,83459530.00,
524109,KABRA EXTR  ,B1,Q,96.00,97.40,94.75,95.85,95.85,95.55,79,2601,249989.00,
530955,KAILASH FICO,T ,Q,15.30,15.30,14.50,15.15,15.15,14.73,45,60081,915294.00,
504840,KAIRA CAN CO,B ,Q,199.00,199.00,199.00,199.00,199.00,192.00,1,20,3980.00,
500233,KAJARIA CER.,B1,Q,52.85,53.50,52.10,52.70,52.70,52.85,50,8520,451677.00,
500234,KAKATIYA CEM,B1,Q,120.40,121.00,115.00,117.15,116.95,116.65,179,13386,1576821.00,
532268,KALE CONSUL.,B1,Q,99.50,101.25,99.00,99.20,99.20,100.65,73,9505,951128.00,
522259,KALINDEE RAI,S ,Q,143.00,147.00,140.60,144.60,145.10,142.05,353,26642,3843752.00,
530201,KALLAM SPG. ,S ,Q,21.15,21.85,21.15,21.35,21.35,21.90,40,5613,120540.00,
522287,KALPA.POWER ,B1,Q,780.00,780.00,760.50,764.45,764.45,777.10,518,40660,31069282.00,
526409,KALPANA IND.,S ,Q,37.70,38.15,36.30,37.70,38.15,36.35,36,13186,491508.00,
513509,KALYANI FORG,S ,Q,334.00,345.00,330.00,339.85,344.95,344.80,24,1250,418418.00,
500235,KALYANI STEL,B1,Q,257.00,269.00,256.00,265.70,265.70,260.45,1259,59623,15727770.00,
514322,KAMADGIRI SY,S ,Q,13.61,14.64,13.61,14.62,14.62,13.95,9,369,5378.00,
511131,KAMANWALA IN,B ,Q,54.50,54.50,50.85,50.85,50.85,54.30,16,3175,171978.00,
526668,KAMAT HOTELS,B ,Q,162.15,168.00,162.15,166.95,165.00,164.10,39,1752,290434.00,
532741,KAMDHENU    ,B1,Q,32.00,32.25,31.35,31.80,31.80,32.05,87,7467,237823.00,
532054,KAMLA DIALS ,S ,Q,42.30,44.20,42.30,42.45,42.95,44.50,22,1613,68651.00,
530165,KANCHAN INT.,B ,Q,26.35,29.40,26.35,29.40,29.40,28.55,2,4000,111500.00,
521242,KANDAGIRI SP,S ,Q,96.50,96.50,93.25,93.85,93.85,93.25,38,2041,192454.00,
532367,KANIKA INFO.,B ,Q,0.48,0.51,0.48,0.49,0.49,0.50,16,17600,8572.00,
513456,KANISHK ST. ,B ,Q,40.00,42.50,40.00,42.25,42.00,42.60,34,27409,1156852.00,
516020,KANOI PAPER ,S ,Q,13.30,15.90,13.20,14.80,14.80,13.34,39,4350,63238.00,
506525,KANORIA CHEM,B1,Q,85.25,86.00,82.00,83.55,82.00,84.50,29,1510,127529.00,
507779,KANPUR PLAST,S ,Q,13.20,13.24,13.20,13.24,13.24,13.20,7,900,11899.00,
590053,KAR MOBILES ,S ,Q,240.00,245.00,240.00,245.00,245.00,235.00,4,42,10135.00,
526115,KARAN WOO-SN,B ,Q,3.35,3.86,3.31,3.85,3.86,3.65,6,1650,5579.00,
532652,KARNATAKA BK,B1,Q,110.00,113.00,110.00,110.25,110.25,110.75,482,39546,4384412.00,
531904,KARUNA CABLE,S ,Q,9.14,9.25,8.72,9.18,9.24,9.14,61,220280,1954569.00,
531363,KARUR KCP PK,B ,Q,58.50,60.00,56.80,58.85,58.85,57.65,73,31575,1862863.00,
590003,KARUR VY(PS ,B1,Q,275.00,277.00,273.40,276.25,276.00,274.10,63,1569,431964.00,
531687,KARUTURI.COM,B ,Q,121.50,130.20,118.75,129.80,130.20,124.00,1279,127321,16012964.00,
532283,KASHYAP TECH,B1,Q,1.42,1.42,1.30,1.30,1.30,1.36,93,412709,536522.00,
502933,KATARE SPG. ,Z ,Q,13.65,13.65,12.36,12.36,12.36,13.00,4,1000,13136.00,
530977,KATWA UDYOG ,B ,Q,10.00,10.29,10.00,10.25,10.25,10.00,23,3795,38361.00,
590041,KAVERI TELE ,S ,Q,55.00,56.00,52.50,53.25,53.25,54.95,155,15997,862567.00,
504084,KAYCEE IND  ,B ,Q,1459.00,1459.00,1450.00,1450.00,1450.00,1420.00,2,6,8709.00,
532291,KDL BIOTECH ,B1,Q,15.60,15.85,15.15,15.40,15.75,15.64,23,3450,53210.00,
504807,KEC INFRA   ,B1,Q,23.50,23.65,22.90,23.10,23.10,23.45,177,56137,1309482.00,
532714,KEC INTERN  ,B1,Q,263.00,264.00,254.00,255.35,255.35,258.95,200,5580,1439528.00,
524701,KEDIA CHEM. ,Z ,Q,1.26,1.26,1.26,1.26,1.26,1.30,4,725,913.00,
531976,KEDIA INFOTE,B ,Q,0.74,0.80,0.74,0.75,0.75,0.76,31,37618,29388.00,
517569,KEI INDUST. ,B ,Q,299.50,312.80,295.10,302.00,302.00,299.15,2755,308707,94152102.00,
506528,KELTECH EN. ,B ,Q,123.70,123.70,120.00,120.00,120.00,120.00,22,851,103310.00,
506530,KEMP & CO.  ,B ,Q,258.80,258.80,242.45,242.45,242.45,255.00,3,35,8894.00,
526015,KEMROCK IND.,B ,Q,230.40,243.00,227.15,237.35,237.35,225.95,618,39567,9419697.00,
505890,KENNAMETAL  ,S ,Q,343.25,357.00,343.25,350.30,352.00,358.55,26,365,127399.00,
530163,KERALA AYURV,T ,Q,56.00,57.95,53.30,53.70,54.50,55.85,46,6083,333489.00,
506532,KERALA CHEM.,S ,Q,38.85,38.85,38.00,38.00,38.00,37.75,6,310,11826.00,
532686,KERNEX MICRO,T ,Q,176.80,176.80,168.10,168.95,168.95,173.60,296,46472,7902771.00,
507180,KESAR ENT.  ,S ,Q,101.15,108.75,101.15,103.30,103.30,103.65,209,14203,1472141.00,
524174,KESAR PETRO ,B ,Q,0.75,0.81,0.75,0.79,0.79,0.78,26,27052,21411.00,
502937,KESORAM IND ,B1,Q,381.80,394.75,376.00,390.75,390.75,379.25,1036,35772,13815070.00,
532732,KEWAL KIRAN ,B1,Q,189.00,191.00,185.10,186.50,186.50,188.20,153,5601,1051898.00,
512597,KEYNOTE CORP,B ,Q,23.05,23.25,23.05,23.25,23.25,24.10,4,400,9260.00,
500239,KG DENIM    ,B1,Q,22.00,22.25,21.45,21.80,21.80,21.85,72,8290,181209.00,
507794,KHAITAN CHEM,B ,Q,67.95,68.90,66.00,66.80,68.00,65.55,46,4113,278281.00,
504269,KHAITAN ELEC,B ,Q,122.00,124.20,120.00,120.70,120.00,120.65,131,5976,726785.00,
531892,KHANDWALA SE,B ,Q,25.55,25.55,25.00,25.20,25.20,25.20,11,263,6612.00,
507435,KHOD.INDIA  ,S ,Q,41.80,43.00,41.75,42.30,43.00,42.70,22,2170,91201.00,
531692,KHYATI MULTI,B ,Q,0.27,0.27,0.23,0.25,0.24,0.25,55,224627,56252.00,
513693,KIC METALIKS,B ,Q,44.80,45.00,44.00,44.45,44.50,44.35,32,3925,174785.00,
507946,KIDUJA IND. ,T ,Q,55.00,55.00,55.00,55.00,55.00,52.40,11,1370,75350.00,
524699,KILBURN CHEM,S ,Q,49.50,49.75,49.50,49.65,49.60,50.25,13,2100,104240.00,
522101,KILBURN ENGG,B ,Q,38.50,39.60,37.85,39.60,39.60,37.75,65,15496,608632.00,
523218,KILBURN OFFI,B ,Q,6.49,6.49,6.49,6.49,6.49,6.19,6,1151,7469.00,
524500,KILITCH DRUG,B ,Q,27.40,27.40,25.90,27.00,27.00,27.10,33,12320,326629.00,
501316,KILLICK NIXO,S ,Q,14.30,14.57,13.50,14.11,14.00,13.99,22,3185,45408.00,
500240,KINETIC ENG.,B1,Q,145.60,145.60,138.10,140.40,140.40,142.35,25,862,120813.00,
505190,KINETIC MOTO,B1,Q,43.40,44.00,43.20,43.80,44.00,43.75,6,1000,43710.00,
531413,KIRAN PRINT ,B ,Q,3.64,3.64,3.64,3.64,3.64,4.03,1,30,109.00,
500241,KIRL.BROS.  ,S ,Q,373.95,383.50,368.00,380.30,380.30,370.35,211,30647,11378080.00,
500245,KIRL.FERROUS,B1,Q,40.00,40.00,37.85,38.05,38.05,37.85,215,29535,1131085.00,
500243,KIRL.OIL ENG,B1,Q,207.80,214.50,207.50,212.35,212.90,206.70,296,12748,2704927.00,
505283,KIRLOSAR PN ,B1,Q,286.05,292.50,286.00,290.25,290.10,290.70,50,2052,595309.00,
590052,KIRLOSKAR EL,S ,Q,83.00,84.90,82.35,83.50,83.50,83.50,518,44217,3694195.00,
532092,KIRTI FINVES,T ,Q,0.40,0.41,0.39,0.39,0.39,0.40,10,18100,7229.00,
530145,KISAN MOULD.,S ,Q,33.20,34.60,33.00,33.65,33.00,33.15,12,1235,41472.00,
521248,KITEX GARMEN,B ,Q,8.80,8.99,8.80,8.86,8.94,8.61,33,14570,129812.00,
530235,KJMC FIN.   ,B ,Q,10.81,11.80,10.81,11.76,11.75,12.00,6,225,2538.00,
532304,KJMC GLOBAL ,B ,Q,10.95,11.00,10.95,11.00,11.00,11.25,2,100,1097.00,
531269,KLG SYSTEL  ,B1,Q,179.00,183.00,177.10,178.35,178.35,178.85,450,27301,4907111.00,XD
532673,KM SUGARMILL,B1,Q,44.05,47.20,43.80,46.65,46.65,44.80,993,108103,4988212.00,
500873,KOCHI REFINE,A ,Q,159.00,161.50,158.00,160.75,160.75,158.85,314,17621,2818034.00,
531602,KOFF BR PICT,Z ,Q,6.10,6.26,5.68,5.68,5.68,5.97,17,14835,86316.00,
531366,KOHINOOR BRO,B ,Q,6.20,6.20,5.30,5.44,5.49,5.56,64,14768,82139.00,
532536,KOJAM FINVES,T ,Q,165.00,165.00,160.30,160.30,160.30,168.70,59,6345,1019616.00,
514128,KONARK SYN. ,B ,Q,60.10,60.20,58.00,60.00,60.00,61.05,25,3061,182356.00,
912156,KONKAN RAIL-,F ,D,916.00,1020.00,916.00,1018.50,1018.50,1035.00,8,900,870800.00,
526379,KONKAN TYRES,Z ,Q,2.71,2.71,2.71,2.71,2.71,2.59,4,1100,2981.00,
524280,KOPRAN LTD. ,B1,Q,45.15,45.80,44.35,44.60,44.60,45.35,166,18744,842175.00,
511760,KOSIAN INDUS,B ,Q,8.71,8.71,8.01,8.26,8.01,8.20,17,3650,30091.00,
500247,KOTAK MAH.BK,A ,Q,312.00,313.95,309.00,311.10,311.10,314.15,704,33062,10307635.00,
531373,KOTAWALA (I),B ,Q,24.30,24.95,24.00,24.30,24.30,23.65,33,12150,295375.00,
507474,KOTHARI FERM,B ,Q,13.00,13.10,13.00,13.00,13.00,13.29,13,3050,39760.00,
530299,KOTHARI PROD,B1,Q,498.45,505.00,491.10,493.10,495.00,494.20,18,595,296294.00,
523323,KOVAI MEDI. ,B1,Q,45.55,47.00,45.50,46.70,46.90,46.05,27,2664,122633.00,
507598,KOVIL.L.MILL,B ,Q,73.00,77.00,73.00,75.75,75.05,71.75,43,2853,214331.00,
532400,KPIT INFOSYS,B1,Q,365.00,365.00,358.35,364.40,359.30,365.00,50,10880,3960197.00,
530813,KRBL LTD.   ,B1,Q,123.90,125.90,121.20,123.70,123.70,122.10,463,39124,4853872.00,
524518,KREBS BIOCHM,S ,Q,84.05,84.05,78.10,78.95,79.85,78.25,42,2151,172706.00,
960800,KRIBHAJALA02,F ,B,4800.00,4800.00,4800.00,4800.00,4800.00,5400.00,1,1,4800.00,
500248,KRISH.FILAM.,B ,Q,5.15,5.56,5.15,5.54,5.20,5.30,10,2150,11799.00,
514221,KRISHNA LIFE,T ,Q,1.09,1.16,1.07,1.13,1.08,1.12,91,175500,193330.00,
526423,KRITI INDUS.,S ,Q,29.10,30.00,29.00,29.65,30.00,29.05,6,420,12393.00,
523411,KRONE COMM  ,S ,Q,149.00,150.90,147.60,148.35,149.00,149.55,160,7810,1161534.00,
523550,KRYPTON IND ,B ,Q,26.50,26.50,26.05,26.45,26.45,26.20,19,4830,127513.00,
500249,KSB PUMPS   ,B1,Q,518.90,518.90,510.00,511.30,510.00,513.05,27,412,211414.00,
519421,KSE LIMITED ,S ,Q,190.75,190.80,186.50,187.00,186.50,187.00,7,301,56901.00,
530149,KSL & IND.  ,S ,Q,88.00,88.00,81.50,83.90,84.00,82.40,118,33966,2816126.00,
517471,KTL INDS    ,B ,Q,0.37,0.37,0.34,0.35,0.37,0.36,13,15002,5430.00,
505299,KULK-POWER  ,B ,Q,95.00,97.30,95.00,96.65,96.00,98.15,31,1860,180182.00,
523594,KUNSTSTOFFE ,T ,Q,0.76,0.82,0.76,0.82,0.82,0.79,3,350,278.00,
531261,KUSHAGRA SOF,B ,Q,1.12,1.28,1.11,1.27,1.28,1.21,28,12301,14821.00,
531882,KWALITY DAIR,B ,Q,15.20,15.40,15.00,15.00,15.00,15.35,13,2250,34022.00,
500250,L.G.BALKRISH,B1,Q,27.00,27.90,27.00,27.55,27.55,27.85,38,3885,107156.00,
524522,LAFFANS PETR,S ,Q,22.20,22.90,22.20,22.60,22.60,22.70,31,7550,169775.00,
531842,LAHOTI OVER.,S ,Q,6.13,6.17,6.12,6.16,6.17,6.12,9,2800,17203.00,
531085,LAKHANI INDI,S ,Q,35.00,35.00,34.10,34.10,34.10,35.15,8,592,20332.00,
526049,LAKHMI COT  ,B ,Q,88.90,88.90,80.25,81.60,81.00,83.35,163,19796,1650636.00,
504258,LAKSHMI ELEC,B1,Q,278.00,282.80,267.05,270.80,270.80,276.15,125,3982,1090744.00,
500252,LAKSHMI MACH,B1,Q,19236.00,21158.55,19100.00,21118.50,21158.55,19235.05,396,1220,25043445.00,
502958,LAKSHMI MILL,S ,Q,1330.00,1350.00,1290.00,1330.35,1350.00,1333.00,77,597,783157.00,
519570,LAKSHMI OVER,B ,Q,875.00,890.00,870.20,875.00,875.00,890.15,44,2660,2341962.00,
506079,LAKSHMI PREC,B ,Q,51.25,52.95,51.25,52.00,52.00,52.00,15,3164,165539.00,
532368,LANCO GLOBAL,B ,Q,42.30,42.30,37.10,37.85,38.35,38.55,23,901,33574.00,
513605,LANCO INDUS.,B1,Q,37.50,38.45,36.70,36.90,37.00,37.10,76,9391,348981.00,
509048,LANCOR HOLDS,B ,Q,112.30,117.95,112.00,117.95,117.95,115.50,16,315,35943.00,
532275,LANDMARC LEI,B1,Q,0.74,0.77,0.71,0.72,0.72,0.74,30,49880,36563.00,
506222,LANXESS ABS ,B1,Q,145.00,145.75,143.00,144.60,145.00,143.00,138,8630,1242929.00,
526947,LA-OPALA RG ,B ,Q,97.50,99.00,96.00,96.65,96.95,95.50,26,1392,135026.00,
500510,LARSEN & TOU,A ,Q,2426.00,2437.90,2395.25,2428.05,2428.05,2401.05,4614,95202,230270616.00,
508306,LEDO TEA CO ,B ,Q,47.15,53.60,47.15,51.05,51.05,49.40,123,8048,418465.00,
517415,LEE&NEE SOFT,B ,Q,1.73,1.94,1.73,1.80,1.80,1.90,13,7500,13716.00,
530273,LIBERTY PHOS,B ,Q,22.50,22.50,20.95,21.90,21.80,22.30,17,2211,48341.00,
526596,LIBERTY SHOE,B1,Q,147.90,153.00,145.00,147.75,147.75,148.25,366,17387,2603603.00,
511593,LIBORD INFO.,B ,Q,1.52,1.55,1.52,1.55,1.55,1.76,2,500,763.00,
531027,LIBORDS SEC.,B ,Q,2.50,2.50,2.50,2.50,2.50,2.75,1,200,500.00,
500253,LIC HOUS.FIN,A ,Q,165.75,167.25,163.20,164.50,164.50,164.25,2158,149515,24789980.00,
514446,LIFESTYLE FA,Z ,Q,3.70,3.70,3.70,3.70,3.70,3.69,1,1500,5550.00,
507759,LIME CHEM.  ,B ,Q,23.00,23.00,22.75,23.00,23.00,23.20,5,1500,34487.00,
531241,LINC PEN &PL,TS,Q,42.80,42.95,41.50,42.25,42.25,41.20,29,4785,200563.00,
531633,LINCOLN PHAR,B ,Q,8.00,8.15,7.75,7.92,7.92,7.82,116,65194,518409.00,
524103,LINEAR POLY ,B ,Q,4.27,4.27,4.26,4.26,4.26,4.72,2,200,853.00,
524748,LINK PHARMA ,B ,Q,6.98,6.98,6.67,6.71,6.97,7.40,19,4433,30268.00,
512349,LINKHOUSE IN,B ,Q,26.70,27.00,26.50,27.00,27.00,26.90,39,111500,2992100.00,
526604,LIPPI SYSTEM,S ,Q,5.60,5.83,5.39,5.55,5.54,5.38,41,34116,193789.00,
509011,LIVINGROOM L,B ,Q,30.00,30.00,23.10,23.50,29.00,28.00,9,166,3925.00,
507912,LKP MER.FIN.,B ,Q,87.00,93.00,86.45,91.90,91.90,87.50,184,45971,4148595.00,
517518,LLOYD ELECT.,B ,Q,139.95,140.00,136.00,136.75,136.75,137.70,92,10700,1474139.00,
512455,LLOYD METAL ,B ,Q,28.40,28.50,28.00,28.35,28.50,27.75,25,2885,81689.00,
500254,LLOYD STEEL ,B1,Q,9.15,9.50,8.66,9.40,9.40,9.11,654,335813,3097764.00,
507870,LLOYDS FIN. ,B ,Q,1.16,1.17,1.16,1.16,1.16,1.20,17,7956,9269.00,
500255,LML LTD.    ,B1,Q,18.00,18.05,17.60,17.75,17.75,17.90,1166,589187,10524199.00,
530745,LN POLYESTER,T ,Q,12.87,13.50,12.87,12.91,12.91,13.54,18,4810,63038.00,
532341,LOGIX MICRO.,S ,Q,294.80,296.00,290.00,293.45,295.00,294.25,30,2930,860781.00,
500256,LOK.HOUS&CON,S ,Q,203.00,222.20,199.90,220.80,220.80,202.00,3992,581680,125740147.00,
532740,LOKESH MACH ,B1,Q,135.00,142.50,135.00,139.60,139.60,140.15,658,51277,7215411.00,
590004,LOTTE I CORP,B1,Q,187.40,187.40,187.40,187.40,187.40,178.50,4,159,29796.00,
523475,LOTUS CHOC  ,B ,Q,5.81,6.19,5.81,5.97,5.90,6.07,17,5010,30112.00,
514036,LOY.TEX MILL,S ,Q,250.20,287.00,250.20,271.90,271.90,270.00,28,291,79283.00,
532537,LUMAX AUTO  ,B ,Q,54.20,55.00,53.35,54.25,55.00,54.65,39,2478,133561.00,
517206,LUMAX IND   ,B1,Q,234.00,244.00,231.00,238.10,238.10,230.85,1376,59606,14318356.00,
526045,LUMINAIRE TE,B ,Q,5.25,5.25,5.25,5.25,5.25,5.00,1,1,5.00,
500257,LUPIN LTD.  ,A ,Q,500.30,509.00,495.25,501.65,501.65,502.10,391,8119,4076788.00,
500259,LYKA LABS   ,B1,Q,38.20,38.85,38.05,38.25,38.25,38.55,78,7917,303621.00,
505320,LYNX MACH.  ,B ,Q,51.50,51.50,51.50,51.50,51.50,52.55,2,2,103.00,
532720,M&M FINANSER,B1,Q,230.00,230.00,222.30,226.25,224.05,224.60,102,4271,967747.00,
526935,M.B.PARIKH  ,B ,Q,8.50,8.50,7.75,7.75,7.75,8.00,5,41,334.00,
522241,M.M.FORGINGS,S ,Q,160.00,160.00,158.25,159.90,160.00,159.00,13,506,80870.00,
509196,M.M.RUBBER  ,Z ,Q,4.05,4.10,4.04,4.10,4.10,4.25,4,300,1221.00,
506543,M.P.AGRO IND,Z ,Q,3.62,3.62,3.62,3.62,3.62,3.81,1,400,1448.00,
519383,M.P.GLYCHEM ,B ,Q,23.10,24.60,23.00,23.20,23.20,23.30,144,27973,668127.00,
531326,M.P.TELELINK,B ,Q,4.78,4.78,4.38,4.38,4.38,4.61,19,8330,36899.00,
531528,MAARS SOFT. ,B1,Q,3.57,3.60,3.51,3.54,3.55,3.53,71,54346,193084.00,
523248,MACHINO PLAS,S ,Q,45.30,46.00,43.95,45.50,46.00,44.45,26,1660,75127.00,
532440,MACMILLAN IN,B1,Q,382.05,387.00,365.00,368.55,368.55,386.05,52,2435,914965.00,
531218,MADAN FIN.  ,B ,Q,2.40,2.76,2.40,2.72,2.69,2.81,14,3502,9223.00,
515093,MADHAV MARB.,B1,Q,80.00,91.00,80.00,89.90,89.90,89.10,392,96042,8584231.00,
531497,MADHUCON PRJ,S ,Q,229.00,239.80,228.20,233.55,233.55,227.70,2036,697891,163847337.00,
515059,MADHUS.IND. ,B ,Q,5.90,5.90,5.50,5.55,5.55,5.90,6,301,1740.00,
531436,MADHYA DESH ,B ,Q,14.94,14.95,14.19,14.19,14.19,14.91,71,59165,855066.00,
504580,MADRAS ALUM ,B1,Q,370.00,378.70,365.00,368.10,368.10,371.00,91,2825,1046185.00,XD
500260,MADRAS CEM. ,B1,Q,2900.00,2900.00,2775.00,2808.95,2808.95,2852.70,139,1469,4158275.00,
501209,MAESTROS ME ,S ,Q,12.60,15.20,12.50,14.15,14.00,14.80,25,2686,37181.00,
501458,MAFATLAL DYE,S ,Q,8.70,9.05,8.50,8.75,8.75,8.64,19,2249,19553.00,
500264,MAFATLAL IND,S ,Q,27.05,29.70,27.05,29.45,29.70,28.30,34,2650,78076.00,
524000,MAGMA LEASIN,B ,Q,156.00,161.15,146.30,159.95,161.15,153.50,50,6005,958254.00,
517449,MAGNA ELECTR,S ,Q,123.00,125.00,123.00,124.15,124.15,127.00,15,1995,248092.00,
530347,MAGNUM LTD. ,B ,Q,13.00,13.15,12.85,13.15,13.15,13.00,5,750,9750.00,
500520,MAH & MAH   ,A ,Q,652.00,664.00,642.10,660.10,660.10,649.05,2688,212843,139168354.00,
500266,MAH.SCOOTER ,B1,Q,279.00,279.95,277.00,277.00,279.95,274.65,6,301,83480.00,
500265,MAH.SEAMLESS,A ,Q,357.00,366.00,355.00,363.80,363.90,355.80,586,50962,18495952.00,
504824,MAHA ELEKTRO,Z ,Q,88.00,88.00,88.00,88.00,88.00,84.15,1,50,4400.00,
505523,MAHA.INDUS.L,B ,Q,112.30,112.30,112.30,112.30,112.30,110.10,1,5,561.00,
524232,MAHA.POLYBUT,T ,Q,15.80,15.90,15.30,15.75,15.50,15.55,36,17490,275255.00,
514450,MAHA.RUBTECH,B ,Q,34.00,34.00,30.80,31.00,30.80,32.40,188,38956,1281114.00,
500108,MAHA.TELE   ,A ,Q,157.00,157.10,154.30,155.75,155.75,156.80,3948,721680,112366854.00,
519612,MAHAAN FOODS,B ,Q,10.00,10.00,10.00,10.00,10.00,9.69,1,100,1000.00,
513460,MAHALAXMI SM,S ,Q,21.10,22.80,21.00,22.20,22.20,20.85,31,3598,79541.00,
531515,MAHAN IND.  ,B ,Q,3.50,3.50,3.50,3.50,3.50,3.70,1,1000,3500.00,
530059,MAHARAJA SHR,S ,Q,366.55,372.90,365.00,366.05,367.90,370.60,30,992,365107.00,
502986,MAHAVIR SPG ,B1,Q,291.90,292.00,280.15,283.10,281.05,289.70,150,10681,3062310.00,
532756,MAHIND AUTO ,B1,Q,181.50,182.00,178.00,180.05,180.05,180.30,842,66214,11942503.00,
700114,MAHIND CRPS ,B ,P,29.00,29.00,27.80,28.00,28.00,27.80,22,34865,971716.00,
504823,MAHIND.UGINE,B1,Q,115.15,120.00,115.15,116.60,116.60,118.15,195,16081,1882786.00,
532313,MAHINDRA GE ,B1,Q,700.00,734.00,680.00,726.45,726.45,700.60,35747,1706129,1220097034.00,
514380,MAIKAAL FIB.,B ,Q,6.87,6.87,6.49,6.66,6.66,6.55,120,286119,1920309.00,
500267,MAJESTIC AUT,S ,Q,45.85,45.85,40.90,42.50,42.50,43.35,36,3561,152579.00,
506919,MAKERS LAB. ,S ,Q,13.80,14.00,13.45,13.54,13.45,14.10,17,3600,49255.00,
523696,MALAR HOSP. ,B ,Q,9.11,10.20,9.11,10.08,10.00,9.65,56,12838,127650.00,
532728,MALU PAPER  ,B1,Q,21.35,21.70,20.60,21.00,20.80,21.34,272,56606,1206265.00,
502995,MALWA COTTON,B1,Q,112.60,116.95,112.00,112.65,112.65,113.45,97,7705,877212.00,
532637,MAN DRUGORG ,B1,Q,13.78,13.78,13.19,13.27,13.27,13.52,16,3952,52972.00,
513269,MAN IND.(I) ,S ,Q,179.30,185.00,179.25,183.60,183.60,183.40,70,2608,476225.00,
500268,MANALI PETRO,B ,Q,15.15,15.65,15.10,15.40,15.40,15.33,437,123037,1900438.00,
531213,MANAPPURAM G,B ,Q,30.80,32.10,30.80,32.05,32.05,32.35,25,1150,36151.00,
502157,MANGALAM CEM,B1,Q,162.10,164.00,160.30,163.05,163.05,161.35,635,57241,9301283.00,
516007,MANGALAM TIM,B ,Q,20.00,20.30,19.30,19.50,19.50,20.30,92,16478,321354.00,
530011,MANGLR.CHEM ,B1,Q,12.74,12.84,12.50,12.67,12.67,12.60,397,145816,1855464.00,
530979,MANOJ HSG.FI,B ,Q,2.80,2.80,2.62,2.62,2.62,2.90,10,1775,4798.00,
505324,MANUGRAPH IN,S ,Q,212.70,212.70,210.00,210.95,211.50,208.95,105,5206,1100620.00,
521018,MARAL OVERS ,B1,Q,19.95,20.50,19.80,19.95,19.95,20.15,104,19490,392031.00,
503101,MARATHON NEX,Z ,Q,1086.10,1086.10,1086.10,1086.10,1086.10,1064.85,1,50,54305.00,
530543,MARG CONSTRU,Z ,Q,112.90,120.00,112.90,116.20,116.00,118.80,12,1900,220075.00,
531642,MARICOLTD   ,B1,Q,500.00,515.85,500.00,512.25,510.00,510.40,49,875,448432.00,
526891,MARKET CREAT,B ,Q,15.95,15.95,13.96,14.71,14.75,14.77,10,2100,31776.00,
524404,MARKSANS    ,B1,Q,118.00,118.00,115.00,115.70,115.70,115.00,270,21399,2491555.00,
513355,MARMAGOA ST.,Z ,Q,9.48,9.56,8.71,8.88,8.78,9.11,29,7700,69144.00,
517467,MARSONS     ,B ,Q,2.33,2.37,2.26,2.36,2.35,2.26,95,107489,252650.00,
531540,MARUTI INFRA,B ,Q,10.65,10.90,10.20,10.87,10.87,10.39,238,223494,2368851.00,
531319,MARUTI SEC. ,B ,Q,4.85,4.85,4.85,4.85,4.85,4.41,2,301,1459.00,
532500,MARUTIUDYOG ,A ,Q,861.00,877.85,852.00,875.25,875.25,861.40,8853,628371,547207435.00,
531131,MASCON GLOB.,B1,Q,10.90,11.35,10.90,11.06,11.06,11.16,446,428932,4812134.00,
523704,MASTEK LTD  ,A ,Q,342.00,342.00,335.00,337.30,337.30,340.55,106,2170,735677.00,
511768,MASTER TRUST,B ,Q,13.20,13.70,12.52,13.13,13.30,13.15,36,6953,91492.00,
532470,MATHER & PLA,B ,Q,15.00,17.00,15.00,17.00,17.00,15.50,26,5962,99865.00,
532469,MATHER & PUM,T ,Q,188.00,190.00,180.00,182.00,182.00,188.00,17,463,84822.00,
500450,MATHER &PLAT,B ,Q,138.00,138.00,130.00,132.75,132.50,131.45,44,2203,295853.00,
511688,MATHEW EASOW,B ,Q,7.37,8.45,7.37,8.00,8.00,8.10,6,1800,14409.00,
524794,MATRIX LABOR,B1,Q,275.10,277.05,272.50,276.15,276.15,273.35,1567,180570,49801533.00,
532512,MAWANA SUGAR,B1,Q,72.30,78.00,71.30,77.45,77.45,74.25,2380,225689,17275105.00,
500271,MAX INDIA   ,B1,Q,680.00,710.00,680.00,706.75,710.00,675.00,83,1970,1377912.00,
526538,MAXIMAA SYST,B ,Q,0.77,0.91,0.77,0.82,0.82,0.85,14,12202,10298.00,
532613,MAXWEL      ,B ,Q,34.30,34.30,31.35,32.95,32.95,32.70,520,209773,7009122.00,
531680,MAYUR LEATHR,S ,Q,18.15,21.50,18.15,21.50,21.50,20.10,3,800,16190.00,
522249,MAYUR UNIQ. ,S ,Q,33.00,33.00,32.50,32.85,33.00,32.35,10,1400,45897.00,
523792,MAZDA LTD   ,S ,Q,15.30,18.30,15.20,18.30,18.30,15.27,1059,759332,13401627.00,
532432,MCDOWELL C  ,B1,Q,574.80,576.90,566.05,568.65,568.65,572.40,1591,56721,32387500.00,
532654,MCLEOD RUSSE,B1,Q,121.30,131.25,118.40,128.05,128.05,120.10,12329,1273428,162064373.00,
532629,MCNALLYB    ,B ,Q,92.90,92.90,90.45,91.15,91.15,91.60,116,12070,1107346.00,
523221,MCS LTD     ,B ,Q,24.60,27.40,24.60,25.70,25.70,26.25,24,1290,33280.00,
523144,MEDI CAPS   ,S ,Q,60.00,60.95,59.00,59.85,60.00,60.10,26,4575,274840.00,
512267,MEDIA MATRIX,B ,Q,4.60,4.99,4.60,4.99,4.99,5.00,3,392,1893.00,
503685,MEDIA ONE   ,Z ,Q,27.15,27.15,27.15,27.15,27.15,25.90,1,450,12217.00,
530435,MEDIA VIDEO ,B ,Q,37.95,37.95,32.00,32.10,32.00,31.80,54,7306,235755.00,
531146,MEDICAMEN BI,S ,Q,12.25,12.64,12.17,12.46,12.30,12.44,28,4737,59174.00,
511276,MEFCOM AGRO ,B ,Q,14.25,14.64,14.00,14.64,14.64,13.95,190,78588,1139281.00,
531176,MEFCOM CAPIT,B ,Q,9.55,9.55,9.55,9.55,9.55,9.90,1,100,955.00,
531417,MEGA CORPN. ,Z ,Q,3.24,3.24,2.97,2.97,2.97,3.12,39,28900,86216.00,
532408,MEGASOFT LTD,B ,Q,137.50,137.50,130.65,131.95,131.95,136.55,829,110678,14793288.00,
511377,MEHTA I.FIN ,B ,Q,5.75,5.75,4.16,4.50,4.50,4.80,6,1050,5033.00,
532307,MELSTAR INFO,B1,Q,9.41,9.75,9.28,9.60,9.60,9.73,38,9375,90330.00,
523828,MENON BEAR. ,S ,Q,70.00,72.00,69.00,71.15,71.90,70.15,35,2254,158928.00,
531727,MENON PISTON,B ,Q,71.00,72.00,71.00,71.05,71.75,72.50,16,1595,113567.00,
526235,MERCATOR LIN,S ,Q,38.15,38.15,37.00,37.20,37.20,37.50,674,129301,4824742.00,
500126,MERCK LTD   ,A ,Q,538.00,538.00,530.00,533.95,535.80,529.30,87,2353,1259163.00,
531810,METAL COATIN,B ,Q,21.00,21.00,15.50,15.50,15.50,17.80,2,500,9400.00,
513131,METALMAN IND,B ,Q,10.53,10.97,10.53,10.75,10.97,10.51,19,2703,28751.00,
524683,METROCHE.IND,S ,Q,50.00,50.00,48.55,50.00,50.00,50.90,12,880,43691.00,XD
514242,MH MILLS IND,Z ,Q,8.49,8.55,8.13,8.28,8.14,8.55,24,5800,47917.00,
500530,MICO LTD.   ,A ,Q,3115.00,3225.00,3100.00,3209.85,3209.85,3100.00,207,3406,10695198.00,
523886,MICRO INKS L,A ,Q,285.20,287.45,282.00,283.35,283.35,285.10,126,3372,958398.00,
532494,MICRO TECHO ,S ,Q,197.80,205.00,193.50,202.40,205.00,196.05,1496,93128,18640619.00,
530257,MIDAS PHARMA,B ,Q,1.80,1.82,1.72,1.72,1.72,1.74,11,5800,10405.00,
532416,MID-DAY MULT,B1,Q,44.50,46.65,44.05,46.40,46.40,44.45,516,58277,2651000.00,
507621,MILKFOOD    ,B ,Q,85.95,87.80,85.95,86.05,85.95,85.55,14,785,68179.00,
505650,MILLARS INDI,B ,Q,51.75,51.90,51.75,51.90,51.90,51.90,2,50,2587.00,
531942,MILLEN.CYBER,B ,Q,0.97,0.97,0.95,0.95,0.95,0.95,2,1000,960.00,
521147,MILLENNIUM B,B ,Q,11.83,11.83,11.83,11.83,11.83,11.60,3,600,7098.00,
526143,MILTON PLAST,T ,Q,8.27,9.13,8.27,9.13,9.13,8.70,12,3105,25963.00,
522235,MINAL ENGG. ,B ,Q,177.55,177.55,177.55,177.55,177.55,161.45,20,675,119846.00,
531456,MINAXI TEXT.,B ,Q,9.50,9.80,9.01,9.18,9.15,8.80,24,5584,52173.00,
532539,MINDA IND   ,S ,Q,157.10,159.90,155.10,156.50,155.10,163.95,15,390,61375.00,
517344,MINDTECK (I),B1,Q,43.25,43.85,42.25,42.95,42.95,43.40,29,4359,187391.00,
513377,MINERAL&METL,B ,Q,2501.00,2529.00,2501.00,2502.65,2501.00,2536.90,3,17,42545.00,
517340,MINTAGE ELEC,B ,Q,1.89,2.28,1.88,1.97,1.95,2.08,21,6250,12277.00,
500279,MIRC ELECT  ,A ,Q,22.10,22.45,21.35,22.00,22.00,22.00,1373,621029,13558554.00,
526642,MIRZA INTER ,B1,Q,142.00,144.00,140.50,141.05,141.05,140.60,20,388,54686.00,
511672,MITTAL SEC. ,Z ,Q,5.15,5.64,5.14,5.18,5.18,5.40,13,2980,15444.00,
532127,MOBILE TELE ,B1,Q,13.10,14.00,13.10,13.85,13.81,14.09,19,3006,41589.00,
519287,MODERN DAIRI,B ,Q,18.95,19.00,18.50,18.50,18.50,18.45,21,4500,83830.00,
503015,MODERN INDIA,S ,Q,78.00,78.00,76.40,77.85,76.40,78.60,3,110,8564.00,
509760,MODERN SHARE,B ,Q,15.40,15.40,15.40,15.40,15.40,14.60,2,2,30.00,
513303,MODERN STEEL,S ,Q,53.20,58.40,53.20,58.00,58.00,56.90,18,1282,73174.00,
503776,MODIPON     ,T ,Q,111.00,111.00,107.00,107.05,107.00,111.55,8,310,33775.00,
531453,MOHIT INDUS.,S ,Q,18.10,19.60,17.95,19.35,19.35,18.03,259,106636,2012365.00,
526263,MOLD-TEK TEC,B ,Q,58.35,62.85,58.35,60.95,61.50,60.30,149,19116,1164472.00,
530551,MONALISA INF,B ,Q,0.36,0.36,0.36,0.36,0.36,0.37,55,212050,76338.00,
532723,MONET SUGAR ,B ,Q,93.00,93.85,87.60,89.55,89.55,92.90,35,946,86128.00,
532078,MONNET IND. ,B ,Q,83.55,83.55,80.25,80.65,80.25,84.00,6,130,10541.00,
513446,MONNET ISPAT,B1,Q,168.00,174.45,166.35,168.80,168.80,170.95,435,22346,3824215.00,
522199,MONOZYME (I),B ,Q,8.00,8.00,7.90,8.00,8.00,7.57,7,3800,30245.00,
524084,MONSANTO (I),B1,Q,1650.00,1725.00,1650.00,1675.15,1675.15,1664.80,250,2482,4189242.00,
532621,MORARJETEX  ,B ,Q,70.90,70.90,68.00,69.15,69.25,69.40,82,6702,466769.00,
511549,MORARKA FIN.,B ,Q,19.15,19.15,19.15,19.15,19.15,19.10,1,300,5745.00,
500288,MOREPEN LAB.,B1,Q,7.55,7.85,7.55,7.74,7.74,7.80,134,81533,632098.00,
523564,MORGAN IND  ,B ,Q,5.06,5.20,5.00,5.18,5.20,5.06,10,1704,8584.00,
500289,MORGAN STANL,B1,Q,37.30,38.35,37.30,38.15,38.15,37.93,199,131504,5003652.00,
526237,MORGAN VENT ,B ,Q,23.00,23.00,22.50,22.50,22.50,23.00,11,1754,39939.00,
532407,MOSCHIP SEMI,B1,Q,25.50,25.80,24.75,25.10,25.10,25.45,234,39401,993747.00,
517140,MOSER BEAR  ,A ,Q,192.45,206.20,191.50,203.25,203.25,190.45,5153,314433,62920802.00,
517334,MOTHERSON SS,B1,Q,89.00,89.00,84.50,85.40,85.40,89.30,194,16542,1417162.00,
501343,MOTOR&GEN.FI,B ,Q,37.60,37.60,37.60,37.60,37.60,36.90,3,400,15040.00,
531096,MOUNT EVERES,B ,Q,44.20,45.95,43.50,44.60,45.00,44.10,229,60406,2714100.00,
507522,MOUNTT SHIV.,S ,Q,37.00,38.00,35.05,35.70,35.65,36.45,26,2305,83519.00,
590011,MOVING PI(PS,B1,Q,6.02,6.20,5.88,5.92,5.90,5.81,11,1954,11815.00,
526299,MPHASIS BFL ,A ,Q,177.90,180.45,175.30,177.55,177.55,175.65,1051,57074,10176410.00,
500290,MRF LTD.    ,B1,Q,3667.00,3820.40,3667.00,3799.50,3799.50,3708.30,560,13969,52450932.00,
532376,MRO-TEK LTD.,B1,Q,68.90,68.90,66.50,66.85,66.85,68.20,958,122849,8243501.00,
500109,MRPL        ,A ,Q,41.40,42.40,41.15,42.00,42.00,41.60,1065,273980,11467876.00,
532553,MSK PROJECTS,B1,Q,73.00,73.30,69.60,70.05,70.05,72.30,519,43968,3143809.00,
532650,MSP STEEL   ,B1,Q,11.60,11.90,11.20,11.36,11.40,11.20,65,15219,174778.00,
500275,MTZ INDUSTRI,B ,Q,1.84,1.84,1.57,1.60,1.60,1.68,15,7800,12984.00,
512424,MTZ POLYFILM,B ,Q,2.06,2.24,2.06,2.17,2.19,2.14,54,47003,102107.00,
532097,MUKAND ENGG.,B1,Q,25.70,25.70,24.30,25.05,25.45,24.90,49,3956,98287.00,
500460,MUKAND LTD. ,B1,Q,84.00,86.90,84.00,85.00,85.00,85.35,683,66241,5682748.00,
523832,MUKAT PIPES ,S ,Q,5.51,5.59,5.51,5.58,5.58,5.73,4,800,4454.00,
530341,MUKESH BABU ,B ,Q,6.71,6.71,6.71,6.71,6.71,7.06,2,2001,13426.00,
532357,MUKTA ARTS  ,B1,Q,47.80,50.15,46.80,49.85,49.85,47.80,106,11709,578103.00,
700087,MUKUND CRPS ,B ,P,2.01,2.01,2.01,2.01,2.01,2.05,2,30,60.00,
530329,MUKUNDA IND.,B ,Q,3.01,3.01,3.01,3.01,3.01,2.87,1,10,30.00,
501477,MULLER & PHI,B ,Q,157.35,157.35,157.35,157.35,157.35,154.30,3,59,9283.00,
513685,MULTI ARC   ,TS,Q,58.00,58.00,54.10,54.10,54.10,55.25,5,504,28332.00,
520059,MUNAUTO     ,B1,Q,170.00,170.00,162.20,165.00,166.00,162.65,23,801,132233.00,
520043,MUNJAL SHOWA,B1,Q,328.00,332.55,326.50,332.00,332.55,328.00,19,721,238906.00,
511401,MUNOTH INVES,B ,Q,3.20,3.20,3.20,3.20,3.20,3.00,2,1000,3200.00,
519323,MURALI AGRO ,S ,Q,216.00,220.00,210.15,215.90,210.15,221.40,15,415,89935.00,
515037,MURD.CERAM  ,B1,Q,104.00,105.80,103.00,103.20,103.90,103.65,82,7361,763250.00,
511766,MUTHOOT CAP ,B ,Q,19.80,20.25,19.00,20.00,20.00,18.90,41,9831,196235.00,
526622,MY FAIR LADY,B ,Q,1.95,2.06,1.87,2.06,2.06,1.90,8,1107,2115.00,
500292,MYS CEMENTS ,B1,Q,52.25,53.00,52.25,52.65,52.65,52.10,406,92467,4870213.00,
506734,MYS PETRO   ,S ,Q,24.35,26.85,24.35,26.85,26.85,25.60,61,23964,633177.00,
502405,MYSORE PAPER,Z ,Q,9.48,9.70,9.27,9.63,9.35,9.27,19,6200,58633.00,
502168,N C L IND.  ,TS,Q,36.85,37.00,35.00,35.50,35.50,36.20,232,76517,2729984.00,
519494,N K INDUST. ,B ,Q,9.24,9.24,7.95,8.84,8.30,8.67,14,2205,18112.00,
530897,N.G.IND.LTD.,S ,Q,54.00,54.00,52.00,52.00,52.00,53.00,4,300,15800.00,
516082,N.R.AGARWAL ,B ,Q,32.10,33.00,31.50,31.90,31.50,32.85,29,6300,203185.00,
514328,NACHMO KNITX,S ,Q,3.35,3.35,3.26,3.29,3.30,3.16,3,105,346.00,
524709,NAGAR.AGRICH,B1,Q,103.50,106.00,103.50,105.15,105.15,104.60,70,2769,290154.00,
500294,NAGAR.CONST.,B1,Q,292.50,293.00,287.25,288.80,288.80,291.40,1180,69455,20139945.00,
500075,NAGARJ.FERT.,B1,Q,11.83,12.29,11.12,12.19,12.19,11.76,1431,804709,9746144.00,
532362,NAGPUR POWER,B ,Q,14.87,14.87,13.50,13.51,13.55,14.17,32,5747,81890.00,
521109,NAGREEKA EXP,S ,Q,93.20,99.00,93.20,95.80,94.90,97.05,51,5686,549796.00,
523391,NAHAR EXPORT,B1,Q,74.50,77.10,74.05,76.65,76.65,74.30,327,32761,2494982.00,
519136,NAHAR INDUST,S ,Q,187.10,190.50,187.00,189.75,190.50,188.20,141,8501,1605666.00,
500296,NAHAR SPG.  ,B1,Q,213.50,233.00,212.00,226.40,226.40,214.30,686,35171,7946072.00,
521030,NAKODA TEXT ,S ,Q,15.07,15.07,14.75,14.82,14.77,14.96,13,2425,36002.00,
532256,NALWA SONS  ,B1,Q,328.00,330.00,321.00,329.00,329.00,328.60,25,693,227375.00,
511664,NAM CREDIT  ,B ,Q,5.37,5.37,5.37,5.37,5.37,5.47,3,2601,13967.00,
532641,NANDAN EXIM ,B1,Q,11.50,12.00,11.41,11.69,11.69,11.51,145,49079,571360.00,
531416,NARENDRA PRO,Z ,Q,26.05,28.50,26.05,28.20,28.50,27.25,5,500,13455.00,
524650,NARMADA C.PE,B1,Q,33.60,34.75,33.60,34.55,34.55,34.05,166,35753,1226572.00,
526739,NARMADA GEL ,B ,Q,52.15,54.90,52.15,54.00,54.00,53.30,6,612,33053.00,
513179,NAT STL AGRO,B1,Q,21.75,22.25,21.65,21.95,21.95,22.10,64,10699,234951.00,
532234,NAT.ALUM    ,A ,Q,203.00,204.80,201.00,202.45,202.45,202.35,1063,67347,13667318.00,
531903,NAT.FLASK   ,B ,Q,0.86,0.90,0.86,0.89,0.89,0.86,3,1171,1039.00,
500298,NAT.PEROXIDE,B1,Q,232.85,232.85,223.00,224.20,224.20,228.60,144,4031,914768.00,
526616,NAT.PLASTIC ,T ,Q,9.60,9.60,9.00,9.12,9.46,9.15,79,14421,134701.00,
524816,NATCO PHARMA,B1,Q,107.50,108.95,106.55,107.70,106.70,108.10,82,10303,1111523.00,
502407,NATH PULP   ,B ,Q,6.15,6.36,6.15,6.33,6.33,6.16,35,5127,31975.00,
507813,NATI. OXYGEN,B ,Q,56.75,57.60,56.30,57.45,57.45,57.00,17,1100,62890.00,
523630,NATIONAL FER,A ,Q,34.60,35.50,34.30,34.45,34.45,34.65,132,13798,480314.00,
524654,NATURAL CAPS,B ,Q,26.05,26.90,26.05,26.45,26.45,26.30,14,2650,70146.00,
513023,NAV BHAR VEN,B1,Q,107.55,108.65,106.10,108.15,108.15,107.20,160,13122,1416192.00,
532504,NAVIN FLUORI,TS,Q,299.00,299.00,281.10,289.45,290.00,285.40,119,7033,2025295.00,
508989,NAVNEET PUBL,B1,Q,294.90,295.15,293.60,293.90,293.60,294.30,32,899,264617.00,
531452,NCC FINANCE ,B ,Q,4.19,4.19,3.85,3.86,3.85,4.05,7,2300,9071.00,
511714,NCJ INTERNAT,B ,Q,2.68,2.68,2.23,2.68,2.68,2.46,7,3002,7954.00,
532529,NDTV        ,B1,Q,195.00,199.00,189.10,195.85,195.85,195.00,2264,168101,32817496.00,
532649,NECTAR LIFE ,B1,Q,141.40,141.40,138.50,139.10,139.05,139.85,140,46930,6586525.00,
519560,NEHA INTER. ,Z ,Q,6.02,6.02,6.02,6.02,6.02,6.33,1,600,3612.00,
504112,NELCO LTD.  ,B1,Q,80.20,80.90,79.00,79.60,79.60,80.05,100,14425,1154649.00,
523820,NEO SACK    ,B ,Q,4.47,4.47,4.47,4.47,4.47,4.55,4,1100,4917.00,
500301,NEPC INDIA  ,T ,Q,18.50,19.60,18.50,19.00,19.10,18.80,303,86378,1660541.00,
505355,NESCO LTD   ,B ,Q,1220.05,1276.95,1220.05,1244.40,1244.40,1245.00,272,2105,2641857.00,
500790,NESTLE (I)  ,A ,Q,1060.00,1070.00,1035.00,1064.95,1064.95,1061.25,312,7604,8047476.00,
509040,NETLINK SOLU,B ,Q,3.25,3.99,3.25,3.88,3.88,3.71,232,387071,1448544.00,
511658,NETTLINX LTD,T ,Q,9.35,9.35,8.92,9.24,9.32,8.95,29,8852,81498.00,
532010,NETVIS      ,B ,Q,5.88,6.35,5.85,5.98,6.13,6.34,61,18640,112678.00,
530811,NETVISTA INF,B ,Q,1.93,2.28,1.93,2.26,2.26,2.12,5,2650,5607.00,
523558,NETWORK LTD.,B ,Q,15.15,15.70,15.15,15.20,15.70,15.89,14,2520,38304.00,
511551,NETWORTH STK,B ,Q,76.80,79.00,72.60,75.70,75.10,72.00,103,17546,1352865.00,
524558,NEULAND LAB.,S ,Q,127.75,130.25,125.75,128.90,128.00,124.75,116,7609,982580.00,
532045,NEXXOFT INFO,Z ,Q,24.15,24.15,24.15,24.15,24.15,23.02,1,100,2415.00,
513683,NEYVELI LIGN,A ,Q,63.65,65.20,63.10,63.80,63.80,63.15,1162,136950,8794970.00,
524774,NGL FINE CHM,B ,Q,11.21,11.99,11.21,11.62,11.85,12.00,11,1383,16159.00,
590028,NICCO COR(PS,B ,Q,15.55,15.55,15.00,15.05,15.10,15.43,88,21258,322013.00,
526721,NICCO PARKS ,S ,Q,42.00,43.45,42.00,43.00,43.00,42.05,5,530,22596.00,
523209,NICCO UCO AL,B ,Q,2.40,2.61,2.39,2.54,2.54,2.51,15,7110,17235.00,
500302,NICHOLAS PIR,A ,Q,229.65,232.50,227.00,229.85,229.85,226.20,2856,264591,60859279.00,
512103,NIDHI GRANIT,Z ,Q,8.25,8.66,8.25,8.66,8.66,8.25,2,2550,21058.00,
531083,NIHAR INFO  ,B ,Q,3.75,3.99,3.75,3.99,3.99,3.70,4,2100,7899.00,
500304,NIIT LTD.   ,B1,Q,347.00,347.00,342.10,343.25,342.55,345.35,37,1476,510453.00,
532541,NIITTECH    ,B1,Q,187.90,189.90,186.10,186.50,186.40,186.50,256,19834,3717733.00,
519168,NIJJER AGRO ,T ,Q,8.71,9.50,8.71,8.71,8.71,9.16,24,10899,97712.00,
526159,NIKHIL ADHSV,S ,Q,30.40,31.50,30.15,31.35,30.15,31.30,9,2150,67292.00,
531272,NIKKI GLOBAL,B ,Q,4.25,4.69,4.25,4.25,4.25,4.47,8,30600,143250.00,
530377,NILA INFRA. ,B ,Q,0.85,0.89,0.80,0.86,0.86,0.82,158,515166,436572.00,
530129,NILE LTD.   ,B ,Q,74.80,74.80,72.00,73.05,72.00,72.70,8,106,7742.00,
523385,NILKAMAL PLS,B1,Q,179.00,182.00,177.25,179.85,182.00,177.75,23,1703,305516.00,
504058,NIPPO BATT  ,B1,Q,355.90,355.90,350.00,355.00,355.00,354.05,18,436,154586.00,
500307,NIRLON      ,B ,Q,24.00,24.20,23.00,23.15,23.00,23.95,86,43411,1034221.00,
500308,NIRMA LTD   ,A ,Q,388.00,391.75,380.00,390.60,390.60,383.60,136,4590,1781802.00,
532722,NITCO TILES ,B1,Q,204.00,207.95,197.15,205.00,205.00,200.75,4313,321939,65554773.00,
532698,NITINSPINNER,B1,Q,12.55,13.75,12.50,13.07,13.07,12.85,874,230487,3018042.00,
511523,NIYATI IND..,B ,Q,0.25,0.29,0.25,0.29,0.29,0.27,7,8920,2234.00,
506991,NOBLE EXPLO.,S ,Q,21.05,21.25,20.15,20.15,20.15,21.20,132,35101,715526.00,
500730,NOCIL       ,B1,Q,24.20,24.80,23.55,24.05,24.05,23.80,2272,930693,22464685.00,
523670,NOIDA MEDI  ,T ,Q,12.18,12.25,12.17,12.25,12.25,12.80,6,2600,31691.00,
532481,NOIDA-TOLL B,B1,Q,36.15,36.65,35.50,35.80,35.80,36.05,508,91236,3294197.00,
590057,NORTHGATE TE,S ,Q,498.00,514.85,494.00,507.80,507.80,489.80,488,29048,14695598.00,
530605,NOVA PETRO. ,B1,Q,45.00,45.00,43.65,44.00,43.65,45.75,522,99119,4373508.00,
500310,NOVAPAN IND.,B1,Q,56.75,56.75,53.75,54.15,54.25,54.50,28,1808,99620.00,
500672,NOVARTIS    ,A ,Q,465.00,493.35,465.00,482.05,482.05,464.25,568,37822,18278089.00,
530127,NPR FINANCE ,B ,Q,23.80,23.85,23.50,23.55,23.50,23.80,27,8796,207862.00,
532623,NR INTERNA  ,B ,Q,17.65,19.35,17.60,18.75,19.35,18.85,5,320,5999.00,
530367,NRB BEARINGS,B1,Q,470.50,489.45,470.50,471.00,471.00,475.00,7,250,118153.00,
503780,NRC LTD.    ,B1,Q,28.40,28.75,27.20,28.75,28.75,27.40,1455,450980,12888959.00,
532555,NTPC LTD    ,A ,Q,124.20,126.40,124.00,125.60,125.60,124.20,1805,226934,28489806.00,
530723,NUC NET GIS ,B ,Q,23.60,23.60,23.60,23.60,23.60,22.50,2,101,2383.00,
509077,NUCENT FIN. ,B ,Q,4.29,4.49,4.22,4.26,4.22,4.31,45,3668,15803.00,
500311,NUCHEM LTD. ,B ,Q,6.66,6.75,6.44,6.69,6.70,6.74,37,17752,116409.00,
531209,NUCLE.SOFT E,B1,Q,380.00,385.00,380.00,381.20,380.00,379.80,34,1267,483911.00,
532051,NUMERIC POWE,S ,Q,319.00,324.00,319.00,322.65,324.00,324.50,35,1455,468044.00,
526313,NU-TECH CORP,T ,Q,2.32,2.32,2.21,2.21,2.21,2.32,19,16050,36240.00,
524764,NUTRAPLUS PR,B ,Q,6.75,7.50,6.72,7.32,7.50,7.20,18,3600,26138.00,
531782,OASIS MEDIA ,B ,Q,0.30,0.31,0.29,0.31,0.31,0.30,19,27677,8404.00,
532086,OCEAN INFRA.,B ,Q,1.64,1.80,1.64,1.74,1.74,1.72,47,25658,43218.00,
502165,OCL INDIA   ,B1,Q,158.85,159.00,157.55,157.75,157.75,159.10,61,4748,752010.00,
531996,ODYSSEY CORP,B ,Q,12.15,12.15,12.15,12.15,12.15,11.05,2,45,546.00,
530175,ODYSSEY TECH,TS,Q,16.10,16.45,16.05,16.40,16.40,16.46,18,3650,59163.00,
500313,OIL COUNTRY ,B1,Q,15.25,15.65,15.15,15.20,15.15,15.21,73,13803,210982.00,
531092,OM MET INFRA,B ,Q,45.45,49.10,45.00,49.10,49.10,44.65,444,255057,12296667.00,
520021,OMAX AUTOS. ,B1,Q,94.00,94.50,93.00,93.45,93.45,93.50,105,6782,635724.00,
511644,OMEGA INTERA,B ,Q,2.94,3.57,2.94,2.94,2.94,3.25,3,126,376.00,
532340,OMNI AX'S SO,T ,Q,1.04,1.04,1.04,1.04,1.04,1.09,6,5500,5720.00,
524384,OMNI DYE-CHM,Z ,Q,1.72,1.72,1.72,1.72,1.72,1.80,3,1250,2150.00,
524101,ONDEO NALCO ,S ,Q,675.00,675.00,675.00,675.00,675.00,695.00,1,10,6750.00,
500312,ONGC CORPN  ,A ,Q,1215.00,1219.00,1198.15,1203.05,1203.05,1215.90,4709,296617,358116294.00,
532607,ONTRACK     ,B ,Q,2.88,2.88,2.75,2.85,2.87,2.77,35,97349,275549.00,
517536,ONWARD TECHN,B1,Q,59.00,59.50,57.10,57.45,57.45,58.35,330,32066,1866270.00,
517376,OPAL INDUS  ,Z ,Q,2.01,2.11,1.99,2.11,2.11,2.06,9,5500,11110.00,
532391,OPTO CIRCUIT,B1,Q,406.00,410.95,405.65,408.40,408.00,406.60,254,105058,42973820.00,
512626,ORBIT EXPORT,B ,Q,10.55,11.23,10.55,10.55,10.55,10.51,3,650,7163.00,
524372,ORCHID CHEM ,A ,Q,204.50,212.65,203.15,211.75,211.75,202.55,4154,297524,62247705.00,
517195,ORG INFORMAT,B ,Q,82.80,84.50,81.30,82.15,82.15,83.20,126,33663,2801913.00,
531157,ORGANIC COAT,B ,Q,20.00,22.25,20.00,21.00,21.75,20.40,17,2585,55765.00,
504879,ORIENT ABRAS,S ,Q,18.90,18.90,18.05,18.30,18.75,18.65,112,20924,386305.00,
507690,ORIENT BEVER,B ,Q,8.20,8.20,8.00,8.01,8.05,8.40,9,1850,14873.00,
530365,ORIENT CERAM,S ,Q,84.70,84.70,82.60,82.65,82.65,83.50,9,1120,93244.00,
513121,ORIENT CONT.,S ,Q,69.50,71.00,68.30,70.20,70.20,69.20,49,9787,683886.00,
500314,ORIENT HOTEL,B1,Q,360.00,369.00,360.00,367.00,367.00,368.75,3,530,191770.00,
531167,ORIENT INFO.,B1,Q,17.40,17.40,16.85,17.00,17.00,17.05,128,22269,379946.00,
502420,ORIENT PAPER,B1,Q,435.00,471.85,430.00,471.60,471.60,429.00,1242,90898,42412880.00,
526325,ORIENT PRESS,T ,Q,21.15,21.15,20.85,20.85,20.85,21.15,4,975,20388.00,
506579,ORIENT.CARB.,S ,Q,31.60,31.75,31.10,31.50,31.75,31.45,19,5568,175430.00,
500315,ORINTAL BANK,A ,Q,194.00,196.45,193.00,194.10,194.10,193.65,512,31454,6125638.00,
504864,ORISA SP IRS,S ,Q,22.60,23.85,22.10,22.15,22.15,23.00,38,11205,256864.00,
531791,OSIAN LPG BO,B ,Q,13.26,13.89,13.05,13.87,13.89,13.23,28,30651,414767.00,
507260,OUDH SUGAR  ,B ,Q,115.20,120.65,112.65,118.00,118.00,116.80,1502,114718,13506404.00,
514414,OXFORD INDUS,B ,Q,7.90,7.90,7.70,7.80,7.70,8.10,2,2,15.00,
526747,P.G.FOILS   ,B ,Q,28.95,28.95,26.90,26.95,26.90,27.10,17,1550,42427.00,
512449,PACE ELEC(P),B ,Q,41.30,41.50,41.30,41.50,41.50,39.60,46,69001,2854241.00,
531118,PACIFIC COTS,B ,Q,6.77,6.77,6.11,6.31,6.31,6.51,55,25920,164042.00,
532350,PADMALAYA TE,B1,Q,11.20,11.63,11.20,11.33,11.33,11.55,70,11431,130564.00,
511306,PAL CREDIT  ,T ,Q,0.81,0.82,0.81,0.81,0.81,0.85,4,1050,855.00,
532114,PAN PACKAGIN,T ,Q,20.85,20.85,20.85,20.85,20.85,21.90,2,700,14595.00,
531349,PANACEA BIOT,B1,Q,324.90,327.05,324.90,325.40,325.95,325.60,36,1722,560078.00,
524820,PANAMA PETRO,B ,Q,97.95,101.00,96.65,97.55,97.50,96.50,40,1996,195831.00,
504093,PANASON BAT ,S ,Q,73.10,75.80,73.10,74.90,74.75,72.20,19,2695,201762.00,
508941,PANASON CAR ,S ,Q,103.30,105.50,103.30,105.50,105.50,104.20,12,790,82993.00,
523307,PANASON HOME,S ,Q,26.80,27.50,26.70,27.25,27.00,27.55,14,3005,81153.00,
532176,PANASONIC AV,B1,Q,11.33,11.33,10.88,10.91,10.91,11.15,55,11380,125712.00,
513511,PANCH.STEEL ,B ,Q,87.40,87.40,76.00,80.00,80.00,79.50,30,335,26524.00,
526345,PANJON LTD. ,B ,Q,9.05,9.80,8.61,9.60,9.75,9.33,94,20233,188768.00,
531816,PANORAM UNI ,B ,Q,91.05,91.75,86.60,88.95,88.95,91.10,314,23589,2079714.00,
521153,PANTALOON IN,S ,Q,312.00,312.00,300.25,308.00,308.00,306.00,5,210,64561.00,
523574,PANTALOON RE,B1,Q,1650.00,1656.00,1636.00,1641.45,1641.05,1649.80,82,1160,1904914.00,
623574,PANTALOON RE,B1,Q,1900.00,1900.00,1900.00,1900.00,1900.00,1900.00,2,4800,9120000.00,
500322,PANYAM CEMEN,Z ,Q,286.00,286.00,262.05,280.00,280.00,275.55,10,390,109606.00,
509820,PAPER PROD  ,B1,Q,336.05,338.00,333.00,333.80,333.80,335.00,18,478,160031.00,
506159,PARAAN LTD. ,Z ,Q,455.00,455.00,455.00,455.00,455.00,478.00,1,5,2275.00,
532672,PARADYNE INF,B1,Q,66.00,66.00,64.20,64.40,64.40,65.35,141,11959,776239.00,
531255,PARAGON FIN.,B ,Q,6.51,6.51,6.51,6.51,6.51,6.85,4,550,3580.00,
532606,PARAL       ,B ,Q,115.95,116.80,115.95,115.95,116.00,116.65,12,1352,157054.00,
530555,PARAMOUNT CO,S ,Q,168.00,182.05,162.00,181.85,181.85,165.50,4532,1635425,287481738.00,
521246,PARAS PETRO ,B ,Q,0.45,0.49,0.41,0.48,0.48,0.46,15,17000,7530.00,
500323,PAREKH PLATI,B1,Q,6.15,6.45,6.15,6.35,6.35,6.20,24,9812,62323.00,
524689,PARENT.DRUGS,S ,Q,78.70,80.00,76.00,77.40,78.00,76.25,18,848,66159.00,
524628,PARKER AGRO.,S ,Q,9.00,9.00,9.00,9.00,9.00,8.72,1,10,90.00,
508184,PARRY AGRO  ,S ,Q,1335.00,1335.00,1270.00,1330.00,1330.00,1324.00,10,59,75632.00,
511702,PARSHARTI IN,B ,Q,3.47,3.47,3.47,3.47,3.47,3.16,1,500,1735.00,
530071,PARSOLI CORP,B ,Q,16.80,17.85,16.80,17.10,16.85,17.20,33,4305,74073.00,
500456,PAS.ACRYLON ,B ,Q,4.66,4.93,4.66,4.76,4.76,4.79,44,23868,114173.00,
521080,PASARI SPIN ,Z ,Q,4.45,4.46,4.30,4.46,4.46,4.25,11,5000,22196.00,
517417,PATEL AIRTEM,B ,Q,23.70,23.70,23.70,23.70,23.70,23.25,3,600,14220.00,
531120,PATEL ENGG. ,S ,Q,328.00,332.70,324.10,327.45,327.45,329.15,817,40634,13325596.00,
526602,PATEL ON-BOR,B ,Q,60.35,60.35,57.35,57.35,57.35,60.35,76,38406,2253370.00,
526381,PATEL ROAD. ,S ,Q,57.00,58.00,55.90,55.90,55.90,58.80,56,28423,1593790.00,
532517,PATNI COMP  ,B1,Q,366.00,371.70,364.00,368.20,368.20,365.15,1069,66918,24624290.00,
514326,PATSPIN INDI,B1,Q,14.91,15.19,14.90,15.02,15.00,14.95,21,6050,90815.00,
532742,PAUSHAK LTD ,B ,Q,103.00,105.95,101.15,103.35,103.50,101.10,29,548,56539.00,
532676,PBA INFRASTR,B1,Q,98.00,98.95,95.20,95.95,95.95,99.45,309,24954,2424338.00,
514087,PBM POLYTEX ,S ,Q,25.00,25.00,23.50,24.00,24.00,24.50,9,4699,113321.00,
517119,PCS TECH    ,B1,Q,19.75,20.30,19.75,20.20,20.20,20.25,21,2908,58537.00,
500327,PEACOCK IND.,B ,Q,2.21,2.21,2.11,2.11,2.11,2.11,15,10351,22136.00,
526562,PEARL ENG.PO,B ,Q,3.89,4.00,3.75,3.95,3.95,3.83,19,6340,24900.00,
521123,PEARL GLOBAL,B ,Q,139.45,143.90,135.00,139.85,139.85,131.00,662,38081,5322228.00,
523260,PEARL POLYME,B ,Q,15.50,16.60,15.50,16.50,16.50,15.87,44,71805,1183389.00,
524136,PEE CEE COSM,B ,Q,43.80,43.80,40.10,42.45,42.45,41.95,21,2001,84813.00,
511411,PEERLESS ABA,B ,Q,10.07,10.50,10.04,10.06,10.10,10.56,32,9681,97247.00,
503031,PENLAND LTD ,B1,Q,408.00,421.95,390.00,419.65,419.65,404.55,1932,69953,28573548.00,
700107,PENN IND PS ,B ,P,1.20,1.21,0.94,1.12,1.12,1.15,7,6003,6943.00,
513405,PENNAR ALUM.,B1,Q,2.39,2.50,2.38,2.43,2.43,2.48,95,55679,135334.00,
513228,PENNAR STEEL,S ,Q,18.00,18.00,16.15,16.55,16.30,16.95,105,30810,512256.00,
532314,PENTAGON GLO,B ,Q,0.60,0.60,0.58,0.60,0.60,0.61,18,14852,8857.00,
500329,PENTAMED.G  ,B1,Q,3.86,3.99,3.86,3.91,3.91,3.92,201,156308,614448.00,
531492,PENTASOFT TE,B1,Q,1.32,1.32,1.26,1.26,1.26,1.31,86,73482,94054.00,
532117,PENTIUM INFO,B ,Q,0.73,0.75,0.70,0.73,0.74,0.72,41,98780,71513.00,
505789,PERF. CIRCLE,B ,Q,17.20,18.00,17.15,17.30,17.30,18.30,10,1024,17796.00,
530381,PETRON ENGG.,B ,Q,143.10,143.10,143.10,143.10,143.10,150.60,17,1489,213075.00,
532522,PETRONET LNG,B1,Q,49.45,49.70,48.70,49.05,49.05,49.05,1405,276348,13568730.00,
500680,PFIZER LTD. ,A ,Q,809.00,851.00,809.00,847.45,847.45,820.60,405,8409,7044646.00,
531769,PFL INFOTECH,Z ,Q,10.60,10.61,10.60,10.61,10.61,10.11,2,1100,11670.00,
524572,PHARMAIDS PH,B ,Q,5.25,5.25,4.99,5.10,5.10,5.23,17,4939,25080.00,
506590,PHIL.CARBON ,T ,Q,60.25,64.90,58.85,64.90,64.90,61.85,235,45167,2827670.00,
517296,PHOENIX LAMP,B1,Q,126.15,128.00,126.10,127.60,127.50,127.95,95,18410,2344286.00,
503100,PHOENIX MILL,B ,Q,635.00,635.00,625.00,634.10,635.00,626.35,18,479,301761.00,
526588,PHOTOQUIP(I),B ,Q,10.02,11.50,10.01,11.17,11.17,10.22,79,21425,234648.00,
524808,PHYTOCHEM I.,B ,Q,4.10,4.89,4.10,4.72,4.55,4.50,8,1000,4553.00,
530305,PICCADILY AG,B ,Q,4.75,4.75,4.37,4.41,4.37,4.59,27,15035,66862.00,
507498,PICCADILY SU,B ,Q,6.50,6.82,6.50,6.80,6.60,6.50,61,14775,99220.00,
500331,PIDILITE    ,A ,Q,98.00,98.95,96.60,97.55,98.50,98.05,226,12558,1224975.00,
507864,PION INVEST ,B ,Q,31.75,31.75,31.75,31.75,31.75,32.35,3,325,10318.00,
531879,PIONEER DIS.,B ,Q,14.79,14.79,14.14,14.42,14.21,14.67,13,2354,33870.00,
514300,PIONEER EMB ,S ,Q,67.80,67.90,65.50,66.80,66.80,65.65,84,6349,422538.00,
532679,PIRAMYD RETL,B1,Q,99.80,99.80,95.05,95.75,95.75,95.05,130,8859,854621.00,
530785,PITAMBER COA,T ,Q,1.69,1.70,1.69,1.69,1.69,1.77,3,3750,6367.00,
513519,PITTI LAMIN.,S ,Q,85.20,86.80,85.00,85.90,85.90,86.30,99,6871,589438.00,
500333,PIX TRANS   ,B ,Q,29.75,32.00,29.70,30.80,30.80,32.05,24,3325,102570.00,
523648,PLASTIBLEND ,S ,Q,140.95,141.00,139.00,139.85,139.30,141.00,26,2005,279873.00,
532739,PLETHICO    ,B1,Q,331.00,331.00,325.00,328.95,328.95,323.10,107,5115,1683213.00,
532366,PNB GILTS   ,B1,Q,16.55,17.05,16.55,16.85,16.85,17.00,17,3601,60759.00,
524570,PODDAR PIGM.,S ,Q,11.61,11.85,11.60,11.70,11.63,11.95,7,1200,13960.00,
532486,POKARNA LTD.,B1,Q,229.45,229.45,220.15,222.95,225.00,223.10,17,720,162910.00,
504288,POLAR INDUS.,B ,Q,7.10,7.40,7.10,7.31,7.20,7.45,14,8375,61189.00,
523333,POLAR PHARMA,S ,Q,12.50,12.90,12.20,12.50,12.50,12.50,19,3476,43357.00,
532254,POLARIS SOFT,A ,Q,112.30,113.25,111.45,112.10,112.10,112.00,749,99077,11136490.00,
526687,POLO HOTELS ,Z ,Q,13.93,13.93,13.93,13.93,13.93,13.27,2,300,4179.00,
531768,POLY MEDICUR,B ,Q,109.05,111.00,109.00,109.90,109.55,110.40,29,1918,210621.00,
506605,POLYCHEM    ,B ,Q,110.60,118.00,110.60,114.00,114.00,116.40,10,206,23600.00,
514486,POLYGENTA TE,Z ,Q,2.11,2.11,2.11,2.11,2.11,2.22,1,100,211.00,
531454,POLYLINK POL,B ,Q,6.10,6.85,5.86,5.89,6.85,6.51,7,524,3124.00,
526043,POLYMECH.MCH,B ,Q,4.17,4.17,4.17,4.17,4.17,3.80,1,100,417.00,
524051,POLYPLEX    ,B1,Q,109.10,111.25,107.35,108.65,108.65,109.40,73,14468,1575185.00,
590055,POLYSPIN EXP,S ,Q,15.00,15.00,15.00,15.00,15.00,15.96,4,1000,15000.00,
532626,PONDY OXIDES,B ,Q,4.85,5.15,4.85,5.01,5.02,4.98,165,261700,1311545.00,
532460,PONNI SUG(ER,B ,Q,56.10,58.50,56.10,57.10,57.10,56.65,104,5867,336332.00,
519359,POONA DAL   ,S ,Q,18.70,22.10,18.70,21.70,22.10,20.45,14,1408,30532.00,
522122,PORRITS&SPEN,S ,Q,215.00,218.70,211.15,215.00,215.00,215.50,25,1361,293625.00,
532736,POWERSOFT   ,B1,Q,12.50,12.50,11.12,11.63,11.55,11.60,146,32966,387647.00,
513532,PRADEEP MET.,B ,Q,16.00,16.10,15.90,15.95,15.95,15.78,26,9750,156130.00,
500192,PRAG BOSIMI ,B ,Q,2.81,2.90,2.75,2.84,2.85,2.81,26,8100,22559.00,
522205,PRAJ IND.LTD,B1,Q,173.00,175.50,172.10,173.95,173.95,172.05,2566,240908,41906518.00,
531746,PRAJAY ENGS.,B ,Q,209.00,210.40,201.15,203.40,203.40,208.00,868,73356,15117712.00,
506022,PRAKASH IND.,B ,Q,39.85,40.00,38.50,38.80,39.00,39.30,120,16444,640748.00,
531172,PRANAV.SPIN ,B ,Q,2.90,2.90,2.71,2.71,2.71,3.00,9,1297,3583.00,
507500,PRATAPPUR S.,S ,Q,46.00,46.70,45.25,46.45,46.45,45.85,156,51693,2394475.00,
532718,PRATIBHA IND,B1,Q,180.00,182.90,177.00,180.70,180.70,181.15,477,17221,3111952.00,
526490,PRATIK PANEL,T ,Q,3.95,3.95,3.95,3.95,3.95,4.15,2,500,1975.00,
531257,PRATIKSHA CH,B ,Q,2.30,2.30,2.30,2.30,2.30,2.10,1,68,156.00,
523874,PRECI CONTNR,B ,Q,15.00,15.70,14.95,14.95,14.95,15.00,23,8824,135631.00,
517258,PRECISION EL,S ,Q,54.55,57.00,53.30,54.25,53.50,56.00,31,921,50611.00,
523539,PRECISION WR,B1,Q,169.10,171.45,165.80,167.00,167.00,169.85,34,1005,169245.00,
517230,PREM.AU.ELEC,B ,Q,13.20,13.40,13.10,13.10,13.10,13.50,20,4551,59906.00,
530331,PREMCO GLOB.,S ,Q,18.55,19.00,18.55,18.80,19.00,19.40,7,999,18591.00,
526247,PREMIER EXPL,B ,Q,46.10,48.25,46.10,47.20,47.00,46.95,121,12245,577890.00,
500540,PREMIER LTD ,B1,Q,30.00,30.50,29.45,30.10,30.10,29.75,105,6669,199766.00,
509220,PREMIER TYRE,S ,Q,31.75,32.65,31.35,32.05,32.05,31.65,22,3388,109054.00,
511660,PREMIUM CAP ,B ,Q,1.00,1.09,0.92,0.92,0.92,1.00,10,1200,1248.00,
526773,PRESSURE SEN,B ,Q,2.25,2.25,2.21,2.21,2.21,2.32,5,2100,4721.00,
503873,PRI.SPINNING,B ,Q,23.95,24.35,23.70,24.20,24.00,23.95,59,14879,356881.00,
526109,PRICOL LTD. ,B1,Q,37.10,37.45,36.90,37.10,37.10,37.00,73,10713,397425.00,
530589,PRIMA PLASTI,B ,Q,10.70,10.70,8.65,9.37,9.37,9.36,42,10900,102112.00,
532748,PRIME FOCUS ,B1,Q,327.00,327.00,316.00,317.90,317.90,321.20,92,2082,668781.00,
530695,PRIME PROP  ,S ,Q,107.80,112.25,102.10,110.70,110.70,105.30,619,88510,9671058.00,
500337,PRIME SECUR.,B ,Q,40.30,41.80,39.25,40.40,40.40,40.30,876,162666,6617868.00,
521149,PRIME TEXTIL,B ,Q,148.00,149.30,134.00,140.40,140.40,136.50,106,9044,1257211.00,
509015,PRIMEAST INV,Z ,Q,8.08,8.08,8.08,8.08,8.08,8.50,1,250,2020.00,
500338,PRISM CEMENT,B1,Q,36.20,36.50,35.55,36.25,36.25,35.85,1609,394621,14236698.00,
532675,PRITHVI INFO,B1,Q,321.00,329.95,316.15,327.65,327.65,320.45,1268,42534,13821876.00,
532387,PRITISHN COM,B1,Q,38.25,38.50,37.60,37.90,38.40,37.85,31,4186,158907.00,
524580,PRIYA LTD.  ,S ,Q,18.00,18.00,17.00,17.00,17.00,17.50,9,788,13781.00,
526009,PROCAL ELECT,B ,Q,1.39,1.39,1.39,1.39,1.39,1.27,2,200,278.00,
500459,PROCTER &GAM,A ,Q,870.00,877.00,865.25,868.90,870.00,872.15,126,5711,4984670.00,
526494,PROMACT PLAS,B ,Q,4.52,4.79,4.25,4.41,4.40,4.53,39,12384,54524.00,
530069,PROTO INFOSY,Z ,Q,3.09,3.30,3.09,3.28,3.30,3.25,19,13000,41215.00,
532647,PROVOGUE IND,T ,Q,238.00,245.00,238.00,239.15,238.05,244.45,109,5345,1284583.00,
531611,PRRANETA IND,T ,Q,2.37,2.37,2.23,2.23,2.23,2.34,7,23150,54424.00,
531739,PRUDENTL.PHA,B ,Q,12.98,13.00,12.25,12.39,12.55,12.44,26,19300,244485.00,
532199,PSI DATA SYS,S ,Q,137.00,141.00,137.00,137.35,137.00,139.55,22,840,116132.00,
526801,PSL LTD     ,B1,Q,205.90,207.85,195.00,199.05,199.05,202.35,500,30496,6138839.00,
532524,PTC INDIA   ,B1,Q,57.00,57.20,56.15,56.50,56.50,57.00,276,70654,3995565.00,
500343,PUDUMJEE    ,B1,Q,65.10,70.25,65.10,68.05,68.05,67.70,21,1274,86959.00,
516092,PUDUMJEE AGR,B ,Q,31.45,31.45,31.45,31.45,31.45,30.50,1,200,6290.00,
506852,PUN.ALKALI  ,B1,Q,36.00,37.00,35.65,36.10,36.10,35.65,289,38130,1388541.00,
506618,PUN.CHEM    ,S ,Q,157.50,163.35,157.50,160.50,160.50,160.80,76,2647,426831.00,
500346,PUN.COMMUNI.,S ,Q,32.75,32.80,30.40,31.15,31.15,31.30,47,3537,110384.00,
509839,PUN.WOOLCOMB,Z ,Q,7.90,8.71,7.90,8.71,8.71,8.30,6,311,2462.00,
532693,PUNJ LLOYD  ,A ,Q,742.00,759.00,737.05,746.65,746.65,740.00,3441,138817,104151954.00,
532461,PUNJAB NATIO,A ,Q,465.00,475.00,464.70,472.85,472.85,469.75,3438,169031,79558040.00,
500344,PUNJAB TRACT,A ,Q,225.00,228.00,225.00,225.50,225.00,225.10,73,4744,1074400.00,
532689,PVR LTD     ,B1,Q,240.00,256.00,236.50,244.95,244.95,237.85,1663,96701,24146147.00,
531472,Q-FLEX CABLE,B ,Q,3.50,3.58,3.27,3.58,3.58,3.26,10,1920,6815.00,
532140,R.M.MOHITEX ,B ,Q,83.95,84.00,80.00,82.00,82.00,80.50,11,690,56884.00,
517447,R.S.SOFTWARE,B1,Q,66.80,69.20,66.25,67.50,68.00,68.85,70,4932,332192.00,
512565,R.T.EXPORTS ,S ,Q,19.05,19.05,19.00,19.00,19.00,20.90,2,200,3805.00,
502271,RAASI REFRAC,S ,Q,20.60,20.60,19.70,19.70,19.70,20.10,5,551,10905.00,
532692,RADHA MADHAV,B1,Q,38.85,38.85,35.70,37.30,37.30,37.55,415,115741,4234470.00,
531273,RADHE DEVLOP,B ,Q,12.80,13.80,12.80,13.58,13.58,13.15,109,25061,337305.00,
532497,RADICOKHAIT ,B1,Q,152.00,156.50,146.10,153.40,153.40,150.60,931,42506,6564761.00,
526465,RAGHAV IND. ,B ,Q,49.00,49.50,49.00,49.50,49.50,50.00,2,300,14750.00,
526813,RAGHUNATH IN,B ,Q,6.06,6.06,5.78,6.06,6.06,5.78,13,3450,20816.00,
531552,RAGHUNATH TO,B ,Q,3.68,3.98,3.68,3.98,3.98,3.87,11,805,2963.00,
532153,RAIN CALCING,B1,Q,33.95,34.10,33.20,33.40,33.40,33.65,552,117641,3943832.00,
531694,RAINBOW FOUN,Z ,Q,23.40,23.40,23.40,23.40,23.40,22.30,23,3460,80964.00,
523523,RAINBOW PAP.,S ,Q,95.50,96.00,91.30,95.20,95.00,95.50,79,4315,409428.00,
500339,RAINCOMMODI ,B1,Q,138.10,142.00,134.10,136.50,139.00,140.50,358,33999,4672395.00,
504614,RAIPUR ALLOY,S ,Q,78.95,81.80,78.50,81.00,81.00,80.00,45,4708,381877.00,
530047,RAISAHEB RCK,B ,Q,73.00,74.50,70.80,70.80,70.80,73.50,4,125,9170.00,
530111,RAJ PACKAGIN,B ,Q,11.30,11.84,10.81,11.08,11.08,11.00,27,4376,48178.00,
530699,RAJ RAYON   ,S ,Q,32.00,33.65,32.00,32.30,32.30,32.85,114,37329,1228637.00,
500350,RAJ.SPG.    ,B1,Q,110.05,116.00,110.05,112.30,113.00,111.25,116,9265,1052748.00,
530253,RAJ.TUBE MFG,B ,Q,10.64,11.00,10.62,10.80,10.77,11.00,15,2250,24310.00,
532503,RAJAPAMILLS ,S ,Q,590.00,607.00,534.60,581.25,581.25,581.10,11,94,55502.00,
526662,RAJDARSHAN  ,B ,Q,16.90,16.90,16.90,16.90,16.90,15.59,1,5,84.00,
513043,RAJEN.MECH. ,B ,Q,30.55,30.55,27.50,29.35,29.35,29.45,7,297,8291.00,
526823,RAJES FOUND ,T ,Q,27.60,29.70,27.60,28.00,28.00,28.80,23,11471,317496.00,
531500,RAJESH EXPO.,B ,Q,162.00,168.90,155.30,166.65,166.65,160.60,3416,206833,33779863.00,
522257,RAJOO ENGIN.,S ,Q,44.25,45.00,44.25,45.00,45.00,44.60,2,150,6675.00,
517522,RAJRATAN GUS,B ,Q,101.90,102.00,101.90,102.00,102.00,103.00,6,1220,124420.00,
500354,RAJSH.SUGAR ,B1,Q,118.90,120.00,116.60,118.85,118.85,116.30,285,18464,2186328.00,
532665,RAJVIR IND  ,B ,Q,249.85,249.85,236.50,237.25,236.50,241.00,17,1056,252533.00,
500355,RALLIS INDIA,B1,Q,292.90,299.40,290.00,295.10,295.10,283.95,413,14050,4155131.00,
530951,RAM INFORMAT,T ,Q,17.00,17.50,16.35,16.45,16.45,17.05,59,7916,134748.00,
522281,RAM RAT.WIRE,S ,Q,21.75,21.90,21.70,21.70,21.70,22.10,6,850,18460.00,
500357,RAMA PAPER  ,B ,Q,26.45,26.65,25.75,25.75,25.75,26.70,13,3250,85620.00,
500358,RAMA PETRO  ,B ,Q,2.79,2.79,2.72,2.75,2.75,2.87,11,1600,4387.00,
524037,RAMA PHOSPH ,B ,Q,7.66,8.00,7.65,7.79,7.99,7.74,10,3260,25085.00,
502587,RAMA PULP   ,B ,Q,24.00,24.00,24.00,24.00,24.00,23.55,1,10,240.00,
523289,RAMA VISION ,B ,Q,3.55,3.55,3.23,3.44,3.36,3.39,63,29505,102216.00,
532370,RAMCO  SYSTM,T ,Q,192.40,197.00,190.00,191.40,191.40,191.55,87,27384,5243681.00,
532369,RAMCO INDS. ,B1,Q,1440.00,1488.00,1400.00,1400.00,1400.00,1409.30,23,1210,1750307.00,
515127,RAMMAICA (I),Z ,Q,1.95,1.95,1.95,1.95,1.95,2.04,1,300,585.00,
532690,RAMSARUP IND,B1,Q,100.00,101.10,96.60,97.75,97.75,99.30,466,76846,7558471.00,
507490,RANA SUGARS ,B1,Q,33.00,33.80,31.60,32.00,32.00,32.50,2376,1114618,36100746.00,
500359,RANBAXY LAB.,A ,Q,406.00,417.40,406.00,415.40,415.40,406.80,9083,623410,258361772.00,
531228,RANDER CORP.,B ,Q,3.20,3.20,3.20,3.20,3.20,2.91,1,1000,3200.00,
532328,RANE BRAKE  ,B1,Q,189.00,190.00,185.00,185.00,185.00,182.40,5,165,30761.00,
532490,RANE ENGINEE,B1,Q,388.80,390.00,380.00,388.00,380.00,385.85,14,277,107479.00,
505800,RANE HOLDIN ,B1,Q,163.35,166.00,163.00,164.40,163.00,163.00,13,977,160183.00,
532661,RANE MADRAS ,B1,Q,99.60,100.50,98.35,98.55,98.55,100.55,49,5957,593958.00,
531583,RAP MEDIA   ,B ,Q,417.00,418.00,412.00,412.00,412.00,417.05,4,325,134550.00,
500360,RAPICUT CARB,B ,Q,22.75,22.75,21.75,21.75,21.75,22.10,5,213,4748.00,
500361,RAS PROPACK ,B ,Q,2.27,2.30,2.25,2.25,2.25,2.30,15,13300,30310.00,
522207,RASANDIK ENG,S ,Q,140.00,155.90,140.00,154.40,155.90,141.75,264,17045,2578618.00,
532055,RASHEL AGRO.,B ,Q,1.95,1.99,1.95,1.99,1.99,2.04,4,2050,4077.00,
524230,RASHTR.CHEM.,A ,Q,41.90,43.30,41.45,41.90,41.90,42.05,1312,228807,9700384.00,
531233,RASI ELECTRO,B ,Q,18.85,18.85,17.55,18.10,18.85,17.96,16,4200,76555.00,
507649,RASOI LTD.  ,B ,Q,345.00,348.00,340.00,340.00,340.00,345.00,10,363,125110.00,
531522,RASOYA PROTE,B ,Q,17.75,17.80,17.20,17.75,17.75,16.98,233,162725,2885582.00,
524610,RATHI GRAPH.,B ,Q,5.17,5.18,5.00,5.15,5.15,5.12,9,2800,14295.00,
504896,RATHI ISPAT ,S ,Q,19.40,20.55,18.65,18.75,18.70,18.80,59,9071,172860.00,
504903,RATHI UDYOG ,S ,Q,27.95,27.95,27.45,27.75,27.75,27.45,129,12469,345499.00,
531391,RATNABALI CA,B ,Q,109.00,110.00,108.00,108.00,108.00,109.85,3,250,27250.00,
520111,RATNAMNI MET,S ,Q,345.00,346.90,339.15,339.80,339.80,340.00,32,820,280518.00,
520073,RAUNAQ AUTO ,B ,Q,23.65,23.65,22.65,23.00,22.70,22.95,63,6933,158729.00,
507300,RAVALGAON   ,B ,Q,4300.00,4360.00,4300.00,4342.75,4316.10,4332.45,16,28,121002.00,
500044,RAYBAN SUN  ,B1,Q,82.65,84.45,82.65,83.90,83.90,83.40,354,45562,3816199.00,
500330,RAYMOND     ,A ,Q,438.10,446.80,427.00,443.85,443.85,433.55,917,24543,10780004.00,
526723,RDB INDUSTRI,B ,Q,133.40,137.45,130.00,136.70,137.45,130.95,1038,196230,26654747.00,
513558,REAL STRIPS ,S ,Q,24.50,24.50,22.60,23.35,23.55,23.00,26,1724,39346.00,
500362,RECRON SYN  ,B ,Q,7.58,8.18,7.58,8.12,8.12,7.92,227,156514,1261786.00,
530815,REFNOL RESIN,B ,Q,10.80,11.47,10.60,10.71,11.46,11.00,9,2850,30628.00,
515018,REG.CERAMIC ,B1,Q,18.30,18.30,17.50,17.95,17.95,17.85,11,3600,63765.00,
531033,REGAL ENTERT,B ,Q,3.82,4.40,3.82,3.82,3.82,4.14,3,190,754.00,
532106,REI AGRO LTD,B1,Q,118.95,122.70,118.00,118.85,118.85,118.20,1688,128678,15484148.00,
532712,REL COM LTD ,A ,Q,300.70,302.00,297.00,299.70,299.70,299.65,7338,765986,229735358.00,
532743,REL PET     ,A ,Q,65.30,67.10,64.55,65.60,65.60,65.10,13810,4291058,283006678.00,
500111,REL.CAP.    ,A ,Q,468.00,482.80,464.00,481.85,481.85,464.85,16278,1663998,795018258.00,
503162,REL.CHEMOTX ,S ,Q,17.80,18.75,17.75,18.45,18.45,18.60,15,1405,25555.00,
523445,REL.I.INFRAS,B1,Q,463.00,477.00,458.10,470.00,470.00,461.80,2093,76325,35858761.00,
530517,RELAXO FOOT.,S ,Q,31.80,33.45,31.80,32.20,31.90,32.65,22,1958,62888.00,
500325,RELIANCE    ,A ,Q,1117.00,1128.00,1117.00,1122.15,1122.15,1117.60,14272,824329,926174069.00,
500390,RELIANCE ENR,A ,Q,449.00,449.00,438.00,445.05,445.05,439.40,2189,203863,90659677.00,
511712,RELIC TECHNO,B ,Q,7.17,8.50,7.17,7.20,7.20,7.87,6,601,4327.00,
500365,REMI METALS ,B ,Q,4.48,4.49,4.32,4.41,4.40,4.49,60,29052,128125.00,
530919,REMSONS IND.,B ,Q,20.20,21.00,20.20,21.00,21.00,20.25,7,757,15703.00,
532670,RENUKA SUGAR,B1,Q,638.00,651.90,628.00,644.20,644.20,630.25,1182,24599,15836461.00,
532687,REPRO INDIA ,B1,Q,117.15,122.50,117.15,118.90,119.25,117.65,220,9193,1102297.00,
515085,RESTILE CER.,B ,Q,8.10,8.50,8.10,8.19,8.19,8.52,7,1770,14471.00,
505368,REVATHI EQU.,S ,Q,610.00,639.90,610.00,635.90,639.90,610.85,55,1553,981876.00,
531888,REXNORD ELE.,B ,Q,5.09,6.14,5.08,5.86,5.86,5.59,44,32904,182384.00,
531646,RFL INTERNAT,B ,Q,0.65,0.67,0.64,0.67,0.67,0.64,14,31500,21082.00,
519230,RICHIRICH AG,B ,Q,3.91,4.00,3.73,3.97,3.76,3.99,23,9900,38546.00,
520008,RICO AUTO   ,B1,Q,71.10,72.15,71.00,71.30,71.25,71.45,100,8676,621263.00,
517496,RICOH INDIA ,B ,Q,33.00,33.90,32.20,32.80,32.75,33.20,110,15114,497545.00,
524480,RIDHI SIDHI ,S ,Q,156.75,156.75,148.10,153.00,153.00,149.50,29,4809,724169.00,
507508,RIGA SUGAR  ,S ,Q,90.95,93.00,87.05,92.00,92.00,89.75,285,47437,4320643.00,
532709,RIL NAT RES ,B1,Q,19.75,20.75,19.75,20.20,20.20,19.95,2296,1167365,23719574.00,
531539,RISHABH DIGH,S ,Q,9.45,9.45,9.01,9.02,9.01,9.14,22,7059,65307.00,
526861,RISHI LASER ,B ,Q,70.00,70.00,69.00,69.05,69.00,71.10,31,3035,212320.00,
523021,RISHI PACKER,B ,Q,12.90,12.90,12.90,12.90,12.90,13.00,2,173,2231.00,
523658,RISHIROOP RU,B ,Q,4.10,4.10,3.88,3.91,3.91,4.05,16,2698,10611.00,
526407,RITESH INDUS,T ,Q,12.51,12.70,12.50,12.50,12.50,13.15,38,16659,208568.00,
519097,RITESH INTER,B ,Q,4.70,4.78,4.50,4.61,4.78,4.73,17,7300,33650.00,
532527,RK FORGINGS ,B1,Q,95.10,97.60,94.00,94.50,94.50,95.85,329,18742,1795270.00,
512618,RLF LIMITED.,B ,Q,2.73,3.16,2.73,3.13,3.13,3.12,8,1925,5546.00,
532441,RNBOWDENIM  ,S ,Q,6.52,6.92,6.50,6.80,6.80,6.80,9,3220,21113.00,
532154,ROBINSON WOR,Z ,Q,41.80,41.80,39.90,39.90,39.90,41.65,22,24500,993850.00,
524194,ROCK.H.PETRO,B ,Q,5.60,5.60,5.40,5.49,5.49,5.34,56,37995,210160.00,
532731,ROHIT FERRO ,B1,Q,50.85,52.80,50.85,51.50,51.50,51.55,151,16741,866746.00,
502445,ROHIT PULP  ,B ,Q,6.81,6.86,6.81,6.86,6.86,7.43,5,1450,9926.00,
502448,ROLLATAINER ,B ,Q,10.00,10.00,9.40,9.60,9.99,10.00,14,4000,39218.00,
500366,ROLTA (I)   ,A ,Q,221.00,223.00,218.15,218.90,218.90,220.10,3694,252454,55555449.00,
530991,ROOPA INDUS ,B ,Q,3.40,3.55,3.30,3.31,3.55,3.40,5,2109,7162.00,
526753,ROSE LABS.  ,B ,Q,2.92,2.92,2.92,2.92,2.92,3.15,2,400,1168.00,
530631,ROSE ZINC   ,Z ,Q,7.66,7.66,7.30,7.66,7.66,7.30,22,11500,87423.00,
531324,ROSELABS FIN,Z ,Q,1.62,1.62,1.62,1.62,1.62,1.70,2,700,1134.00,
517500,ROTO PUMPS  ,B ,Q,30.70,32.60,30.60,32.60,32.60,30.30,18,2276,71706.00,
526193,ROYAL CUSHIO,S ,Q,18.00,18.00,17.60,17.70,17.70,17.00,7,445,7964.00,
526640,ROYALE MANOR,B ,Q,31.15,31.25,30.30,30.50,30.35,31.15,126,16590,512212.00,
532699,ROYALORCH   ,B1,Q,169.00,169.50,164.00,167.45,167.45,169.65,198,9281,1553162.00,
517056,RPG CABLES  ,B1,Q,34.40,34.40,32.50,34.40,34.40,32.80,479,167189,5688802.00,
500384,RPG LIFE SCI,B1,Q,125.50,126.25,124.00,124.70,124.70,125.10,202,28013,3500121.00,
590029,RPG TRANS(PS,B1,Q,126.00,126.00,121.00,121.60,121.60,125.35,538,34783,4280039.00,
532735,RSYSTEMS INT,B1,Q,172.90,177.70,168.50,170.05,170.05,171.85,607,28769,4976821.00,
531215,RTS POWER CO,B ,Q,83.50,85.80,83.10,83.95,83.95,84.20,120,6694,568042.00,
526496,RUBBER PROD.,B ,Q,6.50,7.50,6.16,7.50,7.50,6.82,10,9324,67921.00,
500367,RUBFILA INT.,B ,Q,3.51,3.51,3.50,3.50,3.50,3.68,10,4775,16717.00,
503169,RUBY MILLS  ,B ,Q,276.00,276.00,269.00,269.55,270.00,274.35,23,625,169179.00,
509020,RUCHI INFRA.,B ,Q,27.05,27.80,27.00,27.30,27.30,27.55,196,55210,1508341.00,
500368,RUCHI SOYA  ,B1,Q,260.00,267.50,260.00,261.15,261.15,260.70,477,24173,6366014.00,
513295,RUCHI STRIPS,B ,Q,9.11,9.40,9.11,9.16,9.16,9.12,17,8555,78659.00,
531135,S & Y MILLS ,B ,Q,3.70,3.70,3.70,3.70,3.70,3.80,1,150,555.00,
532316,S KUMARS.COM,B ,Q,2.09,2.20,2.00,2.19,2.20,2.20,17,10295,21980.00,
513583,S.B.& T INT.,B1,Q,47.95,49.15,47.95,48.20,48.45,47.60,24,1280,61929.00,
516108,S.I.PAPER   ,B ,Q,54.25,55.80,54.25,54.35,54.25,53.55,14,2850,155653.00,
514304,S.KUMARS NAT,B1,Q,73.10,74.35,72.00,73.05,73.05,72.85,1509,573186,41953201.00,
513515,S.R.INDUS.  ,B ,Q,8.76,9.07,8.43,8.52,8.51,8.72,27,15477,132772.00,
504908,S.S.DUNCAN  ,S ,Q,99.65,100.00,98.00,98.00,98.00,96.35,21,1766,175524.00,
531374,SAAG RR INFR,B ,Q,39.00,39.50,38.70,39.05,39.05,39.35,57,11488,449667.00,
531901,SAARC NET LT,Z ,Q,0.64,0.64,0.63,0.64,0.64,0.66,21,22000,14030.00,
524446,SABERO ORG. ,B1,Q,11.70,12.10,11.70,11.93,12.00,11.63,33,9452,112524.00,
530461,SABOO SODIUM,B ,Q,7.50,7.99,7.30,7.35,7.35,7.50,9,1701,12691.00,
531869,SACHETA MET.,B ,Q,8.30,8.90,8.30,8.50,8.50,8.51,8,1500,12857.00,
532710,SADBHAV ENGG,B1,Q,386.10,395.00,386.10,389.15,389.15,389.20,347,9291,3626879.00,
506642,SADHANA NITR,B ,Q,68.65,73.00,68.65,72.50,73.00,68.90,9,259,18534.00,
523025,SAFARI IND. ,B ,Q,20.85,20.90,20.25,20.90,20.90,19.95,12,8400,175355.00,
502090,SAGAR CEM.  ,TS,Q,86.60,89.00,85.20,87.30,86.15,88.55,295,58895,5136029.00,
511533,SAHARA HOUSG,B ,Q,42.00,42.30,40.50,40.75,40.50,40.40,11,316,13151.00,
503691,SAHARA ONE  ,S ,Q,325.00,347.70,325.00,338.50,338.50,339.00,23,10385,3555369.00,
531203,SAHIL FINANC,T ,Q,17.90,17.90,17.90,17.90,17.90,18.80,2,102,1825.00,
532543,SAHPETROLEUM,B1,Q,14.55,14.55,14.00,14.04,14.04,14.11,70,13773,194973.00,
526681,SAI SERVICES,B ,Q,90.10,92.00,90.00,90.35,91.00,90.30,20,1405,127013.00,
530265,SAINIK FIN. ,B ,Q,6.41,7.49,6.40,7.01,6.77,7.20,9,2178,14640.00,
515043,SAINT-GOBAIN,B1,Q,33.85,33.90,32.75,33.00,32.75,33.60,128,29765,984362.00,
590051,SAKSOFT LTD ,B1,Q,74.00,81.00,74.00,79.65,79.65,77.15,71,8304,645067.00,
511066,SAKTHI FIN. ,B ,Q,12.50,13.25,12.50,13.10,13.20,12.25,10,1075,13931.00,
507315,SAKTHI SUGAR,B1,Q,127.10,138.40,125.10,136.60,136.60,126.25,4361,309306,41152755.00,
532713,SAKUMA EXPO ,B1,Q,20.10,21.50,20.10,21.05,21.05,20.90,90,15975,335663.00,
590056,SALONA COTSP,S ,Q,18.50,18.50,18.50,18.50,18.50,18.70,2,800,14800.00,
500370,SALORA INT. ,B1,Q,81.00,81.80,78.55,79.80,79.80,80.05,133,8356,671315.00,
532604,SALSTEEL    ,B1,Q,13.00,13.33,13.00,13.16,13.12,13.18,86,26134,344540.00,
517059,SALZER ELEC ,S ,Q,68.90,70.95,65.50,67.75,68.00,68.05,24,1500,100731.00,
532005,SAM INDUS.  ,B ,Q,25.50,25.50,25.50,25.50,25.50,24.30,7,1500,38250.00,
521240,SAMBANDAM SP,S ,Q,107.50,107.85,104.00,104.55,104.55,104.95,109,4834,508594.00,
511630,SAMBHAAV MED,B ,Q,2.03,2.22,2.03,2.21,2.22,2.12,32,95252,207894.00,
520075,SAMKRG PIST.,S ,Q,86.00,86.00,80.00,80.70,80.05,82.95,32,2875,233653.00,
530617,SAMPRE NUTRI,B ,Q,6.41,6.89,6.41,6.45,6.45,7.12,32,14291,91607.00,
530125,SAMRAT PHARM,S ,Q,8.32,8.60,8.30,8.32,8.35,8.58,6,524,4364.00,
500372,SAMTEL COL  ,B1,Q,39.00,41.50,39.00,40.70,40.70,39.70,119,15592,632195.00,
500371,SAMTEL IND. ,S ,Q,25.00,25.90,23.15,25.00,25.00,25.40,16,1719,42139.00,
521206,SAMTEX FASH.,S ,Q,20.90,20.90,20.20,20.80,20.80,20.65,10,940,19217.00,
523116,SANCO TRANS ,B ,Q,73.00,75.00,73.00,74.05,74.00,74.30,11,635,47100.00,
526725,SANDESH LTD.,B1,Q,136.55,139.00,135.00,135.00,135.00,138.10,16,1020,139497.00,
524703,SANDU PHARMA,B ,Q,11.50,11.99,11.14,11.23,11.23,11.35,17,2855,33111.00,
504918,SANDUR MANG.,Z ,Q,40.95,40.95,40.90,40.90,40.90,43.00,3,500,20460.00,
514234,SANGAM INDIA,B1,Q,69.95,70.95,69.25,69.65,69.65,70.05,31,1949,135821.00,
526521,SANGHI IND. ,B ,Q,72.25,72.40,66.50,67.60,67.60,69.55,185,35012,2408221.00,
530073,SANGHVI MOVE,B ,Q,665.20,679.00,663.00,675.00,675.00,676.00,63,7930,5351500.00,
531898,SANGUINE MD ,B ,Q,25.95,27.70,25.00,25.75,25.10,25.70,136,41151,1079512.00,
531569,SANJIVANI PA,B ,Q,37.00,37.25,36.10,36.95,36.95,37.05,98,13777,508610.00,
531312,SANRA COMP. ,Z ,Q,15.69,15.69,15.69,15.69,15.69,14.95,5,900,14121.00,
519260,SANWARIA AGR,S ,Q,57.00,59.00,57.00,58.00,58.00,58.45,27,1453,83504.00,
911545,SAR SAROVR-D,F ,D,50457.00,50750.00,50457.00,50689.22,50750.00,50570.62,55,83,4202162.00,
532031,SARANG CHEM.,B ,Q,1.94,1.95,1.77,1.78,1.78,1.86,13,7400,13907.00,
516032,SARDA PAPERS,B ,Q,3.60,4.34,3.60,4.29,4.29,3.98,4,352,1302.00,
516003,SARDA PLY.  ,B ,Q,26.00,27.40,26.00,26.95,27.00,26.30,22,2215,59293.00,
532163,SAREGAMA (I),B1,Q,175.30,176.80,173.00,173.55,173.55,176.60,87,3077,536850.00,
526885,SARLA POLY. ,S ,Q,104.95,104.95,101.25,102.85,102.85,103.00,35,2017,206578.00,
514412,SARUP TANNER,S ,Q,30.00,30.00,26.65,27.95,28.00,27.75,15,298,8216.00,
532663,SASKEN COMM ,B1,Q,315.00,320.90,304.00,305.30,305.30,311.75,286,111582,34123533.00,
511076,SAT INVEST. ,S ,Q,7.20,7.25,7.15,7.20,7.20,7.22,5,1200,8620.00,
512559,SATNAM OVER.,B1,Q,78.80,79.80,77.50,77.70,77.70,77.80,296,25434,1990149.00,
508996,SATPROP LTD ,B ,Q,304.00,304.45,292.95,303.65,295.00,298.50,27,1176,356248.00,
526093,SATVAH.ISPAT,B1,Q,19.80,20.00,19.50,19.60,19.55,20.05,68,30211,596337.00,
500376,SATYAM COM  ,A ,Q,810.00,814.70,796.10,799.85,799.85,808.20,7358,530189,426774947.00,
502175,SAURAS.CEM. ,B1,Q,69.50,72.00,67.25,68.15,68.00,69.55,40,4154,289743.00,
532404,SAVEN TECHNO,B ,Q,9.62,9.62,9.62,9.62,9.62,9.44,16,14809,142462.00,
512634,SAVERA HOTEL,B ,Q,55.00,55.50,54.70,54.75,54.70,54.70,14,880,48426.00,XD
524667,SAVITA CHEM.,B1,Q,467.75,467.95,460.05,461.95,461.00,465.10,74,757,350613.00,
523710,SAYAJI HOTEL,B ,Q,51.00,51.90,48.95,50.15,50.15,49.90,78,8491,424866.00,
532102,SBEC SUGAR  ,B ,Q,17.45,17.50,16.85,16.85,16.85,17.16,7,550,9395.00,
512585,SCANA COLOUR,Z ,Q,5.29,5.29,4.95,4.95,4.95,5.04,2,300,1553.00,
526544,SCANPOINT GR,B ,Q,3.45,3.45,3.44,3.44,3.44,3.62,3,700,2410.00,
505590,SCENARIO MED,Z ,Q,91.95,91.95,91.95,91.95,91.95,90.15,16,6800,625260.00,
507894,SCHABLONA (I,B ,Q,8.00,8.00,8.00,8.00,8.00,8.90,2,150,1200.00,
500123,SCHENEC.BECK,S ,Q,263.05,273.20,261.00,262.05,269.90,272.55,10,105,27514.00,
506460,SCHENECTADY ,B1,Q,34.75,34.90,34.35,34.40,34.45,35.15,31,3417,118354.00,
505358,SCHLAF.ENGG.,Z ,Q,9.76,10.20,9.76,10.20,10.20,10.27,14,4550,45541.00,
501887,SCINDIA STEA,Z ,Q,1.41,1.41,1.41,1.41,1.41,1.35,2,150,211.00,
505141,SCOOTERS IND,B ,Q,24.05,24.75,24.05,24.05,24.05,24.85,6,1000,24345.00,
521182,SEASONS FUR.,B ,Q,8.95,8.95,8.05,8.05,8.05,8.16,14,1692,13703.00,
514264,SEASONS TEXT,S ,Q,7.50,8.00,7.30,7.98,8.00,7.65,44,6997,53422.00,
530269,SECURIT.CAP ,B ,Q,37.25,37.65,37.25,37.65,37.65,35.00,4,585,21905.00,
700108,SEL CRPS    ,B ,P,52.75,52.75,52.75,52.75,52.75,52.25,2,539,28432.00,
530075,SELAN EXPLOR,S ,Q,67.20,68.80,66.30,67.00,67.10,68.60,117,19358,1306598.00,
507984,SER INDUST. ,T ,Q,11.35,11.35,11.35,11.35,11.35,10.81,2,250,2837.00,
500295,SESA GOA    ,B1,Q,955.00,955.00,927.00,934.45,934.45,954.90,3265,89984,84326747.00,
502450,SESHA.PAPER ,B1,Q,114.20,121.60,114.20,118.95,118.20,116.00,24,1286,150808.00,
505075,SETCO AUTO  ,Z ,Q,127.80,135.00,127.80,127.80,127.80,134.50,3,150,19530.00,
531812,SGN TELECOMS,Z ,Q,0.36,0.37,0.36,0.36,0.36,0.37,19,74500,26835.00,
502563,SH.BHAWANI  ,B ,Q,14.75,14.98,14.15,14.58,14.50,15.00,18,3520,50996.00,
524336,SH.HARI CHEM,B ,Q,4.80,5.00,4.80,5.00,5.00,4.85,5,1100,5406.00,
527005,SH.PACETRON.,S ,Q,9.77,10.96,9.77,9.78,9.78,10.85,23,6125,60563.00,
513349,SH.PRECOATED,B ,Q,180.30,186.50,177.00,183.95,183.95,178.15,1581,313526,57130343.00,
507468,SH.VANI SUGR,B ,Q,4.50,4.60,4.36,4.54,4.57,4.55,35,11277,50473.00,
513436,SHAH ALLOYS ,B1,Q,173.00,175.90,168.60,172.15,172.15,171.90,1177,141448,24509481.00,
519031,SHAH FOOD(P),Z ,Q,9.80,9.95,9.60,9.60,9.60,9.50,3,502,4914.00,
526510,SHAKTI MET-D,Z ,Q,193.55,193.55,190.00,190.00,190.00,184.35,2,300,57355.00,
531431,SHAKTI PUMPS,S ,Q,90.90,95.50,90.90,95.00,95.00,95.00,6,125,11757.00,
511754,SHALIB.FINAN,B ,Q,9.70,10.18,9.70,10.18,10.18,9.70,4,15790,160547.00,
509874,SHALIMAR PAI,S ,Q,170.00,172.00,160.00,161.15,160.00,170.40,21,1130,188697.00,
512499,SHALIMAR PRO,B1,Q,0.69,0.70,0.69,0.70,0.70,0.69,4,6000,4195.00,
532455,SHALIMAR WIR,B ,Q,5.31,5.85,5.31,5.59,5.59,5.58,8,525,2796.00,
514209,SHAMKEN COT.,T ,Q,1.22,1.22,1.22,1.22,1.22,1.28,2,650,793.00,
514152,SHAMKEN MULT,B1,Q,1.39,1.40,1.32,1.34,1.34,1.34,15,16997,23446.00,
500386,SHAMKEN SPIN,B1,Q,1.83,1.83,1.51,1.53,1.51,1.67,19,15047,23618.00,
531240,SHAMROCK IND,B ,Q,2.80,2.81,2.55,2.64,2.64,2.68,43,11900,31438.00,
522034,SHANTHI GEAR,B1,Q,62.25,65.00,62.25,64.05,64.50,63.35,94,4559,291950.00,
530989,SHANTIVIJAY ,S ,Q,75.75,75.75,68.30,73.95,74.00,70.45,7,102,7578.00,
512393,SHARDUL SECU,B ,Q,25.00,25.00,24.50,24.85,25.00,25.15,7,23350,579975.00,
590034,SHARON BIO  ,S ,Q,94.15,99.90,94.10,96.90,96.90,95.40,108,6917,675451.00,
523449,SHARP INDIA ,B1,Q,24.25,24.45,22.60,24.00,24.00,23.45,63,20253,479832.00,
511413,SHARYANS RES,B ,Q,213.50,213.75,203.50,203.85,203.50,213.85,53,15702,3278933.00,
524552,SHASUN CHEM.,B1,Q,80.50,80.50,79.80,80.05,80.05,80.30,63,16857,1349199.00,
501379,SHAW WALLACE,B1,Q,138.80,141.50,136.00,137.55,137.55,135.55,825,55270,7651120.00,
531800,SHEETAL BIO ,B ,Q,0.25,0.26,0.22,0.22,0.23,0.24,35,95156,21680.00,
526137,SHETRON LTD ,B ,Q,52.00,67.10,52.00,67.00,67.10,63.25,25,1339,89138.00,
531201,SHILCHAR ELE,Z ,Q,47.00,47.00,46.55,46.55,46.55,48.95,2,300,14010.00,
513709,SHILP GRAVUR,S ,Q,38.80,38.80,38.00,38.00,38.00,38.80,2,100,3840.00,
530549,SHILPA MEDIC,B ,Q,341.90,350.00,337.05,349.15,349.15,345.95,23,1147,394366.00,
513418,SHIMOGA TECH,B ,Q,0.33,0.33,0.33,0.33,0.33,0.34,3,14678,4843.00,
523598,SHIPP.CORPN ,A ,Q,147.90,150.90,146.55,150.00,150.00,145.95,1266,156468,23361608.00,
512289,SHIRPUR GOLD,B1,Q,15.30,15.30,14.60,15.20,14.70,15.20,11,1000,15169.00,
513097,SHIV.BIMETAL,B ,Q,15.45,18.15,14.80,18.15,18.15,15.14,257,61684,1058528.00,
532323,SHIVA CEMENT,B ,Q,2.85,2.88,2.61,2.83,2.88,2.78,309,223177,620709.00,
530433,SHIVA FERT. ,B ,Q,7.20,7.64,7.16,7.64,7.64,7.78,6,398,2923.00,
511108,SHIVA TEXYAM,B ,Q,43.20,46.00,43.20,44.95,46.00,45.45,23,9034,392398.00,
506131,SHIVAJI SEC.,B ,Q,17.85,17.85,17.85,17.85,17.85,17.04,1,50,892.00,
532730,SHIVALIK GBL,B1,Q,25.25,26.15,24.90,25.85,25.85,24.70,164,28929,743477.00,
522175,SHIVVANI OIL,S ,Q,187.05,191.00,182.00,189.00,188.55,187.60,145,14160,2681128.00,
511607,SHLOKA INFO ,B ,Q,8.50,8.84,8.50,8.84,8.84,8.67,3,1150,9852.00,
512028,SHONKH TECH.,Z ,Q,2.67,2.67,2.67,2.67,2.67,2.55,1,500,1335.00,
532638,SHOPPER STOP,B1,Q,482.00,488.60,477.00,477.00,477.00,472.80,10,57,27595.00,
511591,SHRACHI SEC.,B ,Q,43.80,47.30,42.10,43.80,43.80,45.15,170,42343,1854170.00,
890122,SHRBHAWNIPP ,B ,Q,6.65,6.65,5.36,6.00,6.00,6.50,10,2354,14028.00,
500387,SHREE CEMENT,B1,Q,932.50,953.95,932.50,943.70,943.70,953.70,91,2011,1904557.00,
500388,SHREE KRISHN,S ,Q,15.30,15.55,15.25,15.34,15.25,14.53,7,328,5033.00,
531351,SHREE RAJAST,B ,Q,6.28,6.29,6.28,6.29,6.29,6.20,5,1100,6918.00,
503837,SHREE RAJSYN,S ,Q,20.00,20.50,19.50,20.20,20.10,20.40,21,2706,54228.00,
503205,SHREE RAM   ,B ,Q,387.00,387.00,366.45,367.85,366.45,385.70,18,227,83812.00,
532310,SHREE RAMA  ,B1,Q,4.70,4.85,4.66,4.70,4.67,4.75,151,128277,610038.00,
531482,SHREE YAAX P,B ,Q,2.18,2.18,2.18,2.18,2.18,2.42,1,550,1199.00,
523236,SHRENUJ & CO,B1,Q,36.00,36.00,35.30,35.30,35.30,35.60,15,4100,146436.00,
520151,SHREY SH LOG,B ,Q,150.00,152.25,150.00,151.55,151.00,150.05,26,2681,403858.00,
516016,SHREYANS IND,S ,Q,28.10,29.00,27.80,28.90,28.90,28.80,14,2381,68677.00,
526335,SHREYAS INTE,B ,Q,39.65,44.00,39.65,43.05,44.00,42.00,23,9400,399242.00,
526981,SHRI BAJRANG,Z ,Q,65.00,67.45,64.00,67.00,67.00,64.25,12,6000,400625.00,
503804,SHRI DINESH ,S ,Q,917.00,917.00,860.15,887.35,886.95,877.85,23,196,172989.00,
530697,SHRI LAKHAVI,Z ,Q,2.05,2.05,2.05,2.05,2.05,2.15,1,100,205.00,
532631,SHRINGAR    ,B1,Q,46.20,47.50,45.15,46.90,46.90,46.90,157,20957,977453.00,
531359,SHRIRAM ASSE,B ,Q,9.75,9.80,9.75,9.75,9.75,8.99,5,455,4446.00,
530515,SHRIRAM OVER,B ,Q,55.60,55.65,55.55,55.60,55.55,55.10,4,1217,67649.00,
511218,SHRIRAM TRAN,B1,Q,104.00,107.00,104.00,106.55,107.00,105.00,218,19270,2032533.00,
532498,SHRMCITYUN  ,B1,Q,105.05,107.00,105.00,105.00,105.00,111.85,31,3733,393441.00,
531715,SHUKUN CONS.,B ,Q,0.77,0.82,0.77,0.77,0.77,0.81,131,327267,252681.00,
526365,SHYAM STAR G,B ,Q,7.75,7.88,7.50,7.50,7.50,7.17,15,4380,34322.00,
520086,SICAL LOG   ,B1,Q,233.00,237.00,233.00,235.50,235.50,232.90,73,4620,1087314.00,
523728,SIDDHARTH TB,B ,Q,3.37,3.37,3.37,3.37,3.37,3.43,1,1,3.00,
523371,SIEL LIMITED,B1,Q,42.35,43.60,42.35,43.00,42.90,43.45,63,4469,192583.00,
500550,SIEMENS LTD.,A ,Q,1055.80,1085.00,1050.00,1080.85,1080.85,1048.80,6462,190080,204141475.00,
523606,SIKA INTER. ,B ,Q,37.50,38.20,36.55,36.90,36.55,36.85,13,1365,51321.00,
531738,SILICON VAL.,B ,Q,0.80,0.82,0.76,0.78,0.78,0.79,21,27096,21604.00,
526835,SILKTEX LTD.,S ,Q,33.00,33.40,32.80,33.10,33.10,32.90,38,11701,386937.00,
531626,SILVER SMITH,S ,Q,11.25,12.40,11.01,11.30,11.32,11.25,26,8195,92764.00,
500389,SILVERLINE  ,Z ,Q,5.08,5.39,5.07,5.24,5.24,5.24,396,330242,1744883.00,
507446,SIMBH.SUGAR ,S ,Q,72.50,76.30,71.15,75.85,75.85,73.65,2963,484982,36405583.00,
507998,SIMMONDS-MAR,B ,Q,48.50,51.90,48.35,50.85,50.85,48.00,52,2838,142055.00,
513472,SIMPLEX CAST,B ,Q,35.20,36.40,35.20,36.00,36.00,36.30,25,3687,132915.00,
503229,SIMPLEX MILL,B ,Q,146.50,146.55,133.00,141.35,142.00,139.65,19,5177,725941.00,
504382,SIMPLEX TRAD,Z ,Q,15.75,15.75,15.75,15.75,15.75,15.04,1,50,787.00,XD
523838,SIMPLX INFRA,B1,Q,1519.00,1540.00,1510.00,1517.20,1517.20,1509.25,38,467,709757.00,
519566,SIMRAN FARMS,B ,Q,2.11,2.11,2.10,2.10,2.10,2.19,3,1400,2950.00,
523023,SINCLAIR HOT,S ,Q,139.85,142.00,133.00,140.00,133.00,141.00,6,159,22264.00,
505729,SINGER INDIA,B ,Q,6.34,6.34,6.10,6.11,6.11,6.26,21,2944,18177.00,
502742,SINTEX IND. ,B1,Q,168.20,173.90,167.20,172.35,172.35,168.30,527,24113,4124031.00,
524138,SIRO PLAST  ,S ,Q,51.15,54.00,51.15,53.25,53.25,50.10,50,3900,203352.00,
502455,SIRPUR PAPER,B1,Q,83.80,86.75,83.80,86.25,86.75,83.95,167,12473,1068127.00,
503811,SIYARAM SILK,S ,Q,346.00,350.00,345.05,349.85,350.00,354.80,21,635,220138.00,
500472,SKF INDIA   ,A ,Q,290.00,294.00,288.50,292.80,292.90,286.00,125,5556,1614035.00,
532143,SKM EGG PROD,B ,Q,22.80,23.00,22.60,22.65,22.60,22.95,11,1050,23840.00,
531169,SKP SECURE. ,B ,Q,24.75,25.10,23.00,24.00,25.05,24.25,21,1459,35193.00,
526508,SKS SHIP LTD,S ,Q,25.50,30.00,25.40,28.75,28.45,25.55,285,30780,882414.00,
526479,SKY INDUST. ,S ,Q,37.10,37.50,37.00,37.30,37.30,38.80,13,3099,115390.00,
523846,SKYPAK SERV.,B ,Q,10.75,11.84,10.75,11.84,11.84,11.28,3,10823,116456.00,
522042,SM ENERGY   ,T ,Q,3.92,4.00,3.80,3.86,4.00,3.81,17,5658,22529.00,
508905,SMIFS CAPITA,B ,Q,22.30,22.40,20.00,20.15,20.00,18.90,6,200,4252.00,
590046,SMRUTHI ORG ,S ,Q,72.45,76.50,72.45,75.00,75.00,75.50,8,772,58151.00,
524160,SMZS CHEM.  ,B ,Q,4.13,4.49,4.12,4.12,4.12,4.33,9,1850,7665.00,
531890,SNOWCEM (I) ,B ,Q,7.26,7.31,7.25,7.28,7.29,7.48,35,16755,122085.00,
514240,SNS TEXTILES,B ,Q,4.17,4.17,3.95,4.00,4.00,3.96,8,3372,13560.00,
532332,SOFTPRO SYS.,B ,Q,33.15,34.75,33.00,33.60,34.70,33.25,31,2493,83925.00,
532344,SOFTSOL (I) ,S ,Q,41.25,41.50,40.05,40.15,40.15,40.95,13,2960,121903.00,
532293,SOFTWARE TEC,B ,Q,7.06,7.25,7.06,7.15,7.15,7.41,10,1299,9288.00,
532725,SOLAR EXPL  ,B1,Q,149.05,153.00,149.05,150.10,150.00,151.10,63,2450,369471.00,
517544,SOLECTRON C.,B1,Q,168.50,171.90,168.30,169.20,169.20,167.85,204,10078,1712292.00,
513699,SOLID GRANIT,T ,Q,36.00,37.80,34.30,37.80,37.80,36.00,3,300,10810.00,
522152,SOLITAIR MAC,B ,Q,12.05,12.94,12.05,12.57,12.94,12.51,6,2330,29591.00,
532447,SOLVAY PHAR.,B1,Q,480.00,499.00,450.05,483.35,482.70,482.60,50,717,343167.00,
507514,SOM DISTILL.,B ,Q,13.50,13.50,13.00,13.44,13.44,13.50,21,7364,97025.00,
521034,SOMA TEXTILE,B ,Q,32.35,32.60,30.50,32.05,32.05,31.75,244,44331,1400686.00,
511571,SOMDATT FIN ,B ,Q,9.83,9.90,9.82,9.86,9.86,9.83,18,14250,140659.00,
520057,SONA KOYO ST,B1,Q,91.60,92.65,91.00,91.70,91.70,91.60,228,43787,4016299.00,
532221,SONATA SOFT.,T ,Q,29.00,29.00,28.50,28.70,28.60,28.85,151,38366,1103177.00,
514492,SONIA TEXTIL,S ,Q,20.50,20.50,19.95,19.95,19.95,20.75,2,400,8145.00,
532452,SOUTH ASIA P,B ,Q,9.60,9.80,9.50,9.56,9.56,9.68,107,47099,450945.00,
526807,SOUTH EAST  ,B1,Q,177.20,181.80,176.05,177.60,177.60,177.05,391,23578,4206330.00,
532218,SOUTH IND.BK,B1,Q,68.20,69.00,67.60,67.95,67.95,68.95,192,21580,1472617.00,
590030,SOUTH PET(PS,B1,Q,19.00,19.40,18.70,18.85,18.80,19.05,104,21655,412259.00,
530491,SOUTH.IRON  ,B ,Q,17.60,18.60,17.60,18.25,18.25,18.15,276,265942,4840884.00,
531645,SOUTH.ISPAT ,S ,Q,15.85,16.40,15.55,16.20,16.15,15.64,84,25167,407218.00,
532669,SOUTHBIOTEC ,T ,Q,13.00,13.99,12.85,13.27,13.75,13.41,118,58351,774973.00,
523826,SOVEREIGN DI,T ,Q,5.50,5.80,5.49,5.49,5.49,5.77,8,2400,13180.00,
524727,SPAN DIAGNOS,S ,Q,43.90,43.90,42.00,42.60,42.00,42.00,10,190,8049.00,
508976,SPANCO TELE.,S ,Q,115.50,120.00,107.00,116.10,116.10,113.95,4305,425321,47718727.00,
515003,SPARTEK     ,Z ,Q,7.89,7.89,7.89,7.89,7.89,7.52,3,299,2359.00,
531702,SPBL LTD.   ,S ,Q,15.55,15.55,15.55,15.55,15.55,15.50,2,160,2488.00,
502465,SPECIALITY P,B ,Q,27.35,27.35,26.35,26.90,26.90,26.50,7,800,21510.00,
513687,SPECTRA IND.,B ,Q,9.27,9.40,9.11,9.11,9.11,10.12,22,4224,38725.00,
517166,SPEL SEMICON,B1,Q,16.05,16.55,15.85,15.95,15.95,15.85,96,21813,350714.00,
526161,SPENTA INT. ,B ,Q,21.90,24.00,21.85,23.40,22.65,21.51,51,18555,433170.00,
521082,SPENTEX INDS,B ,Q,62.05,64.95,62.05,64.40,64.30,62.55,123,20790,1328389.00,
526827,SPICE ISLAND,S ,Q,5.25,5.25,5.25,5.25,5.25,5.25,1,200,1050.00,
517214,SPICE LTD   ,S ,Q,18.50,21.25,18.50,19.60,19.60,19.50,203,27571,555619.00,
555555,SPICE-ETF   ,T ,Q,115.00,120.00,115.00,116.00,116.00,116.29,5,142,16463.00,
500285,SPICEJET LTD,B ,Q,44.00,44.15,42.05,42.20,42.20,43.50,1609,333866,14315347.00,
532651,SPL INDS    ,B1,Q,38.45,39.00,38.20,38.75,38.75,38.35,56,12443,483805.00,
531548,SPL LIMITED ,B1,Q,66.20,68.95,66.20,68.65,68.70,66.10,8,237,15912.00,
530177,SPS INTL.   ,B ,Q,3.56,3.56,3.25,3.40,3.40,3.95,21,11975,40721.00,
532249,SQL STAR INT,TS,Q,28.55,31.10,28.20,31.10,31.10,29.65,221,119261,3667822.00,
532701,SREE SAKTHI ,B1,Q,12.00,12.28,11.71,11.76,11.74,12.03,115,31264,372999.00,
507753,SREE.RAY.ALK,B ,Q,11.01,11.75,11.01,11.40,11.40,11.38,47,7142,82119.00,
523756,SREIINFRA   ,B1,Q,43.20,46.60,43.20,45.60,45.60,44.25,4364,801019,36412389.00,
503806,SRF LIMITED*,B1,Q,234.00,242.50,232.00,233.40,233.40,236.40,3817,666180,156824758.00,
532750,SRF LIMITED*,B ,Q,240.00,240.00,240.00,240.00,240.00,235.00,7,574,137760.00,
532468,SRF POLYMERS,S ,Q,155.10,158.90,151.05,157.35,157.90,160.05,51,2681,419984.00,
511525,SRG INFOTEC ,B1,Q,0.70,0.71,0.67,0.71,0.71,0.68,41,62175,43434.00,
530943,SRI ADHIKARI,B1,Q,15.90,15.90,15.05,15.15,15.25,15.16,142,26144,400249.00,
502180,SRI DIGV CEM,S ,Q,25.65,27.40,25.55,27.05,27.05,25.75,1140,470996,12556664.00,
521236,SRI GANAPATH,B ,Q,33.70,33.70,33.00,33.05,33.05,31.50,6,750,25005.00,
531141,SRI JAYALAKS,B ,Q,4.30,4.30,3.85,3.85,3.85,3.95,12,2722,10500.00,
521161,SRI LAK.SAR.,S ,Q,36.35,36.35,36.35,36.35,36.35,36.40,1,100,3635.00,
521234,SRI NACHAMAI,S ,Q,26.70,26.70,26.50,26.50,26.50,27.45,4,500,13280.00,
521178,SRI RAMK.MIL,S ,Q,19.35,19.50,18.50,19.45,19.50,19.00,5,1300,24650.00,
526893,SRINIVASA HA,S ,Q,65.00,68.35,65.00,68.30,68.30,67.00,8,1212,81658.00,
530821,SRINIWAS SHP,S ,Q,250.00,256.95,250.00,255.85,255.00,246.00,20,2370,594426.00,
531536,SRIVEN MULT.,Z ,Q,1.82,1.89,1.82,1.88,1.88,1.90,7,5050,9425.00,
517556,SSI LTD.    ,T ,Q,153.50,156.60,152.75,154.90,154.10,152.85,80,6763,1044736.00,
501061,ST.BANK BIKA,B1,Q,2915.00,2925.00,2850.00,2890.00,2890.00,2905.50,10,250,729085.00,
513262,ST.STR.WHEEL,S ,Q,154.00,161.85,152.60,161.50,161.85,154.15,302,37150,5919857.00,
530931,STANPACKS(I),B ,Q,9.00,9.00,8.02,8.06,8.02,8.80,8,504,4066.00,
506105,STANROSE MAF,Z ,Q,52.55,52.55,52.55,52.55,52.55,55.30,1,100,5255.00,
516022,STAR PAPER  ,B1,Q,46.50,48.40,46.50,47.35,47.30,46.60,78,13393,636995.00,
500112,STATE BANK  ,A ,Q,928.00,935.90,925.10,931.25,931.25,930.00,7283,378071,352262397.00,
600112,STATE BANK(R,A ,Q,1116.00,1116.00,1116.00,1116.00,1116.00,1117.95,2,250000,279000000.00,
532200,STATE BNK MY,B1,Q,5053.00,5053.00,4997.50,4998.25,4997.50,5260.50,12,85,425610.00,
532191,STATE BNK TR,B1,Q,2985.05,3025.00,2961.10,2964.55,2961.10,3081.15,9,270,812943.00,
512531,STC INDIA   ,B1,Q,145.10,146.60,141.25,141.90,141.90,144.35,228,12115,1736069.00,
517320,STD.CABLES  ,Z ,Q,9.10,9.10,9.10,9.10,9.10,9.55,1,100,910.00,
530017,STD.INDUST. ,T ,Q,32.15,33.70,31.90,33.70,33.70,32.10,632,669623,22330456.00,
500113,STEEL AUTH. ,A ,Q,72.75,73.50,71.75,73.05,73.05,72.20,6234,1311478,95558611.00,
590037,STEEL EXCH  ,S ,Q,14.00,14.19,13.70,13.84,13.70,14.08,54,12025,167517.00,
513517,STEELCAST   ,B ,Q,254.00,254.00,242.00,242.05,242.00,248.40,88,3438,846553.00,
500399,STEELCO GUJ.,B ,Q,6.80,7.00,6.80,6.90,6.90,7.00,27,2821,19544.00,
513530,STELCO STRIP,B ,Q,13.11,13.72,13.11,13.70,13.70,13.75,5,1425,19233.00,
512299,STERL.BIOTEC,A ,Q,111.15,111.15,102.15,105.40,105.40,110.80,1281,166424,17864803.00,
523363,STERL.HOL.RS,S ,Q,70.75,71.80,69.00,71.60,71.60,72.45,325,58349,4120707.00,
530759,STERL.TOOLS ,S ,Q,96.05,96.05,93.00,94.30,95.00,98.30,63,7580,719095.00,
500900,STERLITE IN ,A ,Q,422.00,427.50,415.30,424.45,424.45,415.15,8337,543783,229292310.00,
532374,STERLITE OPT,A ,Q,174.95,178.20,172.10,173.45,173.45,173.85,13023,1254493,219866543.00,
504960,STEWARTS    ,S ,Q,185.00,185.00,175.00,178.00,178.00,181.15,12,649,115644.00,
513151,STI INDIA LT,B ,Q,11.26,12.18,11.26,11.27,11.27,11.65,4,300,3425.00,
512640,STOCK NET IN,T ,Q,0.92,1.00,0.92,0.99,0.99,0.96,13,15625,14389.00,
522085,STONE INDIA ,S ,Q,257.50,257.50,240.10,243.30,240.50,250.10,127,4955,1218447.00,
504959,STOVAC IND. ,B ,Q,104.85,104.85,102.00,102.05,103.95,104.90,9,672,69420.00,
531444,STRESSCRETE ,B ,Q,15.20,15.95,15.20,15.20,15.20,15.95,8,1850,28495.00,
532531,STRIDES     ,B1,Q,282.00,293.90,282.00,291.65,291.65,280.80,860,48479,14037739.00,
526733,SUASHISH DIA,B1,Q,120.00,125.45,120.00,122.35,122.35,123.50,92,5686,700107.00,
532348,SUBEX AZURE ,B1,Q,530.00,549.00,447.00,451.70,450.50,460.00,121,4781,2194895.00,
500402,SUBHASH PROJ,B ,Q,137.00,138.00,133.00,134.55,135.00,136.20,185,4109,554980.00,
517168,SUBROS LTD. ,S ,Q,216.00,217.00,209.05,209.95,209.95,211.10,157,13267,2816023.00,
506003,SUDAL INDUS ,B ,Q,9.61,10.15,9.61,10.06,10.06,10.23,3,211,2074.00,
506655,SUDARSH.CHEM,B ,Q,152.00,152.00,151.95,152.00,152.00,147.50,4,138,20975.00,
521113,SUDITI IND. ,Z ,Q,6.66,6.79,6.66,6.66,6.66,6.66,3,500,3343.00,
511654,SUGAL DAMANI,B ,Q,7.52,8.00,7.50,7.53,7.50,7.85,15,2900,22333.00,
517224,SUJANA INDUS,S ,Q,20.20,20.45,19.75,20.20,20.20,20.10,356,97138,1955452.00,
513414,SUJANA METAL,B ,Q,59.80,65.50,59.25,64.50,64.50,58.70,1978,376519,23619081.00,
524542,SUKJIT STRCH,S ,Q,177.50,179.90,177.35,177.95,177.70,179.40,26,841,149885.00,
522087,SULZER(IND) ,S ,Q,219.55,226.85,219.55,221.90,221.50,219.00,28,1235,276454.00,
530419,SUMEDHA FISC,B ,Q,7.90,8.90,7.00,8.89,8.89,8.00,6,505,4040.00,
514211,SUMEET INDS.,S ,Q,4.52,4.75,4.51,4.53,4.53,4.50,14,4350,19903.00,
530445,SUMERU IND  ,B ,Q,0.85,0.88,0.81,0.88,0.88,0.85,10,9210,7534.00,
524715,SUN PHARMA. ,A ,Q,904.95,927.00,897.15,923.80,923.80,905.80,1025,36276,33315666.00,
532733,SUN TV      ,A ,Q,1199.00,1210.00,1188.05,1193.85,1193.85,1199.10,256,5094,6102435.00,
532359,SUNBEAM INFO,S ,Q,1.50,1.52,1.42,1.49,1.50,1.47,10,6102,9059.00,
520056,SUNDAR.CLAY ,B1,Q,1020.00,1020.00,998.00,1004.75,1004.75,1020.00,16,50213,50713701.00,
590047,SUNDARAM    ,S ,Q,16.00,17.60,16.00,17.60,17.60,16.79,103,65992,1139006.00,
500403,SUNDARAM FAS,B1,Q,134.50,134.85,133.00,133.45,133.45,133.55,300,17911,2394855.00,
500404,SUNFLAG IRON,B1,Q,13.10,13.49,13.10,13.23,13.23,13.26,397,130603,1735117.00,
530953,SUNIL AGRO F,S ,Q,15.55,15.55,15.55,15.55,15.55,16.35,2,164,2550.00,
532711,SUNIL HITECH,B1,Q,103.65,104.00,101.50,102.05,102.05,103.35,278,11392,1167357.00,
531945,SUNITEE CHEM,B ,Q,0.98,0.98,0.90,0.90,0.90,0.94,34,41544,38322.00,
700079,SUNPHCRP    ,B ,P,1.85,2.15,1.85,2.12,2.12,2.28,4,410,788.00,
523425,SUNRAJ DIAM.,B ,Q,7.75,8.00,7.75,7.97,8.00,7.52,9,2650,20840.00,
530845,SUNSHIELD CH,B ,Q,38.00,39.50,38.00,39.40,39.50,37.75,8,1589,61411.00,
530735,SUPER BAKERS,T ,Q,3.00,3.15,3.00,3.15,3.15,3.00,2,200,607.00,
530883,SUPER CROP. ,T ,Q,8.00,8.30,7.61,8.01,8.30,8.01,39,15126,119733.00,
512527,SUPER SAL IN,S ,Q,207.70,210.00,203.00,209.15,207.00,211.00,49,9417,1948222.00,
521180,SUPER SPIN. ,B1,Q,40.05,41.95,38.10,38.55,38.55,381.50,641,116165,4580042.00,SS
503297,SUPER SYNCOT,B ,Q,2.62,2.85,2.62,2.85,2.85,2.73,5,2300,6509.00,
523842,SUPER TANNER,B ,Q,44.05,46.75,43.30,44.50,44.45,45.50,80,16064,714691.00,
523283,SUPERHOUSE L,B ,Q,40.00,40.00,34.20,34.55,34.85,34.55,33,4164,143374.00,
526133,SUPERTEX IND,B ,Q,0.41,0.41,0.40,0.40,0.40,0.38,8,16550,6760.00,
532509,SUPRAJIT ENG,S ,Q,208.80,260.00,208.80,227.40,226.10,229.85,55,1580,358962.00,
530677,SUPREME HOLD,B ,Q,5.32,5.40,5.32,5.40,5.40,5.17,5,800,4302.00,
509930,SUPREME IND.,B1,Q,374.05,375.75,373.25,373.50,373.25,374.45,73,3210,1201232.00,
500405,SUPREME PETR,B1,Q,21.70,22.20,21.30,21.40,21.40,21.55,179,46121,1000247.00,
531934,SUPREME YARN,B ,Q,30.00,32.60,30.00,31.00,31.00,30.00,4,250,7680.00,
507892,SU-RAJ DIAM.,B1,Q,56.00,56.50,55.10,56.15,56.15,56.10,199,21443,1200792.00,
531638,SURAJ STAINL,S ,Q,95.50,98.50,95.00,97.30,97.50,94.35,34,2180,211495.00,
531102,SURANA CORPO,B ,Q,24.50,24.50,23.20,23.20,23.20,24.40,11,2284,54506.00,
513597,SURANA INDS ,B ,Q,82.00,82.00,75.35,75.80,75.35,78.05,101,8182,626364.00,
517530,SURANA TELE.,B1,Q,24.50,24.50,22.95,23.05,23.25,23.10,92,18161,424932.00,
530185,SURAT TEXT. ,B ,Q,3.22,3.29,3.14,3.20,3.15,3.26,59,26178,84188.00,
532516,SURYA PHARMA,B1,Q,91.80,91.90,88.75,89.25,89.25,90.20,449,24430,2195950.00,
500336,SURYA ROSHNI,B1,Q,60.25,61.90,59.65,60.05,60.05,60.95,172,15117,913210.00,
531781,SURYADEEP SA,Z ,Q,0.20,0.20,0.20,0.20,0.20,0.21,2,10000,2000.00,
521022,SURYAJYOTI S,S ,Q,38.00,38.80,37.75,38.00,37.80,38.10,53,7352,279616.00,
514138,SURYALATA SP,S ,Q,63.55,66.30,63.55,64.25,64.25,64.85,12,620,39817.00,
512253,SURYAMUKHI  ,Z ,Q,19.00,19.00,19.00,19.00,19.00,19.00,1,50,950.00,
514140,SURYAVA SPIN,S ,Q,49.00,49.75,48.00,49.00,49.00,48.55,18,1172,57345.00,
521200,SURYLAK.COTT,B1,Q,84.35,85.70,83.20,84.05,84.05,82.65,118,41376,3469018.00,
521194,SUTLEJ INDUS,B1,Q,108.00,109.40,105.50,106.30,105.50,108.95,53,2433,261056.00,
530239,SUVEN LIFE S,B1,Q,104.95,104.95,100.75,101.85,101.85,102.55,473,38243,3918476.00,
532667,SUZLONENERGY,A ,Q,1205.10,1220.00,1195.00,1212.45,1212.45,1203.35,2473,72912,88428349.00,
512257,SV GEMS CORP,B ,Q,6.37,6.37,5.84,6.04,5.92,6.07,74,231480,1414554.00,
524488,SVC SUPERCHE,B ,Q,1.34,1.38,1.25,1.29,1.30,1.29,73,56461,73206.00,
503310,SWAN MILLS  ,B ,Q,2374.80,2409.85,2352.00,2409.85,2409.85,2295.10,114,1079,2595418.00,
500407,SWARAJ ENGIN,B1,Q,151.00,151.00,145.15,146.35,146.35,148.80,76,3772,553575.00,
505192,SWARAJ MAZDA,B1,Q,229.00,229.00,227.90,227.90,227.90,223.55,2,130,29632.00,
510245,SWASTI VINAY,B ,Q,1.85,1.99,1.85,1.92,1.98,2.05,20,9700,18687.00,
530585,SWASTIK FIN.,B ,Q,15.00,15.00,15.00,15.00,15.00,14.60,1,100,1500.00,
517201,SWITCH.TECH.,B ,Q,42.90,47.05,42.85,47.05,47.05,44.85,14,656,29873.00,
531499,SYBLY INDS. ,S ,Q,12.00,12.15,11.90,12.00,12.00,12.00,39,6983,83787.00,
517385,SYMPHONY COM,B ,Q,12.75,13.47,12.15,12.15,12.15,12.27,11,3350,42824.00,
524470,SYNCOM FORM.,S ,Q,50.30,50.95,49.50,49.55,49.50,50.05,70,5937,296917.00,
532276,SYNDICATE BN,A ,Q,73.10,79.00,73.10,76.80,76.80,75.85,1397,268123,20806284.00,
511503,SYNERG LOGIN,S ,Q,14.19,14.19,13.20,13.25,13.25,13.50,26,4075,55089.00,
526169,SYNERGY MULT,T ,Q,62.20,62.20,60.00,60.00,60.00,61.70,5,289,17513.00,
532409,SYNGENTA (I),A ,Q,308.10,311.70,307.00,307.65,307.20,310.45,59,1372,424873.00,
531173,SYSCHEM (I) ,B ,Q,1.01,1.08,1.01,1.05,1.04,1.01,20,12600,13341.00,
526506,SYSTAMATIX C,B ,Q,7.51,8.22,7.51,8.22,8.22,7.84,3,500,3968.00,
522294,T & I GLOBAL,B ,Q,8.40,8.90,8.39,8.80,8.90,8.24,16,5700,49323.00,
524156,T C M LTD.  ,B ,Q,4.36,4.36,4.36,4.36,4.36,4.00,1,100,436.00,
532444,T. SPIRITUAL,B ,Q,0.78,0.85,0.78,0.83,0.83,0.79,58,53969,43594.00,
500777,T.P.L.      ,B1,Q,18.55,18.65,18.15,18.30,18.30,18.30,203,64185,1175304.00,
514464,TAI CHONBANG,B ,Q,1.77,1.94,1.61,1.91,1.86,1.77,46,31650,59780.00,
519483,TAI INDUST. ,S ,Q,24.30,25.00,24.00,24.00,24.00,25.00,13,810,19661.00,
507785,TAINWALA CH.,B ,Q,14.25,14.69,13.65,13.84,13.65,14.01,36,6650,93702.00,
526582,TAINWALA POL,B ,Q,27.90,28.50,27.90,27.90,27.90,27.75,9,898,25214.00,
532390,TAJ GVK HOTL,B1,Q,211.60,215.00,211.50,213.55,213.55,212.05,118,5182,1104509.00,
505160,TALBROS AUTO,B ,Q,70.00,71.50,70.00,71.10,71.50,71.05,83,7664,541728.00,
531426,TAMIL.NEWSPR,A ,Q,102.10,102.80,100.75,101.55,101.55,101.60,573,91463,9306187.00,
523419,TAMIL.TELE. ,B1,Q,9.20,9.38,8.72,8.87,8.87,9.10,40,4535,40802.00,
522229,TANEJA AERO.,S ,Q,146.80,149.40,144.90,145.25,145.25,145.80,104,7911,1155707.00,
506854,TANFAC IND. ,S ,Q,44.10,45.95,44.10,45.50,45.40,45.15,119,32988,1502048.00,
532738,TANTIA CONS ,B1,Q,121.00,123.00,115.25,117.95,117.95,120.75,1784,141131,16723148.00,
524719,TANU HEALTH.,T ,Q,1.80,1.87,1.80,1.81,1.81,1.79,12,7400,13766.00,
519285,TARAI FOODS ,Z ,Q,1.35,1.49,1.35,1.42,1.42,1.42,5,1400,1960.00,
519091,TASTY BITE  ,B ,Q,38.15,40.40,38.15,40.30,39.70,39.10,20,1172,46547.00,
500770,TATA CHEM.  ,A ,Q,226.30,229.00,226.05,227.05,227.05,224.70,1444,78609,17893118.00,
532301,TATA COFFEE ,B1,Q,324.40,333.80,322.95,327.65,327.50,323.60,232,10075,3302109.00,
500408,TATA ELXSI  ,A ,Q,214.00,218.70,214.00,217.05,217.05,218.00,320,27382,5944462.00,
501301,TATA INVEST.,B1,Q,390.50,399.00,390.50,395.05,393.55,390.80,75,2783,1097471.00,
513434,TATA METALIK,B1,Q,145.55,146.20,144.10,144.85,144.85,146.90,82,7538,1093497.00,
500570,TATA MOTORS ,A ,Q,850.00,869.90,844.10,863.40,863.40,845.15,6275,374802,321415115.00,
500400,TATA POWER  ,A ,Q,531.00,537.00,528.00,535.05,535.05,528.10,682,22051,11774825.00,
513010,TATA SPONGE ,B1,Q,111.00,113.00,109.20,111.85,112.00,109.85,200,14110,1571379.00,
500470,TATA STEEL  ,A ,Q,497.00,504.50,492.85,501.75,501.75,496.20,20407,1103005,552419937.00,
500800,TATA TEA    ,A ,Q,803.00,822.40,796.00,819.30,822.00,799.45,2378,62706,51139669.00,
532371,TATA TELESER,B1,Q,18.75,19.10,18.75,18.90,18.90,18.85,868,577453,10929959.00,
504961,TATA YODOGAW,S ,Q,127.00,130.00,125.00,126.90,126.25,128.15,88,5645,717751.00,
532284,TCFC FINANCE,B ,Q,15.35,15.80,14.75,15.75,15.75,15.35,43,4219,65023.00,
501242,TCI FINANCE ,B ,Q,18.75,19.50,18.60,19.30,19.30,18.80,10,3550,67827.00,
532262,TCI INDUS.  ,B ,Q,1330.00,1362.00,1330.00,1362.00,1362.00,1348.45,6,61,81416.00,
532540,TCS LTD.    ,A ,Q,998.00,1000.00,992.10,998.85,998.85,996.05,4652,100719,100429406.00,
532755,TECH MAH    ,B1,Q,542.10,549.00,536.00,542.40,542.40,539.95,13140,781702,424561137.00,
505397,TECHNO ELEC ,B ,Q,57.55,60.00,57.55,59.75,60.00,59.65,14,1200,71152.00,
523455,TECHTRN.POLY,B ,Q,26.65,27.35,26.65,27.25,27.20,27.10,28,7815,212254.00,
532358,TELE DATA IN,B1,Q,10.00,10.00,9.81,9.85,9.85,9.89,320,150135,1484223.00,
532355,TELEPHOTO EN,T ,Q,21.50,22.05,21.50,22.00,22.00,22.60,16,1092,24010.00,
532315,TELESYS SOFT,B ,Q,0.93,1.13,0.93,1.13,1.13,1.03,72,82657,92784.00,
590020,TERASOFT(PS ,B ,Q,69.05,72.00,69.00,70.25,70.25,70.30,287,23743,1684600.00,
505400,TEXMACO LTD.,B1,Q,764.10,765.00,740.00,743.40,740.00,733.15,32,2660,1998918.00,
590045,TEZPORE TEA ,B ,Q,60.00,61.50,60.00,60.90,60.90,59.00,25,1027,61962.00,
514484,THAMBI MOD. ,T ,Q,6.30,6.35,6.30,6.35,6.35,6.30,5,300,1898.00,
530199,THEMIS MEDIC,B1,Q,132.40,138.00,132.40,135.20,133.55,136.50,32,3004,407240.00,XD
500411,THERMAX     ,A ,Q,294.95,309.00,292.20,302.95,302.95,292.30,1468,251610,75358973.00,
507450,THIRU A.SUG.,B1,Q,221.80,222.00,215.15,216.95,216.95,218.50,27,1160,254002.00,
500412,THIRUMALAI  ,B1,Q,170.00,173.65,168.35,170.55,170.00,168.25,77,3914,668760.00,
500413,THOMAS COOK ,B1,Q,525.00,530.00,516.05,521.85,521.85,528.60,57,995,520091.00,
590005,TIDE WATE(PS,B1,Q,1600.00,1750.00,1577.00,1655.85,1655.85,1568.90,174,3542,5990311.00,
505196,TIL LTD.    ,B1,Q,196.25,199.80,195.05,199.30,199.30,194.85,26,2353,461696.00,
507205,TILAKNAG IND,S ,Q,51.80,57.30,50.55,55.60,55.60,49.65,1952,385676,21006471.00,
511559,TIMES GUARAN,B ,Q,13.46,14.86,13.46,14.86,14.86,14.16,18,1854,27352.00,
500414,TIMEX WATCH ,S ,Q,27.50,28.10,27.25,27.50,27.50,27.70,126,20106,551840.00,
522113,TIMKEN (I)  ,B1,Q,130.75,132.45,130.55,130.90,130.90,131.50,107,6239,818621.00,
504966,TINPLATE    ,B1,Q,64.50,64.50,63.15,63.65,63.65,63.45,178,17389,1110799.00,
532375,TIPS INDUS. ,B1,Q,21.85,23.50,21.85,22.75,22.75,22.05,127,16340,370883.00,
500416,TITAGARH IND,B ,Q,32.00,32.20,30.15,31.10,31.10,30.75,278,55953,1756524.00,
524717,TITAN BIOTEC,S ,Q,12.60,12.90,12.36,12.39,12.36,12.24,11,1355,17213.00,
500114,TITAN IND.  ,A ,Q,785.00,796.60,780.50,784.25,784.25,783.25,4742,188180,148413405.00,
934771,TITAN12MAY6 ,F ,D,226.50,226.50,226.50,226.50,226.50,227.05,3,17,3850.00,
590031,TITANOR C(PS,B1,Q,167.00,169.00,164.30,166.25,166.70,165.85,48,2996,496710.00,
500004,TO POWER AEC,B1,Q,211.00,214.85,210.00,211.45,213.20,212.55,58,2580,548189.00,
531830,TODAYS WRITI,B1,Q,83.50,85.00,80.50,80.95,80.95,83.65,176,13070,1070571.00,
531644,TOKYO FINANC,B ,Q,2.75,2.75,2.64,2.64,2.64,2.38,2,501,1322.00,
500418,TOKYO PLAST ,B ,Q,5.42,5.44,5.17,5.20,5.20,5.40,9,1650,8630.00,
530155,TONIRA PHARM,B ,Q,17.60,19.00,17.60,18.30,18.30,18.60,84,10881,199279.00,
523856,TORR.GJ.BIO ,B1,Q,5.42,5.54,5.33,5.35,5.33,5.44,67,17361,94084.00,
504096,TORRENT CABL,S ,Q,123.00,123.85,121.00,121.40,121.40,121.75,43,7573,930961.00,
500420,TORRENT PHAR,A ,Q,190.00,190.00,185.00,186.40,186.40,190.25,186,10246,1924738.00,
526650,TOURISM FINA,B1,Q,10.10,10.33,10.10,10.13,10.13,10.10,69,32392,329506.00,
517407,TOYAMA ELECT,S ,Q,25.70,25.70,21.40,21.50,21.50,21.50,49,5270,117085.00,XD
501736,TP POWER SEC,B1,Q,445.00,447.70,441.00,444.75,444.75,445.20,18,652,290108.00,
519496,TRANS TECHNO,Z ,Q,0.29,0.29,0.29,0.29,0.29,0.29,1,500,145.00,
500422,TRANSCHEM   ,S ,Q,12.60,12.90,12.25,12.27,12.27,12.71,36,7332,91642.00,
531318,TRANSCON RES,B ,Q,2.43,2.43,2.43,2.43,2.43,2.55,4,700,1701.00,
532410,TRANSCORP IN,B ,Q,33.05,33.05,33.05,33.05,33.05,34.05,1,2,66.00,
513063,TRANSFREIGHT,Z ,Q,4.51,4.51,4.51,4.51,4.51,4.30,2,500,2255.00,
526139,TRANSGENE BI,B ,Q,74.70,76.35,74.50,75.45,75.45,76.00,229,39478,2968730.00,
506687,TRANSPEK    ,S ,Q,85.90,86.05,84.50,85.15,85.95,85.15,55,7834,667776.00,
532349,TRANSPORT CO,B1,Q,275.00,284.30,272.15,274.30,272.30,272.60,118,3423,952393.00,
508998,TRANSW.INFOT,S ,Q,54.50,56.50,54.50,56.35,56.45,55.45,549,114215,6406725.00,
500251,TRENT LTD.  ,B1,Q,839.00,884.95,832.00,839.85,839.85,831.35,183,2108,1800834.00,
934770,TRENT07JUL10,F ,D,430.05,430.05,430.00,430.00,430.00,431.05,2,15,6450.00,
961657,TRENTWAR7JUL,B ,B,318.00,318.00,280.00,280.00,280.00,270.00,4,17,4918.00,
505854,TRF LTD.    ,S ,Q,337.00,338.00,330.00,333.55,333.55,339.45,153,8808,2920173.00,
531675,TRICOM INDIA,S ,Q,184.00,184.50,178.10,180.40,180.40,180.40,172,84724,15373251.00,
517562,TRIGYN TECH ,B1,Q,18.40,19.85,18.40,19.85,19.85,18.93,281,97149,1915969.00,
531658,TRIJAL IND. ,B ,Q,1.89,1.89,1.77,1.77,1.77,1.80,6,3874,7188.00,
531774,TRIPEX OVERS,B ,Q,138.70,140.00,131.90,138.90,139.80,135.00,98,18868,2567731.00,
531279,TRISHAKTI EL,B ,Q,20.00,20.00,20.00,20.00,20.00,20.68,1,3600,72000.00,
505978,TRITON VALVE,B ,Q,1047.00,1069.00,1047.00,1064.05,1069.00,1018.10,36,282,299233.00,
532356,TRIVENI ENGG,B ,Q,72.00,73.10,71.45,71.80,71.80,71.85,3338,747526,53933879.00,
502281,TRIVENI GLAS,S ,Q,41.80,43.10,40.25,41.10,41.10,41.25,1291,194185,8181455.00,
514142,TT LTD.     ,S ,Q,31.25,32.80,31.25,31.70,31.60,31.65,86,10616,339292.00,
507747,TTK HEALTHCA,S ,Q,71.75,72.00,71.55,71.55,71.55,71.90,16,1334,95962.00,
517506,TTK PRESTIGE,B1,Q,110.55,114.00,110.55,112.00,112.00,112.80,15,1043,116723.00,
504973,TUBE INV.   ,B1,Q,80.00,83.90,79.65,82.85,82.85,78.30,852,85901,7066354.00,
517451,TUDOR INDIA ,S ,Q,29.60,32.70,29.60,32.70,32.70,31.15,14,1769,57721.00,
532691,TULIP IT    ,B1,Q,279.60,288.80,278.00,284.80,284.80,279.30,4322,232867,66227373.00,
531088,TULIP STAR H,S ,Q,44.00,45.85,43.20,43.75,44.05,44.30,16,1926,85509.00,
513629,TULSYAN NEC ,S ,Q,35.40,41.00,35.40,38.35,38.35,36.80,151,10588,412312.00,
506808,TUTICORIN.  ,B ,Q,12.41,12.70,12.41,12.45,12.45,12.66,7,7350,91772.00,
532299,TV 18 INDIA ,B1,Q,598.00,600.00,570.25,576.10,576.10,599.85,3154,103752,60340404.00,
532319,TVS FINANCE ,B ,Q,14.51,15.00,14.26,14.40,15.00,14.99,19,1600,23113.00,
532343,TVS MOTOR L ,A ,Q,96.85,99.00,94.80,96.10,96.10,92.85,3579,677759,65649882.00,
509243,TVS SRICHAKR,S ,Q,98.00,98.00,93.40,95.70,95.70,95.70,166,54703,5236716.00,
532513,TVSELE      ,B1,Q,44.50,44.50,42.30,42.80,42.70,43.95,89,10951,475100.00,
532515,TVTN        ,B1,Q,76.10,79.90,76.10,77.60,77.60,76.30,2076,243052,18954400.00,
523301,TWE.FIR.CENT,S ,Q,49.75,51.50,49.50,51.45,51.45,48.80,55,6233,315725.00,
506985,TWILITAKA PH,S ,Q,38.00,38.50,37.25,37.80,37.80,38.50,40,5900,224291.00,
531917,TWINSTAR SOF,Z ,Q,2.23,2.25,2.23,2.23,2.23,2.34,13,7400,16550.00,
532384,TYCHE INDS  ,B ,Q,34.95,35.15,33.50,34.95,34.50,33.50,70,32765,1147397.00,
590048,TYCHE PERIPH,S ,Q,20.95,22.50,20.95,21.55,21.55,21.60,24,3990,86569.00,
526463,U G HOTELS  ,Z ,Q,4.11,4.31,4.11,4.31,4.31,4.11,2,400,1684.00,
509960,U.P.HOTELS  ,S ,Q,156.15,156.30,156.15,156.20,156.30,162.00,2,2,312.00,
509992,UB ENGG.    ,B ,Q,31.00,32.90,30.60,31.30,31.30,31.50,72,12697,401489.00,
500464,UCAL FUEL   ,B1,Q,110.70,112.00,109.50,110.35,111.00,109.85,251,20202,2232850.00,
532505,UCOBANK     ,B1,Q,18.85,19.20,18.85,19.05,19.05,18.85,522,178193,3392009.00,
530363,UGAR SUGAR  ,S ,Q,19.60,20.90,19.60,20.30,20.30,20.20,254,67654,1375035.00,
506685,ULTRAMARINE ,S ,Q,40.30,41.00,39.65,40.05,40.05,39.90,56,11512,464959.00,
532538,ULTRATECH CM,B1,Q,773.80,779.80,762.20,777.35,777.35,769.00,377,12831,9927756.00,
524378,UMA PETROPRO,Z ,Q,0.85,0.85,0.85,0.85,0.85,0.81,1,400,340.00,
504605,UNI ABEX    ,B ,Q,113.00,113.00,103.25,105.20,104.90,108.60,22,100,10494.00,
506690,UNICHEM LAB ,B1,Q,237.00,239.85,236.00,236.80,236.40,236.55,43,2089,496351.00,
500427,UNIFLEX CABL,S ,Q,20.50,21.25,20.25,21.25,21.25,20.27,127,52322,1107513.00,
524264,UNIMER INDIA,T ,Q,5.50,5.70,5.33,5.43,5.65,5.60,30,13210,72219.00,
530321,UNIMIN INDIA,B ,Q,1.55,1.55,1.35,1.35,1.35,1.47,4,1100,1527.00,
532477,UNION BANK L,A ,Q,117.80,119.25,115.80,116.50,116.50,116.90,860,80879,9495678.00,
500429,UNIPHOS ENT.,B1,Q,26.90,27.90,26.90,27.90,27.90,26.60,31,3952,110210.00,
532646,UNIPLY IND  ,B1,Q,32.00,33.20,31.00,31.45,31.45,31.85,986,253004,8136640.00,
507856,UNIPRODUCTS ,S ,Q,53.85,54.00,51.00,51.90,52.00,52.10,29,3460,182383.00,
521226,UNIROYAL TEX,B ,Q,5.20,5.20,4.65,4.66,4.75,4.94,13,3005,14012.00,
532022,UNISOCKS (I),Z ,Q,7.38,7.38,7.38,7.38,7.38,7.05,1,100,738.00,
507878,UNITECH LTD ,B1,Q,191.30,195.50,187.00,192.25,192.25,193.55,10582,889465,169924543.00,
532478,UNITED BREWA,S ,Q,116.05,118.00,115.25,116.80,116.80,115.65,242,18156,2123844.00,
507458,UNITED BREWE,B1,Q,228.00,235.00,223.10,232.05,232.05,227.60,216,25615,5913184.00,
531091,UNITED CRED.,B ,Q,19.35,19.50,19.10,19.45,19.50,19.70,13,870,16851.00,
522014,UNITED DRILL,Z ,Q,7.25,7.25,7.25,7.25,7.25,7.24,2,200,1450.00,
512070,UNITED PHOSH,A ,Q,236.90,242.00,235.00,238.95,238.95,233.95,491,27871,6633101.00,
521188,UNITED TEXT.,B ,Q,4.15,4.49,4.01,4.05,4.49,4.37,4,715,2877.00,
500430,UNITED WE.BK,B1,Q,22.30,23.00,22.25,22.55,22.60,22.40,62,5921,133899.00,
532746,UNITY INFRA ,B1,Q,425.00,447.85,423.10,440.75,440.75,425.00,4211,122036,53550309.00,
504212,UNIV.CABLE  ,B1,Q,99.00,100.50,97.30,100.00,100.00,99.70,62,3037,301034.00,
524408,UNIV.STARCH ,S ,Q,22.95,23.00,22.95,22.95,23.00,22.30,2,125,2870.00,
530505,UPPER GANGES,B1,Q,154.00,159.95,154.00,158.40,158.40,153.30,804,60558,9489816.00,
531390,UPSURGE INV.,B ,Q,6.86,6.87,6.86,6.87,6.87,6.25,7,1900,13048.00,
590012,USHA INTE(PS,B ,Q,295.00,296.00,295.00,296.00,296.00,297.20,3,70,20700.00,
532398,USHA MART.IN,B1,Q,5.00,5.04,4.81,4.83,4.83,4.80,19,2781,13791.00,
517146,USHA MART.LT,B1,Q,163.00,173.00,162.00,165.05,165.05,163.00,844,218506,36961059.00,
511736,USHDEV INTNL,B ,Q,111.00,113.80,110.10,110.30,111.45,115.85,27,1630,182016.00,
526879,UT LTD.     ,B ,Q,64.00,65.40,63.00,64.20,64.60,64.05,24,2933,186418.00,
532215,UTI BANK    ,A ,Q,342.00,349.65,339.00,348.45,348.45,342.90,1052,51385,17775912.00,
513216,UTTAM GALVA ,B1,Q,32.95,33.50,32.05,32.30,32.30,32.40,550,69127,2248711.00,
532729,UTTAM SUGAR ,B1,Q,185.90,198.80,181.25,196.05,196.05,184.20,6429,402738,77408149.00,
532619,UTV SOFTWARE,B1,Q,186.95,190.00,184.25,187.40,187.90,186.45,170,4324,809787.00,
522091,UV DER HORST,Z ,Q,13.37,13.37,12.11,13.37,13.37,12.74,12,2500,33181.00,
511110,V.B.DESAI   ,B ,Q,7.31,10.10,7.31,9.13,9.13,9.13,6,2120,20006.00,
519152,VADILAL ENT ,B ,Q,73.80,75.95,72.00,74.50,75.95,72.60,18,1732,128424.00,
519156,VADILAL IND ,S ,Q,39.50,40.00,38.30,39.45,39.90,38.30,20,3125,121812.00,
532156,VAIBHAV GEMS,B ,Q,287.00,294.75,282.50,284.45,288.75,286.00,123,5831,1680357.00,
511431,VAKRANGEE SO,S ,Q,167.10,173.50,166.25,168.60,168.60,170.05,605,91930,15757821.00,
532389,VALECHA ENGG,S ,Q,172.00,174.75,170.00,170.65,170.65,172.30,424,21736,3744222.00,
526775,VALIANT COMM,S ,Q,29.90,30.40,29.00,29.05,29.00,28.65,30,5297,155911.00,
513397,VALLABH STEL,S ,Q,31.70,32.50,31.65,32.30,32.30,34.00,9,281,9005.00,
531962,VALLEY INDIA,T ,Q,20.80,20.80,18.85,18.85,18.85,19.84,3,105,1981.00,
530459,VALSON INDUS,S ,Q,39.00,39.00,39.00,39.00,39.00,38.45,4,440,17160.00,
532338,VALUEMART   ,B ,Q,3.30,3.90,3.30,3.81,3.57,3.55,41,14441,53905.00,
512175,VAMA INDS   ,B ,Q,28.60,28.75,27.75,28.75,28.75,26.15,73,14829,420606.00,
530369,VAMSHI RUBB.,B ,Q,8.70,8.70,7.74,8.45,8.45,8.59,15,11601,89918.00,
521046,VANASTH.TEXT,S ,Q,14.70,15.55,14.70,14.97,15.30,14.65,62,35461,536802.00,
526610,VANS INFO.  ,B ,Q,8.59,8.63,8.36,8.50,8.50,8.22,40,15218,130147.00,
532396,VANTEL TECH.,Z ,Q,1.18,1.18,1.15,1.18,1.18,1.13,15,8901,10491.00,
502589,VAPI PAPER  ,B ,Q,10.38,10.38,10.36,10.37,10.36,11.10,2,90,933.00,
500439,VARD HOLDNG ,B1,Q,390.05,400.00,390.05,399.95,400.00,390.10,15,207,81688.00,
513534,VARDHMAN IND,S ,Q,22.00,22.00,21.75,21.90,21.90,22.35,7,600,13132.00,
524796,VARDHMAN LAB,Z ,Q,1.60,1.60,1.60,1.60,1.60,1.63,1,100,160.00,
514175,VARDHMAN POL,B1,Q,83.00,83.90,82.75,83.10,83.10,82.95,36,3807,316686.00,
500465,VARUN SHIP. ,B1,Q,74.70,76.00,73.30,73.95,73.95,73.95,531,49402,3660822.00,
531574,VAS ANIMAT. ,B ,Q,34.20,34.75,34.00,34.75,34.75,33.10,101,34176,1180242.00,
513005,VBC FERRO   ,S ,Q,99.00,99.00,94.00,97.70,98.75,96.95,44,2335,223874.00,
524310,VBC IND.    ,B ,Q,8.45,8.64,8.20,8.48,8.48,8.60,57,18750,157935.00,
511493,VCK CAPITAL ,B ,Q,2.04,2.24,1.89,2.18,2.00,2.04,5,1700,3470.00,
522267,VEEJAY LAKSH,S ,Q,84.00,87.80,83.10,87.00,87.00,84.00,30,2204,190283.00,
530769,VEL SOFTWARE,B ,Q,0.32,0.33,0.32,0.32,0.32,0.32,7,7219,2340.00,
526755,VELAN HOTELS,Z ,Q,11.15,12.12,11.15,12.12,12.12,11.61,4,600,6792.00,
532093,VENKAT PHARM,B ,Q,10.05,10.25,10.00,10.03,10.03,10.10,12,1402,14117.00,
523261,VENKEY'S (I),B1,Q,134.00,137.25,133.25,134.75,134.30,134.25,84,4462,602855.00,
524038,VENLON ENTR ,S ,Q,4.72,4.72,4.69,4.69,4.69,4.60,2,10,47.00,
516098,VENTURA TEXL,B ,Q,1.30,1.34,1.23,1.29,1.27,1.22,87,236970,311569.00,
526953,VENUS REMEDI,B ,Q,346.60,373.00,340.00,366.90,366.90,348.25,1304,255851,88905626.00,
507472,VENUS SUGAR ,B ,Q,7.77,7.85,7.64,7.83,7.80,7.70,93,35445,276545.00,
524802,VERONICA LAB,B1,Q,3.44,3.44,3.16,3.18,3.18,3.32,96,30977,98821.00,
531950,VERTEX SEC. ,B ,Q,14.45,17.40,14.45,15.00,15.00,16.00,16,2451,37105.00,
531544,VERTEX SPG  ,B ,Q,33.15,33.15,32.25,33.15,33.15,32.50,125,209438,6938927.00,
520113,VESUVIUS IND,B1,Q,230.00,231.00,227.65,228.40,227.65,229.15,36,1895,434305.00,
523796,VICEROY HOTE,B1,Q,89.00,90.50,87.00,90.00,90.00,86.65,263,47410,4251401.00,
503349,VICTORIA MIL,Z ,Q,1970.00,2073.00,1908.00,2016.65,2000.00,1975.00,12,79,155127.00,
531234,VICTORY PAPR,B ,Q,3.50,3.75,3.50,3.50,3.50,3.78,3,700,2475.00,
530595,VICTORY PROJ,B ,Q,3.84,4.22,3.84,4.22,4.22,4.26,2,51,214.00,
500945,VIDEOCON APL,B1,Q,29.00,31.00,28.70,29.65,29.65,29.05,324,64542,1937559.00,
511389,VIDEOCON IND,B1,Q,416.00,420.50,411.00,415.90,415.90,413.55,551,47239,19646120.00,
517228,VIDEOCON LTD,S ,Q,74.00,74.45,71.00,73.40,73.40,73.55,37,3097,227007.00,
500483,VIDESH SANCH,A ,Q,418.90,421.50,414.90,416.75,416.75,416.80,4036,308270,128888595.00,
531717,VIDHI DYESTU,S ,Q,2.25,2.25,2.09,2.24,2.24,2.15,11,7300,15387.00,
523724,VIJAY SHA.BU,B ,Q,26.55,27.90,26.25,26.45,26.35,27.10,58,11238,298854.00,
530151,VIJAY TEXTIL,B ,Q,3.89,3.95,3.77,3.88,3.90,3.80,90,42537,163552.00,
632401,VIJAYA BANK ,A ,Q,48.75,49.00,48.00,48.00,48.00,47.00,5,150000,7246005.00,
532401,VIJAYA BANK ,A ,Q,47.55,48.05,46.50,47.20,47.20,47.05,1056,203153,9653172.00,
532677,VIKASH METAL,B1,Q,14.00,14.13,13.51,13.90,13.90,13.97,81,18843,260461.00,
530477,VIKRAM THERM,B ,Q,27.05,27.90,27.00,27.00,27.00,27.80,16,1680,46035.00,
519373,VIMAL OIL FD,S ,Q,26.05,26.70,26.05,26.50,26.70,26.20,20,4539,120372.00,
524394,VIMTA LABS  ,S ,Q,158.00,160.00,155.00,159.05,159.05,154.75,51,2202,348147.00,
524200,VINATI ORG. ,S ,Q,27.75,28.50,27.75,28.25,28.25,28.00,11,1795,50708.00,
518051,VINAY CEMENT,Z ,Q,16.00,16.00,15.70,16.00,16.00,15.26,80,110943,1774928.00,
517015,VINDHYA TELE,B1,Q,120.90,124.80,120.85,120.85,121.00,122.35,31,2041,249056.00,
532360,VINTAGE CARD,B ,Q,5.67,5.98,5.65,5.70,5.70,5.80,28,9073,51601.00,
517393,VINTRON INF.,B ,Q,1.95,2.30,1.95,2.30,2.30,2.16,4,439,922.00,
524129,VINYL CHEM. ,B1,Q,9.75,9.88,9.65,9.70,9.70,9.67,9,2915,28265.00,
507880,VIP INDUS.  ,S ,Q,110.80,117.00,105.65,107.90,107.50,107.30,35,1162,125576.00,
514302,VIPPY SPIN. ,B ,Q,8.50,8.95,8.50,8.61,8.61,8.50,5,2100,18116.00,
530627,VIPUL DYE CH,B ,Q,7.32,7.32,7.32,7.32,7.32,6.66,7,2751,20137.00,
519457,VIRAT CRANE ,Z ,Q,3.00,3.20,3.00,3.10,3.10,3.05,4,1320,4102.00,
530521,VIRAT INDUS.,B ,Q,8.50,9.25,8.35,8.49,9.25,8.99,4,555,4713.00,
532372,VIRINCHI CON,B ,Q,37.50,38.50,36.70,38.05,38.05,36.45,333,59326,2229720.00,
531126,VIRTUALSOFT.,B ,Q,7.10,7.10,6.45,6.45,6.45,7.00,3,3,20.00,
532721,VISA STEEL  ,B1,Q,27.65,28.75,27.05,28.30,28.30,28.00,126,18143,509960.00,
509055,VISAKA IND. ,B1,Q,127.70,128.10,124.65,125.70,125.70,127.00,419,22556,2840002.00,
532411,VISESH INFO.,B1,Q,36.00,36.45,34.85,35.00,34.90,35.80,70,8026,283946.00,
505930,VISHAL MALLE,Z ,Q,31.05,31.05,30.00,31.05,31.05,29.60,3,300,9210.00,
532618,VISHALEXPO  ,B1,Q,4.41,4.57,4.24,4.30,4.30,4.48,600,610107,2679989.00,
500165,VISHNU CHEM ,B1,Q,837.95,838.00,825.00,829.00,829.00,825.70,10,233,193546.00,
531668,VISION CORPO,T ,Q,8.80,9.00,8.55,9.00,9.00,8.70,12,5900,52645.00,
512529,VISISTH TRAD,B ,Q,33.00,35.40,33.00,35.05,35.40,33.75,40,7771,267875.00,
524711,VISTA PHARMA,B ,Q,19.00,19.00,18.00,18.00,18.00,18.94,50,10451,189044.00,
590038,VISU INTL   ,S ,Q,15.30,16.45,15.30,16.10,16.10,15.77,553,302140,4889096.00,
532214,VISUAL.(I)  ,A ,Q,91.30,92.80,90.10,91.90,91.90,90.50,1289,120557,11054262.00,
532325,VITAL COMM. ,B ,Q,0.92,0.92,0.88,0.88,0.88,0.88,8,6999,6338.00,
532660,VIVIMED LABS,B1,Q,183.80,191.75,179.50,187.35,187.35,182.65,381,22706,4193590.00,
517429,VJIL CONSULT,TS,Q,14.75,16.15,14.75,15.45,15.45,15.48,10,1850,28997.00,
511333,VLS FINANCE ,B ,Q,14.00,14.15,13.70,13.83,13.75,14.05,81,18528,256951.00,
519602,VMF SOFTEC  ,B ,Q,3.39,3.39,3.10,3.10,3.10,3.00,7,1850,6069.00,
530583,VOGUE TEXTIL,B ,Q,3.58,4.24,3.58,4.24,4.24,3.91,11,2825,11489.00,
500575,VOLTAS LTD  ,B1,Q,950.00,983.00,938.25,944.80,944.80,944.25,7592,226036,217232522.00,
509966,VST INDUS.  ,B1,Q,393.00,408.00,392.00,405.05,407.00,400.40,23,6376,2584831.00,
531266,VST TILLERS ,S ,Q,119.00,119.00,111.05,112.10,112.00,111.00,235,24953,2853429.00,
522080,VULCAN ENG. ,T ,Q,17.90,17.90,16.90,17.15,17.25,17.09,22,2952,51014.00,
517399,VXL INSTRUM.,S ,Q,36.75,36.75,35.10,35.55,35.50,35.35,15,2456,86934.00,
506142,VYAPAR INDS ,B ,Q,62.80,64.75,62.80,63.00,63.00,64.30,12,1685,106374.00,
520003,VYBRA AUTO. ,S ,Q,63.95,63.95,61.15,61.30,61.15,61.70,43,1849,114218.00,
501391,W.H.BRADY   ,B ,Q,94.70,94.70,84.55,84.60,84.60,87.05,3,56,4745.00,
504220,W.S.INDUSTR.,S ,Q,46.15,51.25,46.15,49.00,49.00,47.85,650,95321,4747397.00,
501370,WALCHAND PF ,B ,Q,410.05,430.00,410.05,421.70,430.00,410.00,10,105,43455.00,
507410,WALCHANDNGR ,B1,Q,517.90,519.75,511.00,513.30,511.00,517.30,23,575,295031.00,
511147,WALL ST.FIN.,B ,Q,6.56,7.98,6.56,7.42,7.42,7.01,14,4401,32198.00,
532053,WALLFORT FIN,B ,Q,19.70,19.70,19.70,19.70,19.70,18.80,1,5,98.00,
524212,WANBURY LTD ,B ,Q,97.95,101.85,96.10,97.55,97.55,97.20,637,42765,4223144.00,
511690,WARNER MULTI,T ,Q,1.57,1.57,1.57,1.57,1.57,1.65,3,1000,1570.00,
508494,WARREN TEA  ,S ,Q,87.10,95.55,86.20,94.80,95.55,86.90,1078,126998,11740427.00,
500443,WARTSILA (I),B1,Q,303.00,304.00,300.00,301.00,300.00,300.00,5,51,15350.00,
523660,WATERBASE   ,B ,Q,4.55,4.55,4.35,4.42,4.40,4.45,16,5015,22389.00,
523628,WEAROLOGY LT,B ,Q,13.72,13.72,13.72,13.72,13.72,12.48,8,3598,49364.00,
517498,WEBEL-SL ENY,B ,Q,262.00,279.95,262.00,268.40,265.00,271.15,55,3467,935044.00,
523011,WEIZMANN LTD,B ,Q,21.60,22.30,21.50,21.55,22.30,22.55,6,304,6552.00,
504988,WELCAST     ,B ,Q,472.00,472.00,472.00,472.00,472.00,487.00,1,25,11800.00,
524661,WELCURE DRUG,B ,Q,5.25,5.49,5.23,5.37,5.49,5.50,14,3500,18371.00,
531369,WELLWIN IND.,B1,Q,2.94,3.00,2.80,2.81,2.81,2.93,41,9998,28597.00,
531752,WELLWORTH OV,Z ,Q,0.56,0.57,0.56,0.57,0.57,0.55,7,5000,2809.00,
532144,WELSP GUJ SR,A ,Q,74.00,74.50,73.30,73.70,73.70,73.60,256,40280,2980111.00,
514162,WELSPUN (I) ,B1,Q,86.10,87.95,86.00,86.50,86.05,87.70,53,3157,272944.00,
508933,WELSPUN SYNT,B ,Q,7.45,7.85,7.45,7.65,7.55,7.53,9,3550,27265.00,
505412,WENDT(INDIA),B1,Q,710.50,747.50,710.50,734.45,735.00,743.15,21,509,370287.00,
500444,WEST COAST  ,B1,Q,385.05,399.00,385.05,398.45,398.45,395.00,14,665,263949.00,
531217,WEST.(I)SHIP,B ,Q,5.65,5.65,5.65,5.65,5.65,5.39,121,189448,1070381.00,
500238,WHIRLPOOL   ,B1,Q,25.45,26.10,25.25,25.65,25.65,25.20,508,127074,3269154.00,
504227,WILLARD IND ,B ,Q,7.96,8.20,7.79,7.84,7.84,8.19,26,3500,27901.00,
519214,WILLIAM.FIN.,B ,Q,27.10,28.00,25.50,27.00,27.00,25.25,67,15444,403791.00,
519224,WILLIAM.MAGO,B ,Q,59.00,61.50,59.00,61.50,61.50,58.60,201,19090,1163555.00,
526586,WIM PLAST LT,S ,Q,60.55,61.00,57.05,58.60,59.70,62.30,53,3419,200049.00,
514470,WIMSOME TEXT,TS,Q,31.00,32.90,30.65,32.55,32.90,31.80,21,4601,147422.00,
522029,WINDSOR MACH,B ,Q,14.69,14.69,13.85,13.90,13.85,14.10,13,3202,44863.00,
526471,WINSOME BREW,Z ,Q,4.76,4.94,4.76,4.94,4.94,4.85,2,500,2452.00,
514348,WINSOME YARN,B ,Q,16.15,16.40,16.00,16.30,16.30,16.19,28,5125,82642.00,
524758,WINTAC LTD  ,B ,Q,17.65,19.40,17.65,17.95,18.90,18.55,19,608,10866.00,
507685,WIPRO LTD.  ,A ,Q,516.00,521.90,513.00,517.00,517.00,517.90,3882,151332,78181419.00,
507817,WIRES FABRIK,B ,Q,47.25,53.95,47.25,51.10,51.20,48.25,13,500,24410.00,
511642,WISEC GLOBAL,B ,Q,14.80,14.80,13.50,13.75,13.75,14.10,10,1035,14947.00,
532300,WOCKHARDT   ,A ,Q,368.95,371.25,362.10,369.50,369.50,364.55,1425,234080,85848762.00,
512217,WOOLITE MERC,B ,Q,15.35,15.35,15.35,15.35,15.35,14.00,1,20,307.00,
509419,WOPOLIN PLAS,B ,Q,2.97,3.10,2.97,2.97,2.97,3.11,8,2057,6154.00,
526525,WORLDWIDE LE,B ,Q,33.50,34.50,30.00,31.30,31.30,32.90,254,66477,2077613.00,
505872,WPIL LTD.   ,B ,Q,30.00,30.40,29.70,30.15,30.00,29.85,22,6050,181917.00,
500095,WYETH LTD.  ,A ,Q,566.00,574.90,561.60,563.65,563.65,574.90,99,1819,1033497.00,
532116,XO INFOTECH ,B ,Q,2.57,2.57,2.46,2.57,2.57,2.45,10,4100,10388.00,
590013,XPRO INDI(PS,B ,Q,32.00,32.00,31.05,31.15,31.15,31.45,58,10944,341221.00,
514378,YARN SYNDICA,B ,Q,7.44,7.44,6.85,6.85,6.85,6.80,10,602,4264.00,
511601,YASH MANAGE.,B ,Q,10.90,10.90,10.44,10.56,10.56,10.58,33,13739,145963.00,
516030,YASH PAPERS ,S ,Q,9.10,9.50,9.10,9.22,9.22,9.48,106,33260,310956.00,
512167,YASHRAJ SEC.,T ,Q,80.00,86.20,80.00,84.20,86.20,82.10,15,10261,863532.00,
530063,YASRAJ CONT.,B ,Q,34.20,34.20,34.20,34.20,34.20,33.55,2,600,20520.00,
532648,YES BANK    ,B1,Q,90.00,91.00,89.20,89.70,89.70,89.20,414,27948,2513453.00,
522209,YOGI SUNGWON,B ,Q,1.02,1.14,1.02,1.12,1.04,1.05,11,1904,2069.00,
517216,YOKOGAWA IND,B ,Q,296.00,296.00,290.20,294.00,294.00,295.00,5,205,60176.00,
522108,YUKEN INDIA ,S ,Q,155.00,159.00,154.00,155.55,154.00,153.10,26,1280,200131.00,
506720,ZANDU PHARM ,B1,Q,3375.00,3405.00,3350.00,3364.55,3350.00,3328.15,22,65,219422.00,
505537,ZEE TELE.   ,A ,Q,275.30,296.60,259.40,287.75,287.75,275.00,62254,9739815,2765470502.00,
590032,ZEN TECH    ,B ,Q,83.00,84.00,78.80,79.25,79.25,83.00,158,10793,872673.00,
531845,ZENITH BIRLA,S ,Q,63.30,64.80,62.00,62.20,62.20,65.05,155,21758,1372418.00,
517164,ZENITH COMP.,B1,Q,76.00,79.70,76.00,77.80,77.80,76.60,176,25009,1961907.00,
512553,ZENITH EXP. ,B ,Q,79.80,79.80,73.50,74.50,76.70,76.20,10,175,13023.00,
514266,ZENITH FIBRE,S ,Q,25.55,26.00,25.55,25.95,25.80,25.85,13,5345,138246.00,
530665,ZENITH HEALT,B ,Q,0.40,0.40,0.40,0.40,0.40,0.39,2,1000,400.00,
532298,ZENITH INFO.,B1,Q,286.95,287.00,272.10,281.15,280.00,286.40,269,10043,2805542.00,
532039,ZENOTECH    ,Z ,Q,73.35,75.00,71.30,73.05,72.50,72.05,142,19043,1392460.00,
504067,ZENSAR TECH.,B1,Q,219.95,225.00,216.00,220.25,220.25,218.95,170,5585,1227111.00,
505163,ZF STEERING ,S ,Q,189.95,189.95,180.00,180.95,180.95,181.40,44,2061,374005.00,
531404,ZICOM ELECTR,S ,Q,176.30,184.50,176.30,179.05,179.05,177.00,117,8086,1460034.00,
532177,ZIGMA SOFT. ,S ,Q,0.73,0.73,0.66,0.66,0.67,0.68,133,171586,115872.00,
521163,ZODIAC CLOTH,B1,Q,220.00,220.00,215.50,215.50,215.50,220.15,11,193,41889.00,
512587,ZODIAC JRD  ,B ,Q,29.65,30.60,29.65,30.55,30.55,30.35,3,300,9080.00,
500780,ZUARI INDUS.,B1,Q,177.00,180.00,177.00,177.80,177.80,177.25,153,6244,1114482.00,
530091,ZYDEN GENTEC,B ,Q,56.00,56.00,55.80,55.95,55.95,56.30,17,1400,78301.00,
