SC_CODE,SC_NAME,SC_GROUP,SC_TYPE,OPEN,HIGH,LOW,CLOSE,LAST,PREVCLOSE,NO_TRADES,NO_OF_SHRS,NET_TURNOV,TDCLOINDI
500002,ABB LTD.    ,A ,Q,1085.55,1091.00,1047.00,1085.05,1080.75,1087.65,679,2736,2933115.00,
500003,AEGIS LOGIS ,B ,Q,161.00,162.80,151.65,154.05,153.00,159.65,1074,56686,8880382.00,
500008,AMAR RAJA BA,A ,Q,1026.60,1047.40,1000.00,1006.85,1006.85,1024.25,1774,22765,23249830.00,
500009,A.SARABHAI  ,XD,Q,9.65,9.65,8.68,9.09,9.09,9.37,185,104773,952153.00,
500010,HDFC        ,A ,Q,1395.00,1405.00,1378.65,1385.90,1381.00,1400.80,1537,33344,46351120.00,
500012,ANDHRA PETRO,XC,Q,22.00,22.10,19.50,20.66,20.66,21.21,969,355513,7368701.00,
500013,ANSAL INFRAS,B ,Q,19.25,19.50,18.40,18.50,18.50,19.25,134,57438,1075337.00,
500014,APPLE FINANC,XD,Q,3.09,3.49,2.92,3.10,3.25,2.97,74,48843,158248.00,
500020,BOM DYEING  ,B ,Q,56.25,56.60,52.95,54.35,54.35,56.20,2426,372353,20234813.00,
500023,ASIANHOTNR  ,B ,Q,116.95,117.00,105.15,110.00,110.00,109.20,25,219,23852.00,
500024,ASSAMCO     ,B ,Q,5.50,5.50,5.28,5.32,5.32,5.43,138,102205,546634.00,
500027,ATUL LTD.   ,A ,Q,2190.50,2248.00,2168.10,2173.10,2173.10,2178.25,436,1903,4196053.00,
500028,ATV PROJECTS,XT,Q,7.10,7.31,6.70,7.03,7.03,6.97,34,18098,125836.00,
500029,AUTOLITE(I) ,B ,Q,61.10,61.10,59.00,59.80,59.80,61.70,49,4555,273302.00,
500030,AUTORID.FIN ,T ,Q,1.57,1.57,1.50,1.51,1.50,1.50,43,49908,78002.00,
500031,BAJAJ ELECT.,A ,Q,258.90,259.60,248.05,249.50,249.50,257.25,622,21061,5302263.00,
500032,BAJAJHIND   ,B ,Q,16.50,16.65,15.85,15.90,15.90,16.55,520,325504,5262355.00,
500033,FORCE MOTR  ,B ,Q,4500.00,4527.70,4355.00,4377.50,4377.50,4501.25,12909,118925,524610119.00,
500034,BAJFINANCE  ,A ,Q,1033.25,1033.25,970.55,994.15,994.15,1030.00,11510,181667,180469588.00,
500038,BALRAM.CHINI,A ,Q,109.20,110.65,104.20,104.85,104.85,108.75,1068,125731,13393547.00,
500039,BANCO PROD. ,B ,Q,213.60,216.40,199.00,204.70,204.00,214.55,790,29721,6146867.00,
500040,CENTURY TEXT,A ,Q,983.50,995.75,953.00,978.65,984.00,978.60,5960,207477,202175230.00,
500041,BANNARI AMAN,B ,Q,1920.00,1920.00,1885.00,1885.80,1885.00,1925.00,17,163,309319.00,
500042,BASF INDIA  ,B ,Q,1234.40,1237.45,1180.00,1217.20,1217.20,1239.85,834,5543,6691177.00,
500043,BATA INDIA  ,A ,Q,459.35,469.00,449.00,455.80,455.80,459.15,2426,48984,22410646.00,
500048,BEML LTD    ,A ,Q,895.00,899.50,870.05,879.30,872.00,891.45,2180,27185,23951116.00,
500049,BHARAT ELECT,A ,Q,1314.90,1316.80,1287.55,1299.45,1299.45,1305.50,2744,39473,51320212.00,
500052,BHANSALI ENG,B ,Q,26.00,26.00,23.35,23.95,23.95,26.05,2072,858203,20965919.00,
500055,BHUSH STEEL ,B ,Q,44.65,45.10,42.40,43.05,43.05,44.30,849,89543,3878845.00,
500058,BIHAR SPONGE,XT,Q,2.71,2.85,2.71,2.85,2.85,2.85,18,9350,26044.00,
500059,BINANI IND. ,B ,Q,100.00,100.00,89.00,90.30,90.75,96.55,453,23470,2151205.00,
500060,BIRLACABLE  ,T ,Q,43.00,43.10,41.40,41.50,41.50,43.55,61,6653,277264.00,
500067,BLUE STAR   ,B ,Q,560.00,560.00,525.30,537.50,539.05,549.90,547,33617,18000145.00,
500068,DISA INDIA  ,XC,Q,4650.00,4650.00,4502.00,4600.00,4600.00,4599.50,5,12,54582.00,
500069,BNK CAPITAL ,XD,Q,40.70,40.70,38.45,39.95,39.35,40.70,22,1825,72710.00,
500074,BPL LTD.    ,B ,Q,79.25,82.50,74.50,75.50,75.50,77.70,2745,319367,24997397.00,
500078,CAMPH.& ALL ,XC,Q,724.95,724.95,675.00,698.85,700.00,705.00,85,4099,2846579.00,
500083,CENTURY EXT ,B ,Q,10.26,10.29,9.50,10.10,10.10,9.88,933,751072,7503612.00,
500084,CESC LTD.   ,A ,Q,586.55,595.20,578.50,585.90,582.20,591.20,996,20693,12144584.00,
500085,CHAMBAL FERT,B ,Q,61.70,64.40,61.70,63.80,63.80,62.55,1201,147491,9331071.00,
500086,EXIDE IND.  ,A ,Q,193.00,195.70,186.65,188.90,188.90,192.85,4537,536881,102408126.00,
500087,CIPLA LTD.  ,A ,Q,565.75,565.75,538.50,544.50,544.50,559.05,3841,194226,107306693.00,
500089,DIC INDIA   ,B ,Q,543.00,547.45,525.20,529.05,525.20,538.70,176,1499,800224.00,
500092,CRISIL LTD  ,A ,Q,2220.00,2230.00,2204.75,2212.35,2222.95,2208.30,55,1321,2928475.00,
500093,CROMPT.GREAV,A ,Q,76.75,77.15,74.10,76.50,76.50,76.75,1314,268792,20398799.00,
500096,DABUR (I)   ,A ,Q,293.85,300.80,293.30,297.15,297.15,291.90,3578,142397,42341437.00,
500097,DALMIASUG   ,B ,Q,116.60,117.70,111.00,112.20,112.90,117.90,476,25154,2847410.00,
500101,ARVIND Ltd  ,A ,Q,405.00,405.50,390.10,399.40,399.40,406.70,5382,302758,120325860.00,
500102,BALARPUR IND,B ,Q,17.20,17.38,16.32,16.74,16.74,17.12,1059,454941,7627047.00,
500103,BHEL        ,A ,Q,138.00,139.00,134.00,134.90,134.90,137.75,3489,488986,66474792.00,
500104,HIND.PETRO  ,A ,Q,438.00,442.00,421.60,435.10,435.10,437.30,8847,231150,99886503.00,
500106,IFCI LTD    ,A ,Q,24.90,25.05,24.05,24.15,24.15,24.95,1541,886996,21638685.00,
500108,MAHA.TELE   ,B ,Q,19.50,19.70,18.65,18.85,18.85,19.55,742,202647,3858741.00,
500109,MRPL        ,A ,Q,91.50,91.50,87.45,88.90,88.90,90.05,2241,103723,9247845.00,
500110,CHENNAI PET.,B ,Q,258.00,262.45,250.65,253.10,254.00,259.50,1407,51985,13241051.00,
500111,REL.CAP.    ,A ,Q,503.90,509.00,491.60,494.95,494.95,504.40,7341,468622,233749092.00,
500112,STATE BANK  ,A ,Q,246.20,248.50,240.55,242.85,242.85,245.65,10802,1192300,290132347.00,
500113,STEEL AUTH. ,A ,Q,52.00,52.00,49.50,50.15,50.15,51.10,4278,1964664,98976729.00,
500114,TITAN       ,A ,Q,376.55,377.40,360.00,368.50,368.50,376.65,8120,406532,149751231.00,
500116,IDBI BANK L ,A ,Q,69.50,69.85,68.35,68.65,68.65,69.60,2310,504024,34800153.00,
500117,DCW LTD.    ,B ,Q,34.00,34.00,31.50,32.35,32.30,33.60,1266,373938,12189930.00,
500119,DHAMPUR SUGA,B ,Q,121.00,121.90,115.00,115.60,115.60,122.40,515,53966,6345795.00,
500120,DIAMINES&CHM,XD,Q,49.00,51.00,47.20,49.50,49.50,50.25,22,3083,151346.00,
500123,ELANTAS     ,B ,Q,1828.95,1828.95,1755.00,1802.15,1802.15,1795.30,443,3637,6505563.00,
500124,DR.REDDY'S  ,A ,Q,3238.00,3238.00,3072.00,3077.20,3077.20,3262.00,4929,76276,235950173.00,
500125,E.I.D.PAR   ,A ,Q,254.80,261.00,248.10,259.25,259.25,254.60,1314,63276,16165152.00,
500126,MERCK LTD   ,B ,Q,810.50,814.15,779.10,792.65,790.00,809.05,415,5643,4497233.00,
500128,ELEC.CASTING,B ,Q,26.20,26.40,23.70,24.55,24.65,26.25,1126,244074,6012198.00,
500132,EMPEE SUGARS,XD,Q,8.00,8.60,7.51,7.98,7.98,8.07,47,20436,163025.00,
500133,ESAB INDIA  ,B ,Q,640.00,658.90,605.05,608.80,608.80,604.25,314,4112,2611333.00,
500135,ESSEL PROP  ,B ,Q,245.00,248.00,233.85,239.45,239.45,245.30,327,5398,1292295.00,
500136,ESTER INDUS.,B ,Q,50.40,51.65,46.05,46.95,46.95,50.10,1152,74771,3645832.00,
500139,FEDDER.LLYOD,B ,Q,81.40,82.45,77.85,79.25,79.25,81.50,606,33039,2618647.00,
500141,FERRO ALLOYS,XD,Q,9.41,9.78,9.39,9.39,9.39,9.88,62,67193,631159.00,
500142,FGP LTD.    ,XD,Q,2.54,2.54,2.54,2.54,2.54,2.54,1,1000,2540.00,
500143,P.H.CAPITAL ,XD,Q,30.30,30.30,27.70,30.30,30.30,29.15,7,861,25999.00,
500144,FINOL. CABLE,A ,Q,436.30,439.90,420.00,434.15,434.15,437.30,209,3283,1420199.00,
500147,CMI FPE     ,XC,Q,440.00,451.00,420.55,435.40,435.40,441.20,57,1486,649646.00,
500148,UFLEX LTD   ,B ,Q,304.85,304.85,280.00,282.35,284.00,297.55,1661,44356,12688468.00,
500150,FOSECO INDIA,B ,Q,1407.55,1407.55,1359.90,1391.80,1407.55,1420.90,52,245,338567.00,
500151,GOLDEN TOB  ,B ,Q,62.20,64.10,60.20,61.15,61.15,58.30,732,87816,5478662.00,
500153,GANESH BENZO,XC,Q,43.50,43.80,39.40,41.70,41.70,43.05,753,285672,11810177.00,
500155,GARDEN SILK ,B ,Q,32.60,32.80,30.05,31.05,31.05,33.00,541,48819,1529126.00,
500159,METROGLOBL  ,XC,Q,85.00,85.00,81.45,81.70,82.55,83.10,14,1872,153580.00,
500160,GTL LTD.    ,B ,Q,17.00,17.20,16.00,16.25,16.25,16.80,1164,196195,3240910.00,
500162,PARRYSUGR   ,B ,Q,37.60,38.20,36.20,37.00,37.00,38.70,49,4093,153006.00,
500163,GODFREY PH  ,B ,Q,1445.00,1488.00,1376.70,1391.00,1391.00,1402.20,3226,37460,53099744.00,
500164,GODREJ IND  ,A ,Q,422.10,429.00,413.50,417.00,414.80,419.15,878,20031,8413891.00,
500165,KANSAI NERO ,A ,Q,374.70,374.70,366.60,368.70,370.00,369.80,901,28590,10538347.00,
500166,GOODRICKE   ,XC,Q,217.75,220.00,203.00,211.10,211.10,219.00,428,38192,8071279.00,
500168,GOODYEAR (I),B ,Q,781.00,794.00,760.00,764.10,764.10,780.95,1291,23361,18025387.00,
500170,GTN INDUS   ,B ,Q,13.20,14.50,13.20,13.90,13.90,14.34,11,2792,39393.00,
500171,GHCL LTD    ,B ,Q,262.25,262.30,247.10,255.05,255.05,260.95,2741,153218,38718861.00,
500173,GUJ.FLOURO  ,B ,Q,508.05,510.00,492.00,495.45,492.10,509.80,158,840,418405.00,
500174,GUJ.LEASE   ,B ,Q,1.99,2.15,1.99,2.15,2.15,2.09,6,4221,8595.00,
500179,HCL INFOSYS ,B ,Q,49.55,49.60,46.10,46.65,46.65,49.45,3173,947562,44926260.00,
500180,HDFC BANK   ,A ,Q,1250.00,1251.00,1242.00,1243.70,1243.70,1256.60,4923,314855,392371904.00,
500182,HEROMOTOCO  ,A ,Q,3390.00,3390.00,3250.00,3282.95,3282.95,3379.50,3684,25472,84073850.00,
500183,HIMACHAL FUT,B ,Q,14.61,14.79,14.15,14.34,14.34,14.59,717,666143,9620005.00,
500184,HSCL        ,B ,Q,46.20,46.20,41.70,43.25,43.80,45.20,833,182316,7947243.00,
500185,HIND.CONSTN.,A ,Q,35.90,35.90,33.70,34.45,34.45,35.55,4226,1446242,50158585.00,
500186,HIND.OIL EXP,B ,Q,63.45,63.75,61.00,61.80,61.80,63.15,1875,297240,18416624.00,
500187,HSIL        ,B ,Q,346.50,350.00,334.00,343.50,350.00,349.25,368,8572,2921819.00,
500188,HINDUS.ZI   ,A ,Q,272.00,272.00,253.55,255.30,255.30,267.10,2466,167677,43541604.00,XD
500189,HINDUJA VENT,B ,Q,545.00,548.00,522.40,537.05,533.00,558.25,173,2189,1175531.00,
500191,HMT LTD.    ,T ,Q,40.70,40.70,37.30,37.70,38.00,39.25,68,9338,358974.00,
500192,PRAG BOSIMI ,XT,Q,4.75,5.10,4.75,5.10,5.10,5.00,19,9719,48697.00,
500193,HOTEL LEELA.,B ,Q,18.00,18.00,17.40,17.55,17.55,17.90,151,52465,928464.00,
500199,I.G.PETRO   ,B ,Q,288.00,288.00,266.30,269.50,269.50,292.90,3132,105197,28758327.00,
500201,IND.GLYCOLS ,B ,Q,134.90,135.70,125.00,127.25,128.00,134.35,707,28800,3702317.00,
500202,IND.LEAS.DEV,XD,Q,7.90,7.90,7.90,7.90,7.90,7.90,1,50,395.00,
500207,INDO RAMA   ,B ,Q,36.60,36.65,34.30,34.50,34.75,36.55,234,38621,1360697.00,
500209,INFOSYS LTD ,A ,Q,966.90,978.85,962.00,970.80,970.80,966.90,7934,203448,197490035.00,
500210,INGERSOLL   ,B ,Q,715.00,715.00,697.00,702.00,702.00,712.45,359,3256,2284436.00,
500211,INSILCO LTD.,XT,Q,33.60,33.65,30.80,30.80,30.80,32.40,358,141169,4552012.00,
500213,INTER.TRAVEL,XC,Q,208.00,208.85,200.00,202.05,204.10,208.35,91,4474,909241.00,
500214,ION EXCHANGE,XT,Q,325.00,331.90,317.15,329.15,328.00,331.50,193,11949,3866935.00,
500215,AGRO TECH FO,B ,Q,460.00,471.00,457.00,457.30,459.00,461.00,65,604,277331.00,
500219,JAIN IRRIG  ,A ,Q,101.40,101.40,96.15,98.40,98.40,100.55,2746,686269,67689462.00,
500220,JASCH INDUST,XD,Q,50.00,50.40,46.65,47.20,47.15,50.60,69,10068,485487.00,
500223,JCT LTD     ,XC,Q,7.02,7.25,6.31,6.64,6.64,7.11,1605,1693663,11284797.00,
500227,JINDAL POLYF,B ,Q,409.00,413.00,402.00,404.65,404.65,410.65,335,19568,7950844.00,
500228,JSWSL       ,A ,Q,1599.00,1609.50,1566.55,1589.15,1589.15,1598.50,3328,62199,98908749.00,
500231,UMANG DAIR  ,B ,Q,91.00,91.95,83.00,84.35,85.50,89.90,742,53662,4606438.00,
500233,KAJARIA CER.,A ,Q,613.60,618.40,597.70,598.55,598.05,613.55,558,17559,10593730.00,
500234,KAKATIYA CEM,B ,Q,363.00,367.90,350.00,352.90,352.60,362.75,527,11703,4176144.00,
500235,KALYANI STEL,B ,Q,319.75,321.35,295.05,301.60,301.60,317.30,2049,92506,28208395.00,
500236,KANELIND    ,XT,Q,3.30,3.30,3.01,3.01,3.01,3.15,6,1622,5323.00,
500238,WHIRLPOOL   ,B ,Q,1130.00,1158.00,1103.80,1124.25,1124.25,1124.90,633,5589,6275452.00,
500239,KG DENIM    ,XC,Q,100.00,101.70,92.00,94.45,94.45,100.10,693,146979,14241865.00,
500240,KINETIC ENG.,XC,Q,102.90,102.90,92.55,93.45,93.45,98.40,153,21009,2011336.00,
500241,KIRL.BROS.  ,B ,Q,175.00,175.90,161.20,171.60,171.60,173.50,713,35550,5977666.00,
500243,KIRL INDUS  ,B ,Q,860.00,884.00,855.00,859.20,855.00,878.50,17,140,120535.00,
500245,KIRL.FERROUS,XC,Q,82.25,83.40,77.00,78.25,78.25,81.45,734,121689,9689327.00,
500246,ENVAIN ELECT,XD,Q,19.90,19.90,19.90,19.90,19.90,19.00,1,100,1990.00,
500247,KOTAK MAH.BK,A ,Q,806.00,811.60,789.80,799.45,799.45,805.50,2378,65428,52299879.00,
500249,KSB PUMPS   ,B ,Q,586.10,592.10,575.40,581.40,581.35,587.40,78,293,171069.00,
500250,L.G.BALKRISH,B ,Q,675.00,675.00,625.30,644.90,644.90,663.05,342,3604,2326540.00,
500251,TRENT LTD.  ,A ,Q,201.35,203.00,195.15,196.40,197.60,201.35,446,8868,1757483.00,
500252,LAKSHMI MACH,A ,Q,4320.00,4320.00,4261.05,4286.65,4286.65,4308.40,430,3312,14183237.00,
500253,LIC HOUS.FIN,A ,Q,554.00,554.00,528.50,533.70,533.70,552.50,5197,250219,134299563.00,
500254,UTTAMVALUE  ,B ,Q,0.49,0.49,0.45,0.46,0.45,0.48,68,569657,263022.00,
500255,LML LTD.    ,B ,Q,16.00,16.40,15.29,15.30,15.30,16.09,1067,411158,6400640.00,
500256,LOK.HOUS&CON,Z ,Q,4.29,4.64,4.29,4.29,4.29,4.51,37,16589,72025.00,
500257,LUPIN LTD.  ,A ,Q,1460.00,1461.95,1394.00,1420.90,1420.90,1473.55,10164,182673,258325632.00,
500259,LYKA LABS   ,B ,Q,65.35,65.35,62.70,63.50,63.60,65.75,278,125951,7955153.00,
500260,RAMCOCEM    ,A ,Q,600.00,611.20,595.20,602.70,605.00,606.35,608,12140,7307964.00,
500264,MAFATLAL IND,XC,Q,348.75,348.75,330.45,342.65,342.65,342.65,297,17286,5899159.00,
500265,MAH.SEAMLESS,B ,Q,252.00,252.00,230.00,241.45,244.60,251.75,713,18682,4449144.00,
500266,MAH.SCOOTER ,B ,Q,1887.80,1905.00,1790.10,1812.50,1814.00,1903.10,320,1538,2809037.00,
500267,MAJESTIC AUT,XC,Q,132.00,132.00,115.00,116.55,115.05,121.10,74,7015,825427.00,
500268,MANALI PETRO,B ,Q,43.50,44.00,39.80,40.60,40.60,43.95,1694,304450,12610376.00,
500271,MFSL        ,A ,Q,540.40,550.25,521.05,542.30,542.00,540.40,2621,30042,16096630.00,
500279,MIRC ELECT  ,B ,Q,15.42,15.47,14.50,14.56,14.56,15.37,430,125358,1856714.00,
500280,CENTURY ENKA,B ,Q,315.00,324.00,305.00,308.20,308.20,313.60,3406,123902,38774553.00,
500284,LORDS CHLORO,XT,Q,43.40,47.00,43.40,43.40,43.40,45.65,18,45166,1961953.00,
500285,SPICEJET LTD,B ,Q,69.55,70.00,64.80,65.35,65.35,69.75,11625,5479364,365186163.00,
500288,MOREPEN LAB.,B ,Q,23.00,23.05,21.25,21.80,22.15,22.85,1233,420542,9212501.00,
500290,MRF LTD.    ,A ,Q,50250.00,50900.00,49600.00,50319.90,50319.90,50305.90,1418,2198,110414827.00,
500292,HEIDEL CEM  ,B ,Q,139.00,140.90,133.00,136.90,137.25,137.55,285,11427,1560460.00,
500294,NCC         ,A ,Q,86.00,86.15,81.80,83.45,83.45,86.05,3846,696027,58307002.00,
500295,VEDL        ,A ,Q,219.40,222.10,207.55,212.80,212.80,217.90,15073,2308242,490721204.00,
500296,NAHAR SPG.  ,B ,Q,126.45,127.45,120.00,122.45,122.45,127.65,293,22711,2795939.00,
500298,NAT.PEROXIDE,XC,Q,965.05,965.05,929.00,931.55,931.55,970.70,160,4050,3822121.00,
500300,GRASIM IND. ,A ,Q,901.00,918.50,885.60,899.75,899.75,909.85,3558,155347,139516217.00,
500301,NEPC INDIA  ,T ,Q,1.69,1.85,1.69,1.83,1.85,1.77,26,15424,27160.00,
500302,PEL         ,A ,Q,1637.25,1644.95,1589.00,1611.35,1611.35,1637.35,2319,16697,26965442.00,
500303,ADI BIR NUVO,A ,Q,1305.55,1322.30,1269.50,1282.65,1282.65,1310.45,1696,18823,24264437.00,
500304,NIIT LTD.   ,B ,Q,84.25,86.00,81.50,82.05,82.05,83.75,1011,113598,9419378.00,
500306,JAYKAY      ,XD,Q,4.26,4.65,4.26,4.43,4.28,4.55,18,5716,25640.00,
500307,NIRLON      ,B ,Q,206.05,210.00,204.00,208.05,207.50,206.50,119,84167,17581657.00,
500312,ONGC CORPN  ,A ,Q,269.00,271.85,265.05,269.65,269.65,267.55,6893,698672,188356579.00,
500313,OIL COUNTRY ,B ,Q,34.15,34.15,32.00,32.50,32.75,33.95,225,23904,783993.00,
500314,ORIENT HOTEL,B ,Q,26.65,26.65,26.10,26.55,26.55,27.05,16,2737,71985.00,
500315,ORINTAL BANK,A ,Q,117.00,117.45,112.50,113.45,113.45,116.25,3453,396260,45338372.00,
500317,OSWAL AGRO. ,B ,Q,12.85,13.20,12.25,12.49,12.49,13.01,177,60934,776278.00,
500319,INDIAN SUCRO,XT,Q,25.55,25.55,24.50,25.55,25.55,24.60,233,216132,5517149.00,
500322,PANYAM CEMEN,XC,Q,63.70,63.70,61.40,62.20,62.20,64.85,121,18959,1178371.00,
500325,RELIANCE    ,A ,Q,1021.30,1027.15,1000.55,1005.80,1005.80,1025.45,6460,218484,221145292.00,
500327,PILITA      ,B ,Q,14.85,14.88,14.25,14.43,14.60,14.56,276,106464,1533606.00,
500329,PENTAMED.G  ,XD,Q,0.77,0.80,0.71,0.73,0.73,0.75,89,131191,95578.00,
500330,RAYMOND     ,A ,Q,638.95,638.95,598.00,614.75,614.75,632.05,3079,39605,24242951.00,
500331,PIDILITE    ,A ,Q,690.95,703.20,677.85,695.00,695.00,689.25,2575,70712,48908691.00,
500333,PIX TRANS   ,XD,Q,55.55,56.00,54.05,54.70,54.20,56.25,40,7026,387393.00,
500335,BIRLA CORPN.,B ,Q,778.35,783.80,735.60,763.30,763.30,778.50,612,6453,4924169.00,
500336,SURYA ROSHNI,B ,Q,232.75,233.95,220.00,221.10,222.45,230.75,1869,87050,19809280.00,
500337,PRIME SECUR.,B ,Q,34.70,34.70,34.70,34.70,34.70,36.50,64,28848,1001025.00,
500338,PRISM CEMENT,B ,Q,105.35,106.20,100.10,103.00,103.00,104.55,655,324010,33337405.00,
500339,RAIN        ,B ,Q,52.95,52.95,49.00,50.20,50.20,53.05,596,99939,5044994.00,
500343,PUDUMJEE    ,B ,Q,26.50,28.60,24.30,25.05,25.05,25.75,4651,701370,18758581.00,
500346,PUN.COMMUNI.,XD,Q,48.00,51.00,42.00,43.05,43.25,43.70,51,5892,255368.00,
500350,RSWM  LTD   ,B ,Q,476.85,476.85,451.00,466.75,469.00,472.80,454,4944,2276374.00,
500354,RAJSH.SUGAR ,B ,Q,61.00,62.30,59.80,61.15,61.15,62.65,138,11946,731815.00,
500355,RALLIS INDIA,A ,Q,215.65,215.65,205.00,209.20,209.35,214.00,1267,50042,10464170.00,
500356,RAMANEWS    ,B ,Q,33.20,37.70,32.05,32.50,32.50,34.10,971,112279,3779083.00,
500357,RAMA PAPER  ,XD,Q,17.10,17.25,17.10,17.25,17.25,17.45,14,3425,59037.00,
500358,RAMA PETRO  ,XD,Q,4.78,4.78,4.78,4.78,4.78,4.59,3,250,1195.00,
500360,RAPICUT CARB,XD,Q,65.00,66.35,63.55,64.80,64.15,66.80,34,5668,364528.00,
500365,RMGALLOY    ,XD,Q,8.75,9.39,8.74,8.75,8.76,8.79,79,189926,1661859.00,
500366,ROLTA (I)   ,B ,Q,61.15,61.35,60.00,60.10,60.10,61.20,768,66819,4028922.00,
500367,RUBFILA INT.,XC,Q,39.05,39.60,37.40,37.95,38.20,39.05,66,14874,571884.00,
500368,RUCHI SOYA  ,B ,Q,22.95,23.15,22.20,22.35,22.20,22.85,411,45106,1017065.00,
500370,SALORA INT. ,B ,Q,56.65,56.65,53.60,54.55,54.95,58.35,12,1150,63356.00,
500371,SAMTEL IND. ,XT,Q,6.50,6.50,6.50,6.50,6.50,6.66,1,69,448.00,
500372,SAMTEL COL  ,T ,Q,0.73,0.73,0.73,0.73,0.73,0.70,2,600,438.00,
500378,JINDAL SAW  ,B ,Q,62.00,62.45,56.80,59.95,59.95,62.05,4067,937151,55635167.00,
500380,JK LAKSHMI  ,A ,Q,475.95,477.00,455.00,466.65,466.65,479.00,422,5338,2476355.00,
500387,SHREE CEMENT,A ,Q,16100.00,16972.65,15919.00,16798.90,16798.90,16114.30,768,1128,18732575.00,
500388,SHREE KRISHN,XT,Q,11.98,11.98,11.98,11.98,11.98,11.41,1,10,119.00,
500390,REL INFRA   ,A ,Q,515.05,521.20,492.50,495.15,495.15,516.75,6445,354785,179068501.00,
500394,SOLID CARBID,XD,Q,0.76,0.76,0.70,0.76,0.76,0.73,5,202,142.00,
500399,STEELCO GUJ.,XD,Q,6.55,6.79,6.34,6.40,6.40,6.61,39,14476,94982.00,
500400,TATA POWER  ,A ,Q,76.70,77.40,74.15,74.65,74.65,76.75,1797,287403,21707507.00,
500402,SPMLINFRA   ,B ,Q,62.40,63.90,61.25,61.85,63.65,64.00,24,2182,135764.00,
500403,SUNDARAM FAS,B ,Q,334.50,336.45,314.00,319.20,319.20,333.55,2792,97315,31214183.00,
500404,SUNFLAG IRON,B ,Q,39.50,40.00,36.80,37.10,37.10,37.85,1694,442767,16763458.00,
500405,SUPREME PET ,B ,Q,215.10,219.10,205.05,212.85,212.70,216.90,343,20360,4278732.00,
500407,SWARAJ ENGIN,B ,Q,1374.00,1386.35,1325.00,1331.85,1331.85,1371.35,186,1004,1365543.00,
500408,TATA ELXSI  ,A ,Q,1264.00,1266.95,1237.00,1243.10,1243.10,1257.10,2516,48442,60429302.00,
500410,ACC LTD     ,A ,Q,1515.00,1527.00,1477.00,1491.15,1486.10,1508.90,1202,14928,22385479.00,
500411,THERMAX     ,A ,Q,858.00,870.00,845.00,852.15,847.00,854.30,179,792,675427.00,
500412,THIRUMALAI  ,B ,Q,890.00,915.00,833.00,858.55,858.55,898.35,5843,102354,88586281.00,
500413,THOMAS COOK ,B ,Q,216.95,216.95,209.10,210.80,210.50,215.40,712,23233,4980716.00,
500414,TIMEX GROUP ,XC,Q,58.30,59.50,55.60,56.10,56.75,58.10,472,111931,6362949.00,
500418,TOKYO PLAST ,B ,Q,68.20,70.95,65.60,67.30,67.30,69.65,146,25282,1718128.00,
500420,TORRENT PHAR,A ,Q,1319.00,1338.10,1270.50,1295.55,1295.55,1318.45,3013,30947,40374328.00,
500422,TRANSCHEM   ,XD,Q,17.80,17.80,17.25,17.25,17.25,17.80,8,831,14494.00,
500425,AMBUJA CEME ,A ,Q,243.10,245.95,238.15,240.85,240.85,243.20,3245,179637,43593056.00,
500426,UTLINDS     ,XT,Q,5.80,5.80,5.80,5.80,5.80,5.58,1,1,5.00,
500429,UNIPHOS ENT.,B ,Q,64.25,67.50,64.00,64.40,64.00,65.15,124,12551,814531.00,
500439,VARD HOLDNG ,B ,Q,1934.00,1949.95,1875.05,1949.95,1949.95,1986.05,10,86,161946.00,
500440,HINDALCO    ,A ,Q,163.45,164.95,154.90,158.20,158.20,162.40,8149,2451728,388578781.00,
500444,WEST COAST  ,B ,Q,134.80,136.70,124.00,130.60,130.60,134.80,1351,73132,9544292.00,
500449,HIND.ORG.CHM,B ,Q,22.00,22.25,19.80,20.30,20.30,22.05,567,105413,2186884.00,
500456,PAS.ACRYLON ,XC,Q,34.10,34.45,30.20,31.10,31.10,33.90,1224,546798,17154391.00,
500458,KORE        ,XT,Q,2.82,3.08,2.82,3.08,3.08,2.96,5,837,2525.00,
500459,PROCTER &GAM,A ,Q,7100.00,7100.00,6960.50,7018.20,7001.00,7069.55,59,240,1680581.00,
500460,MUKAND LTD. ,B ,Q,66.00,66.00,61.30,65.40,65.05,65.80,358,40713,2603390.00,
500463,AGCNET      ,B ,Q,108.90,112.35,96.30,97.90,97.90,104.45,1542,81568,8362481.00,
500464,UCAL FUEL   ,B ,Q,214.95,221.75,201.00,206.05,206.05,216.05,3930,143971,30196387.00,
500467,HARR.MALAYAL,B ,Q,72.00,72.95,68.70,69.45,69.95,72.45,188,18303,1278585.00,
500469,FEDERAL BANK,A ,Q,77.15,78.25,75.00,76.60,76.60,76.95,2768,712872,54641465.00,
500470,TATA STEEL  ,A ,Q,402.25,407.40,398.30,403.05,403.05,403.30,9474,708382,285249508.00,
500472,SKF INDIA   ,A ,Q,1487.35,1505.00,1414.00,1433.30,1440.00,1487.35,554,3186,4594906.00,
500477,ASHOK LEYL. ,A ,Q,91.60,92.40,89.00,90.60,90.60,91.00,6297,1847376,167609502.00,
500480,CUMMINS (I) ,A ,Q,840.00,846.00,806.65,829.35,829.90,840.60,1232,21296,17679590.00,
500483,TATA COMM   ,A ,Q,617.70,638.00,608.00,620.45,620.45,608.85,3482,143794,88731180.00,
500488,ABBOTT (I)  ,B ,Q,4747.00,4754.45,4657.00,4695.20,4712.00,4708.05,83,161,756243.00,
500490,BAJ HOLD INV,A ,Q,2191.00,2202.80,2173.00,2189.50,2200.00,2198.00,209,3767,8223576.00,
500493,BHARAT FORGE,A ,Q,849.90,849.90,820.10,833.00,830.00,851.25,2925,74157,62012404.00,
500495,ESCORTS LTD.,A ,Q,371.50,374.50,349.05,351.90,351.90,371.80,7452,347529,124507551.00,
500500,HIND.MOTORS ,B ,Q,8.60,8.84,7.75,8.34,8.34,8.47,1527,810346,6683482.00,
500510,LARSEN & TOU,A ,Q,1422.00,1434.00,1397.00,1418.90,1418.90,1444.55,18925,7285485,10316482378.00,
500520,MAH & MAH   ,A ,Q,1360.00,1392.00,1346.00,1372.45,1372.45,1358.55,4381,77027,105871367.00,
500530,BOSCH LTD   ,A ,Q,21551.05,21731.25,20919.75,21509.55,21509.55,21527.10,904,1756,37439541.00,
500540,PREMIER LTD ,B ,Q,33.20,33.40,32.40,32.65,32.85,33.65,47,4543,150164.00,
500547,BHARAT PET. ,A ,Q,640.00,649.00,632.10,643.15,643.15,645.05,5929,128345,82262145.00,
500550,SIEMENS LTD.,A ,Q,1130.00,1132.00,1107.60,1112.55,1112.55,1134.20,874,13363,14921095.00,
500570,TATA MOTORS ,A ,Q,510.00,515.95,501.85,512.10,512.10,510.25,8757,588198,299563496.00,
500575,VOLTAS LTD  ,A ,Q,367.85,370.75,357.50,359.75,359.75,364.40,2622,126927,46190868.00,
500620,GREAT EASTE ,A ,Q,364.80,370.40,349.65,356.30,356.30,364.00,451,9496,3391644.00,
500645,DEEPAK FERT.,B ,Q,220.45,220.45,205.10,209.30,209.00,217.80,431,11586,2433123.00,
500650,EXCEL INDUST,B ,Q,471.00,471.00,432.50,433.70,433.70,465.20,537,12736,5727403.00,
500655,GARWARE POLY,XC,Q,138.25,142.00,132.40,140.70,140.70,141.15,133,18469,2547181.00,
500660,GLAXOSMITH  ,A ,Q,2799.00,2865.00,2731.10,2774.80,2854.50,2814.90,995,3286,9082968.00,
500670,GUJ.NARMADA ,B ,Q,224.00,230.50,207.50,214.20,214.20,221.90,25076,1689115,371455554.00,
500672,NOVARTIS    ,B ,Q,679.00,685.90,666.00,670.40,669.00,682.25,548,8379,5627179.00,
500674,SANOFI      ,A ,Q,4255.45,4300.00,4220.00,4275.65,4275.00,4280.65,111,134,571306.00,
500676,GLAXOSMITHKL,A ,Q,5992.00,5992.00,5823.00,5864.65,5866.00,5882.90,85,224,1316378.00,
500680,PFIZER LTD. ,A ,Q,1788.00,1830.00,1755.00,1781.20,1781.20,1764.10,401,2030,3622297.00,
500690,GUJ.ST.FERT ,A ,Q,95.00,95.40,89.30,91.65,91.65,94.45,5868,828000,76131903.00,
500696,HIND UNI LT ,A ,Q,848.00,866.85,843.95,847.40,847.40,839.75,4358,139572,119381547.00,
500710,AKZOINDIA   ,B ,Q,1645.00,1670.00,1620.00,1625.30,1620.00,1657.25,206,1536,2502915.00,
500730,NOCIL LTD   ,B ,Q,74.90,75.50,71.00,71.70,71.70,74.90,3173,537428,39101895.00,
500770,TATA CHEM.  ,A ,Q,508.00,516.50,505.65,510.90,510.90,511.25,2317,77218,39475442.00,
500777,T.P.L.      ,B ,Q,31.45,31.45,28.50,29.55,29.55,31.00,1154,161420,4820675.00,
500780,ZUARIGLOB   ,B ,Q,102.00,102.00,97.10,97.45,97.10,101.45,111,4811,477343.00,
500790,NESTLE (I)  ,A ,Q,6726.70,6776.95,6621.00,6637.15,6637.15,6711.95,729,2156,14365094.00,
500800,TATAGLOBAL  ,A ,Q,132.00,132.00,125.65,126.40,126.40,131.40,4626,2639147,339213417.00,
500820,ASIAN PAINTS,A ,Q,1039.55,1054.45,1034.60,1042.65,1042.65,1036.95,4431,103754,108299864.00,
500825,BRITANIA IND,A ,Q,3310.00,3379.35,3223.55,3300.05,3302.60,3303.85,2679,45718,151006026.00,
500830,COLGATE PALM,A ,Q,972.00,1031.60,972.00,983.85,983.85,951.50,10877,222291,222463165.00,
500840,EIH LTD.    ,B ,Q,106.00,109.00,104.00,107.25,106.90,107.90,785,30083,3209894.00,
500850,INDIAN HOTEL,A ,Q,109.05,116.50,106.70,112.45,112.00,109.00,2271,154281,17319256.00,
500870,CASTROL     ,A ,Q,432.90,436.75,420.55,429.40,429.40,433.35,3812,458824,195378941.00,
500875,ITC LTD.    ,A ,Q,251.00,256.00,247.40,249.10,249.10,240.35,17530,6620479,1659623967.00,
500877,APOLLO TYRES,A ,Q,200.00,201.00,190.30,193.55,193.55,197.85,2454,250655,48732916.00,
500878,CEAT LIMITED,A ,Q,1249.90,1249.90,1183.00,1200.25,1200.25,1232.10,4227,116916,141453390.00,
500890,MODI RUBBER ,T ,Q,41.85,42.95,41.85,42.85,42.85,43.00,13,1468,62137.00,
500940,FINOLEX IND.,A ,Q,449.60,454.35,435.00,442.75,442.75,449.85,334,3380,1502828.00,
500945,VALUE IND L ,B ,Q,13.00,13.10,12.25,12.70,12.70,13.29,42,14861,189809.00,
501061,ST.BANK BIKA,B ,Q,670.95,672.20,658.00,663.65,663.65,668.65,179,1465,973636.00,
501148,DALAL ST INV,XT,Q,127.40,130.85,127.40,130.85,130.85,130.00,2,50,6508.00,
501150,CENTRUM CAP ,XD,Q,28.50,29.70,28.10,28.20,29.00,28.25,191,760135,21962436.00,
501179,OSCAR INV.  ,XC,Q,200.00,200.00,200.00,200.00,200.00,210.00,2,11,2200.00,
501242,TCI FINANCE ,B ,Q,31.05,31.80,28.10,28.55,28.55,27.85,937,152783,4576534.00,
501295,INDUS.INV.TR,B ,Q,99.00,99.00,92.55,92.55,92.55,97.40,15,2911,270640.00,
501298,INDUS.&PRUD.,XC,Q,1160.00,1199.00,1150.00,1153.90,1160.00,1166.50,29,97,113779.00,
501301,TATA INVEST.,B ,Q,570.00,570.00,545.00,548.95,548.95,566.85,590,7559,4179240.00,
501311,JAYBH.CREDIT,XT,Q,6.72,6.72,6.72,6.72,6.72,7.07,1,200,1344.00,
501343,MOTOR&GEN.FI,T ,Q,38.00,38.00,38.00,38.00,38.00,39.75,3,1200,45600.00,
501370,WALCHAND PF ,XD,Q,173.70,173.70,162.00,166.60,168.00,168.30,75,6538,1080173.00,
501391,W.H.BRADY   ,XD,Q,148.75,148.75,148.60,148.70,148.60,163.60,2,2,297.00,
501421,SOLIX TECHNO,XT,Q,143.50,143.50,143.50,143.50,143.50,138.35,33,15416,2212196.00,
501423,SHA ENG PLA ,XT,Q,638.00,638.00,612.00,620.00,620.00,620.85,60,3426,2126231.00,
501425,BOM.BURMAH  ,B ,Q,586.95,594.90,548.50,565.90,567.00,581.60,1365,32262,18358292.00,
501430,BOM.CYCLE   ,XD,Q,1792.00,1792.00,1788.85,1788.85,1788.85,1883.00,17,46,82344.00,
501455,GREAVES COTT,B ,Q,135.00,136.95,130.30,134.70,134.70,136.05,1453,100839,13475701.00,
501477,MULLER & PHI,XT,Q,88.30,88.30,80.00,80.00,80.00,84.10,4,120,9785.00,
501700,INDIA NIVEH ,XD,Q,46.10,46.10,45.80,46.10,45.80,46.10,88,5373,247620.00,
501831,COAST CORP  ,XD,Q,24.10,24.10,24.10,24.10,24.10,23.25,1,2,48.00,
501833,CHOWGULE ST ,XT,Q,13.00,14.21,13.00,13.12,13.10,13.54,10,5105,69852.00,
501848,GLOBAL OFFS ,B ,Q,117.60,120.00,113.05,115.40,113.80,117.55,202,7420,860989.00,
502015,ASSOC.STONE ,XC,Q,24.80,24.80,22.00,22.30,22.30,24.15,303,101109,2273803.00,
502090,SAGAR CEM.  ,B ,Q,708.50,710.00,691.50,699.40,705.00,708.50,66,766,538278.00,
502137,DECAN CEMENT,B ,Q,1145.00,1145.00,1056.20,1103.10,1117.00,1138.45,535,2873,3145417.00,
502157,MANGALAM CEM,B ,Q,331.30,337.90,321.00,321.75,321.75,332.65,240,4779,1564848.00,
502165,OCL INDIA L ,B ,Q,950.00,958.45,913.45,930.65,942.00,946.20,398,3295,3055957.00,
502168,N C L IND.  ,B ,Q,142.00,142.00,134.00,135.35,135.35,140.95,341,22577,3073758.00,
502175,SAURAS.CEM. ,XC,Q,70.20,71.70,67.00,68.70,68.70,70.10,295,178843,12183755.00,
502180,SRI DIGV CEM,XC,Q,27.10,27.20,23.70,23.85,23.85,29.25,1555,991774,24770251.00,
502219,BOROSIL GLAS,XC,Q,7900.00,8000.00,7500.00,7750.90,7750.90,7857.05,352,1014,7816717.00,
502281,TRIVENI GLAS,XT,Q,31.05,31.05,28.50,31.05,31.05,29.90,908,1156626,35511458.00,
502330,IPAPPM      ,B ,Q,299.00,301.90,289.00,292.60,292.60,300.35,531,21950,6460409.00,
502355,BALKRISH IND,A ,Q,1057.30,1057.30,990.00,995.10,995.10,1046.75,585,3182,3188572.00,
502405,MYSORE PAPER,Z ,Q,4.11,4.49,4.08,4.10,4.10,4.28,24,108475,456632.00,
502407,NATH PULP   ,XD,Q,38.00,40.15,33.15,39.55,40.15,36.80,22,1314,49186.00,
502420,ORIENT PAPER,B ,Q,85.80,85.85,79.10,81.35,81.35,85.30,2099,109628,8915703.00,
502448,ROLLATAINER ,XC,Q,18.15,18.80,17.45,18.75,18.75,18.45,161,570464,10659270.00,
502450,SESHA.PAPER ,B ,Q,710.00,748.90,640.00,700.00,700.00,705.80,1382,20562,14304383.00,
502465,SPECIALITY P,XT,Q,0.90,0.90,0.84,0.88,0.88,0.88,13,1302,1110.00,
502563,SH.BHAWANI  ,XD,Q,3.60,3.60,3.60,3.60,3.60,3.60,1,500,1800.00,
502587,RAMA PULP   ,XT,Q,23.90,23.90,21.85,21.85,21.85,22.95,136,77803,1803980.00,
502742,SINTEX IND. ,A ,Q,85.10,86.10,81.45,81.90,81.90,85.60,4502,905060,74940551.00,
502761,BLUE BLEND  ,B ,Q,69.65,69.65,56.15,58.00,58.00,61.30,153,57995,3634010.00,
502820,DCM LTD.    ,B ,Q,124.95,131.80,120.75,121.95,121.95,124.95,2138,86931,10876858.00,
502865,FORBES & CO ,B ,Q,2480.00,2518.00,2335.00,2395.80,2395.80,2422.50,638,5291,12778142.00,
502873,H.P.COTTON  ,XD,Q,45.00,48.00,44.00,47.00,47.00,45.00,27,5551,250449.00,
502893,UNITEDINT   ,XD,Q,20.10,20.10,20.00,20.00,20.00,19.15,4,300,6002.00,
502901,JAMSHRI RANJ,XD,Q,23.00,23.25,22.90,23.05,23.05,24.10,11,2150,49585.00,
502937,KESORAM IND ,B ,Q,170.20,170.25,160.00,162.20,162.20,168.50,1962,204913,33347668.00,
502958,LAKSHMI MILL,XC,Q,2555.00,2555.00,2425.00,2440.60,2425.00,2550.85,17,41,101956.00,
502986,VARDH TEXT  ,B ,Q,1108.10,1115.00,1090.00,1095.15,1093.60,1106.25,445,5005,5489444.00,
502995,MALWA COTTON,T ,Q,8.40,8.40,8.40,8.40,8.40,8.74,4,800,6720.00,
503015,MODERN INDIA,XC,Q,39.80,39.90,38.00,38.05,39.90,40.00,5,127,4919.00,
503031,PENLAND LTD ,B ,Q,19.50,19.50,18.70,18.95,18.95,19.25,417,99942,1898344.00,
503100,PHOENIX MILL,B ,Q,380.75,380.75,365.10,370.00,370.00,375.95,45,5808,2197055.00,
503101,MARATHON NEX,B ,Q,257.40,257.40,243.00,247.45,248.00,256.00,56,2333,578204.00,
503162,REL.CHEMOTX ,XD,Q,67.55,69.75,67.50,67.50,67.50,70.00,3,100,6775.00,
503169,RUBY MILLS  ,B ,Q,450.00,451.00,430.80,432.60,432.60,452.30,316,7795,3429003.00,
503205,SHREERAM    ,XC,Q,63.00,66.00,63.00,66.00,66.00,64.55,5,405,25672.00,
503229,SIMPLEX REAL,XD,Q,88.95,90.30,88.95,89.80,90.30,86.00,10,840,75432.00,
503310,SWAN ENG    ,B ,Q,108.30,120.00,105.00,113.80,113.00,107.25,2782,277301,31096871.00,
503349,VICTORIA MIL,XD,Q,4398.00,4398.00,3960.00,4085.70,4000.00,4288.05,136,379,1578992.00,
503624,SVARAJ TRAD ,XT,Q,209.65,209.70,209.65,209.70,209.70,199.80,5,289,60597.00,
503657,VEER ENERGY ,XD,Q,27.80,27.80,25.25,26.00,25.30,27.00,85,21979,584944.00,
503691,SAHARA ONE  ,XC,Q,82.50,82.50,82.50,82.50,82.50,82.50,1,1,82.00,
503722,BANSW.SYNTEX,B ,Q,150.00,153.00,148.65,151.75,151.75,152.05,28,1541,231543.00,
503776,MODIPON     ,XD,Q,26.20,26.20,26.20,26.20,26.20,25.20,14,2050,53710.00,
503804,SHRI DINESH ,XD,Q,138.00,138.80,131.30,135.20,134.20,140.20,39,2982,406680.00,
503806,SRF LIMITED ,A ,Q,1745.00,1749.00,1652.00,1703.60,1703.60,1739.50,2365,19887,33752206.00,
503811,SIYARAM SILK,B ,Q,1559.55,1570.00,1455.05,1527.60,1543.00,1544.55,357,1778,2698137.00,
503831,FOMENTO HOTE,XC,Q,127.30,127.30,127.30,127.30,127.30,134.00,1,5,636.00,
503837,SHREE RAJSYN,XD,Q,16.10,16.10,15.50,15.85,15.50,16.34,24,41209,652244.00,
503881,HIND.SYNTEX ,B ,Q,13.00,13.95,13.00,13.95,13.95,13.97,3,1100,14395.00,
503960,BHARAT BIJLE,B ,Q,863.35,867.40,831.00,838.10,838.10,866.45,396,3936,3331784.00,
504000,ELPRO INTER ,XC,Q,53.10,54.75,51.25,51.35,51.35,54.10,75,21179,1109028.00,
504008,EMCO LTD.   ,B ,Q,32.55,32.95,30.65,30.85,30.85,32.70,475,108003,3393968.00,
504028,GEE LTD     ,XD,Q,44.00,44.00,42.20,44.00,44.00,45.20,25,3094,133231.00,
504036,HIND.RECT   ,B ,Q,99.00,102.30,92.25,95.20,95.20,100.00,311,19601,1888857.00,
504058,NIPPOBATRY  ,B ,Q,1080.00,1110.00,1060.00,1068.95,1065.00,1092.55,99,677,731052.00,
504067,ZENSAR TECH.,B ,Q,1000.00,1000.00,926.00,944.85,944.85,1006.00,367,3373,3237652.00,
504076,JYOTI LTD.  ,XD,Q,42.65,42.65,41.20,41.50,41.60,43.00,17,16432,682131.00,
504080,JSL LTD.    ,XT,Q,167.45,167.45,162.00,162.00,162.00,159.50,2,20,3294.00,
504084,KAYCEE IND  ,XD,Q,2789.00,2798.00,2750.00,2797.00,2797.00,2743.35,7,11,30672.00,
504092,INDOKEM LTD.,XD,Q,14.95,15.07,13.64,14.86,14.86,13.70,204,67623,995630.00,
504093,PANA ENERG  ,XC,Q,331.25,335.95,317.10,325.05,328.80,331.95,64,3619,1181024.00,
504112,NELCO LTD.  ,B ,Q,86.25,86.25,81.10,81.85,81.85,85.65,618,39677,3292496.00,
504132,PERM MAGNETS,XD,Q,31.55,31.55,28.80,31.35,31.55,30.20,15,2700,82282.00,
504176,HIGH ENERGY ,XD,Q,268.10,270.00,238.00,240.70,238.00,274.65,103,3249,820952.00,
504180,STD.BATTERY ,XD,Q,8.48,8.48,8.11,8.40,8.40,8.08,15,5575,46012.00,
504212,UNIV.CABLE  ,B ,Q,81.60,81.60,79.50,81.25,81.25,82.10,29,7620,612670.00,
504220,W.S.INDUSTR.,B ,Q,10.61,10.61,9.80,10.15,10.15,10.46,5,749,7624.00,
504240,DELTON CABLE,XT,Q,19.10,19.90,19.10,19.90,19.90,19.10,2,40,776.00,
504258,LAKSHMI ELEC,XD,Q,520.00,530.00,501.00,509.75,511.00,519.35,162,7416,3833142.00,
504269,KHAITAN ELEC,B ,Q,34.10,34.10,31.50,33.25,33.25,33.70,15,1282,41627.00,
504286,DELTA MAG   ,T ,Q,42.65,42.65,38.65,39.00,38.65,40.65,26,4853,192795.00,
504340,CONFINT     ,XD,Q,0.65,0.65,0.65,0.65,0.65,0.65,1,5,3.00,
504341,RAVINDRA TRA,XT,Q,46.95,46.95,46.50,46.95,46.95,44.75,6,515,24104.00,
504351,EMPOWER     ,XD,Q,0.49,0.49,0.49,0.49,0.49,0.49,6,68500,33565.00,
504369,GRANDMA TRAD,XD,Q,17.67,17.81,17.15,17.67,17.70,17.50,161,105503,1859501.00,
504378,NYSSACORP   ,XD,Q,9.04,9.04,8.22,8.22,8.22,8.22,11,6882,61092.00,
504605,UNI ABEX    ,XD,Q,355.00,373.00,350.00,350.00,350.00,355.25,5,102,36121.00,
504614,SARDA ENMIN ,B ,Q,260.00,265.80,241.00,248.90,248.90,259.95,3270,100690,25289124.00,
504629,ANIL SP STEL,Z ,Q,1.75,1.75,1.75,1.75,1.75,1.67,2,100,175.00,
504646,BHAGWATI AUT,XD,Q,94.00,94.00,91.70,91.70,91.70,96.50,4,205,18810.00,
504673,UNIV.PRIME  ,XT,Q,2.72,2.72,2.72,2.72,2.72,2.86,2,1200,3264.00,
504697,GALADA TELE.,XD,Q,12.30,12.93,11.00,11.49,11.50,10.78,66,13636,162054.00,
504701,GONTER PEIP ,XD,Q,8.02,8.05,8.02,8.02,8.02,8.44,9,1664,13357.00,
504713,HIND.WIR LTD,XD,Q,31.95,31.95,31.80,31.80,31.80,30.45,7,400,12774.00,
504741,IND.HUME PIP,B ,Q,805.00,805.00,752.10,761.85,761.85,802.00,663,7096,5488679.00,
504746,IND.LINKCHAI,P ,Q,578.55,578.55,578.55,578.55,578.55,551.00,3,15,8678.00,
504786,INVEST &PREC,XD,Q,187.00,187.00,175.00,179.05,182.00,186.75,61,4355,781741.00,
504879,ORIENT ABRAS,B ,Q,35.40,36.00,33.90,34.40,34.40,36.00,132,12515,431966.00,
504903,RATHI ST    ,XD,Q,3.67,4.38,3.25,3.54,3.42,3.95,36,13265,47629.00,
504908,S.S.DUNCAN  ,XD,Q,76.65,77.50,76.65,77.25,77.25,76.65,7,276,21279.00,
504918,SANDUR MANG.,XC,Q,875.00,880.00,792.65,821.05,821.05,867.25,2191,68175,56158186.00,
504959,STOVAC IND. ,XC,Q,2065.05,2070.00,1990.00,2009.45,2009.45,2065.45,71,919,1858838.00,
504961,TATA YODOGAW,XD,Q,55.20,55.20,52.00,52.35,52.00,55.10,18,3096,166921.00,
504966,TINPLATE    ,B ,Q,81.15,81.60,78.00,78.90,78.90,81.10,585,48273,3836455.00,
504973,TUBE INV.   ,A ,Q,667.00,675.00,612.50,636.00,637.95,652.50,1341,20188,13037075.00,
504988,WELCAST     ,XD,Q,421.10,421.10,408.10,411.55,408.10,429.40,4,130,54442.00,
505010,AUTO AXLES  ,B ,Q,725.55,730.00,697.00,704.00,712.00,724.45,271,1857,1313912.00,
505029,ATLAS CYCLES,B ,Q,376.80,391.80,354.00,356.05,358.00,372.75,3077,36923,13725873.00,
505036,AUTO COR.GOA,XC,Q,709.65,725.00,670.00,712.40,712.40,709.65,165,5484,3894293.00,
505075,SETCO AUTO  ,B ,Q,42.25,42.25,39.50,40.25,40.25,41.95,512,58858,2385460.00,
505141,SCOOTERS IND,XT,Q,38.75,39.50,38.70,39.10,38.70,40.60,19,1849,71844.00,
505160,TALBROS AUTO,B ,Q,150.30,150.30,144.75,146.20,147.40,152.50,176,7073,1038497.00,
505163,ZF STEERING ,B ,Q,1618.95,1618.95,1552.05,1573.75,1580.00,1606.15,562,3038,4807743.00,
505192,SMLISUZU    ,B ,Q,1288.40,1299.95,1249.60,1269.70,1280.00,1286.75,1000,10822,13768909.00,
505196,TIL LTD.    ,B ,Q,304.00,306.00,288.00,290.05,290.05,306.80,819,18082,5295644.00,
505200,EICHER MOTOR,A ,Q,24500.00,24757.65,23800.00,23951.95,23951.95,24568.20,1208,3720,89658987.00,
505216,ALFRED HERB ,XD,Q,617.50,617.50,586.65,617.50,617.50,617.50,32,376,231591.00,
505230,CIMMCO      ,B ,Q,70.20,72.75,68.40,68.85,69.30,72.20,123,7730,534875.00,
505232,VELJAN      ,XT,Q,930.00,930.00,885.00,886.20,885.00,914.60,49,1614,1435758.00,
505242,DYNAMAT.TECH,B ,Q,3160.20,3161.55,3074.65,3101.05,3101.05,3194.50,125,465,1441827.00,
505250,G.G.DANDEKAR,XD,Q,54.05,58.00,50.40,56.70,55.90,55.15,39,2589,139357.00,
505255,GMM PFAUDLER,XC,Q,513.00,520.00,491.60,502.25,502.25,513.10,499,18984,9549790.00,
505283,KIRLOSAR PN ,XC,Q,790.00,790.00,751.00,758.50,769.00,784.00,54,1670,1277794.00,
505299,KULK-POWER  ,XT,Q,27.65,30.35,27.65,30.35,30.35,28.95,2,10,300.00,
505302,LAXMI AUTOLM,XT,Q,31.90,31.90,31.90,31.90,31.90,31.90,3,900,28710.00,
505324,MANUGRAPH IN,B ,Q,48.50,50.90,48.40,49.45,50.00,50.65,132,7952,391034.00,
505343,MONOTYPE IND,XT,Q,26.00,26.00,26.00,26.00,26.00,25.65,1,150,3900.00,
505355,NESCO LTD   ,B ,Q,1888.90,1888.90,1817.50,1826.10,1826.10,1889.20,84,351,648794.00,
505358,INTEGRA ENG ,XD,Q,31.60,31.70,30.80,31.50,31.50,31.85,102,51992,1638005.00,
505368,REVATHI EQU.,B ,Q,740.00,740.00,699.00,715.20,720.00,749.00,14,49,34831.00,
505400,TEXINFRA    ,B ,Q,43.90,43.90,41.00,41.40,41.30,42.85,307,54673,2274891.00,
505412,WENDT(INDIA),B ,Q,2040.00,2050.00,1950.00,1959.00,1950.00,2056.55,25,253,506229.00,
505502,PSITINFRA   ,XT,Q,95.00,95.00,94.95,94.95,94.95,95.00,24,2924,277730.00,
505509,RESPON IND  ,B ,Q,72.10,75.00,71.00,75.00,75.00,73.00,25,606,43402.00,
505515,SHYAMKAM INV,XT,Q,20.90,23.00,20.90,23.00,23.00,22.00,7,2306,48208.00,
505526,DOLAT INV.  ,XD,Q,2.70,3.00,2.43,2.48,2.46,2.60,61,32587,82375.00,
505533,WESTLIFE DEV,B ,Q,203.00,203.00,183.10,199.50,200.00,196.60,153,21707,4276165.00,
505537,ZEE ENTER   ,A ,Q,504.00,509.10,500.00,505.65,505.00,502.90,1782,80633,40719391.00,
505590,SVPGLOB     ,XD,Q,140.20,210.00,140.20,172.45,171.50,175.15,112,9608,1694269.00,
505650,SKYL MILLAR ,XD,Q,4.56,5.00,4.56,5.00,5.00,4.80,15,10095,50403.00,
505665,ANTIF BEARNG,XC,Q,174.25,178.00,166.15,174.85,174.85,171.40,391,47130,8186134.00,
505681,BIMETAL BEAR,XC,Q,415.00,420.00,399.00,412.75,410.50,439.45,55,3077,1242386.00,
505688,BHARAT GEARS,B ,Q,127.00,127.80,117.00,120.15,121.90,127.60,355,21917,2631200.00,
505690,BRADY MORRIS,XD,Q,88.00,88.00,88.00,88.00,88.00,92.05,5,114,10032.00,
505693,LATIMMETAL  ,XT,Q,39.85,39.85,37.95,39.50,39.50,39.90,11,1452,57624.00,
505700,ELECON ENG  ,B ,Q,64.90,64.90,60.50,61.30,61.30,63.95,741,66160,4090880.00,
505703,DECCAN BEAR.,XT,Q,11.59,11.59,11.59,11.59,11.59,11.04,2,50,579.00,
505710,GRAUER& WEIL,XC,Q,40.50,40.50,37.30,37.55,37.55,40.10,988,444970,17062697.00,
505711,GAJRA BEVEL ,XT,Q,4.10,4.10,3.92,3.95,4.10,4.10,33,39866,159950.00,
505712,GUJ.AUTO GE ,XD,Q,230.00,231.00,222.00,224.20,226.50,234.00,68,4884,1113942.00,
505714,GABRIEL(I)  ,B ,Q,122.00,122.00,116.00,117.60,118.20,121.65,834,69397,8187123.00,
505720,HERC.HOISTS ,B ,Q,169.35,171.00,161.60,162.00,162.00,166.85,149,7740,1277341.00,
505726,IFB IND.LTD.,B ,Q,497.00,497.00,469.05,479.65,480.00,496.30,216,4701,2251004.00,
505729,SINGER INDIA,XC,Q,267.00,267.00,247.05,250.45,250.45,265.65,337,20577,5279742.00,
505737,INTER.COMBUS,XD,Q,389.00,397.10,380.00,385.65,380.00,391.45,44,1576,617487.00,
505744,FED MOG GOE ,B ,Q,461.00,479.80,449.00,450.30,449.00,461.65,467,2181,1002034.00,
505750,JOSTS ENG.  ,XD,Q,778.60,778.60,745.50,746.50,746.50,750.75,5,194,145058.00,
505790,FAG BEARINGS,B ,Q,4440.00,4440.00,4140.00,4189.95,4300.00,4352.05,59,76,321603.00,
505800,RANE HOLDIN ,B ,Q,813.15,856.90,785.00,806.05,792.00,814.45,293,1483,1213185.00,
505827,SNL BEARINGS,XD,Q,204.00,204.00,190.00,196.20,196.00,202.00,91,3764,731854.00,
505840,JAIPAN INDUS,XT,Q,17.00,17.00,15.77,15.80,15.80,16.60,8,1613,26192.00,
505850,MANCREDIT   ,XT,Q,83.10,89.95,82.00,89.35,89.00,85.70,107,10208,893167.00,
505854,TRF LTD.    ,B ,Q,268.25,269.00,242.00,247.05,247.05,265.75,1017,27122,6759633.00,
505872,WPIL LTD.   ,XC,Q,363.30,369.80,352.00,355.15,357.50,365.50,114,4310,1541279.00,
505890,KENNAMETAL  ,B ,Q,620.70,634.00,603.00,623.80,623.80,630.15,90,2356,1475141.00,
505893,HIND.HARDY  ,XD,Q,102.10,103.95,100.55,100.55,100.55,102.85,6,245,24945.00,
505978,TRITON VALVE,XD,Q,1475.00,1510.00,1407.00,1418.20,1418.20,1481.40,135,1122,1624876.00,
505982,HINDUJA FOUN,B ,Q,35.90,35.90,34.05,34.40,34.40,35.45,39,3495,120652.00,
506003,SUDAL INDUS ,XD,Q,9.55,9.55,9.55,9.55,9.55,9.55,1,1000,9550.00,
506016,JRIIIL      ,XD,Q,2.80,3.05,2.80,2.94,3.05,2.94,38,27734,82525.00,
506022,PRAKASH IND.,B ,Q,58.95,59.40,54.80,55.85,56.00,58.40,1952,335760,18900399.00,
506027,BHORUKA ALU.,XT,Q,0.67,0.70,0.67,0.70,0.70,0.70,6,5215,3500.00,
506074,ARSHIYA     ,B ,Q,32.30,32.30,30.40,31.30,31.25,32.75,143,15266,477395.00,
506076,GRIND NORTON,B ,Q,330.00,332.00,325.00,327.70,325.10,329.40,171,2247,740457.00,
506079,LAKSHMI PREC,B ,Q,50.00,50.00,43.70,43.95,43.70,46.45,16,1780,82902.00,
506105,STANROSE MAF,XD,Q,214.00,221.50,205.20,210.00,210.00,214.65,36,1812,386474.00,
506109,GENESYS INT.,B ,Q,101.85,106.85,91.20,99.20,99.00,98.95,109,12954,1276963.00,
506122,PANKAJPIYUS ,XD,Q,51.15,54.60,50.00,54.60,54.60,55.90,16,744,38416.00,
506128,PARNAXLAB   ,XD,Q,39.00,39.00,35.40,36.30,36.30,37.75,21,17578,634403.00,
506134,INTELL CAP  ,XT,Q,42.75,42.75,42.75,42.75,42.75,44.90,1,100,4275.00,
506142,VYAPAR INDS ,XD,Q,27.15,29.95,27.15,29.95,29.95,28.55,5,1665,49740.00,
506146,VISAGAR POL ,B ,Q,2.25,2.33,2.20,2.24,2.24,2.29,208,407906,913621.00,
506166,APIS        ,XT,Q,14.55,14.55,14.55,14.55,14.55,14.30,1,1,14.00,
506180,SHRI OM TRD ,XT,Q,123.80,124.00,123.80,124.00,124.00,123.00,40,6017,745808.00,
506184,KANANI IND  ,B ,Q,22.00,22.00,19.80,20.10,20.10,21.60,256,78611,1592702.00,
506186,GALAXY ENTER,XD,Q,17.00,17.85,16.30,16.90,17.00,17.70,21,4061,69597.00,
506194,ARIH SUPER  ,XD,Q,109.15,109.20,106.00,107.80,108.50,108.80,349,81831,8823032.00,
506197,BLISSGVS PH ,B ,Q,162.00,162.00,147.30,150.05,150.05,160.05,1231,91525,13991789.00,
506222,INEOSSTYRO  ,B ,Q,626.55,627.50,604.00,611.10,611.10,625.60,342,7103,4347621.00,
506235,ALEMBIC LTD.,B ,Q,39.45,39.50,37.70,37.95,37.80,39.50,575,98966,3792708.00,
506248,AMINES&PLAST,XT,Q,35.35,35.35,32.25,33.55,34.00,33.90,112,17771,602874.00,
506260,ANUH PHARMA ,XC,Q,230.00,230.00,216.00,218.00,220.00,223.45,198,8774,1925197.00,
506261,MODISON MET.,XC,Q,49.25,49.25,47.00,48.40,48.00,49.70,74,12560,600523.00,
506285,BAYER CROP  ,A ,Q,4080.05,4085.50,4031.05,4057.90,4057.90,4121.25,73,265,1074442.00,
506313,SASHWAT     ,P ,Q,15.19,15.19,15.19,15.19,15.19,14.47,1,200,3038.00,
506315,BORAX MORARJ,XD,Q,43.80,43.80,37.80,38.65,38.65,44.20,39,7847,309970.00,
506390,CLARI CHEM  ,B ,Q,771.20,776.10,753.00,757.90,760.05,775.85,324,3050,2317698.00,
506395,COROM INTER ,A ,Q,266.10,271.80,255.10,258.05,258.05,269.05,1027,53182,13906175.00,
506401,DEEPAK NITR.,B ,Q,106.55,108.10,103.00,104.05,104.05,107.35,743,106026,11011466.00,
506405,DHARAMSI CHM,XC,Q,102.15,104.00,97.00,97.85,97.85,101.95,281,44344,4411273.00,
506414,DIL LTD     ,XC,Q,830.00,830.00,816.00,819.00,819.00,851.20,5,44,36055.00,
506480,GOCLCORP    ,B ,Q,331.00,331.00,313.00,315.60,313.00,323.10,157,3336,1069379.00,
506520,JAYSHRI CHEM,XD,Q,15.80,15.80,13.20,13.69,13.69,14.62,228,78645,1086221.00,
506522,JL MORISON  ,XC,Q,1130.00,1150.00,1100.00,1100.15,1115.00,1100.00,20,173,191466.00,
506525,KANORIA CHEM,B ,Q,83.90,84.40,77.35,78.35,78.35,82.90,848,99316,7990876.00,
506528,KELTECH EN. ,XD,Q,725.50,734.95,706.00,721.75,711.00,723.65,74,1456,1046330.00,
506532,NITTA GELA  ,XC,Q,225.00,229.95,216.05,220.40,221.90,224.40,176,12702,2819342.00,
506579,ORIENT.CARB.,B ,Q,750.50,750.50,724.00,734.05,734.05,756.30,113,968,714793.00,
506590,PHIL.CARBON ,B ,Q,263.95,266.00,250.00,252.40,252.40,261.05,1441,75996,19443068.00,
506597,AMAL PRODUCT,XD,Q,85.50,85.50,81.70,81.70,81.70,86.00,68,7885,645205.00,
506605,POLYCHEM    ,XD,Q,420.00,422.00,419.00,422.00,422.00,440.90,7,80,33554.00,
506615,SUN ASIAN   ,Z ,Q,2.94,2.94,2.94,2.94,2.94,3.00,6,1856,5456.00,
506618,PUN.CHEM    ,B ,Q,259.50,262.90,226.30,245.15,245.15,259.50,2559,63719,15422366.00,
506642,SADHANA NITR,XD,Q,28.00,32.45,27.00,30.25,30.25,31.50,21,2964,83697.00,
506655,SUDARSH.CHEM,B ,Q,382.30,385.00,372.00,378.45,378.45,378.40,1352,32124,12190754.00,
506685,ULTRAMARINE ,XC,Q,201.80,201.80,175.00,187.65,188.50,192.95,556,34325,6305318.00,
506687,TRANSPEK    ,XC,Q,522.00,522.00,482.00,493.40,499.00,509.50,144,4524,2250105.00,
506690,UNICHEM LAB ,B ,Q,277.60,278.00,266.25,271.30,270.10,278.45,485,16651,4529888.00,
506720,ZANDUREALTY ,B ,Q,1430.00,1435.00,1395.00,1397.15,1395.00,1427.25,144,605,852863.00,
506734,MYS PETRO   ,XD,Q,89.20,94.00,86.95,92.50,92.50,96.60,176,19777,1786345.00,
506767,ALKYL AMINES,B ,Q,330.00,330.00,321.00,323.70,325.00,329.30,166,6468,2095488.00,
506808,TUTICORIN.  ,XT,Q,12.03,12.03,12.00,12.03,12.03,11.60,67,361397,4347551.00,
506820,ASTRAZEN.PH.,B ,Q,987.25,997.05,960.00,973.65,973.65,1004.00,263,1930,1888022.00,
506852,PUN.ALKALI  ,XD,Q,18.00,18.40,16.50,16.90,16.90,18.00,594,59047,1018067.00,
506854,TANFAC IND. ,XD,Q,45.30,48.00,45.30,46.60,46.20,47.95,35,8226,388362.00,
506858,GUJ.PETRO   ,XT,Q,31.80,31.80,31.80,31.80,31.80,30.60,1,50,1590.00,
506874,SHREEJAL    ,XT,Q,1.52,1.52,1.52,1.52,1.52,1.59,1,80,121.00,
506879,GUJ.THEMIS. ,XD,Q,56.80,57.40,53.60,53.90,54.00,57.00,76,11381,620176.00,
506894,CHEMFAB ALK ,B ,Q,335.00,336.00,301.10,306.40,306.40,321.90,3161,69090,21868705.00,
506910,JAYSN DYEST ,XD,Q,85.00,85.95,81.95,82.00,82.00,84.40,42,4881,407439.00,
506919,MAKERS LAB. ,XD,Q,83.00,83.65,79.50,80.90,80.90,83.40,63,6793,548995.00,
506943,J.B.CHEMICAL,B ,Q,383.00,389.00,350.00,353.75,353.75,367.70,959,17477,6260877.00,
506975,RAJ.PETRO   ,P ,Q,1.55,1.55,1.55,1.55,1.55,1.55,2,200,310.00,
506981,BL.CHIP TEX ,XD,Q,126.00,126.00,122.00,122.00,122.00,127.40,13,605,74426.00,
506991,NOBLE EXPLO.,XD,Q,11.80,12.98,11.21,12.13,12.13,10.83,219,88440,1075360.00,
507155,JAGATJIT IND,XT,Q,78.00,79.90,76.75,76.80,76.75,79.70,6,760,59020.00,
507180,KESAR ENT.  ,B ,Q,49.50,50.00,48.50,49.00,48.50,52.00,14,2580,128380.00,
507205,TILAKNAG IND,B ,Q,15.55,15.80,15.10,15.25,15.25,15.80,505,82655,1279366.00,
507260,OUDH SUGAR  ,B ,Q,110.00,110.00,101.40,103.25,103.25,109.40,675,68423,7210907.00,
507265,APTE AMAL.  ,XT,Q,98.45,98.45,94.15,94.15,94.15,93.80,2,44,4185.00,
507300,RAVALGAON   ,XT,Q,4980.00,5000.00,4905.00,4905.00,4905.00,5049.90,15,31,153772.00,
507315,SAKTHI SUGAR,B ,Q,36.65,36.80,34.05,34.70,34.70,36.50,612,88804,3135813.00,
507410,WALCHANDNGR ,B ,Q,157.50,158.10,149.50,150.80,150.80,157.55,1095,55104,8389967.00,
507435,KHOD.INDIA  ,XT,Q,65.00,68.55,63.10,64.80,65.80,65.30,12,1916,123935.00,
507438,IFB AGRO    ,B ,Q,440.90,441.15,413.50,420.25,419.00,441.50,208,2989,1256991.00,
507442,DHARANI SUG ,B ,Q,41.50,41.50,38.10,38.85,38.85,41.00,141,24179,951446.00,
507450,THIRU A.SUG.,B ,Q,63.50,63.55,62.00,62.00,62.00,65.40,50,2389,150089.00,
507458,UNITED BREWE,B ,Q,52.30,52.50,45.60,46.95,46.95,52.15,1467,156056,7462388.00,
507474,KOTHARI FERM,XD,Q,31.05,31.80,28.10,29.50,29.50,31.05,32,1126,34220.00,
507488,G.M.BREWERI ,B ,Q,515.75,516.00,485.00,495.55,495.55,513.45,637,7859,3911886.00,
507490,RANA SUGARS ,B ,Q,11.88,13.39,11.50,12.70,12.70,11.40,4143,1755094,21882566.00,
507498,PICCADILY SU,XD,Q,12.34,12.80,11.35,12.20,12.45,11.59,93,19423,240137.00,
507506,GIRDHAR. SUG,P ,Q,12.20,12.20,12.20,12.20,12.20,11.70,1,100,1220.00,
507508,RIGA SUGAR  ,XD,Q,25.55,25.55,23.50,24.30,24.30,26.40,27,4787,116077.00,
507514,SOM DISTILL.,B ,Q,173.00,175.00,161.90,164.40,164.40,171.40,407,28955,4874662.00,
507522,MOUNTT SHIV.,XD,Q,16.50,16.50,14.85,14.90,14.90,16.50,8,1018,15154.00,
507525,AMRIT CORP  ,XC,Q,528.00,559.00,490.00,499.70,490.00,540.00,26,196,101243.00,
507526,ASSO.ALCOHOL,XC,Q,117.00,117.75,100.00,111.70,111.70,118.65,439,48370,5289801.00,
507552,FOODS & INNS,XD,Q,1020.00,1099.00,984.00,1041.85,1049.80,1053.00,49,789,809038.00,
507580,IVP LIMITED ,B ,Q,139.05,140.00,133.10,135.80,135.80,140.20,115,7021,954304.00,
507598,KLRF LTD    ,XD,Q,87.20,88.95,81.10,84.60,85.00,88.00,112,20777,1750465.00,
507609,OLYMPIC OIL ,XT,Q,46.05,46.05,46.05,46.05,46.05,43.90,1,1,46.00,
507621,MILKFOOD    ,XD,Q,265.35,265.35,265.35,265.35,265.35,265.35,187,24089,6392016.00,
507645,POLSON LTD. ,XT,Q,8195.00,8195.00,7800.00,7800.45,7800.00,8000.00,5,8,62798.00,
507649,RASOI LTD.  ,XC,Q,1410.00,1530.10,1390.00,1403.20,1390.00,1391.00,42,247,361202.00,
507685,WIPRO LTD.  ,A ,Q,447.95,454.50,444.25,452.45,452.45,448.35,3203,227270,102322475.00,
507690,ORIENT BEVER,XD,Q,155.90,162.50,151.55,151.95,151.55,160.75,24,818,127370.00,
507717,DHAN AGRI   ,B ,Q,701.00,701.00,662.20,669.15,669.15,695.25,341,2598,1769907.00,
507747,TTK HEALTHCA,B ,Q,970.00,970.00,962.00,965.00,965.00,968.60,9,174,167896.00,
507753,SREE.RAY.ALK,XC,Q,23.30,24.00,22.50,22.80,22.80,23.30,720,540194,12486854.00,
507759,LIME CHEM.  ,Z ,Q,15.44,15.44,15.44,15.44,15.44,14.88,5,1690,26093.00,
507779,KANPUR PLAST,XC,Q,116.85,123.65,115.00,117.40,117.40,119.85,155,13605,1605519.00,
507785,TAINWALA CH.,B ,Q,53.50,54.15,53.00,53.20,53.05,55.55,32,4534,242442.00,
507789,JAGSON PHAR ,B ,Q,39.35,39.85,36.25,38.20,38.20,39.60,188,19423,735078.00,
507794,KHAITAN CHEM,XD,Q,18.60,18.80,16.80,17.74,17.80,18.50,132,46949,820438.00,
507813,NATI. OXYGEN,XD,Q,42.00,42.00,37.10,38.00,38.00,39.95,12,383,14506.00,
507815,GILLETTE (I),B ,Q,4319.35,4341.00,4220.00,4230.10,4239.85,4319.35,188,333,1424301.00,
507817,WIRES FABRIK,XD,Q,101.90,103.00,99.05,103.00,103.00,99.00,5,400,40690.00,
507828,ANSAL HOUS. ,B ,Q,27.35,27.35,25.50,25.70,25.50,27.05,30,7793,202793.00,
507833,COMPUTER PNT,XD,Q,1.38,1.38,1.38,1.38,1.38,1.32,10,21549,29737.00,
507836,MAC CHARLES ,XT,Q,623.30,623.30,623.30,623.30,623.30,601.25,47,9933,6191238.00,
507852,ADDI IND.   ,XD,Q,6.99,6.99,6.99,6.99,6.99,7.35,1,50,349.00,
507864,PION INVEST ,XD,Q,20.10,20.45,19.75,20.10,20.45,21.10,26,3900,78000.00,
507872,ASHNOOR TEX.,XT,Q,22.25,22.25,20.15,21.80,21.80,21.20,8,432,8973.00,
507878,UNITECH LTD ,A ,Q,5.59,5.65,5.45,5.50,5.50,5.59,2413,3600611,19954884.00,
507880,VIP INDUS.  ,B ,Q,137.40,137.65,128.40,132.35,132.35,136.30,1094,68335,9057842.00,
507886,DHRUV ESTATE,XT,Q,36.00,36.15,36.00,36.15,36.15,34.85,8,700,25297.00,
507892,WINSOMEDJ   ,XT,Q,0.65,0.65,0.59,0.61,0.61,0.62,27,32960,20863.00,
507894,SCHABLONA (I,XT,Q,18.00,18.00,16.50,17.00,17.00,17.35,3,1000,16850.00,
507910,FIBERWB IN  ,XD,Q,150.00,150.00,132.00,139.80,139.80,148.35,651,56295,7875157.00,
507912,LKP FIN     ,XD,Q,70.80,73.00,65.15,65.35,65.35,62.60,316,39612,2703855.00,
507944,BAJAJ STEEL ,XD,Q,160.00,160.00,146.00,147.00,147.00,150.85,47,4765,728803.00,
507960,GUJ.HOTELS  ,XD,Q,115.35,127.00,115.35,125.00,125.00,127.10,19,816,101507.00,
507966,RAS RESORTS ,XT,Q,46.55,46.55,46.55,46.55,46.55,49.00,1,1,46.00,
507970,PARA. COSMET,XT,Q,47.70,47.70,43.20,43.20,43.20,45.45,4,500,22500.00,
507981,JINDAL HOTL ,XD,Q,43.65,43.65,41.60,41.80,41.80,45.90,14,1194,50977.00,
507984,SER INDUST. ,XT,Q,16.10,16.10,16.10,16.10,16.10,16.90,1,100,1610.00,
507998,SIMMONDS-MAR,XD,Q,102.15,103.70,99.10,101.65,102.95,103.80,131,23409,2377343.00,
508136,BNALTD      ,XD,Q,186.00,188.00,176.40,183.50,186.00,191.60,23,540,99361.00,
508486,HAWKINS COOK,B ,Q,3052.35,3119.00,3014.00,3024.45,3024.45,3052.35,419,1509,4586160.00,
508494,WARREN TEA  ,XC,Q,132.40,132.40,122.75,125.60,125.60,126.50,37,1222,154625.00,
508664,BEST E.HOTEL,XD,Q,33.25,33.25,31.00,31.00,31.00,33.60,23,7272,225888.00,
508807,IST LTD.    ,XT,Q,725.00,725.00,725.00,725.00,725.00,706.00,5,107,77575.00,
508814,COSMO FILMS ,B ,Q,382.00,392.25,363.20,379.50,379.50,386.00,1198,35340,13379090.00,
508860,DIAMANT     ,XT,Q,1.11,1.11,1.11,1.11,1.11,1.06,5,11000,12210.00,
508869,APOLLO HOSP.,A ,Q,1282.00,1295.00,1255.50,1286.70,1295.00,1282.35,815,4491,5728945.00,
508905,SMIFS CAPITA,XD,Q,35.25,39.00,35.25,38.75,39.00,39.70,20,5816,221153.00,
508906,EVEREST INDS,B ,Q,225.30,225.30,217.00,220.00,219.85,225.80,228,14103,3118269.00,
508918,GREYCELLS   ,XD,Q,31.00,31.00,31.00,31.00,31.00,29.90,2,10,310.00,
508922,MSR INDIA   ,XD,Q,65.50,65.50,61.50,62.00,62.00,63.90,106,17159,1073227.00,
508933,AYMSYNTEX   ,B ,Q,82.00,82.00,77.00,78.50,77.55,82.60,288,36837,2925109.00,
508941,PANASON CAR ,XC,Q,508.05,515.95,501.00,507.65,508.00,514.80,60,1546,781918.00,
508956,HB LEAS.PUB ,XT,Q,2.53,2.53,2.31,2.53,2.53,2.42,5,4506,10806.00,
508989,NAVNETEDUL  ,B ,Q,106.00,107.95,100.10,101.30,101.30,107.00,494,36914,3771576.00,
508996,SATPROP LTD ,XD,Q,6.00,6.75,6.00,6.29,6.29,6.36,8,2735,16765.00,
508998,STERL INTER ,XD,Q,1.90,1.94,1.82,1.85,1.90,1.90,58,84800,158188.00,
509009,AUSOM ENT   ,B ,Q,23.05,25.00,22.45,22.55,22.45,24.90,12,1393,32129.00,
509020,RUCHI INFRA.,T ,Q,4.35,4.35,4.18,4.34,4.34,4.35,4,1245,5411.00,
509026,VJTFEDU     ,XT,Q,67.00,67.00,67.00,67.00,67.00,67.00,2,500,33500.00,
509040,NETLINK SOLU,Z ,Q,7.30,7.30,7.03,7.30,7.30,7.03,3,1090,7822.00,
509048,LANCOR HOLDS,XC,Q,32.70,32.70,29.20,30.45,31.00,31.70,141,48946,1486443.00,
509051,INDIAN INFO.,XD,Q,0.19,0.19,0.18,0.18,0.18,0.19,71,623759,112296.00,
509053,BANAS FIN.  ,XD,Q,0.54,0.54,0.54,0.54,0.54,0.55,6,22100,11934.00,
509055,VISAKA IND. ,B ,Q,225.00,226.00,208.00,214.35,213.00,221.25,1525,63290,13684256.00,
509069,INFOMEDIA   ,B ,Q,5.51,5.55,5.05,5.20,5.30,5.59,102,38187,200566.00,
509077,PRESSMN     ,B ,Q,49.20,50.40,46.10,47.25,47.25,49.85,347,40442,1912579.00,
509079,GUFIC BIO SC,B ,Q,54.35,54.35,48.30,48.30,48.30,53.65,1288,134002,6769277.00,
509148,GOVIND RUBB.,XD,Q,24.10,24.10,22.15,22.60,22.60,24.40,193,53812,1218184.00,
509152,GRPLTD      ,B ,Q,1556.90,1559.00,1499.00,1525.00,1525.00,1534.95,17,71,108592.00,
509162,INDAG RUBBER,XC,Q,190.00,190.00,180.25,181.35,182.50,188.50,192,15257,2797292.00,
509196,M.M.RUBBER  ,P ,Q,17.70,17.70,17.60,17.60,17.60,18.50,3,550,9702.00,
509220,PTL LTD     ,B ,Q,123.20,124.00,120.80,120.80,120.80,123.65,67,3923,479295.00,
509243,TVS SRICHAKR,B ,Q,3735.10,3782.55,3643.00,3714.60,3718.70,3746.10,563,3944,14772434.00,
509438,BENARES HOT ,XT,Q,1119.00,1119.00,1095.00,1095.00,1095.00,1130.00,28,374,414810.00,
509449,BHAGWATI OXY,XT,Q,35.85,35.85,35.85,35.85,35.85,35.85,24,1400,50190.00,
509472,CRAVATEX    ,XD,Q,235.00,235.00,235.00,235.00,235.00,231.60,1,250,58750.00,
509480,BERGE PAINT ,A ,Q,262.00,270.00,255.00,259.40,259.40,260.35,5109,190456,49895651.00,
509486,CAPRIHANS   ,XC,Q,106.00,128.00,106.00,125.95,125.95,107.35,1387,148305,18029252.00,
509488,GRAPHITE IN.,B ,Q,79.25,79.25,75.00,76.05,76.00,78.95,153,20141,1542378.00,
509496,ITDCEM      ,B ,Q,142.50,142.50,137.05,140.55,140.30,142.80,296,13697,1907627.00,
509525,EMPIRE IND. ,XC,Q,1891.00,1900.00,1823.10,1852.95,1865.00,1872.30,41,355,661835.00,
509546,GRAVISS HOSP,XC,Q,22.05,22.05,22.05,22.05,22.05,21.00,2,11,242.00,
509550,GAMMON INDIA,B ,Q,14.80,14.80,14.05,14.10,14.10,14.70,247,97741,1395016.00,
509557,GARWARE WALL,B ,Q,551.80,567.30,510.00,524.45,523.00,551.45,277,3248,1706354.00,
509563,GARWA.MARINE,XD,Q,11.40,11.40,11.40,11.40,11.40,12.00,5,1900,21660.00,
509567,GOA CARBON  ,B ,Q,121.00,121.00,110.10,112.60,112.60,117.40,518,23660,2701732.00,
509597,HARDCASTLE  ,XD,Q,295.00,295.00,295.00,295.00,295.00,307.95,1,15,4425.00,
509627,HIND.DORR   ,B ,Q,14.00,14.00,13.50,13.69,13.52,13.81,88,22303,305021.00,
509631,HEG LIMITED ,B ,Q,167.10,170.50,164.25,166.00,168.00,169.20,51,2036,337052.00,
509635,HIND.COMPOSI,B ,Q,1911.00,1921.95,1805.10,1833.85,1831.50,1928.70,92,436,809904.00,
509675,HIL         ,B ,Q,661.05,668.25,648.00,651.85,652.00,656.55,159,2446,1606013.00,
509692,IND.CARD    ,B ,Q,240.00,243.90,236.00,236.00,236.00,241.50,27,676,160632.00,
509709,INT.CONVEYOR,XC,Q,18.15,18.15,18.15,18.15,18.15,18.85,2,24,435.00,
509715,JAYSHRE TEA ,B ,Q,105.00,105.45,98.80,99.60,99.60,104.10,414,35834,3634959.00,
509760,MODERN SHARE,XD,Q,21.06,21.06,21.00,21.00,21.00,20.20,2,35,736.00,
509820,PAPERPROD   ,B ,Q,272.00,273.50,263.00,269.20,269.70,273.80,117,2342,625311.00,
509874,SHALIMAR PAI,B ,Q,193.70,193.70,175.60,178.25,180.00,193.15,440,16497,3014106.00,
509895,HIND MILLS  ,XD,Q,391.50,391.50,375.50,378.00,378.00,375.00,20,679,255020.00,
509930,SUPREM IND  ,A ,Q,890.00,907.00,883.90,900.35,900.35,884.85,840,13955,12514436.00,
509966,VST INDUS.  ,B ,Q,2377.00,2440.00,2306.05,2359.05,2361.15,2305.10,222,1048,2487787.00,
510245,SWASTI VINAY,XD,Q,3.99,3.99,3.40,3.53,3.53,3.78,125,81904,287218.00,
511012,YAMINI INVES,B ,Q,33.30,33.50,31.05,32.85,32.90,33.00,27,33095,1094897.00,
511034,JINDAL DRILL,B ,Q,192.10,195.10,180.45,181.80,181.80,193.15,441,10178,1883067.00,
511064,APLAYA      ,XT,Q,22.55,22.55,22.55,22.55,22.55,23.70,8,426,9606.00,
511066,SAKTHI FIN. ,XC,Q,38.00,38.00,36.00,36.15,36.15,38.45,42,11291,412460.00,
511072,DEWAN H.FIN.,A ,Q,313.00,313.00,291.00,297.35,297.35,310.25,8998,387169,115242468.00,
511076,SAT IND LTD ,XD,Q,20.50,20.80,19.90,20.03,19.90,20.31,135,52629,1066507.00,
511092,JMD TELEFILM,XD,Q,2.00,2.01,1.95,2.01,2.01,1.98,36,18089,35881.00,
511108,SHIVA TEXYAM,B ,Q,228.75,228.75,220.00,221.65,221.65,228.95,222,15373,3424555.00,
511110,V.B.DESAI   ,XD,Q,8.51,8.51,8.51,8.51,8.51,8.80,3,200,1702.00,
511116,QUADRANT    ,XC,Q,3.01,3.15,3.00,3.10,3.15,3.07,14,12903,39424.00,
511144,ASYAINFO    ,XD,Q,37.55,40.00,37.50,39.60,39.85,37.50,99,20006,790382.00,
511147,WALL ST.FIN.,XD,Q,24.80,24.80,24.80,24.80,24.80,23.70,2,120,2976.00,
511176,PARSHWANA   ,XT,Q,13.67,13.67,13.67,13.67,13.67,13.02,2,500,6835.00,
511196,CANFIN HOMES,B ,Q,1800.10,1803.10,1718.00,1738.10,1738.10,1805.15,808,7019,12330750.00,
511208,IL & FS INVE,B ,Q,14.81,14.95,14.53,14.71,14.71,14.86,327,140457,2070449.00,
511218,SHRIRAM TRAN,A ,Q,1049.00,1054.55,1016.00,1033.05,1033.05,1048.15,1950,35044,36134432.00,
511243,CHOLAFIN    ,A ,Q,1155.00,1155.00,1092.00,1115.15,1115.15,1133.10,625,4505,5053030.00,
511276,MEFCOM AGRO ,XT,Q,4.22,4.22,4.22,4.22,4.22,4.06,14,7279,30717.00,
511288,GRUH FINANCE,A ,Q,321.50,324.00,315.00,317.90,319.95,322.50,1056,28173,8972129.00,
511333,VLS FINANCE ,B ,Q,71.20,73.00,66.00,66.35,66.35,71.00,1058,77837,5239339.00,
511355,IND CEM CAP ,XD,Q,4.33,4.33,4.33,4.33,4.33,4.13,1,500,2165.00,
511389,VIDEOCON IND,A ,Q,104.35,104.35,103.10,103.90,103.90,104.10,354,119233,12385952.00,
511391,INTER GLOB F,XT,Q,20.60,20.60,18.70,20.60,20.60,19.65,22,3984,80377.00,
511411,SHRISTINFRA ,XC,Q,295.00,295.00,290.00,290.00,290.00,292.00,10,175,51395.00,
511413,CREST       ,B ,Q,91.10,92.00,85.00,85.65,85.65,92.65,118,4577,397828.00,
511431,VAKRANGEE   ,A ,Q,251.20,253.60,247.50,248.95,248.95,250.45,1024,843995,210927744.00,
511451,DHARANI FIN.,XT,Q,6.67,6.67,6.05,6.05,6.05,6.36,2,110,671.00,
511463,RUDRAKSH    ,XT,Q,117.90,123.85,113.00,117.40,117.40,118.90,596,241553,28023097.00,
511473,IND.BANK MER,B ,Q,13.55,13.64,12.13,12.58,12.80,13.53,156,62604,801021.00,
511501,BHARAT BHUSH,XD,Q,19.17,19.17,15.93,18.76,19.00,17.70,77,18329,333437.00,
511505,CAPITAL TRUS,XC,Q,571.00,571.00,544.10,558.45,547.50,576.55,91,4685,2572414.00,
511509,VIVO BIO TEC,XT,Q,63.95,63.95,63.95,63.95,63.95,61.60,1,10,639.00,
511523,VEERHEALTH  ,XD,Q,1.40,1.68,1.40,1.60,1.60,1.57,4,1850,2688.00,
511525,PAN INDIA C ,T ,Q,0.29,0.29,0.29,0.29,0.29,0.28,1,1128,327.00,
511533,SAHARA HOUSG,XD,Q,76.00,76.00,70.45,72.00,70.55,78.60,40,1596,116510.00,
511549,MORARKA FIN.,XD,Q,14.82,14.82,14.82,14.82,14.82,14.28,1,200,2964.00,
511551,MONARCH     ,XD,Q,29.35,31.45,29.05,29.45,29.45,30.85,50,6907,207786.00,
511557,PRO FIN CAP.,XT,Q,147.00,147.00,142.35,142.35,142.35,149.80,3,93,13542.00,
511559,TIMES GUARAN,B ,Q,24.75,24.75,23.00,23.20,23.20,23.75,4,368,8833.00,
511589,AVONMORE    ,XD,Q,12.00,12.00,10.50,11.84,11.85,12.10,143,274556,2951573.00,
511593,LIBORD FIN  ,XT,Q,9.00,9.00,9.00,9.00,9.00,9.45,1,75,675.00,
511597,PALSOFT INFO,XT,Q,6.01,6.01,6.01,6.01,6.01,5.73,1,9,54.00,
511601,YASH MANAGE.,XD,Q,7.25,7.50,7.25,7.50,7.50,7.25,14,71800,525550.00,
511605,ARIHANT CAP.,XD,Q,55.80,57.00,54.00,55.10,54.00,55.25,26,6106,336319.00,
511607,BIR SHL EDU ,XT,Q,2.86,2.91,2.66,2.70,2.89,2.79,14,8710,24308.00,
511609,ISL CONSULT ,XD,Q,21.20,21.20,21.20,21.20,21.20,20.20,1,100,2120.00,
511611,DCM FINANCIA,B ,Q,2.62,2.62,2.62,2.62,2.62,2.50,10,32462,85050.00,
511618,JIK INDUS.  ,B ,Q,0.80,0.80,0.80,0.80,0.80,0.78,4,12490,9992.00,
511626,R R FINANCE.,XD,Q,12.20,12.20,12.00,12.00,12.00,11.68,2,150,1810.00,
511630,SAMBHAAV MED,B ,Q,7.90,8.10,7.15,7.49,7.80,7.32,192,76151,578297.00,
511642,WISEC GLOBAL,XT,Q,7.99,7.99,7.23,7.50,7.50,7.61,6,1507,10899.00,
511658,NETTLINX LTD,XD,Q,145.20,147.80,139.00,144.95,145.00,147.85,144,9167,1330134.00,
511664,BGIL FL TEC ,XT,Q,3.27,3.27,3.00,3.27,3.27,3.15,19,20536,67015.00,
511672,SCANSTL     ,XC,Q,27.80,27.80,27.60,27.80,27.80,27.60,6,850,23590.00,
511676,GIC HOUSING ,B ,Q,323.50,325.00,312.80,317.35,317.90,325.25,575,19395,6149556.00,
511682,IFL PRMOTER ,XD,Q,0.39,0.39,0.39,0.39,0.39,0.38,2,111,43.00,
511688,MATHEW EASOW,XD,Q,99.95,99.95,99.90,99.95,99.95,99.95,107,52725,5269859.00,
511702,PARSHARTI IN,XD,Q,7.04,7.04,7.04,7.04,7.04,6.94,1,50,352.00,
511710,CUBICAL FIN.,XD,Q,1.44,1.45,1.44,1.44,1.44,1.51,19,59939,86340.00,
511716,ESCORT FINAN,XD,Q,16.15,16.78,14.50,14.65,14.65,16.01,364,143571,2143225.00,
511724,BAID LEASING,XD,Q,65.60,76.00,65.50,67.00,65.50,70.00,33,1150,79809.00,
511726,VIPUL LTD   ,B ,Q,92.00,93.00,85.05,87.05,85.05,91.25,626,187555,16802989.00,
511728,KZ LEAS FIN.,XD,Q,11.99,11.99,10.88,10.88,10.88,11.45,2,305,3651.00,
511734,PASUPATI FIN,XD,Q,3.42,3.42,3.42,3.42,3.42,3.59,1,50,171.00,
511736,USHDEV INTNL,XD,Q,209.00,209.00,209.00,209.00,209.00,207.85,3,36,7524.00,
511738,MEHTA SECUR.,XT,Q,8.20,8.20,8.20,8.20,8.20,7.92,1,50,410.00,
511742,CHOKHANI SEC,XD,Q,24.40,24.40,24.40,24.40,24.40,23.25,5,897903,21908833.00,
511754,SHALIB.FINAN,XT,Q,73.90,73.90,69.20,70.00,70.00,71.15,5,232,16063.00,
511758,MANSI FINANC,XT,Q,45.20,45.40,42.40,44.00,44.00,44.60,10,1603,71934.00,
511766,MUTHOOT CAP ,B ,Q,342.00,354.00,316.00,332.40,332.40,328.65,648,19818,6706495.00,
511768,MASTER TRUST,XT,Q,29.00,31.20,29.00,31.20,31.20,29.75,7,54,1598.00,
512018,CNI RES LTD ,XD,Q,3.00,3.05,2.85,2.87,2.85,3.03,19,25758,76125.00,
512048,LUHARUKA    ,XD,Q,0.73,0.73,0.73,0.73,0.73,0.74,2,333,243.00,
512068,DECCANGOLD  ,XC,Q,54.15,54.85,51.60,52.00,52.00,55.35,926,204014,10783428.00,
512070,UPL         ,A ,Q,672.70,675.15,658.65,672.35,673.00,669.05,3544,75202,50252314.00,
512093,CRANES SOFTW,B ,Q,1.81,1.95,1.75,1.91,1.93,1.78,50,127398,243284.00,
512109,AVIVA INDS  ,XT,Q,20.55,20.55,20.55,20.55,20.55,20.20,1,100,2055.00,
512131,SIGNET IND  ,B ,Q,40.00,40.90,36.60,37.30,37.30,40.85,710,165556,6397564.00,
512149,ADVANCE TECH,XD,Q,0.31,0.31,0.31,0.31,0.31,0.31,12,127200,39432.00,
512161,8KMILES     ,B ,Q,770.00,780.00,752.20,760.60,762.00,768.45,453,4401,3350091.00,
512169,CAPRICORN   ,XT,Q,52.90,52.90,52.90,52.90,52.90,52.90,2,85,4496.00,
512175,VAMA INDS   ,XD,Q,17.00,17.00,15.50,16.10,16.45,16.80,108,94456,1517804.00,
512179,SUNTECK REAL,B ,Q,282.50,284.30,270.10,277.20,276.00,281.05,532,14394,4029097.00,
512217,PRISM MEDI  ,XD,Q,41.50,41.50,38.10,38.20,38.90,40.10,245,77670,3140885.00,
512229,VERITAS     ,XT,Q,134.30,134.30,133.85,133.85,133.85,134.50,2,175,23457.00,
512237,JAI CORP LTD,B ,Q,71.00,71.25,67.75,68.05,68.05,70.50,872,93517,6424647.00,
512247,ASHIRWAD CAP,XD,Q,4.10,4.10,3.85,3.92,3.98,4.00,120,56169,222811.00,
512257,SVARTCORP   ,XD,Q,3.48,3.48,3.35,3.43,3.43,3.41,80,80624,275255.00,
512267,MEDIA MATRIX,XC,Q,8.60,9.08,8.35,8.57,8.57,8.82,67,67621,581369.00,
512273,ARONI COMM  ,XD,Q,88.00,88.70,83.00,85.85,88.70,84.50,20,349,29667.00,
512289,SHIRPUR GOLD,B ,Q,129.00,129.00,119.00,120.55,120.55,126.15,230,15110,1842673.00,
512296,BHAGYA INL  ,B ,Q,21.15,21.15,18.50,18.60,18.90,19.00,22,3605,67662.00,
512297,SHANTAI     ,XT,Q,432.50,434.00,429.50,431.50,431.50,432.85,31,369,159408.00,
512299,STERL.BIOTEC,B ,Q,3.90,4.00,3.85,3.89,3.93,3.95,45,21066,81881.00,
512301,CHAMBAL BREW,XD,Q,13.50,13.50,11.90,11.94,11.94,13.53,187,51999,646256.00,
512332,BIRLA CAP   ,XT,Q,0.34,0.34,0.34,0.34,0.34,0.34,4,1225,416.00,
512393,SHARDUL SECU,XD,Q,39.60,39.60,39.60,39.60,39.60,39.65,4,700,27720.00,
512417,TRITRADE    ,XD,Q,0.49,0.49,0.49,0.49,0.49,0.49,3,6,2.00,
512425,NIRAV COMMER,XD,Q,220.00,221.50,220.00,221.50,221.50,211.05,3,15,3307.00,
512441,ENBEE TRADG.,XT,Q,66.40,66.40,66.40,66.40,66.40,63.30,2,200,13280.00,
512449,SVC RES     ,XD,Q,1.59,1.59,1.46,1.59,1.59,1.53,4,1240,1824.00,
512455,LLOYDS MET E,XC,Q,17.25,18.10,16.10,16.31,16.31,16.42,589,460508,7848200.00,
512489,OASIS SECUR.,XD,Q,34.35,34.35,34.35,34.35,34.35,32.90,1,1,34.00,
512493,GARNET INTL ,XD,Q,285.30,291.00,285.30,285.30,285.30,300.30,31,10899,3110387.00,
512499,SHALIMAR PRO,XD,Q,0.49,0.49,0.49,0.49,0.49,0.49,67,1040000,509600.00,
512519,DONEAR IND. ,B ,Q,78.10,78.90,74.30,74.35,74.30,78.20,594,57936,4388438.00,
512527,SUPER SAL IN,XC,Q,615.00,620.00,585.60,597.25,595.00,609.95,53,1430,853559.00,
512529,SEQUENT     ,B ,Q,126.00,127.65,118.00,119.15,119.00,127.75,515,25305,3063044.00,
512531,STC INDIA   ,B ,Q,134.90,134.90,126.35,126.85,126.85,134.30,730,35642,4631429.00,
512535,ASAHI INFRA.,XT,Q,1.09,1.13,1.09,1.13,1.13,1.11,7,15220,16998.00,
512559,KOHINORFOODS,B ,Q,55.50,55.50,52.00,52.65,52.40,54.55,103,8906,471054.00,
512565,R.T.EXPORTS ,XD,Q,9.06,9.90,9.06,9.90,9.90,9.50,5,1554,14101.00,
512573,AVANTI FEEDS,B ,Q,520.00,525.00,500.00,515.70,515.70,511.90,804,12698,6516695.00,
512579,GUJ.NRE COKE,B ,Q,3.81,3.81,3.62,3.65,3.65,3.81,586,619755,2280741.00,
512587,ZODIAC JRD  ,B ,Q,38.50,39.90,38.00,38.00,38.00,40.00,16,3228,124730.00,
512599,ADANI ENTER ,A ,Q,64.95,64.95,62.05,62.45,62.45,64.45,2002,370528,23329606.00,
512604,HARIA EXPORT,XD,Q,7.22,7.22,7.22,7.22,7.22,6.88,17,5320,38410.00,
512608,BHANDARI HOS,XD,Q,3.10,3.10,2.90,3.01,3.05,3.09,129,275396,818189.00,
512618,RLF LIMITED.,XT,Q,1.46,1.46,1.46,1.46,1.46,1.53,1,200,292.00,
512624,REGENTRP    ,XT,Q,2.35,2.35,2.30,2.35,2.35,2.24,10,8399,19734.00,
512626,ORBIT EXPORT,B ,Q,267.05,267.05,260.45,260.45,260.45,266.10,45,436,114918.00,
512634,SAVERA IND  ,XD,Q,62.05,64.00,61.00,61.00,61.00,63.00,8,247,15172.00,
513005,VBC FERRO   ,XT,Q,55.10,55.10,55.10,55.10,55.10,58.00,10,980,53998.00,
513010,TATA SPONGE ,B ,Q,582.00,583.50,552.80,561.55,561.55,576.80,1237,42262,23755528.00,
513023,NAV BHAR VEN,B ,Q,140.20,142.45,133.10,137.10,137.10,140.20,2292,157569,21540391.00,
513043,REMI EDEL   ,XD,Q,27.00,27.00,26.60,26.60,26.60,26.60,3,500,13340.00,
513059,G.S.AUTO INT,XD,Q,17.95,18.25,16.80,16.95,16.95,17.95,90,32900,566846.00,
513063,TRANSFREIGHT,XT,Q,6.04,6.04,6.04,6.04,6.04,5.85,1,9,54.00,
513097,SHIV.BIMETAL,XD,Q,35.75,37.40,34.10,34.30,34.15,35.70,108,18367,644871.00,
513108,GANDHI SP.TU,B ,Q,317.95,324.00,310.60,315.65,318.00,317.60,149,5948,1886342.00,
513117,AMFORGE IND.,XD,Q,6.20,6.20,5.89,5.97,5.89,6.20,39,20690,125672.00,
513119,ABC GAS INT ,XT,Q,26.10,26.10,23.70,23.70,23.70,24.90,3,205,5050.00,
513121,ORICON ENT  ,B ,Q,58.00,58.35,54.40,54.70,54.70,57.85,1276,234281,13061572.00,
513142,BALASORE    ,XC,Q,44.00,45.00,39.65,40.60,40.60,44.05,1681,997690,40606449.00,
513149,ACROW INDIA ,XT,Q,211.90,219.00,201.00,208.00,208.00,210.75,13,727,149468.00,
513151,STI INDIA LT,B ,Q,11.80,11.80,10.75,10.97,11.45,11.60,18,1528,16765.00,
513173,STL STR INF ,XD,Q,16.50,16.50,14.05,14.12,14.12,15.00,17,5823,94527.00,
513179,NAT STL AGRO,T ,Q,22.45,23.00,21.80,22.15,22.15,22.65,41,10825,242015.00,
513216,UTTAM GALVA ,B ,Q,31.50,31.90,30.40,30.75,30.75,31.70,479,64335,1995893.00,
513228,PENNAR STEEL,B ,Q,48.55,48.55,46.00,46.05,46.00,48.30,255,49782,2338329.00,
513250,JYOTI STRUCT,B ,Q,12.50,12.64,11.73,11.93,11.93,12.43,467,143852,1733923.00,
513252,JAY USHIN   ,XT,Q,266.00,266.00,247.15,247.25,247.15,260.00,5,158,39903.00,
513262,ST.STR.WHEEL,B ,Q,659.95,659.95,617.00,622.50,625.00,653.00,578,7933,4989969.00,
513269,MAN IND.(I) ,B ,Q,52.00,52.00,49.90,50.70,50.90,52.30,530,48292,2452341.00,
513295,RUCHI STR AL,XD,Q,3.00,3.00,2.70,2.70,2.70,3.00,8,1042,3076.00,
513303,MODERN STEEL,XD,Q,7.59,7.59,7.59,7.59,7.59,7.23,7,6170,46830.00,
513307,SYNTHIKO FOI,XT,Q,20.20,20.20,20.20,20.20,20.20,19.60,1,20,404.00,
513309,GOLKONDA    ,Z ,Q,4.30,4.30,4.30,4.30,4.30,4.49,2,2000,8600.00,
513335,METALFORGE  ,B ,Q,73.65,74.70,64.90,66.10,66.35,72.10,589,46444,3128127.00,
513337,GUJ.TOOLROOM,XT,Q,19.18,19.18,19.18,19.18,19.18,18.48,2,190,3644.00,
513349,AJMERA      ,B ,Q,148.10,149.55,142.75,144.15,146.00,148.75,151,8412,1218587.00,
513353,COCHIN MIN. ,XD,Q,140.95,140.95,106.00,108.10,108.10,132.50,489,56532,6314682.00,
513361,ISW LTD     ,XC,Q,4.32,4.65,4.28,4.32,4.32,4.75,20,8121,35476.00,
513369,RAJKUMAR FRG,XT,Q,50.50,50.50,46.30,46.90,46.35,48.70,36,5783,288769.00,
513375,CARBORUNDUM ,B ,Q,265.60,268.65,265.50,266.40,266.40,266.10,811,23257,6195929.00,
513377,MINERAL&METL,A ,Q,52.20,52.45,48.30,48.80,48.80,51.70,4290,586338,29217170.00,
513397,VALLABH STEL,XD,Q,30.55,33.60,30.50,33.60,33.60,32.00,5,375,12062.00,
513405,PENNAR ALUM.,XT,Q,0.46,0.46,0.46,0.46,0.46,0.46,6,10000,4600.00,
513414,SUJANA METAL,B ,Q,3.08,3.13,2.85,2.92,2.98,3.13,128,96051,281797.00,
513418,SMFIL       ,XD,Q,6.67,6.67,6.10,6.10,6.10,6.42,228,184319,1173477.00,
513422,BLOOM INDUST,P ,Q,4.40,4.40,4.40,4.40,4.40,4.20,1,1000,4400.00,
513428,TRINETRA    ,XT,Q,112.60,112.60,112.60,112.60,112.60,108.55,30,15209,1712533.00,
513430,PARTH ALUM. ,XT,Q,8.74,8.74,8.74,8.74,8.74,8.74,1,50,437.00,
513434,TATA METALIK,B ,Q,369.50,370.70,344.00,347.10,347.10,367.70,1859,61426,21633429.00,
513436,SHAH ALLOYS ,B ,Q,12.00,12.00,11.10,11.60,11.60,12.57,80,4495,51609.00,
513446,MONNETISPA  ,B ,Q,26.65,26.95,24.50,24.80,24.80,26.40,784,90086,2293720.00,
513460,MAHALAXMI SM,Z ,Q,7.29,7.29,7.29,7.29,7.29,7.15,2,400,2916.00,
513472,SIMPLEX CAST,XD,Q,120.60,129.00,120.00,126.95,126.95,127.00,72,13441,1708875.00,
513488,SH.STEEL WIR,XD,Q,14.00,14.00,14.00,14.00,14.00,14.73,4,287,4018.00,
513498,SOUTH.MAGNES,P ,Q,36.70,36.70,34.65,36.70,36.70,35.35,19,10200,372240.00,
513502,BARODA EXTR.,XD,Q,0.22,0.23,0.22,0.23,0.23,0.22,2,5001,1100.00,
513509,KALYANI FORG,T ,Q,291.00,291.00,291.00,291.00,291.00,286.00,3,30,8730.00,
513511,PANCH.STEEL ,XD,Q,22.30,22.50,22.10,22.30,22.10,22.05,7,820,18297.00,
513513,ADITYA ISPAT,XD,Q,5.50,5.50,5.50,5.50,5.50,5.55,3,542,2981.00,
513517,STEELCAST   ,XC,Q,67.50,67.50,66.60,67.00,67.00,68.15,13,5697,384086.00,
513519,PITTI LAMIN.,B ,Q,59.45,59.50,54.90,56.30,56.30,57.65,381,40040,2250045.00,
513528,GLITTEK GRAN,XD,Q,2.94,2.94,2.82,2.91,2.91,2.80,11,10800,31505.00,
513532,PRADEEP MET.,XD,Q,46.70,49.00,45.35,49.00,49.00,50.10,15,1128,53345.00,
513534,VARDHMAN IND,XD,Q,49.90,49.90,45.40,47.05,45.40,50.00,26,4150,193786.00,
513536,GNRL        ,XC,Q,47.75,49.90,45.50,45.55,45.50,47.75,8,335,15628.00,
513554,MAHA STEEL  ,B ,Q,194.00,201.50,193.15,193.15,193.15,203.30,305,15961,3115198.00,
513558,REAL STRIPS ,XD,Q,10.57,10.57,10.57,10.57,10.57,10.10,1,500,5285.00,
513566,NOVA IRON&ST,XT,Q,13.92,13.92,13.61,13.61,13.61,13.26,17,5372,74740.00,
513575,STERPOW     ,XT,Q,8.32,8.32,8.32,8.32,8.32,7.93,1,100,832.00,
513579,FOUNDRY FUEL,XD,Q,4.63,4.63,4.63,4.63,4.63,4.87,1,50,231.00,
513583,S.B.& T INT.,T ,Q,2.14,2.14,1.95,2.12,2.12,2.05,5,1636,3410.00,
513597,SURANA INDS ,B ,Q,4.61,5.29,4.61,5.05,5.10,5.10,98,12093,61777.00,
513599,HIND.COPPER ,A ,Q,60.50,60.65,57.50,57.85,57.85,60.25,1467,171739,10058990.00,
513605,SRIPIPES    ,B ,Q,313.00,314.00,294.40,301.00,301.00,311.35,854,22422,6757491.00,
513629,TULSYAN NEC ,Z ,Q,22.00,22.00,22.00,22.00,22.00,22.30,1,40,880.00,
513642,AXEL POLYMER,XT,Q,10.30,10.45,9.70,10.19,10.19,10.04,28,5043,51640.00,
513683,NLCINDIA    ,A ,Q,81.80,81.80,77.05,78.80,78.80,81.20,391,35447,2800401.00,
513687,SPECTRA IND.,XD,Q,18.62,18.62,18.62,18.62,18.62,17.75,1,5,93.00,
513691,JMT AUTO LTD,B ,Q,26.50,27.15,25.60,26.10,26.20,26.65,243,46731,1237050.00,
513699,SOLID STONE ,XD,Q,44.50,46.75,44.50,46.00,46.75,46.30,4,310,14182.00,
513703,KUMAR WIRE  ,XT,Q,33.55,33.55,33.55,33.55,33.55,35.30,1,15,503.00,
513709,SHILP GRAVUR,XD,Q,91.10,94.05,85.10,89.85,89.85,93.50,147,23103,2089052.00,
513713,WHITE DIAMON,XD,Q,38.50,38.90,35.05,36.00,36.00,37.85,104,25722,942167.00,
513729,ARO GRANITE ,B ,Q,77.90,79.40,73.55,73.90,73.90,76.20,545,40536,3047971.00,
514010,HIM.FIBRES  ,XC,Q,19.30,19.30,16.00,17.00,17.50,17.60,138,111814,1930232.00,
514030,DEEPAK SPINN,XD,Q,109.65,109.65,106.00,106.15,106.00,108.05,36,5855,626714.00,
514034,JBF IND.LTD ,B ,Q,236.00,236.00,223.40,225.00,225.00,238.15,703,19616,4494905.00,
514036,LOY.TEX MILL,XC,Q,601.00,602.00,600.05,601.40,601.00,606.35,7,250,150237.00,
514043,HIMAT.SEIDE ,B ,Q,300.00,301.80,278.50,281.10,281.05,297.20,1665,69550,19774279.00,
514045,BSL LTD.    ,B ,Q,82.80,83.30,75.40,79.30,79.30,84.40,242,9656,762907.00,
514087,PBM POLYTEX ,XD,Q,79.00,81.00,78.55,79.10,79.00,79.45,22,3235,258420.00,
514113,ADHINATH TEX,XT,Q,2.83,2.83,2.80,2.83,2.83,2.70,7,800,2259.00,
514116,GUPTA SYNTH.,XD,Q,3.38,3.69,3.38,3.69,3.69,3.55,5,2500,8760.00,
514118,ESKAY K'N'IT,XD,Q,0.32,0.34,0.32,0.34,0.34,0.33,4,4200,1348.00,
514128,KONARK SYN. ,XD,Q,17.10,17.10,17.10,17.10,17.10,18.00,2,1505,25735.00,
514138,SURYALATA SP,XD,Q,177.50,177.50,165.00,166.00,165.00,175.00,11,8113,1350710.00,
514142,TT LTD.     ,B ,Q,53.75,53.75,51.25,51.35,51.25,53.40,35,3490,182756.00,
514162,WELSPUN (I) ,B ,Q,64.50,65.35,62.10,63.45,63.45,63.95,7641,1254445,79969161.00,
514165,IND.ACRYLICS,XC,Q,23.70,23.70,20.15,21.10,21.10,23.25,1193,738037,15715599.00,
514167,GANESH ECOSP,B ,Q,215.90,216.10,206.25,214.15,214.00,217.40,169,8599,1845814.00,
514175,VARDHMAN POL,B ,Q,84.90,87.35,80.10,82.05,82.05,83.75,1847,260813,22140667.00,
514183,BLA ROS IND ,XD,Q,24.50,24.65,21.00,22.60,22.60,24.65,83,21573,480889.00,
514211,SUMEET INDS.,B ,Q,40.40,40.80,38.35,39.30,39.30,40.35,1768,593694,23183493.00,
514215,BINNY LTD.  ,XC,Q,158.00,158.00,145.00,145.00,145.00,148.55,10,719,105226.00,
514221,KLIFESTYLE  ,XD,Q,0.20,0.21,0.20,0.20,0.20,0.21,18,54310,10872.00,
514234,SANGAM INDIA,B ,Q,307.10,308.10,290.10,291.50,292.00,307.10,235,5417,1603123.00,
514264,SEASONS TEXT,XD,Q,9.29,9.29,8.41,8.78,8.41,8.85,12,1210,10814.00,
514266,ZENITH FIBRE,XT,Q,201.65,201.65,191.60,195.15,192.00,201.65,90,10216,1966887.00,
514272,BHILWARA SP.,XD,Q,8.73,8.73,8.73,8.73,8.73,8.32,5,1300,11349.00,
514274,AARVEE DENIM,B ,Q,97.00,97.00,90.05,91.30,91.90,96.90,212,15210,1400139.00,
514286,ASHIMA LTD. ,B ,Q,15.00,15.88,14.86,15.40,15.40,15.13,653,190278,2892214.00,
514296,HARYANA TEX ,XD,Q,3.47,3.83,3.47,3.47,3.47,3.65,10,885,3143.00,
514300,PIONEER EMB ,B ,Q,65.90,65.90,57.00,57.75,57.40,63.60,1061,45872,2739204.00,
514302,VIPPY SPIN. ,XD,Q,35.05,37.30,34.65,35.45,35.45,36.00,49,16049,562782.00,
514322,KAMADGIRI   ,XD,Q,74.00,78.00,73.10,78.00,78.00,79.50,13,454,33604.00,
514326,PATSPIN INDI,B ,Q,11.02,11.90,10.64,10.75,10.75,11.37,26,6762,73569.00,
514330,OVERSEAS SYN,XD,Q,5.00,5.00,5.00,5.00,5.00,5.00,1,40,200.00,
514332,NEOINFRA    ,XD,Q,76.00,78.95,70.30,70.30,70.30,76.95,29,7530,581757.00,
514348,WINSOME YRN ,B ,Q,2.29,2.29,2.21,2.21,2.21,2.25,59,58200,130798.00,
514354,PREMIER POLY,B ,Q,37.00,37.00,35.15,37.00,37.00,36.95,3,70,2571.00,
514366,CITIZEN YARN,XD,Q,2.27,2.27,2.08,2.14,2.14,2.16,17,11078,24110.00,
514394,AJIL        ,XC,Q,43.55,43.55,43.55,43.55,43.55,42.00,10,2076,90409.00,
514400,GARWARE SYN.,XD,Q,10.00,10.00,10.00,10.00,10.00,9.64,5,1800,18000.00,
514412,SARUPINDUS  ,XT,Q,62.45,62.45,62.40,62.40,62.40,65.00,2,100,6240.00,
514418,MANORG      ,XD,Q,41.50,42.45,38.25,39.90,41.00,40.75,80,8162,327236.00,
514428,HINDU.ADHESI,XD,Q,59.65,69.30,59.65,60.00,60.00,59.65,24,2006,121041.00,
514442,SRI KPR IND ,XT,Q,29.95,30.00,28.55,28.55,28.55,30.05,39,10100,289772.00,
514448,JYOTI RESINS,XD,Q,118.00,118.00,107.00,114.60,115.00,117.65,92,7847,874567.00,
514450,MAHA.RUBTECH,XC,Q,44.20,44.20,42.50,43.10,42.50,44.30,24,3796,165108.00,
514454,SOUTH.LATEX ,XT,Q,7.64,7.64,7.64,7.64,7.64,7.37,1,201,1535.00,
514470,WIMSOME TEXT,XD,Q,66.90,70.00,63.00,65.45,63.00,65.25,35,2416,162033.00,
514474,FAIRDEAL FIL,XD,Q,30.80,30.80,29.00,29.00,29.00,31.00,2,26,799.00,
515018,REG.CERAMIC ,T ,Q,9.00,9.00,8.71,8.74,8.75,9.16,59,26843,235100.00,
515030,ASAHI IN.GLA,B ,Q,191.00,193.90,190.00,192.00,191.95,190.15,157,8463,1623504.00,
515037,MURD.CERAM  ,B ,Q,34.00,34.00,30.00,31.60,32.05,33.45,455,73301,2290081.00,
515043,SAINT-GOBAIN,XC,Q,50.10,50.40,46.15,46.55,46.55,49.90,1642,360128,17089516.00,
515055,ANANTRAJ    ,B ,Q,53.25,53.45,50.30,50.40,50.40,53.25,1400,190432,9725929.00,
515059,MADHUS.IND. ,XD,Q,14.10,14.40,13.45,14.40,14.40,13.95,29,6300,88083.00,
515085,RESTILE CER.,XD,Q,5.13,5.47,5.11,5.27,5.27,5.36,10,3701,19513.00,
515093,MADHAV MARB.,B ,Q,56.40,56.40,54.10,55.45,55.45,56.55,68,5159,287471.00,
515099,VERTICLIND  ,P ,Q,7.14,7.14,7.14,7.14,7.14,6.87,1,100,714.00,
515127,RAMMAICA (I),P ,Q,5.77,5.77,5.77,5.77,5.77,5.66,1,100,577.00,
515145,HIND.NAT.GLS,B ,Q,104.20,104.20,104.20,104.20,104.20,108.95,1,50,5210.00,
515147,HALDYN GLASS,XC,Q,34.00,35.30,32.10,32.95,33.00,34.25,359,207717,6828763.00,
516003,SARDA PLY.  ,XD,Q,122.20,128.80,120.10,120.85,121.00,130.15,60,11177,1376299.00,
516007,MANGALAM TIM,B ,Q,35.00,35.60,31.80,32.60,33.00,34.25,201,22641,748272.00,
516016,SHREYANS IND,B ,Q,90.00,93.00,82.50,84.85,84.00,87.75,142,14119,1231851.00,
516020,AGIO PAPER  ,XD,Q,1.99,1.99,1.92,1.92,1.92,1.99,2,1000,1922.00,
516022,STAR PAPER  ,B ,Q,154.70,172.45,142.00,158.15,158.15,156.80,6443,313769,50538604.00,
516030,YASH PAPERS ,XD,Q,23.95,23.95,21.35,21.95,21.95,22.45,159,44121,968486.00,
516064,ARROWGREEN  ,B ,Q,440.00,440.05,416.40,418.30,419.00,440.20,218,2409,1024869.00,
516072,VISHNU CHEM ,B ,Q,318.00,318.00,296.00,299.60,299.60,316.55,695,15387,4661427.00,
516078,JUMBO BAG   ,Z ,Q,9.26,9.26,9.05,9.26,9.26,8.92,7,3652,33764.00,
516082,N.R.AGARWAL ,XD,Q,254.95,257.95,230.00,237.90,237.90,252.95,364,39066,9489898.00,
516086,SH.RAJES.PAP,XT,Q,9.56,9.56,8.75,8.75,8.75,9.20,13,6678,61342.00,
516092,PUDMJEE IND ,B ,Q,15.00,15.00,14.32,14.34,14.32,15.07,32,3865,56037.00,
516096,SANGAL PAPER,XT,Q,96.75,96.75,95.00,96.75,96.75,93.25,28,4422,425647.00,
516098,VENTURA TEXL,XD,Q,10.38,10.38,10.38,10.38,10.38,10.92,1,1000,10380.00,
516106,SH.KARTHIK P,XT,Q,9.01,9.08,8.60,8.97,8.97,8.74,7,1032,9122.00,
516108,S.I.PAPER   ,XT,Q,135.00,135.00,129.00,131.00,131.00,135.45,14,1474,193959.00,
517015,VINDHYA TELE,B ,Q,708.10,712.75,682.00,684.30,684.30,708.80,281,5782,3992377.00,
517035,RUTTONSHA IN,XT,Q,55.90,55.90,51.20,52.55,52.50,53.55,34,2610,140885.00,
517041,ADORWELDING ,B ,Q,312.50,315.00,292.00,294.10,294.10,312.50,319,4669,1397590.00,
517059,SALZER ELEC ,B ,Q,214.45,214.45,208.10,210.60,210.00,214.05,156,7033,1482954.00,
517063,JETINFOTRAN ,XD,Q,52.50,52.50,46.45,47.55,47.55,48.60,25,1951,94055.00,
517080,HIGHGROUND  ,XC,Q,42.50,44.75,38.50,42.95,42.00,41.45,278,106647,4494931.00,
517096,APLAB LTD.  ,XT,Q,21.20,22.80,21.20,21.35,21.35,22.10,5,800,17193.00,
517119,PCS TECH    ,XD,Q,26.00,27.95,23.25,25.25,25.25,26.10,22,1784,45290.00,
517140,MOSER BEAR  ,B ,Q,8.24,8.24,7.65,7.70,7.70,7.94,425,169741,1318533.00,
517146,USHA MART.LT,B ,Q,17.50,17.59,15.81,16.13,16.13,17.67,1647,552900,9013576.00,
517164,ZENITH COMP.,B ,Q,2.16,2.26,2.16,2.26,2.26,2.16,2,500,1110.00,
517166,SPEL SEMICON,XD,Q,18.80,19.33,16.61,16.88,16.88,18.08,759,365934,6689086.00,
517168,SUBROS LTD. ,B ,Q,161.25,169.90,154.50,158.35,158.35,163.85,1595,102527,16197502.00,
517174,HONEYWELL   ,B ,Q,8806.00,8810.00,8680.00,8783.00,8800.00,8840.00,54,177,1548378.00,
517201,SWITCH.TECH.,XD,Q,86.10,86.10,78.00,84.95,84.95,82.00,25,1026,83579.00,
517206,LUMAX IND   ,B ,Q,939.35,940.65,865.05,904.90,904.90,930.75,431,4359,3955487.00,
517214,SPICEMOBI   ,B ,Q,16.00,16.50,14.60,15.25,15.55,15.85,45,11151,172793.00,
517224,SUJANA INDUS,B ,Q,2.02,2.22,1.96,2.11,2.11,1.94,412,1102623,2376569.00,
517228,TREND ELECT ,XD,Q,22.00,23.50,22.00,23.00,23.00,22.50,7,514,11322.00,
517230,PREM.AU.ELEC,B ,Q,11.90,12.27,11.60,12.20,12.20,12.21,34,2974,35433.00,
517236,CALCOM VISIO,XD,Q,3.42,3.42,3.42,3.42,3.42,3.26,3,750,2565.00,
517238,DYNAVISION  ,P ,Q,40.00,40.00,40.00,40.00,40.00,38.10,1,100,4000.00,
517246,BCC FUBA    ,Z ,Q,6.55,6.55,6.55,6.55,6.55,6.31,4,4267,27948.00,
517258,PRECISION EL,XT,Q,30.00,30.00,28.55,28.55,28.55,30.00,10,5915,176305.00,
517271,HBL P SYS   ,B ,Q,41.70,43.20,39.15,42.30,42.30,41.65,1578,296648,12359910.00,
517288,GUJ.POLY-AVX,XT,Q,16.38,16.38,15.16,16.38,16.38,15.79,44,18825,299221.00,
517296,PHOENIXLL   ,B ,Q,159.55,159.55,150.65,156.15,155.80,161.55,400,12959,2012923.00,
517300,GUJ.IND.POW.,B ,Q,95.10,96.00,91.45,92.60,93.30,95.60,341,499807,46367269.00,
517320,SAV INFOCOM ,XT,Q,1.98,1.98,1.98,1.98,1.98,2.08,2,700,1386.00,
517330,CMI LTD.    ,XC,Q,164.00,164.00,148.50,150.05,150.00,165.05,1241,217328,33245071.00,
517334,MOTHERSON SS,A ,Q,314.15,314.15,300.00,302.50,302.50,313.95,2403,192606,58760099.00,
517344,MINDTECK (I),B ,Q,89.00,90.00,84.50,86.35,86.35,89.20,264,13372,1153079.00,
517354,HAVELLSINDIA,A ,Q,394.00,398.00,380.85,385.45,385.45,394.35,2408,110830,42916713.00,
517356,ACI INFOCOM ,XD,Q,8.75,8.75,7.00,8.33,8.49,8.50,55,64788,534238.00,
517370,INCAP LTD.  ,XT,Q,30.20,30.25,30.20,30.20,30.20,31.75,9,1690,51048.00,
517372,GUJ.INTRUX  ,XD,Q,61.90,61.90,61.90,61.90,61.90,59.30,3,100,6190.00,
517380,IGARSHI MOT ,B ,Q,767.55,779.85,759.45,762.30,766.65,764.95,251,2990,2285282.00,
517385,SYMPHONY    ,B ,Q,1328.00,1330.00,1267.00,1300.30,1300.30,1308.55,471,3292,4263671.00,
517393,VINTRON INF.,XT,Q,2.27,2.27,2.10,2.23,2.25,2.17,18,15501,34598.00,
517403,SUN SOURCE  ,XT,Q,2.11,2.11,2.11,2.11,2.11,2.01,2,811,1711.00,
517411,SHYAM TELEC.,B ,Q,30.00,31.35,29.80,30.00,30.00,31.25,15,2984,90084.00,
517415,LEE&NEE SOFT,XD,Q,3.99,3.99,3.67,3.68,3.67,3.86,14,7220,27456.00,
517417,PATEL AIRTEM,XD,Q,207.00,209.95,195.50,200.60,200.60,205.65,209,15202,3029239.00,
517421,BFLYGANDHI  ,B ,Q,245.00,246.95,223.15,234.60,234.60,244.65,882,24943,5902353.00,
517429,ATHENAGLO   ,XD,Q,39.05,42.95,38.75,39.90,40.50,42.10,61,13331,532082.00,
517437,DUTRON POLY.,XT,Q,152.85,152.85,140.05,141.60,141.60,147.40,146,15470,2300269.00,
517447,R.S.SOFTWARE,B ,Q,69.45,70.20,67.00,68.85,68.85,69.45,659,43413,2987298.00,
517449,MAGNA ELECTR,XD,Q,179.00,179.00,160.00,164.20,165.00,178.15,381,28113,4654297.00,
517467,MARSONS     ,XD,Q,17.01,17.01,15.11,16.76,16.76,17.00,187,108846,1780486.00,
517477,ELNET TECH. ,XD,Q,96.50,99.40,92.00,94.70,94.70,97.30,92,12665,1203106.00,
517481,ARTECH POWER,XD,Q,31.05,31.30,30.70,31.05,31.05,30.95,39,8835,273344.00,
517498,WEBELSOLAR  ,B ,Q,42.55,42.55,39.60,40.55,40.55,43.65,113,11362,470174.00,
517500,ROTO PUMPS  ,XD,Q,63.05,65.00,60.25,62.90,62.75,65.30,117,16021,1003440.00,
517506,TTK PRESTIGE,A ,Q,6000.90,6056.95,5935.00,5979.75,5979.75,5952.65,366,961,5753071.00,
517514,DHINDIA     ,XD,Q,18.80,20.00,18.50,20.00,20.00,20.60,9,1904,35845.00,
517518,LLOYD ELECT.,B ,Q,313.00,314.60,295.35,298.20,298.20,310.45,1775,87539,26542419.00,
517522,RAJ GLO WIR ,XD,Q,770.00,770.10,700.00,736.35,736.35,770.80,2389,85245,62681954.00,
517530,SURANATP    ,B ,Q,5.84,5.84,5.45,5.45,5.45,5.58,8,6590,36000.00,
517536,ONWARD TECHN,B ,Q,65.40,65.40,63.50,63.80,63.85,65.80,59,3540,227517.00,
517544,CENTUM ELEC ,B ,Q,511.10,511.15,487.30,499.00,500.00,510.25,63,690,342803.00,
517546,ALFA TRANSFO,XT,Q,24.95,24.95,22.95,24.65,24.65,24.15,5,351,8472.00,
517548,STARLITE COM,XD,Q,49.60,49.90,48.00,48.25,48.95,49.70,59,17900,884464.00,
517552,ADVANCED MIC,Z ,Q,6.70,6.70,6.50,6.50,6.50,6.70,5,100,655.00,
517554,NHCFOODS    ,XD,Q,16.35,17.60,16.00,16.45,16.40,16.75,460,134052,2267425.00,
517556,PVP VENT LTD,B ,Q,5.79,5.79,5.30,5.39,5.40,5.76,53,22178,120520.00,
517562,TRIGYN TECH ,B ,Q,119.95,120.75,109.80,111.00,111.00,119.05,1212,70547,8012599.00,
517564,G.R.CABLES  ,XT,Q,0.82,0.86,0.81,0.83,0.86,0.82,8,4630,3824.00,
517569,KEI INDUST. ,B ,Q,116.65,118.75,114.00,114.40,114.40,117.75,238,22261,2566095.00,
517571,IMPPOWERS   ,B ,Q,91.00,92.90,89.00,90.00,90.00,92.00,35,5612,504932.00,
518011,KEERTHI     ,XT,Q,135.00,135.00,129.20,129.60,129.60,136.00,33,3085,400471.00,
518029,GUJ.SIDH.CEM,B ,Q,29.30,29.70,28.10,28.35,28.25,29.50,217,52711,1513735.00,
518075,SURAJ PRODUC,XD,Q,17.95,17.95,17.95,17.95,17.95,16.55,1,50,897.00,
518091,ANJANI PORTL,XC,Q,168.20,169.00,162.00,166.10,166.10,168.45,74,11106,1831784.00,
519003,MODINATURAL ,XC,Q,120.00,125.90,110.95,120.00,120.00,129.45,26,993,117736.00,
519091,TASTY BITE  ,XC,Q,4700.00,4700.00,4350.00,4406.25,4415.00,4683.20,283,2099,9424493.00,
519097,RITESH INTER,XT,Q,4.98,5.22,4.74,5.22,5.22,4.98,3,425,2074.00,
519105,AVT NATURAL ,B ,Q,36.45,37.00,34.10,34.55,34.55,36.50,511,62534,2190576.00,
519126,HIND.FOODS  ,XT,Q,114.20,115.00,114.20,115.00,115.00,120.00,5,124,14180.00,
519136,NAHAR INDUST,B ,Q,112.05,112.05,108.05,108.95,109.70,112.80,215,14378,1572635.00,
519156,VADILAL IND ,B ,Q,545.05,547.30,538.15,538.95,538.15,546.95,83,914,494500.00,
519183,ADF FOODS LT,B ,Q,167.00,173.00,155.10,156.20,157.00,165.75,1137,50111,8090889.00,
519214,WILLIAM.FIN.,XT,Q,27.60,27.60,27.60,27.60,27.60,29.00,1,210,5796.00,
519216,AJANTA SOYA ,XD,Q,31.45,32.90,30.00,30.15,30.15,32.70,31,4571,139541.00,
519224,WILLIAM.MAGO,B ,Q,64.50,64.50,56.60,58.00,58.00,59.30,21,4516,262461.00,
519248,JVL AGRO    ,Z ,Q,18.10,18.15,17.30,17.45,17.40,18.10,65,40480,716002.00,
519260,SANWARIA AGR,B ,Q,6.44,6.60,5.85,6.18,6.18,6.34,249,84843,516279.00,
519262,PRIMA AGRO L,XT,Q,6.94,6.94,6.94,6.94,6.94,6.61,5,1300,9022.00,
519281,AGRO DUTCH I,Z ,Q,2.08,2.28,2.08,2.25,2.25,2.18,8,6510,14680.00,
519285,TARAI FOODS ,XT,Q,3.25,3.25,3.25,3.25,3.25,3.40,2,97,315.00,
519287,MODERN DAIRI,XD,Q,13.60,13.60,12.40,12.57,12.57,13.55,294,134553,1759044.00,
519295,BAMBINO AGRO,XT,Q,200.00,203.40,185.15,185.25,186.00,194.85,118,13826,2641277.00,
519307,VIKAS WSP   ,XD,Q,7.21,7.21,6.66,6.88,6.88,7.21,327,177477,1224956.00,
519359,POONA DAL   ,XD,Q,23.70,23.70,20.00,23.00,23.00,21.55,9,1206,26144.00,
519367,TRANSGL.FOOD,XD,Q,28.80,28.80,28.80,28.80,28.80,32.00,117,25934,746899.00,
519373,VIMAL OIL FD,B ,Q,40.55,41.15,40.55,40.55,40.55,40.80,17,2275,93376.00,
519383,ANIK INDS   ,T ,Q,27.00,27.00,25.85,25.90,25.90,27.20,17,3434,89678.00,
519415,KMGMILK     ,P ,Q,33.10,33.10,33.10,33.10,33.10,31.85,1,100,3310.00,
519421,KSE LIMITED ,XT,Q,670.00,680.00,670.00,671.45,670.00,680.40,32,1016,686420.00,
519439,PIONEER AGRO,XD,Q,9.57,9.57,9.57,9.57,9.57,10.07,1,200,1914.00,
519455,NARBADA     ,XT,Q,6.10,6.10,6.00,6.00,6.00,6.00,4,1150,7001.00,
519457,VIRAT CRANE ,XT,Q,54.00,54.00,50.85,50.90,50.90,53.50,29,7410,377476.00,
519463,IB INFOTECH ,XD,Q,24.35,24.35,24.35,24.35,24.35,25.60,1,25,608.00,
519475,CHORDIA FOOD,XD,Q,111.55,115.80,110.80,112.35,112.00,120.25,24,931,105150.00,
519479,OMEGA AGSEED,XD,Q,7.15,7.81,7.15,7.81,7.81,7.52,5,1500,11563.00,
519483,TAI INDUST. ,XD,Q,20.00,21.15,19.40,19.40,19.40,20.40,8,1085,22730.00,
519491,OCEAN AGRO  ,XD,Q,36.55,36.55,36.55,36.55,36.55,36.55,14,6160,225148.00,
519500,BKV INDUSTRS,XT,Q,1.90,1.90,1.90,1.90,1.90,2.00,1,350,665.00,
519532,ASIAN TEA   ,XD,Q,16.00,16.00,14.10,15.14,14.47,15.95,33,7527,114629.00,
519552,HERITGFOOD  ,B ,Q,838.95,846.00,790.95,802.95,802.95,838.95,690,11137,9004876.00,
519560,NEHA INTER. ,XD,Q,7.00,7.30,6.72,6.97,6.98,7.27,101,53239,372643.00,
519566,SIMRAN FARMS,XT,Q,43.80,43.80,42.50,42.55,42.55,44.65,22,7371,315296.00,
519570,LAKSHMI OVER,B ,Q,64.25,66.35,61.00,61.55,61.55,63.75,1649,321107,20095150.00,
519588,DFM FOODS   ,B ,Q,1951.00,2037.80,1835.00,2018.60,2030.00,1998.50,170,1327,2645621.00,
519600,CCL PRODUCTS,B ,Q,249.55,250.50,244.95,248.45,249.55,249.30,449,11562,2871211.00,
519602,KELLTONTEC  ,B ,Q,114.90,115.85,100.00,105.75,105.75,114.05,1426,72395,7731596.00,
519612,MAHAAN FOODS,XD,Q,13.54,13.54,13.48,13.48,13.48,14.18,9,729,9856.00,
520008,RICO AUTO   ,B ,Q,73.10,73.40,68.40,69.65,69.65,72.55,1863,212301,14872812.00,
520021,OMAX AUTOS. ,B ,Q,82.30,84.15,77.00,81.80,81.80,84.40,195,9613,779752.00,
520043,MUNJAL SHOWA,B ,Q,233.45,233.75,216.45,219.35,219.35,229.85,731,29744,6648790.00,
520051,JAMNA AUTO  ,B ,Q,220.20,223.05,209.10,211.35,211.35,220.20,1011,50033,10808318.00,
520056,SUNDAR.CLAY ,B ,Q,3012.50,3013.00,2820.00,2863.00,2886.65,3100.70,97,365,1061748.00,
520057,SONA KOYO ST,B ,Q,63.75,64.30,59.70,60.30,60.75,64.10,650,89490,5487314.00,
520059,MUNAUTO     ,B ,Q,110.00,110.00,104.50,105.40,105.40,110.05,619,48652,5159833.00,
520066,JAYBH.MARUTI,B ,Q,347.95,347.95,312.50,323.15,326.90,347.20,1607,41215,13356610.00,
520073,RACLGEAR    ,XD,Q,34.05,34.45,33.00,34.45,34.45,34.10,27,11965,401695.00,
520075,SAMKRG PIST.,XC,Q,221.00,227.90,211.55,216.25,217.90,223.30,207,10455,2258385.00,
520077,AMTEK AUTO  ,A ,Q,42.50,42.70,39.70,40.40,40.40,42.35,2504,510285,20847619.00,
520086,SICAL LOG   ,B ,Q,201.50,204.90,189.10,193.30,191.85,202.30,700,20185,3922587.00,
520111,RATNAMNI MET,B ,Q,617.00,617.00,600.20,601.10,601.00,620.80,148,1514,919060.00,
520113,VESUVIUS IND,B ,Q,1264.00,1270.00,1185.00,1191.15,1185.00,1241.75,50,560,694766.00,
520119,AUTOMOTIVE S,B ,Q,62.50,62.50,61.00,61.10,61.10,63.50,27,5471,337321.00,
520123,ABC INDIA   ,XD,Q,105.00,114.80,93.00,103.70,102.90,98.45,243,19419,2077594.00,
520127,BALURGHAT TE,XT,Q,2.34,2.58,2.34,2.58,2.58,2.46,5,1321,3133.00,
520139,JAGSON AIRLI,XD,Q,3.37,3.50,3.37,3.50,3.50,3.37,7,654,2249.00,
520141,SIBAR AUTO  ,XD,Q,20.95,22.42,18.50,18.63,18.50,20.39,119,41606,878250.00,
520151,SHREY SH LOG,B ,Q,264.00,264.80,245.00,250.15,250.15,263.50,166,4201,1059331.00,
520155,STARLOG     ,XC,Q,105.00,105.05,101.30,101.40,101.35,105.00,19,635,64814.00,
521005,INDOVATION  ,XD,Q,22.40,22.40,22.40,22.40,22.40,23.55,4,262,5868.00,
521014,EUROTEX IND ,B ,Q,26.55,29.60,26.55,28.60,26.70,27.90,12,791,21595.00,
521016,INDO COUNT  ,B ,Q,763.60,781.95,750.00,758.50,758.50,759.90,3152,47841,36257012.00,
521018,MARAL OVERS ,B ,Q,31.15,31.15,28.80,30.25,30.40,31.20,124,18306,547844.00,
521022,SURYAJYOTI S,Z ,Q,7.60,7.60,7.59,7.59,7.59,7.98,12,6910,52515.00,
521030,NAKODA      ,B ,Q,0.59,0.59,0.56,0.59,0.59,0.57,169,623305,365741.00,
521034,SOMA TEXTILE,B ,Q,11.80,12.80,10.90,11.55,11.55,12.11,423,91483,1096373.00,
521038,TAM.JAI.MILL,XT,Q,5.05,5.05,5.05,5.05,5.05,4.81,5,1700,8585.00,
521048,ADV LIFESTY ,XT,Q,31.05,31.05,31.05,31.05,31.05,29.90,4,1000,31050.00,
521062,OCTAVE      ,XD,Q,3.57,3.57,3.57,3.57,3.57,3.96,45,19676,70243.00,
521064,TRIDENT     ,B ,Q,59.80,60.05,56.15,57.55,57.55,59.70,2353,481241,27851405.00,
521070,ALOK INDS.  ,A ,Q,3.33,3.34,3.18,3.22,3.22,3.32,470,872283,2820822.00,
521080,PASARI SPIN ,XT,Q,2.10,2.10,2.10,2.10,2.10,2.00,1,10,21.00,
521082,SPENTEX INDS,B ,Q,7.20,7.20,6.65,6.79,6.74,7.19,42,14272,98206.00,
521097,AMARJOTHI SP,XD,Q,159.90,163.95,152.55,156.80,156.80,157.70,372,52469,8295106.00,
521105,OLYMPIA IND.,XT,Q,249.75,249.75,249.75,249.75,249.75,240.90,15,980,244755.00,
521109,NAGREEKA EXP,B ,Q,40.00,40.95,38.60,38.75,38.60,40.60,44,12173,478184.00,
521113,SUDITI IND. ,XD,Q,52.00,53.00,48.00,49.50,51.80,50.00,34,4971,249021.00,
521127,KHATOR FIBRE,XT,Q,12.61,13.12,12.61,13.00,13.00,13.12,4,2350,30794.00,
521141,ADITYA SPIN.,XT,Q,5.42,5.42,5.42,5.42,5.42,5.17,1,14,75.00,
521149,PRIME URBAN ,XD,Q,36.60,38.00,34.10,37.95,38.00,36.65,30,5029,179513.00,
521163,ZODIAC CLOTH,B ,Q,200.00,200.00,182.00,187.00,187.00,200.40,76,1547,294624.00,
521180,SUPER SPIN. ,B ,Q,15.50,15.96,13.50,14.50,14.55,16.24,681,150439,2213240.00,
521194,SIL INVEST  ,B ,Q,104.00,104.00,101.05,101.05,101.05,103.80,9,1057,108413.00,
521200,SURYLAK.COTT,B ,Q,135.05,136.05,130.00,131.05,130.00,134.75,728,92053,12306680.00,
521206,SAMTEX FASH.,XD,Q,11.39,11.39,10.50,10.61,10.50,10.38,76,38112,413718.00,
521210,CITYMAN     ,XT,Q,6.30,6.30,6.30,6.30,6.30,6.25,1,94,592.00,
521216,DHAN ROTO SP,XT,Q,17.00,17.00,17.00,17.00,17.00,17.85,1,100,1700.00,
521220,DAMOINDUS   ,B ,Q,82.50,82.50,77.00,78.50,79.00,83.20,124,7741,608278.00,
521222,SANBLUE     ,XD,Q,5.91,5.91,5.91,5.91,5.91,5.91,1,175,1034.00,
521226,UNI ROYAL IN,XD,Q,8.66,8.66,8.66,8.66,8.66,8.34,3,1300,11258.00,
521228,TATIA GLOB  ,XD,Q,0.29,0.29,0.29,0.29,0.29,0.30,1,440,127.00,
521232,SUNIL INDUS.,P ,Q,38.00,38.00,38.00,38.00,38.00,40.00,1,100,3800.00,
521238,SEQUEL E-ROU,XT,Q,29.85,29.85,29.85,29.85,29.85,29.85,2,100,2985.00,
521240,SAMBANDAM SP,XD,Q,110.40,111.00,102.10,102.75,102.55,113.65,62,4411,466407.00,
521242,KANDAGIRI SP,XD,Q,60.85,60.85,60.85,60.85,60.85,64.05,4,100,6085.00,
521246,PARAS PETRO ,T ,Q,0.27,0.27,0.25,0.25,0.25,0.26,5,20000,5100.00,
521248,KITEX GARMEN,B ,Q,437.00,437.00,420.00,422.60,422.60,427.60,631,13698,5824746.00,
522001,CRANEX LTD. ,XD,Q,9.01,9.47,8.86,9.47,9.47,9.29,14,14490,131446.00,
522004,BATLIBOI LTD,XD,Q,26.25,26.25,23.15,23.80,23.80,24.65,46,5262,126138.00,
522005,AUSTIN ENGG.,XD,Q,53.20,53.20,51.00,52.00,52.00,53.55,22,2248,118187.00,
522014,UNITED DRILL,Z ,Q,185.25,185.25,170.10,185.25,185.25,178.70,273,43185,7969570.00,
522017,FLUIDOMAT   ,XD,Q,184.50,187.80,182.00,183.00,182.50,184.10,71,2790,512477.00,
522027,EMA INDIA   ,XD,Q,21.50,21.50,21.50,21.50,21.50,22.55,4,926,19909.00,
522029,WINDSOR MACH,B ,Q,43.15,43.15,40.25,41.10,41.10,43.00,241,28879,1214834.00,
522034,SHANTHI GEAR,B ,Q,121.00,122.00,113.50,114.65,113.85,121.95,222,10211,1197473.00,
522064,HONDA SIEL  ,B ,Q,1570.05,1585.50,1495.00,1560.80,1560.80,1574.25,287,1620,2508713.00,
522073,HITECHGEAR  ,B ,Q,346.40,346.40,323.10,327.00,326.95,345.45,222,4511,1487778.00,
522074,ELGI EQUIP  ,B ,Q,192.70,192.70,185.00,189.55,190.00,190.75,120,2588,487117.00,
522085,STONE INDIA ,XD,Q,73.50,74.75,69.70,71.00,71.00,73.80,230,21123,1503314.00,
522101,KILBURN ENGG,XD,Q,53.05,54.35,51.75,52.30,52.05,54.50,74,7926,417549.00,
522105,BIRLA PRETEC,XD,Q,3.38,3.68,3.36,3.58,3.37,3.50,40,49247,172204.00,
522108,YUKEN INDIA ,XC,Q,425.25,425.25,385.00,390.10,390.00,420.80,113,1345,537127.00,
522113,TIMKEN (I)  ,B ,Q,575.00,575.00,551.05,553.65,554.00,572.40,181,2071,1158869.00,
522122,VOITH PAPER ,XT,Q,603.00,605.00,600.35,601.50,601.50,608.30,15,598,359384.00,
522134,ARTSON ENG  ,XC,Q,56.50,56.95,53.15,53.90,53.90,56.50,69,22585,1250604.00,
522152,SOLITAIR MC ,XD,Q,47.15,47.15,45.30,46.85,47.00,47.15,138,30941,1445147.00,
522163,DIAMONPOWER ,B ,Q,54.95,55.00,48.10,49.80,49.80,53.30,1637,254757,12845419.00,
522165,INDSIL HYD  ,XD,Q,71.55,71.55,65.25,71.00,71.00,71.55,806,232871,16344393.00,
522175,SVOGL       ,Z ,Q,3.81,4.00,3.80,3.88,3.88,3.99,44,40165,153430.00,
522183,ITL INDUSTRS,XD,Q,56.05,56.05,53.00,54.20,54.20,57.15,55,8814,481004.00,
522195,FRONTIER SPR,XD,Q,36.10,39.00,34.30,34.50,36.60,37.75,42,4585,163986.00,
522205,PRAJ IND.LTD,B ,Q,81.00,83.60,79.60,83.05,82.90,81.00,1580,139738,11442843.00,
522207,RASANDIK ENG,XD,Q,61.80,62.00,61.50,62.00,62.00,64.70,6,500,30849.00,
522209,YOGI SUNGWON,XD,Q,3.00,3.00,3.00,3.00,3.00,3.15,4,1600,4800.00,
522215,SWISS GLASS ,XD,Q,151.00,151.00,140.20,146.30,146.00,152.45,142,9416,1352694.00,
522217,GUJ APOIND  ,B ,Q,129.45,132.20,129.30,131.00,131.00,133.45,15,10965,1442867.00,
522229,TANEJA AERO.,XC,Q,46.10,47.25,45.50,46.35,45.70,46.85,170,36162,1671441.00,
522231,CONART ENG. ,XD,Q,43.90,43.90,38.30,40.15,40.00,42.45,116,12306,492167.00,
522237,SHIVAGRICO  ,XT,Q,6.15,6.15,6.15,6.15,6.15,6.46,2,500,3075.00,
522241,M.M.FORGINGS,B ,Q,454.70,454.70,432.05,433.65,432.10,450.15,273,2582,1124713.00,
522249,MAYUR UNIQ. ,B ,Q,415.40,422.00,414.00,414.45,414.45,417.20,86,1181,490916.00,
522251,CENLUB INDUS,XD,Q,30.80,34.90,29.10,29.95,29.95,33.00,34,4486,136654.00,
522257,RAJOO ENGIN.,XD,Q,19.85,20.80,18.30,19.10,19.10,19.95,560,208614,4042613.00,
522259,KALINDEE RAI,B ,Q,111.00,111.00,106.00,107.45,107.45,111.25,270,23604,2541183.00,
522261,DOLPHIN OFF.,B ,Q,95.00,96.15,89.40,90.30,89.95,94.75,540,35483,3259526.00,
522263,JMC PROJECTS,B ,Q,239.60,242.00,234.65,238.95,241.00,242.15,179,4098,975951.00,
522267,VEEJAY LAKSH,XD,Q,50.00,51.60,48.10,50.85,51.60,52.00,21,2810,139401.00,
522275,GET&D       ,A ,Q,323.40,323.90,320.25,322.70,323.60,324.40,98,1785,574427.00,
522281,RAM RAT.WIRE,XD,Q,71.25,74.35,67.55,68.85,68.85,70.25,219,30843,2176010.00,
522285,JAY NECO IND,B ,Q,8.11,8.11,7.52,7.75,7.75,8.06,55,30274,236283.00,
522287,KALPA.POWER ,B ,Q,250.00,250.00,239.85,242.90,241.65,243.70,280,3682,892666.00,
522292,CHANDNI TE  ,XT,Q,1.50,1.50,1.50,1.50,1.50,1.43,37,48270,72405.00,
522294,T & I GLOBAL,XD,Q,29.80,30.75,28.55,30.20,30.30,27.75,41,9244,274544.00,
522295,CONTROL PRNT,B ,Q,291.75,291.75,278.00,280.70,280.10,285.85,122,2198,622295.00,
522650,BEMCO HYDRAU,XD,Q,124.40,124.40,124.40,124.40,124.40,118.50,2,20,2488.00,
523007,ANSAL BUILD.,XD,Q,70.05,75.85,70.05,71.05,71.00,75.40,71,4146,301942.00,
523011,WEIZMANN LTD,B ,Q,34.50,35.00,28.70,30.35,31.35,31.35,32,6754,205459.00,
523019,B.N.RATHI SE,XD,Q,27.50,27.50,24.10,24.45,24.60,25.20,55,10625,260816.00,
523021,RISHITECH   ,XD,Q,38.00,38.00,36.00,36.00,36.00,37.75,26,6793,248142.00,
523023,SINCLAIR HOT,XC,Q,285.10,310.00,285.10,301.05,301.05,315.95,3,9,2702.00,
523025,SAFARI IND. ,XC,Q,1100.00,1100.00,1077.00,1077.00,1077.00,1092.50,2,80,87310.00,
523054,BIN.TEX.PR(P,XT,Q,420.00,420.00,420.00,420.00,420.00,400.00,1,1,420.00,
523100,COSMO FERR. ,XD,Q,17.75,17.95,17.70,17.95,17.90,19.50,4,230,4098.00,
523113,FUTURA SEC. ,XT,Q,11.50,11.50,11.50,11.50,11.50,12.05,1,100,1150.00,
523116,SANCO TRANS ,XD,Q,328.90,328.90,270.00,278.00,278.00,299.00,11,64,17618.00,
523120,ADOR MULTI. ,XD,Q,22.05,22.05,22.05,22.05,22.05,21.00,1,10,220.00,
523127,EIH ASSO.HOT,B ,Q,324.00,336.00,312.05,318.95,317.00,320.00,602,13441,4392058.00,
523144,MEDI CAPS   ,XD,Q,23.55,24.30,23.05,23.20,23.20,24.00,36,9211,214819.00,
523151,OTCO INTERN.,XD,Q,22.60,22.60,22.60,22.60,22.60,21.55,1,30,678.00,
523160,MORGAN CRU  ,XT,Q,810.00,810.00,769.00,769.10,769.00,808.65,38,965,749347.00,
523204,ABAN OFFSHO ,A ,Q,249.30,254.15,235.10,238.95,238.95,249.40,8016,527751,128584770.00,
523207,KOKUYOCMLN  ,B ,Q,90.30,94.90,87.75,93.80,93.80,90.90,1984,206324,18791831.00,
523218,KILBURN OFFI,XT,Q,2.58,2.58,2.58,2.58,2.58,2.71,1,10,25.00,
523229,BHARAT SEATS,XC,Q,61.10,61.50,58.15,59.20,60.00,61.25,322,45282,2692940.00,
523232,CONT.PETRO  ,XT,Q,17.50,18.00,17.50,18.00,18.00,17.45,3,1200,21500.00,
523236,SHRENUJ & CO,B ,Q,3.14,3.14,3.14,3.14,3.14,3.30,39,40772,128024.00,
523248,MACHINO PLAS,XD,Q,171.45,175.30,164.80,169.70,172.50,180.40,56,3522,609498.00,
523260,PEARL POLYME,B ,Q,26.00,26.00,21.85,23.35,23.35,23.05,172,23636,542185.00,
523261,VENKEY'S (I),B ,Q,515.00,515.00,487.30,490.45,493.00,514.25,411,3924,1946960.00,
523269,ADVANI HOTEL,B ,Q,57.00,57.85,55.00,55.75,55.25,57.20,12,606,34081.00,
523277,G.V.FILMS   ,XD,Q,0.78,0.85,0.74,0.81,0.80,0.78,122,258415,201969.00,
523283,SUPER HOUSE ,B ,Q,165.00,169.00,158.90,160.20,162.35,165.75,110,6213,1023050.00,
523289,RAMA VISION ,XD,Q,3.29,3.29,3.29,3.29,3.29,3.46,1,100,329.00,
523301,TCPL PACK   ,XC,Q,725.00,725.00,695.00,700.40,700.40,723.35,63,6178,4346487.00,
523319,BALMER LAWRI,B ,Q,775.55,779.75,750.00,762.10,761.00,767.85,379,5615,4288816.00,
523323,KOVAI MEDI. ,XT,Q,801.00,824.00,753.60,792.95,792.00,793.25,90,3855,2989764.00,
523329,ELDECO HOUS.,XD,Q,619.00,669.00,601.00,635.25,634.00,672.95,53,849,536707.00,
523367,DCMSHRIRAM  ,B ,Q,244.90,244.90,229.95,230.80,233.00,239.45,826,26178,6133066.00,
523369,DCM SHR.IND ,XC,Q,229.80,230.00,214.00,216.20,218.00,226.90,114,6941,1519446.00,
523371,MAWANA SUGAR,B ,Q,48.85,49.00,45.10,46.70,46.95,47.70,236,24665,1146081.00,
523385,NILKAMAL L  ,B ,Q,1734.00,1742.00,1635.40,1642.80,1642.80,1711.70,2213,28848,48007177.00,
523387,TRITON CORP.,XT,Q,0.39,0.39,0.39,0.39,0.39,0.38,1,10,3.00,
523391,NAHAR POLY  ,B ,Q,66.80,66.80,62.85,63.75,63.95,67.60,105,9865,634390.00,
523395,3M INDIA LTD,B ,Q,13000.70,13039.40,12300.00,12704.55,12692.00,13008.90,212,499,6332504.00,
523398,JCHAC       ,B ,Q,1480.10,1480.10,1431.95,1437.70,1445.00,1483.05,74,576,835141.00,
523405,JM FINANCIAL,B ,Q,81.70,81.80,78.00,78.70,79.15,81.05,915,102136,8076980.00,
523411,ADCINDIA    ,XC,Q,296.05,303.95,290.05,290.40,295.00,303.50,29,1260,369483.00,
523415,COVENTRY COI,XT,Q,2.61,2.65,2.61,2.65,2.65,2.74,2,990,2619.00,
523419,TAMIL.TELE. ,T ,Q,2.88,2.88,2.88,2.88,2.88,3.01,3,500,1440.00,
523445,REL INDL INF,B ,Q,403.55,407.80,389.10,393.30,393.30,405.70,1480,41893,16669918.00,
523449,SHARP INDIA ,XC,Q,64.10,65.15,62.50,63.75,63.75,64.35,157,45799,2912439.00,
523455,TECHTRN.POLY,Z ,Q,5.51,6.00,5.51,5.58,5.56,5.80,9,2640,15067.00,
523457,LINDEINDIA  ,B ,Q,375.00,381.00,362.10,375.90,375.10,369.85,883,6681,2482673.00,
523465,IND.BANK HSG,XD,Q,17.94,17.94,17.94,17.94,17.94,17.28,10,2420,43414.00,
523467,JAIMATA GLAS,XT,Q,0.19,0.19,0.19,0.19,0.19,0.19,3,5001,950.00,
523475,LOTUS CHOC  ,XD,Q,47.15,47.15,45.30,45.85,45.60,47.65,22,2676,123548.00,
523483,PACIFIC IND.,XD,Q,145.00,145.00,136.00,145.00,145.00,145.00,9,764,110479.00,
523489,CMM HOSPITAL,XD,Q,14.00,14.00,13.67,13.67,13.67,13.85,7,3050,41809.00,
523523,RAINBOW PAP.,T ,Q,4.89,4.89,4.43,4.43,4.43,4.66,329,429716,1952188.00,
523537,APM INDUS.  ,XC,Q,71.90,74.00,70.00,72.80,72.80,70.20,284,52160,3773544.00,
523539,PRECISION WR,B ,Q,118.75,120.50,106.70,109.45,109.45,120.45,373,9528,1063885.00,
523550,KRYPTON IND ,XD,Q,17.00,17.00,14.50,15.55,15.55,15.90,37,18599,283184.00,
523558,NETWORK LTD.,XT,Q,3.10,3.11,3.08,3.10,3.08,3.24,7,750,2318.00,
523566,MARTIN BURN ,XD,Q,21.00,21.00,19.40,19.40,19.40,20.20,3,203,4082.00,
523574,FEL         ,B ,Q,16.60,17.45,16.55,16.90,16.90,16.50,1176,838008,14217724.00,
523586,IND.TONERS  ,XC,Q,143.00,144.70,140.10,140.50,140.50,142.65,45,8818,1252471.00,
523592,JENSON &NICH,B ,Q,8.98,8.98,8.40,8.67,8.69,8.98,159,40410,346242.00,
523594,KUNSTSTOFFE ,XD,Q,30.20,30.20,30.20,30.20,30.20,29.10,63,41654,1257950.00,
523598,SHIPP.CORPN ,A ,Q,68.60,68.60,66.00,66.45,66.45,67.05,793,88714,5900711.00,
523606,SIKA INTER. ,XD,Q,180.65,180.65,175.00,177.35,179.00,181.90,15,686,121292.00,
523610,ITI LTD.    ,B ,Q,32.15,32.65,30.30,30.55,30.55,32.25,645,81642,2529729.00,
523618,DREDGING COR,B ,Q,410.00,411.00,395.70,396.50,397.80,410.35,514,9445,3782327.00,
523620,PHARMASIA   ,XT,Q,19.55,19.55,19.55,19.55,19.55,18.65,1,10,195.00,
523628,PODDAR      ,XC,Q,980.30,1020.00,980.00,1011.35,1010.00,1025.00,20,158,156125.00,
523630,NATIONAL FER,B ,Q,34.75,35.00,33.30,33.85,33.85,34.60,559,49404,1685560.00,
523638,IP RINGS LTD,XD,Q,200.00,200.00,188.00,190.90,195.00,198.15,52,2067,395770.00,
523642,PI INDUS.LTD,A ,Q,900.00,908.75,833.00,839.00,839.00,901.65,919,12084,10356603.00,
523648,PLASTIBLEND ,B ,Q,542.40,545.00,517.50,527.50,527.50,539.50,599,10413,5529648.00,
523660,WATERBASE   ,XC,Q,106.10,107.00,102.50,102.75,102.75,106.55,635,101800,10561071.00,
523672,FLEX FOODS  ,XD,Q,141.25,143.00,125.10,130.60,130.60,137.85,552,47978,6276463.00,
523676,GOLKUNDA DIA,XT,Q,23.75,24.80,23.75,24.80,24.80,25.00,2,600,14775.00,
523694,APCOTEX IND ,B ,Q,365.00,370.00,350.00,360.70,360.70,365.35,312,6711,2433565.00,
523696,FORTIS MLR  ,XC,Q,81.45,81.45,76.00,76.95,76.95,79.35,207,25128,1949544.00,
523704,MASTEK LTD  ,B ,Q,146.95,154.05,138.80,145.60,145.60,147.60,2186,99612,14734427.00,
523708,EIMCO ELECON,T ,Q,453.00,453.00,415.10,415.10,415.10,436.90,10,1131,476376.00,
523710,SAYAJI HOTEL,XT,Q,193.55,193.55,176.10,177.05,177.00,185.05,11,615,108949.00,
523716,ASHIANA HOU ,B ,Q,145.00,145.00,141.15,142.00,142.00,145.95,82,2566,365482.00,
523722,SVAM SOFTWAR,XD,Q,0.90,0.90,0.82,0.90,0.90,0.86,13,10207,9178.00,
523724,VIJAY SHA.BU,B ,Q,12.55,13.30,10.61,10.93,11.00,12.75,161,44905,524313.00,
523728,SIDDHARTH TB,XT,Q,3.09,3.09,3.09,3.09,3.09,3.25,2,110,339.00,
523732,ECO BOARD IN,XT,Q,4.32,4.32,4.32,4.32,4.32,4.15,8,7335,31687.00,
523736,DPL         ,B ,Q,85.00,85.95,80.25,80.75,80.75,84.35,229,16455,1352255.00,
523754,EPC INDUS.  ,XC,Q,153.00,155.00,150.00,151.90,151.90,154.30,473,46779,7087699.00,
523756,SREIINFRA   ,A ,Q,81.00,81.25,74.25,78.05,77.70,80.75,2461,323556,25055067.00,
523768,GUJ.BOROSIL ,XC,Q,101.00,101.00,89.00,91.35,91.35,98.90,1235,132323,12184071.00,
523792,MAZDA LTD   ,B ,Q,385.00,385.00,336.00,338.30,342.45,355.65,79,3445,1183233.00,
523796,VICEROY HOTE,B ,Q,22.75,22.75,20.80,21.35,21.35,22.55,368,58562,1259733.00,
523820,NEOCORP INTE,XD,Q,12.65,13.10,12.25,12.64,12.75,12.82,128,35222,444778.00,
523826,SOVEREIGN DI,XD,Q,7.77,7.77,7.77,7.77,7.77,7.40,2,351,2727.00,
523828,MENON BEAR. ,B ,Q,76.40,76.75,74.25,75.45,75.80,77.70,103,6137,465529.00,
523836,GUJ.RAFFIA  ,T ,Q,17.00,17.00,16.92,17.00,17.00,17.81,14,2574,43593.00,
523838,SIMPLX INFRA,B ,Q,326.00,326.00,315.00,320.70,320.70,322.65,116,301,96455.00,
523840,INN.TECH.PAC,XD,Q,57.65,59.00,55.35,57.30,57.50,58.75,125,29703,1697341.00,
523842,SUPER TANNER,XD,Q,5.85,6.20,5.05,5.20,5.20,5.85,231,147426,821748.00,
523844,INVICTA MED ,XT,Q,2.40,2.53,2.40,2.53,2.53,2.41,7,4600,11586.00,
523850,AXTEL INDUS.,XD,Q,84.85,84.85,70.00,74.65,75.00,80.00,176,19315,1416773.00,
523878,TOTAL EXPORT,XD,Q,4.36,4.65,4.36,4.48,4.48,4.34,24,14265,63177.00,
523890,DS.KULKARNI ,B ,Q,71.50,72.00,69.20,70.80,71.00,73.10,53,5144,364732.00,
523896,AVI PHOTOCHM,XT,Q,15.25,15.25,15.25,15.25,15.25,15.60,1,30,457.00,
524000,MAGMA FIN   ,B ,Q,114.90,114.90,95.65,101.00,101.00,115.25,5542,445511,45370491.00,
524013,HIND.FLUROCA,XD,Q,13.33,13.33,13.33,13.33,13.33,12.85,5,2800,37324.00,
524019,KINGFA      ,XC,Q,1154.00,1154.00,1096.00,1104.30,1110.00,1154.35,584,10730,11951737.00,
524037,RAMA PHOSPH ,XD,Q,66.55,66.85,65.00,65.50,65.50,68.70,23,2365,154308.00,
524051,POLYPLEX    ,B ,Q,345.00,345.00,322.05,326.05,327.00,340.10,307,8390,2748135.00,
524075,ALBERT DAVID,B ,Q,360.00,362.00,342.70,345.35,348.90,363.40,340,8626,3012973.00,
524080,HAR.LEATHER ,XT,Q,38.10,39.50,37.05,38.10,39.50,39.00,12,1415,52862.00,
524084,MONSANTO (I),A ,Q,2349.00,2350.00,2322.80,2332.25,2331.20,2335.75,439,6680,15614415.00,
524091,ACRYCIL LTD.,XC,Q,571.35,571.35,538.05,549.65,538.05,570.35,86,3392,1882975.00,
524109,KABRA EXTR  ,B ,Q,129.50,129.50,123.10,123.65,123.65,128.50,69,4379,551413.00,
524129,VINYL CHEM  ,B ,Q,70.90,72.35,68.00,68.55,68.55,70.90,499,36636,2566766.00,
524136,PEE CEE COSM,XD,Q,86.50,96.65,86.50,90.85,90.85,90.00,16,737,64811.00,
524164,IOL CHEM PH ,B ,Q,125.00,125.80,119.20,123.05,123.40,124.50,259,23364,2876926.00,
524174,KESAR PETRO ,XT,Q,47.05,49.10,46.75,46.75,46.75,49.20,34,7120,342459.00,
524200,VINATI ORG. ,B ,Q,593.85,601.85,568.00,572.00,572.00,596.15,594,6301,3634871.00,
524202,LACTOSE(I)  ,XT,Q,75.90,75.95,75.90,75.95,75.95,79.85,10,1855,140807.00,
524204,TEESTA AGRO ,XT,Q,15.78,15.78,15.78,15.78,15.78,15.78,2,90,1420.00,
524208,AARTI INDUST,B ,Q,740.65,759.00,730.00,735.55,737.05,740.90,742,9474,7036540.00,
524212,WANBURY LTD ,T ,Q,47.00,48.70,45.60,45.60,45.60,48.00,123,39275,1815697.00,
524218,RESONANCE   ,XD,Q,47.25,48.95,46.65,46.65,46.65,49.10,52,6606,310017.00,
524226,GUJ AMB EXP ,B ,Q,94.40,94.90,86.00,92.50,92.50,93.45,930,70568,6403269.00,
524230,RASHTR.CHEM.,B ,Q,48.55,48.55,45.90,46.45,46.45,48.15,1764,325628,15243808.00,
524264,UNIMER INDIA,XT,Q,4.50,4.50,4.50,4.50,4.50,4.31,2,1144,5148.00,
524280,KOPRAN LTD. ,B ,Q,58.15,58.50,53.95,54.40,54.40,58.00,1438,229083,12650982.00,
524288,AIMCO PESTI.,XT,Q,63.45,64.60,63.45,64.60,64.60,61.55,30,14766,952908.00,
524314,GUJ.TERC LAB,XD,Q,8.90,8.90,8.90,8.90,8.90,8.90,1,50,445.00,
524322,KABRA DRUGS ,XD,Q,7.99,8.17,7.98,8.17,8.17,7.56,25,5168,41348.00,
524324,SEYAIND     ,P ,Q,245.70,245.70,245.70,245.70,245.70,236.90,3,600,147420.00,
524330,JAYANT AGRO ,B ,Q,519.45,520.00,499.80,499.80,499.80,526.10,559,7700,3864772.00,
524332,BCL         ,XT,Q,40.60,40.60,40.60,40.60,40.60,42.70,2,400,16240.00,
524336,SH.HARI CHEM,XD,Q,90.00,90.00,86.50,87.25,87.00,89.20,80,4532,397372.00,
524342,INDOBORAXC  ,XC,Q,297.00,297.00,281.15,288.15,288.15,299.85,25,730,211315.00,
524348,AARTI DRUGS ,B ,Q,642.00,643.45,592.55,614.65,614.65,641.55,619,5301,3262530.00,
524370,BODAL CHEM  ,B ,Q,139.00,139.25,130.40,134.55,134.55,138.30,2455,217778,29228981.00,
524372,ORCHIDPHAR  ,B ,Q,34.60,34.70,32.65,32.75,32.75,34.30,1212,265227,8790171.00,
524394,VIMTA LABS  ,B ,Q,123.35,123.35,110.10,111.05,111.05,118.95,1613,84524,9590289.00,
524396,BIOFIL CHEM ,T ,Q,7.00,7.14,6.95,6.95,6.95,6.86,9,2100,14664.00,
524400,ISHITA DRUGS,XT,Q,19.00,19.00,17.47,17.47,17.47,18.38,4,1202,21031.00,
524404,MARKSANS    ,A ,Q,49.45,49.50,45.85,46.55,46.55,49.20,3058,756615,35720700.00,
524408,UNIV.STARCH ,XT,Q,24.00,24.00,24.00,24.00,24.00,25.00,1,1,24.00,
524412,AAREY DRUGS ,XD,Q,53.50,53.50,47.10,50.70,50.70,52.20,400,120565,6113921.00,
524440,CAMEX LTD   ,XD,Q,31.95,32.05,29.65,30.35,30.35,32.00,109,28495,889432.00,
524444,KAVITIND    ,XD,Q,18.50,19.39,17.89,18.88,18.90,18.40,160,81095,1499791.00,
524470,SYNCOM FORM.,XC,Q,2.34,2.39,2.24,2.26,2.26,2.33,997,2930561,6749350.00,
524480,RIDHI SIDHI ,XC,Q,351.35,368.00,348.00,356.70,363.00,359.00,20,373,132537.00,
524488,SVC SUPERCHE,XT,Q,1.18,1.18,1.10,1.18,1.18,1.15,33,28956,33845.00,
524494,IPCA LAB LTD,A ,Q,582.00,592.30,558.00,583.00,583.00,584.60,1680,28898,16562176.00,
524500,KILITCH DRUG,B ,Q,45.60,45.60,42.10,43.55,43.25,45.90,34,1977,87259.00,
524506,CORAL LAB.  ,XC,Q,623.00,623.00,585.00,597.75,605.00,624.55,263,8156,4916687.00,
524514,TULASEE BIO-,P ,Q,11.23,11.23,11.23,11.23,11.23,11.23,1,100,1123.00,
524516,BACIL PHARMA,XT,Q,9.60,9.70,9.60,9.70,9.70,9.43,4,750,7255.00,
524518,KREBS BIOCHM,T ,Q,96.00,96.00,95.95,95.95,95.95,100.95,13,995,95487.00,
524520,KMC SHIL    ,XC,Q,10.00,11.60,10.00,10.19,10.30,10.27,53,16685,173761.00,
524522,LAFFANS PETR,XD,Q,13.63,13.63,13.63,13.63,13.63,13.13,20,23236,316706.00,
524540,SECUND.HEALT,Z ,Q,1.65,1.65,1.65,1.65,1.65,1.62,8,110500,182325.00,
524542,SUKJIT STRCH,XC,Q,385.00,385.00,375.00,380.00,380.00,385.70,80,3883,1477902.00,
524558,NEULAND LAB.,B ,Q,977.35,1002.20,977.00,984.25,984.25,988.25,1144,10196,10055827.00,
524564,GAYATRI BIO ,XD,Q,16.00,17.10,15.40,16.56,16.50,16.36,57,29436,486601.00,
524570,PODDAR PIGM.,XC,Q,250.10,250.10,226.25,236.00,237.95,251.10,265,15581,3695401.00,
524572,PHARMAIDS PH,XT,Q,3.84,3.84,3.66,3.77,3.77,3.66,7,2975,11029.00,
524576,VIVID IND   ,XD,Q,53.90,53.90,46.35,46.35,46.35,51.45,151,35892,1707362.00,
524580,PRIYA LTD.  ,XD,Q,41.00,41.00,41.00,41.00,41.00,41.00,2,100,4100.00,
524588,EMEDTECH    ,XD,Q,11.55,11.55,10.55,10.55,10.55,11.00,8,645,7400.00,
524590,HEMORGANIC  ,XD,Q,13.40,13.40,13.40,13.40,13.40,13.45,2,200,2680.00,
524592,JD ORGOCHEM ,XD,Q,4.99,5.19,4.73,5.19,5.19,4.95,5,4210,19969.00,
524594,ASHOK-ALCO  ,XD,Q,122.00,126.95,115.00,116.60,116.60,123.00,147,11163,1306546.00,
524598,AKSHARCHEM I,XC,Q,695.00,707.50,625.15,654.20,655.00,681.90,1147,38657,25430480.00,
524606,BERYL DRUGS ,XD,Q,18.20,18.20,17.40,17.95,18.00,18.20,29,4674,83192.00,
524610,RATHI GRAPH.,XD,Q,14.00,14.97,13.28,13.28,13.28,14.74,57,20313,274382.00,
524622,ISTRNETWK   ,XD,Q,17.00,17.45,16.50,16.80,16.70,17.40,49,17827,301221.00,
524628,PARKER AGRO.,XD,Q,10.45,10.45,10.45,10.45,10.45,11.00,1,100,1045.00,
524632,SHUKRAPHAR  ,XD,Q,72.50,74.05,67.75,73.45,73.45,71.20,7,294,20149.00,
524634,ALU FLUORIDE,XD,Q,33.05,35.10,32.00,32.00,32.00,34.80,75,12839,416907.00,
524640,ARCHITORG   ,XD,Q,77.00,77.00,72.00,75.95,75.95,80.00,51,3038,225912.00,
524648,INDO AMINES ,XC,Q,88.90,91.45,78.50,86.15,86.15,80.45,3599,441042,37930062.00,
524652,IND.SWIFT LT,T ,Q,6.75,7.00,6.75,6.75,6.75,7.10,17,7550,51275.00,
524654,NATURAL CAPS,XD,Q,93.00,93.00,87.70,90.85,88.60,93.00,31,9379,866030.00,
524661,WELCURE DRUG,XD,Q,3.41,3.41,3.41,3.41,3.41,3.25,3,1352,4610.00,
524663,BH.IMMUN&BIO,XD,Q,22.80,22.80,20.50,20.85,21.15,23.10,345,170709,3633506.00,
524667,SOTL        ,B ,Q,725.00,729.95,703.00,718.35,729.95,743.40,50,438,314041.00,
524669,HESTER BISC ,B ,Q,755.00,755.00,737.00,739.45,740.00,761.95,75,612,456124.00,
524675,KABSONS INDU,XT,Q,3.15,3.15,3.15,3.15,3.15,3.25,7,5700,17955.00,
524687,BASANT AGRO ,XD,Q,7.85,8.01,7.75,7.83,7.85,7.92,223,154901,1218868.00,
524689,PARENT.DRUGS,B ,Q,25.60,26.75,24.50,25.40,25.65,26.25,132,15154,382611.00,
524699,KILBURN CHEM,XD,Q,39.25,40.00,39.10,39.55,39.90,40.55,14,1470,57855.00,
524703,SANDU PHARMA,XD,Q,31.95,31.95,29.20,30.70,30.70,32.45,30,4005,121523.00,
524709,NAGAR.AGRICH,XC,Q,22.75,23.05,21.70,22.15,22.15,22.75,181,145618,3235633.00,
524711,VISTA PHARMA,XD,Q,21.05,21.05,19.10,20.25,20.25,21.65,64,13020,259956.00,
524715,SUN PHARMA. ,A ,Q,680.00,680.00,649.30,652.75,652.75,705.00,44095,2036663,1349846221.00,
524717,TITAN BIOTEC,XT,Q,50.00,50.00,48.00,48.00,48.00,50.50,11,2555,126640.00,
524727,SPAN DIAGNOS,XD,Q,55.60,58.05,55.55,57.25,57.30,60.00,10,596,33776.00,
524731,JENBURKT PH.,XC,Q,550.10,572.50,550.00,564.15,564.15,544.60,1041,53691,30336985.00,
524735,HIKAL LTD.  ,B ,Q,223.55,225.00,211.10,215.65,215.65,226.45,634,24882,5426146.00,
524742,CAPLIN POINT,B ,Q,381.90,384.55,355.00,365.85,365.85,381.55,2469,45164,16539800.00,
524748,LINK PHARMA ,XT,Q,15.11,15.50,15.11,15.11,15.11,15.90,9,1406,21247.00,
524754,GUJ.MEDITECH,XT,Q,2.96,2.96,2.93,2.93,2.93,2.84,6,2200,6452.00,
524758,WINTAC LTD  ,XC,Q,162.05,162.05,160.50,160.50,160.50,165.00,7,101,16361.00,
524764,NUTRA       ,XC,Q,70.00,72.00,64.75,65.00,65.00,69.15,168,32593,2158490.00,
524774,NGL FINE CHM,XC,Q,326.00,330.00,325.00,327.60,325.55,331.50,33,901,294090.00,
524790,EVEREST ORG.,XT,Q,73.35,73.35,68.10,73.35,73.35,70.75,97,30148,2189315.00,
524804,AUROB.PHARMA,A ,Q,765.00,765.00,707.70,726.75,726.75,769.95,14011,471474,345362761.00,
524808,PHYTOCHEM I.,XD,Q,29.00,30.35,29.00,29.00,29.00,29.00,18,1550,45135.00,
524816,NATCO PHARM ,A ,Q,577.65,578.40,552.00,563.60,563.60,579.70,1354,15037,8432292.00,
524818,DYNAMIC IND.,XD,Q,63.00,64.80,61.00,61.55,61.50,61.75,41,6007,374956.00,
524820,PANAMA PETRO,B ,Q,97.85,101.00,93.15,95.05,95.10,101.30,418,23448,2242413.00,
524824,BAL PHARMA  ,B ,Q,107.40,108.00,100.55,104.10,105.00,108.20,276,32375,3328096.00,
524828,BDH INDUS.  ,XT,Q,74.70,75.00,73.15,73.95,73.70,75.90,42,3571,263828.00,
526001,JAUS POLYMER,XT,Q,56.00,56.10,51.40,51.40,51.40,54.10,291,75564,4095891.00,
526025,GLOBUS CON  ,XC,Q,19.25,19.25,19.25,19.25,19.25,18.35,1,35,673.00,
526027,CUBEX TUBING,T ,Q,15.80,15.80,15.80,15.80,15.80,15.81,1,10,158.00,
526043,POLYMECH.MCH,XT,Q,16.10,16.10,15.05,16.00,16.00,15.54,11,2170,34084.00,
526093,SATVAH.ISPAT,B ,Q,83.10,83.10,77.15,79.80,79.80,83.40,260,17833,1426327.00,
526109,PRICOL LTD. ,B ,Q,113.00,113.60,107.10,109.70,109.70,111.85,2075,179218,19801517.00,
526113,UNIROYAL MAR,XT,Q,10.10,10.80,10.10,10.80,10.80,10.60,27,2464,26244.00,
526115,KARAN WOO-SN,XT,Q,1.20,1.20,1.20,1.20,1.20,1.26,5,29000,34800.00,
526117,SHERVANI IND,XT,Q,121.60,121.60,121.60,121.60,121.60,122.85,1,66,8025.00,
526133,SUPERTEX IND,XD,Q,4.42,4.42,4.00,4.41,4.41,4.21,14,4244,17881.00,
526137,SHETRON LTD ,XD,Q,48.80,48.80,40.55,43.95,43.95,44.05,50,5909,260692.00,
526139,TRANSGENE BI,XT,Q,2.76,2.76,2.66,2.75,2.75,2.80,14,6460,17279.00,
526143,MPL         ,XT,Q,22.45,22.45,21.45,21.45,21.45,22.55,84,41015,883951.00,
526161,SPENTA INT. ,XD,Q,103.50,103.65,103.50,103.50,103.50,103.00,9,648,67073.00,
526169,MULTIBASE I ,XC,Q,251.20,257.50,248.05,249.45,250.00,256.40,107,9358,2340735.00,
526173,ANDREW YULE ,XC,Q,22.20,22.40,21.50,21.65,21.85,22.25,275,118104,2581042.00,
526179,LUDOLOW JUTE,XD,Q,102.00,105.75,96.50,98.05,98.05,99.55,1659,220844,22427457.00,
526187,ASHRAM ONLIN,XT,Q,2.24,2.24,2.24,2.24,2.24,2.15,6,5000,11200.00,
526193,ROYAL CUSHIO,XT,Q,8.00,8.00,7.42,7.90,7.90,7.81,3,1002,7435.00,
526209,K.S.OILS LTD,Z ,Q,0.71,0.77,0.71,0.76,0.77,0.74,116,257255,192213.00,
526217,HITECH PLAST,B ,Q,190.00,195.00,183.10,188.20,190.00,193.45,147,4081,765410.00,
526225,BLOOM DEKOR ,XD,Q,60.00,62.80,55.90,57.00,57.00,62.10,58,5590,317279.00,
526227,FILATEX INDI,B ,Q,79.25,79.25,73.20,73.80,73.80,79.20,1473,110293,8380852.00,
526235,MERCATOR    ,B ,Q,46.00,46.55,43.50,43.85,43.85,46.40,1279,298895,13285447.00,
526241,AMRAPALI IND,XD,Q,4.60,4.60,4.60,4.60,4.60,4.54,1,200,920.00,
526247,PREMIER EXPL,B ,Q,382.00,383.95,365.00,367.05,368.00,382.05,427,10365,3848015.00,
526251,MID EAST POR,XD,Q,4.10,4.10,3.72,4.09,4.09,3.91,7,3127,12391.00,
526263,MOLD-TEK TEC,B ,Q,48.00,48.30,46.00,46.25,46.25,47.80,83,14097,660431.00,
526299,MPHASIS LTD ,A ,Q,515.00,516.00,476.50,511.25,511.25,505.45,2596,91054,45378685.00,
526301,MEDINOVA DIA,XT,Q,34.00,34.00,32.50,34.00,34.00,34.00,4,600,20100.00,
526315,DIVYA.GRANIT,XT,Q,123.30,124.00,117.85,119.55,120.00,124.05,53,7274,867554.00,
526325,ORIENT PRESS,B ,Q,64.05,66.50,64.00,64.00,64.00,64.00,6,138,9022.00,
526335,SHREYAS INTE,XT,Q,4.49,4.49,4.30,4.30,4.30,4.30,6,3003,13132.00,
526355,DURO PACK   ,XT,Q,12.80,13.16,12.05,13.16,13.16,12.68,31,3971,51346.00,
526365,SWARNASA    ,XD,Q,25.45,27.45,25.40,27.40,26.75,26.10,29,54369,1488524.00,
526367,GANESH HSG. ,B ,Q,81.70,81.70,76.05,79.00,78.80,81.55,155,10581,828050.00,
526371,NMDC LTD    ,A ,Q,133.00,134.80,125.95,127.00,127.00,133.35,4539,2189904,279258158.00,
526373,CINDRELLA HT,XD,Q,26.25,26.25,26.25,26.25,26.25,25.95,8,5308,139335.00,
526381,PAT INT LOG ,B ,Q,91.10,91.95,84.75,85.30,85.70,89.60,457,31970,2810175.00,
526397,ALPHAGEO (I),B ,Q,983.50,998.00,955.00,978.85,978.85,981.85,509,4829,4736117.00,
526407,RIT PRO IND ,XD,Q,7.93,7.93,7.30,7.30,7.30,7.56,8,2100,16569.00,
526409,KKALPANAIND ,XC,Q,33.45,37.70,33.45,36.00,36.00,35.80,79,15936,569768.00,
526415,OK PLAY (I) ,XC,Q,153.10,156.75,152.00,153.00,153.00,160.00,18,6945,1076250.00,
526423,KRITI INDUS.,XC,Q,43.95,46.00,36.00,40.85,40.85,42.60,215,42035,1731413.00,
526433,ASM TECHNOLO,XD,Q,130.00,130.10,123.00,124.05,123.10,133.80,56,2828,361870.00,
526435,PERFECTPAC  ,XT,Q,92.00,96.60,91.00,91.00,91.00,92.00,7,196,18471.00,
526441,VISIONCINE  ,XD,Q,2.00,2.09,2.00,2.09,2.09,2.02,9,5400,10813.00,
526468,EURO LEDAR F,XT,Q,13.23,13.23,12.58,12.59,12.60,13.24,7,2100,26688.00,
526471,WINSOME BREW,XT,Q,15.25,15.25,14.02,14.31,14.31,14.70,75,21334,306652.00,
526481,PHOENIX INT.,XT,Q,10.05,10.10,10.02,10.10,10.10,10.49,4,1150,11558.00,
526483,TGF MEDIA SY,XT,Q,4.69,4.69,4.65,4.65,4.65,4.69,4,177,826.00,
526490,PRATIK PANEL,XD,Q,2.92,2.92,2.92,2.92,2.92,2.81,6,6110,17841.00,
526492,RISHIROOP   ,XD,Q,42.70,42.70,38.05,39.25,39.25,41.80,116,22346,905969.00,
526506,SYSTAMATIX C,XD,Q,12.04,12.04,12.04,12.04,12.04,11.47,1,11,132.00,
526508,SKS LOG LTD ,XT,Q,10.72,10.72,10.41,10.41,10.41,10.72,3,500,5329.00,
526512,INTERLINK PE,XD,Q,8.85,9.50,8.85,9.10,9.10,9.15,10,2453,22301.00,
526519,ALPINE HSG. ,XD,Q,35.40,35.40,31.10,33.90,33.90,33.45,33,2470,81767.00,
526521,SANGHI IND. ,B ,Q,70.50,70.55,67.50,67.85,67.75,70.30,435,51021,3491960.00,
526525,WORLDWIDE LE,XT,Q,7.00,7.00,6.66,6.66,6.66,7.01,3,200,1366.00,
526538,MAXIMAA SYST,XD,Q,6.00,6.05,5.23,5.44,5.32,5.94,37,27712,156579.00,
526544,SCANP GEOM  ,XD,Q,21.00,21.15,18.00,20.25,20.25,20.70,242,73057,1436806.00,
526546,CHOKSI LABOR,XD,Q,15.00,15.90,14.62,15.90,15.90,15.35,10,1200,17910.00,
526550,CCHHL       ,B ,Q,15.80,15.80,14.25,14.93,14.96,15.78,543,73929,1108893.00,
526554,SALGUTI IND ,XT,Q,23.10,23.10,21.85,21.85,21.85,22.00,2,26,599.00,
526558,JAMES HOTELS,XT,Q,33.50,33.50,33.50,33.50,33.50,32.10,4,400,13400.00,
526574,ENTERPR.INTE,XT,Q,4.86,4.86,4.86,4.86,4.86,4.63,1,100,486.00,
526576,TECHIN      ,B ,Q,5.55,5.65,5.55,5.65,5.65,6.09,10,986,5559.00,
526582,TPL PLAST   ,B ,Q,415.00,431.00,390.00,390.30,390.30,422.30,31,1315,526877.00,
526586,WIM PLAST LT,B ,Q,1475.00,1591.00,1435.10,1576.10,1580.00,1515.90,691,8890,13550861.00,
526588,PHOTOQUIP(I),XD,Q,18.90,18.90,17.60,17.60,17.60,18.00,14,2720,51382.00,
526594,B NANJI ENT.,XT,Q,10.50,10.50,10.50,10.50,10.50,10.11,1,50,525.00,
526596,LIBERTY SHOE,B ,Q,159.65,162.55,154.00,156.10,156.10,159.15,245,5818,922462.00,
526604,LIPPI SYSTEM,XT,Q,25.25,26.30,24.10,25.20,26.25,25.35,55,12699,323227.00,
526608,ELECTROTHERM,B ,Q,225.50,230.00,216.50,216.95,216.50,227.75,79,2512,554565.00,
526612,BLUE DART EX,A ,Q,5100.00,5141.95,5050.00,5077.35,5084.60,5141.30,133,453,2298717.00,
526614,EXPO GAS    ,XT,Q,9.13,9.13,9.13,9.13,9.13,8.79,35,21360,195016.00,
526616,NAT.PLASTIC ,XD,Q,89.90,99.00,88.00,91.75,91.75,87.05,855,105754,9990858.00,
526622,MFL INDIA   ,XD,Q,0.46,0.46,0.38,0.43,0.43,0.42,95,486992,202887.00,
526640,ROYALE MANOR,XT,Q,12.90,12.90,11.88,11.88,11.88,12.50,8,3251,38756.00,
526642,MIRZA INTER ,B ,Q,89.00,89.50,87.20,87.85,88.25,89.20,675,60502,5347962.00,
526650,TOURISM FINA,B ,Q,63.70,63.70,59.10,60.40,60.60,63.80,1966,261105,15877738.00,
526652,CALS REF LTD,XD,Q,0.19,0.21,0.18,0.21,0.21,0.18,2135,58454015,11778403.00,
526666,BHARTIYA INT,B ,Q,611.00,611.00,566.05,579.50,575.00,613.50,357,9413,5567577.00,
526668,KAMAT HOTELS,B ,Q,33.90,33.90,33.05,33.80,33.85,34.40,20,822,27630.00,
526683,HOTEL RUGBY ,B ,Q,5.24,5.99,5.24,5.54,5.52,5.79,13,1960,10737.00,
526687,POLO HOTELS ,XD,Q,10.52,10.85,10.30,10.32,10.32,10.96,32,21866,228548.00,
526689,FENOPLAS.LTD,XT,Q,40.00,40.00,40.00,40.00,40.00,42.05,1,10,400.00,
526703,ECOPLAST LTD,XD,Q,119.00,121.50,112.00,113.70,112.00,116.65,65,9937,1152488.00,
526705,ELEGANT MARB,XD,Q,110.00,110.00,106.35,109.95,109.95,111.75,41,4101,446751.00,
526707,ALCHEMIST LT,B ,Q,25.40,25.40,23.90,24.50,24.75,25.00,12,1105,27142.00,
526709,BITS LTD.   ,XD,Q,0.37,0.37,0.37,0.37,0.37,0.36,1,200,74.00,
526711,ADARSH PLANT,XD,Q,5.74,5.74,5.74,5.74,5.74,5.74,2,138,792.00,
526717,GOPALA POLY.,XD,Q,40.50,40.60,38.90,39.85,40.00,40.90,104,28831,1143286.00,
526721,NICCO PARKS ,XT,Q,27.50,28.95,27.10,27.20,27.20,28.50,27,6741,185078.00,
526723,NTC INDUST  ,XD,Q,70.00,71.50,65.00,69.00,69.00,69.45,142,25274,1718433.00,
526725,SANDESH LTD.,B ,Q,975.10,977.00,946.35,951.35,946.35,963.45,42,348,334724.00,
526727,GARNET CONST,XD,Q,22.85,22.85,20.30,21.10,21.65,20.75,19,7939,167439.00,
526729,GOLDIAM INT.,B ,Q,75.00,75.95,70.50,72.15,72.25,76.05,46,3425,248092.00,
526731,BRIGHT BROS.,XD,Q,74.00,74.70,70.10,70.10,70.35,74.75,49,7487,541478.00,
526735,EXCAST      ,XD,Q,4.02,4.17,3.96,3.96,3.96,4.16,85,98391,391944.00,
526737,CORPOR COUR ,XT,Q,9.16,9.16,8.30,8.55,8.98,8.73,26,2342,19915.00,
526739,NARMADA GEL ,XD,Q,153.50,156.00,145.00,146.80,145.00,154.10,70,2883,433288.00,
526747,P.G.FOILS   ,XT,Q,72.80,74.90,71.70,74.90,74.90,75.40,14,1645,118359.00,
526755,VELAN HOTELS,XD,Q,5.50,5.50,5.49,5.50,5.50,5.50,8,5396,29669.00,
526761,HOWARD HOTEL,XD,Q,7.48,7.48,7.48,7.48,7.48,7.87,5,300,2244.00,
526775,VALIANT COMM,XD,Q,82.20,86.00,81.00,83.60,84.10,86.30,148,27159,2258672.00,
526783,DR.AGAR.EYE ,XT,Q,260.25,283.95,260.25,283.20,270.00,273.85,30,1931,546449.00,
526797,GREENPLY IND,B ,Q,290.00,296.00,277.00,287.60,291.00,290.85,331,5530,1569730.00,
526799,UNION QUALIT,XT,Q,54.90,54.90,50.50,54.90,54.90,52.90,112,23809,1300191.00,
526801,PSL LTD     ,B ,Q,7.00,7.00,6.25,6.37,6.40,6.62,116,24170,154945.00,
526807,SEAMEC LTD  ,B ,Q,92.75,102.50,89.00,89.85,89.50,92.00,744,37977,3684089.00,
526817,CHEVIOT CO. ,XC,Q,971.00,984.00,950.00,955.85,955.85,978.30,218,3097,2981357.00,
526821,DAI-ICHI KAR,XC,Q,549.00,549.00,525.00,527.70,527.00,553.35,70,1413,755684.00,
526823,RAJINFRA    ,XD,Q,3.57,3.57,3.44,3.44,3.44,3.43,4,1001,3573.00,
526827,SPICE ISLAND,XD,Q,25.00,25.00,22.90,24.90,24.90,24.30,17,1877,46271.00,
526829,CONFI PETRO ,XT,Q,12.16,12.16,11.14,11.14,11.14,11.72,477,713162,8343460.00,
526839,SHELTER     ,XD,Q,12.50,12.50,12.25,12.25,12.25,11.98,3,15,185.00,
526847,ASHIRWAD STL,XT,Q,10.60,10.60,10.60,10.60,10.60,10.10,14,1545,16377.00,
526849,BANARAS BEAD,B ,Q,47.25,47.25,43.35,43.95,44.60,46.70,42,1516,66868.00,
526851,AREX IND.   ,XT,Q,98.90,99.00,90.35,97.50,97.50,95.10,36,2045,193975.00,
526853,BILCARE LTD.,XC,Q,66.50,66.65,61.05,61.45,61.10,65.70,271,41143,2580489.00,
526861,RISHI LASER ,XD,Q,24.00,24.00,22.50,22.90,22.90,22.75,36,9725,222884.00,
526865,JAINCO PROJ.,XT,Q,3.79,3.79,3.45,3.45,3.45,3.62,2,101,348.00,
526873,RAJ.GASES LT,XT,Q,4.96,4.96,4.96,4.96,4.96,5.22,2,200,992.00,
526881,FINANC.TEC. ,B ,Q,79.45,80.80,77.10,77.65,77.65,79.10,814,50089,3920982.00,
526885,SARLA PER F ,B ,Q,71.30,72.35,68.55,70.00,70.00,71.35,255,20881,1465056.00,
526899,HIMALAYA INT,XD,Q,22.40,22.40,20.70,20.70,20.70,21.75,359,353188,7471420.00,
526905,PADMAIND    ,XD,Q,38.00,42.90,37.00,38.70,39.00,38.10,34,6355,247105.00,
526917,CHD DEV LTD ,XC,Q,10.19,10.19,9.90,9.95,9.95,10.02,33,16357,163289.00,
526921,21ST CEN.MGM,B ,Q,24.15,24.15,23.90,23.90,23.90,24.15,5,1040,25032.00,
526927,DION        ,XC,Q,74.05,75.00,69.50,70.80,71.50,75.20,251,18342,1307342.00,
526931,HARIYANA SH.,XD,Q,89.40,91.25,84.00,84.00,84.00,91.25,79,10187,876045.00,
526945,TYROON TEA  ,XD,Q,51.00,51.00,49.00,49.30,50.45,51.00,7,240,12037.00,
526947,LA-OPALA RG ,B ,Q,545.05,548.00,535.00,537.40,541.50,543.20,138,1111,599134.00,
526951,GOLDEN LAMIN,XC,Q,585.95,585.95,560.00,565.30,565.00,573.65,170,25470,14367951.00,
526953,VENUS REMEDI,B ,Q,116.40,118.40,106.00,109.05,109.05,115.70,827,42462,4745065.00,
526957,UV BOARDS   ,XD,Q,23.50,23.50,21.55,21.90,21.90,23.70,332,122399,2733029.00,
526965,GUJ.CRAFT IN,XT,Q,27.00,27.00,26.00,26.00,26.00,26.00,5,1500,39610.00,
526971,DHOOT I.FIN.,XD,Q,37.75,38.95,35.30,36.15,36.00,37.75,37,5238,190861.00,
526983,ASHOKA REFIN,P ,Q,12.59,12.59,12.59,12.59,12.59,13.25,2,300,3777.00,
526987,URJA GLOBAL ,XD,Q,0.87,0.88,0.79,0.85,0.85,0.87,187,311848,261182.00,
527001,ASHAPURA LTD,B ,Q,69.10,69.10,65.75,66.20,66.20,68.50,757,74895,5026142.00,
527005,SH.PACETRON.,XD,Q,10.50,10.50,10.50,10.50,10.50,11.00,2,10000,105000.00,
530001,GUJ.ALKALI  ,B ,Q,398.00,398.00,375.10,385.45,385.45,393.20,2436,75623,28999469.00,
530005,INDIA CEM.  ,A ,Q,154.90,154.90,142.70,147.70,147.70,151.50,2298,244978,36019192.00,
530007,JK TYRE IND ,A ,Q,143.50,144.00,135.75,136.75,136.75,142.70,2235,211810,29390530.00,
530011,MANGLR.CHEM ,B ,Q,51.15,52.05,47.60,47.95,47.95,51.20,295,20118,987473.00,
530017,STD.INDUST. ,T ,Q,26.40,26.70,25.55,25.60,25.90,26.85,44,15378,398308.00,
530019,JUBILANT    ,A ,Q,662.35,670.00,605.60,621.90,621.90,659.10,6587,175807,109692707.00,
530023,FORTUNE FIN.,XC,Q,398.95,398.95,338.00,351.80,348.00,361.30,136,7933,2787238.00,
530027,AADI INDUS L,XD,Q,1.38,1.38,1.38,1.38,1.38,1.45,1,500,690.00,
530035,SANTOSH FINE,XT,Q,10.44,10.44,10.44,10.44,10.44,10.44,9,1796,18750.00,
530043,ACKNIT IND  ,XD,Q,93.05,95.90,91.00,93.20,93.20,95.60,31,2522,237267.00,
530047,RAISAHEB RCK,B ,Q,77.05,77.05,74.00,74.55,74.55,78.30,112,19544,1475094.00,
530049,J.J.EXPORTER,XT,Q,5.99,5.99,5.70,5.70,5.70,6.00,2,835,4991.00,
530053,RREALTY     ,XD,Q,9.92,9.92,9.92,9.92,9.92,9.45,6,1980,19641.00,
530057,VIVANZA     ,XD,Q,122.25,122.25,122.25,122.25,122.25,117.85,10,205,25061.00,
530067,CSLFINANCE  ,XD,Q,295.00,295.00,269.90,282.95,285.00,271.35,125,15992,4508507.00,
530073,SANGHVI MOVE,B ,Q,260.30,260.50,248.10,251.30,251.30,261.65,545,16034,4063079.00,
530075,SELAN EXPLOR,B ,Q,193.00,193.80,183.10,184.95,184.95,192.45,489,17608,3294228.00,
530077,FRESHTROP FR,XC,Q,97.40,100.00,95.55,97.50,97.00,100.40,230,30468,2964495.00,
530079,FAZE THREE L,XD,Q,54.00,59.55,48.75,58.65,57.00,54.15,106,17491,941307.00,
530093,ACE INDIA LT,XD,Q,2.34,2.34,2.34,2.34,2.34,2.23,4,10225,23926.00,
530095,BHAGWANDAS M,XD,Q,8.23,8.23,8.23,8.23,8.23,8.22,2,950,7818.00,
530111,RAJ PACKAGIN,XT,Q,42.75,44.30,41.00,44.30,44.30,42.20,30,3443,148554.00,
530117,ADIFINCHM   ,B ,Q,518.10,523.60,490.00,500.50,500.50,521.55,175,3022,1503125.00,
530125,SAMRAT PHARM,XD,Q,40.05,41.60,40.05,41.55,41.50,42.25,17,2119,87751.00,
530127,NPR FINANCE ,XD,Q,15.25,16.65,15.20,16.55,16.55,15.25,8,2102,32676.00,
530129,NILE LTD.   ,XD,Q,342.00,349.00,320.00,324.15,324.50,336.90,174,6707,2219325.00,
530131,UDAIPUR CEME,XC,Q,24.10,24.80,22.45,23.00,22.95,23.70,1019,786440,18238909.00,
530133,AMCO INDIA L,XD,Q,21.35,21.35,21.35,21.35,21.35,20.35,1,1,21.00,
530135,OPTIEMUS    ,XC,Q,59.80,59.80,55.60,56.15,56.75,57.40,27,10597,593252.00,
530145,KISAN MOULD.,XT,Q,62.40,62.40,62.40,62.40,62.40,60.15,120,134119,8369025.00,
530149,KSL & IND.  ,XC,Q,16.40,17.85,16.35,17.40,17.00,16.30,16,1999,34206.00,
530151,VIJAY TEXTIL,XD,Q,67.25,75.55,65.35,66.95,66.50,72.60,240,45122,3003022.00,
530163,KERALA AYUR ,XD,Q,69.50,69.90,66.50,67.70,67.00,68.10,120,10866,738063.00,
530169,MOHIT PAPER ,XT,Q,11.14,11.14,10.21,11.14,11.14,10.74,44,22174,245630.00,
530173,OSCAR GLOBAL,XD,Q,6.17,6.17,6.17,6.17,6.17,6.49,1,500,3085.00,
530175,ODYSSEY TECH,XD,Q,60.00,63.00,58.10,59.75,59.00,63.60,117,19807,1199622.00,
530185,SURAT TEXT. ,XD,Q,4.59,4.59,4.05,4.31,4.34,4.48,171,145350,624993.00,
530187,ATHARV ENT  ,XD,Q,2.46,2.46,2.26,2.31,2.27,2.35,25,3308827,7510074.00,
530191,CHROMATIC IN,B ,Q,3.34,3.34,3.04,3.10,3.12,3.30,86,143190,454205.00,
530197,BAGADIA COLO,XT,Q,13.25,13.74,12.59,13.74,13.74,13.25,20,2828,38679.00,
530199,THEMIS MEDIC,B ,Q,660.00,660.00,620.00,625.45,625.45,653.90,197,5202,3294540.00,
530201,KALLAM SPG. ,XD,Q,118.05,120.00,111.25,115.00,115.00,120.30,150,16481,1892225.00,
530207,BRAWN BIO   ,XT,Q,59.80,59.80,57.00,57.00,57.00,60.00,14,629,36395.00,
530215,KINGSINFRA  ,XT,Q,14.74,14.93,14.25,14.25,14.25,15.00,4,1095,16220.00,
530233,AURO LAB.   ,XD,Q,38.15,40.00,37.10,39.20,39.50,40.15,52,4014,154357.00,
530235,KJMC FIN.   ,XT,Q,25.90,25.90,25.90,25.90,25.90,24.90,9,1897,49132.00,
530239,SUVEN LIFE S,B ,Q,186.00,186.00,174.00,174.70,174.70,185.90,1344,71037,12696493.00,
530245,ARYAMAN FIN.,XD,Q,23.10,23.10,23.10,23.10,23.10,23.00,3,12,277.00,
530249,BRIDGE SECUR,XD,Q,6.25,6.25,6.25,6.25,6.25,6.40,2,1000,6250.00,
530251,RISA INTL   ,XD,Q,1.88,1.88,1.88,1.88,1.88,1.80,36,59845,112508.00,
530255,KAY POW PAP ,XD,Q,4.56,4.56,4.50,4.56,4.56,4.48,11,7400,33480.00,
530259,INTER ST.OIL,XT,Q,8.49,8.49,8.49,8.49,8.49,8.19,11,6400,54336.00,
530263,GLOBAL CAP. ,XT,Q,6.74,6.74,6.74,6.74,6.74,6.42,8,5985,40338.00,
530299,KOTHARI PROD,B ,Q,197.45,197.45,181.95,182.70,184.00,191.95,389,14580,2709025.00,
530305,PICCADILY AG,XD,Q,10.55,11.00,10.20,10.40,10.40,11.00,119,58882,615566.00,
530307,CHAMANLAL SE,XC,Q,60.05,61.80,58.00,58.15,58.15,60.45,175,30076,1788345.00,
530309,CHANDRA PRAB,XD,Q,20.55,21.15,20.25,20.85,21.15,21.00,6,1757,36419.00,
530315,HIND.TIN WRK,XD,Q,76.75,77.05,74.50,74.70,75.40,77.60,95,13188,991895.00,
530317,GODAVARI DRU,XD,Q,47.20,47.95,44.80,45.05,45.00,49.00,48,5654,259700.00,
530331,PREMCO GLOB.,XC,Q,637.80,637.80,605.00,625.30,627.00,634.85,76,1418,878561.00,
530341,MUKESH BABU ,XD,Q,38.50,40.15,38.50,38.55,38.50,40.50,3,52,2003.00,
530343,GENUS POWER ,B ,Q,44.25,44.40,42.10,42.35,42.65,43.95,369,43963,1893548.00,
530347,MAGNUM LTD. ,XD,Q,4.45,4.45,4.45,4.45,4.45,4.24,1,5,22.00,
530355,ASIAN OILFIE,XD,Q,84.95,84.95,77.00,78.15,78.15,83.05,479,86374,6842336.00,
530363,UGAR SUGAR  ,B ,Q,40.40,40.45,38.45,38.50,38.50,40.45,955,202439,7852100.00,
530365,ORIENTBELL  ,B ,Q,200.00,204.00,183.25,186.25,188.35,191.10,403,13233,2536636.00,
530367,NRB BEARINGS,B ,Q,125.00,127.00,120.00,120.55,120.55,123.30,61,1705,211185.00,
530369,VAMSHI RUBB.,XD,Q,59.65,59.65,56.60,57.15,57.15,61.15,12,1608,92281.00,
530377,NILA INFRA. ,B ,Q,15.70,15.95,14.62,14.82,14.82,15.72,462,124987,1878663.00,
530381,PETRON ENGG.,B ,Q,173.00,173.00,162.15,166.55,166.55,174.60,183,7540,1253889.00,
530393,DB INT.ST.BR,B ,Q,15.80,15.80,15.80,15.80,15.80,15.95,1,5,79.00,
530401,VINYOFLEX LT,XT,Q,32.40,32.40,30.80,30.80,30.80,31.20,17,2375,75190.00,
530407,EPIC ENERGY ,XT,Q,9.20,9.99,9.05,9.31,9.31,9.52,14,6721,62503.00,
530419,SUMEDHA FISC,XD,Q,18.00,18.00,16.75,17.59,17.59,17.85,42,7649,130813.00,
530421,KUWER INDS. ,XD,Q,9.77,9.77,9.77,9.77,9.77,9.32,1,1,9.00,
530427,CHOKSI IMAG ,XD,Q,31.00,31.85,29.25,29.80,29.80,30.80,46,13164,395601.00,
530429,ASHISH POLY.,XT,Q,10.87,10.87,10.87,10.87,10.87,10.36,1,10,108.00,
530431,ADOR FONTECH,XC,Q,90.00,91.50,88.00,88.40,88.40,90.20,114,9042,803563.00,
530433,SHIVA FERT. ,XD,Q,40.00,41.00,37.60,37.90,37.90,40.10,77,10995,424515.00,
530435,NOESISIND   ,B ,Q,0.58,0.59,0.58,0.59,0.59,0.57,6,20001,11800.00,
530439,SIDDHA VEN  ,XD,Q,0.99,0.99,0.99,0.99,0.99,0.95,2,1005,994.00,
530441,MAHANIVESH I,XT,Q,625.00,625.00,625.00,625.00,625.00,615.00,1,5,3125.00,
530445,SUMERU IND  ,XT,Q,1.50,1.50,1.50,1.50,1.50,1.44,1,7000,10500.00,
530459,VALSON INDUS,XD,Q,35.25,35.25,33.30,34.15,34.15,35.70,37,8079,280172.00,
530461,SABOO SODIUM,XD,Q,11.00,11.34,10.26,10.37,10.37,10.61,90,13951,145993.00,
530477,VIKRAM THERM,XD,Q,128.00,128.00,117.90,118.15,118.15,125.40,70,7559,921100.00,
530499,A.K.CAPITAL ,XC,Q,260.30,269.95,255.20,257.35,260.50,262.45,96,3330,872748.00,
530505,UPPER GANGES,B ,Q,362.15,362.50,340.00,341.75,341.75,365.50,1930,55395,19325702.00,
530517,RELAXO FOOT.,B ,Q,417.10,417.10,409.75,410.75,409.75,416.15,126,696,286903.00,
530521,VIRAT INDUS.,XD,Q,95.10,96.00,87.10,88.20,88.20,97.65,59,5976,539602.00,
530533,TERAI TEA CO,XD,Q,65.00,67.90,62.00,65.00,65.00,66.00,47,6024,389144.00,
530543,MARG LTD    ,XD,Q,9.50,9.74,9.12,9.17,9.27,9.66,125,95669,887980.00,
530545,COSCO INDIA ,XD,Q,198.85,200.20,191.10,200.00,200.00,205.15,29,672,133793.00,
530549,SHILPA MEDIC,B ,Q,594.80,594.80,557.50,570.55,573.35,581.20,566,7862,4454673.00,
530555,PARAMOUNT CO,B ,Q,3.65,3.70,3.54,3.55,3.55,3.85,19,4401,15871.00,
530577,LADDERUP FIN,XT,Q,31.35,31.35,30.75,30.75,30.75,32.35,22,28055,877201.00,
530579,GOLDEN GOEN ,XD,Q,3.60,4.10,3.60,3.91,3.80,3.74,47,111490,426775.00,
530585,SWASTIK INV ,XD,Q,67.95,67.95,56.05,58.65,59.00,59.00,54,1537,91547.00,
530589,PRIMA PLASTI,XC,Q,260.00,269.00,236.00,238.50,237.00,255.80,353,28922,7173837.00,
530595,TELECANOR   ,XD,Q,7.70,8.50,7.70,8.50,8.50,8.10,5,1112,9362.00,
530601,JAGSON FIN. ,XT,Q,2.78,2.78,2.78,2.78,2.78,2.67,8,4007,11139.00,
530605,GSL NOVA    ,XT,Q,1.51,1.51,1.50,1.51,1.51,1.44,33,60603,91350.00,
530609,CARNATION IN,XD,Q,50.10,50.10,46.40,46.95,46.70,50.55,54,9843,474816.00,
530611,STURDY INDS ,XT,Q,1.33,1.33,1.33,1.33,1.33,1.27,30,44687,59433.00,
530617,SAMPRE NUTRI,XD,Q,48.55,48.70,46.00,46.10,46.00,49.20,23,4035,189032.00,
530621,AKAR TOOLS L,XD,Q,53.70,53.70,50.75,53.10,52.40,54.80,43,4679,244807.00,
530627,VIPULORG    ,XD,Q,129.00,129.00,115.00,123.10,123.10,123.70,135,15624,1877950.00,
530643,ECORECO     ,XD,Q,49.00,49.90,47.50,49.00,49.00,48.50,11,10566,525101.00,
530655,GOODLUCK    ,B ,Q,111.10,111.10,108.10,108.10,108.10,112.25,52,4701,511733.00,
530663,GOYAL ASSO. ,XT,Q,5.40,5.40,5.40,5.40,5.40,5.15,2,67,361.00,
530665,ZENITH HEALT,XT,Q,0.82,0.82,0.76,0.80,0.80,0.80,22,15055,11535.00,
530689,LYKISLTD    ,XT,Q,53.00,53.00,50.20,51.00,51.00,52.65,21,4125,209581.00,
530695,PRIME PROP  ,XD,Q,35.75,36.40,33.10,33.45,33.80,35.70,53,5274,178891.00,
530697,NEELKANTH TE,XD,Q,22.56,22.56,22.56,22.56,22.56,21.49,1,25,564.00,
530699,RAJRAYON    ,B ,Q,0.30,0.33,0.30,0.33,0.33,0.30,10,9605,2884.00,
530703,INFO-DRIVE S,XD,Q,0.25,0.25,0.22,0.22,0.22,0.23,88,1764592,401125.00,
530711,JAGAN LAMPS ,XT,Q,12.20,12.67,12.05,12.67,12.67,12.67,10,3801,47799.00,
530715,ALPS INDS.  ,B ,Q,7.12,7.74,6.68,6.77,6.88,7.33,110,47870,334245.00,
530721,ANGIND      ,B ,Q,13.55,13.91,13.05,13.40,13.40,14.05,57,10022,134532.00,
530723,ASIT C FIN  ,XT,Q,15.50,16.25,14.75,16.25,16.25,15.50,5,945,14906.00,
530733,NOVAPUBLIC  ,XT,Q,119.00,119.30,112.00,117.40,113.80,113.65,188,11118,1286779.00,
530745,LNIND       ,XT,Q,5.07,5.07,4.93,4.93,4.93,5.03,51,281775,1390045.00,
530759,STERL.TOOLS ,B ,Q,956.00,956.00,867.15,912.40,911.00,956.00,183,4236,3882912.00,
530771,KLG CAPITAL ,XD,Q,16.00,17.27,16.00,17.27,17.27,16.45,2,100,1631.00,
530773,IVRCL LTD   ,B ,Q,4.75,4.75,4.50,4.57,4.57,4.75,253,121959,564724.00,
530779,DYNAMIC PORT,XD,Q,5.90,5.90,5.38,5.47,5.38,5.66,5,502,2771.00,
530789,CEEJAY FINAN,XD,Q,58.00,58.00,57.00,57.00,57.00,58.05,7,10800,616862.00,
530801,DIAMONDINFO ,XT,Q,2.45,2.45,2.45,2.45,2.45,2.35,2,500,1225.00,
530803,BHAGIL      ,B ,Q,383.40,395.00,362.60,370.95,370.95,381.65,1070,33697,12524073.00,
530807,REGA REALTY ,XD,Q,10.08,10.08,10.08,10.08,10.08,9.60,1,100,1008.00,
530809,BNR UDYOG   ,XD,Q,33.65,33.65,33.65,33.65,33.65,33.65,1,1,33.00,
530811,NETVISTA INF,T ,Q,3.58,3.75,3.58,3.58,3.58,3.58,14,5683,20379.00,
530813,KRBL LTD.   ,B ,Q,239.60,241.00,231.05,240.00,239.10,238.00,205,5795,1365979.00,
530815,REFNOL RESIN,XD,Q,29.00,29.00,28.50,29.00,29.00,27.95,43,21750,628975.00,
530821,SSPDL LTD   ,XD,Q,92.15,95.90,87.05,90.05,90.00,94.75,101,14527,1323540.00,
530825,DAIKAFFIL CH,XD,Q,67.95,69.75,65.25,66.85,66.85,68.55,51,9090,604804.00,
530829,CIL SECURITS,XD,Q,16.35,23.80,16.35,22.49,23.50,20.40,55,2061,46221.00,
530843,CUPID LTD   ,B ,Q,320.45,329.30,307.95,313.45,313.45,320.75,997,33553,10603583.00,
530845,SUNSHIELD CH,XC,Q,334.50,334.50,322.50,326.85,328.95,328.10,52,2497,818059.00,
530853,HIPOLIN LTD.,XT,Q,49.75,51.90,49.75,51.90,51.90,52.35,6,736,36639.00,
530859,COSBOARD IND,XD,Q,54.40,54.40,50.05,50.05,50.05,52.65,239,51578,2664354.00,
530871,CHEMBOND CHM,XC,Q,217.00,219.95,205.20,217.70,219.00,218.65,159,7702,1633607.00,
530883,SUPER CROP. ,XD,Q,158.05,158.05,150.15,150.15,150.15,158.05,306,110790,16990206.00,
530889,ALKA INDIA  ,XT,Q,0.19,0.19,0.19,0.19,0.19,0.19,1,250,47.00,
530897,N.G.IND.LTD.,XD,Q,78.00,78.00,76.00,77.00,77.00,77.00,7,882,68606.00,
530901,ACIL        ,XT,Q,0.16,0.16,0.15,0.15,0.15,0.15,9,24800,3730.00,
530919,REMSONS IND.,B ,Q,56.95,56.95,47.60,51.35,52.00,55.50,31,3583,183606.00,
530929,EURO ASIA   ,P ,Q,8.00,8.00,8.00,8.00,8.00,8.00,2,500,4000.00,
530943,SRI ADHIKARI,B ,Q,256.00,263.50,256.00,259.00,256.50,257.85,473,21553,5595026.00,
530951,RAMINFO     ,XT,Q,28.95,28.95,28.95,28.95,28.95,27.90,20,6275,181661.00,
530953,SUNIL AGRO F,XD,Q,51.50,51.50,47.00,47.00,47.00,47.50,5,502,24098.00,
530959,DIANA TEA CO,XD,Q,18.65,19.70,18.35,18.95,18.95,19.05,47,3217,60027.00,
530961,VIKASECO    ,B ,Q,18.83,19.30,17.66,17.86,17.86,18.98,1960,979850,17910666.00,
530965,INDIAN OIL  ,A ,Q,310.10,311.20,294.00,305.70,305.70,310.05,5352,288035,87420229.00,
530971,NIMBUS IND. ,XT,Q,3.09,3.24,3.09,3.24,3.24,3.09,3,999,3131.00,
530973,ALFA ICA (I),XD,Q,54.90,54.90,54.90,54.90,54.90,52.90,5,264,14493.00,
530977,KATWA UDYOG ,XD,Q,88.00,91.00,87.00,90.00,90.00,91.75,29,2317,207227.00,
530979,INDIA HOME  ,XD,Q,82.45,82.45,78.35,78.35,78.35,82.45,123,51292,4176018.00,
530985,JPT SECUR.  ,XT,Q,24.35,24.35,24.35,24.35,24.35,23.45,6,963,23449.00,
530991,ROOPA INDUS ,XD,Q,12.50,12.89,12.50,12.89,12.89,12.93,10,4450,56176.00,
530997,UNIQUE ORGAN,XD,Q,13.70,14.90,13.55,14.48,14.48,14.75,14,2849,40176.00,
530999,BALAJI AMINE,B ,Q,359.00,362.00,343.95,352.90,352.90,354.25,679,16006,5656500.00,
531025,VISAGAR FIN ,XD,Q,0.37,0.37,0.37,0.37,0.37,0.38,2,285,105.00,
531027,LIBORD SEC  ,XD,Q,10.45,10.45,10.45,10.45,10.45,10.40,1,70,731.00,
531041,COMPETENT AU,XD,Q,195.00,195.00,188.00,188.15,188.15,193.70,28,1196,226420.00,
531043,DHAN JEEVAN ,XT,Q,23.00,23.00,23.00,23.00,23.00,21.95,2,401,9223.00,
531049,NEELKANTH RO,XT,Q,8.40,8.40,8.40,8.40,8.40,8.00,1,500,4200.00,
531067,CONTIL I LTD,XT,Q,10.44,10.44,10.44,10.44,10.44,10.10,2,51,532.00,
531080,SHRI KRISH  ,XD,Q,13.39,13.39,13.35,13.39,13.39,12.76,6,725,9706.00,
531082,ALANKIT     ,B ,Q,65.15,66.35,62.05,62.85,62.10,66.20,561,232658,15131305.00,
531083,NIHAR INFO  ,XD,Q,14.01,14.02,14.01,14.01,14.01,14.50,9,2500,35029.00,
531088,TULIP STAR H,XD,Q,58.00,58.00,58.00,58.00,58.00,58.00,2,128,7424.00,
531091,UNITED CRED.,XD,Q,17.95,17.95,17.95,17.95,17.95,17.10,1,5,89.00,
531092,OM MET INFRA,B ,Q,47.00,47.25,44.30,45.00,45.05,46.30,218,20922,946035.00,
531102,SURANA CORPO,T ,Q,1.32,1.32,1.32,1.32,1.32,1.38,10,7841,10350.00,
531109,ISHAN DYES  ,XD,Q,89.60,89.60,80.50,80.50,80.50,82.00,20,5853,502232.00,
531112,BELL AGROMAC,XT,Q,67.75,67.75,64.95,67.75,67.75,64.95,13,950,64185.00,
531120,PATEL ENGG. ,B ,Q,81.70,82.20,76.30,77.95,77.95,80.35,1786,180931,14170676.00,
531127,ANARINDUS   ,XD,Q,110.00,110.00,98.00,102.05,102.05,106.50,27,5005,509412.00,
531129,INANI MARBLE,XD,Q,269.25,269.25,258.00,260.00,260.00,256.45,56,1310,344599.00,
531146,MEDICAMEN BI,XD,Q,335.50,363.90,315.05,339.85,339.85,335.50,911,61743,20747914.00,
531147,ALICON      ,B ,Q,436.20,440.00,415.00,432.70,432.70,437.15,184,3810,1636246.00,
531153,DILIGENT    ,XD,Q,26.80,26.80,25.25,26.15,26.20,25.45,14,11697,301032.00,
531157,ORGANIC COAT,XD,Q,11.50,11.50,11.50,11.50,11.50,11.64,9,3010,34615.00,
531158,CATVISION   ,XT,Q,19.20,20.50,19.20,20.00,20.00,20.20,11,3842,76216.00,
531161,ABM KNOWLEDG,XC,Q,136.00,139.60,131.00,131.75,131.75,138.55,113,9572,1284829.00,
531162,EMAMI LTD.  ,A ,Q,1244.00,1260.80,1190.05,1195.30,1192.50,1242.20,612,3628,4421842.00,
531172,PRANAV.SPIN ,XD,Q,35.00,35.00,30.00,30.40,30.40,34.00,56,2767,87361.00,
531173,SYSCHEM (I) ,XD,Q,6.01,6.30,6.01,6.30,6.30,6.28,18,9020,56175.00,
531175,BLS INFOTE  ,XD,Q,0.33,0.33,0.31,0.31,0.31,0.32,4,5515,1769.00,
531176,MEFCOM CAPIT,XD,Q,14.00,14.00,14.00,14.00,14.00,14.33,2,101,1414.00,
531179,ARMAN FIN   ,B ,Q,266.00,266.00,254.00,256.90,258.30,271.30,106,1745,448858.00,
531196,GAGAN POLYCO,XD,Q,3.05,3.05,3.05,3.05,3.05,3.15,2,5000,15250.00,
531198,DHANADACOL  ,XT,Q,5.25,5.25,5.05,5.05,5.05,5.00,7,1190,6222.00,
531201,SHILCHAR TEC,XD,Q,375.60,414.00,375.60,405.75,410.00,403.85,67,3172,1250455.00,
531209,NUCLE.SOFT E,B ,Q,205.55,205.55,194.00,197.60,197.60,204.25,718,25864,5113063.00,
531210,COLINZ LABOR,XT,Q,20.85,20.85,19.30,20.85,20.85,20.30,25,3731,74929.00,
531213,MANAP FIN   ,A ,Q,97.25,101.30,94.25,98.40,98.40,100.35,7639,606686,59064926.00,
531215,RTS POWER CO,XD,Q,26.65,26.65,26.65,26.65,26.65,27.80,1,1,26.00,
531216,COMFORT INTE,XD,Q,0.96,1.00,0.96,0.96,0.96,0.98,14,10778,10526.00,
531223,ANJANI SYNT.,XD,Q,27.45,27.45,25.50,27.00,27.00,26.45,30,3622,94654.00,
531233,RASI ELECTRO,XD,Q,10.50,10.50,9.00,9.59,9.59,9.93,353,205369,2009483.00,
531241,LINC PEN &PL,B ,Q,254.50,259.40,244.00,252.90,256.90,253.50,51,5655,1436817.00,
531246,PRIMA IND.  ,XT,Q,11.14,11.14,11.14,11.14,11.14,10.61,11,1600,17824.00,
531253,INDIA GELAT.,XD,Q,74.05,74.95,72.00,73.60,72.50,75.75,40,3040,224307.00,
531254,OPTIFIN     ,XD,Q,36.95,37.00,35.25,35.25,35.25,35.25,3,3359,119704.00,
531257,PRATIKSHA CH,XT,Q,4.16,4.16,4.16,4.16,4.16,3.97,8,5500,22880.00,
531259,ESHAMEDIA   ,XT,Q,4.82,5.06,4.58,5.06,5.06,4.82,55,53723,247867.00,
531266,VST TILLERS ,B ,Q,1915.20,1974.80,1910.00,1938.05,1925.00,1931.10,251,1375,2669217.00,
531268,B2B SOFT.   ,XT,Q,13.00,13.54,13.00,13.45,13.54,12.90,14,5956,79087.00,
531272,NIKKI GLOBAL,XD,Q,14.70,14.70,14.70,14.70,14.70,14.70,2,10000,147000.00,
531273,RADHE DEVLOP,XD,Q,19.75,20.00,18.15,19.40,19.40,20.40,81,14357,280219.00,
531278,ELIXIR      ,XD,Q,44.05,47.25,43.05,45.90,45.90,46.05,21,1132,50084.00,
531279,TRISHAKTI EL,XD,Q,9.76,9.76,9.76,9.76,9.76,10.27,1,30,292.00,
531280,PANKAJ POLY.,XD,Q,9.14,9.14,9.14,9.14,9.14,8.71,1,50,457.00,
531287,NAT PLASTIC ,XD,Q,53.00,53.40,46.70,53.10,53.10,54.45,31,3210,168180.00,
531289,NATFIT      ,XD,Q,248.00,248.00,240.00,245.10,245.10,250.95,149,8564,2087960.00,
531301,HIGH STREET ,XD,Q,19.20,20.00,19.20,20.00,20.00,19.15,2,260,5160.00,
531306,DHP INDIA LT,XD,Q,160.00,165.00,151.10,154.15,153.25,161.10,91,5104,810148.00,
531307,SRK INDUS   ,XC,Q,7.97,8.12,7.82,8.05,8.05,7.97,7263,1060720,8508155.00,
531319,MARUTI SEC. ,XT,Q,2.33,2.33,2.33,2.33,2.33,2.22,2,800,1864.00,
531324,ROSELABS FIN,XT,Q,55.05,58.00,55.05,57.45,57.45,57.90,7,1375,76714.00,
531328,IDEAL OPTICS,XD,Q,72.00,72.00,65.00,71.55,71.55,69.50,1991,10890,764842.00,
531335,ZYDUS WELL  ,B ,Q,845.00,856.00,835.00,843.25,840.00,855.50,137,956,808520.00,
531337,IRISMEDIA   ,XT,Q,11.40,11.62,11.40,11.62,11.62,11.40,26,176150,2046057.00,
531339,JAIHIND PROJ,B ,Q,6.35,6.35,6.00,6.00,6.00,6.25,24,17749,108972.00,
531344,CONTAIN.CORP,A ,Q,1368.00,1387.65,1362.80,1381.65,1381.65,1366.90,1130,8805,12102551.00,
531346,EASTERN TRED,XD,Q,150.00,152.00,147.60,148.30,147.60,150.00,34,2575,384905.00,
531349,PANACEA BIOT,B ,Q,124.00,129.15,115.50,116.75,115.50,125.55,646,19908,2370699.00,
531358,CHOICE INT. ,XD,Q,53.20,53.20,50.00,52.00,52.00,53.20,19,1198,62201.00,
531363,KARUR KCP PK,Z ,Q,66.50,69.45,66.00,69.05,69.45,69.00,10,1889,127964.00,
531364,AQUAPIV     ,XD,Q,13.83,13.83,13.83,13.83,13.83,13.18,6,660,9127.00,
531367,DOLLEX IND. ,XD,Q,4.00,4.60,3.91,3.91,4.49,4.27,11,3845,15633.00,
531370,SPARC SYSTEM,XT,Q,3.06,3.06,3.06,3.06,3.06,3.22,1,10,30.00,
531373,BYKE HOSP   ,B ,Q,185.00,189.95,182.10,182.95,184.25,186.30,678,56507,10431661.00,
531381,ARIHANT FOUN,B ,Q,70.95,70.95,60.00,61.00,61.00,69.45,35,2943,180464.00,
531387,HASTI FINANC,XD,Q,12.01,12.01,12.01,12.01,12.01,12.25,1,2,24.00,
531390,UPSURGE INV.,XD,Q,37.00,37.00,31.00,31.15,31.00,35.40,7,398,12585.00,
531396,WOMEN NETWOR,XD,Q,4.46,4.46,4.09,4.45,4.45,4.30,8,350,1504.00,
531397,POLYCON INT.,XD,Q,12.50,12.50,12.50,12.50,12.50,11.95,4,1202,15025.00,
531398,SOURCENTRL  ,XD,Q,57.50,59.40,57.50,59.40,59.40,57.20,13,2505,148607.00,
531400,ALMONDZ GLO ,B ,Q,17.30,17.30,15.66,16.40,16.40,17.39,72,14781,240299.00,
531404,ZICOM ELECTR,B ,Q,44.35,44.90,42.10,42.55,42.55,44.50,374,37647,1623711.00,
531410,GUJ.FOILS   ,XD,Q,27.00,27.30,25.80,26.05,26.60,26.20,28,2354,61541.00,
531413,KIRAN PRINT ,XD,Q,3.90,3.90,3.90,3.90,3.90,4.10,1,14,54.00,
531426,TAMIL.NEWSPR,B ,Q,367.00,371.00,355.00,359.05,359.05,368.25,700,24595,8923345.00,
531429,ADVENT COMP.,XT,Q,5.77,5.77,5.77,5.77,5.77,5.50,1,2,11.00,
531431,SHAKTI PUMPS,B ,Q,132.60,132.60,127.00,129.25,129.25,131.55,115,3300,425911.00,
531433,SUNGOLD CAP.,XD,Q,1.90,1.90,1.90,1.90,1.90,1.89,1,500,950.00,
531436,SAFFRON IND ,XT,Q,11.85,11.85,11.85,11.85,11.85,11.42,8,3960,46926.00,
531437,PWASML      ,XD,Q,24.05,25.90,24.00,25.25,25.00,25.35,24,4220,102598.00,
531439,GOLDSTONE EN,B ,Q,7.55,7.55,7.51,7.51,7.51,7.90,7,1883,14148.00,
531448,SAFAL SECURI,XD,Q,7.15,7.15,5.85,7.10,7.10,3.25,22,5764,38312.00,
531453,MOHIT INDUS.,B ,Q,40.80,41.00,37.00,37.75,37.75,40.00,221,45629,1771273.00,
531454,POLYLINK POL,XD,Q,15.80,17.18,15.22,15.29,15.29,15.31,30,11491,181124.00,
531456,MINAXI TEXT.,XD,Q,1.70,1.70,1.70,1.70,1.70,1.75,3,3200,5440.00,
531460,CONTI.CONTRL,XT,Q,6.03,6.21,5.86,5.86,5.86,6.03,13,2990,18002.00,
531467,ARNAVCORP   ,XD,Q,3.72,3.72,3.72,3.72,3.72,3.79,1775,56087,208643.00,
531471,DUKE OFFSHOR,XD,Q,80.00,82.00,76.00,80.65,80.65,81.70,110,20612,1624472.00,
531472,CYBELE IND  ,XT,Q,6.89,6.89,6.88,6.88,6.88,6.60,2,220,1515.00,
531486,FILMCITY MED,XD,Q,0.77,0.85,0.77,0.85,0.85,0.81,10,11968,9219.00,
531489,CG-VAK SOFTW,XD,Q,40.00,40.00,37.50,38.30,37.50,40.15,4,60,2383.00,
531495,BLUECOAST   ,B ,Q,118.55,118.55,118.55,118.55,118.55,124.75,4,332,39358.00,
531497,MADHUCON PRJ,B ,Q,43.00,43.50,41.25,41.75,41.90,43.45,207,34025,1426026.00,
531499,SYBLY INDS. ,XD,Q,7.96,8.25,7.35,8.17,8.17,7.50,545,653368,5170312.00,
531500,RAJESH EXPO.,A ,Q,459.00,462.90,448.50,452.30,452.30,458.30,2174,102208,46454524.00,
531502,ESAAR (I)LTD,XD,Q,0.90,0.90,0.90,0.90,0.90,0.91,7,4819,4337.00,
531508,EVEREADY (I),B ,Q,250.00,252.00,247.40,249.75,249.75,249.40,324,7754,1936081.00,
531515,MAHAN IND.  ,XD,Q,0.53,0.53,0.53,0.53,0.53,0.53,1,50,26.00,
531518,VIKAS GRAN  ,XD,Q,5.50,6.10,5.50,5.50,5.50,6.09,8,1350,8071.00,
531519,ANKUSH FINST,XD,Q,13.60,15.95,13.55,14.21,14.20,14.89,92,17112,254325.00,
531522,RASOYA PROTE,T ,Q,0.19,0.19,0.18,0.19,0.19,0.19,86,1060120,192493.00,
531524,I.C.S.A. IND,B ,Q,2.77,3.42,2.77,3.14,3.30,3.33,27,10519,32418.00,
531525,ACE SOFTWARE,XD,Q,19.63,19.63,19.33,19.33,19.33,20.34,15,3533,68442.00,
531531,HATSUN AGRO ,B ,Q,340.65,344.00,339.00,341.45,341.00,341.95,48,1459,496123.00,
531533,E.COM INFOTE,XT,Q,5.17,5.17,5.17,5.17,5.17,5.44,2,100,517.00,
531539,RISHABH DIGH,XD,Q,19.35,19.40,17.70,18.60,18.75,17.85,17,1178,21637.00,
531540,MARUTI INFRA,XD,Q,27.50,27.50,24.65,26.80,25.80,26.75,258,27853,737100.00,
531541,AVONLIFE    ,Z ,Q,10.30,10.30,10.30,10.30,10.30,9.93,40,21955,226136.00,
531543,JINDAL WORLD,B ,Q,177.10,187.00,174.85,183.90,187.00,188.00,17,290,51802.00,
531547,TIRUPATI IND,XD,Q,33.40,33.40,33.40,33.40,33.40,34.55,13,7049,235436.00,
531548,SOMANY CRAM ,B ,Q,646.75,651.30,628.00,638.60,629.10,651.30,187,2261,1452783.00,
531556,CORAL (I)FIN,B ,Q,152.70,154.40,150.40,152.45,153.00,151.70,2956,47856,7278439.00,
531569,SANJIVANI PA,XD,Q,22.55,22.55,21.05,21.20,21.25,22.90,120,43775,946539.00,
531574,VAS INFRA   ,XD,Q,15.00,15.00,14.50,14.50,14.50,13.99,2,2,29.00,
531583,RAP MEDIA   ,XD,Q,9.27,9.27,9.27,9.27,9.27,9.27,1,500,4635.00,
531591,BAMPSL SECUR,XT,Q,0.36,0.36,0.36,0.36,0.36,0.36,3,5150,1854.00,
531595,CGCL        ,B ,Q,337.95,337.95,315.00,326.95,325.00,337.20,216,8726,2856108.00,
531598,NIMBUS FOOD ,XD,Q,1.06,1.06,1.06,1.06,1.06,1.06,6,26000,27560.00,
531599,FDC LIMITED ,B ,Q,220.75,223.40,211.00,213.90,213.90,221.90,230,3648,784247.00,
531608,GORANI INDUS,XT,Q,12.76,12.76,12.76,12.76,12.76,12.30,3,627,8000.00,
531609,KG PETROCHEM,XT,Q,130.25,130.25,128.00,130.25,130.25,125.55,68,11108,1446486.00,
531611,AADHAARVEN  ,XD,Q,0.12,0.12,0.12,0.12,0.12,0.12,27,225026,27003.00,
531612,KGN IND LTD ,XD,Q,1.82,1.82,1.77,1.77,1.77,1.80,9,10618,19111.00,
531613,MAL         ,XD,Q,4.34,4.34,3.80,3.80,3.80,3.97,21,43850,171526.00,
531616,STARCOM     ,XT,Q,260.00,260.15,260.00,260.15,260.15,250.25,7,199,51756.00,
531621,CENTERAC    ,XT,Q,1.64,1.64,1.50,1.62,1.62,1.57,9,6768,10205.00,
531624,COUNTRY COND,B ,Q,4.30,4.30,4.00,4.10,4.10,4.26,7,7250,29615.00,
531633,LINCOLN PHAR,B ,Q,224.50,225.40,206.65,212.85,212.30,225.30,974,39973,8548802.00,
531638,SURAJ LTD   ,XD,Q,40.40,40.40,40.40,40.40,40.40,40.55,2,200,8080.00,
531642,MARICOLTD   ,A ,Q,266.90,271.75,261.10,262.80,262.80,265.05,4859,316598,83579178.00,
531650,VAX HSG.FIN.,XT,Q,9.22,9.22,9.22,9.22,9.22,8.79,4,10,92.00,
531658,TRIJAL IND. ,XT,Q,2.00,2.00,2.00,2.00,2.00,2.08,1,1,2.00,
531663,YUVRAAJHPL  ,XD,Q,1.00,1.00,1.00,1.00,1.00,1.00,3,6500,6500.00,
531673,ANKA INDIA  ,XD,Q,17.85,17.85,17.85,17.85,17.85,17.00,1,50,892.00,
531675,TRICOM INDIA,T ,Q,1.48,1.48,1.35,1.35,1.35,1.42,20,96980,131336.00,
531681,AMARDEEP IND,XT,Q,1.08,1.08,1.08,1.08,1.08,1.13,1,300,324.00,
531682,CAT TECHN.  ,XT,Q,0.69,0.69,0.69,0.69,0.69,0.66,3,600,414.00,
531686,ADVIK LABORS,XT,Q,6.98,6.98,6.35,6.42,6.42,6.66,18,5250,34955.00,
531687,KARUTURI GLO,B ,Q,1.80,1.80,1.55,1.76,1.76,1.77,264,534399,909673.00,
531688,PRITHVI SOF ,XD,Q,28.00,28.00,28.00,28.00,28.00,28.80,5,1060,29680.00,
531692,KHYATI MULTI,XT,Q,1.38,1.47,1.38,1.47,1.47,1.40,4,700,984.00,
531694,RAINBOW FOUN,XD,Q,15.20,15.20,15.20,15.20,15.20,16.00,1,2,30.00,
531695,JAGPRO      ,XD,Q,0.15,0.15,0.15,0.15,0.15,0.15,1,10000,1500.00,
531699,SUPER DOMEST,XD,Q,4.20,4.40,3.90,4.07,4.00,4.08,105,53307,215532.00,
531712,TRILOGIC    ,XD,Q,5.70,6.30,5.60,6.04,6.08,6.22,73,35638,212226.00,
531713,BLUECHIP STO,P ,Q,1.90,1.90,1.90,1.90,1.90,2.00,5,500,950.00,
531717,VIDHI DYESTU,B ,Q,64.50,64.50,59.50,60.20,60.00,63.45,1267,122894,7611632.00,
531719,BHAGIRA.CHEM,XD,Q,152.00,159.00,150.00,151.00,151.00,156.25,25,1784,275724.00,
531723,STAMPEDE CAP,B ,Q,34.10,34.50,31.50,31.90,32.00,33.70,318,61791,1986591.00,
531726,PANCHSHEEL O,XD,Q,105.00,108.00,105.00,105.00,105.00,105.10,20,2646,278060.00,
531727,MENON PISTON,XT,Q,27.35,27.35,25.05,25.05,25.05,26.35,298,94521,2478272.00,
531739,GENNEX LAB  ,XC,Q,6.90,7.00,6.71,6.76,6.71,6.83,164,145117,985223.00,
531744,GINI SILK MI,XD,Q,370.00,370.00,345.50,370.00,370.00,399.95,11,249,91553.00,
531746,PRAJAY ENGS.,B ,Q,13.71,13.79,12.60,12.60,12.60,14.00,322,95364,1225556.00,
531758,G.K.CONSULT.,XD,Q,7.52,8.25,7.52,7.53,7.53,7.90,7,1143,8819.00,
531761,AMULYA LEAS.,XD,Q,390.00,390.00,351.00,365.75,365.75,392.20,663,61593,22538775.00,
531762,UNJHA FORMUL,XD,Q,14.19,16.20,14.19,14.54,14.50,15.38,36,6180,97172.00,
531768,POLY MEDICUR,B ,Q,403.55,403.55,385.00,387.55,390.00,399.10,101,206,81288.00,
531769,PFL INFOTECH,XD,Q,17.71,17.71,17.71,17.71,17.71,17.71,30,24404,432194.00,
531784,KCLINFRA    ,XD,Q,1.28,1.40,1.28,1.30,1.30,1.34,5,2130,2850.00,
531791,NOVAGOL PETR,XT,Q,1.77,1.77,1.63,1.77,1.77,1.69,11,3178,5464.00,
531795,ATUL AUTO   ,B ,Q,485.60,485.60,470.00,477.45,477.45,486.75,612,5965,2835812.00,
531802,PRERNA INFR ,XD,Q,22.80,22.80,21.70,21.70,21.70,22.80,45,17967,400152.00,
531810,METAL COATIN,XT,Q,42.55,42.60,42.55,42.60,42.60,44.65,2,150,6387.00,
531813,GANGAPAPERS ,P ,Q,14.58,14.58,14.58,14.58,14.58,13.89,3,900,13122.00,
531814,TIRUPATI SAR,XD,Q,19.00,20.00,18.50,18.60,19.10,20.00,12,1486,27843.00,
531816,PANORAM UNI ,B ,Q,11.30,11.62,10.82,11.18,11.22,11.36,82,25790,287492.00,
531830,TODAYS      ,B ,Q,2.93,2.93,2.93,2.93,2.93,3.08,6,3006,8807.00,
531831,UNISYS SOFT.,XC,Q,44.20,44.20,44.20,44.20,44.20,45.10,6,2000,88400.00,
531842,LAHOTI OVER.,XD,Q,27.95,27.95,24.66,24.66,24.66,27.39,343,112881,2849010.00,
531845,ZENITH BIRLA,T ,Q,0.60,0.62,0.60,0.62,0.62,0.62,16,40468,24590.00,
531859,ORIENTAL VEN,XD,Q,409.50,409.50,409.50,409.50,409.50,409.50,7,27,11056.00,
531861,JOINDRE CAPI,XD,Q,15.00,15.20,14.20,14.70,14.70,15.04,34,4814,71373.00,
531862,BHARATAGRI  ,XD,Q,88.00,88.50,85.00,86.10,86.10,87.95,16,2152,188098.00,
531867,UNITECH INTE,XD,Q,12.29,12.29,10.95,11.21,11.29,11.41,93,78391,885922.00,
531869,SACHETA MET.,XD,Q,35.95,36.65,34.50,35.95,36.65,35.30,62,8648,309255.00,
531878,ANJANI FINL ,XD,Q,4.67,4.67,4.67,4.67,4.67,4.45,1,500,2335.00,
531879,PIONEER DIS.,B ,Q,204.00,204.90,180.00,182.20,181.00,204.90,450,13695,2539776.00,
531881,GMETCOAL    ,XD,Q,24.05,27.80,24.05,26.75,26.75,26.00,9,435,11620.00,
531882,KWALITYLTD  ,B ,Q,138.00,138.00,133.25,133.95,133.95,137.10,1599,97678,13175731.00,
531888,REXNORD ELE.,XD,Q,60.80,63.85,53.10,56.90,57.70,57.50,418,45280,2625117.00,
531893,SAWACA BUSI ,XD,Q,3.84,4.01,3.84,3.90,3.90,3.91,19,2210,8793.00,
531898,SANGUINE MD ,XD,Q,0.12,0.12,0.12,0.12,0.12,0.12,1,1000,120.00,
531900,CCL INTER   ,XC,Q,31.10,31.10,31.10,31.10,31.10,31.70,1,5,155.00,
531913,GOPAL IRON S,XT,Q,12.54,12.54,12.54,12.54,12.54,11.95,1,1,12.00,
531917,TWINSTAR SOF,XT,Q,1.70,1.70,1.70,1.70,1.70,1.70,5,4350,7395.00,
531921,AGAR IND COR,B ,Q,339.25,343.90,325.50,329.20,330.55,335.40,543,16250,5420166.00,
531923,DHAMPURE SGR,XD,Q,20.25,20.25,17.10,18.30,18.30,18.45,20,7844,142434.00,
531925,SHANTANU SHE,XT,Q,314.00,314.00,313.00,313.00,313.00,314.00,6,1000,313003.00,
531934,SUPREME TEX ,B ,Q,5.99,6.06,5.50,5.50,5.50,5.78,131,103257,595733.00,
531945,SUNITEE CHEM,XD,Q,0.19,0.19,0.19,0.19,0.19,0.19,2,601,114.00,
531950,VERTEX SEC. ,XD,Q,4.39,4.39,3.90,4.00,4.00,4.05,50,34205,140123.00,
531952,RIBA TEXTILS,XD,Q,46.50,46.50,43.00,43.05,43.00,43.50,18,2776,120491.00,
531968,IITL PROJ   ,XT,Q,30.30,30.30,30.30,30.30,30.30,31.85,2,2,60.00,
531972,TRIDENTTOOL ,XD,Q,13.50,13.50,13.50,13.50,13.50,12.86,1,50,675.00,
531977,CHARTERLOGIS,XC,Q,23.40,23.40,22.00,22.40,22.40,22.75,338,252656,5643818.00,
531978,AMBIKA COTTO,B ,Q,1015.00,1019.95,991.55,1004.30,1004.30,1022.70,248,8941,8953605.00,
531979,HIND ALUMIN ,XD,Q,138.00,138.00,119.05,125.65,125.95,137.65,309,29430,3675720.00,
531982,SPECTR FOOD ,XT,Q,40.10,40.10,40.10,40.10,40.10,42.00,1,100,4010.00,
531996,ODYSSEY CORP,XD,Q,3.73,3.73,3.50,3.73,3.73,3.58,18,9485,34958.00,
532001,INDUCTO STL.,XD,Q,30.10,31.50,27.05,27.25,27.25,31.65,14,2553,73054.00,
532011,POOJA ENT   ,XT,Q,9.16,9.16,9.16,9.16,9.16,8.73,1,3000,27480.00,
532015,GRAVITY (I) ,XD,Q,5.00,5.14,4.67,5.09,4.68,4.90,26,15450,77666.00,
532022,FILAT FASH  ,XD,Q,10.26,10.80,9.47,9.63,9.63,10.31,359,365731,3666575.00,
532025,SOWBH MEDIA ,XD,Q,7.35,7.35,7.35,7.35,7.35,7.00,2,100,735.00,
532033,JAIN STUDIOS,T ,Q,5.13,5.14,5.13,5.14,5.14,5.40,5,2200,11300.00,
532034,SAFALHBS    ,XT,Q,5.62,5.62,5.62,5.62,5.62,5.73,1,50,281.00,
532039,ZENOTECH    ,XT,Q,43.05,43.90,42.50,42.60,43.70,44.50,9,1420,60821.00,
532041,HINDUSTN BIO,XD,Q,2.16,2.16,2.16,2.16,2.16,2.07,2,300,648.00,
532051,SWELECT     ,B ,Q,340.10,345.00,340.00,340.00,340.00,346.60,53,775,264237.00,
532053,WALLFORT FIN,XD,Q,55.00,58.00,55.00,57.70,57.00,54.50,9,981,56326.00,
532054,KDDL LTD    ,B ,Q,245.00,245.00,231.15,235.75,236.00,244.85,144,3399,808009.00,
532056,ADINATH EXIM,XT,Q,16.83,16.83,15.99,15.99,15.99,16.83,17,5400,88426.00,
532067,KILPEST (I) ,XD,Q,15.38,16.87,15.38,16.87,16.87,17.01,13,3064,49546.00,
532070,SUPERB PAPER,XD,Q,60.80,61.00,59.00,60.55,59.00,60.95,85,29817,1813683.00,
532072,INTER DIGI  ,XT,Q,0.15,0.15,0.15,0.15,0.15,0.15,2,9000,1350.00,
532078,MONNET IND. ,XD,Q,26.05,26.05,26.05,26.05,26.05,27.40,5,1600,41680.00,
532081,KSERASERA   ,B ,Q,0.19,0.20,0.19,0.19,0.19,0.20,30,623109,118655.00,
532090,VANDANA     ,XT,Q,0.30,0.31,0.30,0.31,0.31,0.30,20,162900,49231.00,
532092,SAGARPROD   ,XD,Q,10.21,10.21,10.21,10.21,10.21,9.83,1,36,367.00,
532097,MUKAND ENGG.,B ,Q,32.60,32.95,32.00,32.15,32.15,33.50,25,3312,107045.00,
532100,INDO-CITY IN,XD,Q,3.36,3.36,3.04,3.17,3.17,3.20,11,8273,26392.00,
532102,SBEC SUGAR  ,XT,Q,17.78,17.78,16.33,17.30,17.30,17.14,109,33269,578450.00,
532106,REI AGRO LTD,B ,Q,0.57,0.58,0.56,0.56,0.56,0.58,91,899661,510292.00,
532114,AREALTY     ,XD,Q,3.28,3.28,3.20,3.20,3.20,3.28,2,1200,3856.00,
532121,DENA BANK   ,A ,Q,37.00,37.00,35.75,36.20,36.20,37.00,640,84844,3064089.00,
532123,BSE  INFRA  ,B ,Q,5.25,5.25,4.70,4.70,4.70,5.22,181,117790,573336.00,
532124,RELIAB VEN  ,XD,Q,14.40,14.40,14.40,14.40,14.40,13.72,5,368,5299.00,
532127,MOBILE TELE ,XD,Q,2.77,2.77,2.52,2.61,2.69,2.69,25,28184,73785.00,
532129,HEXAWARE TEC,A ,Q,198.00,200.50,194.95,198.00,197.35,198.00,1521,104287,20583793.00,XD
532133,IFGL REFRACT,B ,Q,142.00,145.50,137.05,138.65,137.05,143.90,121,7841,1096509.00,
532134,BANKBARODA  ,A ,Q,147.50,148.20,141.50,142.45,142.45,146.65,8260,1757265,253892139.00,
532140,MOHITE      ,XD,Q,21.25,21.25,21.25,21.25,21.25,21.55,1,175,3718.00,
532141,ANDHRA CEMEN,B ,Q,8.45,8.45,8.05,8.19,8.25,8.52,214,135976,1117815.00,
532144,WELCORP     ,A ,Q,68.25,69.05,64.75,65.65,65.65,68.65,791,82214,5475056.00,
532145,H.S.(I) LTD.,XD,Q,6.98,6.98,6.70,6.70,6.70,7.05,23,21900,148570.00,
532149,BNK OF INDIA,A ,Q,112.00,112.00,106.10,106.45,106.45,108.95,3292,359168,38609508.00,
532150,INDRAPRAST  ,B ,Q,58.00,58.05,54.60,55.55,55.55,58.20,1008,71858,4014668.00,
532155,GAIL (I) LTD,A ,Q,430.85,432.80,421.85,424.30,425.35,428.25,1509,39813,16928815.00,
532156,VAIBHAVGBL  ,B ,Q,306.50,306.50,295.00,301.90,302.00,309.00,51,2499,753471.00,
532160,GUJ.STAT.FIN,P ,Q,3.38,3.38,3.38,3.38,3.38,3.23,1,200,676.00,
532162,JK PAPER    ,B ,Q,95.45,95.50,87.50,88.95,88.95,95.45,2901,327701,29712314.00,
532163,SAREGAMA (I),B ,Q,261.15,261.15,243.40,246.15,246.00,259.80,272,6601,1641264.00,
532164,MINOLTA FIN.,XD,Q,0.71,0.71,0.71,0.71,0.71,0.71,4,400,284.00,
532166,ALKA SECUR. ,XT,Q,0.21,0.21,0.21,0.21,0.21,0.22,3,15501,3255.00,
532172,SPHEREGSL   ,B ,Q,77.05,79.85,72.90,77.55,78.90,77.00,509,149236,11384778.00,
532173,CYBERTECH   ,B ,Q,82.00,87.90,79.10,79.85,79.85,83.25,449,33169,2716530.00,
532174,ICICI BANK  ,A ,Q,271.10,272.60,265.60,269.70,269.70,269.80,6571,897041,241726954.00,
532175,CYIENT      ,A ,Q,463.00,475.00,462.00,465.25,467.00,462.45,511,2949,1371557.00,
532178,ENGINRS.(I) ,A ,Q,253.50,254.50,238.35,244.95,244.95,251.30,3240,320707,78313420.00,
532179,CORPN.BANK  ,A ,Q,40.75,41.00,40.00,40.10,40.10,40.80,244,62834,2546629.00,
532180,DHANALAK.BNK,B ,Q,25.90,26.30,25.00,25.20,25.50,25.65,415,88720,2267416.00,
532181,GUJ.MINERAL ,A ,Q,111.00,111.35,101.30,104.05,104.05,110.45,2893,277522,29234228.00,
532183,GAYATRI SUGR,XD,Q,13.31,13.31,12.71,13.31,13.31,13.31,221,453468,6029613.00,
532187,INDUSIND BNK,A ,Q,1235.00,1235.00,1207.00,1219.10,1219.10,1230.70,1925,37874,46122066.00,
532189,INDIA TOURIS,XC,Q,209.00,209.00,195.65,197.25,197.25,201.55,89,3409,676125.00,
532191,STATE BNK TR,B ,Q,524.00,526.60,513.45,520.10,521.00,524.10,189,2039,1058892.00,
532200,STATE BNK MY,B ,Q,524.00,524.00,514.25,518.00,518.00,523.40,62,5550,2880978.00,
532209,J & K BANK  ,A ,Q,66.00,66.30,64.00,64.40,64.40,66.00,1132,129185,8388760.00,
532210,CITY UNION  ,A ,Q,150.90,150.90,136.00,149.30,149.15,149.20,330,22484,3313192.00,
532212,ARCHIES LTD ,B ,Q,23.75,24.65,23.15,23.55,23.45,24.55,45,9509,225205.00,
532215,AXIS BANK   ,A ,Q,474.00,484.65,473.75,478.10,478.10,475.55,20813,924229,443844809.00,
532216,HB STOCKHOL.,B ,Q,15.51,16.18,14.90,15.35,15.06,16.04,35,8320,130140.00,
532218,SOUTH IND.BK,A ,Q,22.95,22.95,22.25,22.55,22.55,22.90,9078,768127,17336523.00,
532219,ENERGY DEV. ,B ,Q,232.40,232.40,202.00,206.55,206.55,233.85,1786,208507,44938804.00,
532221,SONATA SOFT.,B ,Q,161.00,164.90,156.25,159.80,159.80,162.45,619,29509,4739146.00,
532230,BENGAL TEA &,XD,Q,58.95,61.45,55.25,57.70,57.75,58.85,45,7563,439205.00,
532234,NAT.ALUM    ,A ,Q,53.50,53.70,50.55,51.30,51.30,53.40,2970,358925,18560929.00,
532240,INDIA NIPPON,B ,Q,586.15,594.00,552.00,565.90,565.90,590.80,234,5462,3096153.00,
532254,POLARIS     ,A ,Q,157.40,157.95,154.45,155.90,155.90,158.80,283,8218,1280861.00,
532256,NALWA SONS  ,B ,Q,763.00,770.00,750.00,751.30,751.30,771.00,44,172,130634.00,
532259,APAR INDUS. ,B ,Q,570.00,570.00,556.00,558.90,558.90,571.15,204,1712,961045.00,
532262,TCI INDUS.  ,XC,Q,1329.95,1330.00,1329.95,1330.00,1330.00,1330.00,2,30,39899.00,
532268,ACCELYA     ,B ,Q,1363.00,1382.90,1310.00,1377.60,1382.90,1369.45,69,276,370584.00,
532271,CYBERMATE   ,XD,Q,1.79,1.79,1.75,1.75,1.75,1.79,89,195094,346418.00,
532275,LANDMARC LEI,XD,Q,0.63,0.76,0.63,0.74,0.74,0.68,14,6602,4729.00,
532276,SYNDICATE BN,A ,Q,68.25,68.40,65.65,65.95,65.95,67.80,2574,590186,39401438.00,
532281,HCL TECHNO  ,A ,Q,763.55,799.00,763.05,794.20,794.20,762.05,4402,117409,92001540.00,
532282,CASTEXTECH  ,B ,Q,9.25,9.30,8.61,8.74,8.74,9.24,769,456592,4056788.00,
532284,TCFC FINANCE,XD,Q,33.80,35.50,33.80,34.95,34.95,33.55,7,751,25409.00,
532285,GEOJIT BNP  ,B ,Q,39.55,39.80,37.45,37.65,37.65,40.40,246,38827,1476057.00,
532286,JINDAL STE  ,A ,Q,72.60,73.25,68.35,68.85,68.85,73.50,4461,1411841,99471020.00,
532290,BLB LTD.    ,B ,Q,5.86,6.80,5.86,6.01,6.01,6.99,12,4438,26687.00,
532293,SOFTWARE TEC,T ,Q,1.67,1.67,1.67,1.67,1.67,1.75,1,300,501.00,
532296,GLENMARK PHA,A ,Q,911.95,911.95,851.35,868.80,868.80,912.45,5991,247498,213771346.00,
532300,WOCKHARDT   ,A ,Q,836.00,836.00,794.15,800.50,800.50,834.30,9772,304584,246710574.00,
532301,TATA COFFEE ,B ,Q,123.00,125.00,119.05,120.00,120.00,123.65,2100,131420,16009660.00,
532304,KJMCCORP    ,XD,Q,21.52,21.52,21.52,21.52,21.52,20.75,3,230,4949.00,
532305,IND-SWIFT LA,B ,Q,42.40,43.00,40.40,41.10,41.10,43.15,695,78361,3261033.00,
532307,MELSTAR INFO,T ,Q,4.52,4.52,4.52,4.52,4.52,4.75,6,2010,9085.00,
532309,GEPIL       ,B ,Q,522.00,522.00,502.10,504.85,502.10,513.20,36,510,258411.00,
532310,SHREE RAMA  ,B ,Q,17.00,17.15,16.62,16.62,16.62,17.49,94,40000,669359.00,
532312,GEOMETRIC L ,B ,Q,231.00,241.55,231.00,238.35,237.10,228.30,794,37560,8856564.00,
532313,MAHINDRALIFE,B ,Q,411.35,416.80,405.00,405.60,405.00,416.45,109,2982,1214234.00,
532318,GEMINI COMMU,B ,Q,2.45,2.61,2.35,2.42,2.37,2.53,28,17936,43892.00,
532321,CADILA HEALT,A ,Q,404.00,404.00,377.15,390.40,390.40,396.50,5227,151497,58650662.00,
532323,SHIVA CEMENT,XC,Q,10.00,10.15,9.22,9.65,9.65,9.97,417,349444,3375755.00,
532324,CINEVISTA   ,B ,Q,8.15,8.25,7.46,7.50,7.50,8.11,88,19472,154678.00,
532326,INTENS TECH ,XD,Q,88.30,88.30,79.00,81.50,81.90,85.25,274,35384,2903072.00,
532329,DANLAW TECH.,XD,Q,62.45,64.70,56.00,60.05,60.00,64.00,107,6727,402481.00,
532330,BIOPAC INDIA,XD,Q,19.00,19.05,15.75,17.35,17.30,19.65,117,23893,410508.00,
532331,AJANTA PHARM,A ,Q,1931.65,1935.70,1854.65,1874.25,1874.25,1940.80,3522,23864,44842010.00,
532332,CURATECH    ,T ,Q,8.79,9.69,8.79,9.69,9.69,9.25,6,2461,21633.00,
532333,HB PORTFOLIO,XD,Q,18.01,20.00,18.01,18.20,18.20,18.70,19,1755,32890.00,
532334,HB ESTATE DE,XD,Q,10.66,10.66,10.16,10.16,10.16,10.16,8,445,4695.00,
532339,COMPUCOM SOF,B ,Q,19.45,19.45,17.01,17.25,17.10,18.90,556,179261,3129228.00,
532340,OMNI AX'S SO,XT,Q,0.95,0.95,0.95,0.95,0.95,0.98,1,155143,147385.00,
532341,IZMO        ,B ,Q,52.60,52.60,50.50,50.70,50.70,52.15,100,6970,357050.00,
532342,COMMEX TECH ,XD,Q,0.85,0.85,0.80,0.80,0.80,0.85,19,13057,10585.00,
532343,TVS MOTOR L ,A ,Q,393.25,397.75,387.25,392.45,392.45,392.25,2374,126463,49594281.00,
532344,SOFTSOL (I) ,XD,Q,39.10,39.10,39.10,39.10,39.10,40.90,1,1,39.00,
532345,GATI LTD.   ,A ,Q,146.35,147.65,136.85,138.30,138.30,143.70,6380,672215,95181541.00,
532348,SUBEX LTX   ,B ,Q,11.15,11.32,10.71,10.77,10.77,11.25,1291,1326592,14531386.00,
532349,TRANSPORT CO,B ,Q,190.00,190.00,182.50,183.90,183.90,185.30,199,11365,2095443.00,
532350,PADMALAYA TE,T ,Q,1.31,1.37,1.25,1.25,1.25,1.31,10,5400,7019.00,
532351,AKSH OPTIFIB,B ,Q,29.00,29.70,26.45,27.50,27.50,28.25,7422,3183773,88853361.00,
532355,PICTURHOUSE ,XD,Q,5.75,6.24,5.75,6.24,6.24,6.25,10,10652,63150.00,
532356,TRIVENI ENGG,B ,Q,58.35,58.80,56.00,56.90,57.00,58.30,612,76883,4399558.00,
532357,MUKTA ARTS  ,B ,Q,120.60,123.00,108.90,110.75,110.75,119.15,1173,68048,7742843.00,
532359,HITKIT GLOB ,XT,Q,0.23,0.23,0.22,0.22,0.22,0.23,2,2000,440.00,
532362,NAGPUR POWER,XD,Q,32.30,32.30,32.30,32.30,32.30,33.95,2,100,3230.00,
532365,DYNACONS SYS,B ,Q,23.40,23.40,23.09,23.09,23.09,24.30,28,5862,136093.00,
532366,PNB GILTS   ,B ,Q,39.50,39.85,36.40,38.65,38.65,39.75,4496,725334,27701848.00,
532368,YBRANTDIGI  ,B ,Q,8.60,8.60,8.23,8.26,8.40,8.66,456,597068,4962779.00,
532369,RAMCO INDS. ,B ,Q,240.25,249.90,221.00,229.70,229.70,240.25,2977,84921,19573392.00,
532370,RAMCO  SYSTM,B ,Q,451.35,465.00,441.10,442.85,443.25,454.55,99,1463,651507.00,
532371,TATA TELESER,B ,Q,6.80,7.02,6.54,6.61,6.61,6.82,1038,539246,3614189.00,
532372,VIRINCHI    ,XD,Q,70.20,71.55,65.00,67.00,67.00,70.30,427,58647,3970249.00,
532373,WEPSOLN     ,XD,Q,28.50,30.00,28.00,28.15,28.95,29.30,84,22793,656112.00,
532374,STER TECH   ,B ,Q,95.00,96.00,90.45,91.80,91.80,95.35,2812,245208,22680384.00,
532375,TIPSINDUSTR ,B ,Q,67.05,67.05,65.60,65.60,65.60,68.75,21,1325,87669.00,
532376,MRO-TEK LTD ,B ,Q,70.00,70.25,61.00,62.65,61.75,69.40,201,8749,561149.00,
532379,FIRSTOBJ    ,XT,Q,13.50,13.50,12.82,12.91,12.90,13.48,25,6588,85583.00,
532380,BABA ARTS   ,XD,Q,4.10,4.25,4.10,4.24,4.25,4.29,3,5000,21215.00,
532382,BALAJI TELE.,B ,Q,89.00,89.40,86.80,87.55,86.80,89.40,302,27127,2390372.00,
532384,TYCHE INDS  ,XD,Q,69.00,69.25,65.20,66.15,67.00,71.60,124,13307,898187.00,
532386,CALIFORN.SOF,B ,Q,7.20,7.20,7.20,7.20,7.20,6.89,2,15,108.00,
532387,PRITISHN COM,B ,Q,21.70,23.00,21.15,21.90,21.90,21.55,22,4134,90200.00,
532388,INDIAN OVER.,A ,Q,25.90,25.95,25.20,25.30,25.30,25.80,281,76922,1956014.00,
532389,VALECHA ENGG,Z ,Q,28.15,28.65,27.50,28.50,28.50,28.05,181,68954,1953511.00,
532390,TAJ GVK HOTL,B ,Q,123.75,124.25,117.05,119.25,119.25,124.65,287,9199,1105426.00,
532391,OPTO CIRCUIT,B ,Q,11.90,12.07,11.15,11.29,11.29,12.01,1133,268465,3110131.00,
532392,CREATIVE EYE,B ,Q,3.85,3.85,3.85,3.85,3.85,4.05,2,500,1925.00,
532395,AXISCADES   ,B ,Q,216.55,218.05,203.00,205.65,205.65,216.25,1275,45248,9426231.00,
532398,UMESL       ,B ,Q,3.61,3.62,3.61,3.62,3.62,3.45,3,2700,9759.00,
532400,KPIT        ,A ,Q,132.60,134.75,128.10,131.60,131.60,130.90,1388,148773,19456708.00,
532401,VIJAYA BANK ,B ,Q,43.00,43.05,40.85,41.05,41.10,42.60,583,100152,4152150.00,
532404,SAVEN TECHNO,XD,Q,24.00,25.00,22.45,24.55,25.00,24.40,115,22338,536899.00,
532406,AVANTEL LTD ,XD,Q,123.95,123.95,117.10,119.85,122.85,127.00,13,348,41957.00,
532407,MOSCHIP SEMI,XD,Q,45.00,45.30,43.05,44.15,44.15,45.30,2693,1718837,76150310.00,
532408,MEGASOFT LTD,B ,Q,20.45,20.80,18.50,19.37,19.50,19.97,803,117833,2295887.00,
532410,TRANSCORP IN,XD,Q,28.00,28.00,24.90,24.90,24.90,27.65,37,15909,399759.00,
532411,VISESH INFO.,T ,Q,0.14,0.15,0.13,0.14,0.15,0.14,186,2331075,340492.00,
532413,CEREBRA INTE,B ,Q,26.00,26.00,22.30,22.85,22.75,25.60,1030,447713,10566879.00,
532414,IKF TECHNO  ,XD,Q,1.06,1.06,0.99,1.01,1.01,1.06,304,913761,941077.00,
532416,MID-DAY MULT,B ,Q,19.05,19.05,18.00,18.20,18.15,18.50,103,11107,202951.00,
532418,ANDHRA BANK ,A ,Q,52.70,53.45,51.85,52.00,52.00,53.45,1202,276826,14492689.00,
532419,SMARTLINK   ,B ,Q,94.75,95.00,90.25,91.10,91.10,94.85,289,15952,1464759.00,
532424,GODREJ CONS ,A ,Q,1540.00,1555.00,1499.85,1524.90,1524.90,1536.95,1158,7920,12034469.00,
532425,GULSHAN CHEM,XD,Q,4.80,4.80,4.80,4.80,4.80,5.05,1,100,480.00,
532430,BF UTILI    ,A ,Q,527.00,530.00,504.50,507.35,507.35,526.65,3085,79615,40877248.00,
532432,UNITD SPR   ,A ,Q,2125.00,2140.00,2040.05,2049.70,2049.70,2128.85,4749,51849,107514685.00,
532439,GOLDST INFRA,B ,Q,25.85,25.90,24.90,24.90,24.90,25.35,3,850,21660.00,
532440,MPS LTD     ,B ,Q,675.00,675.00,647.50,662.00,662.05,681.20,109,742,490735.00,
532441,RNBOWDENIM  ,XD,Q,9.74,9.74,9.70,9.70,9.70,9.35,38,34801,338920.00,
532443,CERA SANITAR,B ,Q,2721.80,2737.10,2655.50,2716.10,2685.00,2744.75,146,767,2075336.00,
532444,T. SPIRITUAL,XD,Q,0.82,0.82,0.82,0.82,0.82,0.79,3,4400,3608.00,
532454,BHARTI ARTL ,A ,Q,310.00,310.70,304.50,306.80,306.80,309.55,1931,119142,36601771.00,
532456,COMPUAGE INF,B ,Q,247.95,250.00,232.10,240.45,240.00,246.10,93,13838,3345699.00,
532457,GULSHAN POLY,B ,Q,425.00,425.00,389.10,390.35,394.00,417.30,350,3753,1486310.00,
532459,AUNDE IND   ,XT,Q,58.55,58.55,53.60,55.80,55.80,56.40,87,22396,1265393.00,
532460,PONNI SUG(ER,B ,Q,264.90,269.05,234.95,239.70,239.70,254.60,8046,262676,66527450.00,
532461,PUNJAB NATIO,A ,Q,133.00,133.60,128.80,131.60,131.60,133.15,9081,1077819,141133807.00,
532466,ORACLE FIN  ,A ,Q,3185.00,3221.00,3150.00,3212.15,3212.15,3183.55,184,1142,3646919.00,
532467,HAZ MUL PRO ,XD,Q,0.67,0.67,0.67,0.67,0.67,0.64,1,200,134.00,
532468,KAMAHOLDING ,XC,Q,2432.05,2484.80,2425.00,2433.35,2426.00,2490.00,32,245,595418.00,
532475,APTECH LTD  ,B ,Q,191.00,194.70,176.20,181.00,181.00,194.55,6598,414979,75881203.00,
532477,UNION BANK L,A ,Q,136.90,138.25,132.65,134.35,134.35,137.05,4612,818951,111398323.00,
532478,UNITED BREWA,A ,Q,899.50,899.50,859.40,876.30,875.00,871.60,1233,21659,18913295.00,
532479,ISMT LTD    ,B ,Q,10.74,10.74,9.80,9.90,9.96,10.38,132,48692,489231.00,
532480,ALLAHABAD BK,A ,Q,74.20,74.45,71.10,72.20,72.20,73.90,2920,637678,46389322.00,
532481,NOIDA-TOLL B,B ,Q,14.45,14.95,13.70,14.00,14.00,14.70,1394,426222,6038822.00,
532482,GRANULES (I),B ,Q,116.10,116.55,110.75,111.75,111.75,115.30,1830,171043,19250249.00,
532483,CANARA BANK ,A ,Q,295.40,297.80,286.50,290.10,290.10,295.90,4444,298227,86724471.00,
532485,BALMER LA.IN,XC,Q,370.00,370.00,340.00,341.50,347.00,357.45,62,1177,410794.00,
532486,POKARNA LTD ,B ,Q,863.05,896.00,863.00,882.60,896.00,895.00,155,5650,4968837.00,
532488,DIVI'S LAB. ,A ,Q,1272.50,1272.50,1214.50,1252.60,1252.60,1260.20,1497,25640,31887100.00,
532493,ASTRA MICRO ,B ,Q,117.80,117.80,113.50,114.75,114.75,116.80,861,96266,11075365.00,
532497,RADICOKHAIT ,B ,Q,139.90,141.00,129.00,137.45,135.00,138.40,2860,248121,33778878.00,
532498,SHRMCITYUN  ,A ,Q,2475.00,2499.10,2361.45,2409.45,2409.45,2472.45,217,910,2200076.00,
532500,MARUTISUZUK ,A ,Q,5810.00,5810.00,5670.00,5714.65,5714.65,5806.60,5880,46485,265259128.00,
532503,RAJAPAMILLS ,XC,Q,634.00,649.95,590.00,614.65,614.65,634.00,225,5615,3425317.00,
532504,NAVIN FLUORI,B ,Q,2527.60,2562.00,2375.00,2414.05,2438.00,2496.10,653,3952,9685397.00,XD
532505,UCOBANK     ,A ,Q,33.30,33.70,32.60,32.75,32.75,33.60,1073,202668,6702114.00,
532507,BAG FIL MED ,B ,Q,5.64,5.64,5.10,5.25,5.25,5.53,139,81489,433468.00,
532508,JSL         ,B ,Q,39.60,39.85,37.15,37.50,37.50,39.20,307,54666,2077854.00,
532509,SUPRAJIT ENG,B ,Q,208.05,210.90,198.05,202.35,202.00,207.25,222,5438,1113235.00,
532511,EXCEL CROP. ,B ,Q,1911.50,1918.00,1838.00,1854.30,1851.50,1924.60,131,564,1050032.00,
532513,TVSELE      ,B ,Q,109.00,109.20,101.70,103.75,103.75,108.10,437,26707,2815491.00,
532514,INDRA GAS   ,A ,Q,860.00,866.45,843.80,855.30,855.30,860.00,2134,34513,29518877.00,
532515,TV TODAY    ,B ,Q,336.95,343.95,330.70,339.45,339.45,339.70,318,7630,2561349.00,
532518,FLORENCE    ,XC,Q,685.00,685.00,665.00,666.00,666.00,688.55,31,243,162407.00,
532521,PALRED      ,B ,Q,91.65,91.65,81.60,84.40,82.70,91.65,57,5096,436504.00,
532522,PETRONET LNG,A ,Q,356.00,364.30,350.85,360.25,360.25,355.50,2697,107635,38457450.00,
532523,BIOCON LTD. ,A ,Q,922.00,922.80,872.00,877.25,877.25,904.40,5304,128209,114079536.00,
532524,PTC INDIA   ,A ,Q,75.00,75.45,72.80,73.50,73.50,74.10,1007,159425,11741528.00,
532525,BANK MAHA   ,B ,Q,29.65,29.70,29.00,29.15,29.15,29.75,301,22473,656731.00,
532526,DISHMAN PHAR,B ,Q,236.50,239.65,219.80,226.75,226.75,239.55,5999,414838,94920786.00,
532527,RK FORGINGS ,B ,Q,328.00,335.00,328.00,331.90,335.00,331.40,128,5652,1868205.00,
532528,DATAM GLOB  ,B ,Q,86.90,86.90,76.10,78.60,78.60,83.55,1476,74248,5860296.00,
532529,NDTV        ,B ,Q,82.95,85.30,75.00,79.40,79.40,83.20,775,38734,3039960.00,
532531,STAR        ,A ,Q,1117.95,1117.95,1045.10,1061.75,1061.75,1123.75,7152,128993,138529389.00,
532532,JAIPRA      ,A ,Q,10.58,10.62,9.72,9.93,9.93,10.55,5943,9267860,92578185.00,
532538,ULTRATECH CM,A ,Q,3906.00,3931.00,3825.00,3851.85,3865.00,3907.30,1588,8251,31846064.00,
532539,MINDA IND   ,B ,Q,383.00,388.80,361.50,375.55,375.80,383.15,1326,24608,9209852.00,
532540,TCS LTD.    ,A ,Q,2301.00,2336.00,2294.95,2330.10,2330.10,2319.95,2944,63244,146487867.00,
532541,NIITTECH    ,A ,Q,398.00,413.00,390.00,403.40,402.75,398.65,2394,35931,14451409.00,
532543,GULFPETRO   ,B ,Q,89.85,91.50,85.00,85.80,85.80,89.85,722,58980,5188355.00,
532548,CENTURYPLY  ,B ,Q,242.00,242.00,228.10,230.35,230.35,236.40,635,14621,3400539.00,
532553,WELENT      ,B ,Q,71.50,71.60,67.00,68.15,68.15,70.20,1650,228430,15745006.00,
532555,NTPC LTD    ,A ,Q,153.80,155.35,152.95,153.40,153.00,152.95,1332,134491,20722295.00,
532604,SALSTEEL    ,B ,Q,4.70,4.71,4.23,4.26,4.23,4.69,105,50021,220679.00,
532605,JBM AUTO    ,B ,Q,292.00,296.50,265.00,270.75,270.75,290.35,1992,57393,15851781.00,
532609,BHARATIDIL  ,B ,Q,17.60,17.75,17.25,17.30,17.30,17.60,71,17532,305674.00,
532610,DWAR SUGAR  ,B ,Q,266.00,267.35,255.00,257.70,257.70,264.45,736,29369,7635163.00,
532612,INDOCO REM  ,B ,Q,277.00,282.40,275.00,275.85,278.15,281.30,247,3302,916076.00,
532613,MAXWEL      ,B ,Q,63.00,63.00,59.45,60.00,60.00,63.65,603,72154,4421680.00,
532614,IMPEX       ,B ,Q,1.68,1.68,1.68,1.68,1.68,1.65,12,34400,57792.00,
532616,XCHANGING   ,B ,Q,68.50,69.00,65.15,66.25,66.25,69.65,411,41899,2818679.00,
532617,JETAIRWAYS  ,A ,Q,456.50,458.95,432.45,435.30,435.30,456.40,5152,266926,117837038.00,
532621,MORARJETEX  ,B ,Q,64.00,64.25,59.00,59.50,59.50,65.15,406,40171,2465049.00,
532622,GATEWAY DIST,A ,Q,239.05,240.90,230.40,231.80,231.65,239.15,323,7787,1817008.00,
532623,NR INTERNA  ,XD,Q,5.20,5.20,5.20,5.20,5.20,5.20,1,25,130.00,
532624,JINDALPH    ,B ,Q,84.80,85.85,82.30,84.90,84.90,85.75,24,1955,163666.00,
532626,PONDY OXIDES,XD,Q,176.15,179.15,160.20,169.60,168.10,180.15,207,17768,3037352.00,
532627,JPPOWER     ,A ,Q,4.41,4.42,4.10,4.22,4.22,4.34,1242,620129,2632200.00,
532628,3I INFOTECH ,B ,Q,6.50,6.50,6.02,6.08,6.08,6.45,723,851559,5252397.00,
532629,MCNALLYB    ,B ,Q,58.75,59.40,56.50,57.05,56.50,58.95,71,5205,300240.00,
532630,GOKALDAS    ,B ,Q,68.05,68.95,64.45,65.00,65.00,68.30,1166,134108,8835167.00,
532633,ALLSEC TECH ,B ,Q,316.50,319.00,295.30,306.30,304.15,310.80,468,9441,2882455.00,
532636,IIFL        ,A ,Q,318.00,318.95,295.00,303.65,303.65,316.55,848,16350,5014812.00,
532637,MAN DRUGORG ,B ,Q,157.45,158.00,150.05,150.90,150.90,155.55,912,44416,6806560.00,
532638,SHOPPER STOP,B ,Q,367.30,367.40,347.55,350.45,350.45,360.90,104,822,292297.00,
532640,CYBER MEDIA ,T ,Q,12.60,12.60,12.60,12.60,12.60,13.26,2,500,6300.00,
532641,NDL         ,B ,Q,138.60,139.10,131.55,133.95,132.50,138.95,445,69013,9280212.00,
532642,JINDAL SOUTH,B ,Q,1214.00,1301.75,1181.50,1240.95,1240.95,1206.40,1150,6573,8200063.00,
532643,GANESHFORGIN,T ,Q,2.11,2.11,2.11,2.11,2.11,2.11,1,100,211.00,
532644,JK CEMENT   ,B ,Q,895.00,900.00,851.20,857.15,863.65,881.45,417,4455,3864612.00,
532645,BEEYU OVERSE,XD,Q,0.90,0.98,0.90,0.98,0.98,0.94,3,76,68.00,
532646,UNIPLY IND  ,B ,Q,257.75,264.90,233.00,241.75,241.75,259.20,188,8902,2215972.00,
532647,PROVOGUE IND,B ,Q,4.89,4.97,4.73,4.81,4.81,4.89,108,37617,181063.00,
532648,YES BANK    ,A ,Q,1209.00,1214.95,1174.40,1196.40,1196.40,1207.35,5853,186304,222085359.00,
532649,NECTAR LIFE ,B ,Q,37.85,38.25,35.35,35.95,35.95,37.70,1678,268483,9768511.00,
532650,MSP STEEL   ,B ,Q,14.31,14.31,13.19,13.37,13.49,14.50,47,17722,238030.00,
532651,SPL INDS    ,B ,Q,29.00,32.45,28.30,29.95,29.95,29.00,231,62163,1871838.00,
532652,KARNATAKA BK,A ,Q,116.65,117.25,112.20,113.75,113.75,116.30,2969,463097,52831848.00,
532654,MCLEOD RUSSE,A ,Q,159.75,162.00,157.20,159.60,159.60,160.10,655,34511,5521494.00,
532656,FACOR ALLOYS,XD,Q,2.09,2.09,1.90,2.05,2.05,1.93,414,1559769,3226541.00,
532658,EON ELECT   ,B ,Q,66.75,66.75,64.00,64.70,64.70,67.25,173,25793,1671934.00,
532659,IDFC        ,A ,Q,64.15,64.60,60.95,62.80,62.80,64.20,2564,698731,43898344.00,
532660,VIVIMED LABS,B ,Q,102.45,103.40,96.05,99.95,99.95,103.60,1573,177146,17674188.00,
532661,RANE MADRAS ,B ,Q,505.00,505.00,467.00,475.55,475.55,494.40,342,7768,3695548.00,
532662,HT MEDIA    ,B ,Q,83.20,83.60,78.70,80.15,80.15,82.05,343,23893,1916261.00,
532663,SASKEN COMM ,B ,Q,403.85,404.90,401.00,401.30,401.30,403.40,806,7728,3118934.00,
532665,RAJVIR IND  ,T ,Q,44.00,44.00,42.10,42.25,42.20,42.00,6,261,11230.00,
532666,FCS SOFTWARE,B ,Q,0.31,0.31,0.29,0.31,0.31,0.31,60,1026628,311306.00,
532667,SUZLONENERGY,A ,Q,14.75,14.75,14.25,14.32,14.32,14.60,2956,3536738,50993653.00,
532668,AURIONPRO SO,B ,Q,117.00,117.00,111.55,114.45,114.45,117.85,69,2159,246614.00,
532669,SOUTHBIOTEC ,XD,Q,8.70,9.00,8.55,8.73,8.60,8.78,37,38356,334994.00,
532670,RENUKA SUGAR,A ,Q,15.25,15.30,14.60,14.70,14.70,15.25,671,743806,11039652.00,
532673,KM SUGARMILL,B ,Q,28.70,29.02,26.26,26.26,26.26,27.64,690,278398,7723168.00,
532674,BANNARI AMMA,B ,Q,303.55,305.00,295.00,299.40,299.40,305.70,17,950,284675.00,
532676,PBA INFRASTR,B ,Q,23.90,25.00,22.30,22.75,22.50,24.55,80,7167,167979.00,
532678,BOMBAY RAYON,B ,Q,154.00,154.00,152.90,152.90,152.90,155.15,5,70,10775.00,
532679,STORE ONE   ,B ,Q,147.95,153.75,141.00,145.60,146.00,147.05,1185,62572,9281384.00,
532682,ABG SHIPYARD,B ,Q,37.50,37.80,33.50,34.55,34.55,37.35,3189,391608,13910715.00,
532683,AIAENGINEER ,A ,Q,1286.15,1286.15,1240.00,1244.85,1241.05,1286.15,316,2062,2583879.00,
532684,EVEREST KANT,B ,Q,37.00,37.00,32.90,33.75,34.00,36.35,1755,325001,11064942.00,
532686,KERNEX MICRO,T ,Q,40.20,40.20,38.00,39.45,39.45,40.00,33,5775,221525.00,
532687,REPRO INDIA ,B ,Q,424.00,424.00,416.00,418.60,416.00,424.05,154,2243,940543.00,
532689,PVR LTD     ,A ,Q,1212.00,1238.00,1200.30,1228.70,1225.00,1209.40,1484,10661,13008170.00,
532690,RAMSARUP IND,T ,Q,1.99,2.19,1.99,1.99,1.99,2.09,11,3680,7764.00,
532692,RADHA MADHAV,B ,Q,19.87,19.87,17.99,17.99,17.99,18.93,2531,2862463,54888500.00,
532693,PUNJ LLOYD  ,A ,Q,21.65,21.80,20.80,21.00,21.00,21.65,772,280816,5961367.00,
532694,BARTRONICSIN,B ,Q,15.45,15.45,14.05,14.41,14.41,15.05,361,73011,1055211.00,
532695,CELEBRITYFAS,B ,Q,12.45,12.46,11.70,12.05,12.05,12.71,91,32318,393176.00,
532696,EDUCOMP SOLN,B ,Q,11.70,12.00,11.45,11.48,11.50,11.97,270,91406,1061586.00,
532698,NITINSPINNER,B ,Q,74.25,74.25,71.00,71.40,71.40,73.75,332,32499,2341173.00,
532699,ROYALORCH   ,B ,Q,80.80,80.80,77.20,78.65,78.65,82.55,367,25824,2043806.00,
532700,ENT NETWORK ,B ,Q,790.80,790.80,757.00,760.85,764.00,773.55,138,871,663535.00,
532701,SREE SAKTHI ,XD,Q,10.26,10.81,10.00,10.01,10.20,10.21,21,7090,72455.00,
532702,GUJ PETRONET,A ,Q,153.20,154.20,150.00,151.50,151.50,153.05,504,26113,3959029.00,
532705,JAGRAN PRAK ,B ,Q,183.00,184.75,175.00,183.90,180.95,184.85,575,10352,1872414.00,
532706,INOX LEISURE,B ,Q,244.70,247.00,218.00,243.20,242.50,244.70,584,15688,3779269.00,
532707,DYNEMIC PRO ,XD,Q,91.80,93.50,87.20,91.65,91.50,90.80,552,189545,17208748.00,
532708,GVK POWERINF,A ,Q,7.21,7.30,6.51,6.62,6.62,7.07,1500,1250962,8513189.00,
532710,SADBHAV ENGG,A ,Q,268.00,268.40,263.50,263.90,264.00,266.35,111,1110,294714.00,
532711,SUNIL HITECH,B ,Q,424.70,424.70,396.65,404.60,404.60,422.55,2569,124095,50687769.00,
532712,REL COM LTD ,A ,Q,46.50,46.60,43.90,44.10,44.10,46.20,4998,1987235,89492778.00,
532713,SAKUMA EXPO ,B ,Q,62.50,63.00,59.60,62.05,62.30,63.75,164,17152,1053149.00,
532714,KEC INTERN  ,A ,Q,124.00,124.40,119.80,123.65,123.20,123.20,542,38483,4683358.00,
532715,GITANJALI GE,B ,Q,74.10,75.00,67.50,69.90,69.90,74.10,3732,373506,26499145.00,
532716,GILLA ARBUT ,B ,Q,68.10,69.35,67.00,67.55,69.35,68.50,20,1324,89310.00,
532717,INDOTECHTR  ,B ,Q,205.45,208.20,200.60,203.90,202.35,207.85,142,1811,367864.00,
532718,PRATIBHA IND,B ,Q,15.90,15.90,14.85,14.90,14.90,15.75,508,134030,2035284.00,
532719,BL KASHYAP  ,B ,Q,25.05,25.50,23.50,24.70,24.55,25.10,638,146489,3572799.00,
532720,M&M FINANSER,A ,Q,351.65,354.40,338.00,342.25,342.25,349.95,2817,95203,32710247.00,
532721,VISA STEEL  ,B ,Q,19.81,19.81,18.20,18.41,18.25,19.47,250,38359,713746.00,
532722,NITCO TILES ,B ,Q,69.35,70.65,63.00,64.30,64.30,68.45,877,86677,5735266.00,
532723,MONNETPRO   ,XD,Q,14.90,15.95,14.90,15.95,15.95,16.80,2,202,3211.00,
532725,SOLAR IND   ,B ,Q,683.40,683.45,665.10,670.05,670.05,682.05,186,2389,1614205.00,
532726,GALLAN METAL,B ,Q,46.15,47.00,43.60,44.50,44.30,46.65,386,23282,1035769.00,
532727,ADHUNIK MET ,B ,Q,7.84,7.90,7.56,7.70,7.70,7.84,38,20538,156742.00,
532728,MALU PAPER  ,B ,Q,33.55,34.50,33.25,33.25,33.25,34.95,126,19153,640495.00,
532729,UTTAM SUGAR ,B ,Q,53.25,54.10,50.60,51.00,51.20,53.70,227,23687,1231796.00,
532730,STL GLOBAL  ,B ,Q,15.25,16.70,14.85,15.95,15.50,16.50,72,16736,259368.00,
532731,ROHIT FERRO ,B ,Q,5.65,5.82,5.08,5.15,5.26,5.64,231,92603,477231.00,
532732,KEWAL KIRAN ,B ,Q,1841.10,1882.20,1666.00,1830.00,1830.00,1880.00,77,384,687022.00,
532733,SUN TVNET   ,A ,Q,531.00,533.40,508.00,519.35,519.35,527.65,2680,99859,51964113.00,
532734,GODAWARI POW,B ,Q,74.00,74.15,69.25,70.10,70.10,74.05,454,53468,3806601.00,
532735,RSYSTEMINT  ,B ,Q,59.40,59.40,54.10,54.45,54.45,56.55,68,2689,150402.00,
532737,EMKAY GLOB F,B ,Q,69.50,69.50,68.15,69.50,69.50,71.80,14,3225,222470.00,
532738,TANTIA CONS ,B ,Q,16.00,16.00,15.00,15.15,15.00,16.20,20,3802,57903.00,
532740,LOKESH MACH ,B ,Q,79.30,79.30,76.00,77.00,77.00,80.50,81,9664,750569.00,
532741,KAMDHENU    ,B ,Q,93.10,99.55,87.00,90.40,90.50,92.35,1538,82403,7762798.00,
532742,PAUSHAK LTD ,XC,Q,639.30,639.30,579.95,591.95,600.00,624.10,48,1228,730721.00,
532744,GTN TEXTILE ,B ,Q,16.45,16.45,15.70,16.40,16.40,16.70,6,873,13723.00,
532745,INDICAP     ,XD,Q,48.00,48.00,42.50,43.40,43.00,45.20,348,71415,3205501.00,
532746,UNITY INFRA ,B ,Q,10.55,10.60,10.27,10.41,10.38,10.74,85,13799,143872.00,
532748,PRIME FOCUS ,B ,Q,73.15,74.40,73.15,73.25,73.20,74.15,47,5643,415449.00,
532749,ALLCARGO    ,B ,Q,198.15,201.70,189.00,192.00,192.00,195.75,692,30896,6026405.00,
532751,EASUNREYRL  ,B ,Q,31.75,31.90,29.95,30.15,30.00,31.30,72,7858,238297.00,
532754,GMR INFRASTR,A ,Q,12.90,12.99,12.26,12.34,12.34,12.87,2508,4834771,60835955.00,
532755,TECH MAH    ,A ,Q,427.80,434.00,415.00,429.65,429.65,427.80,3650,770662,326488570.00,
532756,MAHINDCIE   ,B ,Q,192.50,198.90,192.00,197.70,198.00,194.00,623,21497,4201911.00,
532757,VOLTAMP TRAN,B ,Q,827.00,827.00,806.00,809.90,809.90,827.20,286,3248,2649403.00,
532759,ATLANTA     ,B ,Q,71.85,71.95,66.00,68.10,68.45,71.05,775,78518,5410836.00,
532760,DEEP INDS   ,B ,Q,252.00,254.00,238.00,242.55,242.55,251.25,765,28238,6840603.00,
532761,HOV SERVICES,B ,Q,115.55,117.75,107.20,109.30,109.50,114.70,181,10176,1112731.00,
532762,ACTION CONST,B ,Q,55.50,56.30,49.20,50.40,50.40,54.85,2088,317763,16462562.00,
532764,GEECEE      ,B ,Q,139.65,139.90,134.00,135.20,135.50,138.50,233,11060,1500107.00,
532765,USHER AGRO  ,B ,Q,12.95,12.95,12.39,12.44,12.44,12.80,262,44095,553052.00,
532766,RICHA IND   ,XD,Q,29.10,29.10,27.00,27.95,28.00,28.75,159,44048,1245308.00,
532767,GAYATRI PROJ,B ,Q,659.90,659.90,644.00,645.75,645.75,655.95,57,218,141412.00,
532768,FIEM INDS   ,B ,Q,1419.00,1419.00,1278.00,1289.80,1284.15,1348.15,305,5974,7845501.00,
532770,HANUNG TOYS ,B ,Q,8.18,8.18,7.40,7.54,7.54,8.16,362,145177,1105660.00,
532771,JHS SVEN    ,B ,Q,39.60,40.70,37.40,38.50,38.50,39.60,784,146068,5630826.00,
532772,DCBBANK     ,A ,Q,128.25,129.95,125.65,128.65,128.65,127.75,1646,120108,15369262.00,
532773,GLOBAL VECT ,B ,Q,90.90,91.00,84.60,85.20,84.75,89.35,296,20374,1759807.00,
532774,ACCEL FRONTL,B ,Q,66.65,66.65,62.00,63.15,63.15,67.15,87,10503,664070.00,
532775,GTL INFRAST ,B ,Q,4.59,4.62,4.37,4.39,4.39,4.60,935,2115494,9352090.00,
532776,SHIVAM AUTO ,B ,Q,49.00,49.50,46.50,47.15,47.00,49.70,420,34301,1631438.00,
532777,INFO EDGE   ,A ,Q,942.35,949.90,886.00,916.05,905.00,942.80,442,3207,2928828.00,XD
532778,LANCO INFRA ,B ,Q,4.10,4.10,3.96,3.98,3.98,4.06,399,364386,1457642.00,
532779,TORNT POWER ,A ,Q,178.00,181.00,175.00,175.85,176.00,179.10,1285,96068,17040500.00,
532780,PARSVNATH   ,B ,Q,13.85,13.87,13.30,13.46,13.38,13.76,222,46834,631945.00,
532782,SUTLEJ TEXT ,B ,Q,807.00,807.00,780.05,783.90,783.90,810.70,99,839,661373.00,
532783,DAAWAT      ,B ,Q,261.00,261.00,259.00,260.00,260.00,259.25,12,1518,394963.00,
532784,SOBHA       ,A ,Q,267.05,267.80,258.40,261.80,262.85,267.05,433,6104,1594440.00,
532785,RUCHIRA PAP ,B ,Q,124.90,124.90,114.15,117.25,117.15,124.95,1162,81112,9648657.00,
532786,GREAT OFFSH ,B ,Q,27.15,27.15,24.70,24.80,24.80,26.20,1294,112290,2830552.00,
532787,ESS DEE ALUM,T ,Q,54.05,55.45,52.25,52.35,52.40,55.00,97,14788,786634.00,
532788,XLENERGY    ,B ,Q,3.28,3.28,3.26,3.27,3.27,3.10,8,1931,6309.00,
532790,TANLA       ,B ,Q,40.50,40.50,37.75,37.85,37.85,39.90,728,133445,5141485.00,
532792,CAIRN IND   ,A ,Q,241.00,243.35,230.95,236.85,236.85,240.10,3054,183275,43360158.00,
532794,ZEEMEDIA    ,B ,Q,39.10,39.10,36.55,37.20,37.20,38.30,2674,765146,28731473.00,
532795,SITINET     ,B ,Q,35.40,35.50,34.55,35.20,35.20,35.35,444,35996,1264766.00,
532796,LUMAX TECH  ,B ,Q,505.00,508.00,489.55,493.80,493.80,505.10,305,8900,4423286.00,
532797,AUTOIND     ,B ,Q,58.90,59.30,56.50,57.20,57.20,59.85,196,14934,858360.00,
532798,NTWK MED INV,A ,Q,41.55,41.60,40.05,40.20,40.20,41.40,469,90590,3675585.00,
532799,HUBTOWN     ,B ,Q,104.65,104.65,97.50,99.80,99.80,105.10,109,3718,372564.00,
532800,TV18BRDCST  ,A ,Q,42.75,42.90,40.65,40.90,40.90,42.55,1881,1013665,41905488.00,
532801,CAMBRIDGE   ,B ,Q,122.20,122.65,117.85,117.85,117.85,120.25,30,2441,290507.00,
532803,POCHIRAJU IN,B ,Q,9.55,9.55,8.82,8.92,9.05,9.80,195,15184,138638.00,
532804,TECHNOCRAFT ,B ,Q,384.15,385.00,373.10,375.25,374.00,384.20,180,2746,1031317.00,
532805,REDINGTON   ,A ,Q,100.20,101.95,96.00,98.00,98.00,99.70,808,81025,7975664.00,
532806,AI CHAMPDNY ,T ,Q,29.95,29.95,27.15,27.15,27.15,28.55,9,2187,59559.00,
532807,CINELINE    ,B ,Q,99.70,105.60,94.60,96.35,96.35,97.60,5036,423249,42516280.00,
532808,PGIL        ,B ,Q,170.00,170.05,160.00,161.90,161.90,170.30,64,5801,940772.00,
532809,FSL         ,A ,Q,38.80,38.85,37.10,37.75,37.95,38.55,831,293445,11210598.00,
532810,POWER FINAN ,A ,Q,116.90,116.90,110.70,113.95,113.95,115.85,4299,266655,30312676.00,
532811,AHLUWALIA CO,B ,Q,284.00,286.15,274.40,281.00,281.00,286.15,49,1580,438998.00,
532812,TRANSWARRANT,B ,Q,14.25,14.25,11.84,12.00,12.00,13.15,127,29531,378157.00,
532813,C & C CONSTR,B ,Q,22.00,22.65,20.20,21.20,21.20,22.75,85,15432,328484.00,
532814,INDIAN BANK ,A ,Q,215.25,215.30,202.45,207.05,207.05,211.40,1297,53095,11034619.00,
532815,SMS PHARMACE,B ,Q,103.80,103.80,97.00,99.70,99.50,105.10,410,30931,3092800.00,
532817,ORIENTAL    ,B ,Q,8.00,8.00,7.33,7.50,7.50,7.71,23,12650,94706.00,
532819,MINDTREE LTD,A ,Q,428.50,430.20,421.40,424.95,424.95,428.40,1449,34464,14675663.00,
532820,ELAND       ,B ,Q,27.10,28.20,26.50,26.70,27.25,27.80,174,29109,787042.00,
532822,IDEA CELL   ,A ,Q,73.60,74.40,71.55,72.05,72.05,73.60,3224,1731141,125207761.00,
532823,EURO CERAMIC,B ,Q,8.59,8.59,7.86,8.18,8.18,8.19,51,35671,296175.00,
532826,RAJ TELE    ,B ,Q,63.45,64.10,62.40,63.70,63.75,62.90,28,2172,137924.00,
532827,PAGE INDUSTR,A ,Q,15788.80,15915.90,15557.10,15766.05,15766.05,15788.80,401,683,10722218.00,
532828,AMD INDUS   ,B ,Q,37.35,37.95,34.50,36.60,35.55,38.15,315,30895,1123040.00,
532829,LAWRESHWAR  ,XD,Q,43.00,43.00,36.00,36.60,36.80,38.75,33,2610,96623.00,
532830,ASTRAL POLY ,B ,Q,430.05,435.95,418.25,420.90,420.90,433.25,259,4762,2014819.00,
532831,ABHI CORP LT,B ,Q,1.11,1.11,1.11,1.11,1.11,1.06,3,480,532.00,
532832,INDBUL REAL ,A ,Q,78.70,80.00,76.85,77.70,77.70,78.80,3422,952728,74624729.00,
532834,CAMLIN FINE ,B ,Q,110.60,111.70,103.50,107.95,107.95,110.55,1600,146620,15699969.00,
532835,ICRA        ,A ,Q,4305.00,4393.25,4130.00,4148.55,4148.55,4268.75,67,138,588952.00,
532836,SANCIA GLOB ,XT,Q,1.27,1.27,1.24,1.24,1.27,1.21,19,29323,36547.00,
532837,ORBITCO     ,B ,Q,5.38,5.50,5.21,5.36,5.36,5.34,187,99555,529105.00,
532839,DISH TV     ,A ,Q,89.20,90.90,85.10,87.35,87.35,89.00,6047,807433,70900228.00,
532841,SAHYA INDU  ,XD,Q,92.20,92.20,84.00,84.70,84.70,92.95,293,23526,2036020.00,
532842,SREE RAYALA ,B ,Q,168.05,173.50,159.00,162.50,162.50,166.80,1198,39993,6606111.00,
532843,FORTIS      ,A ,Q,172.00,172.10,165.55,169.05,169.05,171.90,3021,240336,40763901.00,
532845,TGBHOTELS   ,B ,Q,80.00,80.10,73.35,75.05,75.45,80.70,511,43506,3300283.00,
532847,HILTON MET  ,B ,Q,22.10,22.10,18.30,19.10,19.85,21.05,562,44061,866223.00,
532848,DELTA CORP  ,A ,Q,166.00,167.40,154.10,159.55,159.55,165.50,9505,1274532,204192708.00,
532850,MIC ELECTRON,B ,Q,16.80,16.80,15.70,15.80,15.80,16.65,891,437191,7104920.00,
532851,INSECTCID   ,B ,Q,490.95,494.05,487.65,490.50,490.50,494.25,142,1599,782926.00,
532852,MCD HOLDING ,B ,Q,47.00,47.65,43.00,43.90,43.90,47.35,452,49600,2214321.00,
532853,ASAHI SONG  ,B ,Q,243.35,249.95,231.10,237.60,242.40,244.90,659,22981,5534111.00,
532854,NITIN FIRE  ,B ,Q,34.90,35.00,32.00,32.90,32.90,34.70,1624,329251,10913637.00,
532855,HARYA CAPFIN,XD,Q,23.40,23.40,22.25,22.25,22.25,23.40,13,5761,134257.00,
532856,TIME TECHNO ,B ,Q,92.20,93.50,87.75,89.50,89.50,93.00,746,80173,7205314.00,
532859,HGSL        ,B ,Q,560.00,560.00,525.10,538.90,538.00,553.30,232,2791,1500437.00,
532864,NELCAST     ,B ,Q,60.60,62.15,60.00,60.60,61.10,62.00,177,11605,700637.00,
532865,MEGHMANI    ,B ,Q,44.65,44.80,42.45,42.65,42.60,44.60,2399,483024,20972474.00,
532866,QUINTEGRA SO,T ,Q,0.66,0.72,0.66,0.72,0.72,0.69,7,3400,2436.00,
532867,V2RETAIL    ,B ,Q,152.65,163.45,145.50,148.80,148.80,148.60,4862,226811,35131860.00,
532868,DLF LIMITED ,A ,Q,144.00,144.15,138.50,139.70,139.70,143.20,6331,1214093,171277181.00,
532869,TARMAT      ,B ,Q,47.00,49.00,43.30,44.50,44.00,48.50,68,12197,557222.00,
532870,ANKIT METAL ,B ,Q,2.45,2.49,2.20,2.26,2.28,2.35,214,228706,535529.00,
532871,CELESTIAL   ,B ,Q,24.85,25.00,23.10,23.95,23.95,24.15,84,26717,636097.00,
532872,SUNPHA ADV  ,A ,Q,325.00,325.00,308.40,310.65,310.65,325.30,2051,78285,24536941.00,
532873,HOUSING DEV ,A ,Q,75.80,76.15,72.45,73.40,73.40,75.80,4620,1248322,92431517.00,
532874,SURYACHAKRA ,XD,Q,3.38,3.38,3.06,3.10,3.17,3.20,218,250928,792270.00,
532875,ALLIED DIGIT,B ,Q,32.00,32.45,30.80,31.15,31.15,32.10,359,63024,1982581.00,
532877,SIMPLEX PROJ,B ,Q,26.50,27.30,25.65,26.20,26.20,26.15,29,5175,134790.00,
532878,ALPA LAB    ,T ,Q,40.55,42.10,38.55,38.55,38.55,40.55,107,20241,799523.00,
532879,SIR SHADI LA,XD,Q,70.20,70.20,67.65,70.05,69.40,67.65,97,23502,1642850.00,
532880,OMAXE LTD   ,B ,Q,165.80,166.60,165.10,165.35,165.20,165.10,1734,158371,26310592.00,
532882,OMNITECH    ,B ,Q,3.49,3.49,3.27,3.44,3.44,3.44,6,2312,7923.00,
532883,ZYLOG SYSTEM,T ,Q,4.16,4.16,4.16,4.16,4.16,4.37,10,8501,35364.00,
532884,REFEX       ,B ,Q,16.22,16.60,15.40,15.51,15.40,17.04,54,15550,248677.00,
532885,CENTRAL BK  ,A ,Q,91.50,91.80,87.55,88.50,88.50,91.20,1177,110754,9850087.00,
532886,SEL MANUF   ,B ,Q,3.20,3.33,3.12,3.15,3.15,3.24,118,123316,391314.00,
532887,SUJANATOWER ,B ,Q,10.12,10.52,9.85,9.99,9.91,10.35,220,60527,606777.00,
532888,ASIAN GRANIT,B ,Q,267.95,268.00,258.65,259.85,261.00,265.15,1282,48280,12678407.00,
532889,K.P.R. MILL ,B ,Q,1121.05,1133.00,1098.75,1129.55,1129.55,1116.75,246,2875,3207553.00,
532890,TAKE SOLUT  ,B ,Q,150.00,150.00,139.00,140.40,140.40,151.10,826,57925,8368156.00,
532891,PURAVANKARA ,B ,Q,46.80,47.75,45.30,45.75,45.80,47.15,293,26279,1214634.00,
532892,MOTILALOFS  ,B ,Q,532.40,534.95,507.25,512.00,512.00,534.20,1312,25956,13395885.00,
532893,VTM LTD     ,XC,Q,36.60,36.60,33.30,34.35,34.60,35.75,136,41149,1401742.00,
532894,IWIND ENERGY,T ,Q,5.24,5.24,4.87,4.87,4.87,5.12,44,33627,167696.00,
532895,NAGREKA CAP ,B ,Q,13.00,13.47,12.81,13.20,13.20,13.37,4,301,3941.00,
532896,MAGNUM VENT ,B ,Q,4.30,4.55,4.30,4.53,4.54,4.49,13,4055,17933.00,
532898,POWER GRID  ,A ,Q,175.00,175.40,171.00,173.45,173.45,174.50,1191,140358,24365329.00,
532899,KAVERI SEED ,A ,Q,420.80,423.80,396.25,399.85,399.85,422.75,2485,60828,24784942.00,
532900,SE INVESTM  ,B ,Q,222.05,231.00,222.00,228.00,228.00,228.00,6,241,54414.00,
532902,CONSOL CONST,B ,Q,3.89,4.00,3.75,3.77,3.75,3.95,9,3801,14871.00,
532904,SUPREME INFR,B ,Q,86.00,87.60,83.05,83.90,83.05,86.75,227,8435,718622.00,
532905,SAAMYA BIO  ,XD,Q,8.45,8.45,7.61,7.85,7.96,8.04,282,61438,489427.00,
532906,MAANALU     ,B ,Q,75.50,82.00,73.30,80.65,82.00,75.40,48,9547,735643.00,
532907,ILFSENGG    ,B ,Q,50.25,50.25,46.25,46.85,47.20,49.65,197,76941,3629001.00,
532908,SHARON BIO  ,B ,Q,11.05,11.25,10.45,10.60,10.65,11.02,373,77993,839635.00,
532910,ANILLTD     ,XC,Q,158.50,164.90,137.00,145.85,145.85,160.10,566,58452,8463020.00,
532911,PARLE SOFTWR,XD,Q,12.00,12.45,12.00,12.18,12.45,12.25,6,17212,207194.00,
532912,NET 4 INDIA ,B ,Q,2.59,2.59,2.59,2.59,2.59,2.72,1,50,129.00,
532914,ARCOTECH LTD,B ,Q,370.00,370.00,350.00,361.85,358.05,363.10,1213,57533,20779020.00,
532915,RELIGARE ENT,A ,Q,271.00,272.00,261.80,269.65,271.00,268.85,159,1573,420657.00,
532916,BARAK VALL  ,B ,Q,28.50,28.70,27.45,27.45,27.45,28.85,50,7906,218418.00,
532918,RATHI BARS  ,XD,Q,12.35,12.35,10.50,10.83,10.80,12.12,77,27213,315586.00,
532919,ALLIED COMP ,XT,Q,0.13,0.13,0.13,0.13,0.13,0.13,13,345450,44908.00,
532920,EMPEE DIST  ,B ,Q,60.10,60.70,58.00,58.40,58.05,61.60,159,9633,574010.00,
532921,ADANI PORTS ,A ,Q,288.10,292.05,284.65,288.55,288.55,288.10,4457,293998,84846223.00,
532922,EDELWEISS   ,A ,Q,115.50,115.50,108.60,112.15,112.15,115.00,1561,153803,17076431.00,
532923,REN JEWELERY,B ,Q,153.00,154.20,145.00,145.65,145.65,151.85,90,6635,976651.00,
532924,KOLTEPATIL  ,B ,Q,124.10,125.45,120.75,121.95,122.05,125.50,146,7790,952149.00,
532925,KAUSHAL INFR,B ,Q,5.18,5.30,5.10,5.21,5.21,5.34,19,942,4868.00,
532926,JYOTHY LAB  ,B ,Q,352.50,352.50,344.00,348.30,347.00,354.05,317,6907,2404856.00,
532927,ECLERX      ,A ,Q,1510.00,1510.00,1489.00,1497.40,1490.70,1492.60,153,489,731547.00,
532928,TRIL        ,B ,Q,335.75,335.75,319.00,322.05,324.00,335.45,136,2043,667232.00,
532929,BRIGADE     ,B ,Q,178.20,180.00,177.00,178.90,178.05,178.55,67,1616,287952.00,
532930,BGR ENERGY  ,B ,Q,119.35,119.35,111.85,113.90,113.90,117.30,896,39621,4519461.00,
532931,BURNPUR     ,B ,Q,15.60,15.70,14.77,14.80,14.78,15.18,172,289772,4363305.00,
532932,MANAKSIA LTD,B ,Q,60.00,65.75,58.35,58.90,58.90,57.75,1427,133643,8411672.00,
532933,PORWAL AUTO ,XD,Q,41.00,41.00,38.50,39.25,39.25,41.15,331,63882,2513310.00,
532934,PPAP        ,B ,Q,180.00,181.00,167.00,172.30,172.00,178.35,577,205791,36893580.00,
532935,ARIES AGRO  ,B ,Q,125.50,128.50,117.10,120.05,120.05,129.30,360,24273,2955442.00,
532937,KUANTUM     ,XC,Q,466.00,499.95,459.00,473.25,470.00,498.95,239,8856,4226932.00,
532938,CAPF        ,B ,Q,692.55,695.00,647.15,660.00,660.00,691.75,1619,34007,22702930.00,
532939,RPOWER      ,A ,Q,45.80,45.95,43.85,44.10,44.10,45.85,3093,997063,44546562.00,
532940,J KUMAR INFR,B ,Q,202.35,203.25,185.60,190.70,190.70,200.80,1809,99992,19244925.00,
532941,CORDS CABLE ,B ,Q,63.70,65.00,57.05,58.05,58.75,61.95,254,15559,944519.00,
532942,KNR CONST   ,B ,Q,709.95,711.50,690.00,707.00,711.50,715.55,149,3085,2166547.00,
532944,ONMOBILE    ,B ,Q,109.50,110.00,104.60,105.20,105.20,108.85,737,927712,98185183.00,
532945,SHRIRAM EPC ,B ,Q,35.50,37.40,34.90,37.40,37.40,31.20,5856,1389016,51047800.00,
532946,BANG        ,B ,Q,24.50,24.75,23.60,24.70,24.70,25.70,14,1952,47303.00,
532947,IRB INFRA   ,A ,Q,221.35,223.00,216.60,218.60,218.60,223.80,1955,135877,29827329.00,
532948,TULSI EXTRU ,B ,Q,4.90,5.39,4.62,4.76,4.68,4.52,29,23622,116457.00,
532951,GSS INFOTECH,B ,Q,35.15,35.15,31.55,32.70,32.70,33.50,41,2628,86730.00,
532952,NAHAR CAP   ,B ,Q,93.00,94.85,91.00,91.00,91.00,94.15,17,1001,92059.00,
532953,V GUARD IND ,B ,Q,206.00,207.15,195.00,196.25,196.40,205.50,2055,60831,12095172.00,
532955,RECLTD      ,A ,Q,125.05,125.40,119.75,123.80,123.80,125.70,4266,464571,57134013.00,
532957,GOKAK TEXTI ,XD,Q,50.20,52.00,47.65,49.45,49.50,50.80,45,2069,102422.00,
532959,GAMMON INFRA,B ,Q,4.94,4.94,4.58,4.71,4.71,4.93,226,234515,1098131.00,
532960,IBVENTURES  ,B ,Q,24.00,24.30,23.05,23.40,23.40,24.05,521,103150,2430340.00,
532961,SITA SHREE  ,B ,Q,10.99,10.99,9.85,9.92,9.92,10.55,365,114350,1148721.00,
532966,TITAGARH WAG,B ,Q,112.75,112.75,101.00,109.55,109.55,111.95,1053,119600,13039423.00,
532967,KIRI DYES   ,B ,Q,340.50,341.00,316.65,321.65,321.65,338.00,2122,60710,19755124.00,
532972,SANKHYA INFO,XD,Q,26.00,26.00,23.70,23.95,23.95,25.10,88,29738,728099.00,
532974,ABML        ,B ,Q,26.30,27.00,25.60,26.00,26.00,26.90,82,9310,242252.00,
532975,AISHWARYA TE,XT,Q,4.85,5.04,4.75,4.75,4.75,5.00,64,155542,745047.00,
532976,JAIBALA IND ,B ,Q,15.89,15.90,15.03,15.03,15.03,15.82,41,9524,146439.00,
532977,BAJAJ AUTO  ,A ,Q,2829.90,2849.00,2805.00,2813.35,2813.35,2831.45,2028,18268,51590412.00,
532978,BAJAJ FINSE ,A ,Q,3375.00,3375.00,3181.70,3196.80,3196.80,3354.25,3545,17196,55814629.00,
532979,PIRPHYTO    ,B ,Q,96.55,98.80,90.00,90.90,90.90,97.65,458,39331,3656019.00,
532980,GOKUL REFOIL,B ,Q,17.66,18.16,16.10,16.80,16.57,17.88,130,13809,235524.00,
532983,RPG LIFESCI ,B ,Q,471.25,475.00,445.50,450.10,450.10,471.75,985,22811,10385416.00,
532985,KOTAK SENSEX,B ,Q,282.00,282.00,280.45,280.45,280.45,282.00,9,1329,374159.00,
532986,NIRAJ CEMENT,XD,Q,17.39,17.39,15.45,16.92,16.86,15.81,540,366447,6235880.00,
532987,RANE BRAKE  ,B ,Q,1034.55,1040.00,952.15,980.20,980.20,1016.55,1564,14570,14235135.00,
532988,RANE ENGVL  ,B ,Q,672.45,672.45,619.00,641.95,641.95,670.65,277,1841,1180675.00,
532989,BAFNA PHARMA,B ,Q,32.70,32.70,30.30,31.40,31.40,32.70,150,23239,725449.00,
532990,METKORE     ,B ,Q,3.37,3.43,2.90,3.00,3.09,3.12,431,645943,2109596.00,
532991,MVL LIMITED ,B ,Q,0.42,0.44,0.42,0.44,0.44,0.44,15,53653,22775.00,
532992,CHL LTD     ,XT,Q,22.00,22.00,20.30,20.30,20.30,21.15,15,5348,110604.00,
532993,SEZALGLASS  ,T ,Q,6.15,6.16,5.65,6.14,6.14,5.87,13,4050,24350.00,
532994,ARCHIDPLY IN,B ,Q,68.85,68.90,63.00,63.95,63.25,67.75,388,31682,2061920.00,
532997,KSK ENERGY  ,B ,Q,25.00,25.35,24.70,24.75,24.70,25.35,178,29347,734124.00,
532998,LOTUS EYE   ,B ,Q,24.25,24.25,22.70,22.85,22.85,23.70,84,12673,291962.00,
533001,SOMI CONVEY ,B ,Q,39.50,42.75,39.50,41.80,41.80,42.30,24,5770,237529.00,
533006,BIRLA COTSYN,T ,Q,0.08,0.09,0.07,0.08,0.08,0.08,70,3674275,297872.00,
533007,LGB FORGE   ,B ,Q,6.67,6.99,6.45,6.54,6.70,6.72,71,32871,216552.00,
533008,OCL IRON&ST ,B ,Q,8.45,8.55,8.10,8.25,8.25,8.35,102,19499,163813.00,
533012,LANDMRK PRO ,B ,Q,3.65,3.97,3.62,3.72,3.71,3.82,25,22988,85069.00,
533014,SICAGEN IND ,B ,Q,28.30,28.50,26.00,26.30,26.10,27.35,301,47378,1265046.00,
533015,NUTEK INDIA ,B ,Q,0.98,1.00,0.92,0.95,0.95,0.96,106,105529,98026.00,
533017,RESURGERE   ,Z ,Q,0.78,0.78,0.78,0.78,0.78,0.82,13,60080,46862.00,
533018,SIMPLEX MIL ,XD,Q,18.95,18.95,18.95,18.95,18.95,18.05,4,300,5685.00,
533022,20 MICRONS  ,B ,Q,43.00,44.40,40.00,41.10,41.10,42.70,1545,194184,8164687.00,
533023,WABCO       ,B ,Q,5589.45,5624.00,5481.00,5568.80,5568.80,5559.95,172,445,2470432.00,
533029,ALKALI      ,B ,Q,82.45,83.00,77.90,79.15,78.80,83.65,84,4326,345254.00,
533033,ISGEC       ,B ,Q,5002.00,5050.00,4814.70,4982.70,4952.05,5102.30,352,1932,9543938.00,
533047,INDIAN MET  ,B ,Q,437.00,444.90,391.40,401.35,401.35,434.85,1402,46824,19016603.00,
533048,GI ENGINERG ,B ,Q,3.19,3.19,3.19,3.19,3.19,3.35,2,1028,3279.00,
533056,VEDAVAAG    ,XD,Q,40.65,41.95,37.35,38.60,39.30,40.65,175,30875,1212940.00,
533065,REISIX TENR ,B ,Q,0.68,0.68,0.68,0.68,0.68,0.65,6,91389,62144.00,
533068,ARROW TEX   ,B ,Q,43.60,43.75,41.50,41.75,41.75,43.90,109,11907,503333.00,
533078,MANJEERA    ,XD,Q,51.80,51.80,51.80,51.80,51.80,49.40,1,1,51.00,
533080,MOLDTKPACK  ,B ,Q,230.00,230.00,218.10,221.85,221.85,227.45,269,8121,1814503.00,
533083,RISHABHDEV  ,XT,Q,0.69,0.69,0.63,0.63,0.63,0.66,8,8631,5529.00,
533088,MAH HOLIDAY ,B ,Q,436.40,445.00,426.75,435.50,435.50,436.95,333,5397,2346826.00,
533090,EXCEL       ,B ,Q,50.80,50.85,46.00,46.15,46.15,50.45,260,63683,3002165.00,
533093,RAJ OIL     ,T ,Q,3.17,3.17,2.91,3.03,3.03,3.02,356,584810,1831268.00,
533095,BENGLA& ASM ,XC,Q,1210.00,1250.00,1141.50,1171.60,1181.00,1204.75,78,1014,1196507.00,
533096,ADANI POWER ,A ,Q,26.45,26.45,25.20,25.40,25.40,26.25,2600,1385777,35519900.00,
533098,NHPC        ,A ,Q,26.30,26.65,26.05,26.25,26.25,26.35,1076,429123,11291654.00,
533101,SURYAMBA SP ,XD,Q,79.00,80.50,75.20,76.90,76.25,80.60,43,4180,325509.00,
533103,JINDALCOTEX ,B ,Q,19.90,19.90,18.60,18.90,18.90,20.40,162,41962,797503.00,
533104,GLOBUS SPR  ,B ,Q,103.00,103.85,90.80,94.85,94.85,102.10,1116,109168,10393373.00,
533106,OIL INDIA   ,A ,Q,408.50,411.00,398.65,403.60,403.60,408.40,1803,76313,30909318.00,
533107,RDEL        ,A ,Q,58.85,58.95,55.10,55.75,55.75,58.40,3543,595263,33778208.00,
533108,BHILWRA TEC ,XD,Q,8.25,8.50,8.25,8.37,8.50,8.45,10,4725,39362.00,
533109,EURO MULTI  ,B ,Q,1.75,1.75,1.75,1.75,1.75,1.73,3,1800,3150.00,
533110,SH PRECOTED ,XD,Q,2.87,2.87,2.55,2.61,2.55,2.63,18,11164,29281.00,
533121,SQSBFSI     ,B ,Q,732.00,740.45,700.00,711.80,714.30,740.85,378,3763,2689828.00,
533122,RTNPOWER    ,A ,Q,8.20,8.22,7.75,8.02,8.02,8.20,877,1015357,8116440.00,
533137,DEN NETWORK ,A ,Q,78.40,78.40,76.50,77.95,78.30,77.95,103,29403,2287582.00,
533138,ASTEC LIFE  ,B ,Q,649.00,658.00,599.00,608.10,608.10,641.85,3784,89734,55795924.00,
533144,COX KINGS   ,A ,Q,216.15,220.15,200.60,204.65,204.65,220.20,2289,117286,24211286.00,
533146,DLINK IND   ,B ,Q,85.85,86.85,81.15,82.45,83.00,85.85,300,19527,1631097.00,
533148,JSW ENERGY  ,A ,Q,63.25,64.05,62.15,62.70,62.70,64.15,1764,221980,13998147.00,
533149,ESSAR SECU  ,XD,Q,29.55,31.50,29.55,31.50,31.50,31.80,6,366,11034.00,
533150,GODREJ PROP ,A ,Q,364.65,366.25,356.95,358.15,360.00,364.40,465,11195,4028112.00,
533151,D B CORP    ,A ,Q,380.15,383.30,377.75,379.25,378.20,379.85,126,3822,1452874.00,
533152,MBL INFRA   ,B ,Q,97.55,100.50,95.00,98.95,98.95,99.65,883,99635,9825121.00,
533154,INFINITE    ,B ,Q,241.95,241.95,237.10,239.35,239.90,241.25,207,15234,3643227.00,
533155,JUBL FOOD   ,A ,Q,964.00,980.00,955.25,960.45,960.45,965.55,2206,46405,44987360.00,
533156,VASCON ENG  ,B ,Q,35.05,35.60,33.55,34.05,34.05,35.25,1012,258617,8919189.00,
533157,SYNCOM HEAL ,B ,Q,8.16,8.45,7.60,7.94,7.95,8.17,209,51874,413509.00,
533158,THANGAMAYIL ,B ,Q,236.45,239.40,232.00,232.00,232.00,242.75,64,1328,312463.00,
533160,D B REALTY  ,B ,Q,46.10,46.95,44.50,45.00,45.00,46.50,580,54137,2468649.00,
533161,EMMBI       ,B ,Q,127.35,127.35,122.00,123.00,122.00,126.65,259,25112,3128360.00,
533162,HATHWAY CAB ,A ,Q,29.80,30.55,29.65,29.95,29.80,29.95,277,39627,1191555.00,
533163,ARSS INFRA  ,B ,Q,77.20,78.65,73.20,75.60,75.60,77.15,972,98868,7507616.00,
533164,TEXMO PIPES ,B ,Q,27.80,27.80,25.45,25.55,25.55,27.20,220,25851,670360.00,
533166,SUNDARAMMUL ,B ,Q,4.43,4.43,4.15,4.28,4.28,4.45,152,183509,795296.00,
533167,CORO ENGG   ,XC,Q,42.60,43.50,41.40,42.00,42.00,43.75,79,22660,948622.00,
533168,ROSSELL IND ,B ,Q,104.65,105.00,100.00,100.80,100.85,105.05,30,1351,138716.00,
533169,MAN INFRA   ,B ,Q,49.15,49.55,47.50,48.25,48.25,49.35,1155,326700,15798985.00,
533170,TAMBOLI CAP ,XD,Q,99.55,100.00,91.00,95.20,96.60,98.75,287,61972,5960527.00,
533171,UNITED BANK ,B ,Q,20.85,20.95,20.60,20.75,20.85,20.95,101,19528,405645.00,
533172,IVZINGOLD   ,E ,Q,2786.00,2841.00,2786.00,2840.00,2840.00,2757.00,3,30,84400.00,
533176,DQ ENT      ,B ,Q,27.20,27.65,25.35,26.55,26.55,27.60,268,56200,1484315.00,
533177,IL&FS TRANS ,A ,Q,103.90,103.90,94.50,97.15,97.15,101.45,1952,122753,12045489.00,
533178,PRADIPOVERS ,B ,Q,2.00,2.34,2.00,2.34,2.34,2.05,13,3662,8242.00,
533179,PERSISTENT  ,A ,Q,649.45,657.50,643.00,649.00,647.05,653.45,385,5548,3600476.00,
533180,SGJHL       ,B ,Q,5.70,5.70,5.51,5.53,5.53,5.56,28,7474,41691.00,
533181,INTRASOFT   ,B ,Q,523.00,528.50,486.50,497.50,497.50,519.00,861,14208,7203654.00,
533189,GOENKA DIAM ,Z ,Q,0.76,0.79,0.76,0.79,0.79,0.79,5,1502,1164.00,
533192,KCP SUGAR IN,B ,Q,31.80,31.95,29.65,30.05,30.25,31.55,586,120643,3688711.00,
533193,KIRLOSKAR EL,B ,Q,67.05,68.70,62.70,64.00,64.00,67.65,1072,114801,7488101.00,
533200,TALWALKAR   ,B ,Q,261.00,261.00,246.80,253.65,253.65,262.30,495,17829,4534626.00,
533202,NITESH EST  ,B ,Q,13.00,13.24,12.75,12.77,12.76,13.10,109,92781,1196094.00,
533203,TARAPUR TRA ,B ,Q,5.33,5.69,5.30,5.60,5.60,5.79,6,429,2348.00,
533204,MANDHANA    ,B ,Q,23.35,26.95,23.10,26.95,26.95,24.50,2561,442569,11666634.00,
533206,SJVN        ,A ,Q,32.50,32.50,31.00,31.25,31.40,31.90,524,124768,3906012.00,
533207,JPINFRATEC  ,A ,Q,8.73,8.83,8.45,8.56,8.56,8.72,179,97532,831786.00,
533208,EMAMI PAPER ,XC,Q,144.60,150.90,144.60,144.60,144.60,152.20,205,31082,4507378.00,
533210,KRITI NUTRI ,XD,Q,22.00,22.00,18.60,19.50,19.55,21.15,140,31070,612105.00,
533211,PARAB DRUGS ,B ,Q,7.52,7.60,7.10,7.31,7.35,7.55,82,32588,239758.00,
533212,GKB OPHTHA  ,XD,Q,138.50,138.50,130.20,132.00,132.00,126.55,9,541,70608.00,
533213,FRONT SEC   ,XD,Q,22.60,22.60,22.60,22.60,22.60,22.70,1,60,1356.00,
533216,TECHNOFAB   ,B ,Q,192.00,192.00,187.00,187.50,187.50,192.95,28,787,149245.00,
533217,HMVL        ,B ,Q,297.05,298.00,289.25,290.90,295.00,297.80,106,2357,688297.00,
533218,EMAMI INFRA ,B ,Q,73.35,74.30,67.70,69.70,68.65,75.00,91,6972,491751.00,
533221,ASIAN HTL W ,B ,Q,210.05,211.00,205.00,208.00,208.00,210.25,16,70,14655.00,
533227,ASIAN HTL E ,B ,Q,215.00,215.00,207.20,207.20,207.20,218.30,19,633,133000.00,
533228,BHARATFIN   ,A ,Q,838.00,838.00,783.90,795.60,795.60,829.85,6455,173988,139108076.00,
533229,BAJAJ CORP  ,B ,Q,398.95,401.50,396.00,396.55,397.45,401.80,128,3454,1369720.00,
533230,HDFCMFGETF  ,E ,Q,2875.00,2889.98,2843.00,2857.00,2857.00,2851.00,49,368,1048545.00,
533239,PRAKASHSTL  ,B ,Q,1.68,1.68,1.55,1.56,1.59,1.61,89,169778,267959.00,
533244,GOLDIWIN    ,E ,Q,281.35,287.00,281.35,285.00,285.00,282.29,13,334,94727.00,
533248,GPPL        ,A ,Q,171.60,173.95,162.10,166.85,166.85,169.45,3868,157279,26138684.00,
533252,WELSPUN INV ,B ,Q,90.00,95.75,87.05,95.35,95.00,90.85,10,230,20541.00,
533257,INDOSOLAR   ,B ,Q,7.10,7.15,6.66,6.89,6.88,7.10,243,184244,1266738.00,
533259,MICROSECFIN ,B ,Q,50.00,51.50,48.50,50.35,51.50,51.30,27,3296,166301.00,
533260,CAREERP     ,B ,Q,122.80,125.00,119.55,121.75,121.85,124.75,287,16832,2051328.00,
533261,EROS MEDIA  ,B ,Q,185.40,185.40,177.00,181.30,181.30,185.85,518,27221,4920812.00,
533262,RAMKY INFRA ,B ,Q,73.00,73.00,70.00,72.10,72.70,73.85,99,5854,417786.00,
533263,GREENPOWER  ,B ,Q,9.80,9.89,9.60,9.78,9.78,9.92,74,50349,490696.00,
533264,ELECTROSTEEL,B ,Q,3.30,3.30,3.09,3.11,3.11,3.30,259,685214,2145814.00,
533265,GALLISPAT   ,B ,Q,523.60,524.40,522.50,523.30,523.70,523.65,87,6673,3493467.00,
533267,CANTABIL    ,B ,Q,69.50,69.95,66.00,67.70,67.70,70.65,13,670,45490.00,
533268,SEATV       ,XD,Q,6.00,6.00,6.00,6.00,6.00,5.97,3,500,3000.00,
533269,VATECH WABA ,A ,Q,481.50,481.50,450.90,463.30,465.00,478.90,879,14995,6926173.00,
533270,BEDMUTHA IN ,B ,Q,26.80,26.90,24.40,25.35,25.50,26.55,60,13175,335575.00,
533271,ASHOKA      ,B ,Q,161.35,161.40,156.10,157.65,159.00,161.35,294,11556,1825496.00,
533272,CEBBCO      ,B ,Q,14.02,14.58,13.91,14.09,14.09,14.53,188,31460,444399.00,
533273,OBEROI REAL ,A ,Q,361.25,362.30,335.60,345.55,346.05,362.20,1460,22293,7693210.00,
533274,PRESTIGE    ,A ,Q,186.05,186.05,180.00,181.55,181.50,186.65,206,6603,1205622.00,
533275,GYSCOAL     ,B ,Q,13.10,13.70,12.75,12.85,12.75,13.10,263,268120,3516922.00,
533276,BSLIMITED   ,B ,Q,5.25,5.25,4.96,4.97,4.99,5.22,636,711740,3568266.00,
533278,COAL INDIA  ,A ,Q,326.55,327.05,312.60,315.50,315.50,326.75,4516,1462094,461692203.00,
533281,TECHNO ELE  ,B ,Q,304.00,323.70,299.00,301.60,300.15,305.40,1094,18300,5613521.00,
533282,GRAVITA     ,B ,Q,35.50,35.80,33.10,34.45,34.40,35.20,273,37627,1303066.00,
533284,RPP INFRA   ,B ,Q,189.30,190.20,184.00,184.95,185.00,189.20,747,40207,7526660.00,
533285,RDB REALTY  ,XD,Q,44.00,46.00,39.95,41.10,41.10,40.55,27,6439,261455.00,
533286,MOIL LTD    ,B ,Q,359.90,359.90,331.90,335.60,335.60,356.80,5183,177161,60004638.00,
533287,ZEE LEARN   ,B ,Q,38.35,38.35,36.70,37.10,36.70,38.05,419,67244,2513573.00,
533288,CLARIS LIFE ,XC,Q,274.00,277.55,249.00,266.35,266.35,273.50,2372,282775,73620089.00,
533289,KESAR TERMI ,B ,Q,246.95,248.00,235.60,242.45,243.20,246.15,160,2098,508391.00,
533292,A2ZINFRA    ,B ,Q,45.85,45.85,41.25,42.25,42.25,45.60,3012,366640,15738307.00,
533293,KIRLOIL ENG ,B ,Q,342.00,347.80,330.00,343.25,345.00,344.70,343,4370,1480183.00,
533294,RAVI KUMAR  ,B ,Q,11.80,12.12,10.11,10.94,11.00,11.80,57,19130,208301.00,
533295,PUNJABNSIND ,B ,Q,52.30,52.75,50.60,50.80,50.80,52.40,249,19067,980507.00,
533296,FMNL        ,B ,Q,34.50,34.50,33.75,34.10,34.30,35.00,35,5428,185189.00,
533298,SURANASOL   ,B ,Q,25.50,25.50,23.40,23.90,23.90,24.85,70,18080,440655.00,
533301,SHEKHAWATI  ,B ,Q,1.63,1.65,1.50,1.55,1.60,1.58,58,30273,46406.00,
533302,KALYANI INV ,B ,Q,1305.00,1320.00,1300.25,1300.35,1301.00,1335.00,27,363,473658.00,
533303,BF INVEST   ,B ,Q,153.05,154.80,142.00,144.15,144.15,153.05,785,31770,4673494.00,
533305,SRS REAL    ,XC,Q,17.75,19.01,17.29,18.17,19.01,18.11,70,19802,358044.00,
533306,SUMMIT SECU ,B ,Q,435.05,435.05,425.00,428.50,425.00,444.70,33,323,139442.00,
533309,DALMIABHA   ,B ,Q,2039.75,2048.55,1940.00,1991.80,1980.00,2023.35,937,4423,8766906.00,
533315,INNO INVEST ,XD,Q,13.86,13.87,12.55,12.55,12.55,13.21,17,7610,97429.00,
533316,STEL        ,B ,Q,51.00,51.55,48.55,49.50,49.50,52.60,68,11756,590519.00,
533317,OMKAR SPC   ,B ,Q,164.40,164.55,155.75,156.25,156.25,163.50,630,35434,5602306.00,
533320,JUBILNT IND ,B ,Q,259.80,260.00,240.00,243.80,246.00,259.55,928,23548,5803199.00,
533321,BIL ENERGY  ,B ,Q,0.93,0.93,0.93,0.93,0.93,0.90,2,515,478.00,
533326,TEXMACO RAIL,B ,Q,105.30,105.85,102.50,103.65,104.00,106.00,502,43491,4504443.00,
533329,IND TERRAIN ,B ,Q,155.70,156.50,148.60,152.10,153.00,155.65,159,6265,953040.00,
533332,SUDAR       ,Z ,Q,2.58,2.66,2.57,2.57,2.57,2.70,9,26520,68222.00,
533333,FINEOTEX  CH,B ,Q,36.20,36.75,33.15,34.35,34.35,35.45,881,199216,6793690.00,
533336,DHUNINV     ,B ,Q,187.25,215.00,187.25,210.35,210.35,180.30,787,26037,5326692.00,
533339,ZEN TECH    ,B ,Q,73.75,75.00,71.00,72.20,71.20,74.50,177,18903,1375200.00,
533343,LOVABLE     ,B ,Q,284.50,286.85,269.10,271.15,271.15,284.60,1151,34775,9555420.00,
533344,PTCFIN SER  ,B ,Q,40.70,40.70,38.20,38.80,38.80,40.05,1274,280085,10887508.00,
533385,N100        ,E ,Q,308.00,317.99,308.00,317.99,317.99,313.79,10,420,132496.00,
533389,SHILPI CABLE,B ,Q,205.80,205.80,200.00,200.75,200.75,201.85,423,327318,66112487.00,
533398,MUTHOOT FIN ,A ,Q,354.65,354.90,336.70,343.80,343.80,350.10,1356,29597,10176908.00,
533400,FCONSUMER   ,B ,Q,21.00,21.30,19.95,20.05,20.05,20.95,1163,924465,18771060.00,
533401,SERVALAKSHMI,B ,Q,4.10,4.10,4.00,4.08,4.10,3.95,11,2770,11316.00,
533407,CIL NOVA    ,B ,Q,33.50,33.50,32.00,33.50,33.50,33.25,9,324,10779.00,
533408,BSLGOLDETF  ,E ,Q,2865.00,2865.00,2865.00,2865.00,2865.00,2989.00,1,4,11460.00,
533411,SANGH FORG  ,B ,Q,39.65,40.95,39.50,39.50,39.50,41.00,9,377,14950.00,
533427,VMS INDUSTR ,XD,Q,17.20,17.20,17.20,17.20,17.20,16.90,1,50,860.00,
533451,KARMA ENERG ,B ,Q,37.00,37.00,31.80,31.80,31.80,35.30,125,18379,601567.00,
533452,WEIZMANN FX ,B ,Q,178.00,178.00,166.60,170.00,170.00,179.20,31,656,111806.00,
533470,RUSHIL DECOR,B ,Q,661.70,664.90,645.00,647.50,647.50,657.90,1870,30261,19835867.00,
533477,ENKEI WHEEL ,XC,Q,195.50,203.50,192.40,194.40,194.25,200.85,132,5782,1135085.00,
533482,KRIINFRA    ,B ,Q,63.00,63.00,59.50,60.50,59.50,63.05,50,1512,92911.00,
533499,BGLOBAL     ,T ,Q,7.86,7.86,7.50,7.86,7.86,7.49,195,102345,800555.00,
533506,INVENTURE   ,B ,Q,17.50,18.05,17.30,17.80,17.80,18.45,8,877,15439.00,
533519,LNT FH      ,A ,Q,104.10,104.15,98.85,100.95,100.95,103.15,6176,1408605,142008686.00,
533520,INDBULL WSL ,B ,Q,25.25,26.40,23.95,24.25,24.00,25.80,230,47255,1174463.00,
533540,TREE HOUSE  ,B ,Q,31.55,34.50,30.90,31.30,31.30,32.15,557,204318,6408542.00,
533543,BROOKS LABS ,B ,Q,178.00,178.55,160.70,164.25,164.25,176.45,2253,125663,20984707.00,
533552,RUPA & CO   ,B ,Q,282.00,283.40,271.20,275.20,275.00,282.60,94,1804,501221.00,
533553,TD POWER    ,B ,Q,190.00,197.95,181.75,183.55,183.95,192.75,381,10774,1998249.00,
533569,SRS LIMITED ,B ,Q,6.51,6.54,6.15,6.22,6.22,6.52,597,252191,1588437.00,
533570,AXISGOLD    ,E ,Q,2864.99,2864.99,2792.02,2792.02,2792.02,2868.16,9,19,53674.00,
533573,ALEM PHARMA ,A ,Q,669.10,673.80,653.10,655.85,655.85,675.60,1441,17650,11609808.00,
533576,VASWANI IND ,B ,Q,10.60,11.86,10.50,10.74,10.78,11.12,68,17578,189344.00,
533581,PG ELECTRO  ,B ,Q,170.00,172.50,158.10,158.40,158.40,171.85,159,6904,1121217.00,
533605,PRAKASH CON ,B ,Q,16.80,17.10,13.60,15.55,15.55,16.65,1987,1107067,17279922.00,
533608,RDB RASAYAN ,XD,Q,40.05,41.25,36.10,38.80,39.00,40.05,215,31197,1190474.00,
533629,TIJARIA PPL ,B ,Q,6.43,6.94,6.40,6.66,6.55,7.03,31,9030,61107.00,
533632,ONELIFE CAP ,B ,Q,26.50,26.50,24.30,24.75,24.75,26.30,69,15261,386539.00,
533638,FLEXITUFF   ,B ,Q,196.00,197.00,191.90,194.00,194.00,191.50,529,19569,3796700.00,
533644,UJAAS       ,B ,Q,38.40,38.50,34.40,35.20,35.20,38.10,5145,1153753,41004692.00,
533655,TRIVENITURB ,B ,Q,127.60,128.00,126.50,127.05,127.05,127.20,138,18009,2287017.00,
533676,INDO THAI   ,B ,Q,24.45,24.45,22.75,23.85,23.85,24.45,15,1441,33509.00,
533704,ESSAR SHIP  ,B ,Q,29.40,30.05,28.60,28.75,28.75,29.25,187,21967,641254.00,
533719,IDBIGOLD    ,E ,Q,2805.20,2805.20,2805.20,2805.20,2805.20,2823.33,1,2,5610.00,
533758,APL APOLLO  ,B ,Q,925.00,932.00,916.90,926.35,917.10,923.00,147,3019,2797343.00,
533761,GPT INFRA   ,B ,Q,277.00,277.00,264.00,267.95,264.00,275.55,33,5347,1457863.00,
533790,KGN ENT     ,XD,Q,5.57,5.57,5.55,5.55,5.55,5.48,5,950,5284.00,
533896,FERVENTSYN  ,XD,Q,27.50,27.50,27.50,27.50,27.50,26.50,3,310,8525.00,
533941,TSIL        ,T ,Q,13.50,13.60,13.10,13.10,13.10,13.00,4,1712,23162.00,
533982,TERASOFTWARE,XC,Q,112.50,112.50,103.00,107.95,107.95,110.70,1329,240220,25744704.00,
534060,PMCFIN      ,XD,Q,0.63,0.64,0.60,0.62,0.62,0.63,205,1880319,1156467.00,
534063,FUT SOL     ,XT,Q,55.75,55.75,51.80,55.75,55.75,54.50,7,66,3583.00,
534076,ORIENT REF  ,B ,Q,126.00,126.80,118.35,119.25,120.00,126.60,530,30717,3719511.00,
534091,MCX LTD     ,B ,Q,1329.95,1354.20,1278.70,1334.85,1334.85,1322.00,9612,121289,160442234.00,
534139,SCHNEIDER   ,B ,Q,161.05,163.05,155.00,156.80,156.80,162.00,710,31510,5000869.00,
534184,NORL        ,B ,Q,5.95,6.00,5.60,5.68,5.68,5.92,337,140283,805081.00,
534190,OLYMPIC     ,XD,Q,17.70,18.15,17.60,18.00,18.00,18.40,21,3537,63673.00,
534309,NBCC        ,B ,Q,235.50,236.35,227.00,228.80,228.80,235.00,2915,156057,35852710.00,
534312,MT EDUCARE  ,B ,Q,136.00,136.50,130.20,133.25,133.25,136.05,479,21741,2895492.00,
534328,HEXATRADEX  ,B ,Q,18.45,18.50,17.65,17.85,17.75,18.75,111,26232,472844.00,
534338,MAXHEIGHTS  ,XD,Q,57.40,58.00,55.00,55.15,55.15,54.70,28,12202,690146.00,
534369,TBZ LTD     ,B ,Q,81.10,81.40,77.00,78.25,78.25,81.10,867,100316,7922445.00,
534392,VSSL        ,B ,Q,106.40,108.30,101.30,103.10,103.10,108.20,57,3959,413231.00,
534425,SPECIALITY R,B ,Q,89.00,89.00,86.00,86.00,86.00,88.50,28,17461,1528289.00,
534532,LYPSA GEMS  ,B ,Q,63.60,63.60,59.85,60.50,60.85,62.35,240,69081,4215035.00,
534535,BIOGRPAPER  ,XT,Q,2.02,2.02,2.02,2.02,2.02,1.93,1,100,202.00,
534564,ASEEM GLOBAL,XD,Q,2.29,2.29,2.29,2.29,2.29,2.29,1,50,114.00,
534567,VKS PROJECTS,T ,Q,0.10,0.11,0.10,0.10,0.10,0.11,23,340100,34510.00,
534597,RTNINFRA    ,B ,Q,3.30,3.34,3.20,3.23,3.28,3.27,91,435072,1407887.00,
534598,SEPOWER     ,B ,Q,9.27,9.27,8.36,8.78,8.80,8.90,14,2219,19436.00,
534612,AMTL        ,B ,Q,29.60,30.00,28.45,29.70,30.00,30.05,20,5920,173758.00,
534615,NECC LTD    ,B ,Q,45.20,45.20,43.25,43.30,43.30,45.00,11,1076,47466.00,
534618,SANGAM ADV  ,T ,Q,24.15,24.15,21.85,21.95,21.95,23.00,40,136553,3138274.00,
534623,JUPITER INFO,XD,Q,62.50,64.00,62.50,63.00,63.00,62.60,30,3075,194960.00,
534639,VINAYAK POL ,XD,Q,9.40,9.40,9.40,9.40,9.40,9.07,1,10,94.00,
534674,DUCON       ,B ,Q,92.00,92.10,83.40,83.40,83.40,87.75,2506,510989,45052409.00,
534675,PROZONINTU  ,B ,Q,44.15,44.35,42.65,42.65,42.65,44.85,1180,164916,7124407.00,
534690,LAKSHMIVILAS,B ,Q,154.00,154.00,147.50,149.40,151.00,152.60,639,18165,2719673.00,
534691,COMFORT COM ,B ,Q,12.10,12.35,12.05,12.17,12.35,12.08,122,3956,48006.00,
534707,ANSHUS CLOTH,B ,Q,2.95,2.95,2.62,2.70,2.70,2.69,71,75759,208195.00,
534731,BRONZE INFRA,B ,Q,3.48,3.48,2.90,2.92,2.92,2.97,25,19584,59605.00,
534734,RMCHEM      ,XD,Q,125.40,125.40,120.65,120.75,120.65,123.00,20,16233,2022072.00,
534741,VIRTUAL GLO ,XC,Q,6.46,6.49,5.80,6.36,6.36,6.15,185,766603,4767447.00,
534742,ZUARI AGRO  ,B ,Q,228.15,232.55,223.90,225.45,225.45,225.55,345,10937,2479635.00,
534748,STEEL EXCH  ,XC,Q,80.75,82.00,78.00,78.65,78.65,80.50,192,224988,17795772.00,
534756,TARA JEWELS ,B ,Q,44.55,44.95,40.75,42.25,42.25,45.00,473,55778,2374851.00,
534757,FOCUS IND   ,XD,Q,2.10,2.10,2.10,2.10,2.10,2.20,3,1000,2100.00,
534758,CIGNITI TECH,B ,Q,415.00,415.00,406.40,408.00,408.00,413.20,124,7371,3011246.00,
534796,PANKAJ POLY ,XD,Q,28.65,28.65,28.65,28.65,28.65,28.60,2,200,5730.00,
534804,CARE RATING ,A ,Q,1404.70,1413.90,1354.20,1365.55,1365.55,1396.00,868,5320,7329454.00,
534809,PC JEWELLER ,A ,Q,486.40,488.40,463.90,473.65,477.95,483.50,1214,24055,11402905.00,
534816,BH INFRATEL ,A ,Q,373.55,381.80,359.50,364.05,364.05,381.40,3601,129930,47912473.00,
534976,VMART       ,B ,Q,514.25,525.00,502.45,513.75,514.00,504.30,77,663,341658.00,
535141,SUNSTAR R   ,M ,Q,58.50,59.10,58.00,59.00,59.00,59.00,19,294000,17195400.00,
535267,COM FINCAP  ,XD,Q,14.35,14.40,14.25,14.32,14.30,14.33,49,3708,53118.00,
535276,SBISENSEX   ,B ,Q,290.00,290.00,288.00,288.00,288.00,290.60,13,70,20188.00,
535322,REPCO HOME  ,A ,Q,739.70,739.90,717.00,718.65,720.85,733.60,204,2554,1840786.00,
535466,SRL         ,M ,Q,17.50,17.50,17.50,17.50,17.50,17.50,1,24000,420000.00,
535467,AIFL        ,B ,Q,433.00,480.50,414.00,419.25,419.25,426.85,645,60768,25707908.00,
535514,PRIMECAPM   ,XD,Q,4.75,4.75,4.75,4.75,4.75,4.70,1,1000,4750.00,
535566,KIFS FSL    ,XD,Q,26.95,26.95,24.45,24.45,24.45,25.70,13,430,11058.00,
535602,SHARDA MOTOR,B ,Q,1270.00,1270.00,1205.70,1227.25,1237.00,1272.00,213,1499,1840192.00,
535621,SV GLOBAL   ,XC,Q,140.00,140.00,140.00,140.00,140.00,140.00,1,50,7000.00,
535648,JUSTDIAL    ,A ,Q,410.00,410.75,390.00,393.75,393.75,410.55,3783,142398,56978092.00,
535657,OONE        ,XT,Q,2.87,2.87,2.75,2.85,2.87,2.87,30,35351,101097.00,
535658,PAWANSUT    ,XD,Q,6.01,6.67,6.01,6.65,6.65,6.67,26,56255,374251.00,
535693,BRAHM INFRA ,XD,Q,32.50,32.50,30.60,31.05,31.00,33.00,43,9582,299394.00,
535694,EDSL        ,B ,Q,11.25,11.25,10.48,11.02,11.00,11.03,41,12926,139022.00,
535719,QUEST SOFTEC,XD,Q,1.52,1.52,1.52,1.52,1.52,1.60,2,800,1216.00,
535730,KHOOBSURAT  ,XD,Q,1.28,1.28,1.28,1.28,1.28,1.34,6,4350,5568.00,
535754,ORIENT CEM  ,B ,Q,172.85,173.50,168.10,169.85,169.85,173.05,486,20876,3576231.00,
535755,ABFRL       ,B ,Q,155.05,156.50,148.50,149.80,149.80,155.00,1503,93828,14196062.00,
535789,IBUL HSG FIN,A ,Q,801.00,803.65,775.85,789.15,789.15,806.35,3574,70819,55928087.00,
535917,GCMCOMM     ,M ,Q,2.90,2.90,2.90,2.90,2.90,3.22,1,6000,17400.00,
535958,INTEGRA GAR ,T ,Q,4.55,4.55,4.55,4.55,4.55,4.78,3,2000,9100.00,
536128,VKJINFRA    ,T ,Q,15.45,15.55,14.15,15.55,15.55,14.85,32,18901,285936.00,
536170,KUSHAL      ,B ,Q,331.10,333.00,327.20,328.95,328.95,328.70,3542,1679771,553799453.00,
536264,TIGER LOGS  ,B ,Q,274.95,278.00,264.10,266.30,266.30,271.95,229,23040,6276295.00,
536456,RJ BIOTECH  ,M ,Q,32.50,32.50,32.50,32.50,32.50,31.50,1,3000,97500.00,
536493,JKAGRI GEN  ,XC,Q,644.00,670.00,579.60,588.15,588.15,644.00,249,5702,3474440.00,
536507,FUTLIF FAS  ,B ,Q,142.40,144.10,135.90,139.30,139.50,143.85,455,13848,1941370.00,
536592,SKFL        ,B ,Q,119.00,119.00,118.90,118.95,118.90,117.00,4,1000,118950.00,
536659,PVVINFRA    ,XD,Q,10.60,10.60,9.63,10.59,10.59,10.70,4,260,2561.00,
536666,STAR FERRO  ,B ,Q,114.00,114.10,104.00,105.50,105.25,107.10,349,14219,1514178.00,
536672,VCU DATA    ,M ,Q,16.10,16.10,16.10,16.10,16.10,16.00,1,3000,48300.00,
536751,FIVEX FIN   ,XD,Q,0.72,0.72,0.72,0.72,0.72,0.72,2,300,216.00,
536773,JIN POLY INV,B ,Q,94.80,96.95,92.55,93.45,93.45,99.65,40,2170,202699.00,
536799,SRS FINANCE ,XD,Q,16.00,16.00,16.00,16.00,16.00,15.53,71,14999,239984.00,
536846,YURANUS INFR,XD,Q,11.05,11.05,11.05,11.05,11.05,10.65,12,2110,23315.00,
536965,BP CAPITAL  ,XD,Q,8.60,9.41,8.60,8.70,8.70,8.97,4,14606,130148.00,
536974,CAPTAIN POLY,B ,Q,133.00,134.30,125.00,130.00,130.00,132.00,80,20262,2666117.00,
537007,NIFTYIWIN   ,B ,Q,86.00,86.00,85.40,85.40,85.40,86.75,6,8,686.00,
537008,NIF100IWIN  ,B ,Q,91.00,91.00,90.40,90.85,90.85,93.10,6,114,10357.00,
537069,ARNOLD HOLD ,XD,Q,10.00,10.00,9.95,9.95,9.95,9.98,21,33621,334530.00,
537092,MODEX INT   ,XD,Q,74.00,75.00,66.00,74.00,74.00,70.00,11,37,2619.00,
537253,SUNIL HEALTH,XC,Q,84.85,84.85,79.50,80.15,80.15,85.40,92,7413,602746.00,
537259,SUYOG TELE  ,M ,Q,450.00,470.00,450.00,470.00,470.00,450.80,5,384000,172824000.00,
537291,NATH BIOGEN ,B ,Q,165.15,189.90,163.00,172.95,172.95,164.80,4867,160775,28601156.00,
537292,AGRI TECH   ,T ,Q,37.30,40.10,37.30,37.55,38.45,39.05,43,11870,447742.00,
537483,RELCNX100   ,B ,Q,89.00,89.00,87.85,87.85,87.85,90.25,5,6,531.00,
537524,VIAANINDUS  ,XC,Q,143.00,159.00,142.00,142.00,142.00,142.75,50,10147,1460966.00,
537536,DENIS CHEM  ,XD,Q,143.50,144.70,130.00,130.10,130.10,143.40,100,8638,1197330.00,
537669,SIVI        ,M ,Q,40.75,40.75,31.00,31.00,31.00,38.40,3,9000,311250.00,
537708,KOTAKNIFTY  ,B ,Q,862.00,862.00,850.00,854.50,854.00,860.00,25,468,402107.00,
537750,KIRAN VYPAR ,XC,Q,100.00,104.95,100.00,104.95,104.95,99.10,6,373,37550.00,
537784,KCS LTD     ,M ,Q,11.50,11.50,11.50,11.50,11.50,12.20,1,6000,69000.00,
537800,MANGALAM IND,XD,Q,23.40,23.40,22.40,22.45,22.40,21.90,4,2200,49780.00,
537820,VFL         ,B ,Q,15.20,15.85,14.50,15.10,15.10,15.80,104,17791,265149.00,
537838,MAHADUSHI IN,XD,Q,84.00,84.00,80.30,81.60,80.60,84.50,147,19400,1593979.00,
537839,PHOENIX TN  ,XD,Q,10.75,10.75,10.75,10.75,10.75,11.25,1,100,1075.00,
537840,RAUNAQEPC   ,XD,Q,141.05,150.00,141.05,148.85,148.85,141.10,23,2061,305879.00,
538019,OBI LTD     ,M ,Q,34.65,34.65,33.50,33.50,33.50,34.65,2,20000,681500.00,
538057,CPSE ETF    ,B ,Q,25.00,25.00,24.10,24.64,24.64,24.95,361,33925,831723.00,
538081,HARIA APL   ,XD,Q,3.40,3.40,3.10,3.38,3.39,3.24,38,7765,25669.00,
538092,JOONKTOLLEE ,XD,Q,145.00,155.85,145.00,145.00,145.00,148.50,6,164,24151.00,
538119,RNB DENIMS  ,M ,Q,20.00,22.00,20.00,21.50,21.50,19.00,22,230000,4774000.00,
538180,GOLD LINE   ,XC,Q,24.50,24.50,24.50,24.50,24.50,25.00,2,301,7374.00,
538268,WONDERLA    ,B ,Q,380.00,387.50,370.30,373.20,373.25,377.65,214,12863,4800223.00,
538351,AFEL        ,XD,Q,9.16,9.60,8.88,9.55,9.60,9.34,41,5958,54946.00,
538365,ADHUNIKIND  ,B ,Q,113.00,118.00,112.00,114.20,116.00,110.00,81,26684,3065499.00,
538422,JACKSON     ,XD,Q,5.69,5.69,5.69,5.69,5.69,5.80,1,25,142.00,
538432,DIVINUS     ,XD,Q,395.00,398.40,395.00,398.40,398.40,399.15,22,4800,1911154.00,
538433,CLASSIC     ,XD,Q,4.40,5.09,4.40,5.05,5.05,4.88,249,259992,1256189.00,
538476,CTL         ,XD,Q,55.50,56.50,53.50,53.70,53.70,56.05,48,30309,1625198.00,
538520,SBL         ,XD,Q,0.83,0.87,0.83,0.83,0.83,0.87,155,781080,658281.00,
538521,CROWNTOURS  ,XT,Q,47.00,47.00,45.85,45.90,45.90,48.00,50,20999,968935.00,
538542,GOLDCOINHF  ,XD,Q,13.91,15.80,13.91,15.75,15.80,14.59,95,28740,439075.00,
538548,VITANAGRO   ,XD,Q,19.80,19.95,18.55,19.65,19.65,19.80,99,10880,211396.00,
538557,SAIBABA     ,XT,Q,148.10,148.10,145.60,145.60,145.60,148.55,19,479,70256.00,
538562,SKIPPER     ,B ,Q,144.00,145.40,141.00,141.65,143.00,144.65,247,12524,1796544.00,
538564,JAMESWARREN ,XC,Q,128.00,128.00,126.80,126.80,126.80,127.15,4,225,28670.00,
538566,BESTSTEEL   ,XD,Q,89.00,89.00,82.50,83.75,83.50,86.50,85,17056,1447867.00,
538567,GULFOIL LUB ,B ,Q,726.25,740.00,718.05,726.45,734.90,726.20,210,2370,1718602.00,
538570,ACHAL       ,XD,Q,17.00,18.00,16.30,17.10,17.80,17.15,35,2726,46415.00,
538575,SURYAMARK   ,XC,Q,3.82,3.82,3.82,3.82,3.82,4.24,156,128376,490396.00,
538595,GLOSTER     ,XC,Q,450.10,454.80,421.00,427.00,433.50,445.85,104,3149,1379070.00,
538597,TTIENT      ,XD,Q,0.50,0.59,0.50,0.59,0.59,0.55,44,131718,68374.00,
538607,OJASASSET   ,XC,Q,4.44,4.44,4.44,4.44,4.44,4.67,10,3688,16374.00,
538634,VRL         ,XD,Q,33.30,33.30,31.65,31.65,31.65,33.30,7,1050,34552.00,
538635,SNOWMAN     ,B ,Q,66.40,66.95,61.10,61.75,61.75,64.70,2098,350084,22158768.00,
538647,PURSHOTTAM  ,XD,Q,7.71,7.71,7.71,7.71,7.71,7.35,3,21010,161987.00,
538649,IPRU2488    ,B ,Q,10.19,10.19,10.19,10.19,10.19,9.27,1,1,10.00,
538666,SHARDACROP  ,B ,Q,410.50,413.00,399.00,406.50,406.50,410.50,794,22901,9266917.00,
538685,SHEMAROO    ,B ,Q,348.55,349.05,329.65,332.30,330.20,346.95,522,13019,4445980.00,
538706,ULTRACAB    ,M ,Q,127.00,127.00,127.00,127.00,127.00,127.50,1,1500,190500.00,
538707,RCCL        ,XD,Q,25.25,25.25,25.25,25.25,25.25,26.45,1,50,1262.00,
538713,ATISHAY     ,M ,Q,45.00,47.90,45.00,47.90,47.90,45.00,17,76000,3489800.00,
538715,DHABRIYA    ,M ,Q,102.75,102.75,102.75,102.75,102.75,106.50,1,2500,256875.00,
538730,PDSMFL      ,B ,Q,178.00,178.00,170.00,170.85,170.00,175.00,15,1107,192872.00,
538732,VGCL        ,M ,Q,21.00,21.00,21.00,21.00,21.00,21.25,4,48000,1008000.00,
538734,ADCC        ,M ,Q,118.00,118.00,118.00,118.00,118.00,118.00,10,63000,7434000.00,
538770,CRANE INFRA ,XT,Q,12.25,12.27,11.90,11.90,11.90,11.80,9,2107,25784.00,
538771,PINCON      ,B ,Q,76.75,78.10,73.20,73.60,73.75,76.00,1888,304196,23299797.00,
538772,M3GLOBAL    ,XD,Q,11.08,11.08,11.08,11.08,11.08,10.68,5,5655,62657.00,
538786,CIL         ,XT,Q,5.71,5.71,5.71,5.71,5.71,6.01,19,58215,332407.00,
538787,GBFL        ,XC,Q,124.50,124.50,124.50,124.50,124.50,127.00,3,66,8217.00,
538788,GILADAFINS  ,XT,Q,11.60,12.12,10.98,12.12,12.12,11.55,9,4800,57202.00,
538794,JETINFRA    ,M ,Q,140.00,140.00,140.00,140.00,140.00,140.50,1,1000,140000.00,
538795,SAPPL       ,XD,Q,281.00,281.00,236.25,240.95,239.00,267.25,149,7231,1792028.00,
538835,INTELLECT   ,A ,Q,169.80,171.90,158.10,159.90,159.90,169.00,4282,292673,47285565.00,
538836,MONTECARLO  ,B ,Q,470.90,476.75,455.00,458.80,458.80,471.70,242,3152,1459642.00,
538837,JSTL        ,XD,Q,45.95,46.50,43.00,44.55,44.00,48.05,85,15008,666433.00,
538838,ICL         ,XT,Q,11.40,11.40,11.40,11.40,11.40,11.99,2,470,5358.00,
538855,RCBFIIAD    ,B ,Q,9.65,9.65,9.65,9.65,9.65,8.78,1,1,9.00,
538858,CAMSONBIO   ,XD,Q,32.05,32.45,31.00,31.45,31.50,32.05,265,74453,2343060.00,
538860,PANAFIC     ,XD,Q,22.00,24.05,19.90,23.15,23.15,21.90,184,146414,3257145.00,
538882," EMERALD    ",XD,Q,38.50,38.50,38.50,38.50,38.50,38.25,1,100,3850.00,
538890,MKEXIM      ,XD,Q,9.55,9.60,9.10,9.10,9.10,9.15,10,1774,16736.00,
538891,SIPROJECTS  ,XD,Q,161.90,164.80,160.50,161.25,161.00,161.90,581,41244,6644963.00,
538896,KANCHI      ,XT,Q,42.20,42.30,42.05,42.05,42.05,44.25,23,2368,99733.00,
538902,DHUN TEAIND ,B ,Q,317.45,317.50,307.10,311.00,313.00,316.35,60,1094,340261.00,
538919,SKILVEN     ,XT,Q,21.75,21.75,21.05,21.10,21.05,22.15,3,400,8570.00,
538922,COSYN       ,XD,Q,138.50,144.00,130.00,131.10,131.10,141.85,626,43082,5802387.00,
538942,MERCANTILE  ,XC,Q,12.10,12.50,10.57,11.12,10.57,11.80,21,15121,170410.00,
538961,GENUSPAPER  ,B ,Q,6.30,6.50,5.58,5.64,5.75,6.33,745,153830,904631.00,
538962,MINDACORP   ,B ,Q,113.00,113.00,103.00,106.95,106.95,109.40,361,30710,3271773.00,
538963,PACT        ,XD,Q,4.05,4.40,4.00,4.35,4.40,4.25,60,31628,135760.00,
538964,MERCURYLAB  ,XT,Q,613.00,614.40,585.00,590.00,590.00,600.00,30,1041,633123.00,
538965,CONCORD     ,XD,Q,59.50,59.50,56.10,58.25,58.95,57.20,23,3571,206041.00,
538979,GRNLAM IND  ,B ,Q,711.00,711.00,706.00,706.00,706.00,719.00,4,11,7809.00,
538987,TALBROSENG  ,XD,Q,324.35,357.80,296.15,323.05,323.05,306.55,716,50671,16745044.00,
538992,SAPL        ,XD,Q,96.00,96.00,96.00,96.00,96.00,92.35,1,15,1440.00,
539006,PTCIL       ,XD,Q,242.90,243.00,223.00,238.00,238.00,233.00,5,56,13536.00,
539007,MODI        ,XC,Q,224.00,226.00,220.00,220.00,220.00,221.30,89,23732,5353471.00,
539009,GBL         ,XT,Q,34.10,35.00,33.90,35.00,35.00,35.50,4,1200,41784.00,
539011,CHENFERRO   ,XT,Q,5.47,5.47,5.47,5.47,5.47,5.75,2,150,820.00,
539014,KALPACOMME  ,XC,Q,114.00,114.00,93.10,99.50,98.00,96.40,22,8553,863564.00,
539015,ORTEL       ,B ,Q,140.00,140.00,139.00,139.00,139.00,140.60,11,72,10052.00,
539016,NEIL        ,XD,Q,46.00,48.00,46.00,48.00,48.00,48.00,2,4,188.00,
539018,BEEKAY      ,XD,Q,125.45,125.45,125.45,125.45,125.45,120.95,1,98,12294.00,
539031,SETFBSE100  ,B ,Q,89.00,89.30,88.00,88.50,88.50,90.00,12,714,63225.00,
539032,FRASER      ,XD,Q,22.50,22.50,22.50,22.50,22.50,25.00,9,1147,25807.00,
539040,TTIL        ,XD,Q,14.30,17.40,14.30,17.15,17.15,15.85,494,142778,2297228.00,
539043,MANAKINDLTD ,B ,Q,14.10,15.75,13.61,14.60,14.60,15.00,13,5366,79023.00,
539044,MANAKSTELTD ,B ,Q,8.71,8.94,8.61,8.80,8.89,8.90,21,3046,27053.00,
539045,MNKALCOLTD  ,B ,Q,6.10,6.19,5.65,6.07,5.81,6.19,17,7001,40637.00,
539046,MNKCMILTD   ,B ,Q,8.51,8.59,8.00,8.05,8.05,8.80,24,5451,44204.00,
539056,ADLABS      ,B ,Q,98.75,99.70,93.00,94.65,94.65,98.55,845,69212,6678084.00,
539083,INOXWIND    ,B ,Q,219.90,219.90,202.80,204.35,204.35,215.35,1282,33743,7015032.00,
539097,YOGYA       ,M ,Q,5.88,5.88,5.88,5.88,5.88,6.00,1,8000,47040.00,
539098,FILTRA      ,M ,Q,28.70,28.70,28.70,28.70,28.70,28.70,1,7500,215250.00,
539110,NORTHLINK   ,XD,Q,8.57,8.57,8.57,8.57,8.57,8.17,1,95,814.00,
539113,PML         ,XT,Q,5147.00,5147.00,4800.00,4833.35,4800.00,4965.65,55,139,703314.00,
539116,OPCHAINS    ,M ,Q,14.25,16.80,14.25,16.40,16.40,14.00,4,40000,624500.00,
539118,VRLLOG      ,A ,Q,284.40,290.00,281.40,283.75,283.75,283.05,1404,37432,10675006.00,
539122,BODHTREE    ,XD,Q,28.50,29.60,28.10,28.40,28.20,28.90,94,31911,913007.00,
539123,VBIND       ,XD,Q,352.50,352.70,352.40,352.60,352.70,352.50,40,4400,1551130.00,
539126,MEP         ,B ,Q,40.05,42.00,39.50,41.30,41.30,41.25,333,56229,2307590.00,
539131,CLLIMITED   ,XD,Q,345.00,346.00,345.00,346.00,346.00,344.50,4,802,276692.00,
539132,VEGETABLE   ,XD,Q,4.60,4.70,4.03,4.52,4.70,4.68,341,111540,511539.00,
539141,UFO         ,B ,Q,482.00,482.00,460.60,465.40,465.40,474.30,513,9928,4665682.00,
539148,SHIVALIK    ,XT,Q,241.90,241.90,241.90,241.90,241.90,233.30,29,4537,1097500.00,
539150,PNCINFRA    ,B ,Q,118.15,118.20,112.90,114.05,114.05,117.55,286,17677,2039801.00,
539151,ARFIN       ,XD,Q,451.00,451.00,410.40,439.75,425.00,432.00,118,6514,2789914.00,
539168,SPISYS      ,XD,Q,19.35,19.35,16.30,16.30,17.35,17.75,14,6770,115228.00,
539176,HAWAENG     ,XT,Q,47.70,47.70,47.70,47.70,47.70,46.00,1,50,2385.00,
539195,POEL        ,XD,Q,116.50,116.55,106.85,110.00,110.00,112.45,154,25838,2824004.00,
539196,AEL         ,XD,Q,204.00,204.00,167.00,180.40,185.00,193.00,556,10975,2104318.00,
539200,NOBPOL      ,XD,Q,2.35,2.40,2.24,2.25,2.24,2.29,44,36836,85677.00,
539207,MANPASAND   ,B ,Q,702.35,710.00,693.15,703.20,703.20,705.60,408,183244,129095925.00,
539216,JUNCTION    ,M ,Q,24.50,24.50,24.00,24.00,24.00,24.75,5,56000,1356000.00,
539217,SRESTHA     ,XT,Q,8.10,8.20,7.80,8.20,8.20,8.20,9,1972,15754.00,
539220,MISHKA      ,M ,Q,29.95,30.00,29.95,30.00,30.00,29.50,3,15000,449500.00,
539223,AMBITION    ,M ,Q,59.40,59.40,59.40,59.40,59.40,50.90,1,6000,356400.00,
539224,SIICL       ,XT,Q,33.90,33.90,33.90,33.90,33.90,32.30,3,425,14407.00,
539227,LOYAL       ,M ,Q,18.00,18.00,17.55,17.55,17.55,18.00,2,16000,284400.00,
539229,MRSS        ,M ,Q,165.60,165.60,140.00,160.00,160.00,138.00,12,47500,7488000.00,
539251,BALKRISHNA  ,B ,Q,99.15,101.00,92.55,93.15,93.15,98.10,462,41195,3891075.00,
539252,SCFL        ,B ,Q,8.02,8.80,8.00,8.48,8.48,7.76,120,59495,499216.00,
539254,ADANITRANS  ,B ,Q,45.95,46.30,44.50,45.75,45.55,45.85,1898,207403,9410359.00,
539255,STARDELTA   ,XD,Q,118.00,118.00,114.00,114.00,114.00,113.60,11,340,39418.00,
539268,SYNGENE     ,B ,Q,547.05,550.90,531.40,541.90,541.90,547.05,1410,25649,13910907.00,
539274,BLFL        ,XT,Q,29.00,29.00,27.30,27.30,27.30,28.70,32,139601,3926583.00,
539276,KAYA        ,B ,Q,852.90,852.90,808.50,812.90,816.00,841.70,158,1330,1087378.00,
539287,ORTINLAABS  ,B ,Q,24.55,25.30,21.95,22.55,22.55,24.95,751,94042,2205544.00,
539289,MJCO        ,B ,Q,431.50,431.50,410.00,417.15,417.35,429.55,1231,25534,10673570.00,
539290,BINDALAGRO  ,B ,Q,30.45,31.40,29.60,30.25,30.25,30.70,131,32236,965315.00,
539301,ARVINFRA    ,B ,Q,88.05,89.25,84.10,86.15,86.30,88.60,646,35945,3102968.00,
539302,POWERMECH   ,B ,Q,487.50,494.95,479.25,479.95,479.95,490.60,188,2439,1178988.00,
539309,RAMASTEEL   ,B ,Q,144.75,144.75,136.00,140.70,139.90,142.85,151,21965,3083591.00,
539310,OYEEEE      ,MT,Q,38.00,38.00,38.00,38.00,38.00,40.00,1,3000,114000.00,
539311,NFIL        ,XD,Q,31.25,31.25,31.25,31.25,31.25,30.10,2,98,3062.00,
539312,UTISENSETF  ,B ,Q,279.25,279.25,279.25,279.25,279.25,280.00,2,30,8377.00,
539314,UNIAUTO     ,M ,Q,40.45,40.50,40.00,40.00,40.00,37.70,4,16000,644800.00,
539331,VETO        ,B ,Q,169.10,170.85,162.00,164.10,164.50,169.15,686,38570,6361331.00,
539332,NAVKARCORP  ,B ,Q,204.90,205.00,194.55,195.50,194.55,202.05,334,5948,1182123.00,
539334,SHREEPUSHK  ,B ,Q,183.95,192.10,172.50,178.20,178.20,182.55,6915,405967,73600217.00,
539336,GUJGAS      ,B ,Q,558.00,558.65,540.00,548.05,550.95,553.50,567,8910,4861870.00,
539346,SADBHIN     ,B ,Q,99.00,101.05,98.00,99.85,98.65,99.80,88,2535,251127.00,
539347,PHL         ,B ,Q,960.00,960.00,950.00,950.00,950.00,955.00,6,77,73670.00,
539351,PRABHAT     ,B ,Q,121.00,121.15,110.00,113.45,113.45,119.95,557,39463,4483402.00,
539352,PBFL        ,M ,Q,8.42,8.42,8.42,8.42,8.42,9.25,1,10000,84200.00,
539354,POLYSPIN    ,XT,Q,76.10,76.20,74.20,74.20,74.20,78.10,7,1880,140421.00,
539359,SHIVKRUPA   ,XD,Q,33.10,34.45,33.00,33.50,33.50,33.30,32,3767,126318.00,
539384,KRISHNACAP  ,XT,Q,4.40,4.40,4.37,4.37,4.37,4.60,2,2750,12092.00,
539392,SANGFROID   ,XD,Q,2.00,2.10,2.00,2.00,2.00,2.00,16,12700,25469.00,
539398,VISHALBL    ,M ,Q,33.00,33.00,33.00,33.00,33.00,35.00,1,6000,198000.00,
539399,BELLACASA   ,M ,Q,39.65,39.65,37.00,37.00,37.00,39.65,2,30000,1123250.00,
539400,MALLCOM     ,XD,Q,213.00,244.85,205.50,222.40,222.40,233.20,15,284,61612.00,
539404,SATIN       ,B ,Q,559.90,567.00,535.50,542.60,542.60,554.85,1064,21431,11670046.00,
539407,WELPLACE    ,XD,Q,35.00,39.50,35.00,36.25,35.95,35.00,68,33205,1211530.00,
539408,KUBERJI     ,XD,Q,67.95,72.00,67.35,68.40,68.40,67.60,594,96543,6569706.00,
539409,NEERAJ      ,XT,Q,10.08,10.08,10.08,10.08,10.08,9.72,1,721,7267.00,
539410,SIENERGY    ,XD,Q,6.50,7.20,6.00,6.15,6.15,6.05,389,206156,1269751.00,
539428,TEJNAKSH    ,M ,Q,216.30,216.30,216.30,216.30,216.30,205.80,1,1600,346080.00,
539434,BRIPORT     ,XD,Q,4.41,4.41,4.41,4.41,4.41,4.41,1,5,22.00,
539436,COFFEEDAY   ,B ,Q,221.05,222.00,215.85,218.70,219.10,221.65,532,14033,3077656.00,
539437,IDFCBANK    ,B ,Q,75.90,75.90,72.05,72.85,72.85,75.25,4364,1000188,73629727.00,
539446,KRISHFAB    ,XD,Q,31.85,31.85,31.85,31.85,31.85,33.50,10,754,24014.00,
539447,BEARDSELL   ,T ,Q,622.00,622.00,563.40,563.65,571.95,593.05,93,4028,2312514.00,
539448,INDIGO      ,B ,Q,933.20,933.20,907.35,916.15,916.15,935.15,2073,23023,21077500.00,
539450,SHK         ,B ,Q,312.15,312.80,304.15,305.15,305.15,312.65,451,13655,4219789.00,
539479,GTV         ,XT,Q,25.75,25.75,25.75,25.75,25.75,27.10,1,5,128.00,
539486,GEETANJ     ,XT,Q,5.80,6.00,5.75,5.75,5.75,6.05,41,7767,44778.00,
539494,SMARTFIN    ,XD,Q,22.50,22.50,22.50,22.50,22.50,23.50,3,5000,112500.00,
539516,HDFCNIFETF  ,B ,Q,855.00,855.00,850.55,850.55,850.55,860.00,2,2,1705.00,
539517,SXETF       ,B ,Q,2794.00,2794.00,2781.25,2781.25,2781.25,2801.00,60,6001,16759272.00,
539518,UDAYJEW     ,XD,Q,20.04,20.04,18.40,19.05,19.05,19.32,26,3470,68404.00,
539523,ALKEM       ,B ,Q,1607.95,1639.00,1566.20,1573.40,1573.40,1619.95,1023,4887,7796258.00,
539524,LALPATHLAB  ,B ,Q,1203.00,1218.00,1145.45,1154.55,1154.55,1195.35,3005,25723,30244639.00,
539525,NAVKETAN    ,XD,Q,7.21,7.21,7.21,7.21,7.21,6.87,4,204,1470.00,
539526,SCTL        ,M ,Q,44.75,44.75,43.00,43.00,43.00,44.25,4,8000,354200.00,
539528,AAYUSH      ,XD,Q,18.30,18.30,18.20,18.20,18.20,18.30,8,1235,22497.00,
539542,LUXIND      ,B ,Q,800.00,804.35,752.55,760.35,760.35,799.90,438,7608,5842610.00,
539544,ABHIINFRA   ,XD,Q,43.00,43.00,40.00,41.20,40.00,42.00,55,5364,221176.00,
539545,APOORVA     ,XD,Q,5.14,5.14,5.14,5.14,5.14,4.90,1,10,51.00,
539546,BNL         ,XD,Q,17.48,17.48,17.48,17.48,17.48,18.39,2,100,1748.00,
539551,NH          ,B ,Q,339.55,345.00,331.00,340.80,340.80,340.70,355,6947,2354887.00,
539570,OFSTECH     ,M ,Q,17.00,20.14,17.00,20.14,20.14,16.80,18,144000,2774340.00,
539593,SHIVA       ,XT,Q,14.90,14.90,14.90,14.90,14.90,15.65,12,5926,88297.00,
539595,NATECO      ,XD,Q,80.40,80.60,78.60,79.55,78.60,80.40,549,111298,8918698.00,
539596,DELTA       ,XD,Q,54.00,54.00,43.15,49.95,49.95,47.85,96,34179,1702582.00,
539597,JSLHISAR    ,B ,Q,98.00,98.30,93.00,94.45,94.45,98.25,467,29644,2816263.00,
539636,PRECAM      ,B ,Q,172.35,172.50,165.00,167.60,166.00,171.50,422,8713,1466459.00,
539637,BVL         ,M ,Q,44.00,45.50,44.00,45.50,45.50,44.05,2,6000,268500.00,
539658,TEAMLEASE   ,B ,Q,1020.00,1024.90,1002.00,1016.75,1007.10,1012.95,41,300,304014.00,
539659,VIDLI       ,M ,Q,115.05,115.05,115.05,115.05,115.05,95.90,5,50000,5752500.00,
539660,SAHYOG      ,XT,Q,25.00,25.00,25.00,25.00,25.00,25.00,2,54,1350.00,
539662,BFLDEV      ,XD,Q,25.80,25.80,25.80,25.80,25.80,25.65,1,1,25.00,
539678,QUICKHEAL   ,B ,Q,242.95,242.95,229.10,232.55,232.50,241.85,2700,81505,19090737.00,
539679,KAPILRAJ    ,XT,Q,16.97,16.99,16.97,16.99,16.99,16.98,4,1852,31428.00,
539686,KPEL        ,M ,Q,270.05,270.05,270.05,270.05,270.05,270.05,4,12000,3240600.00,
539693,ALORA       ,XT,Q,21.50,21.50,21.05,21.15,21.25,21.05,60,31510,664927.00,
539697,AIRL        ,XD,Q,9.70,9.75,9.70,9.75,9.75,9.51,2,2500,24371.00,
539725,GOKULAGRO   ,B ,Q,20.70,21.50,19.80,20.50,20.50,21.50,69,8008,164002.00,
539730,FREDUN      ,XD,Q,39.00,39.00,39.00,39.00,39.00,37.55,1,2,78.00,
539742,SIMBHALS    ,B ,Q,35.00,35.00,33.10,33.60,33.65,34.70,63,5353,180088.00,
539767,MNIL        ,XD,Q,61.00,61.00,61.00,61.00,61.00,51.00,1,2,122.00,
539773,ADVIK       ,XT,Q,24.15,25.00,24.15,24.75,25.00,25.30,15,13600,333215.00,
539785,PDMJEPAPER  ,B ,Q,21.78,25.00,21.00,21.32,21.32,21.78,399,104927,2326891.00,
539786,DUNE        ,XD,Q,6.73,6.73,6.73,6.73,6.73,6.86,6,1700,11441.00,
539787,HCG         ,B ,Q,249.80,250.05,244.00,247.05,248.50,248.00,295,9569,2360765.00,
539799,BHARATWIRE  ,B ,Q,53.00,53.00,50.00,51.55,51.80,52.95,266,40341,2091238.00,
539806,H1190M36RG  ,F ,Q,9.85,9.85,9.83,9.83,9.83,9.85,3,7500,73825.00,
539807,INFIBEAM    ,B ,Q,970.00,973.55,945.00,956.30,956.30,972.40,1860,115816,110918281.00,
539837,RRML        ,M ,Q,80.50,89.50,80.50,88.85,89.50,82.00,8,24000,2058150.00,
539842,SYSCO       ,M ,Q,27.50,28.85,27.50,28.85,28.85,28.75,2,20000,563500.00,
539843,NINSYS      ,M ,Q,23.50,23.50,23.50,23.50,23.50,25.00,1,10000,235000.00,
539844,EQUITAS     ,B ,Q,178.10,178.10,171.00,172.75,172.75,177.55,3239,156976,27175100.00,
539853,GOLDENCAP   ,XT,Q,25.60,25.60,25.60,25.60,25.60,25.60,22,31150,797440.00,
539861,SKIL        ,B ,Q,24.60,24.60,22.70,23.20,23.05,25.40,77,19469,458185.00,
539871,THYROCARE   ,B ,Q,634.80,637.90,607.35,620.70,620.70,633.00,950,7441,4618828.00,
539872,BAJAJHCARE  ,M ,Q,250.00,250.00,246.10,246.10,246.10,245.00,2,1600,396880.00,
539873,BRONZE      ,XD,Q,35.50,35.50,35.00,35.20,35.15,35.30,562,122906,4336920.00,
539874,UJJIVAN     ,B ,Q,425.90,426.65,409.80,415.95,415.95,424.65,3882,100224,41738960.00,
539876,CROMPTON    ,B ,Q,175.95,177.60,168.00,175.65,175.65,174.40,906,47495,8242077.00,
539883,PILANIINVS  ,T ,Q,1600.00,1600.00,1550.00,1555.10,1550.00,1600.00,34,219,340891.00,
539884,DARSHANORNA ,MT,Q,50.00,50.00,50.00,50.00,50.00,50.15,9,28000,1400000.00,
539889,PARAGMILK   ,B ,Q,307.00,310.40,295.90,298.75,298.75,307.95,681,17453,5246415.00,
539910,KOCL        ,XT,Q,3.71,3.71,3.71,3.71,3.71,3.90,1,250,927.00,
539917,NAGARFERT   ,T ,Q,11.55,11.75,11.02,11.09,11.10,11.59,183,99511,1120097.00,
539939,YASHCHEM    ,M ,Q,24.85,24.85,24.85,24.85,24.85,25.00,1,6000,149100.00,
539940,MAXVIL      ,B ,Q,54.10,54.10,51.00,52.10,52.20,54.00,631,84702,4422616.00,
539944,RXXX1SR2G   ,F ,Q,9.40,9.40,9.40,9.40,9.40,9.41,1,500,4700.00,
539956,TAALENT     ,XD,Q,213.00,213.00,202.00,202.60,205.90,202.70,24,515,104929.00,
539957,MGL         ,B ,Q,756.00,759.20,713.05,719.90,719.90,754.90,4391,48460,35336700.00,
539962,QFSL        ,XD,Q,6.00,6.19,5.64,6.13,6.13,5.93,139,177441,1074241.00,
539963,ZEAL        ,M ,Q,195.50,198.00,195.40,198.00,198.00,195.00,5,5000,980350.00,
539978,QUESS       ,B ,Q,584.55,584.55,548.00,555.55,555.55,586.90,2467,28499,16046072.00,
539979,DIGJAMLTD   ,B ,Q,15.50,15.50,14.20,14.71,14.71,15.09,405,146333,2160345.00,
539980,MIDCAPIWIN  ,B ,Q,54.95,54.95,54.95,54.95,54.95,56.55,2,110,6044.00,
539981,MAXINDIA    ,B ,Q,138.50,138.50,135.00,136.55,137.00,137.80,330,12970,1771626.00,
539982,ASYL        ,M ,Q,13.25,13.45,13.25,13.45,13.45,12.70,5,50000,668000.00,
539984,HUIL        ,XD,Q,805.00,840.00,805.00,810.00,810.00,811.15,5,71,58409.00,
539986,COMSYN      ,M ,Q,70.00,70.00,70.00,70.00,70.00,72.00,1,6000,420000.00,
539992,LLOYDSTEEL  ,B ,Q,1.43,1.69,1.43,1.65,1.69,1.41,573,1228066,1955274.00,
540005,LTI         ,B ,Q,632.10,633.65,626.05,626.50,626.50,633.80,2389,11548,7254673.00,
540006,BULL        ,XD,Q,32.50,33.55,31.70,32.00,32.00,32.00,22,10176,329311.00,
540023,MIENT       ,XD,Q,87.80,94.25,79.55,79.90,80.00,78.55,240,41459,3350883.00,
540025,ADVENZYMES  ,B ,Q,1990.00,2023.00,1876.95,1896.00,1896.00,1999.35,8666,96944,185589798.00,
540027,PTIL        ,M ,Q,90.00,90.00,90.00,90.00,90.00,75.00,3,6000,540000.00,
540047,DBL         ,B ,Q,215.05,221.00,214.85,218.60,218.60,214.95,1511,28132,6151657.00,
540048,SPAL        ,B ,Q,337.50,338.85,320.00,329.45,326.00,337.65,353,9817,3209450.00,
540061,BIGBLOC     ,B ,Q,50.10,50.10,50.10,50.10,50.10,52.70,8,12644,633464.00,
540063,ECS         ,XT,Q,23.10,23.10,21.95,22.00,22.00,23.10,35,9908,223811.00,
540064,FRETAIL     ,B ,Q,156.45,156.50,147.85,150.60,150.60,158.05,284,10187,1551386.00,
540065,RBLBANK     ,B ,Q,381.15,382.00,353.15,365.70,365.70,378.10,19672,956619,351113240.00,
540071,CAMSONSEEDS ,B ,Q,22.55,23.25,21.00,21.80,21.95,22.85,163,46876,1041225.00,
540073,BLS         ,T ,Q,1845.00,1845.00,1768.90,1796.40,1795.00,1862.00,50,824,1495079.00,
540081,GOVNOW      ,B ,Q,51.00,55.95,48.10,52.00,52.00,51.00,66,6323,314972.00,
540082,RSTL        ,MT,Q,38.00,38.00,38.00,38.00,38.00,39.95,3,9000,342000.00,
540083,TVVISION    ,B ,Q,277.00,327.95,275.00,306.90,306.90,276.60,199,52048,14656440.00,
540115,LTTS        ,B ,Q,788.10,792.65,762.50,766.30,766.30,787.10,1617,15735,12188685.00,
540124,GNA         ,B ,Q,231.00,232.35,219.00,221.70,221.70,229.00,1347,42603,9517163.00,
540132,SABRIMALA   ,XD,Q,18.90,18.90,15.30,16.62,16.93,16.08,17,2429,40464.00,
540133,ICICIPRULI  ,B ,Q,304.50,305.90,302.30,303.05,303.05,304.05,5855,200258,60914546.00,
540134,IISL        ,XT,Q,11.11,11.66,11.11,11.66,11.66,0.00,6,1505,16723.00,
540136,HPL         ,B ,Q,169.00,170.55,163.15,163.90,163.90,168.75,1533,46865,7795548.00,
540143,SAGARSOFT   ,XD,Q,30.42,30.42,28.90,30.33,30.42,30.42,76,66163,2010819.00,
540144,DRA         ,M ,Q,31.94,33.98,29.10,32.39,33.98,28.32,8,80000,2521200.00,
540145,VALIANTORG  ,M ,Q,518.00,519.85,502.00,512.35,516.70,519.85,37,27000,13875480.00,
540146,ACML        ,M ,Q,20.65,20.65,20.65,20.65,20.65,17.99,1,8000,165200.00,
540148,BINDALEXPO  ,M ,Q,16.10,16.25,16.10,16.10,16.10,16.10,9,72000,1164000.00,
540150,MHEL        ,M ,Q,22.00,22.00,20.50,20.50,20.50,22.75,12,72000,1563600.00,
540151,DIKSAT      ,M ,Q,42.50,42.50,42.50,42.50,42.50,42.40,10,48000,2040000.00,
540153,ENDURANCE   ,B ,Q,607.70,609.25,586.50,592.60,592.60,604.20,6668,108876,64915418.00,
540163,RXXX1SR15G  ,F ,Q,10.05,10.05,10.05,10.05,10.05,10.02,1,1680000,16884000.00,
555555,SENSEXIWIN  ,B ,Q,283.35,283.35,283.20,283.20,283.20,284.70,24,31020,8789514.00,
570001,TATAMTRTDVR ,B ,Q,330.20,339.00,324.35,335.55,335.55,331.30,2470,167689,55883270.00,
570002,FELDVR      ,B ,Q,17.10,18.15,17.00,17.45,17.60,16.95,123,53797,940564.00,
570003,GUJNREBNDVR ,B ,Q,3.15,3.39,3.10,3.12,3.10,3.34,39,45837,145122.00,
570004,JISLBNDVR   ,B ,Q,59.20,59.90,55.25,56.30,56.50,59.40,122,16323,920571.00,
580001,STAN CHART  ,B ,I,53.85,53.85,50.85,50.95,51.35,52.10,96,3663,187039.00,
590003,KARUR VY(PS ,B ,Q,468.55,475.50,465.00,470.60,470.60,469.25,540,9970,4677563.00,
590005,TIDE WATE(PS,B ,Q,6063.20,6096.90,5904.00,5931.25,5950.00,6098.95,392,837,4999130.00,
590006,AMRUTANJAN  ,B ,Q,579.10,583.75,558.55,574.15,574.15,578.65,521,7652,4372704.00,
590011,MOVING PI(PS,XD,Q,0.80,0.80,0.80,0.80,0.80,0.79,1,201,160.00,
590013,XPRO INDI(PS,B ,Q,61.50,61.50,56.50,56.65,56.65,61.15,247,19035,1106844.00,
590018,HISARMET(PS ,XD,Q,27.90,27.90,26.55,26.55,26.55,27.90,34,6140,163841.00,
590021,BHARAT RA(PS,B ,Q,1871.00,1887.15,1773.10,1826.00,1791.05,1884.55,67,551,1006447.00,
590022,EASTER SI(PS,B ,Q,3.27,3.33,3.08,3.18,3.18,3.42,32,21715,68153.00,
590024,FERT CHE(PS ,B ,Q,24.30,25.40,24.05,24.35,24.35,24.15,570,67004,1660901.00,
590025,GINNI FIL(PS,B ,Q,23.35,23.35,22.00,22.10,22.10,23.15,223,60371,1360608.00,
590028,NICCO COR(PS,T ,Q,0.60,0.63,0.57,0.62,0.63,0.60,19,20500,12375.00,
590030,SOUTH PET(PS,B ,Q,24.05,24.05,22.60,22.95,22.95,23.80,329,92705,2147560.00,
590031,DE NORA     ,B ,Q,261.10,261.10,247.25,250.85,250.85,262.75,163,2721,693152.00,
590035,TIRUP FOAM  ,XT,Q,43.70,47.75,43.70,47.75,47.75,45.95,9,1995,89186.00,
590038,VISU INTL   ,B ,Q,0.86,0.90,0.86,0.90,0.90,0.89,5,7400,6644.00,
590041,KAVERI TELE ,B ,Q,17.44,17.44,13.90,14.60,14.60,14.60,11,2401,35619.00,
590043,HARITA SEAT ,B ,Q,740.00,754.00,700.10,706.20,710.00,746.40,657,8596,6170712.00,
590046,SMRUTHI ORG ,XD,Q,120.15,120.15,120.05,120.05,120.05,124.20,2,50,6005.00,
590051,SAKSOFT LTD ,B ,Q,193.85,193.85,180.00,188.10,185.50,197.25,324,4612,855326.00,
590056,SALONA COTSP,B ,Q,37.00,39.95,34.05,39.95,39.95,40.10,9,158,5828.00,
590057,NORTHGATE TE,B ,Q,2.83,2.83,2.76,2.76,2.76,2.90,19,32068,88612.00,
590061,BRUSHMAN IND,XT,Q,1.17,1.17,1.17,1.17,1.17,1.12,5,1750,2047.00,
590062,ANDHRA SUGAR,B ,Q,242.75,248.00,227.80,233.80,233.80,242.75,1023,36269,8486847.00,
590065,INDIA MOTOR ,B ,Q,874.00,874.00,800.40,814.90,815.00,850.00,112,885,732169.00,
590066,KCP LTD     ,B ,Q,105.05,105.60,99.10,100.30,101.50,104.00,355,164769,16581227.00,
590068,KHAITAN INDI,B ,Q,10.00,10.10,10.00,10.03,10.03,10.02,22,12300,123534.00,
590070,RADAAN MEDIA,B ,Q,1.85,1.90,1.74,1.74,1.74,1.82,7,16000,29340.00,
590071,SUNDARAM FIN,B ,Q,1356.50,1359.00,1327.20,1340.80,1351.75,1366.05,436,1631,2185748.00,
590072,SUNDARAM BRK,B ,Q,509.15,509.50,474.00,480.50,478.00,515.50,361,4309,2103975.00,
590073,WHEELS INDIA,B ,Q,1325.00,1330.00,1242.00,1259.40,1255.00,1310.10,148,782,991187.00,
590075,LAMBODHARA T,B ,Q,90.05,91.00,85.00,85.65,85.65,90.30,252,11912,1036265.00,
590078,MAITHAN ALL ,B ,Q,281.70,281.70,260.00,263.30,263.30,276.10,597,10373,2768257.00,
590080,EASTERN GAS ,XD,Q,55.30,55.50,53.80,53.80,53.80,56.60,59,19311,1045976.00,
590081,BRAHMANAND  ,XT,Q,4.57,4.57,4.57,4.57,4.57,4.81,2,900,4113.00,
590083,MAVENS BIO  ,XT,Q,0.68,0.68,0.65,0.68,0.67,0.65,11,12751,8656.00,
590084,KANCO ENTER ,XD,Q,1.24,1.30,1.24,1.30,1.30,1.30,2,310,387.00,
590086,ORISSA MINE ,B ,Q,2449.85,2464.85,2288.10,2319.00,2319.00,2438.60,1482,7315,17167676.00,
590088,ADINATH BIO ,XD,Q,0.26,0.26,0.25,0.25,0.25,0.25,6,6190,1607.00,
590090,SWAGRO      ,XD,Q,5.00,5.00,4.70,4.70,4.70,4.90,15,16840,82318.00,
590091,TRINETHRA IN,XT,Q,0.38,0.38,0.38,0.38,0.38,0.37,2,1716,652.00,
590094,FARMAX IND  ,B ,Q,0.14,0.14,0.12,0.12,0.12,0.13,13,347100,41852.00,
590095,GOLDBEES    ,E ,Q,2763.01,2777.30,2751.05,2772.37,2777.30,2768.03,159,879,2430242.00,
590096,LIQUIDBEES  ,E ,Q,999.99,1000.01,999.99,1000.00,1000.00,999.99,890,269512,269511727.00,
590097,KOTAKGOLDETF,E ,Q,278.01,281.00,277.35,280.24,281.00,278.60,54,6243,1741593.00,
590098,SBI GOLD ETS,E ,Q,2830.00,2845.00,2813.00,2834.85,2838.99,2809.80,55,316,894869.00,
590099,QUANTUM GOLD,E ,Q,1402.00,1406.80,1400.00,1406.80,1406.80,1398.00,12,39,54681.00,
590101,UTI GOLD ETF,E ,Q,2731.00,2739.90,2721.70,2737.81,2738.00,2730.00,23,187,511544.00,
590103,NIFTY BEES  ,B ,Q,875.00,875.99,861.00,863.26,863.00,869.99,81,690,597759.00,
590104,JUNIOR BEES ,B ,Q,238.95,238.95,229.80,229.90,230.00,238.00,22,165,38636.00,
590106,BANK BEES   ,B ,Q,1950.00,1950.00,1923.25,1923.25,1923.25,1940.00,6,13,25072.00,
590107,KOTAK PSU BK,B ,Q,309.00,310.00,303.00,304.05,304.05,309.00,27,911,278655.00,
590108,PSUBNK BEES ,B ,Q,340.00,340.00,317.00,323.05,323.05,340.10,43,329,105508.00,
590110,QUANTUM INDX,B ,Q,898.50,898.50,898.50,898.50,898.50,899.00,1,1,898.00,
590111,VAISHNAVI   ,XT,Q,0.88,0.88,0.84,0.88,0.88,0.84,22,9239,7990.00,
590115,M50 ETF     ,B ,Q,80.50,80.50,80.50,80.50,80.50,80.50,2,182,14651.00,
590120,PROVEST SER ,XD,Q,4.38,4.38,4.38,4.38,4.38,4.18,6,18479,80938.00,
590126,GRADIENTE   ,XT,Q,1.20,1.20,1.19,1.20,1.20,1.18,35,50108,60124.00,
590130,KANCO TEA   ,XD,Q,196.60,197.00,181.00,191.95,192.00,208.45,50,4208,801487.00,
590133,GENERA AGRI ,XD,Q,3.14,3.14,3.14,3.14,3.14,3.02,17,33076,103858.00,
590134,MADRASFERT  ,B ,Q,14.78,14.78,14.00,14.13,14.40,14.72,43,12165,174071.00,
600180,HDFC BANK LT,A ,Q,1484.70,1500.00,1468.90,1478.80,1500.00,1494.15,770,498403,735772826.00,
600770,TATA CHEMICA,A ,Q,517.00,525.00,517.00,525.00,525.00,520.00,16,353970,183352976.00,
632659,IDFC        ,A ,Q,63.50,63.50,63.50,63.50,63.50,66.25,5,102624,6516624.00,
639844,EQUITAS     ,B ,Q,176.00,176.00,175.00,175.00,175.00,176.50,7,326136,57101300.00,
700087,MUKUND CRPS ,F ,P,9.02,9.02,6.02,8.00,8.00,7.52,7,410,2480.00,
700102,SRRAYL ALKPS,F ,P,7.16,9.55,7.16,8.26,8.26,8.00,13,6621,53696.00,
710053,RISHIOCPS   ,F ,P,46.00,46.00,38.00,38.00,38.00,43.00,2,200,8400.00,
710054,RSWMOCRPS   ,F ,P,12.80,15.85,12.80,15.85,15.85,13.23,3,252,3233.00,
715014,815LTFH2020 ,F ,P,125.00,125.00,108.49,108.49,108.49,108.90,6,435,48204.00,
717502,JSW NCPS    ,F ,P,7.66,7.72,7.65,7.72,7.72,7.72,17,90745,694431.00,
717503,ZEE NCPS    ,F ,P,9.60,9.60,9.60,9.60,9.60,9.60,12,30210,290016.00,
800251,SGB20151    ,G ,B,3100.00,3100.00,3050.00,3052.50,3050.00,3100.00,4,22,68105.00,
800252,SGB2016I    ,G ,B,3000.00,3010.00,3000.00,3010.00,3010.00,3010.00,3,33,99030.00,
800253,SGB2016II   ,G ,B,3030.00,3030.00,3030.00,3030.00,3030.00,3020.00,2,30,90900.00,
800254,SGBAUG24    ,G ,B,2990.00,3049.00,2981.00,3018.67,3016.00,3013.00,14,599,1812439.00,
800258,SGB2016IIA  ,G ,B,3000.00,3030.00,2975.00,2980.20,2975.00,3011.00,10,130,391062.00,
934783,LTFINNCDIII ,F ,D,1962.10,1962.10,1962.10,1962.10,1962.10,1962.00,1,50,98105.00,
934802,STF NCD4 RE ,F ,D,1970.00,1970.00,1968.00,1968.00,1968.00,1981.00,10,435,856780.00,
934844,0MFL17      ,F ,D,1817.00,1821.00,1817.00,1819.81,1819.00,1818.00,5,660,1201600.00,
934851,STFC2012B   ,F ,D,1074.20,1074.20,1074.20,1074.20,1074.20,1055.00,1,17,18261.00,
934854,1275IIFL18  ,F ,D,1075.00,1076.80,1072.00,1074.43,1076.80,1076.00,4,102,109546.00,
934856,0IIFL18     ,F ,D,1738.00,1738.00,1738.00,1738.00,1738.00,1712.68,1,50,86900.00,
934873,0MFL18      ,F ,D,1652.00,1652.00,1652.00,1652.00,1652.00,1652.00,3,55,90860.00,
934876,1030SREIC   ,F ,D,1025.00,1025.00,1025.00,1025.00,1025.00,1050.00,1,10,10250.00,
934887,980STFC18   ,F ,D,1124.00,1124.00,1124.00,1124.00,1124.00,1080.05,1,50,56200.00,
934890,0STFC18     ,F ,D,1440.40,1440.40,1440.40,1440.40,1440.40,1442.00,1,10,14404.00,
934893,1150MFL18   ,F ,D,1112.05,1112.05,1012.01,1012.01,1012.01,1005.00,2,20,21240.00,
934906,1116SIFL18  ,F ,D,1040.00,1040.00,1040.00,1040.00,1040.00,995.00,2,6,6240.00,
934913,12IIFLIII18 ,F ,D,1073.05,1073.05,1070.01,1072.32,1072.32,1074.53,13,303,324916.00,
934922,1125MFL16B  ,F ,D,999.96,1001.90,999.96,1001.00,1001.00,1002.00,5,400,400388.00,
934930,0MFL2018J   ,F ,D,1425.00,1425.00,1425.00,1425.00,1425.00,1440.00,1,45,64125.00,
934932,1152IIHF18  ,F ,D,1007.64,1054.85,1007.64,1033.00,1033.00,1045.50,4,114,115400.00,
934950,0MFL19K     ,F ,D,1500.00,1500.00,1500.00,1500.00,1500.00,1491.00,1,5,7500.00,
934951,1160ECL17A  ,F ,D,1005.00,1005.00,1005.00,1005.00,1005.00,1004.10,1,80,80400.00,
934953,1185ECL19C  ,F ,D,1100.01,1100.01,1100.00,1100.00,1100.00,1107.00,3,21,23100.00,
934956,1125MFL17II ,F ,D,1003.00,1003.20,1003.00,1003.20,1003.20,1005.75,8,307,307952.00,
934959,1150MFL17V  ,F ,D,1090.00,1090.00,1090.00,1090.00,1090.00,1082.52,2,60,65400.00,
934963,0MFL17IX    ,F ,D,1368.00,1368.00,1368.00,1368.00,1368.00,1371.00,1,72,98496.00,
934996,1075MFL17B  ,F ,D,1012.99,1012.99,1012.99,1012.99,1012.99,1002.30,1,50,50649.00,
935002,11MFL17E    ,F ,D,1081.75,1081.75,1081.75,1081.75,1081.75,1061.02,1,185,200123.00,
935010,0MFL17I     ,F ,D,1333.20,1333.20,1282.25,1282.25,1282.25,1250.00,5,1034,1343028.00,
935096,1075MFL17C  ,F ,D,1008.10,1008.10,1007.01,1007.01,1007.01,1010.00,7,385,388005.00,
935098,1025MFL19D  ,F ,D,1010.00,1010.00,1010.00,1010.00,1010.00,1010.00,2,46,46460.00,
935110,0MFL17J     ,F ,D,1300.00,1301.00,1300.00,1301.00,1301.00,1282.11,2,70,91020.00,
935128,985STFC17   ,F ,D,1042.00,1042.00,1042.00,1042.00,1042.00,1031.50,1,10,10420.00,
935132,1015STFC21  ,F ,D,1150.00,1150.00,1150.00,1150.00,1150.00,1147.50,4,110,126500.00,
935134,957STFC19   ,F ,D,1175.00,1175.00,1175.00,1175.00,1175.00,1045.00,1,250,293750.00,
935136,971STFC21   ,F ,D,1095.00,1095.00,1095.00,1095.00,1095.00,1085.00,1,20,21900.00,
935168,1250MMFL17A ,F ,D,1013.90,1013.90,1013.90,1013.90,1013.90,1013.90,4,65,65903.00,
935190,125DSK2017  ,F ,D,5083.03,5100.00,5083.03,5100.00,5100.00,5083.03,2,3,15283.00,
935228,115MFL17E   ,F ,D,1008.01,1008.01,1008.00,1008.00,1008.00,1025.00,2,100,100800.00,
935246,115MFL17C   ,F ,D,1015.01,1015.01,1015.00,1015.00,1015.00,1000.00,2,29,29435.00,
935282,105SREI17C  ,F ,D,1008.00,1008.00,1008.00,1008.00,1008.00,1005.02,1,15,15120.00,
935290,1125SREI19G ,F ,D,1108.00,1108.00,1108.00,1108.00,1108.00,1107.00,1,200,221600.00,
935292,0SREI19H    ,F ,D,1319.00,1320.00,1319.00,1320.00,1320.00,1319.00,3,98,129310.00,
935298,1175MFL17C  ,F ,D,1010.00,1010.00,1010.00,1010.00,1010.00,1019.00,1,10,10100.00,
935308,BLUENCDSR1  ,F ,D,10.50,10.50,10.50,10.50,10.50,10.11,1,700,7350.00,
935309,BLUENCDSR2  ,F ,D,10.22,10.22,10.22,10.22,10.22,10.16,1,400,4088.00,
935310,BLUENCDSR3  ,F ,D,10.55,10.55,10.55,10.55,10.55,10.51,1,300,3165.00,
935313,0IFCI19B    ,F ,D,1250.00,1250.00,1250.00,1250.00,1250.00,1200.00,1,53,66250.00,
935315,940IFCI19C  ,F ,D,1011.01,1011.01,1011.01,1011.01,1011.01,1050.00,1,19,19209.00,
935323,0IFCI24G    ,F ,D,1300.00,1300.00,1300.00,1300.00,1300.00,1200.00,1,40,52000.00,
935327,1025MFL17   ,F ,D,1012.10,1015.00,1010.00,1010.00,1010.00,1010.00,6,273,276433.00,
935375,125KFL2018E ,F ,D,1000.01,1021.00,1000.00,1021.00,1021.00,1014.97,4,235,237100.00,
935383,849NTPC25   ,F ,D,13.80,13.85,13.80,13.80,13.80,13.80,24,4752,65582.00,
935411,12MMFL20F   ,F ,D,1020.00,1020.00,1020.00,1020.00,1020.00,1015.00,6,44,44880.00,
935417,975MFL18B   ,F ,D,1005.01,1011.00,1000.02,1005.00,1005.00,1011.00,8,566,567066.00,
935441,0SEFL2018C  ,F ,D,1130.01,1130.01,1130.01,1130.01,1130.01,1135.00,3,100,113001.00,
935449,975SEFL20G  ,F ,D,1001.00,1003.00,1001.00,1003.00,1003.00,994.00,2,100,100200.00,
935463,1075SREI20  ,F ,D,1055.12,1055.12,1055.01,1055.10,1055.10,1040.25,3,60,63306.00,
935484,925MFL18    ,F ,D,1003.00,1009.10,1003.00,1004.15,1004.15,1007.00,8,721,725758.00,
935490,950MFL18    ,F ,D,1005.00,1005.00,1001.50,1001.62,1001.62,1001.52,5,922,924519.00,
935498,0MFL2018    ,F ,D,1075.00,1077.00,1075.00,1075.01,1075.01,1100.00,4,205,220396.00,
935502,0MFL2022    ,F ,D,1159.00,1159.00,1159.00,1159.00,1159.00,1159.80,1,10,11590.00,
935506,736PFC25    ,F ,D,1082.00,1170.00,1082.00,1170.00,1170.00,1198.99,3,107,124524.00,
935514,760PFC35    ,F ,D,1135.00,1160.00,1130.02,1143.13,1130.02,1135.00,9,449,513887.00,
935520,1050MFL18   ,F ,D,1035.00,1035.00,1035.00,1035.00,1035.00,1025.00,1,20,20700.00,
935534,1075MFL18A  ,F ,D,1105.00,1105.00,1075.01,1075.01,1075.01,1080.00,6,200,217651.00,
935540,714REC25    ,F ,D,1042.21,1042.21,1042.21,1042.21,1042.21,1225.00,1,4,4168.00,
935544,734REC30    ,F ,D,1076.20,1076.20,1076.20,1076.20,1076.20,1078.25,1,50,53810.00,
935548,743REC35    ,F ,D,1173.30,1174.00,1173.30,1174.00,1174.00,1162.00,7,277,325124.00,
935572,732IRFC25   ,F ,D,1075.00,1080.00,1075.00,1080.00,1080.00,1089.99,2,100,107750.00,
935574,753IRFC30   ,F ,D,1100.00,1105.97,1099.00,1101.94,1101.94,1099.10,20,2151,2370571.00,
935576,750IRFC35   ,F ,D,1118.00,1118.00,1106.60,1106.60,1106.60,1118.00,4,673,745162.00,
935580,739NHAI26   ,F ,D,1092.11,1092.11,1092.11,1092.11,1092.11,1090.93,1,40,43684.00,
935584,76NHAI31    ,F ,D,1147.00,1149.00,1146.00,1147.33,1147.25,1146.43,23,2815,3230962.00,
935588,9MFL19      ,F ,D,1000.00,1000.00,990.00,990.00,990.00,996.01,5,1200,1192790.00,
935600,0MFL18AII   ,F ,D,1050.61,1050.61,1050.61,1050.61,1050.61,1065.00,1,100,105061.00,
935618,774IREDA31  ,F ,D,1157.00,1189.00,1157.00,1182.00,1182.00,1177.00,5,453,524405.00,
935624,0MMFL17C    ,F ,D,1060.00,1065.00,1060.00,1065.00,1065.00,1065.00,11,1460,1550400.00,
935674,769HUDCO31  ,F ,D,1174.90,1174.90,1156.01,1160.00,1160.00,1165.04,4,209,242190.00,
935680,729IRFC26   ,F ,D,1068.80,1068.80,1068.80,1068.80,1068.80,1080.00,1,5,5344.00,
935682,764IRFC31   ,F ,D,1113.00,1113.00,1112.50,1112.70,1112.50,1113.00,4,350,389475.00,
935688,729NABARD26 ,F ,D,1110.00,1110.00,1110.00,1110.00,1110.00,1110.00,2,28,31080.00,
935690,764NABARD31 ,F ,D,1151.00,1166.00,1151.00,1158.45,1159.00,1156.00,47,4834,5595802.00,
935694,875MFL19    ,F ,D,1009.10,1009.10,980.01,980.01,980.01,980.02,2,1383,1383949.00,
935710,0MFL19A4    ,F ,D,1035.80,1035.80,1035.80,1035.80,1035.80,1003.02,1,383,396711.00,
935740,872MMFSL26  ,F ,D,1030.00,1030.00,1025.00,1025.00,1025.00,1024.40,6,110,113195.00,
935752,9MMFSL26    ,F ,D,1069.00,1070.00,1061.00,1069.95,1069.95,1067.46,18,666,711455.00,
935762,0KFL17B     ,F ,D,980.00,1020.00,980.00,1020.00,1020.00,1000.00,2,20,20000.00,
935788,10EHFL26    ,F ,D,1040.10,1041.50,1039.75,1041.20,1041.20,1041.76,14,820,853089.00,
935802,893DHFL26B  ,F ,D,1003.00,1003.00,1000.00,1000.03,1000.00,1003.95,11,343,343831.00,
935810,925DHFL21B  ,F ,D,1009.00,1009.00,1009.00,1009.00,1009.00,1010.83,1,15,15135.00,
935814,930DHFL26B  ,F ,D,1017.10,1018.00,1017.00,1017.00,1017.00,1019.00,10,505,513624.00,
935836,915DHFL21B  ,F ,D,998.00,1000.90,997.55,1000.04,997.55,997.00,11,168,167899.00,
935840,925DHFL23B  ,F ,D,1007.80,1007.80,1007.01,1007.08,1007.08,1007.10,19,3950,3978283.00,
935856,865IBHFL26  ,F ,D,1003.50,1003.50,1003.50,1003.50,1003.50,1009.00,1,10,10035.00,
935864,879IBHFL26A ,F ,D,996.00,996.00,996.00,996.00,996.00,1000.00,2,60,59760.00,
935896,960SIFL21   ,F ,D,1015.00,1015.00,1010.00,1010.00,1010.00,1014.80,7,180,181900.00,
950818,EFILG6H401  ,F ,D,124888.00,124888.00,124888.00,124888.00,124888.00,0.00,2,25,3122200.00,
954236,1150BOIPERA ,F ,D,1087900.00,1087900.00,1087900.00,1087900.00,1087900.00,1060100.00,1,1,1087900.00,
961695,IDFCBKBD1B  ,F ,B,7625.00,7625.00,7625.00,7625.00,7625.00,7650.00,1,4,30500.00,
961699,IDFCBKBD1E  ,F ,B,5099.00,5150.00,5099.00,5150.00,5150.00,5200.00,4,16,81996.00,
961703,SBIBIVR     ,F ,B,11900.00,11900.00,11900.00,11900.00,11900.00,11900.00,3,22,261800.00,
961706,IIFCLBDIS2  ,F ,B,1500.00,1500.00,1500.00,1500.00,1500.00,1461.00,1,20,30000.00,
961711,PFCBS1      ,F ,B,5175.00,5179.12,5175.00,5179.12,5179.12,5164.00,5,17,88015.00,
961712,PFCBS2      ,F ,B,7680.00,7680.00,7589.12,7675.00,7675.00,7612.02,12,42,321724.00,
961714,PFCBS4      ,F ,B,7680.12,7680.12,7680.12,7680.12,7680.12,7680.11,1,4,30720.00,
961725,MFINNCD2C   ,F ,B,1113.48,1113.50,1113.48,1113.50,1113.50,1113.00,3,178,198201.00,
961726,MFINNCD2D   ,F ,B,1856.10,1860.98,1856.10,1860.13,1859.01,1855.10,26,639,1188014.00,
961729,820PFC2022  ,F ,B,1108.00,1115.50,1108.00,1115.50,1115.50,1109.99,7,223,247997.00,
961730,830PFC2027  ,F ,B,1160.00,1160.00,1150.01,1150.01,1150.01,1169.90,3,1424,1638614.00,
961731,8IRFC230222 ,F ,B,1095.00,1095.00,1095.00,1095.00,1095.00,1086.00,1,500,547500.00,
961733,HUDCO050322 ,F ,B,1135.10,1136.60,1135.10,1136.60,1136.60,1136.50,4,1030,1169600.00,
961743,793REC22    ,F ,B,1095.00,1098.50,1095.00,1098.50,1098.50,1092.00,4,287,314562.00,
961744,812REC27    ,F ,B,1150.68,1160.81,1150.68,1155.01,1155.01,1155.00,5,307,353953.00,
961750,719PFC2023  ,F ,B,1097.05,1097.05,1097.05,1097.05,1097.05,1114.90,1,127,139325.00,
961751,736PFC2028  ,F ,B,1119.36,1135.00,1118.60,1133.00,1133.00,1148.00,7,3560,4000745.00,
961752,719IIFCL23  ,F ,B,1098.00,1098.00,1087.25,1087.25,1087.25,1129.00,2,60,65245.00,
961753,736IIFCL28  ,F ,B,1118.50,1118.50,1118.50,1118.50,1118.50,1118.15,2,70,78295.00,
961754,740IIFCL33  ,F ,B,1135.85,1135.85,1135.85,1135.85,1135.85,1145.85,1,70,79509.00,
961755,718IRFC2023 ,F ,B,1080.00,1080.00,1080.00,1080.00,1080.00,1060.00,1,1,1080.00,
961779,871REC28    ,F ,B,1290.05,1295.00,1290.00,1295.00,1295.00,1292.00,9,1570,2027377.00,
961784,839HUDCO23  ,F ,B,1140.00,1140.00,1133.00,1140.00,1140.00,1133.00,6,205,233316.00,
961785,876HUDCO28  ,F ,B,1203.01,1216.99,1200.00,1205.59,1206.00,1215.33,30,2920,3517384.00,
961792,892NHPC33   ,F ,B,1297.00,1297.00,1295.00,1296.00,1295.00,1313.00,5,5,6480.00,
961796,863IIFCL28  ,F ,B,1205.50,1205.50,1197.55,1197.55,1197.55,1190.05,5,40,48202.00,
961802,843PFC23    ,F ,B,1247.90,1247.90,1247.90,1247.90,1247.90,1172.45,1,50,62395.00,
961803,879PFC28    ,F ,B,1249.99,1249.99,1249.99,1249.99,1249.99,1248.75,1,5,6249.00,
961804,892PFC33    ,F ,B,1254.00,1259.00,1235.00,1256.09,1259.00,1254.00,32,1731,2167071.00,
961814,876HUDCO24  ,F ,B,1240.00,1240.00,1225.01,1235.00,1235.00,1264.00,4,525,649376.00,
961815,883HUDCO29  ,F ,B,1270.00,1270.00,1270.00,1270.00,1270.00,1265.00,1,25,31750.00,
961816,901HUDCO34  ,F ,B,1335.00,1350.00,1335.00,1339.00,1339.00,1341.19,15,1305,1744773.00,
961820,866IIFCL24C ,F ,B,1180.00,1273.00,1180.00,1273.00,1273.00,1230.00,2,400,490600.00,
961821,873IIFCL29D ,F ,B,1274.97,1274.97,1250.01,1250.01,1250.01,1278.99,7,104,130086.00,
961822,891IIFCL34  ,F ,B,1315.50,1316.00,1302.00,1316.00,1316.00,1312.00,8,370,485920.00,
961829,848IRFC24   ,F ,B,1181.01,1181.01,1181.01,1181.01,1181.01,1210.00,1,10,11810.00,
961830,865IRFC29   ,F ,B,1251.00,1251.00,1221.00,1234.93,1221.00,1251.00,3,150,185400.00,
961851,900KPL29    ,F ,B,1335.00,1335.00,1335.00,1335.00,1335.00,1300.00,3,20,26700.00,
961875,888REC29    ,F ,B,1275.00,1300.00,1227.38,1294.57,1282.00,1215.60,10,210,264431.00,
961877,886REC34    ,F ,B,1348.00,1348.00,1348.00,1348.00,1348.00,1274.65,1,45,60660.00,
961885,888IRFC29   ,F ,B,1275.00,1275.00,1271.02,1271.02,1271.02,1284.99,5,100,127400.00,
961895,880IIFCL29  ,F ,B,1270.00,1270.00,1261.00,1266.04,1270.00,1290.00,11,313,397149.00,
961906,736NTPC25D  ,F ,B,1199.70,1199.70,1129.99,1144.89,1144.89,1060.50,4,66,77058.00,
972608,IFCI150910A ,F ,B,4810.00,4815.01,4810.00,4815.01,4815.01,4825.00,5,13,62547.00,
972609,IFCI150910B ,F ,B,7575.01,7650.00,7575.01,7605.05,7605.05,7600.50,17,38,289216.00,
972654,IFCI010811  ,F ,B,16101.30,16101.30,16101.30,16101.30,16101.30,16500.00,2,20,322026.00,
972655,IFCI010811B ,F ,B,18499.00,18675.00,18499.00,18648.33,18675.00,18000.00,10,100,1854390.00,
972660,IFCI310111A ,F ,B,5194.00,5194.00,5050.01,5170.20,5170.20,5196.33,8,18,92484.00,
972661,IFCI310111B ,F ,B,7625.00,7655.00,7600.01,7650.38,7650.00,7632.27,35,100,763094.00,
