SC_CODE,SC_NAME,SC_GROUP,SC_TYPE,OPEN,HIGH,LOW,CLOSE,LAST,PREVCLOSE,NO_TRADES,NO_OF_SHRS,NET_TURNOV,TDCLOINDI
934848,1050TCFS14A ,F ,D,1448.01,1448.01,1447.60,1447.60,1447.60,1447.56,3,80,115836.00,
934841,1300MFL14   ,F ,D,1018.00,1021.00,1018.00,1021.00,1021.00,1021.01,5,102,104055.00,
934842,1325MFL15   ,F ,D,1022.10,1025.10,1021.10,1025.04,1025.00,1020.00,7,145,148305.00,
533022,20 MICRONS  ,B ,Q,117.50,120.00,116.00,118.80,118.80,116.50,769,95557,11331358.00,
532628,3I INFOTECH ,T ,Q,7.83,8.00,7.66,7.74,7.72,7.82,650,271141,2100793.00,
523395,3M INDIA LTD,B ,Q,4060.00,4060.00,4056.95,4058.10,4060.00,4038.15,4,39,158276.00,
961743,793REC22    ,F ,B,1063.00,1063.00,1059.00,1059.00,1059.00,1058.00,2,30,31850.00,
590116,7SEAS TECH  ,B ,Q,18.30,19.25,18.25,18.80,18.80,18.55,106,21950,415016.00,
961732,810IRFC2327 ,F ,B,1070.51,1071.00,1069.00,1069.00,1069.00,1070.00,19,1280,1370431.00,
961744,812REC27    ,F ,B,1044.99,1044.99,1040.00,1040.78,1043.80,1041.10,25,2196,2289649.00,
961727,820NHAI22   ,F ,B,1091.85,1093.00,1091.85,1092.14,1092.14,1094.00,18,1025,1119444.00,
961729,820PFC2022  ,F ,B,1078.12,1081.00,1078.10,1081.00,1081.00,1079.00,16,550,593627.00,
961728,830NHAI27   ,F ,B,1100.50,1101.00,1100.50,1101.00,1101.00,1101.00,28,17706,19490045.00,
961730,830PFC2027  ,F ,B,1095.00,1095.00,1095.00,1095.00,1095.00,1094.89,2,200,219000.00,
961731,8IRFC230222 ,F ,B,1060.00,1060.00,1060.00,1060.00,1060.00,1062.50,1,10,10600.00,
512161,8KMILES     ,B ,Q,19.00,19.00,17.65,17.65,17.65,18.55,16,1613,29438.00,
530499,A.K.CAPITAL ,B ,Q,154.80,155.00,150.50,151.85,152.00,150.50,38,3543,539069.00,
500009,A.SARABHAI  ,T ,Q,3.75,4.05,3.73,4.05,4.05,3.92,11,1729,6936.00,
533292,A2ZMES      ,B ,Q,60.00,61.45,59.35,60.30,60.30,59.55,4954,476838,28884317.00,
531611,AADHAARVEN  ,B ,Q,0.49,0.49,0.48,0.49,0.49,0.47,44,129896,63596.00,
530027,AADI INDUS L,T ,Q,3.19,3.22,3.13,3.13,3.13,3.19,19,19634,62961.00,
533412,AANJANEYA   ,B ,Q,691.00,691.00,573.00,591.75,601.50,601.80,635,80300,48915505.00,
524412,AAREY DRUGS ,B ,Q,35.50,36.80,35.50,36.15,35.95,37.35,263,250573,8983178.00,
524348,AARTI DRUGS ,B ,Q,161.00,168.80,151.25,153.10,153.10,156.90,3686,166158,26341635.00,
524208,AARTI INDUST,B ,Q,76.50,78.00,75.40,75.90,75.90,75.65,596,41545,3180467.00,
514274,AARVEE DENIM,B ,Q,36.70,37.50,36.70,37.50,37.50,36.70,22,101,3707.00,
531731,AARYAGLOBL  ,B ,Q,4.02,4.03,3.76,3.76,3.76,4.01,34,29977,118960.00,
519319,AASHEE      ,T ,Q,13.94,13.94,13.94,13.94,13.94,14.22,1,10,139.00,
523204,ABAN OFFSHO ,B ,Q,394.05,425.50,391.10,422.35,422.35,393.05,11202,376915,155892236.00,
700099,ABANOFFSH   ,B ,P,665.00,752.00,665.00,752.00,752.00,627.00,4,20,14160.00,
500002,ABB LTD.    ,A ,Q,718.00,724.15,714.70,722.35,722.35,720.30,271,4509,3244252.00,
500488,ABBOTT (I)  ,B ,Q,1600.00,1635.00,1595.00,1615.05,1618.95,1597.75,252,2721,4408689.00,
520123,ABC INDIA   ,B ,Q,119.80,119.80,103.10,104.50,104.50,104.50,7,4070,455780.00,
500057,ABCIL       ,B ,Q,79.35,80.00,79.10,79.25,79.25,78.55,28,573,45371.00,
520155,ABG INFRALOG,B ,Q,133.00,133.00,126.45,127.10,126.75,129.25,11,525,67375.00,
532682,ABG SHIPYARD,B ,Q,347.00,347.00,335.65,339.30,339.30,342.45,152,1394,473897.00,
532831,ABHI CORP LT,B ,Q,7.45,7.45,7.45,7.45,7.45,7.35,1,1,7.00,
511756,ABIRAMI FIN.,B ,Q,9.90,9.90,9.90,9.90,9.90,9.43,1,1,9.00,
526955,ABL BIO-TECH,B ,Q,4.82,5.32,4.82,5.07,5.07,5.07,8,2394,12038.00,
531161,ABM KNOWLEDG,B ,Q,50.25,54.00,50.25,53.95,53.95,51.85,9,723,39000.00,
532974,ABML        ,B ,Q,11.30,11.35,11.30,11.32,11.30,11.50,5,198,2239.00,
500410,ACC LTD     ,A ,Q,1308.00,1308.00,1296.00,1302.15,1300.05,1308.35,465,8039,10458583.00,
532774,ACCEL FRONTL,B ,Q,31.45,32.40,30.75,32.40,32.40,31.00,4,4,127.00,
517494,ACCEL TRANS ,B ,Q,8.05,8.80,8.01,8.77,8.77,8.43,19,2316,18995.00,
531897,ACCENT TECH ,B ,Q,65.05,66.65,63.90,64.20,63.90,65.05,88,8939,582387.00,
526347,ACCLAIM IND ,T ,Q,46.90,47.00,45.00,46.10,46.00,46.00,64,49174,2271855.00,
530513,ACCURATE TRA,T ,Q,38.00,40.00,38.00,40.00,40.00,38.10,13,5000,199305.00,
530093,ACE INDIA LT,T ,Q,33.10,34.70,33.10,34.00,34.00,33.85,12,15510,527341.00,
517356,ACI INFOCOM ,B ,Q,124.00,124.00,122.00,122.00,122.00,126.80,13,2075,253275.00,
530901,ACIL        ,B ,Q,0.14,0.14,0.14,0.14,0.14,0.13,38,203922,28549.00,
530043,ACKNIT IND  ,B ,Q,26.45,26.50,26.45,26.45,26.45,27.80,13,749,19816.00,
533330,ACROPET TEC ,B ,Q,14.61,16.05,14.61,15.58,15.58,14.77,946,148752,2310516.00,
524091,ACRYCIL LTD.,B ,Q,122.05,123.50,119.10,121.00,120.50,122.25,28,755,91548.00,
532762,ACTION CONST,B ,Q,18.40,19.00,18.35,18.80,18.95,18.35,91,7717,144798.00,
511706,ACTION FIN. ,B ,Q,30.60,30.60,30.60,30.60,30.60,29.15,2,11,336.00,
512599,ADANI ENTER ,A ,Q,157.50,158.95,152.75,157.95,157.95,157.10,8380,453592,70655319.00,
532921,ADANI PORTS ,A ,Q,117.00,117.00,114.40,116.30,116.30,115.90,1598,63014,7296780.00,
533096,ADANI POWER ,A ,Q,40.25,41.60,39.85,41.45,41.45,40.20,2172,338136,13807434.00,
526711,ADARSH PLANT,B ,Q,5.93,5.93,5.93,5.93,5.93,5.65,2,550,3261.00,
523411,ADCINDIA    ,B ,Q,127.95,127.95,124.00,126.95,127.00,127.50,9,455,56746.00,
519183,ADF FOODS LT,B ,Q,47.00,48.80,46.50,48.45,48.45,47.20,43,3698,179109.00,
514113,ADHINATH TEX,T ,Q,9.90,9.90,9.90,9.90,9.90,1.00,3,102,1009.00,
532727,ADHUNIK MET ,B ,Q,27.65,28.70,27.55,27.65,27.60,28.15,201,23724,661345.00,
500303,ADI BIR NUVO,A ,Q,745.00,762.00,745.00,759.85,757.10,743.45,404,4404,3317457.00,
530117,ADIFINCHM   ,B ,Q,68.00,70.05,68.00,69.75,69.75,72.00,16,2301,159140.00,
590088,ADINATH BIO ,B ,Q,0.70,0.75,0.66,0.69,0.69,0.68,20,11300,7743.00,
513513,ADITYA ISPAT,B ,Q,5.87,5.88,5.70,5.70,5.70,5.60,8,3562,20806.00,
530431,ADOR FONTECH,B ,Q,80.10,82.00,80.10,82.00,82.00,81.00,22,2294,185878.00,
523120,ADOR MULTI. ,T ,Q,16.95,17.65,16.95,17.55,17.65,16.95,8,520,8955.00,
517041,ADORWELDING ,B ,Q,127.30,127.40,122.00,124.60,124.25,126.55,105,5038,627226.00,
531047,ADV POWER   ,T ,Q,5.24,5.24,5.24,5.24,5.24,5.51,1,10,52.00,
512149,ADVANCE TECH,B ,Q,0.18,0.18,0.16,0.16,0.16,0.17,134,2936208,476134.00,
517552,ADVANCED MIC,B ,Q,39.30,39.35,39.25,39.35,39.35,41.40,3,181,7113.00,
523269,ADVANI HOTEL,B ,Q,25.05,25.10,25.00,25.00,25.00,25.50,4,1001,25027.00,
532840,ADVANTA     ,B ,Q,608.70,628.40,593.05,599.70,599.70,608.70,5193,96303,58968412.00,
531429,ADVENT COMP.,B ,Q,3.00,3.00,2.73,2.98,2.98,2.87,12,48,142.00,
531686,ADVIK LABORS,T ,Q,6.31,6.31,6.10,6.23,6.10,6.15,12,2860,17828.00,
500003,AEGIS LOGIS ,B ,Q,117.60,118.95,117.15,117.30,117.30,119.65,114,2646,311212.00,
503655,AEONIAN PUB ,B ,Q,105.00,109.00,104.00,104.25,109.00,109.90,3,26,2710.00,
530707,AFTEK LTD   ,B ,Q,6.55,7.27,6.55,7.16,7.16,6.65,396,171661,1194736.00,
531921,AGAR IND COR,B ,Q,110.65,123.00,110.50,115.30,114.50,111.10,101,3760,438763.00,
500463,AGCNET      ,B ,Q,396.65,399.75,390.10,392.35,392.35,393.75,108,2055,809408.00,
519281,AGRO DUTCH I,B ,Q,3.75,3.92,3.60,3.60,3.60,3.66,41,6334,23605.00,
500215,AGRO TECH FO,B ,Q,445.00,448.50,445.00,446.35,446.50,444.40,35,769,343207.00,
533314,AGS INFO    ,T ,Q,25.80,27.80,25.80,27.80,27.80,27.15,6,350,9130.00,
524448,AHLCON PAREN,B ,Q,340.05,356.00,332.55,338.15,338.00,350.00,42,991,341429.00,
532811,AHLUWALIA CO,B ,Q,34.25,34.25,33.25,34.00,34.00,34.05,77,351,11858.00,
513335,AHMED.FORG  ,B ,Q,127.00,127.00,125.50,127.00,127.00,128.00,12,658,82973.00,
532806,AI CHAMPDNY ,T ,Q,18.85,19.95,18.85,19.95,19.95,19.80,3,106,1999.00,
532683,AIAENGINEER ,B ,Q,342.00,343.00,336.10,337.65,336.10,342.95,20,34,11575.00,
532309,AIL         ,B ,Q,375.00,379.45,371.15,376.65,376.65,376.40,331,7136,2669993.00,
532975,AISHWARYA TE,B ,Q,6.15,6.98,6.15,6.48,6.48,6.79,21,3196,20647.00,
532331,AJANTA PHARM,B ,Q,409.50,416.95,405.25,407.75,407.75,409.95,262,7769,3180031.00,
519216,AJANTA SOYA ,B ,Q,8.48,8.48,7.70,7.75,7.75,8.10,7,188,1455.00,
511692,AJCON GLOBAL,B ,Q,16.90,19.00,15.90,18.20,19.00,16.80,46,18019,302447.00,
530713,AJEL        ,B ,Q,4.33,4.76,4.33,4.33,4.33,4.55,12,1648,7237.00,
513349,AJMERA      ,B ,Q,103.00,104.30,101.50,102.35,102.00,102.60,67,2732,278815.00,
530621,AKAR TOOLS L,B ,Q,27.75,27.75,26.05,26.65,26.05,27.35,12,11899,314477.00,
532351,AKSH OPTIFIB,B ,Q,14.00,14.35,13.56,14.05,14.05,13.69,154,32205,448731.00,
524598,AKSHARCHEM I,B ,Q,12.07,12.07,12.07,12.07,12.07,12.70,1,2,24.00,
500710,AKZOINDIA   ,B ,Q,882.80,887.00,870.00,883.05,886.90,876.15,47,259,228043.00,
531517,ALANG INDS. ,T ,Q,76.00,76.00,69.40,73.00,73.00,73.00,5,175,12565.00,
524075,ALBERT DAVID,T ,Q,113.80,119.40,113.80,119.40,119.40,113.75,86,5255,622915.00,
531409,ALCH CORP   ,T ,Q,8.99,8.99,8.99,8.99,8.99,8.58,1,1,8.00,
526707,ALCHEMIST LT,B ,Q,55.00,55.00,52.75,53.30,53.00,53.05,130,13219,707025.00,
533573,ALEM PHARMA ,B ,Q,70.50,75.00,70.50,74.05,74.05,70.20,1910,191829,13972103.00,
506235,ALEMBIC LTD.,B ,Q,15.65,15.95,15.55,15.80,15.80,15.60,108,17045,266952.00,
530973,ALFA ICA (I),B ,Q,11.48,11.48,11.48,11.48,11.48,12.08,1,5,57.00,
517546,ALFA TRANSFO,B ,Q,17.50,17.50,17.30,17.30,17.30,18.20,2,40,696.00,
531156,ALFAVISON.OV,T ,Q,29.75,29.75,29.75,29.75,29.75,29.75,1,1,29.00,
505216,ALFRED HERB ,B ,Q,219.00,220.00,219.00,220.00,220.00,215.00,3,50,10989.00,
531147,ALICON      ,B ,Q,56.60,58.50,56.60,58.00,58.40,56.60,8,1708,99690.00,
531581,ALKA DIAMOND,T ,Q,14.11,14.11,14.11,14.11,14.11,14.85,1,10,141.00,
530889,ALKA INDIA  ,B ,Q,0.14,0.15,0.14,0.14,0.14,0.14,20,58800,8293.00,
532166,ALKA SECUR. ,B ,Q,0.29,0.31,0.29,0.31,0.31,0.30,5,2395,740.00,
533029,ALKALI      ,B ,Q,24.40,25.15,24.40,24.75,24.80,24.40,199,635,15778.00,
506767,ALKYL AMINES,B ,Q,113.10,113.10,113.10,113.10,113.10,108.90,1,20,2262.00,
532480,ALLAHABAD BK,A ,Q,120.05,121.60,119.35,121.10,121.10,120.15,1255,92287,11113936.00,
532749,ALLCARGO    ,B ,Q,124.95,132.50,124.95,131.40,132.00,129.30,137,338,43752.00,
532919,ALLIED COMP ,B ,Q,1.47,1.60,1.46,1.46,1.53,1.53,259,975505,1473426.00,
532875,ALLIED DIGIT,B ,Q,21.85,22.25,21.25,21.85,21.85,21.55,145,17172,374611.00,
532633,ALLSEC TECH ,B ,Q,34.75,34.75,32.45,32.70,32.70,34.15,24,1116,36654.00,
511589,ALMONDZ CMS ,B ,Q,9.25,9.80,9.25,9.80,9.80,9.35,3,30,288.00,
521070,ALOK INDS.  ,B ,Q,11.75,11.85,11.60,11.69,11.69,11.85,1256,650866,7633048.00,
532878,ALPA LAB    ,B ,Q,9.00,9.70,8.80,8.99,8.99,8.78,230,53250,485825.00,
531720,ALPHA GRAPHI,B ,Q,16.55,17.90,16.50,17.90,17.90,17.15,14,6803,116455.00,
531247,ALPHA HI-TEC,B ,Q,1.57,1.57,1.57,1.57,1.57,1.65,10,2483,3898.00,
526397,ALPHAGEO (I),B ,Q,46.20,46.20,46.20,46.20,46.20,44.00,16,3594,166042.00,
526519,ALPINE HSG. ,B ,Q,12.25,12.25,12.25,12.25,12.25,12.50,1,25,306.00,
530715,ALPS INDS.  ,B ,Q,1.90,1.96,1.85,1.85,1.85,1.91,11,2450,4716.00,
522275,ALSTOMT&D   ,A ,Q,184.15,185.25,182.00,183.10,183.75,186.15,218,9216,1695156.00,
524634,ALU FLUORIDE,B ,Q,9.03,9.95,9.03,9.95,9.95,9.50,5,706,6378.00,
513309,ALUM IND EX ,B ,Q,11.25,11.50,10.25,11.29,11.50,11.48,29,1056,11952.00,
506597,AMAL PRODUCT,B ,Q,16.45,16.70,15.20,16.70,16.70,15.95,47,15946,259060.00,
512008,AMANI TRAD  ,T ,Q,180.00,180.00,180.00,180.00,180.00,173.20,1,1,180.00,
500008,AMAR RAJA BA,B ,Q,375.00,376.95,370.80,374.20,374.20,373.60,144,3254,1214815.00,
532664,AMAR REMEDIE,B ,Q,50.70,50.70,50.70,50.70,50.70,53.35,30,4389,222522.00,
521097,AMARJOTHI SP,B ,Q,39.30,41.90,39.30,41.85,41.90,40.10,4,501,20714.00,
532335,AMBICA AGAR.,B ,Q,4.65,5.48,4.65,5.00,5.00,4.75,8,1952,9564.00,
531978,AMBIKA COTTO,B ,Q,190.95,190.95,175.00,177.50,177.50,174.85,9,30,5467.00,
500425,AMBUJA CEME ,A ,Q,181.25,182.65,178.60,181.55,181.55,181.90,916,77311,13934489.00,
530133,AMCO INDIA L,B ,Q,15.35,15.35,15.30,15.30,15.30,16.10,4,356,5456.00,
532828,AMD INDUS   ,B ,Q,15.30,15.30,15.00,15.30,15.20,15.25,16,712,10808.00,
513117,AMFORGE IND.,B ,Q,1.47,1.60,1.47,1.60,1.60,1.53,6,1682,2472.00,
531300,AMIT INTNL. ,T ,Q,8.40,8.40,8.00,8.00,8.00,8.00,34,2662,21421.00,
521076,AMIT SPIN.  ,B ,Q,1.24,1.24,1.24,1.24,1.24,1.28,1,100,124.00,
531991,AMRAWOR AGRI,B ,Q,1.26,1.26,1.26,1.26,1.26,1.28,1,900,1134.00,
531728,AMRIT BANAS ,B ,Q,138.00,140.00,138.00,138.75,140.00,136.25,11,617,85204.00,
507525,AMRIT CORP  ,B ,Q,281.00,283.00,280.00,283.00,283.00,283.00,4,12,3376.00,
590006,AMRUTANJAN  ,B ,Q,763.25,770.00,753.65,757.00,757.00,762.00,191,2256,1717067.00,
520077,AMTEK AUTO  ,B ,Q,90.75,92.00,89.15,89.50,89.50,91.55,503,21586,1948409.00,
532282,AMTEK INDIA ,B ,Q,97.45,99.75,97.10,97.85,97.85,98.30,1201,193095,19069475.00,
534612,AMTL        ,B ,Q,19.50,20.80,19.00,19.55,19.10,19.60,41,2150,43149.00,
531761,AMULYA LEAS.,T ,Q,37.10,37.10,37.10,37.10,37.10,39.00,5,26353,977696.00,
515055,ANANT RAJ IN,B ,Q,44.55,44.85,43.20,43.60,43.60,44.05,606,58882,2574227.00,
532418,ANDHRA BANK ,A ,Q,91.20,93.10,90.90,92.55,92.55,91.10,567,33026,3036690.00,
532141,ANDHRA CEMEN,B ,Q,8.10,8.29,8.05,8.08,8.05,8.12,17,2576,20872.00,
502330,ANDHRA PAPER,B ,Q,333.90,353.00,330.00,348.65,348.65,337.95,10249,401491,138369070.00,
500012,ANDHRA PETRO,B ,Q,18.70,19.00,18.60,18.65,18.60,18.70,23,3373,63237.00,
590062,ANDHRA SUGAR,B ,Q,150.70,151.00,148.60,150.85,151.00,149.25,99,5343,803585.00,
526173,ANDREW YULE ,B ,Q,19.60,19.95,19.35,19.75,19.75,19.60,215,36980,726295.00,
530721,ANGIND      ,B ,Q,12.11,13.40,12.11,12.26,12.17,12.52,12,1414,17480.00,
519383,ANIK INDS   ,B ,Q,32.65,34.00,32.65,32.75,32.70,33.45,12,21332,716533.00,
504629,ANIL SP STEL,B ,Q,6.08,6.54,6.00,6.33,6.49,6.31,92,58109,352332.00,
532910,ANILLTD     ,B ,Q,216.00,218.00,212.50,216.00,216.00,214.00,14,39,8400.00,
521131,ANJANI DHAM ,B ,Q,12.20,12.60,12.00,12.60,12.60,12.00,13,6372,78757.00,
518091,ANJANI PORTL,B ,Q,25.25,27.00,25.25,26.50,26.50,26.45,32,3250,85747.00,
531223,ANJANI SYNT.,B ,Q,6.86,6.86,5.63,6.85,6.85,6.25,10,595,3394.00,
532870,ANKIT METAL ,B ,Q,14.15,14.60,13.90,14.49,14.50,14.74,14,5365,76575.00,
531683,ANKUR DRUGS ,B ,Q,13.60,13.60,13.05,13.13,13.20,13.43,38,8601,113669.00,
531519,ANKUSH FINST,B ,Q,12.47,12.47,12.47,12.47,12.47,13.12,1,1298,16186.00,
523007,ANSAL BUILD.,B ,Q,36.05,38.00,36.05,37.60,37.40,37.50,12,435,16307.00,
507828,ANSAL HOUS. ,B ,Q,45.20,45.25,44.50,45.00,45.00,44.10,23,1329,59727.00,
500013,ANSAL INFRAS,B ,Q,22.80,23.35,22.75,23.00,23.35,23.05,51,11238,257326.00,
505665,ANTIF BEARNG,B ,Q,89.05,91.95,89.00,90.70,90.90,89.00,36,2716,243379.00,
532981,ANU LABS    ,B ,Q,1.05,1.05,0.86,0.87,0.87,0.88,111,89779,81013.00,
506260,ANUH PHARMA ,B ,Q,136.15,141.95,133.05,135.05,135.05,137.15,203,19117,2598401.00,
514332,ANUVIN INDUS,T ,Q,9.28,9.57,9.26,9.26,9.26,9.44,18,13500,125526.00,
532259,APAR INDUS. ,B ,Q,127.00,132.00,127.00,127.10,127.00,127.80,15,496,63541.00,
523694,APCOTEX IND*,B ,Q,156.60,169.00,156.60,165.75,165.75,159.00,170,1846,301623.00,
533758,APL APOLLO  ,B ,Q,148.10,151.75,148.05,150.05,150.00,150.00,15,6154,931886.00,
517096,APLAB LTD.  ,B ,Q,25.95,25.95,24.00,24.25,25.45,24.05,9,204,5190.00,
523537,APM INDUS.  ,B ,Q,12.98,12.98,12.00,12.43,12.43,12.21,116,46992,583530.00,
508869,APOLLO HOSP.,A ,Q,625.05,632.00,625.05,630.00,628.15,626.35,294,3587,2258529.00,
500877,APOLLO TYRES,A ,Q,93.50,93.50,91.60,92.05,92.05,91.60,3309,287466,26500274.00,
500014,APPLE FINANC,B ,Q,2.05,2.05,2.05,2.05,2.05,2.11,2,750,1537.00,
532475,APTECH LTD  ,B ,Q,67.00,68.15,66.30,66.90,66.90,66.65,1072,87531,5871554.00,
590033,APW PRES    ,B ,Q,205.00,209.00,204.90,205.75,205.00,205.85,33,4972,1021415.00,
533159,AQUA LOGIST ,B ,Q,8.65,9.15,8.65,8.95,8.95,9.23,279,66330,592425.00,
512344,ARAVALI SEC.,B ,Q,12.60,13.45,12.60,13.45,13.45,13.00,7,202,2594.00,
531160,ARCADIA MERC,B ,Q,9.61,10.11,9.52,9.99,9.99,9.89,6,305,3010.00,
530565,ARCHANA SOFT,B ,Q,3.67,3.67,3.67,3.67,3.67,3.74,1,100,367.00,
532994,ARCHIDPLY IN,B ,Q,9.00,9.00,8.37,8.71,8.74,8.82,10,830,7132.00,
532212,ARCHIES LTD ,B ,Q,24.75,25.70,24.65,25.10,25.05,25.20,258,25099,629989.00,
532914,ARCOTECH LTD,B ,Q,27.70,27.70,25.85,25.85,25.85,27.45,6,330,8590.00,
530261,ARCUTTI.TEA ,B ,Q,16.48,16.48,16.35,16.48,16.48,15.70,17,3123,51306.00,
532114,AREALTY     ,B ,Q,4.59,5.25,4.50,5.01,5.01,5.09,23,6163,31453.00,
526851,AREX IND.   ,T ,Q,13.65,13.65,12.50,13.00,13.00,13.00,10,255,3349.00,
530967,ARICENTINF  ,B ,Q,149.00,155.70,148.95,155.00,155.00,155.45,451,129568,20003230.00,
532935,ARIES AGRO  ,B ,Q,51.30,51.30,49.15,50.70,50.70,50.00,122,3211,161978.00,
506194,ARIH SUPER  ,B ,Q,38.80,39.00,38.50,38.85,38.80,38.50,85,13975,542545.00,
531553,ARIHANT AVEN,T ,Q,15.80,15.80,15.80,15.80,15.80,16.10,1,50,790.00,
511605,ARIHANT CAP.,B ,Q,17.15,17.15,17.00,17.00,17.00,17.15,4,890,15137.00,
531381,ARIHANT FOUN,B ,Q,39.55,39.55,39.55,39.55,39.55,41.60,2,32,1265.00,
513729,ARO GRANITE ,B ,Q,32.00,32.00,31.70,32.00,32.00,33.45,8,278,8870.00,
531560,AROMA ENT   ,T ,Q,12.95,14.00,12.95,14.00,14.00,13.35,7,1115,15487.00,
516064,ARROW COATED,B ,Q,9.47,9.88,9.47,9.88,9.88,9.90,3,469,4441.00,
533068,ARROW TEX   ,B ,Q,6.75,6.76,6.75,6.76,6.76,7.05,8,4139,27944.00,
506074,ARSHYIA INTL,B ,Q,118.20,119.25,116.60,117.05,117.00,117.40,154,5576,654892.00,
531320,ARSI COSMET.,B ,Q,14.85,14.92,13.53,14.15,14.10,14.22,16,1866,26734.00,
533163,ARSS INFRA  ,B ,Q,35.50,37.00,35.50,35.95,35.95,36.05,768,59989,2167109.00,
522134,ARTSON ENG  ,B ,Q,30.05,30.80,30.00,30.65,30.65,30.20,33,22742,682598.00,
590114,ARUNJYOTI EN,B ,Q,14.00,14.00,11.70,12.79,12.70,12.80,36,454,5545.00,
524760,ARVIND INTER,B ,Q,13.80,14.00,13.71,13.72,14.00,13.96,11,3617,49820.00,
500101,ARVIND Ltd  ,B ,Q,63.85,65.55,62.35,64.85,64.85,63.50,2102,207609,13316198.00,
531823,ARVIND REM. ,B ,Q,34.00,34.50,33.10,34.00,34.00,34.15,208,44745,1512165.00,
530245,ARYAMAN FIN.,B ,Q,23.90,24.85,23.90,24.35,24.85,23.95,2,20,487.00,
515030,ASAHI IN.GLA,B ,Q,67.10,72.00,67.10,70.50,70.70,68.85,213,23089,1622553.00,
512535,ASAHI INFRA.,T ,Q,1.96,2.11,1.95,2.08,2.11,2.01,22,7007,14610.00,
532853,ASAHI SONG  ,B ,Q,80.00,80.00,78.85,79.40,79.00,79.40,44,6456,514729.00,
534564,ASEEM GLOBAL,B ,Q,40.00,40.50,37.75,38.95,38.90,39.70,335,75342,2917510.00,
527001,ASHAPURA LTD,T ,Q,22.35,22.35,22.35,22.35,22.35,23.50,97,37757,843868.00,
517565,ASHCO NIUL  ,T ,Q,1.21,1.21,1.21,1.21,1.21,1.16,5,2250,2722.00,
523716,ASHIANA HOU ,B ,Q,160.00,162.15,160.00,160.45,160.10,156.55,29,1452,232833.00,
590122,ASHIKACR    ,B ,Q,110.20,113.00,107.80,110.80,111.00,109.95,62,26063,2856767.00,
514286,ASHIMA LTD. ,B ,Q,5.67,5.67,5.67,5.67,5.67,5.40,32,23039,130631.00,
512247,ASHIRWAD CAP,B ,Q,1.65,2.05,1.65,2.04,2.04,1.88,97,66776,131376.00,
526847,ASHIRWAD STL,B ,Q,7.94,7.94,7.94,7.94,7.94,8.35,2,300,2382.00,
530429,ASHISH POLY.,B ,Q,3.21,3.21,3.21,3.21,3.21,3.06,1,1,3.00,
507872,ASHNOOR TEX.,T ,Q,3.35,3.35,3.35,3.35,3.35,3.41,1,46,154.00,
500477,ASHOK LEYL. ,A ,Q,21.00,21.20,20.90,21.05,21.05,20.60,2070,907320,19108696.00,
533271,ASHOKA      ,B ,Q,259.95,259.95,246.35,253.50,254.50,250.00,49,644,164161.00,
524594,ASHOK-ALCO  ,T ,Q,22.25,22.25,22.25,22.25,22.25,21.20,3,400,8900.00,
530899,ASIA PACK   ,T ,Q,39.75,39.75,39.75,39.75,39.75,37.90,2,100,3975.00,
532435,ASIAHR TECH ,B ,Q,5.79,5.79,5.79,5.79,5.79,5.52,2,205,1186.00,
503940,ASIAN ELECTR,T ,Q,3.99,4.25,3.99,4.03,4.03,4.14,55,15493,62865.00,
532047,ASIAN FILMS ,T ,Q,2.39,2.39,2.39,2.39,2.39,2.28,2,304,726.00,
532888,ASIAN GRANIT,B ,Q,44.00,45.90,43.00,44.95,43.00,43.00,4,103,4534.00,
533227,ASIAN HTL E ,B ,Q,228.90,228.90,218.05,221.00,221.00,220.00,5,59,13191.00,
533221,ASIAN HTL W ,B ,Q,129.95,129.95,122.65,128.85,129.10,131.80,16,35,4477.00,XD
530355,ASIAN OILFIE,B ,Q,27.50,29.80,27.20,28.90,28.90,27.75,83,13909,396130.00,
500820,ASIAN PAINTS,A ,Q,3650.00,3695.00,3640.00,3686.50,3669.00,3653.20,499,2801,10293738.00,
519532,ASIAN TEA   ,B ,Q,13.80,14.00,13.50,13.63,13.55,13.81,12,1306,17852.00,
500023,ASIANHOTNR  ,B ,Q,190.00,190.00,176.55,178.45,178.50,178.70,42,241,44627.00,
531463,ASIANLAK CAP,T ,Q,18.65,18.65,18.65,18.65,18.65,18.30,1,2,37.00,
530723,ASIT C FIN  ,B ,Q,19.95,19.95,19.95,19.95,19.95,19.00,2,125,2493.00,
526433,ASM TECHNOLO,B ,Q,74.00,74.00,70.25,73.45,73.45,71.45,36,3297,235348.00,
500024,ASSAMCO     ,B ,Q,5.20,5.57,5.10,5.40,5.40,5.52,224,111722,595160.00,
531192,ASSOC.FINLEA,T ,Q,31.00,32.00,31.00,31.80,32.00,30.80,13,11100,353100.00,
502015,ASSOC.STONE ,B ,Q,23.05,24.65,23.05,24.65,24.65,23.55,6,503,11940.00,
533138,ASTEC LIFE  ,T ,Q,31.00,31.00,28.55,28.70,28.55,29.80,19,2400,69254.00,
533219,ASTERSILI   ,T ,Q,7.20,7.60,7.20,7.26,7.26,7.35,4,675,4881.00,
532493,ASTRA MICRO ,B ,Q,42.00,42.00,39.15,39.95,39.95,40.25,279,40256,1607036.00,
532830,ASTRAL POLY ,B ,Q,270.05,287.00,270.00,285.90,285.90,273.10,484,5856,1660733.00,
506820,ASTRAZEN.PH.,A ,Q,1588.40,1851.80,1588.40,1796.70,1796.70,1858.90,1343,10021,18095333.00,
530187,ATHARV ENT  ,B ,Q,42.00,44.70,42.00,44.50,44.50,44.00,6,95,4123.00,
532759,ATLANTA     ,B ,Q,54.45,56.00,54.00,54.50,54.50,54.10,478,134704,7504044.00,
505029,ATLAS CYCLES,B ,Q,397.00,411.00,397.00,400.00,400.00,394.90,1115,19137,7722668.00,
511427,ATN INTER.  ,B ,Q,0.53,0.66,0.53,0.55,0.55,0.62,8,1000,552.00,
524444,ATREYA PETRO,T ,Q,9.13,9.13,9.13,9.13,9.13,8.96,1,1,9.00,
531795,ATUL AUTO   ,B ,Q,99.80,100.80,97.00,99.90,100.80,96.90,156,30031,2963257.00,
500027,ATUL LTD.   ,B ,Q,305.00,311.75,299.00,300.10,300.15,302.40,601,14892,4553284.00,
500028,ATV PROJECTS,T ,Q,1.90,1.90,1.90,1.90,1.90,1.99,4,528,1003.00,
502352,AURANG.PAPER,T ,Q,3.45,3.48,3.16,3.45,3.45,3.32,5,4500,15338.00,
532668,AURIONPRO SO,B ,Q,102.50,104.00,102.35,104.00,104.00,106.25,4,126,12912.00,
530233,AURO LAB.   ,B ,Q,7.02,7.02,6.76,6.76,6.76,7.10,8,2000,13577.00,
524804,AUROB.PHARMA,A ,Q,119.00,121.35,117.40,118.75,118.75,118.20,4842,524061,62655788.00,
531336,AUROMA COKE ,T ,Q,8.50,8.50,8.50,8.50,8.50,8.46,1,50,425.00,
509009,AUSOM ENT   ,B ,Q,24.45,24.45,24.45,24.45,24.45,25.70,1,200,4890.00,
522005,AUSTIN ENGG.,B ,Q,63.00,63.00,61.60,62.55,62.55,63.00,20,1436,89178.00,
533016,AUSTRAL COKE,B ,Q,0.85,0.88,0.82,0.87,0.85,0.86,42,35480,30404.00,
505010,AUTO AXLES  ,B ,Q,341.05,344.90,340.00,344.25,344.90,341.10,55,718,245195.00,
505036,AUTO COR.GOA,B ,Q,269.05,275.50,269.05,271.95,271.95,274.00,4,38,10307.00,
532797,AUTOIND     ,B ,Q,183.85,186.35,181.00,182.70,183.00,182.55,824,22997,4204519.00,
520119,AUTOMOTIVE S,B ,Q,46.80,48.40,46.80,48.40,48.40,48.30,3,236,11086.00,
500030,AUTORID.FIN ,T ,Q,1.34,1.34,1.34,1.34,1.34,1.40,2,150,201.00,
531310,AVAILABLE FI,B ,Q,24.80,24.80,23.60,23.60,23.60,24.80,3,7,171.00,
532406,AVANTEL LTD ,B ,Q,50.05,57.95,50.05,56.55,57.30,55.95,7,346,18243.00,
512573,AVANTI FEEDS,B ,Q,157.00,157.00,152.00,153.65,153.65,155.95,28,3056,471838.00,
532995,AVON CORP   ,B ,Q,1.68,1.70,1.65,1.65,1.65,1.70,26,10060,16649.00,
531541,AVON ORGANIC,B ,Q,21.90,22.00,21.70,21.90,21.85,21.70,77,60711,1331367.00,
519105,AVT NATURAL ,B ,Q,34.45,34.50,33.55,33.60,33.55,33.65,84,2280,76884.00,
513642,AXEL POLYMER,T ,Q,3.47,3.47,3.47,3.47,3.47,3.54,2,579,2009.00,
532215,AXIS BANK   ,A ,Q,979.00,984.00,967.10,978.25,978.25,977.50,11706,296589,289383239.00,
531278,AXIS CAPITAL,B ,Q,14.90,16.45,14.90,14.91,14.91,15.67,6,9,137.00,
533570,AXISGOLD    ,E ,Q,3098.99,3098.99,3098.99,3098.99,3098.99,3099.95,1,12,37187.00,
532395,AXIT IT LTD ,B ,Q,84.30,95.25,84.30,87.55,87.55,85.00,1777,67674,6144141.00,
505506,AXON INFOTEC,B ,Q,9.71,9.71,9.70,9.70,9.70,10.21,8,2400,23282.00,
523850,AXTEL INDUS.,T ,Q,8.20,8.20,8.18,8.18,8.18,8.60,6,3115,25500.00,
516112,B.K.DUPLEX  ,T ,Q,6.87,6.87,6.87,6.87,6.87,7.23,1,25,171.00,
523019,B.N.RATHI SE,B ,Q,14.25,14.25,14.25,14.25,14.25,14.85,1,2,28.00,
531268,B2B SOFT.   ,B ,Q,6.89,6.89,6.89,6.89,6.89,7.00,1,2,13.00,
532380,BABA ARTS   ,B ,Q,5.80,5.80,5.75,5.80,5.80,5.85,173,15504,89898.00,
532989,BAFNA PHARMA,B ,Q,44.00,44.20,42.80,43.20,43.30,43.15,31,10732,466765.00,
531733,BAFNA SPG.MI,T ,Q,0.12,0.13,0.12,0.12,0.12,0.12,10,108554,13245.00,
532507,BAG FIL MED ,B ,Q,3.85,3.89,3.66,3.75,3.75,3.85,101,54437,204361.00,
530197,BAGADIA COLO,T ,Q,5.83,5.83,5.83,5.83,5.83,6.13,2,25,145.00,
511724,BAID LEASING,B ,Q,9.00,9.00,9.00,9.00,9.00,9.45,1,64,576.00,
500490,BAJ HOLD INV,A ,Q,768.05,769.00,750.50,753.45,751.00,768.90,376,3800,2876800.00,
532977,BAJAJ AUTO  ,A ,Q,1650.05,1669.95,1638.45,1648.15,1648.15,1664.45,955,14986,24748334.00,
533229,BAJAJ CORP  ,B ,Q,192.30,195.00,184.00,185.75,185.75,189.40,2398,83696,15949451.00,
500031,BAJAJ ELECT.,B ,Q,171.50,173.65,170.00,171.85,172.00,169.95,110,2203,376976.00,
532978,BAJAJ FINSE ,A ,Q,802.00,812.00,791.05,806.70,806.70,798.50,1622,33260,26746500.00,
507944,BAJAJ STEEL ,B ,Q,84.10,85.50,84.05,85.00,85.00,86.75,18,660,56017.00,
500032,BAJAJHIND.LT,B ,Q,30.85,30.95,30.15,30.70,30.70,30.55,1362,337423,10323358.00,
500034,BAJFINANCE  ,B ,Q,1040.00,1074.95,1040.00,1054.70,1050.05,1040.20,147,2630,2784290.00,
524824,BAL PHARMA  ,B ,Q,20.45,20.45,19.75,20.15,19.75,20.50,33,1828,37119.00,
530999,BALAJI AMINE,B ,Q,44.50,44.65,43.95,44.25,44.15,44.50,40,3795,167476.00,
532382,BALAJI TELE.,B ,Q,41.00,41.00,39.65,39.95,39.95,40.60,303,45173,1811196.00,
500102,BALARPUR IND,B ,Q,17.80,18.95,17.80,18.20,18.20,17.75,1564,531622,9737220.00,
513142,BALASORE    ,B ,Q,12.62,13.10,12.62,12.86,12.92,13.04,51,9228,118610.00,
502355,BALKRISH IND,B ,Q,271.00,273.10,267.00,268.85,269.45,272.20,172,3229,868008.00,
532485,BALMER LA.IN,B ,Q,185.00,185.95,184.50,184.80,184.80,184.75,156,15921,2945428.00,
523319,BALMER LAWRI,B ,Q,620.00,622.95,619.25,621.35,621.70,622.40,92,1621,1006258.00,
500038,BALRAM.CHINI,B ,Q,68.05,69.40,66.50,68.90,68.90,67.65,1373,192422,13103959.00,
519295,BAMBINO AGRO,T ,Q,26.40,26.40,25.10,25.10,25.10,26.40,16,997,25089.00,
531591,BAMPSL SECUR,B ,Q,0.69,0.70,0.68,0.68,0.68,0.67,32,321832,220337.00,
526849,BANARAS BEAD,T ,Q,31.20,31.20,31.20,31.20,31.20,29.75,1,100,3120.00,
509053,BANAS FIN.  ,T ,Q,17.75,17.75,16.95,17.00,17.00,16.95,13,12400,210680.00,
500039,BANCO PROD. ,B ,Q,58.40,58.40,57.05,58.00,58.00,57.10,45,10347,597525.00,
532946,BANG        ,B ,Q,15.90,16.00,15.60,16.00,16.00,15.35,19,84,1324.00,
532525,BANK MAHA   ,B ,Q,43.80,44.20,43.75,43.95,43.95,43.95,109,6823,300192.00,
500041,BANNARI AMAN,B ,Q,916.00,917.00,910.00,916.20,917.00,915.40,77,565,517526.00,
532674,BANNARI AMMA,T ,Q,80.00,81.90,79.95,80.00,80.00,80.20,17,6852,548181.00,
503722,BANSW.SYNTEX,B ,Q,65.10,65.10,65.10,65.10,65.10,65.70,2,90,5859.00,
532916,BARAK VALL  ,B ,Q,9.40,9.40,8.90,9.00,9.00,8.85,31,925,8332.00,
513502,BARODA EXTR.,B ,Q,70.25,70.50,69.30,69.85,69.85,69.15,149,28160,1961796.00,
532336,BARON INFO. ,B ,Q,1.14,1.14,1.14,1.14,1.14,1.16,1,400,456.00,
532694,BARTRONICSIN,B ,Q,23.00,23.00,20.70,21.45,21.45,21.65,134,14343,307870.00,
524687,BASANT AGRO ,B ,Q,3.70,3.93,3.70,3.92,3.93,3.72,15,13201,51409.00,
500042,BASF INDIA  ,B ,Q,628.20,649.00,628.20,634.40,634.40,628.10,1152,16774,10747852.00,
511210,BASIL INF   ,T ,Q,10.77,10.77,10.77,10.77,10.77,11.32,1,199,2143.00,
500043,BATA INDIA  ,A ,Q,906.10,907.00,892.35,896.85,896.85,903.80,887,22290,20064730.00,
506285,BAYER CROP  ,B ,Q,1000.00,1003.00,992.00,1000.40,1000.40,999.70,270,2764,2762645.00,
506971,BB REALTY   ,B ,Q,7.35,7.35,7.35,7.35,7.35,7.70,5,1050,7717.00,
508136,BB REALTY   ,B ,Q,179.35,183.50,178.80,180.30,181.00,181.75,32,1933,350825.00,
534109,BCB FINANCE ,M ,Q,25.00,25.00,25.00,25.00,25.00,25.00,1,4000,100000.00,
531178,BCC FINANCE ,B ,Q,13.75,13.75,13.75,13.75,13.75,14.45,2,11,151.00,
517246,BCC FUBA    ,B ,Q,2.90,2.91,2.74,2.74,2.74,2.87,7,1200,3449.00,
524828,BDH INDUS.  ,B ,Q,15.50,15.75,14.90,15.10,15.15,15.00,22,1015,15469.00,
531937,BECKONSIND  ,B ,Q,0.62,0.68,0.62,0.66,0.66,0.65,85,81023,52560.00,
533270,BEDMUTHA IN ,B ,Q,12.25,12.57,12.25,12.57,12.57,11.98,84,7456,92911.00,
500048,BEML LTD    ,B ,Q,279.60,285.00,277.00,283.50,284.10,278.55,1041,27300,7722438.00,
509438,BENARES HOT ,B ,Q,565.00,565.00,565.00,565.00,565.00,555.60,1,15,8475.00,
533095,BENGLA& ASM ,B ,Q,233.00,241.25,230.00,233.30,232.00,241.80,35,4376,1018982.00,
524737,BENZO PET.IN,T ,Q,2.59,2.59,2.59,2.59,2.59,2.72,2,100,259.00,
509480,BERGER PAINT,B ,Q,141.65,142.20,139.65,140.10,140.10,142.40,539,28673,4035985.00,
524606,BERYL DRUGS ,B ,Q,22.50,22.75,20.50,22.50,22.50,21.25,283,55381,1213759.00,
500046,BEST&CROMPT.,T ,Q,5.65,5.68,5.52,5.68,5.68,5.75,7,1967,11146.00,
533303,BF INVEST   ,B ,Q,41.00,41.55,40.50,41.00,40.75,40.75,18,2810,114981.00,
532430,BF UTILI    ,B ,Q,394.05,406.95,390.35,404.00,404.00,393.30,4486,129178,51587140.00,
517421,BFLYGANDHI  ,T ,Q,336.00,357.55,335.00,356.70,357.50,340.55,123,6786,2394987.00,
511664,BGIL FL TEC ,B ,Q,4.98,4.98,4.85,4.86,4.98,5.10,6,1036,5029.00,
533499,BGLOBAL     ,B ,Q,5.79,5.79,5.25,5.49,5.40,5.72,10,2010,10905.00,
532930,BGR ENERGY  ,B ,Q,259.00,262.90,256.40,262.20,262.20,258.40,1356,53091,13827697.00,
524663,BH.IMMUN&BIO,T ,Q,14.35,14.40,14.15,14.15,14.15,14.85,90,58672,831162.00,
500051,BHAG GAS    ,T ,Q,1.65,1.79,1.64,1.79,1.79,1.71,5,10670,17635.00,
531719,BHAGIRA.CHEM,B ,Q,32.15,35.00,32.15,33.10,34.50,33.25,6,261,8548.00,
530095,BHAGWANDAS M,B ,Q,10.44,10.45,9.51,10.33,10.40,10.00,9,617,5887.00,
504646,BHAGWATI AUT,B ,Q,24.95,24.95,24.85,24.85,24.85,25.55,13,708,17629.00,XD
532845,BHAGWATI BAN,B ,Q,66.00,68.00,65.70,67.10,67.10,65.45,1424,6714,451715.00,
509449,BHAGWATI OXY,T ,Q,9.00,9.00,9.00,9.00,9.00,8.96,1,51,459.00,
512296,BHAGYA INL* ,B ,Q,13.50,13.50,13.35,13.37,13.37,13.50,7,239,3222.00,
512608,BHANDARI HOS,B ,Q,49.70,49.70,48.40,49.20,49.10,49.00,57,30139,1477611.00,
500052,BHANSALI ENG,B ,Q,16.35,17.95,16.35,17.05,17.00,17.40,17,456,7670.00,
511501,BHARAT BHUSH,B ,Q,8.70,8.70,8.70,8.70,8.70,8.70,3,550,4785.00,
503960,BHARAT BIJLE,B ,Q,555.00,560.00,551.00,555.05,555.00,551.65,146,746,413515.00,
500049,BHARAT ELECT,A ,Q,1251.85,1251.85,1235.00,1243.30,1243.30,1243.35,82,499,620458.00,
531862,BHARAT FERTI,B ,Q,60.55,63.00,60.55,63.00,63.00,61.00,70,784,49049.00,
500493,BHARAT FORGE,A ,Q,279.05,280.95,275.30,276.55,276.55,279.35,579,16879,4708039.00,
505688,BHARAT GEARS,B ,Q,64.60,64.90,62.50,63.00,63.35,63.50,25,2169,138179.00,
500547,BHARAT PET. ,A ,Q,343.00,349.00,340.00,346.80,346.80,340.30,1429,42268,14585041.00,
590021,BHARAT RA(PS,B ,Q,147.95,148.00,136.10,136.10,136.10,149.95,56,204,29990.00,
523229,BHARAT SEATS,B ,Q,13.50,13.65,13.07,13.20,13.20,13.50,41,6650,88095.00,
532609,BHARSHIP    ,B ,Q,62.65,63.55,62.00,63.30,63.30,62.85,265,22802,1436211.00,
532454,BHARTI ARTL ,A ,Q,245.90,252.00,241.45,249.65,249.65,246.95,6061,463566,114251851.00,
526666,BHARTIYA INT,B ,Q,47.30,48.50,46.85,47.00,46.85,48.30,64,1514,71622.00,
524332,BHATINDA CH.,B ,Q,29.45,31.00,28.20,29.80,29.80,29.60,11,1586,46829.00,
518017,BHEEMA CEM  ,B ,Q,11.00,11.79,10.57,10.99,10.90,11.40,15,5495,60110.00,
500103,BHEL        ,A ,Q,216.00,219.40,214.15,218.90,218.90,216.45,3855,262650,57005908.00,
514272,BHILWARA SP.,T ,Q,5.01,5.01,5.01,5.01,5.01,5.02,1,500,2505.00,
533108,BHILWRA TEC ,B ,Q,3.75,4.25,3.75,4.00,4.00,3.95,34,13998,55083.00,
506027,BHORUKA ALU.,B ,Q,1.11,1.14,1.04,1.14,1.14,1.09,125,200998,216659.00,
500055,BHUSH STEEL ,A ,Q,455.00,462.90,455.00,460.85,462.50,462.35,239,66525,30687519.00,
513333,BHUWALKA ST.,B ,Q,17.50,18.00,17.50,18.00,18.00,17.80,2,101,1768.00,
500058,BIHAR SPONGE,T ,Q,5.86,6.44,5.86,6.38,6.40,6.14,40,20729,131531.00,
533321,BIL ENERGY  ,B ,Q,72.00,72.00,66.15,66.35,66.15,71.00,34,13117,880896.00,
526853,BILCARE LTD.,B ,Q,171.90,175.00,161.65,166.70,166.70,171.00,2199,108013,18093154.00,
531590,BILPOWER LTD,B ,Q,32.20,32.95,31.05,32.00,32.40,32.20,21,796,25463.00,
505681,BIMETAL BEAR,B ,Q,250.95,251.00,245.00,248.00,248.10,251.75,50,1398,346514.00,
500059,BINANI IND. ,B ,Q,103.70,103.70,101.50,103.15,103.70,102.85,103,2210,227868.00,
514215,BINNY LTD.  ,T ,Q,28.85,28.85,28.80,28.80,28.80,30.30,3,149,4296.00,
512253,BIO GREEN I ,B ,Q,12.60,12.60,12.60,12.60,12.60,12.60,6,3037,38266.00,
532523,BIOCON LTD. ,A ,Q,267.10,268.90,261.60,267.85,267.85,265.95,2071,83762,22265407.00,
524396,BIOFIL CHEM ,T ,Q,3.08,3.40,3.08,3.40,3.40,3.24,2,101,343.00,
534535,BIOGRPAPER  ,B ,Q,5.90,5.90,5.32,5.74,5.50,5.29,16,3751,21812.00,
532330,BIOPAC INDIA,B ,Q,5.24,5.24,5.00,5.17,5.22,5.00,12,538,2816.00,
511607,BIR SHL EDU ,B ,Q,5.95,5.95,5.51,5.80,5.80,5.97,58,27550,159697.00,
512332,BIRLA CAP   ,B ,Q,1.17,1.17,1.17,1.17,1.17,1.12,3,600,702.00,
500335,BIRLA CORPN.,B ,Q,204.00,208.00,202.05,205.25,204.50,205.40,98,2596,532366.00,
533006,BIRLA COTSYN,T ,Q,0.20,0.20,0.20,0.20,0.20,0.20,49,311063,62212.00,
500060,BIRLA ERIC. ,B ,Q,9.40,9.40,8.39,8.94,9.00,8.78,147,25776,220013.00,
517001,BIRLA POWER ,T ,Q,0.35,0.36,0.34,0.35,0.35,0.35,122,456916,162716.00,
522105,BIRLA PRETEC,B ,Q,6.50,6.55,6.11,6.49,6.40,6.39,24,14264,91890.00,
533469,BIRLAPACIFIC,B ,Q,3.00,3.00,2.78,2.81,2.78,2.89,61,66346,188020.00,
531671,BISIL PLAST ,B ,Q,0.34,0.36,0.34,0.34,0.34,0.35,12,10015,3476.00,
526709,BITS LTD.   ,B ,Q,0.30,0.30,0.30,0.30,0.30,0.31,4,5000,1500.00,
519500,BKV INDUSTRS,T ,Q,1.86,1.86,1.86,1.86,1.86,1.78,1,1,1.00,
532719,BL KASHYAP  ,B ,Q,8.29,8.29,7.86,8.05,8.10,8.25,64,16200,130075.00,
506981,BL.CHIP TEX ,B ,Q,11.70,12.60,11.70,12.60,12.60,12.00,6,104,1266.00,
514183,BLA ROS IND ,B ,Q,5.79,6.08,5.79,6.08,6.08,6.09,4,420,2491.00,
531570,BLAZON MARBL,B ,Q,13.70,13.70,13.70,13.70,13.70,13.97,38,173941,2382991.00,
532290,BLB LTD.    ,B ,Q,3.77,3.77,3.74,3.74,3.74,3.62,2,1000,3755.00,
506197,BLISSGVS PH ,B ,Q,36.35,36.95,36.25,36.45,36.45,36.75,81,8239,301572.00,
526225,BLOOM DEKOR ,B ,Q,19.25,19.25,19.00,19.25,19.25,19.50,20,1700,32625.00,
531175,BLS INFOTE  ,B ,Q,0.20,0.22,0.18,0.18,0.19,0.22,11,24670,4588.00,
531936,BLUE CHIP(I),B ,Q,0.62,0.63,0.62,0.63,0.63,0.69,4,1700,1069.00,
508939,BLUE CIRCLE ,B ,Q,80.10,80.10,79.85,80.00,80.05,79.70,298,519701,41551201.00,
526612,BLUE DART EX,B ,Q,1650.00,1775.10,1530.75,1683.15,1683.15,1913.40,5722,62178,104741347.00,
500067,BLUE STAR   ,B ,Q,175.25,178.00,171.00,171.55,171.55,176.10,263,4887,847590.00,
532346,BLUE STAR IN,B ,Q,61.25,64.00,61.25,63.00,63.00,62.00,45,48,2980.00,
532781,BLUEBIRD(I) ,T ,Q,2.25,2.25,2.06,2.06,2.06,2.15,4,868,1862.00,
531420,BMB MUSIC   ,T ,Q,4.68,4.68,4.68,4.68,4.68,4.46,1,50,234.00,
500069,BNK CAPITAL ,B ,Q,20.05,20.05,20.05,20.05,20.05,19.75,10,786,15759.00,
532134,BNK OF BAROD,A ,Q,628.70,632.00,627.00,629.50,628.80,627.80,1123,33935,21372119.00,
532149,BNK OF INDIA,A ,Q,255.00,264.00,254.70,262.35,262.35,255.95,1751,75062,19443579.00,
530809,BNR UDYOG   ,B ,Q,12.13,12.13,12.12,12.12,12.12,12.12,3,61,739.00,
523457,BOC (I) LTD.,B ,Q,419.80,419.80,415.00,417.05,417.80,421.80,268,8048,3357038.00,
524370,BODAL CHEM  ,B ,Q,8.62,8.62,8.60,8.60,8.60,8.80,3,1600,13771.00,
500020,BOM DYEING  ,B ,Q,425.85,427.45,416.70,421.60,421.60,427.60,2037,42869,18060962.00,
501425,BOM.BURMAH  ,B ,Q,519.00,522.95,506.55,507.65,508.00,517.60,181,6813,3465621.00,
531276,BOM.SWA.STOR,B ,Q,27.45,28.95,27.45,28.95,28.95,28.00,29,20051,568974.00,
532678,BOMBAY RAYON,B ,Q,242.00,249.00,238.15,246.05,246.05,243.10,92,1519,370726.00,
506315,BORAX MORARJ,B ,Q,28.65,28.65,28.50,28.50,28.50,27.30,2,80,2280.00,
500530,BOSCH LTD   ,A ,Q,8590.00,8625.00,8500.00,8500.15,8500.15,8651.25,116,11217,95351952.00,
531458,BOSTON BIO  ,T ,Q,3.88,3.88,3.88,3.88,3.88,3.81,10,7826,30364.00,
500074,BPL LTD.    ,B ,Q,16.40,17.15,16.40,16.45,16.45,16.35,200,33431,554812.00,
531194,BRAHMA INF  ,B ,Q,45.00,61.70,45.00,58.25,57.10,54.50,26,1835,109467.00,
590081,BRAHMANAND  ,B ,Q,7.96,7.96,7.96,7.96,7.96,8.12,4,1390,11064.00,
520115,BRAKES AUTO ,B ,Q,3.01,3.01,2.73,2.77,2.73,2.87,7,715,1980.00,
533059,BRAND HOUSE ,B ,Q,12.25,12.59,12.00,12.48,12.45,12.35,67,10680,130712.00,
530207,BRAWN BIO   ,B ,Q,6.57,6.58,6.57,6.58,6.58,6.30,2,2,13.00,
511628,BRESCON HOLD,B ,Q,122.00,122.00,122.00,122.00,122.00,121.20,2,55,6710.00,
532929,BRIGADE     ,B ,Q,47.40,47.60,46.30,46.45,46.50,47.40,166,5506,256147.00,
526731,BRIGHT BROS.,B ,Q,37.35,37.50,37.35,37.50,37.50,36.00,3,200,7482.00,
532113,BRIJLAXMI LE,T ,Q,0.22,0.22,0.22,0.22,0.22,0.23,3,8000,1760.00,
500825,BRITANIA IND,A ,Q,505.00,509.00,501.20,502.75,502.75,504.45,327,6234,3147475.00,
532816,BROADCAST   ,B ,Q,7.04,7.40,7.03,7.23,7.23,7.46,11,1323,9634.00,
533543,BROOKS LABS ,B ,Q,16.65,16.95,16.40,16.50,16.40,16.95,40,5707,95012.00,
590061,BRUSHMAN IND,T ,Q,1.24,1.28,1.24,1.24,1.24,1.26,3,3320,4116.00,
533276,BS TRANSCOM ,B ,Q,171.05,199.70,168.70,186.90,186.90,170.20,855,22521,4063312.00,
532123,BSE  INFRA  ,B ,Q,2.86,2.89,2.78,2.87,2.87,2.84,22,7905,22376.00,
514045,BSL LTD.    ,B ,Q,13.60,14.65,13.55,13.55,13.55,14.05,65,1279,17915.00,
532931,BURNPUR     ,B ,Q,6.00,6.10,5.93,6.04,6.10,6.12,22,3136,18833.00,
531373,BYKE HOSP   ,B ,Q,164.45,164.50,164.35,164.40,164.50,164.40,323,72242,11877136.00,
532813,C & C CONSTR,B ,Q,51.10,51.10,49.55,50.65,51.00,50.55,61,1849,93148.00,
500077,CABLE CORP. ,B ,Q,19.25,20.00,19.25,19.95,19.30,19.60,6,721,14257.00,
532321,CADILA HEALT,A ,Q,907.60,907.95,897.50,902.85,897.50,902.00,311,8912,8050148.00,
532792,CAIRN IND   ,A ,Q,342.40,343.20,339.50,340.05,340.05,339.90,1280,96286,32811864.00,
526652,CALS REF LTD,B ,Q,0.14,0.16,0.14,0.15,0.15,0.14,567,13431509,2066331.00,
532801,CAMBRIDGE   ,B ,Q,7.10,7.10,6.60,6.75,6.75,7.10,5,500,3355.00,
532834,CAMLIN FINE ,B ,Q,22.40,23.10,22.35,22.65,22.80,23.00,67,6240,142585.00,
500078,CAMPH.& ALL ,B ,Q,121.00,121.00,116.50,118.30,120.00,119.10,11,193,22729.00,
590076,CAMSON BIO  ,B ,Q,51.50,51.75,49.85,50.60,50.60,49.40,228,23718,1207034.00,
532483,CANARA BANK ,A ,Q,319.20,322.30,314.65,320.60,320.60,319.55,1046,40024,12751243.00,
511196,CANFIN HOMES,B ,Q,106.80,106.80,103.25,103.55,103.35,102.80,124,3195,334103.00,
533267,CANTABIL    ,B ,Q,18.40,18.40,18.10,18.20,18.40,18.55,6,130,2368.00,
511505,CAPITAL TRUS,T ,Q,32.30,32.30,31.70,31.70,31.70,31.70,2,2,64.00,
524742,CAPLIN POINT,B ,Q,37.00,39.55,36.80,37.35,37.35,36.70,221,12293,464029.00,
509486,CAPRIHANS   ,B ,Q,47.65,47.80,47.65,47.65,47.65,47.80,3,160,7631.00,
513375,CARBORUNDUM ,B ,Q,148.00,150.00,142.00,147.00,147.00,145.35,926,11031,1599078.00,
533260,CAREERP     ,B ,Q,138.35,144.30,138.35,143.10,143.10,141.30,77,2629,376078.00,
530609,CARNATION IN,B ,Q,11.02,11.02,11.01,11.01,11.01,10.50,4,103,1134.00,
500870,CASTROL     ,A ,Q,295.00,297.00,282.95,284.50,284.50,587.80,2516,83531,24112814.00,XB
531682,CAT TECHN.  ,B ,Q,2.07,2.07,2.05,2.06,2.06,2.14,5,1102,2264.00,
531900,CCL INTER   ,B ,Q,130.00,130.00,124.25,125.50,125.50,130.75,316,362231,45293656.00,
519600,CCL PRODUCTS,B ,Q,256.10,261.00,256.00,256.00,256.00,256.20,76,657,169740.00,
532405,CCS INFOTECH,B ,Q,3.13,3.38,3.12,3.17,3.34,3.24,21,6282,19779.00,
500878,CEAT LIMITED,B ,Q,109.90,111.30,108.55,109.65,109.65,109.70,821,40998,4499429.00,
533272,CEBBCO      ,B ,Q,90.00,90.80,87.30,90.05,90.05,88.80,569,129653,11543157.00,
514171,CEETA IND.  ,T ,Q,3.76,3.76,3.76,3.76,3.76,3.95,3,150,564.00,
532695,CELEBRITYFAS,B ,Q,4.15,4.75,4.15,4.40,4.40,4.45,21,785,3367.00,
532871,CELESTIAL   ,B ,Q,16.20,16.45,15.40,16.25,16.40,16.20,133,28675,461970.00,
522251,CENLUB INDUS,B ,Q,35.50,36.50,33.05,35.05,36.00,35.50,16,556,18742.00,
531380,CENTENIAL SU,T ,Q,34.35,34.35,34.35,34.35,34.35,33.70,3,85,2919.00,
532885,CENTRAL BK  ,A ,Q,65.90,67.45,65.50,67.15,67.15,65.95,872,80809,5369917.00,
501827,CENTRAL RLY ,B ,Q,61.30,67.45,61.30,65.25,65.25,64.35,12,130,8655.00,
509499,CENTRON IND ,T ,Q,63.10,64.45,63.10,64.45,64.45,63.20,10,550,35300.00,
517544,CENTUM ELEC ,B ,Q,68.05,72.20,68.00,70.75,70.10,68.00,19,607,42432.00,
500280,CENTURY ENKA,B ,Q,105.15,107.00,105.15,106.70,106.05,105.75,21,625,66418.00,
500083,CENTURY EXT ,B ,Q,2.10,2.15,2.09,2.09,2.15,2.20,19,7798,16337.00,
530881,CENTURY PORT,T ,Q,27.40,28.00,27.40,28.00,28.00,27.40,3,805,22060.00,
500040,CENTURY TEXT,A ,Q,326.00,327.50,321.15,323.90,323.90,324.10,1847,75859,24596739.00,
532548,CENTURYPLY  ,B ,Q,50.95,52.00,45.25,51.50,51.45,49.50,159,1439,71754.00,
532443,CERA SANITAR,B ,Q,349.00,361.75,348.00,350.90,350.90,349.70,329,5103,1802842.00,
532413,CEREBRA INTE,B ,Q,30.45,30.45,29.65,29.85,29.85,30.00,61,20703,618693.00,
500084,CESC LTD.   ,B ,Q,302.65,304.80,300.50,302.15,302.05,302.85,393,11789,3561925.00,
511272,CFL CAPITAL ,T ,Q,1.46,1.46,1.42,1.42,1.42,1.42,2,500,714.00,
530307,CHAMANLAL SE,B ,Q,30.40,31.40,30.35,31.40,31.40,30.60,4,302,9179.00,
512301,CHAMBAL BREW,T ,Q,34.95,34.95,34.95,34.95,34.95,35.65,18,33100,1156845.00,
500085,CHAMBAL FERT,A ,Q,68.25,69.30,67.25,68.65,68.65,67.80,1650,201904,13779365.00,
530309,CHANDRA PRAB,B ,Q,17.50,17.50,17.30,17.35,17.40,17.75,6,1035,17954.00,
512624,CHANDRIKA TR,T ,Q,2.57,2.83,2.57,2.83,2.83,2.70,2,125,327.00,
511696,CHARTERED CA,B ,Q,40.00,44.90,40.00,40.65,40.00,43.70,9,345,13964.00,
531977,CHARTERLOGIS,B ,Q,17.00,17.00,15.50,16.50,16.50,16.95,180,70047,1153266.00,
526917,CHD DEV LTD ,B ,Q,4.26,4.40,4.25,4.36,4.38,4.29,23,28800,123054.00,
530871,CHEMBOND CHM,B ,Q,170.00,170.00,170.00,170.00,170.00,164.00,1,50,8500.00,
533026,CHEMCEL     ,T ,Q,2.43,2.43,2.21,2.21,2.21,2.32,14,7340,16823.00,
500110,CHENNAI PET.,B ,Q,130.50,131.00,128.00,129.65,129.65,131.55,58,1451,187869.00,
521056,CHESLIND TEX,B ,Q,5.35,5.35,5.35,5.35,5.35,5.33,9,100,535.00,
590001,CHETTINAD(PS,B ,Q,784.00,784.00,784.00,784.00,784.00,780.00,1,1,784.00,
526817,CHEVIOT CO. ,B ,Q,307.00,307.00,305.00,305.00,305.00,305.90,8,176,53734.00,
509011,CHISEL      ,T ,Q,6.38,6.38,6.38,6.38,6.38,6.51,5,1707,10890.00,
521244,CHITRA.SPIN.,T ,Q,2.75,2.75,2.75,2.75,2.75,2.85,1,200,550.00,
532992,CHL LTD     ,B ,Q,75.60,75.60,68.60,68.60,68.60,72.00,4,16,1181.00,
531364,CHOICE INF  ,B ,Q,27.30,27.30,27.00,27.15,27.20,27.00,26,6310,171643.00,
531358,CHOICE INT. ,B ,Q,39.70,40.80,39.70,40.40,40.40,39.70,348,95675,3837974.00,
511742,CHOKHANI SEC,B ,Q,10.46,10.46,10.46,10.46,10.46,9.97,1,2,20.00,
530427,CHOKSI IMAG ,B ,Q,19.15,19.15,19.00,19.10,19.00,19.50,10,630,12024.00,
526546,CHOKSI LABOR,B ,Q,8.33,8.33,8.33,8.33,8.33,8.75,1,41,341.00,
511243,CHOLAFIN    ,B ,Q,210.00,212.85,201.15,207.15,206.50,206.00,77,1048,215464.00,
501833,CHOWGULE ST ,T ,Q,17.50,18.10,17.40,18.10,18.10,17.55,6,2975,52190.00,
530191,CHROMATIC IN,B ,Q,88.85,88.95,86.35,88.40,88.15,87.80,4231,79123,6966508.00,
590089,CIGNITI TECH,T ,Q,74.90,74.90,69.10,70.95,70.95,71.85,12,1136,80372.00,
533407,CIL NOVA    ,B ,Q,18.15,18.15,18.15,18.15,18.15,18.15,5,1100,19965.00,
505230,CIMMCO      ,B ,Q,62.00,62.00,52.20,52.45,52.20,54.20,26,135,7356.00,
526373,CINDRELLA HT,B ,Q,19.85,19.85,19.85,19.85,19.85,20.85,1,1,19.00,
532807,CINEPRO     ,B ,Q,13.50,13.90,13.45,13.45,13.45,13.51,12,774,10467.00,
532324,CINEVISTAAS ,B ,Q,3.00,3.03,3.00,3.03,3.03,2.89,3,3000,9060.00,
500087,CIPLA LTD.  ,A ,Q,384.90,384.90,378.25,379.25,379.25,384.90,2144,174810,66494870.00,
532913,CIRCUIT SYS ,B ,Q,7.24,7.24,6.65,6.65,6.65,6.90,2,300,2054.00,
502445,CITADEL     ,B ,Q,17.00,17.00,17.00,17.00,17.00,17.00,6,300,5100.00,
506373,CITURGIA BIO,T ,Q,178.00,178.00,178.00,178.00,178.00,184.95,1,5,890.00,
532210,CITY UNION  ,B ,Q,52.10,52.50,51.45,52.45,52.10,52.00,257,53843,2793235.00,
507515,CJ GELATIN  ,T ,Q,13.19,13.19,13.19,13.19,13.19,12.94,8,2009,26498.00,
506390,CLARI CHEM  ,B ,Q,603.30,610.00,603.25,609.55,610.00,602.50,57,1332,810524.00,
533288,CLARIS LIFE ,B ,Q,203.60,214.00,200.00,210.40,210.40,200.45,3551,278415,57729065.00,
523200,CLASS.DIAM. ,B ,Q,4.00,4.49,4.00,4.28,4.49,3.96,66,18709,78696.00,
511672,CLAURS      ,T ,Q,44.30,48.10,44.30,48.10,48.10,46.55,43,77160,3702414.00,
505052,CLUTCH.AUTO ,B ,Q,21.85,22.50,21.65,22.15,22.30,22.00,32,2363,52081.00,
533304,CMAHENDRA   ,B ,Q,87.00,95.00,84.05,85.85,84.40,88.30,430,25922,2279239.00,
517326,CMC LTD.    ,B ,Q,979.25,988.00,975.00,979.85,979.85,977.50,213,1082,1063822.00,
523489,CMM HOSPITAL,B ,Q,9.54,9.54,9.54,9.54,9.54,9.09,1,1,9.00,
512018,CNI RES LTD ,B ,Q,3.78,3.78,3.46,3.59,3.67,3.64,25,16810,58980.00,
533278,COAL INDIA  ,A ,Q,361.90,363.00,355.65,360.10,360.10,360.45,2073,79621,28640170.00,
513353,COCHIN MIN. ,B ,Q,144.15,144.15,138.15,139.25,139.25,145.05,440,18745,2626605.00,
500830,COLGATE PALM,A ,Q,1219.80,1224.00,1212.00,1218.50,1218.50,1215.75,583,7428,9040522.00,
532172,COLOR CHIPS ,B ,Q,2.06,2.06,1.94,1.99,2.05,1.97,8,1366,2705.00,
531216,COMFORT INTE,B ,Q,1.51,1.51,1.44,1.45,1.45,1.45,5,1338,1955.00,
532342,COMMEX TECH ,B ,Q,28.90,29.45,28.55,29.45,29.45,26.80,108,95635,2816149.00,
526141,COMPACT DISC,T ,Q,15.10,15.85,14.90,15.55,15.85,15.50,22,2414,36582.00,
531041,COMPETENT AU,B ,Q,43.00,43.00,43.00,43.00,43.00,43.00,2,150,6450.00,
532456,COMPUAGE INF,B ,Q,57.25,58.30,57.25,58.20,58.05,65.00,5,158,9140.00,
532339,COMPUCOM SOF,B ,Q,10.89,10.89,10.20,10.75,10.85,10.70,61,78263,835239.00,
532363,COMP-U-LEARN,B ,Q,14.00,14.45,13.55,13.62,13.55,14.15,65,21388,298750.00,
507833,COMPUTER PNT,B ,Q,1.43,1.56,1.43,1.56,1.56,1.50,3,1051,1509.00,
522231,CONART ENG. ,B ,Q,13.40,14.60,13.36,14.59,14.58,14.05,12,1251,16799.00,
531261,CONCUR INFR ,B ,Q,2.90,3.08,2.85,2.95,2.95,2.96,10,3768,10965.00,
526829,CONFI PETRO ,B ,Q,3.75,3.83,3.63,3.77,3.77,3.75,68,41774,155848.00,
504340,CONFIDENCE  ,T ,Q,78.80,78.80,78.80,78.80,78.80,77.30,1,20,1576.00,
532902,CONSOL CONST,B ,Q,13.95,14.00,13.95,14.00,14.00,13.80,2,2,27.00,
530067,CONSOL.SEC. ,B ,Q,25.00,25.00,23.85,23.85,23.85,25.10,10,950,23345.00,
531344,CONTAIN.CORP,A ,Q,939.80,939.80,925.00,925.00,925.00,932.65,31,78,72291.00,
522295,CONTROL PRNT,T ,Q,45.30,48.75,45.30,48.75,48.75,46.45,17,3374,162309.00,
531556,CORAL (I)FIN,B ,Q,29.90,29.90,29.50,29.70,29.90,28.50,6,300,8950.00,
524506,CORAL LAB.  ,B ,Q,75.00,78.75,75.00,76.70,75.10,75.00,42,4199,319321.00,
533011,CORALHUB    ,T ,Q,2.11,2.11,2.01,2.01,2.01,2.11,43,17969,36529.00,
532941,CORDS CABLE ,B ,Q,24.35,24.35,23.00,23.00,23.00,23.35,4,56,1296.00,
512199,COREEDUTEC  ,B ,Q,298.00,301.60,297.25,299.85,297.30,300.65,187,477319,142719661.00,
533167,CORO ENGG   ,B ,Q,163.35,163.35,163.35,163.35,163.35,156.40,1,1,163.00,
934849,CORO INT NCD,F ,D,14.45,14.54,14.45,14.46,14.46,14.47,18,5133,74248.00,
506395,COROM INTER ,A ,Q,295.10,295.10,283.05,290.75,292.85,296.20,362,12280,3558256.00,
532179,CORPN.BANK  ,A ,Q,371.75,375.50,370.05,375.35,375.50,371.75,126,2128,793643.00,
530859,COSBOARD IND,B ,Q,12.95,12.95,12.95,12.95,12.95,12.60,3,150,1942.00,
523100,COSMO FERR. ,B ,Q,6.82,6.98,6.50,6.87,6.90,6.98,40,12776,87238.00,
508814,COSMO FILMS ,B ,Q,79.50,80.30,79.50,79.70,79.70,79.20,36,1965,157027.00,
526550,COUNTRY CLUB,B ,Q,7.15,7.38,7.12,7.18,7.20,7.12,72,21214,152408.00,
531624,COUNTRY COND,B ,Q,1.22,1.22,1.22,1.22,1.22,1.17,7,12500,15250.00,
523415,COVENTRY COI,T ,Q,6.48,6.48,6.48,6.48,6.48,6.18,2,100,648.00,
533144,COX KINGS   ,B ,Q,131.00,133.00,130.50,131.30,131.30,131.00,410,20742,2728993.00,
512093,CRANES SOFTW,T ,Q,2.40,2.55,2.40,2.41,2.41,2.45,39,22950,55593.00,
509472,CRAVATEX    ,B ,Q,413.00,424.00,413.00,422.00,422.00,412.10,17,730,307149.00,
524388,CRAZY INFOTE,T ,Q,0.22,0.22,0.22,0.22,0.22,0.22,1,2180,479.00,
532392,CREATIVE EYE,T ,Q,4.56,4.86,4.56,4.86,4.86,4.63,4,1025,4787.00,
512379,CRESSANDA SO,B ,Q,8.20,8.20,7.79,7.79,7.79,8.19,6,1450,11849.00,
526785,CREST ANIM  ,B ,Q,26.00,27.10,26.00,26.70,26.50,26.45,70,3494,93182.00,
532542,CREW BOS    ,B ,Q,26.70,27.45,26.70,27.20,27.30,26.75,20,3086,83485.00,
500092,CRISIL LTD  ,A ,Q,925.00,932.00,920.00,929.50,926.00,926.50,47,252,233596.00,
500093,CROMPT.GREAV,A ,Q,106.80,107.50,104.00,105.70,105.70,106.65,3953,264310,27832434.00,
526027,CUBEX TUBING,B ,Q,6.25,6.98,6.25,6.98,6.98,6.55,3,310,1944.00,
511710,CUBICAL FIN.,T ,Q,42.00,42.00,41.90,42.00,42.00,40.00,34,40551,1703042.00,
500480,CUMMINS (I) ,A ,Q,465.00,472.95,455.30,459.00,459.00,461.15,1483,33110,15386283.00,
530843,CUPID LTD   ,T ,Q,11.03,11.03,11.02,11.02,11.02,11.59,8,3800,41881.00,
512361,CUPID TRADE ,T ,Q,194.50,209.90,194.50,204.85,207.50,204.70,50,1446,295353.00,
531472,CYBELE IND  ,T ,Q,12.95,12.95,12.36,12.55,12.36,13.00,3,3,37.00,
532640,CYBER MEDIA ,B ,Q,11.00,11.00,11.00,11.00,11.00,11.00,1,200,2200.00,
532271,CYBERMATE   ,T ,Q,0.69,0.69,0.69,0.69,0.69,0.70,5,4608,3179.00,
532173,CYBERTECH   ,B ,Q,14.00,14.00,13.80,13.99,13.99,14.00,18,2846,39698.00,
533151,D B CORP    ,B ,Q,193.45,193.45,190.00,190.05,190.05,188.90,49,13906,2642198.00,
533160,D B REALTY  ,B ,Q,72.20,73.40,71.75,72.60,73.40,72.95,103,11559,834023.00,
532783,DAAWAT      ,B ,Q,44.30,44.30,42.80,42.90,42.80,43.65,62,2068,89333.00,
500096,DABUR (I)   ,A ,Q,126.85,129.20,125.00,127.85,127.95,125.05,1838,145645,18634025.00,
526821,DAI-ICHI KAR,B ,Q,39.75,39.90,38.80,39.55,39.60,39.20,10,1000,39633.00,
530825,DAIKAFFIL CH,B ,Q,12.00,12.00,12.00,12.00,12.00,11.52,1,100,1200.00,
533309,DALMIA BHA  ,B ,Q,122.00,126.00,121.00,121.90,123.25,120.95,478,3851,473074.00,
500097,DALMIASUG   ,T ,Q,19.50,19.50,19.00,19.50,19.50,19.25,33,16082,311601.00,
521220,DAMODAR THR.,B ,Q,36.25,36.50,35.10,36.50,36.50,36.80,15,12301,440035.00,
532329,DANLAW TECH.,B ,Q,9.85,9.85,9.36,9.36,9.36,9.85,2,11,107.00,
532528,DATAM GLOB  ,B ,Q,32.75,32.75,30.90,31.25,31.30,31.00,13,5173,163036.00,
526443,DATASOFT APP,T ,Q,2.50,2.50,2.28,2.49,2.50,2.39,9,3923,9805.00,
531270,DAZZEL CONFI,B ,Q,0.96,0.96,0.96,0.96,0.96,1.00,187,3554030,3411868.00,
530393,DB INT.ST.BR,B ,Q,96.85,96.90,96.40,96.85,96.85,96.90,226,38000,3673981.00,
511611,DCM FINANCIA,B ,Q,1.47,1.60,1.45,1.59,1.45,1.45,6,1051,1537.00,
502820,DCM LTD.    ,B ,Q,136.30,141.40,136.00,139.25,138.00,134.75,770,46731,6550826.00,
523367,DCM SHR.CON ,B ,Q,57.00,57.20,55.25,57.00,57.20,56.40,104,3150,178677.00,
523369,DCM SHR.IND ,B ,Q,39.75,41.45,38.15,41.25,41.25,38.20,40,5918,241943.00,
500117,DCW LTD.    ,B ,Q,20.00,20.10,19.75,19.85,19.85,19.95,506,142213,2834430.00,
590031,DE NORA     ,B ,Q,139.90,148.50,133.30,141.70,143.05,136.45,172,6063,858568.00,
532608,DECCAN CHR  ,B ,Q,13.19,13.54,13.15,13.54,13.54,12.90,264,188424,2548239.00,
512068,DECCANGOLD  ,B ,Q,17.00,17.55,16.95,17.35,17.35,17.15,98,24155,416125.00,
532858,DECOLIGHT CE,T ,Q,9.01,9.15,8.37,8.56,8.63,8.80,100,64309,566704.00,
532760,DEEP INDS   ,B ,Q,42.80,43.30,42.10,43.15,43.15,43.05,53,1317,56484.00,
500645,DEEPAK FERT.,B ,Q,127.00,127.00,123.45,123.95,123.95,127.00,288,11967,1486544.00,
506401,DEEPAK NITR.,B ,Q,169.70,169.70,167.25,168.00,167.25,166.35,12,460,77704.00,
514030,DEEPAK SPINN,B ,Q,16.80,17.95,16.80,17.45,17.45,17.50,12,2905,48807.00,
532848,DELTA CORP  ,B ,Q,59.30,59.75,58.60,59.30,59.30,59.05,2108,238220,14117436.00,
504286,DELTA MAG   ,B ,Q,30.00,30.00,29.50,29.50,29.50,29.00,3,450,13400.00,
504240,DELTON CABLE,B ,Q,55.05,55.05,55.05,55.05,55.05,52.45,2,34,1871.00,
533137,DEN NETWORK ,B ,Q,118.15,127.25,112.25,125.65,125.65,117.75,1857,102882,12535243.00,
532121,DENA BANK   ,B ,Q,87.20,88.55,86.45,88.30,88.30,87.40,1379,137143,12001214.00,
520022,DENSO INDIA ,B ,Q,46.25,46.75,45.00,45.50,46.60,47.95,384,4731,215465.00,
532772,DEV CRBANK  ,B ,Q,40.60,40.95,40.20,40.65,40.65,40.45,933,196692,7976283.00,
531171,DEVIKA PROT.,T ,Q,5.13,5.13,4.88,5.04,4.93,5.13,38,29263,147375.00,
511072,DEWAN H.FIN.,B ,Q,165.00,166.80,163.70,165.30,165.30,166.35,207,4718,778490.00,
519588,DFM FOODS   ,B ,Q,227.50,227.50,227.15,227.25,227.25,234.00,3,33,7499.00,
500119,DHAMPUR SUGA,B ,Q,67.00,68.55,65.65,68.10,68.10,66.00,356,23343,1575088.00,
531923,DHAMPURE SGR,B ,Q,11.48,11.48,10.60,10.98,10.98,10.95,5,201,2222.00,
507717,DHAN AGRI   ,B ,Q,90.00,91.95,90.00,91.00,91.00,91.00,14,6950,629983.00,
521216,DHAN ROTO SP,B ,Q,6.71,7.00,6.71,7.00,7.00,6.71,3,411,2758.00,
531198,DHANADACOL  ,B ,Q,27.35,27.35,24.60,25.25,25.95,24.95,6,71,1810.00,
532180,DHANALAK.BNK,B ,Q,45.95,46.00,45.15,45.60,45.70,45.70,219,18078,823632.00,
521151,DHANLXMI FAB,B ,Q,17.80,17.80,16.20,16.20,16.20,17.00,2,10,170.00,
532903,DHANUSTECH  ,B ,Q,1.81,1.89,1.81,1.86,1.86,1.85,69,1196552,2248066.00,
506405,DHARAMSI CHM,B ,Q,7.00,7.00,7.00,7.00,7.00,7.20,5,3737,26159.00,
511451,DHARANI FIN.,T ,Q,7.50,7.88,7.47,7.82,7.82,7.51,13,959,7510.00,
507442,DHARANI SUG ,B ,Q,39.60,40.70,39.50,40.70,40.70,39.95,27,622,24650.00,
517514,DHINDIA     ,B ,Q,13.60,14.70,13.60,14.70,14.70,14.00,5,230,3233.00,
526971,DHOOT I.FIN.,B ,Q,9.20,9.58,9.20,9.58,9.58,9.13,2,375,3488.00,
531306,DHP INDIA LT,B ,Q,29.00,29.00,26.80,28.50,28.50,29.75,30,1265,34429.00,
508860,DIAMANT     ,B ,Q,3.44,3.80,3.44,3.80,3.80,3.62,6,1360,5049.00,
500120,DIAMINES&CHM,B ,Q,29.65,29.65,28.50,29.00,29.00,27.90,6,701,20457.00,
522163,DIAMONPOWER ,B ,Q,87.05,87.75,85.90,86.15,86.15,86.65,87,6032,520905.00,
530959,DIANA TEA CO,B ,Q,14.00,14.05,13.80,13.85,13.85,13.85,18,3018,41991.00,
500089,DIC INDIA   ,B ,Q,230.15,230.15,227.55,228.20,228.20,230.20,31,1147,262455.00,
503796,DIGJAM LTD  ,B ,Q,6.35,7.10,6.35,6.87,6.87,6.53,129,28483,196073.00,
506414,DIL LTD     ,B ,Q,697.85,697.85,685.05,690.30,697.00,692.20,20,109,75368.00,
524590,DINESH ALLOR,B ,Q,28.55,28.55,28.55,28.55,28.55,29.10,148,150101,4285383.00,
526927,DION        ,T ,Q,21.35,21.40,21.00,21.40,21.40,20.40,14,1007,21465.00,
500068,DISA INDIA  ,B ,Q,2840.00,2840.00,2675.00,2683.90,2688.00,2668.00,11,154,413844.00,
532839,DISH TV     ,A ,Q,66.55,70.50,66.45,70.20,70.20,65.95,4051,660561,45727967.00,
532526,DISHMAN PHAR,B ,Q,100.35,103.50,100.35,102.80,102.80,100.20,4905,508886,52055122.00,
532488,DIVI'S LAB. ,A ,Q,1115.00,1120.00,1071.10,1113.10,1113.10,1116.20,2331,38669,42467813.00,
526315,DIVYA.GRANIT,T ,Q,27.90,27.90,27.55,27.55,27.55,28.00,3,12,332.00,
511636,DJS STOCK   ,B ,Q,46.00,63.10,46.00,58.50,58.50,57.35,97,52236,3079056.00,
532868,DLF LIMITED ,A ,Q,194.05,198.40,194.05,197.30,197.30,194.70,4237,326701,64285049.00,
533146,DLINK IND   ,B ,Q,25.40,25.50,24.60,25.30,25.30,24.60,65,9299,234454.00,
517973,DMC EDU     ,B ,Q,5.39,5.40,4.82,5.23,5.25,5.23,459,244733,1254705.00,
505526,DOLAT INV.  ,B ,Q,2.00,2.00,1.90,1.96,1.91,1.95,13,7093,13800.00,
531367,DOLLEX IND. ,T ,Q,3.72,3.72,3.44,3.44,3.44,3.55,7,1851,6871.00,
526504,DOLPHIN MEDI,T ,Q,1.40,1.40,1.34,1.34,1.34,1.40,3,140,193.00,
522261,DOLPHIN OFF.,B ,Q,77.90,79.85,76.60,78.05,78.00,77.25,59,1677,130167.00,
512519,DONEAR IND. ,B ,Q,14.50,15.35,14.50,15.35,15.35,15.45,20,274,4169.00,
523736,DPTL        ,B ,Q,110.40,110.95,110.00,110.35,110.25,110.50,84,455,50255.00,
533176,DQ ENT      ,B ,Q,18.55,18.55,17.40,18.25,18.05,18.05,86,25349,463298.00,
526783,DR.AGAR.EYE ,B ,Q,69.50,72.80,69.50,72.80,72.80,73.00,8,396,28445.00,
500124,DR.REDDY'S  ,A ,Q,1675.00,1686.00,1663.00,1681.40,1684.90,1669.70,424,6051,10153455.00,
523618,DREDGING COR,B ,Q,242.90,245.70,241.40,244.35,244.35,242.30,216,2104,512700.00,
505693,DRILLCO MET.,T ,Q,25.15,25.15,25.15,25.15,25.15,24.70,2,150,3772.00,
934809,DRREDDYNCD  ,F ,D,5.01,5.13,5.01,5.05,5.05,5.10,19,22861,116165.00,
523890,DS.KULKARNI ,B ,Q,66.30,67.50,66.00,66.70,67.50,66.80,51,4465,297382.00,
524276,DUJOD PAP CH,B ,Q,10.60,10.60,9.70,9.70,9.70,10.20,21,2080,20185.00,
531471,DUKE OFFSHOR,B ,Q,17.45,17.45,16.20,16.65,16.20,16.65,17,1504,25961.00,
590063,DUNCANS INDU,B ,Q,8.85,9.33,8.82,8.89,8.86,8.75,23,7734,70137.00,
509130,DUNLOP INDIA,T ,Q,8.60,8.60,8.01,8.22,8.10,8.24,47,9219,76145.00,
532610,DWAR SUGAR  ,B ,Q,44.20,46.00,44.20,45.00,45.00,44.00,27,2313,103952.00,
532365,DYNACONS SYS,B ,Q,3.86,3.86,3.50,3.50,3.50,3.68,11,5220,20070.00,
524818,DYNAMIC IND.,T ,Q,7.41,7.41,7.41,7.41,7.41,7.60,1,100,741.00,
530779,DYNAMIC PORT,B ,Q,5.15,5.15,5.15,5.15,5.15,4.95,1,5,25.00,
532707,DYNEMIC PRO ,B ,Q,20.05,21.10,20.00,20.95,21.05,20.10,29,4165,86387.00,
531533,E.COM INFOTE,T ,Q,19.20,19.20,19.20,19.20,19.20,18.30,1,5,96.00,
500125,E.I.D.PAR   ,B ,Q,219.80,235.00,214.60,232.50,233.75,216.60,1917,71276,16217707.00,
590022,EASTER SI(PS,B ,Q,2.95,3.04,2.90,3.03,3.04,2.86,47,16654,49940.00,
507528,EASTERN SUG.,T ,Q,6.16,6.77,6.16,6.77,6.77,6.45,14,1528,9974.00,
532751,EASUNREYRL  ,B ,Q,52.00,52.00,49.35,50.00,50.25,49.45,473,4332,215890.00,
532491,ECE INDUSTRS,B ,Q,109.90,120.90,107.60,111.65,107.65,106.05,547,8540,1007224.00,
532927,ECLERX      ,B ,Q,755.75,765.00,748.95,759.50,765.00,755.70,116,1475,1115438.00,
523732,ECO BOARD IN,B ,Q,4.85,5.00,4.85,4.93,4.93,5.10,15,1001,4874.00,
526703,ECOPLAST LTD,B ,Q,25.15,26.00,25.10,26.00,26.00,26.05,4,146,3688.00,
530643,ECORECO     ,B ,Q,33.20,33.25,31.00,31.00,31.00,31.95,54,3137,100451.00,
532922,EDELWEISS   ,B ,Q,30.40,30.60,29.35,29.55,29.55,29.20,413,55548,1650749.00,
533055,EDSERV SOFT ,B ,Q,19.20,19.50,18.15,18.20,18.20,19.10,432,66419,1218583.00,
532696,EDUCOMP SOLN,B ,Q,142.85,151.65,141.05,149.90,149.90,142.85,4976,389279,57614767.00,
505200,EICHER MOTOR,A ,Q,2100.05,2119.90,2057.00,2079.55,2099.00,2121.60,407,2773,5759134.00,
526560,EICLLTD     ,B ,Q,41.05,42.00,41.05,41.20,41.05,41.30,22,1822,75244.00,
523127,EIH ASSO.HOT,B ,Q,155.15,159.50,155.15,158.15,159.00,155.15,53,1791,281009.00,
500840,EIH LTD.    ,A ,Q,78.00,78.00,77.10,77.75,77.75,77.70,88,6432,499253.00,
523708,EIMCO ELECON,B ,Q,161.35,163.95,160.00,162.35,162.35,162.60,40,750,121446.00,
530581,EKAM LEASING,T ,Q,9.33,9.33,9.33,9.33,9.33,8.90,1,500,4665.00,
531144,EL FORGE LTD,B ,Q,7.00,7.10,6.60,7.09,7.05,7.04,19,1215,8223.00,
500123,ELANTAS     ,B ,Q,1539.75,1548.00,1510.00,1527.90,1527.90,1499.85,33,412,626878.00,
523329,ELDECO HOUS.,B ,Q,160.00,162.45,160.00,162.45,162.45,161.60,2,26,4162.00,
524830,ELDER HEALTH,B ,Q,80.05,83.45,76.10,76.70,76.35,74.05,411,31615,2499904.00,
532322,ELDER PHARMA,B ,Q,305.05,309.95,300.10,304.70,304.70,307.10,242,3391,1034439.00,
500128,ELEC.CASTING,B ,Q,17.75,17.90,17.55,17.65,17.70,17.80,111,13895,245927.00,
505700,ELECON ENG  ,B ,Q,42.00,43.25,41.40,42.30,42.30,42.05,393,29333,1239332.00,
533264,ELECTROSTEEL,B ,Q,5.10,5.30,5.00,5.27,5.27,5.11,78,56512,291358.00,
526608,ELECTROTHERM,B ,Q,45.00,46.00,44.00,45.20,45.00,44.95,21,1074,48678.00,
526473,ELEGANT FLOR,B ,Q,7.29,7.29,7.28,7.28,7.28,6.95,4,120,873.00,
522074,ELGI EQUIP  ,B ,Q,79.00,79.80,77.50,78.15,78.15,78.75,14,406,32043.00,
517477,ELNET TECH. ,B ,Q,32.50,32.75,32.05,32.75,32.75,32.50,122,2079,67288.00,
530835,ELTROL LTD. ,T ,Q,0.33,0.34,0.33,0.33,0.33,0.33,6,3964,1328.00,
533218,EMAMI INFRA ,B ,Q,19.20,19.95,19.05,19.40,19.40,19.95,81,3291,63688.00,
531162,EMAMI LTD.  ,A ,Q,495.25,496.95,493.25,495.35,495.10,495.25,63,1520,752335.00,
504008,EMCO LTD.   ,B ,Q,25.10,25.60,25.10,25.45,25.45,25.25,64,5610,142449.00,
532737,EMKAY GLOB F,B ,Q,26.55,26.55,25.00,26.10,25.90,25.30,34,5243,137113.00,
533161,EMMBI POLY  ,B ,Q,12.00,12.97,12.00,12.60,12.60,13.00,439,5930,74588.00,
532038,EMMSONS INT.,B ,Q,118.30,122.50,118.30,119.55,119.50,121.00,32,1456,173859.00,
532920,EMPEE DIST  ,B ,Q,65.00,66.00,64.50,65.75,65.80,65.50,42,1444,94189.00,
500132,EMPEE SUGARS,B ,Q,8.60,9.00,8.60,9.00,9.00,8.60,8,1611,14189.00,
509525,EMPIRE IND. ,B ,Q,675.00,675.00,665.30,672.50,675.00,669.75,7,120,80756.00,
531470,EMPORIS     ,T ,Q,14.55,14.55,14.55,14.55,14.55,14.80,6,2216,32242.00,
504351,EMPOWER     ,T ,Q,0.34,0.34,0.34,0.34,0.34,0.34,5,5305,1803.00,
521099,EMTEX IND.  ,T ,Q,3.05,3.05,3.05,3.05,3.05,3.19,5,1501,4578.00,
531750,ENCORE SOFT.,B ,Q,2.70,2.96,2.70,2.96,2.96,2.82,2,350,1023.00,
532219,ENERGY DEV. ,B ,Q,25.85,26.75,25.65,26.70,26.20,26.15,39,358,9448.00,
532178,ENGINRS.(I) ,A ,Q,211.40,211.85,208.65,211.35,211.35,209.40,335,10757,2270316.00,
533477,ENKEI WHEEL ,B ,Q,48.95,48.95,48.00,48.00,48.00,47.65,6,606,29088.00,
512369,ENNORE COKE ,B ,Q,24.40,24.40,21.00,22.00,22.00,21.90,17,5949,131637.00,
512135,ENSA STEEL  ,B ,Q,9.17,9.17,9.15,9.15,9.15,9.63,4,220,2013.00,
532700,ENT NETWORK ,B ,Q,224.55,224.55,218.75,221.65,224.00,224.55,66,705,156394.00,
532287,ENTEGRA LTD ,B ,Q,8.80,9.06,8.80,9.06,9.06,8.63,8,2544,22968.00,
526574,ENTERPR.INTE,T ,Q,9.39,9.39,9.39,9.39,9.39,8.99,5,5,46.00,
500246,ENVAIN ELECT,T ,Q,16.90,17.50,16.90,17.45,17.50,17.75,9,1015,17447.00,
532658,EON ELECT   ,B ,Q,22.50,22.50,21.85,21.85,21.85,22.05,6,1225,27171.00,
523754,EPC INDUS.  ,T ,Q,124.00,127.00,123.00,126.15,125.80,124.75,31,2731,342846.00,
530407,EPIC ENERGY ,B ,Q,11.95,12.45,11.70,11.90,11.90,11.65,16,2542,30462.00,
524374,EPIC ENZYMES,T ,Q,1.63,1.75,1.63,1.68,1.63,1.71,6,3302,5557.00,
530323,ERA INFRA   ,B ,Q,133.10,133.70,132.30,133.35,133.35,131.35,478,244881,32450371.00,
533261,EROS MEDIA  ,B ,Q,169.35,170.45,167.15,167.80,167.80,168.30,474,18741,3151615.00,
531502,ESAAR (I)LTD,B ,Q,52.00,52.00,48.65,49.50,48.65,50.00,305,565559,28105615.00,
500133,ESAB INDIA  ,B ,Q,442.75,442.75,437.00,438.00,438.00,434.90,24,275,120425.00,
511716,ESCORT FINAN,B ,Q,3.51,3.65,3.51,3.60,3.65,3.50,4,253,910.00,
500495,ESCORTS LTD.,B ,Q,61.00,63.10,60.50,62.75,62.75,61.05,1388,170820,10632547.00,
514118,ESKAY K'N'IT,B ,Q,0.94,1.05,0.91,0.92,0.96,1.00,68,59544,54482.00,
532787,ESS DEE ALUM,B ,Q,117.65,118.90,115.00,116.70,116.15,118.15,178,6192,722804.00,
500134,ESSAR OIL   ,A ,Q,47.00,48.20,46.30,47.75,47.75,46.85,1953,279960,13208372.00,
533704,ESSAR SHIP  ,B ,Q,26.75,26.75,26.10,26.15,26.15,26.50,51,14308,375218.00,
500630,ESSAR SHIP. ,B ,Q,88.40,88.60,85.35,87.15,87.10,86.95,53,9125,793699.00,
500135,ESSEL PROP  ,B ,Q,30.65,31.60,30.65,31.35,31.30,30.65,102,8792,274304.00,
500136,ESTER INDUS.,B ,Q,16.75,16.75,16.10,16.15,16.10,16.15,33,10967,178217.00,
532823,EURO CERAMIC,B ,Q,8.01,8.40,8.01,8.28,8.40,8.01,4,340,2805.00,
526468,EURO LEDAR F,T ,Q,4.49,4.49,4.49,4.49,4.49,4.63,1,1,4.00,
533109,EURO MULTI  ,B ,Q,4.09,4.14,4.09,4.10,4.14,4.14,6,1106,4533.00,
531082,EUROFINMART ,T ,Q,36.60,36.60,36.60,36.60,36.60,34.90,1,100,3660.00,
521014,EUROTEX IND ,B ,Q,19.00,19.00,19.00,19.00,19.00,19.55,2,12,228.00,
531508,EVEREADY (I),B ,Q,19.80,19.80,18.80,18.90,18.90,19.15,2591,792055,15349241.00,
508906,EVEREST INDS,B ,Q,174.80,184.00,172.00,182.65,182.65,173.55,415,15133,2733293.00,
532684,EVEREST KANT,B ,Q,27.20,27.40,25.90,26.15,26.15,26.65,948,86871,2309923.00,
532876,EVERONN     ,B ,Q,151.50,155.45,149.00,152.15,152.15,148.80,2626,135072,20638398.00,
532511,EXCEL CROP. ,B ,Q,119.55,119.75,116.75,117.15,118.00,118.70,99,3151,372088.00,
502223,EXCEL GLASSS,B ,Q,2.89,2.89,2.63,2.63,2.63,2.76,13,5906,15664.00,
500650,EXCEL INDUST,B ,Q,68.70,71.35,68.70,69.90,69.25,70.35,44,931,65832.00,
533090,EXCEL INFO  ,B ,Q,27.00,27.10,25.50,26.85,26.80,26.15,307,193724,5205198.00,
530337,EXELON INFRA,B ,Q,4.85,5.19,4.60,4.75,4.75,5.09,67,55066,265967.00,
500086,EXIDE IND.  ,A ,Q,141.00,144.30,138.10,142.90,142.90,138.15,3532,246363,34975843.00,
530571,EXPLICIT FIN,T ,Q,6.95,6.95,6.95,6.95,6.95,7.09,1,5,34.00,
526614,EXPO GAS    ,B ,Q,5.51,5.84,5.41,5.41,5.41,5.69,25,8700,47788.00,
532656,FACOR ALLOYS,B ,Q,2.36,2.42,2.30,2.38,2.38,2.39,64,58053,135815.00,
532657,FACOR STEELS,B ,Q,0.88,0.88,0.76,0.82,0.81,0.82,106,111841,90264.00,
511668,FACT ENTERP ,B ,Q,7.02,7.03,6.86,6.86,6.86,7.03,5,402,2792.00,
505790,FAG BEARINGS,B ,Q,1615.00,1619.60,1585.00,1608.75,1619.60,1588.55,81,249,397765.00,
514474,FAIRDEAL FIL,B ,Q,17.20,17.20,17.20,17.20,17.20,17.45,1,200,3440.00,
520145,FAIRFIELD AT,T ,Q,151.05,152.40,149.50,151.80,151.80,151.60,108,11736,1770653.00,
509527,FALCON TYRES,B ,Q,24.00,24.00,23.30,23.75,23.90,23.75,37,6300,149032.00,
532631,FAME INDIA L,T ,Q,43.00,45.20,43.00,43.30,43.30,43.50,14,989,43319.00,
590094,FARMAX IND  ,B ,Q,0.98,0.99,0.94,0.94,0.94,0.98,72,105343,99601.00,
531252,FARRY IND.  ,T ,Q,29.00,29.00,28.20,28.20,28.20,29.65,12,1050,29719.00,
530079,FAZE THREE L,B ,Q,8.47,8.73,8.01,8.04,8.10,7.95,12,2944,24963.00,
532666,FCS SOFTWARE,B ,Q,0.40,0.42,0.40,0.41,0.42,0.40,66,1009168,422580.00,
531599,FDC LIMITED ,B ,Q,84.20,85.30,84.20,84.95,84.75,84.60,189,14171,1203847.00,
505744,FED MOG GOE ,B ,Q,205.40,210.90,205.00,208.05,205.20,206.95,4,77,15799.00,
500139,FEDDER.LLYOD,B ,Q,44.80,44.80,42.00,42.90,43.60,43.30,123,10537,457095.00,
500469,FEDERAL BANK,A ,Q,405.00,407.75,402.10,406.80,407.05,406.25,324,7560,3068450.00,
526689,FENOPLAS.LTD,B ,Q,33.00,33.00,33.00,33.00,33.00,33.00,2,2,66.00,
500141,FERRO ALLOYS,B ,Q,8.19,8.19,7.36,7.46,7.42,7.51,68,8985,66729.00,
590024,FERT CHE(PS ,B ,Q,26.50,26.60,25.80,26.25,26.25,26.30,127,10925,285960.00,
533896,FERVENTSYN  ,B ,Q,23.20,23.20,22.95,22.95,22.95,22.20,4,2398,55168.00,
500142,FGP LTD.    ,B ,Q,2.50,2.73,2.50,2.60,2.60,2.73,5,324,851.00,
507910,FIBERWB IN  ,B ,Q,7.90,7.90,7.89,7.89,7.89,8.30,3,190,1499.00,
532768,FIEM INDS   ,B ,Q,185.00,193.00,183.10,184.50,186.60,185.80,1344,52032,9770506.00,
532022,FILAT FASH  ,B ,Q,6.74,6.85,6.40,6.41,6.41,6.56,22,33895,226819.00,
526227,FILATEX INDI,B ,Q,28.70,29.95,28.70,29.35,29.30,30.00,15,4910,144086.00,
531820,FINALYSIS CR,T ,Q,35.10,35.10,35.10,35.10,35.10,34.45,22,45451,1595330.00,
526881,FINANC.TEC. ,A ,Q,843.50,851.40,836.35,843.05,843.05,842.35,1569,28117,23701581.00,
512219,FINAVENT    ,T ,Q,20.50,20.70,20.50,20.70,20.70,21.55,9,5365,111002.00,
533333,FINEOTEX  CH,B ,Q,17.65,19.45,17.65,18.50,18.50,17.70,154,302235,5597950.00,
500144,FINOL. CABLE,B ,Q,35.00,36.45,35.00,35.95,35.95,36.10,193,19411,698897.00,
500940,FINOLEX IND.,B ,Q,58.00,58.35,56.80,57.55,57.55,57.40,228,11209,644378.00,
500145,FIRST LEASIN,B ,Q,49.60,49.90,49.00,49.90,49.90,49.05,19,1806,89131.00,
532996,FIRST WIN   ,B ,Q,9.45,9.49,9.05,9.05,9.05,9.00,3,20,189.00,
532379,FIRSTOBJ    ,B ,Q,13.90,14.05,13.90,14.05,14.05,13.82,18,1662,23244.00,
524743,FISCHER     ,T ,Q,3.93,3.93,3.93,3.93,3.93,4.13,4,1300,5109.00,
532545,FKONCO      ,B ,Q,86.20,86.90,84.55,84.70,84.70,85.90,283,16859,1431953.00,
523576,FLAWLESS DIA,B ,Q,0.46,0.47,0.46,0.47,0.47,0.46,4,2251,1055.00,
523672,FLEX FOODS  ,B ,Q,25.00,25.40,25.00,25.30,25.40,25.10,26,9989,251535.00,
533638,FLEXITUFF   ,B ,Q,211.40,214.00,208.10,209.90,208.50,210.85,156,19450,4126392.00,
522017,FLUIDOMAT   ,B ,Q,34.50,34.50,33.50,34.00,34.00,34.05,5,273,9247.00,
533296,FMNL        ,B ,Q,22.00,23.50,21.90,23.20,23.45,23.30,14,614,14134.00,
507552,FOODS & INNS,B ,Q,223.65,223.65,223.65,223.65,223.65,213.00,1,1,223.00,
502865,FORBES & CO ,B ,Q,635.00,640.00,628.05,631.70,630.25,634.95,39,1381,872468.00,
500033,FORCE MOTR  ,B ,Q,421.10,435.00,421.10,429.60,426.50,425.30,41,236,101320.00,
532843,FORTIS      ,A ,Q,93.50,94.50,92.35,93.55,93.55,92.70,435,23616,2207064.00,
523696,FORTIS MLR  ,B ,Q,31.50,32.75,30.30,30.60,30.55,31.20,19,1797,56073.00,
500150,FOSECO INDIA,B ,Q,615.90,615.90,600.00,602.00,602.00,615.90,15,19,11541.00,
532521,FOUR SOFT   ,T ,Q,8.39,8.50,8.10,8.25,8.25,8.11,16,2392,19911.00,
530077,FRESHTROP FR,B ,Q,15.00,15.50,14.45,14.60,14.60,15.40,30,2921,42957.00,
521167,FRONT BUSS  ,B ,Q,119.15,119.85,118.50,119.45,119.45,118.55,713,174438,20806605.00,
533213,FRONT SEC   ,B ,Q,29.00,29.00,29.00,29.00,29.00,29.00,1,200,5800.00,
522195,FRONTIER SPR,B ,Q,23.80,23.80,22.70,23.60,23.60,22.85,7,102,2317.00,
532809,FSL         ,B ,Q,9.52,10.24,8.55,9.15,9.15,9.45,3127,1550734,14607476.00,
506803,FULFORD (I) ,B ,Q,831.00,836.00,816.05,826.25,826.25,831.90,104,5552,4604002.00,
531760,FUSION FITT.,B ,Q,39.85,43.95,39.85,42.90,42.90,41.90,5,607,25035.00,
534063,FUT SOL     ,T ,Q,30.40,30.40,30.40,30.40,30.40,30.00,6,500,15200.00,
500720,FUTURA POLY.,T ,Q,3.55,3.74,3.45,3.47,3.47,3.60,7,1550,5461.00,
532938,FUTURE CAP  ,B ,Q,153.40,153.80,152.10,153.10,153.00,153.00,76,31938,4886937.00,
533400,FUTURE VENT ,B ,Q,8.00,8.05,8.00,8.02,8.00,8.00,36,38072,305011.00,
505250,G.G.DANDEKAR,B ,Q,63.30,63.30,61.55,61.65,61.65,62.10,13,542,33452.00,
507488,G.M.BREWERI ,B ,Q,74.80,74.80,70.60,72.50,72.05,72.65,21,1073,78204.00,
517564,G.R.CABLES  ,T ,Q,0.69,0.72,0.69,0.69,0.69,0.69,3,891,617.00,
513059,G.S.AUTO INT,B ,Q,13.30,13.50,12.85,12.92,12.91,13.19,48,6299,83198.00,
523277,G.V.FILMS   ,T ,Q,0.37,0.39,0.37,0.38,0.38,0.38,61,135811,51999.00,
505714,GABRIEL(I)  ,B ,Q,25.45,25.60,25.00,25.05,25.05,25.60,151,17145,433062.00,
532155,GAIL (I) LTD,A ,Q,349.70,360.00,345.45,358.80,358.80,349.70,2221,128348,45050730.00,
505711,GAJRA BEVEL ,B ,Q,2.71,2.92,2.66,2.66,2.66,2.79,13,820,2207.00,
504697,GALADA TELE.,B ,Q,5.39,5.39,4.89,4.89,4.89,5.14,8,1371,6713.00,
506186,GALAXY ENTER,B ,Q,7.46,8.15,7.44,8.00,8.00,7.82,13,2852,21501.00,
532726,GALLAN METAL,B ,Q,24.05,25.10,24.05,24.55,24.55,24.05,456,265963,6472517.00,
533265,GALLISPAT   ,B ,Q,41.05,43.50,41.05,43.50,43.50,43.00,6,27533,1186353.00,
517391,GAMMA INFOW.,B ,Q,3.10,3.14,3.10,3.14,3.14,3.00,2,10,31.00,
509550,GAMMON INDIA,B ,Q,38.05,38.90,38.05,38.70,38.90,38.70,123,8448,325221.00,
532959,GAMMON INFRA,B ,Q,12.86,13.10,12.66,13.02,13.00,12.98,202,24949,322605.00,
513108,GANDHI SP.TU,B ,Q,135.00,135.00,135.00,135.00,135.00,135.05,3,265,35775.00,
530237,GANDHI.HOTEL,B ,Q,14.60,14.60,13.55,13.55,13.55,14.00,2,21,296.00,
500153,GANESH BENZO,B ,Q,7.35,7.75,7.31,7.72,7.75,7.61,12,5646,43512.00,
514167,GANESH ECOSP,B ,Q,42.35,42.35,41.60,42.35,42.35,42.25,8,212,8907.00,
526367,GANESH HSG. ,B ,Q,65.15,66.50,65.00,65.30,65.30,65.70,46,1308,85371.00,
532643,GANESHFORGIN,B ,Q,3.13,3.13,3.13,3.13,3.13,2.99,1,100,313.00,
530945,GANGOTRI IRO,B ,Q,39.70,40.00,39.15,39.45,39.35,39.55,101,88575,3499842.00,
521176,GANGOTRI TEX,B ,Q,2.80,2.80,2.80,2.80,2.80,2.90,10,8026,22472.00,
500155,GARDEN SILK ,B ,Q,45.10,46.70,45.10,45.95,45.75,46.00,32,14228,653965.00,
526727,GARNET CONST,T ,Q,16.10,16.10,15.90,15.90,15.90,16.10,3,1100,17610.00,
509563,GARWA.MARINE,B ,Q,9.50,9.50,8.82,8.82,8.82,9.15,3,500,4682.00,
500655,GARWARE POLY,B ,Q,113.85,115.75,110.10,110.70,110.70,109.75,166,19120,2151762.00,
509557,GARWARE WALL,B ,Q,50.50,50.50,49.70,49.80,50.00,50.10,17,4105,204955.00,
532622,GATEWAY DIST,B ,Q,137.55,138.50,136.75,137.90,138.15,137.20,70,2448,336705.00,
532345,GATI LTD.   ,B ,Q,36.60,37.80,36.00,36.70,36.65,36.35,551,63308,2340657.00,
524564,GAYATRI BIO ,B ,Q,3.45,3.45,3.13,3.13,3.13,3.29,3,100,313.00,
532767,GAYATRI PROJ,B ,Q,95.50,95.90,91.00,94.70,94.70,93.50,37,1980,186061.00,
532183,GAYATRI SUGR,B ,Q,3.03,3.24,3.03,3.06,3.06,3.09,7,995,3097.00,
531601,GCV SERVICES,T ,Q,0.82,0.82,0.82,0.82,0.82,0.86,10,243723,199852.00,
504028,GEE LTD     ,B ,Q,29.95,29.95,28.50,28.70,28.95,29.60,6,113,3308.00,
530389,GEEFCEE FIN.,B ,Q,15.70,15.70,15.70,15.70,15.70,16.15,1,1,15.00,
530743,GEI IND SYS ,B ,Q,69.95,71.00,69.00,70.00,70.00,69.00,15,2091,146059.00,
532318,GEMINI COMMU,B ,Q,9.51,9.51,9.51,9.51,9.51,8.65,10,2129,20246.00,
531137,GEMSTONE INV,T ,Q,17.60,17.60,16.65,16.75,16.75,17.20,147,519980,8809970.00,
506109,GENESYS INT.,B ,Q,180.10,182.45,177.00,180.45,179.50,181.55,1298,29687,5345121.00,
531939,GENIUS COMMU,B ,Q,1.44,1.44,1.44,1.44,1.44,1.42,2,1000,1440.00,
531739,GENNEX LAB  ,B ,Q,1.00,1.05,0.99,1.05,1.05,1.00,3,1044,1046.00,
530343,GENUS POWER ,B ,Q,8.41,8.65,8.27,8.64,8.65,8.52,128,26129,221931.00,
503699,GEOD LTD    ,B ,Q,41.40,43.90,40.65,43.10,43.50,41.25,1829,179691,7685839.00,
532285,GEOJIT BNP  ,B ,Q,17.75,20.45,14.60,20.05,20.05,18.20,613,244501,4691693.00,
532312,GEOMETRIC L ,B ,Q,103.90,105.90,103.05,104.70,104.70,103.65,1177,95904,10027333.00,
500171,GHCL LTD    ,B ,Q,41.50,41.50,40.80,40.95,40.95,40.80,224,61391,2515769.00,
533048,GI ENGINERG ,B ,Q,6.93,7.27,6.93,7.23,7.27,6.93,5,5986,43303.00,
511676,GIC HOUSING ,B ,Q,84.80,85.45,84.00,84.40,84.50,85.25,124,14166,1195696.00,
532716,GILLA ARBUT ,B ,Q,65.50,65.50,59.55,60.45,60.50,59.25,43,1489,91815.00,
507815,GILLETTE (I),B ,Q,2191.00,2224.40,2191.00,2196.65,2196.00,2206.70,119,278,611957.00,
590025,GINNI FIL(PS,B ,Q,5.85,5.90,5.70,5.80,5.80,5.85,28,6925,40125.00,
532715,GITANJALI GE,A ,Q,342.00,346.80,341.00,345.40,345.40,339.80,998,347371,119926683.00,
531613,GIVO LTD.   ,B ,Q,2.18,2.18,1.80,2.07,2.08,2.07,14,1355,2895.00,
533212,GKB OPHTHA  ,B ,Q,42.35,42.40,42.35,42.40,42.40,38.90,4,6,254.00,
531199,GLANCE FIN. ,B ,Q,21.00,21.00,19.05,21.00,21.00,20.00,8,670,13492.00,
500660,GLAXOSMITH  ,A ,Q,2100.00,2116.30,2087.00,2095.50,2096.00,2098.05,158,602,1263130.00,
500676,GLAXOSMITHKL,A ,Q,2900.00,2906.00,2876.05,2886.20,2885.00,2909.75,224,1739,5018472.00,
532296,GLENMARK PHA,A ,Q,429.55,436.60,427.75,430.45,430.45,427.70,1772,27513,11895783.00,
513528,GLITTEK GRAN,B ,Q,0.97,0.99,0.96,0.99,0.99,0.95,10,2335,2275.00,
530263,GLOBAL CAP. ,T ,Q,13.80,14.00,13.42,13.97,13.95,13.56,51,244401,3350442.00,
531479,GLOBAL LAND ,T ,Q,4.47,4.47,4.47,4.47,4.47,4.70,1,500,2235.00,
501848,GLOBAL OFFS ,B ,Q,71.75,72.00,70.60,71.60,71.05,70.55,22,771,54737.00,
530657,GLOBAL SEC. ,T ,Q,51.00,51.20,51.00,51.20,51.20,48.80,10,715,36606.00,
532773,GLOBAL VECT ,B ,Q,8.70,8.70,8.65,8.65,8.65,9.12,2,100,865.00,
511503,GLOBSYN INF ,B ,Q,6.40,6.40,6.39,6.39,6.39,6.71,2,200,1278.00,
531904,GLOBUS CORP ,B ,Q,0.30,0.35,0.30,0.32,0.32,0.34,8,10989,3412.00,
533104,GLOBUS SPR  ,B ,Q,108.00,112.25,107.70,110.10,110.10,108.30,1269,13291,1467642.00,
532672,GLODYNE TECH,B ,Q,74.30,74.60,73.70,74.60,74.60,71.05,102,40769,3036980.00,
532857,GLORY POLY  ,B ,Q,2.64,2.64,2.37,2.44,2.48,2.41,42,23587,57534.00,
590085,GLOSTER     ,B ,Q,399.95,400.00,399.95,400.00,400.00,398.70,4,22,8799.00,
531881,GMETCOAL    ,B ,Q,32.20,33.90,31.65,31.65,31.65,33.90,12,318,10182.00,
505255,GMM PFAUDLER,B ,Q,101.50,102.85,98.50,100.30,100.00,101.35,100,13597,1358712.00,
532754,GMR INFRASTR,A ,Q,18.65,19.20,18.35,18.95,19.20,18.55,1705,753195,14098599.00,
513536,GNRL        ,B ,Q,97.50,97.50,94.00,94.55,94.95,94.20,7,1320,124634.00,
509567,GOA CARBON  ,B ,Q,74.00,74.00,71.20,71.65,71.65,72.30,789,11375,818373.00,
532734,GODAWARI POW,B ,Q,114.80,114.80,111.30,112.95,112.95,113.40,96,5341,601702.00,
500163,GODFREY PH  ,B ,Q,3162.10,3173.00,3140.00,3142.35,3140.00,3192.25,20,28,88096.00,
532424,GODREJ CONS ,A ,Q,681.00,694.00,673.00,680.30,677.35,679.20,401,6029,4133693.00,
500164,GODREJ IND  ,A ,Q,245.80,247.00,243.40,245.40,245.40,243.45,434,11912,2919552.00,
533150,GODREJ PROP ,B ,Q,518.70,519.00,510.00,513.75,513.75,513.20,93,1213,625221.00,
533189,GOENKA DIAM ,B ,Q,202.50,206.95,202.50,205.90,205.90,202.55,270,89830,18480610.00,
532957,GOKAK TEXTI ,B ,Q,47.00,47.30,47.00,47.30,47.30,47.30,2,100,4715.00,
532630,GOKALDAS    ,B ,Q,60.80,60.80,59.55,59.60,59.55,61.35,43,2696,161847.00,
532980,GOKUL REFOIL,B ,Q,44.00,45.65,44.00,44.40,44.60,45.20,74,7900,354192.00,
590095,GOLDBEES    ,E ,Q,2975.00,2993.70,2971.85,2989.16,2993.40,2970.21,613,4261,12731472.00,
530579,GOLDEN GOEN ,B ,Q,16.35,17.50,16.05,17.50,17.50,15.95,124,103196,1778778.00,
526951,GOLDEN LAMIN,B ,Q,24.40,24.40,19.35,20.90,20.90,23.80,45,2224,46726.00,
500151,GOLDEN TOB  ,B ,Q,33.75,33.75,31.05,32.05,32.00,32.10,27,986,31704.00,
526729,GOLDIAM INT.,B ,Q,26.00,27.30,26.00,26.50,26.50,26.70,10,644,17071.00,
532439,GOLDST INFRA,B ,Q,14.31,14.64,14.00,14.50,14.51,14.60,89,43704,633100.00,
531439,GOLDSTONE EN,B ,Q,5.70,6.50,5.70,5.80,5.80,6.10,21,2212,13747.00,
504701,GONTER PEIP ,B ,Q,9.14,9.14,8.70,8.93,8.93,8.85,25,3886,33906.00,
530655,GOOD LUCK ST,B ,Q,19.70,19.70,18.35,18.50,18.50,19.35,56,20957,389576.00,
500166,GOODRICKE   ,B ,Q,135.00,136.00,134.90,135.20,135.25,135.90,52,3005,406947.00,
500168,GOODYEAR (I),B ,Q,320.00,326.00,317.80,321.50,317.80,319.95,33,4278,1381003.00,
526717,GOPALA POLY.,B ,Q,3.11,3.11,3.11,3.11,3.11,3.27,6,829,2578.00,
531419,GOPLEE INFOT,T ,Q,5.00,5.00,5.00,5.00,5.00,5.10,2,276,1380.00,
509148,GOVIND RUBB.,B ,Q,18.90,19.00,17.60,17.90,17.90,17.90,64,33027,600260.00,
533248,GPPL        ,B ,Q,49.90,51.00,49.65,50.20,50.15,49.95,68,8587,430447.00,
590126,GRADIENTE   ,B ,Q,7.85,7.90,7.46,7.58,7.50,7.85,95,49610,377771.00,
532482,GRANULES (I),B ,Q,200.00,209.75,194.60,198.60,198.60,197.95,11353,439512,89047462.00,
509488,GRAPHITE IN.,B ,Q,78.00,79.00,77.15,78.25,78.25,77.25,75,3791,296430.00,
500300,GRASIM IND. ,A ,Q,2968.55,2976.10,2952.00,2964.50,2966.85,2979.95,309,5076,15026781.00,
505710,GRAUER& WEIL,B ,Q,5.94,6.08,5.85,5.88,5.96,5.93,25,17602,105208.00,
533282,GRAVITA     ,B ,Q,157.70,162.80,157.65,160.10,160.10,162.60,943,179945,29021546.00,
532015,GRAVITY (I) ,B ,Q,4.72,5.33,4.64,5.33,5.33,4.85,15,5180,27301.00,
500620,GREAT EASTE ,B ,Q,247.85,249.85,245.00,245.75,245.00,247.95,157,2907,715602.00,
532786,GREAT OFFSH ,B ,Q,89.35,94.00,89.35,93.10,93.10,90.35,1667,107180,9914279.00,
501455,GREAVES COTT,B ,Q,67.30,67.50,66.40,66.90,66.90,67.05,128,2197,147030.00,
526797,GREENPLY IND,B ,Q,183.05,189.00,183.05,189.00,189.00,189.90,6,961,180851.00,
533263,GREENPOWER  ,B ,Q,9.40,9.45,9.10,9.36,9.35,9.25,147,30907,285485.00,
506076,GRIND NORTON,B ,Q,251.00,251.00,246.25,247.35,246.25,250.00,31,1357,336668.00,
511288,GRUH FINANCE,B ,Q,182.00,182.60,178.50,180.65,180.65,182.00,220,4399,795096.00,
530605,GSL NOVA    ,B ,Q,1.91,1.91,1.85,1.89,1.89,1.80,6,242,454.00,
532951,GSS INFOTECH,B ,Q,35.15,38.80,35.15,37.45,37.45,37.60,11,856,31406.00,
532139,G-TECH INFO.,B ,Q,0.38,0.38,0.37,0.37,0.37,0.37,7,17963,6773.00,
532775,GTL INFRAST ,B ,Q,6.60,6.63,6.40,6.56,6.56,6.59,380,78741,513108.00,
500160,GTL LTD.    ,B ,Q,25.25,25.65,24.90,25.30,25.30,25.20,636,123989,3123660.00,
500170,GTN INDUS   ,B ,Q,8.75,8.75,8.26,8.48,8.70,8.72,40,2365,20021.00,
532744,GTN TEXTILE ,B ,Q,7.55,8.40,7.46,7.46,7.46,7.94,7,1101,8313.00,
509079,GUFIC BIO SC,B ,Q,6.45,6.99,6.45,6.99,6.99,6.66,41,13753,94082.00,
524226,GUJ AMB EXP ,B ,Q,24.20,24.40,20.90,21.55,21.55,20.40,219,25476,551214.00,
522217,GUJ APO IND ,B ,Q,137.25,141.20,132.00,135.00,135.00,136.75,1862,38796,5281289.00,
514386,GUJ COTEX   ,T ,Q,4.73,4.73,4.73,4.73,4.73,4.82,2,500,2365.00,
532702,GUJ PETRONET,A ,Q,78.80,79.85,77.75,78.85,78.85,78.20,991,66802,5249970.00,
530001,GUJ.ALKALI  ,B ,Q,126.10,128.20,126.10,127.20,127.00,127.00,66,3514,446893.00,
505712,GUJ.AUTO GE ,B ,Q,871.00,871.00,851.20,860.00,865.00,880.00,25,94,81216.00,
523768,GUJ.BOROSIL ,B ,Q,5.19,5.24,5.19,5.21,5.21,5.67,14,5300,27664.00,
506457,GUJ.CARBON  ,B ,Q,1.18,1.18,1.15,1.18,1.18,1.13,8,4679,5506.00,
500173,GUJ.FLOURO  ,A ,Q,347.00,362.00,347.00,360.35,360.35,349.25,986,30301,10849647.00,
531410,GUJ.FOILS   ,B ,Q,27.95,28.00,27.60,27.90,28.00,26.65,8,1061,29596.00,
523477,GUJ.GAS COMP,A ,Q,290.00,293.10,290.00,292.55,292.55,291.45,274,6180,1806584.00,
507960,GUJ.HOTELS  ,B ,Q,241.50,244.00,241.20,241.20,241.20,250.15,7,60,14533.00,
517300,GUJ.IND.POW.,B ,Q,70.90,71.45,69.55,70.10,70.10,70.40,236,4564,320050.00,
500174,GUJ.LEASE   ,B ,Q,2.50,2.50,2.45,2.46,2.46,2.53,6,1912,4766.00,
524754,GUJ.MEDITECH,T ,Q,45.45,45.45,41.45,44.25,44.25,43.60,27,6054,251902.00,
532181,GUJ.MINERAL ,A ,Q,189.00,190.00,185.50,186.95,186.95,188.15,689,24214,4531260.00,
500670,GUJ.NARMADA ,B ,Q,76.75,78.10,76.75,77.75,77.75,76.75,408,26813,2075611.00,
512579,GUJ.NRE COKE,B ,Q,16.20,17.00,16.05,16.55,16.55,16.25,868,239313,3978028.00,
523836,GUJ.RAFFIA  ,T ,Q,3.71,3.71,3.71,3.71,3.71,3.90,3,150,556.00,
509152,GUJ.RECLAIM ,B ,Q,1542.50,1552.50,1540.05,1545.80,1545.80,1536.25,23,75,115942.00,
518029,GUJ.SIDH.CEM,B ,Q,7.90,7.98,7.80,7.93,7.93,7.90,136,42908,336976.00,
500690,GUJ.ST.FERT ,B ,Q,363.00,364.00,359.05,362.45,362.45,360.90,164,2418,874994.00,
532160,GUJ.STAT.FIN,T ,Q,2.39,2.44,2.25,2.44,2.44,2.33,16,11900,27305.00,
524314,GUJ.TERC LAB,B ,Q,13.20,13.20,12.16,12.85,12.85,12.79,19,12088,147306.00,
506879,GUJ.THEMIS. ,T ,Q,12.66,13.96,12.64,13.35,13.35,13.30,8,1800,24177.00,
570003,GUJNREBNDVR ,B ,Q,11.44,11.49,11.20,11.45,11.45,11.20,40,2485,28172.00,
506480,GULF OIL COR,B ,Q,83.80,85.90,82.95,85.50,85.50,83.80,201,10579,896689.00,
532425,GULSHAN CHEM,B ,Q,3.40,3.40,3.40,3.40,3.40,3.57,4,389,1322.00,
532457,GULSHAN POLY,B ,Q,61.00,61.00,60.15,60.80,60.80,60.00,7,230,14000.00,
514116,GUPTA SYNTH.,B ,Q,4.89,4.89,4.44,4.44,4.88,4.66,3,288,1295.00,
532708,GVK POWERINF,B ,Q,11.30,11.30,10.90,11.04,11.04,11.20,2166,2536127,28012892.00,
533275,GYSCOAL     ,B ,Q,11.40,12.65,11.00,12.39,11.70,10.97,124,11360,132182.00,
532145,H.S.(I) LTD.,B ,Q,6.09,6.09,5.52,6.07,6.07,5.80,11,3034,16792.00,
515147,HALDYN GLASS,B ,Q,16.70,17.25,16.65,16.80,16.90,17.00,96,43667,741314.00,
517296,HALONIX     ,B ,Q,50.00,50.00,49.45,49.50,49.50,50.00,6,317,15704.00,
514308,HANJER FIBRE,T ,Q,3.37,3.37,3.37,3.37,3.37,3.21,4,643,2166.00,
532770,HANUNG TOYS ,B ,Q,110.05,110.05,107.15,108.65,108.65,108.30,516,14133,1533782.00,
590043,HARITA SEAT ,B ,Q,107.00,114.95,101.50,103.65,103.65,107.00,30,2289,245967.00,
526931,HARIYANA SH.,B ,Q,40.25,40.25,38.70,39.85,40.00,38.35,27,2676,107593.00,
500467,HARR.MALAYAL,B ,Q,60.00,61.30,59.25,60.50,60.50,59.30,140,10457,632115.00,
532855,HARYA CAPFIN,B ,Q,30.00,30.05,28.90,28.90,28.90,28.65,23,1525,45735.00,
531387,HASTI FINANC,B ,Q,55.00,57.85,54.90,55.05,57.85,55.00,10,451,24777.00,
509073,HATHWAY BHAW,B ,Q,12.42,12.42,11.41,12.37,12.37,11.67,3,601,6959.00,
533162,HATHWAY CAB ,B ,Q,183.90,194.85,183.90,191.10,191.10,184.55,1655,53468,10169077.00,
531531,HATSUN AGRO ,B ,Q,85.05,90.35,85.05,87.15,87.00,87.10,30,1717,150342.00,
517354,HAVELLSINDIA,A ,Q,554.60,562.80,552.55,555.25,555.25,549.50,1538,30964,17277206.00,
508486,HAWKINS COOK,B ,Q,1694.95,1694.95,1687.00,1687.45,1689.95,1686.40,72,526,888274.00,
532467,HAZ MUL PRO ,B ,Q,1.20,1.21,1.20,1.20,1.20,1.35,9,1590,1908.00,
532334,HB ESTATE DE,T ,Q,18.10,19.25,18.05,18.80,18.80,18.35,10,642,11736.00,
532333,HB PORTFOLIO,T ,Q,21.00,22.90,21.00,22.90,22.90,22.00,12,809,17422.00,
532216,HB STOCKHOL.,B ,Q,10.00,10.32,9.65,9.71,9.71,9.90,16,3236,31984.00,
517271,HBL P SYS   ,B ,Q,14.20,15.05,14.20,14.84,15.05,14.73,20,2559,37757.00,
500179,HCL INFOSYS ,B ,Q,38.75,38.75,37.80,38.25,38.25,38.55,563,58344,2228595.00,
532281,HCL TECHNO  ,A ,Q,554.90,568.75,549.50,561.50,561.50,555.65,1780,78990,44316587.00,
500010,HDFC        ,A ,Q,735.00,735.00,719.00,722.35,722.35,733.65,1800,38271,27687918.00,
500180,HDFC BANK   ,A ,Q,590.10,592.10,587.60,589.90,589.90,590.15,1239,140405,82860172.00,
533230,HDFCMFGETF  ,E ,Q,3060.00,3078.50,3055.00,3075.53,3078.50,3054.38,67,204,626542.00,
526967,HEERA ISPAT ,T ,Q,4.86,4.86,4.86,4.86,4.86,4.63,1,100,486.00,
509631,HEG LIMITED ,B ,Q,201.00,201.00,199.45,200.45,200.95,200.90,73,1418,284505.00,
500292,HEIDEL CEM  ,T ,Q,43.50,43.50,41.45,42.50,42.50,43.60,241,156378,6563640.00,
532347,HELIOS & MAT,B ,Q,27.60,28.35,27.00,27.95,27.70,27.60,191,13435,372576.00,
520026,HELLA IND   ,B ,Q,144.00,144.00,144.00,144.00,144.00,139.85,1,1,144.00,
532671,HENKEL INDIA,T ,Q,34.75,34.75,33.75,33.95,34.00,35.00,54,13175,449194.00,
505720,HERC.HOISTS ,B ,Q,129.25,131.55,128.30,129.10,129.10,127.10,1850,84575,10975460.00,
519552,HERITAGE FOO,B ,Q,261.00,261.80,253.20,257.50,257.50,256.00,588,13337,3448845.00,
500182,HEROMOTOCO  ,A ,Q,1796.00,1810.00,1775.00,1805.45,1805.45,1797.35,2540,36952,66288664.00,
524669,HESTER BISC ,T ,Q,117.50,122.50,115.00,117.40,120.50,119.30,23,1375,160376.00,
534328,HEXATRADEX  ,B ,Q,32.95,32.95,29.70,30.70,31.35,30.55,26,148,4483.00,
532129,HEXAWARE TEC,A ,Q,125.95,127.30,124.60,126.20,126.20,125.20,1292,92094,11615529.00,
532859,HGSL        ,B ,Q,290.00,292.70,287.50,290.10,290.10,290.25,17,577,167460.00,
504176,HIGH ENERGY ,T ,Q,147.65,150.00,147.65,148.35,148.35,155.00,6,185,27490.00,
524735,HIKAL LTD.  ,B ,Q,320.00,325.00,320.00,324.65,325.00,319.25,279,2271,733534.00,
532847,HILTON MET  ,B ,Q,11.60,11.60,11.50,11.50,11.50,11.78,3,2000,23000.00,
514010,HIM.FIBRES  ,T ,Q,14.26,14.26,14.26,14.26,14.26,15.00,1,75,1069.00,
500183,HIMACHAL FUT,B ,Q,11.08,11.08,10.80,10.80,10.80,10.83,412,158670,1725618.00,
500184,HIMADRI CHEM,B ,Q,25.65,26.85,25.50,26.15,26.30,25.95,54,6449,168663.00,
513723,HIMALAYA GR.,B ,Q,33.95,34.00,33.95,34.00,34.00,35.70,4,208,7061.00,
526899,HIMALAYA INT,B ,Q,20.95,21.50,20.75,21.20,21.25,20.95,75,32632,693735.00,
514043,HIMAT.SEIDE ,B ,Q,28.40,32.60,28.40,32.25,32.00,32.85,120,5849,187562.00,
531979,HIND ALUMIN ,B ,Q,36.40,37.70,34.05,36.20,36.20,36.50,12,167,5864.00,
509895,HIND MILLS  ,B ,Q,378.20,383.00,361.10,361.10,361.10,388.90,21,159,59317.00,
500696,HIND UNI LT ,A ,Q,515.00,522.80,511.00,521.30,521.30,515.20,2310,151509,78551292.00,
500185,HIND.CONSTN.,B ,Q,16.10,16.10,15.70,15.95,15.95,15.90,807,342991,5461697.00,
513599,HIND.COPPER ,A ,Q,257.00,259.45,252.65,255.00,255.00,255.70,1935,81262,20810536.00,
509627,HIND.DORR   ,B ,Q,21.90,23.35,21.85,22.85,22.70,22.95,685,82456,1882349.00,
505725,HIND.EVEREST,B ,Q,28.75,28.75,28.75,28.75,28.75,27.40,2,4,115.00,
524013,HIND.FLUROCA,B ,Q,10.92,10.92,10.92,10.92,10.92,10.40,1,2,21.00,
505893,HIND.HARDY  ,B ,Q,90.00,90.05,90.00,90.00,90.00,90.15,7,185,16650.00,
526307,HIND.INDUSTR,T ,Q,29.00,30.10,28.55,30.10,30.10,29.65,4,240,7091.00,
500500,HIND.MOTORS ,B ,Q,9.18,9.28,9.01,9.09,9.09,9.21,207,75402,687357.00,
515145,HIND.NAT.GLS,B ,Q,198.75,198.75,196.10,197.35,196.10,197.10,5,352,69221.00,
500186,HIND.OIL EXP,B ,Q,115.60,117.30,115.50,116.50,116.50,115.80,1274,89128,10367797.00,
500449,HIND.ORG.CHM,B ,Q,17.85,18.05,17.50,17.70,17.70,17.95,56,9310,163920.00,
500104,HIND.PETRO  ,A ,Q,296.00,302.00,292.25,300.45,300.45,294.10,1963,72149,21413094.00,
504036,HIND.RECT   ,B ,Q,41.75,42.05,41.25,41.85,41.85,41.75,26,2841,118840.00,
503881,HIND.SYNTEX ,B ,Q,2.37,2.61,2.37,2.40,2.40,2.49,4,705,1728.00,
530315,HIND.TIN WRK,B ,Q,49.10,52.95,49.10,51.20,50.80,50.80,39,3912,203154.00,
500440,HINDALCO    ,A ,Q,103.70,104.30,102.45,103.75,103.75,103.95,5721,634037,65531579.00,
514428,HINDU.ADHESI,B ,Q,13.45,13.45,12.17,12.17,12.17,12.81,3,19,254.00,
505982,HINDUJA FOUN,B ,Q,55.00,55.50,55.00,55.50,55.50,56.00,17,6579,362884.00,
500189,HINDUJA VENT,B ,Q,368.90,368.90,357.00,362.95,359.00,369.00,62,947,343614.00,
500188,HINDUS.ZI   ,A ,Q,125.00,128.45,122.40,128.00,128.00,124.95,925,62326,7853748.00,
532041,HINDUSTN BIO,B ,Q,1.49,1.49,1.36,1.36,1.36,1.32,2,51,75.00,
501945,HINGIR RAMPU,B ,Q,605.00,620.00,605.00,620.00,620.00,631.05,6,491,297765.00,
530853,HIPOLIN LTD.,B ,Q,36.00,38.60,36.00,38.30,38.30,36.90,68,13045,498834.00,
533256,HIRA FERRO  ,B ,Q,20.95,21.95,19.55,19.95,20.00,20.85,39,1565,31043.00,
506170,HIRAN ORGOCH,B ,Q,1.40,1.51,1.40,1.41,1.51,1.44,10,2761,3973.00,
523398,HITACHI HOME,B ,Q,115.50,116.75,113.65,115.10,115.10,113.75,111,2200,252407.00,
522073,HI-TECH GEAR,B ,Q,100.00,101.00,99.70,100.00,101.00,100.70,31,4363,437115.00,
526217,HITECH PLAST,B ,Q,56.25,57.10,56.00,57.05,57.00,55.10,5,1297,73594.00,
532359,HITKIT GLOB ,B ,Q,0.54,0.54,0.54,0.54,0.54,0.56,3,11000,5940.00,
531661,HITTCO TOOLS,B ,Q,6.70,7.30,6.70,7.09,6.70,7.08,5,106,712.00,
500191,HMT LTD.    ,B ,Q,39.35,39.65,38.65,38.80,38.80,39.00,590,62583,2446724.00,
533217,HMVL        ,B ,Q,110.55,114.00,110.55,114.00,114.00,110.90,2,2,224.00,
522064,HONDA SIEL  ,B ,Q,470.75,499.00,470.75,490.10,488.10,484.10,381,4875,2399764.00,
517174,HONEYWELL   ,B ,Q,2498.00,2498.00,2400.00,2420.45,2420.00,2481.00,61,674,1652468.00,
500193,HOTEL LEELA.,B ,Q,27.55,27.95,27.05,27.60,27.55,27.70,133,14370,396649.00,
532873,HOUSING DEV ,A ,Q,67.10,70.45,66.20,70.15,70.15,66.95,15968,3668018,251540962.00,
532761,HOV SERVICES,B ,Q,28.75,29.00,28.25,28.30,28.30,28.35,96,6484,185734.00,
526761,HOWARD HOTEL,B ,Q,8.15,8.15,8.15,8.15,8.15,8.50,1,200,1630.00,
500187,HSIL        ,B ,Q,105.55,108.75,104.00,107.50,107.50,105.30,408,17936,1907201.00,
532662,HT MEDIA    ,B ,Q,89.60,91.90,89.60,90.05,90.05,91.75,338,291935,26406198.00,
532799,HUBTOWN     ,B ,Q,170.45,172.00,167.05,170.15,169.75,171.70,57,854,145172.00,
961733,HUDCO050322 ,F ,B,1067.99,1068.00,1063.50,1063.87,1063.50,1067.80,14,1317,1405750.00,
961734,HUDCO050327 ,F ,B,1066.00,1067.66,1066.00,1067.66,1067.66,1066.26,51,6685,7132402.00,
509675,HYD.INDUS   ,B ,Q,461.65,463.80,457.00,459.05,459.05,458.90,127,993,455275.00,
524019,HYDRO S & S*,B ,Q,13.60,13.66,13.60,13.64,13.64,13.70,21,130,1773.00,
531524,I.C.S.A. IND,B ,Q,13.10,13.35,12.95,13.29,13.20,13.10,132,21497,283081.00,
500199,I.G.PETRO   ,B ,Q,33.95,34.20,33.00,34.05,34.20,33.70,69,2788,94338.00,
532960,IB SECURITIE,B ,Q,6.95,7.24,6.95,7.10,7.10,7.00,175,93049,660258.00,
534597,IBIPL       ,B ,Q,4.30,4.59,4.24,4.38,4.38,4.44,429,364205,1596892.00,
532174,ICICI BANK  ,A ,Q,904.00,914.80,892.80,912.00,912.00,903.45,8856,290011,262166232.00,
533244,ICICIPRUGETF,E ,Q,3050.00,3064.74,2981.00,3016.05,3016.05,2995.15,16,98,296790.00,
532835,ICRA        ,B ,Q,1166.70,1184.85,1166.70,1171.00,1171.00,1174.00,24,45,52769.00,
500116,IDBI BANK L ,A ,Q,84.85,87.40,84.40,86.90,86.90,84.85,2461,254722,22000514.00,
533719,IDBIGOLD    ,E ,Q,3120.00,3121.00,3120.00,3120.00,3120.00,3100.00,6,48,149762.00,
532822,IDEA CELL   ,A ,Q,74.35,75.85,74.35,75.50,75.50,74.55,552,73178,5512339.00,
532659,IDFC        ,A ,Q,132.00,132.00,128.35,129.50,129.50,131.90,6119,635762,82374468.00,
531840,IEC EDU     ,B ,Q,7.94,7.94,7.94,7.94,7.94,7.57,1,50,397.00,
507438,IFB AGRO    ,B ,Q,138.00,138.00,128.25,135.30,135.00,131.70,137,650,88689.00,
505726,IFB IND.LTD.,B ,Q,81.00,87.70,81.00,86.60,86.60,80.30,975,36608,3126495.00,
500106,IFCI LTD    ,A ,Q,24.90,25.20,24.00,25.05,25.05,24.85,8126,4626101,113914946.00,
972657,IFCI010811D ,F ,B,10340.00,10340.00,10340.00,10340.00,10340.00,10400.00,1,10,103400.00,
532133,IFGL REFRACT,B ,Q,47.95,47.95,45.70,46.15,46.35,45.85,316,8503,393086.00,
511682,IFL PRMOTER ,T ,Q,8.50,8.64,7.83,8.49,8.01,8.23,70,37400,316906.00,
517380,IGARSHI MOT ,B ,Q,72.00,73.35,69.10,70.75,70.75,71.10,62,1681,119628.00,
934816,IIFLNCDI    ,F ,D,1004.99,1020.00,995.01,1014.26,1014.26,1004.99,18,684,688461.00,
934817,IIFLNCDII   ,F ,D,1070.00,1070.00,1070.00,1070.00,1070.00,1024.32,2,20,21400.00,
934819,IIISLNCDIII2,F ,D,990.00,1011.00,987.50,1005.86,1010.00,991.00,43,1443,1441708.00,
530719,IKF FINANCE ,T ,Q,13.50,13.50,13.50,13.50,13.50,13.35,1,200,2700.00,
511208,IL & FS INVE,B ,Q,26.00,26.00,25.50,25.65,25.50,26.05,28,3632,93665.00,
533177,IL&FS TRANS ,B ,Q,166.15,167.80,163.15,165.00,164.50,165.85,291,7200,1192165.00,
532907,ILFSENGG    ,B ,Q,58.75,61.90,57.65,59.30,59.30,57.50,1089,74980,4476020.00,
532614,IMPEX       ,B ,Q,5.55,5.99,5.55,5.95,5.95,5.90,16,3217,18568.00,
517571,IMPPOWERS   ,B ,Q,47.50,48.95,47.05,48.60,48.60,47.60,91,3633,175370.00,
526610,IN HOU PROD ,B ,Q,5.93,6.25,5.93,6.25,6.25,6.23,2,2005,12523.00,
531129,INANI MARBLE,B ,Q,400.85,403.70,378.85,392.95,392.95,398.75,742,50622,19647550.00,
531672,INANI SEC.  ,B ,Q,12.20,12.23,12.20,12.23,12.23,11.70,2,10,122.00,
517370,INCAP LTD.  ,B ,Q,10.00,10.00,10.00,10.00,10.00,10.39,1,100,1000.00,
531594,INCON ENGG. ,B ,Q,3.67,3.67,3.67,3.67,3.67,3.85,3,9,33.00,
511355,IND CEM CAP ,T ,Q,4.13,4.13,3.77,4.13,4.13,3.94,3,651,2454.00,
532636,IND INFOLINE,B ,Q,53.25,53.75,52.50,53.50,53.50,53.10,251,20163,1072719.00,
533329,IND TERRAIN ,B ,Q,48.00,54.40,48.00,50.25,50.05,55.40,11,145,7312.00,
514165,IND.ACRYLICS,B ,Q,2.00,2.10,1.91,1.97,1.98,1.99,20,18011,35189.00,
523465,IND.BANK HSG,B ,Q,9.39,9.40,9.34,9.34,9.34,9.10,12,490,4594.00,
511473,IND.BANK MER,B ,Q,5.40,5.75,5.40,5.61,5.61,5.55,33,8045,44598.00,
500201,IND.GLYCOLS ,B ,Q,162.70,167.20,159.30,163.90,163.90,161.80,4336,243960,40104362.00,
504741,IND.HUME PIP,B ,Q,102.05,107.50,102.00,102.20,102.20,104.30,18,816,84755.00,
500202,IND.LEAS.DEV,B ,Q,7.91,7.91,7.91,7.91,7.91,8.32,1,1,7.00,
524652,IND.SWIFT LT,B ,Q,19.70,21.70,19.70,20.25,20.25,19.40,2523,403293,8382358.00,
523586,IND.TONERS  ,B ,Q,13.85,15.84,13.85,15.47,15.47,14.41,12,2451,37518.00,
509162,INDAG RUBBER,B ,Q,214.00,219.40,212.75,218.40,219.40,213.00,31,1106,239363.00,
532832,INDBUL REAL ,A ,Q,42.90,46.30,41.75,45.25,45.25,42.05,4109,709657,31690795.00,
533520,INDBULL WSL ,B ,Q,8.00,8.11,8.00,8.11,8.11,7.73,15,205,1661.00,
530005,INDIA CEM.  ,B ,Q,85.00,85.00,83.50,84.05,84.05,84.65,397,34283,2884102.00,
531253,INDIA GELAT.,B ,Q,63.50,63.50,60.60,63.00,63.00,61.10,38,2503,156433.00,
530979,INDIA HOME  ,B ,Q,48.45,49.00,47.05,48.50,48.90,47.95,14,591,28561.00,
590065,INDIA MOTOR ,B ,Q,799.95,822.95,791.00,808.60,807.90,798.05,112,771,620609.00,
532240,INDIA NIPPON,B ,Q,184.70,185.05,179.90,185.00,185.00,184.45,47,251,46234.00,
501700,INDIA NIVEH ,B ,Q,42.35,42.40,42.20,42.30,42.40,42.30,50,8528,360672.00,
532189,INDIA TOURIS,T ,Q,250.75,250.75,250.75,250.75,250.75,238.85,1,1,250.00,
533122,INDIAB POWER,B ,Q,10.45,10.69,10.05,10.55,10.55,10.27,1132,404619,4211388.00,
532544,INDIABULLS  ,A ,Q,186.00,197.75,180.60,196.35,196.35,184.85,4005,214349,41409239.00,
506131,INDIACO VEN ,T ,Q,5.70,6.28,5.70,5.70,5.70,5.99,14,10914,63670.00,
532814,INDIAN BANK ,A ,Q,155.65,160.90,154.25,160.15,160.15,155.65,348,8288,1302403.00,
500850,INDIAN HOTEL,A ,Q,58.90,59.20,58.50,59.00,59.00,59.05,323,26969,1588704.00,
509051,INDIAN INFO.,T ,Q,20.00,20.00,18.90,19.20,19.20,19.85,166,884909,17449020.00,
533047,INDIAN MET  ,B ,Q,255.65,258.80,250.05,257.30,257.25,257.90,19,1026,259742.00,
530965,INDIAN OIL  ,A ,Q,243.00,245.90,242.60,243.95,243.95,242.60,654,26225,6407986.00,
532388,INDIAN OVER.,A ,Q,67.85,68.00,67.15,67.70,67.70,67.85,568,44193,2985952.00,
500319,INDIAN SUCRO,T ,Q,8.22,8.22,8.22,8.22,8.22,8.65,1,200,1644.00,
524648,INDO AMINES ,B ,Q,18.20,18.80,18.20,18.80,18.80,18.95,2,340,6290.00,
524342,INDO BORAX  ,B ,Q,80.00,80.00,79.00,80.00,80.00,80.00,11,324,25820.00,
521016,INDO COUNT  ,B ,Q,8.00,8.95,7.86,8.78,8.79,8.67,359,185909,1605496.00,
531968,INDO GREEN  ,T ,Q,39.85,39.85,39.85,39.85,39.85,40.00,1,200,7970.00,
500207,INDO RAMA   ,B ,Q,20.60,20.70,20.50,20.60,20.50,20.50,19,2488,51314.00,
533676,INDO THAI   ,B ,Q,9.60,10.18,9.60,9.70,9.70,9.65,19,11102,106795.00,
531674,INDOASIAN P ,T ,Q,9.72,9.72,9.72,9.72,9.72,10.23,5,900,8748.00,
532100,INDO-CITY IN,B ,Q,4.05,4.05,4.05,4.05,4.05,4.24,7,705,2855.00,
532612,INDOCO REM  ,B ,Q,83.00,83.00,69.00,69.65,69.55,69.70,776,46800,3304601.00,
531565,INDO-PACIFIC,B ,Q,0.64,0.64,0.64,0.64,0.64,0.67,1,5,3.00,
533257,INDOSOLAR   ,B ,Q,3.83,3.95,3.70,3.79,3.79,3.81,83,26382,102498.00,
532717,INDOTECHTR  ,B ,Q,80.00,80.00,78.50,79.00,79.00,79.95,35,1210,95996.00,
532514,INDRA GAS   ,A ,Q,240.65,244.25,239.00,241.50,241.50,239.25,3218,151094,36509274.00,
532150,INDRAPRAST  ,B ,Q,37.00,37.00,35.75,36.00,36.15,35.95,498,13389,482578.00,
522165,INDSIL HYD  ,B ,Q,26.05,28.00,26.00,26.75,28.00,27.00,20,3744,99927.00,
532305,IND-SWIFT LA,B ,Q,53.55,60.25,53.10,56.75,56.75,51.25,21159,2085924,119608030.00,
504336,INDTRADECO  ,T ,Q,0.11,0.11,0.10,0.10,0.10,0.10,6,12000,1310.00,
532001,INDUCTO STL.,T ,Q,37.95,38.85,37.95,38.85,38.85,37.00,7,325,12567.00,
632187,INDUS IND BK,A ,Q,317.75,318.00,317.75,318.00,318.00,319.55,6,310000,98505000.00,
501295,INDUS.INV.TR,B ,Q,151.05,151.05,151.05,151.05,151.05,158.35,1,50,7552.00,
532821,INDUSFILA   ,B ,Q,14.50,14.50,14.05,14.22,14.25,14.16,67,210,2970.00,
532187,INDUSIND BNK,A ,Q,313.90,317.15,311.00,314.90,314.90,314.70,380,14271,4498042.00,
533154,INFINITE    ,B ,Q,116.80,116.80,113.00,115.25,115.25,115.45,219,3034,349067.00,
532777,INFO EDGE   ,B ,Q,339.95,341.80,331.00,335.85,331.00,334.20,48,1039,348557.00,
530703,INFO-DRIVE S,B ,Q,8.99,8.99,8.85,8.92,8.92,9.03,7,402,3597.00,
509069,INFOMEDIA   ,B ,Q,5.00,5.00,4.77,4.87,5.00,4.85,30,3486,16988.00,
500209,INFOSYS LTD ,A ,Q,2366.00,2370.00,2342.80,2362.40,2362.40,2369.55,2070,38437,90559582.00,
532175,INFOTECH EN.,B ,Q,184.70,184.70,178.00,180.00,180.00,181.00,481,10027,1802867.00,
590118,INFRONICS   ,B ,Q,19.20,19.20,19.20,19.20,19.20,20.20,2,7,134.00,
531807,ING VYSYA BN,A ,Q,363.90,375.00,363.90,373.80,374.50,364.55,128,2046,759103.00,
500210,INGERSOLL   ,B ,Q,454.00,457.80,446.30,452.15,452.15,451.75,64,2364,1066134.00,
523840,INN.TECH.PAC,B ,Q,6.90,7.00,6.90,6.95,6.95,7.23,4,350,2442.00,
533315,INNO INVEST ,B ,Q,3.40,3.57,3.25,3.51,3.57,3.40,21,2186,7452.00,
531929,INNOCORP L  ,B ,Q,2.11,2.11,2.01,2.11,2.11,2.01,16,8450,17770.00,
533402,INNOV IND   ,B ,Q,116.60,117.85,115.55,115.60,115.55,117.45,47,2829,328801.00,
517433,INNOV.SOFTW.,B ,Q,4.83,4.83,4.38,4.38,4.38,4.60,2,2,9.00,
532706,INOX LEISURE,B ,Q,58.00,58.80,56.80,57.30,57.30,57.85,215,15692,906117.00,
532851,INSECTCID   ,B ,Q,393.00,397.00,392.00,395.20,395.50,391.90,26,463,182115.00,
500211,INSILCO LTD.,B ,Q,18.50,19.60,18.50,19.40,19.40,18.25,110,37377,718372.00,
509709,INT.CONVEYOR,B ,Q,16.00,16.35,16.00,16.35,16.35,16.20,4,74,1200.00,
526871,INTEC CAP   ,B ,Q,60.50,61.00,59.05,60.00,60.00,59.15,159,41851,2489506.00,
506134,INTELL CAP  ,T ,Q,94.10,94.10,86.00,86.00,86.00,90.00,2,3,274.00,
531777,INTELVISIONS,B ,Q,12.72,14.04,12.72,14.04,14.04,13.38,7,500,6879.00,
532326,INTENS TECH ,B ,Q,5.81,6.67,5.75,6.67,6.67,6.33,20,3244,18970.00,
532072,INTER DIGI  ,T ,Q,1.21,1.21,1.21,1.21,1.21,1.27,1,100,121.00,
511391,INTER GLOB F,T ,Q,12.80,13.00,12.80,12.80,12.80,12.80,3,1260,16228.00,
526859,INTER ST.FIN,B ,Q,0.33,0.33,0.33,0.33,0.33,0.32,1,1,0.00,
505737,INTER.COMBUS,B ,Q,243.00,254.80,242.25,247.50,247.50,252.00,32,1934,476963.00,
500213,INTER.TRAVEL,B ,Q,183.00,183.05,182.25,183.00,183.00,182.95,36,2786,508576.00,
531289,INTERFIT TEC,B ,Q,7.39,7.39,7.39,7.39,7.39,7.04,2,200,1478.00,
533181,INTRASOFT   ,B ,Q,52.00,52.00,52.00,52.00,52.00,51.70,2,10,520.00,
533506,INVENTURE   ,B ,Q,14.60,14.85,14.15,14.25,14.25,14.75,219,332120,4743477.00,
504786,INVEST &PREC,B ,Q,47.50,52.00,47.50,50.10,50.00,50.10,62,4420,224218.00,
523844,INVICTA MED ,T ,Q,18.75,20.00,18.75,19.15,19.95,19.70,33,4651,88492.00,
512185,IOL NET COM ,B ,Q,5.55,5.69,5.41,5.50,5.45,5.69,31,11048,60947.00,
500214,ION EXCHANGE,B ,Q,129.90,129.90,125.05,127.30,127.40,127.25,69,3346,425055.00,
523638,IP RINGS LTD,B ,Q,44.15,45.95,43.50,45.95,45.95,44.00,5,109,4789.00,
524494,IPCA LAB LTD,A ,Q,449.80,450.70,432.50,442.10,442.10,446.50,1371,38061,16796555.00,
512405,I-POWER SOLS,B ,Q,4.01,4.41,4.01,4.41,4.41,4.20,2,58,244.00,
532947,IRB INFRA   ,A ,Q,129.05,129.05,125.55,126.90,126.90,128.10,1997,172141,21837726.00,
531337,IRISMEDIA   ,T ,Q,4.96,5.34,4.96,5.20,5.00,5.20,31,56220,289197.00,
524400,ISHITA DRUGS,T ,Q,22.50,22.50,22.50,22.50,22.50,21.50,1,1,22.00,
511609,ISL CONSULT ,T ,Q,11.34,11.34,11.34,11.34,11.34,10.80,3,500,5670.00,
532479,ISMT LTD    ,B ,Q,22.10,22.25,21.85,22.15,22.15,22.00,38,2220,49121.00,
700109,ISPAT PR SH ,B ,P,3.90,4.00,3.84,3.89,3.89,3.87,154,112281135,434557265.00,
508807,IST LTD.    ,B ,Q,160.00,160.00,155.00,160.00,160.00,162.10,3,126,20155.00,
513361,ISW LTD     ,B ,Q,4.50,4.50,4.50,4.50,4.50,4.50,3,2750,12375.00,
500875,ITC LTD.    ,A ,Q,267.50,268.90,265.50,266.25,266.25,267.55,1661,122888,32837702.00,
509496,ITDCEM      ,B ,Q,230.00,230.00,230.00,230.00,230.00,229.05,8,4260,979800.00,
523610,ITI LTD.    ,B ,Q,21.75,22.05,21.55,21.60,21.60,21.75,200,27178,591420.00,
522183,ITL INDUSTRS,B ,Q,26.50,27.50,26.00,27.30,27.50,24.20,30,2543,68251.00,
507580,IVP LTD     ,B ,Q,38.55,43.90,38.55,40.90,40.90,42.75,962,2688,111831.00,
530773,IVRCL LTD   ,B ,Q,39.00,39.25,37.35,39.00,39.00,38.85,2917,893947,34324539.00,
532894,IWIND ENERGY,B ,Q,3.75,3.79,3.65,3.75,3.75,3.76,90,46825,174703.00,
532209,J & K BANK  ,B ,Q,900.00,905.00,881.00,902.30,901.90,904.55,375,5529,4983383.00,
532940,J KUMAR INFR,B ,Q,177.95,195.00,177.95,192.70,191.65,185.15,293,24555,4671729.00,
506943,J.B.CHEMICAL,B ,Q,66.80,70.80,66.25,68.35,68.35,66.70,1132,67747,4665800.00,
530049,J.J.EXPORTER,B ,Q,12.58,12.58,12.58,12.58,12.58,12.19,1,1050,13209.00,
532518,J.K.AGRI GEN,B ,Q,340.00,340.00,291.00,297.00,297.00,302.05,10,234,69518.00,
507155,JAGATJIT IND,T ,Q,53.00,53.00,53.00,53.00,53.00,52.05,2,400,21200.00,
532705,JAGRAN PRAK ,B ,Q,91.65,92.65,90.70,91.75,92.65,91.10,79,352,32153.00,
520139,JAGSON AIRLI,B ,Q,3.59,3.96,3.59,3.63,3.94,3.89,15,2805,10356.00,
507789,JAGSON PHAR ,B ,Q,12.30,12.50,12.20,12.20,12.50,12.04,9,1815,22158.00,
512237,JAI CORP LTD,B ,Q,53.00,54.20,52.40,53.90,53.90,52.90,2499,286686,15311517.00,
532976,JAIBALA IND ,T ,Q,36.00,36.00,34.50,34.50,35.00,34.90,20,1471,51007.00,
531339,JAIHIND PROJ,B ,Q,102.00,106.00,101.90,102.15,106.00,100.30,54,10768,1100279.00,
523467,JAIMATA GLAS,B ,Q,0.70,0.70,0.65,0.67,0.68,0.70,20,11556,7824.00,
500219,JAIN IRRIG  ,A ,Q,63.90,64.60,62.75,64.20,64.20,62.85,12461,1726720,110357057.00,
532033,JAIN STUDIOS,T ,Q,5.63,5.63,5.63,5.63,5.63,5.37,1,438,2465.00,
526865,JAINCO PROJ.,B ,Q,2.37,2.48,2.27,2.47,2.37,2.37,9,1398,3375.00,
505840,JAIPAN INDUS,B ,Q,11.08,12.00,11.08,11.70,12.00,12.00,4,100,1154.00,
532532,JAIPRA      ,A ,Q,64.40,65.65,63.40,65.40,65.40,64.00,5988,1322906,85737487.00,
526558,JAMES HOTELS,T ,Q,48.50,48.50,48.50,48.50,48.50,47.05,1,50,2425.00,
520051,JAMNA AUTO  ,B ,Q,115.20,115.80,115.00,115.05,115.80,115.00,9,152,17499.00,
502901,JAMSHRI RANJ,B ,Q,32.05,32.05,32.05,32.05,32.05,29.80,2,10,320.00,
500220,JASCH INDUST,B ,Q,12.50,12.75,12.13,12.64,12.75,12.05,8,360,4566.00,
526523,JAY ENERGY  ,T ,Q,0.54,0.58,0.54,0.58,0.58,0.56,9,20080,10844.00,
514312,JAY HIND SYN,B ,Q,9.93,10.89,9.93,9.93,9.93,10.45,6,6,60.00,
522285,JAY NECO IND,B ,Q,12.29,12.29,11.42,11.54,11.60,11.52,82,21648,249093.00,
524330,JAYANT AGRO ,B ,Q,121.75,124.40,121.40,122.00,122.00,121.90,68,1345,164204.00,
512129,JAYANT MERC.,T ,Q,5.63,5.63,5.49,5.49,5.49,5.39,2,101,554.00,
520066,JAYBH.MARUTI,B ,Q,52.85,52.85,51.00,51.05,51.00,51.50,8,564,28885.00,
500306,JAYKAY      ,B ,Q,5.00,5.60,5.00,5.47,5.55,5.55,31,6325,34282.00,
509715,JAYSHREE TEA,B ,Q,80.90,83.60,78.00,83.05,83.45,79.20,315,17330,1416438.00,
506520,JAYSHRI CHEM,B ,Q,9.78,9.78,9.78,9.78,9.78,9.78,1,10,97.00,
506910,JAYSN DYEST ,B ,Q,19.30,19.95,19.15,19.15,19.15,20.15,9,242,4650.00,
514034,JBF IND.LTD ,B ,Q,139.15,140.50,138.10,139.20,139.00,139.95,227,24195,3368139.00,
532605,JBM AUTO    ,B ,Q,63.60,65.10,63.05,64.10,63.10,64.00,32,1999,127836.00,
500222,JCT ELECTRON,B ,Q,0.61,0.63,0.61,0.63,0.63,0.60,4,11599,7287.00,
500223,JCT LTD     ,B ,Q,1.49,1.49,1.26,1.38,1.39,1.34,114,78463,104414.00,
524592,JD ORGOCHEM ,B ,Q,3.25,3.25,3.24,3.24,3.24,3.40,3,700,2269.00,
524731,JENBURKT PH.,B ,Q,64.90,70.95,63.00,67.00,67.00,63.00,119,16547,1110428.00,
523592,JENSON &NICH,B ,Q,4.50,4.50,3.71,3.78,3.78,3.78,126,42709,162935.00,
532617,JETAIRWAYS  ,B ,Q,338.50,344.65,334.00,337.80,337.80,338.40,7921,288334,97909337.00,
517063,JETINFOTRAN ,B ,Q,43.75,43.75,43.75,43.75,43.75,44.85,2,200,8750.00,
590054,JEYPORESUGAR,T ,Q,92.00,92.00,87.85,87.85,87.85,92.45,4,5,443.00,
532771,JHS SVEN    ,B ,Q,31.00,31.20,30.30,30.90,31.00,31.35,68,3775,116563.00,
511618,JIK INDUS.  ,B ,Q,4.04,4.20,3.95,4.09,4.20,3.92,22,10006,40896.00,
530405,JINDAL CAP. ,B ,Q,8.00,8.78,8.00,8.78,8.78,8.00,3,105,843.00,
511034,JINDAL DRILL,B ,Q,250.00,254.00,246.05,252.65,252.65,254.70,113,807,202151.00,
507981,JINDAL HOTL ,B ,Q,32.55,32.55,30.55,31.15,31.15,31.20,4,13,418.00,
500227,JINDAL POLYF,B ,Q,168.65,173.40,168.65,170.80,170.80,166.85,1273,46060,7873529.00,
500378,JINDAL SAW  ,B ,Q,117.40,117.75,115.10,116.05,116.50,117.35,146,3196,370765.00,
532642,JINDAL SOUTH,B ,Q,567.00,582.00,562.05,575.30,575.30,567.65,2784,67028,38370706.00,
532286,JINDAL STE  ,A ,Q,347.40,354.00,340.25,352.85,352.85,344.45,7068,311197,108222345.00,
531543,JINDAL WORLD,B ,Q,84.95,85.25,84.95,85.15,85.15,79.80,46,269,22898.00,
533103,JINDALCOTEX ,B ,Q,43.45,46.60,41.20,42.75,42.60,42.40,283,40314,1725978.00,
532624,JINDALPH    ,B ,Q,133.80,136.00,130.00,131.00,131.00,132.75,940,15401,2044465.00,
570004,JISLBNDVR   ,B ,Q,33.00,33.50,32.20,33.20,33.10,32.60,175,16509,546118.00,
532644,JK CEMENT   ,B ,Q,212.00,212.00,206.50,207.05,206.50,212.45,262,6375,1330091.00,
500380,JK LAKSHMI  ,B ,Q,93.35,95.35,93.35,94.95,95.00,96.20,170,29983,2847835.00,
532162,JK PAPER    ,B ,Q,34.20,35.50,34.15,34.85,34.85,34.30,167,131972,4614418.00,
530007,JK TYRE IND ,B ,Q,106.00,110.00,105.20,109.40,109.40,106.95,838,39789,4290538.00,
506522,JL MORISON  ,B ,Q,391.25,405.00,391.25,405.00,405.00,400.00,7,277,111244.00,
523405,JM FINANCIAL,B ,Q,14.65,14.80,14.15,14.71,14.71,14.48,1269,564455,8223510.00,
522263,JMC PROJECTS,B ,Q,100.10,101.75,100.00,101.65,100.60,100.90,33,300,30272.00,
511092,JMD TELEFILM,B ,Q,9.12,9.97,9.03,9.73,9.73,9.50,70,23273,212743.00,
513691,JMT AUTO LTD,B ,Q,52.05,52.05,52.05,52.05,52.05,53.85,3,3,156.00,
531861,JOINDRE CAPI,B ,Q,8.84,8.84,8.83,8.83,8.83,8.83,3,16,141.00,
534659,JOINTECA ED ,MT,Q,15.20,15.25,15.00,15.00,15.00,0.00,69,552000,8356800.00,
502335,JOLLY BOARDS,B ,Q,314.95,318.50,301.10,316.45,318.50,301.10,18,113,35621.00,
590079,JOONKTOLLEE ,B ,Q,173.90,174.00,173.90,174.00,174.00,173.85,4,152,26447.00,
505750,JOSTS ENG.  ,B ,Q,410.00,411.00,395.50,399.35,411.00,411.00,6,28,11395.00,
533207,JPINFRATEC  ,A ,Q,43.90,44.45,43.10,44.05,44.00,43.25,1098,128500,5613754.00,
532627,JPPOWER     ,A ,Q,26.20,26.20,25.50,26.00,26.00,26.00,638,100364,2597319.00,
530985,JPT SECUR.  ,B ,Q,23.35,23.35,19.50,20.65,20.10,21.55,23,685,13799.00,
532745,JRG SECUR   ,B ,Q,10.38,10.39,10.15,10.15,10.15,10.42,18,27223,279794.00,
506016,JRIIIL      ,T ,Q,122.40,124.75,119.90,124.65,124.75,125.65,41,101200,12583087.00,
532508,JSL         ,B ,Q,70.40,73.25,69.20,70.15,70.15,70.40,850,109850,7814600.00,
504080,JSL LTD.    ,T ,Q,102.10,102.10,102.00,102.00,102.00,107.00,2,35,3572.00,
533148,JSW ENERGY  ,A ,Q,45.95,47.20,45.25,47.05,47.05,46.15,998,142874,6606756.00,
500305,JSW ISPAT   ,B ,Q,9.29,9.34,9.05,9.30,9.30,9.24,1419,1121781,10316806.00,
500228,JSWSL       ,A ,Q,669.00,678.90,657.00,676.75,676.75,669.90,15698,478195,319293163.00,
534600,JTL INFRA   ,B ,Q,84.70,84.70,84.70,84.70,84.70,84.70,1,10,847.00,
530019,JUBILANT    ,B ,Q,179.30,182.00,175.45,180.45,181.00,179.05,539,16247,2920945.00,
533320,JUBILNT IND ,B ,Q,134.00,139.00,133.00,137.75,136.70,134.15,66,241,32663.00,
533155,JUBL FOOD   ,A ,Q,1197.00,1234.05,1185.10,1228.20,1228.20,1188.95,6710,114817,140185981.00,
516078,JUMBO BAG   ,B ,Q,9.80,10.40,9.75,10.29,10.29,10.29,11,1400,13884.00,
524826,JUPITER BIOS,T ,Q,5.91,6.03,5.85,5.86,5.86,5.90,41,10496,61901.00,
534623,JUPITER INFO,M ,Q,22.50,22.75,22.45,22.65,22.65,22.30,7,42000,950400.00,
519248,JVL AGRO    ,B ,Q,13.65,13.65,13.09,13.12,13.25,13.15,68,19290,253069.00,
532926,JYOTHY LAB  ,B ,Q,151.25,155.70,145.40,151.30,151.30,152.85,1008,41021,6215792.00,
504076,JYOTI LTD.  ,B ,Q,63.45,65.50,63.15,65.00,65.00,65.65,24,9165,596012.00,
523876,JYOTI OVER. ,B ,Q,0.71,0.71,0.71,0.71,0.71,0.74,1,200,142.00,
514448,JYOTI RESINS,B ,Q,8.04,8.44,8.04,8.44,8.44,8.04,2,296,2439.00,
513250,JYOTI STRUCT,B ,Q,37.90,37.90,37.00,37.40,37.40,37.15,206,22663,847267.00,
532889,K.P.R. MILL ,B ,Q,127.00,127.00,122.00,124.65,125.00,125.00,219,1158,143244.00,
526209,K.S.OILS LTD,B ,Q,4.45,4.50,4.33,4.45,4.45,4.43,579,479583,2119200.00,
524109,KABRA EXTR  ,B ,Q,30.50,31.00,30.40,30.55,30.55,30.20,45,1308,40389.00,
531778,KACHCHHMIN  ,B ,Q,9.00,9.00,8.90,8.90,8.90,9.10,8,3450,30941.00,
531784,KADAMB CONST,B ,Q,7.18,7.18,7.18,7.18,7.18,7.32,3,1075,7718.00,
530479,KADVANI SEC.,T ,Q,24.35,25.00,24.35,24.45,24.45,25.60,4,242,5918.00,
504840,KAIRA CAN CO,T ,Q,359.20,359.20,359.20,359.20,359.20,378.10,1,2,718.00,
531780,KAISER PRESS,T ,Q,20.00,20.00,20.00,20.00,20.00,19.05,2,200,4000.00,
500233,KAJARIA CER.,B ,Q,175.00,175.00,172.15,174.05,174.05,173.60,45,4428,766224.00,
500234,KAKATIYA CEM,B ,Q,85.60,86.50,83.15,85.75,85.75,86.50,13,498,42442.00,
523652,KAL PLASTIK ,T ,Q,15.00,15.00,15.00,15.00,15.00,15.75,1,50,750.00,
532268,KALE CONSUL.,T ,Q,159.50,159.50,156.00,157.70,158.00,156.80,40,2587,407340.00,
523810,KALE FILMS  ,B ,Q,19.40,19.70,18.50,19.70,19.70,19.35,39,6437,121545.00,
522259,KALINDEE RAI,B ,Q,66.20,66.90,66.00,66.25,66.25,66.70,83,5187,344130.00,
530201,KALLAM SPG. ,B ,Q,25.20,25.20,24.20,24.45,24.40,26.40,26,2411,59043.00,
522287,KALPA.POWER ,B ,Q,65.25,66.50,64.80,66.05,65.60,65.10,249,7302,479915.00,
526409,KALPENA     ,B ,Q,63.50,67.95,63.50,65.00,65.00,62.05,77,2052,133698.00,
513509,KALYANI FORG,T ,Q,166.50,166.50,166.50,166.50,166.50,163.00,2,500,83250.00,
533302,KALYANI INV ,B ,Q,351.95,351.95,341.65,346.70,346.70,345.00,24,161,55625.00,
500235,KALYANI STEL,B ,Q,57.50,58.50,54.35,54.70,54.70,57.40,1694,126871,7058376.00,
514322,KAMADGIRI   ,B ,Q,18.90,18.90,17.50,17.55,17.50,17.25,14,65,1212.00,
532468,KAMAHOLDING ,B ,Q,342.55,358.85,340.10,347.85,357.00,342.55,8,74,25513.00,
511131,KAMAN HSG   ,B ,Q,34.60,35.00,32.55,34.20,33.35,33.00,33,3413,115791.00,
526668,KAMAT HOTELS,B ,Q,121.05,122.95,121.05,122.95,122.95,122.90,3,115,13930.00,
532741,KAMDHENU    ,B ,Q,14.95,15.85,14.76,15.80,15.85,14.30,28,4002,60048.00,
506184,KANANI IND  ,B ,Q,100.00,106.00,99.80,104.95,99.80,105.00,6,700,72970.00,
530165,KANCHAN INT.,B ,Q,38.85,38.85,38.85,38.85,38.85,40.85,12,945,36713.00,
590084,KANCO ENTER ,B ,Q,2.57,2.57,2.57,2.57,2.57,2.70,1,10,25.00,
521242,KANDAGIRI SP,B ,Q,62.90,63.00,61.80,62.35,63.00,65.00,6,775,48322.00,
500236,KANEL OILEXP,T ,Q,1.95,1.95,1.95,1.95,1.95,2.05,2,103,200.00,
532367,KANIKA INFO.,B ,Q,0.20,0.21,0.20,0.20,0.20,0.21,5,8280,1686.00,
506525,KANORIA CHEM,B ,Q,35.00,35.75,35.00,35.60,35.50,34.55,48,17088,605139.00,
507779,KANPUR PLAST,B ,Q,31.70,32.90,31.60,31.95,31.95,32.00,28,4073,130835.00,
500165,KANSAI NERO ,B ,Q,900.00,900.00,886.00,894.85,887.00,895.15,27,525,469725.00,
590053,KAR MOBILES ,B ,Q,134.25,143.00,133.05,134.25,139.00,139.50,16,332,45063.00,
533451,KARMA ENERG ,B ,Q,11.00,11.00,11.00,11.00,11.00,10.52,2,500,5500.00,
512585,KARMA ISP   ,B ,Q,12.09,12.53,12.09,12.28,12.28,12.33,298,438739,5360786.00,
532652,KARNATAKA BK,B ,Q,81.50,83.80,80.80,83.50,83.50,81.25,665,65951,5426041.00,
531363,KARUR KCP PK,B ,Q,24.10,24.50,23.75,23.75,23.75,24.85,11,1048,25183.00,
590003,KARUR VY(PS ,B ,Q,395.65,399.90,392.35,398.55,399.55,394.10,159,2310,916835.00,
531687,KARUTURI GLO,B ,Q,3.60,3.71,3.60,3.66,3.66,3.64,153,156647,574744.00,
530977,KATWA UDYOG ,B ,Q,13.61,13.61,13.31,13.31,13.31,14.00,3,100,1349.00,
532925,KAUSHAL INFR,B ,Q,8.22,8.22,7.93,7.99,7.93,8.34,35,7540,61109.00,
532899,KAVERI SEED ,B ,Q,840.00,863.00,831.15,856.00,854.00,832.45,260,3712,3167218.00,
590041,KAVERI TELE ,B ,Q,223.00,223.00,219.00,221.80,221.80,219.30,506,25551,5650953.00,
530255,KAY POW PAP ,B ,Q,5.68,6.30,5.64,5.69,5.71,5.94,12,17305,106412.00,
504084,KAYCEE IND  ,B ,Q,3033.00,3178.80,3003.30,3175.00,3175.00,3030.05,8,12,37048.00,
526067,KCCLPLASTC  ,B ,Q,19.25,19.75,18.50,18.70,18.70,18.90,170,264488,4997496.00,
590066,KCP LTD     ,B ,Q,32.65,32.65,30.60,31.00,31.40,32.60,137,54497,1727063.00,
533192,KCP SUGAR IN,B ,Q,19.00,19.10,18.80,18.85,18.80,18.95,35,6833,129080.00,
532054,KDDL LTD    ,B ,Q,120.50,130.95,120.50,125.00,125.00,123.50,9,1062,133271.00,
532291,KDL BIOTECH ,B ,Q,3.40,3.40,3.36,3.39,3.39,3.24,7,2048,6929.00,
532714,KEC INTERN  ,B ,Q,56.50,56.95,54.10,55.25,54.80,56.35,263,31144,1729672.00,
518011,KEERTHI     ,T ,Q,26.30,26.45,26.30,26.45,26.45,25.20,4,520,13717.00,
517569,KEI INDUST. ,B ,Q,15.95,16.85,15.80,16.05,16.05,15.55,551,90764,1484935.00,
506528,KELTECH EN. ,B ,Q,222.00,222.00,222.00,222.00,222.00,202.65,1,251,55722.00,
531163,KEMISTAR    ,T ,Q,5.53,5.53,5.53,5.53,5.53,5.27,1,100,553.00,
526015,KEMROCK IND.,B ,Q,105.30,105.30,105.30,105.30,105.30,110.80,29,782,82344.00,
530547,KEN FIN.SER.,T ,Q,43.00,43.00,43.00,43.00,43.00,42.90,3,600,25800.00,
505890,KENNAMETAL  ,B ,Q,916.00,916.00,881.00,887.55,890.00,890.15,59,1027,915477.00,
530163,KERALA AYUR ,B ,Q,39.00,45.00,39.00,44.25,44.55,41.35,47,4305,186929.00,
532686,KERNEX MICRO,B ,Q,47.00,47.25,46.55,46.90,46.90,47.15,47,3890,182269.00,
507180,KESAR ENT.  ,B ,Q,45.05,45.50,45.00,45.50,45.50,45.30,10,381,17298.00,
533289,KESAR TERMI ,B ,Q,65.85,65.85,63.00,63.20,63.00,63.05,47,6043,382526.00,
502937,KESORAM IND ,B ,Q,132.75,142.35,132.75,141.45,141.45,133.00,633,32809,4550692.00,
532758,KEW INDUSTR ,T ,Q,3.10,3.28,2.99,3.14,3.18,3.14,11,320,973.00,
532732,KEWAL KIRAN ,B ,Q,603.00,619.95,590.15,613.05,616.95,603.00,135,225,136541.00,
507948,KEY CORP.LTD,T ,Q,3.92,3.92,3.92,3.92,3.92,4.11,1,300,1176.00,
532747,KFA         ,B ,Q,9.20,10.09,9.05,9.59,9.59,9.16,8929,7964546,77059750.00,
500239,KG DENIM    ,B ,Q,9.75,9.99,9.23,9.83,9.83,9.61,105,21384,203155.00,
533790,KGN ENT     ,B ,Q,296.00,305.00,261.00,284.80,284.80,288.90,351,71508,20312741.00,
531612,KGN IND LTD ,B ,Q,19.50,19.50,18.20,18.80,18.80,18.65,31,25416,476262.00,
507794,KHAITAN CHEM,B ,Q,13.50,13.75,13.50,13.51,13.51,13.50,6,1290,17456.00,
504269,KHAITAN ELEC,B ,Q,60.60,60.95,60.00,60.15,60.00,60.60,24,333,20102.00,
590068,KHAITAN INDI,B ,Q,20.70,20.70,20.70,20.70,20.70,21.75,1,100,2070.00,
531892,KHANDWALA SE,B ,Q,21.45,21.45,18.55,19.20,19.75,20.10,7,4318,82906.00,
507435,KHOD.INDIA  ,B ,Q,49.30,49.30,43.65,44.55,44.55,45.90,76,6935,314826.00,
513693,KIC METALIKS,B ,Q,117.00,117.00,116.70,116.70,116.70,111.70,2,6,701.00,
524699,KILBURN CHEM,B ,Q,23.25,24.50,23.25,23.80,23.80,23.90,12,644,15210.00,
522101,KILBURN ENGG,B ,Q,20.60,21.00,20.60,21.00,21.00,20.85,24,5955,124184.00,
523218,KILBURN OFFI,B ,Q,4.95,4.95,4.94,4.94,4.94,5.18,2,500,2470.00,
524500,KILITCH DRUG,B ,Q,80.00,89.25,79.00,85.65,85.65,77.15,4601,346213,29592996.00,
532067,KILPEST (I) ,B ,Q,9.11,10.45,9.11,10.40,10.40,9.26,11,1552,16069.00,
505190,KINETIC MOTO,B ,Q,8.95,9.00,8.40,8.40,8.42,8.70,52,5895,51051.00,
531413,KIRAN PRINT ,T ,Q,10.38,10.38,10.38,10.38,10.38,9.89,1,1,10.00,
530443,KIRAN SYNTEX,T ,Q,6.73,6.73,6.73,6.73,6.73,6.84,1,25,168.00,
961664,KIRFERROWAR ,F ,B,1.64,1.64,1.40,1.40,1.40,1.37,3,3010,4934.00,
532967,KIRI DYES   ,B ,Q,21.25,22.25,20.80,21.85,21.85,21.25,56,5604,121342.00,
500243,KIRL INDUS  ,B ,Q,300.00,302.00,300.00,302.00,302.00,300.00,7,80,24028.00,
533297,KIRL INVEST ,B ,Q,805.00,815.00,805.00,805.05,805.05,805.00,7,157,127344.00,
500241,KIRL.BROS.  ,B ,Q,131.00,136.95,129.05,133.85,133.85,131.30,47,1219,161616.00,
500245,KIRL.FERROUS,B ,Q,26.00,26.10,25.70,25.90,25.90,25.75,58,22181,574920.00,
533293,KIRLOIL ENG ,B ,Q,153.05,154.00,153.00,153.50,153.50,153.90,22,3462,531312.00,
505283,KIRLOSAR PN ,B ,Q,455.00,455.00,450.00,454.00,454.00,455.00,12,366,165968.00,
533193,KIRLOSKAR EL,B ,Q,25.60,26.00,25.00,25.45,25.45,25.20,24,3883,98624.00,
530145,KISAN MOULD.,B ,Q,19.00,19.70,19.00,19.60,19.60,19.00,16,212,4083.00,
521248,KITEX GARMEN,B ,Q,51.05,53.00,49.15,51.15,52.00,50.65,67,17913,914790.00,
530235,KJMC FIN.   ,B ,Q,18.00,18.90,18.00,18.90,18.90,18.00,6,954,17715.00,
532304,KJMCCORP    ,B ,Q,19.55,20.00,19.55,20.00,20.00,19.76,13,3788,74874.00,
530771,KLG CAPITAL ,B ,Q,26.10,27.85,26.00,26.95,26.95,28.85,16,603,15787.00,
531269,KLG SYSTEL  ,T ,Q,18.65,18.65,17.50,17.50,17.50,18.40,41,17222,303074.00,
514221,KLIFESTYLE  ,B ,Q,0.31,0.37,0.31,0.35,0.35,0.34,31,46225,16737.00,
517170,KLKELEC     ,B ,Q,9.50,9.50,9.50,9.50,9.50,9.72,1,1000,9500.00,
507598,KLRF LTD    ,T ,Q,30.00,30.00,30.00,30.00,30.00,30.10,1,1,30.00,
532673,KM SUGARMILL,B ,Q,2.65,2.65,2.35,2.39,2.40,2.30,15,2151,5302.00,
524520,KMC SHIL    ,T ,Q,1.92,2.00,1.92,2.00,2.00,2.00,2,550,1060.00,
531578,KMF BUILDERS,B ,Q,4.44,4.44,4.44,4.44,4.44,4.24,1,1,4.00,
532942,KNR CONST   ,B ,Q,110.50,113.90,110.50,110.95,110.95,110.55,120,238,26359.00,
517471,KOA TOOL IN ,B ,Q,0.24,0.27,0.21,0.24,0.27,0.25,11,14105,3272.00,
531366,KOHINOOR BRO,B ,Q,0.52,0.52,0.47,0.49,0.52,0.48,53,58045,28334.00,
512559,KOHINORFOODS,B ,Q,30.20,30.30,29.50,29.60,29.60,30.40,255,25092,747708.00,
523207,KOKUYOCMLN  ,B ,Q,33.90,33.95,33.10,33.50,33.50,33.90,60,8082,271650.00,
532924,KOLTEPATIL  ,B ,Q,38.50,38.65,38.00,38.15,38.05,38.50,60,1577,60246.00,
524280,KOPRAN LTD. ,B ,Q,16.50,16.80,16.10,16.40,16.40,16.45,275,65885,1086128.00,
511760,KOSIAN INDUS,B ,Q,5.55,5.55,5.55,5.55,5.55,5.30,5,1125,6243.00,
500247,KOTAK MAH.BK,A ,Q,570.00,576.65,568.50,572.35,571.65,574.50,1144,21043,12051897.00,
590112,KOTAK NIFTY ,B ,Q,531.10,531.10,531.10,531.10,531.10,534.00,1,1,531.00,
590107,KOTAK PSU BK,B ,Q,295.00,296.00,295.00,296.00,296.00,292.60,2,2,591.00,
532985,KOTAK SENSEX,B ,Q,183.00,183.00,175.29,178.08,177.00,176.02,22,212,37844.00,
590097,KOTAKGOLDETF,E ,Q,2956.00,2993.75,2950.00,2988.41,2985.10,2973.88,115,551,1641570.00,
507474,KOTHARI FERM,B ,Q,10.00,10.02,9.11,9.77,9.75,9.55,21,2245,22323.00,
530299,KOTHARI PROD,B ,Q,414.95,414.95,410.00,413.30,413.85,408.60,7,38,15673.00,
511138,KOTHARIFIN  ,T ,Q,87.35,87.35,87.35,87.35,87.35,83.20,1,10,873.00,
532901,KOUTONS RET ,T ,Q,6.40,6.45,6.21,6.29,6.22,6.42,89,27655,175902.00,
532400,KPIT INFOSYS,B ,Q,127.80,131.55,126.30,130.15,130.15,127.80,3698,117225,15152490.00,
530813,KRBL LTD.   ,B ,Q,22.95,23.00,22.20,22.30,22.30,22.35,236,35491,800766.00,
524518,KREBS BIOCHM,T ,Q,18.25,19.30,18.25,19.30,19.30,19.00,5,6859,125516.00,
530139,KREON FIN   ,T ,Q,15.65,15.65,15.65,15.65,15.65,15.08,1,5,78.00,
506128,KRISHNA DEEP,T ,Q,69.40,69.40,67.05,68.65,67.05,68.40,17,70000,4832425.00,
504392,KRISHNA VEN ,B ,Q,750.00,765.00,750.00,764.00,764.00,750.00,8,63,48173.00,
526423,KRITI INDUS.,B ,Q,5.70,6.29,5.70,6.29,6.29,5.80,7,2000,11990.00,
533210,KRITI NUTRI ,B ,Q,4.84,4.84,4.30,4.30,4.30,4.16,8,601,2657.00,
523550,KRYPTON IND ,B ,Q,14.80,15.00,14.70,14.98,14.70,14.18,17,6326,94669.00,
500249,KSB PUMPS   ,B ,Q,204.55,205.00,204.30,204.55,204.30,206.25,4,25,5113.00,
519421,KSE LIMITED ,B ,Q,218.00,224.50,215.00,217.45,215.05,224.00,50,534,116496.00,
532081,KSERASERA   ,T ,Q,2.85,2.88,2.75,2.81,2.88,2.79,273,610776,1710414.00,
532997,KSK ENERGY  ,B ,Q,58.10,59.15,57.95,58.70,58.70,58.40,34,4280,250309.00,
530149,KSL & IND.  ,B ,Q,66.90,67.00,65.05,66.60,65.05,66.35,80,8401,558076.00,
532937,KUANTUM     ,B ,Q,27.80,28.00,27.05,28.00,28.00,27.50,8,271,7373.00,
505299,KULK-POWER  ,B ,Q,30.80,33.00,30.80,32.50,32.45,33.65,5,105,3242.00,
526869,KUMBHAT FIN.,T ,Q,2.50,2.50,2.50,2.50,2.50,2.63,1,100,250.00,
523594,KUNSTSTOFFE ,T ,Q,5.99,6.10,5.99,5.99,5.99,6.30,16,6701,40171.00,
530421,KUWER INDS. ,T ,Q,9.04,9.86,9.04,9.04,9.04,9.51,6,1000,9122.00,
531206,KWALITY CRED,T ,Q,104.65,108.85,104.65,106.65,108.85,106.75,73,4169,445403.00,
531882,KWALITY DAIR,B ,Q,31.50,32.35,31.20,31.30,31.30,32.00,336,31564,995501.00,
500250,L.G.BALKRISH,B ,Q,254.10,256.00,248.70,250.55,250.55,249.05,161,615,153570.00,
524202,LACTOSE(I)  ,T ,Q,8.84,8.84,8.00,8.00,8.00,8.42,6,147,1230.00,
524522,LAFFANS PETR,B ,Q,8.51,9.53,8.50,8.69,8.56,8.67,36,15927,141125.00,
531842,LAHOTI OVER.,B ,Q,6.07,6.30,6.07,6.27,6.30,6.29,6,1529,9554.00,
526049,LAKHMI COT  ,B ,Q,78.70,81.85,75.00,76.80,76.80,79.40,1742,137483,10850681.00,
504258,LAKSHMI ELEC,B ,Q,211.00,211.00,210.00,211.00,211.00,210.00,4,131,27635.00,
500252,LAKSHMI MACH,B ,Q,1990.00,2007.75,1982.00,1985.45,1987.00,1989.40,145,649,1291696.00,
502958,LAKSHMI MILL,B ,Q,1456.25,1544.00,1456.25,1544.00,1544.00,1500.00,2,2,3000.00,
519570,LAKSHMI OVER,B ,Q,18.45,18.45,16.65,17.05,17.25,17.30,160,15152,257571.00,
506079,LAKSHMI PREC,B ,Q,35.80,38.00,35.80,36.35,36.30,36.95,14,251,9139.00,
590069,LAKSHMI VILA,B ,Q,71.25,71.50,70.00,71.20,71.15,74.50,144,7861,558540.00,XD
590075,LAMBODHARA T,B ,Q,94.00,95.00,94.00,94.75,94.15,94.00,36,4907,463134.00,
513605,LANCO INDUS.,B ,Q,22.40,23.95,22.30,22.50,22.75,22.75,172,11687,267752.00,
532778,LANCO INFRA ,A ,Q,10.89,11.11,10.76,11.04,11.04,10.79,3015,2810509,30652748.00,
509048,LANCOR HOLDS,B ,Q,43.00,47.80,43.00,43.35,43.35,44.00,32,3859,170419.00,
532275,LANDMARC LEI,B ,Q,0.32,0.37,0.32,0.35,0.35,0.36,10,3486,1230.00,
533012,LANDMRK PRO ,B ,Q,1.80,2.00,1.80,2.00,2.00,1.90,132,12048,24081.00,
526947,LA-OPALA RG ,B ,Q,123.25,124.00,123.25,124.00,124.00,124.50,2,195,24105.00,
500510,LARSEN & TOU,A ,Q,1348.80,1368.00,1342.50,1363.80,1363.80,1353.25,6692,158434,215156685.00,
532829,LAWRESHWAR  ,B ,Q,7.42,7.42,6.40,6.50,6.40,6.75,29,5184,35214.00,
505302,LAXMI AUTOLM,T ,Q,24.50,24.50,24.50,24.50,24.50,24.95,2,26,637.00,
947781,LDL06FEB12  ,F ,D,837400.00,837500.00,837400.00,837500.00,837500.00,835437.50,3,8,6699900.00,
531134,LE WATERINA ,B ,Q,3.02,3.30,3.02,3.04,3.25,3.17,62,35278,108010.00,
508306,LEDO TEA CO ,B ,Q,89.55,89.55,81.10,86.00,86.00,85.30,5,2005,169238.00,
517415,LEE&NEE SOFT,B ,Q,5.00,5.09,4.90,4.90,5.00,4.95,51,9361,46298.00,
533602,LESHAIND    ,B ,Q,18.80,18.90,18.50,18.90,18.90,18.00,45,30867,580899.00,
533007,LGB FORGE   ,B ,Q,2.45,2.45,2.37,2.38,2.38,2.41,8,8100,19265.00,
530273,LIBERTY PHOS,B ,Q,67.25,70.00,67.25,69.80,69.50,68.50,40,5666,394299.00,
526596,LIBERTY SHOE,B ,Q,97.80,101.90,96.35,101.65,101.90,97.05,222,9139,915789.00,
511593,LIBORD INFO.,B ,Q,9.15,9.15,9.15,9.15,9.15,9.12,6,800,7320.00,
531027,LIBORD SEC  ,B ,Q,8.50,8.50,8.00,8.50,8.50,8.40,5,1000,8300.00,
500253,LIC HOUS.FIN,A ,Q,245.00,245.00,235.60,240.70,240.70,239.45,7077,224671,53838646.00,
531241,LINC PEN &PL,B ,Q,43.15,43.15,42.75,42.75,42.75,43.50,4,423,18174.00,
531633,LINCOLN PHAR,B ,Q,26.55,27.55,26.20,26.65,26.20,27.30,23,4518,121315.00,
524748,LINK PHARMA ,B ,Q,5.20,5.95,5.09,5.93,5.95,5.62,6,213,1090.00,
512349,LINKHOUSE IN,B ,Q,0.70,0.70,0.70,0.70,0.70,0.68,1,500,350.00,
508982,LINKSON I   ,T ,Q,78.75,78.75,78.75,78.75,78.75,75.00,1,10,787.00,
590096,LIQUIDBEES  ,E ,Q,999.99,1000.01,999.99,999.99,999.99,1000.00,237,7510,7509947.00,
507912,LKP FIN     ,B ,Q,58.00,58.00,58.00,58.00,58.00,58.25,6,1000,58000.00,
517518,LLOYD ELECT.,B ,Q,50.50,50.50,49.20,49.40,49.40,50.15,245,7245,359887.00,
500254,LLOYD STEEL ,B ,Q,10.67,10.94,10.67,10.85,10.85,10.86,71,44613,483812.00,
507870,LLOYDS FIN. ,B ,Q,0.70,0.71,0.70,0.70,0.71,0.69,3,800,565.00,
512455,LLOYDS MET E,B ,Q,17.85,19.25,17.10,19.00,19.25,18.90,39,2438,43531.00,
500255,LML LTD.    ,B ,Q,6.25,6.26,6.20,6.24,6.24,6.19,34,15607,97378.00,
530745,LNIND       ,T ,Q,6.29,6.61,5.99,6.61,6.61,6.30,13,659,4113.00,
533519,LNT FH      ,A ,Q,43.00,43.50,42.65,43.25,43.25,42.90,581,105830,4548668.00,
934790,LNTF 2010AI ,F ,D,990.00,990.00,985.03,985.03,985.03,988.00,5,140,138505.00,
532341,LOGIX MICRO.,B ,Q,18.25,19.60,17.00,19.60,19.05,19.85,66,16523,307716.00,
500256,LOK.HOUS&CON,B ,Q,12.50,13.34,12.20,13.10,13.10,12.71,69,13680,173757.00,
532740,LOKESH MACH ,B ,Q,31.00,31.05,31.00,31.05,31.05,31.35,2,150,4652.00,
526568,LONGVIEW TEA,T ,Q,12.77,14.10,12.77,14.00,14.00,13.44,14,2614,33408.00,
530039,LORDS CHEM. ,B ,Q,14.95,15.10,14.40,15.00,15.00,14.40,21,6009,90451.00,
500284,LORDS CHLORO,T ,Q,13.60,14.00,13.60,14.00,14.00,13.55,2,20,276.00,
523475,LOTUS CHOC  ,B ,Q,28.10,28.65,27.75,28.15,28.15,28.35,15,1428,40351.00,
532998,LOTUS EYE   ,B ,Q,7.90,7.95,7.80,7.95,7.95,7.89,9,770,6054.00,
533343,LOVABLE     ,B ,Q,326.00,329.00,322.80,327.25,327.25,325.10,782,27808,9074722.00,
514036,LOY.TEX MILL,B ,Q,169.00,170.00,169.00,170.00,170.00,170.00,6,2013,342188.00,
934781,LTFINNCDI   ,F ,D,1001.00,1014.90,1000.00,1006.99,1006.99,1002.00,8,102,102159.00,
934782,LTFINNCDII  ,F ,D,1039.98,1039.98,1022.50,1030.90,1030.90,1021.51,7,71,73023.00,
934783,LTFINNCDIII ,F ,D,1308.00,1309.90,1307.80,1309.90,1309.90,1308.00,9,327,428276.00,
934784,LTFINNCDIV  ,F ,D,1063.00,1078.55,1060.54,1061.46,1060.54,1062.00,20,519,555257.00,
526179,LUDOLOW JUTE,B ,Q,29.75,29.75,27.10,27.75,27.75,28.50,29,4252,118278.00,
532796,LUMAX AUTO  ,B ,Q,144.95,145.00,144.00,144.45,144.45,145.10,212,482,69626.00,
532537,LUMAX AUTO  ,B ,Q,23.75,23.75,23.75,23.75,23.75,24.00,1,10,237.00,
517206,LUMAX IND   ,B ,Q,377.55,386.95,377.55,386.00,386.00,387.40,22,85,32787.00,
526045,LUMINAIRE TE,B ,Q,39.00,39.80,39.00,39.75,39.75,39.75,65,151530,6016794.00,
500257,LUPIN LTD.  ,A ,Q,590.20,598.80,586.00,594.55,594.55,589.10,1607,39531,23505468.00,
531402,LWS KNITWEAR,T ,Q,5.90,5.90,5.90,5.90,5.90,6.20,5,1285,7581.00,
500259,LYKA LABS   ,B ,Q,9.15,9.30,9.10,9.30,9.30,9.20,11,1151,10509.00,
530689,LYKISLTD    ,T ,Q,13.33,13.33,12.50,13.29,12.50,12.70,7,2102,27988.00,
534532,LYPSA GEMS  ,B ,Q,123.50,125.00,117.50,118.60,117.50,124.05,49,9733,1192541.00,
532720,M&M FINANSER,A ,Q,745.00,749.90,740.00,742.30,742.00,747.25,172,32896,24497893.00,
522241,M.M.FORGINGS,B ,Q,88.15,88.15,85.10,87.00,87.00,88.35,25,65,5710.00,
590115,M50 ETF     ,B ,Q,70.00,70.40,69.40,69.95,70.00,69.15,147,3804,265490.00,
532906,MAANALU     ,B ,Q,24.05,24.05,24.05,24.05,24.05,24.20,1,37,889.00,
531528,MAARS SOFT. ,T ,Q,0.44,0.46,0.44,0.44,0.44,0.46,11,41560,18302.00,
507836,MAC CHARLES ,T ,Q,115.45,115.45,105.05,112.65,113.50,110.00,23,700,78056.00,
523248,MACHINO PLAS,B ,Q,38.25,38.25,38.25,38.25,38.25,39.40,1,50,1912.00,
515093,MADHAV MARB.,B ,Q,19.40,19.40,18.10,18.40,18.40,18.00,20,1862,34571.00,
531497,MADHUCON PRJ,B ,Q,31.05,31.05,29.30,29.50,29.60,29.80,111,14198,422477.00,
511638,MADHUR CAP. ,T ,Q,22.40,22.40,21.60,22.35,22.40,22.00,56,25286,553507.00,
500260,MADRAS CEM. ,B ,Q,182.50,184.65,180.25,182.55,182.55,182.15,454,14367,2620136.00,
501209,MAESTROS ME ,T ,Q,28.95,28.95,26.60,26.60,26.60,27.95,3,211,5614.00,
500264,MAFATLAL IND,B ,Q,105.00,110.00,105.00,109.20,107.00,109.00,26,1882,202491.00,
524000,MAGMA FIN   ,B ,Q,64.00,65.25,62.85,65.05,65.05,64.70,130,403,25864.00,
524270,MAGNA COL   ,T ,Q,19.75,19.75,19.75,19.75,19.75,20.75,2,5000,98750.00,
517449,MAGNA ELECTR,B ,Q,65.00,65.00,61.80,64.90,65.00,65.00,29,5341,341640.00,
530347,MAGNUM LTD. ,B ,Q,8.12,8.12,7.96,8.10,8.10,8.12,12,2641,21305.00,
532896,MAGNUM VENT ,B ,Q,3.10,3.10,3.04,3.09,3.09,2.86,5,210,638.00,
500520,MAH & MAH   ,A ,Q,751.20,765.85,751.20,760.95,760.95,757.30,2103,69566,52892300.00,
533088,MAH HOLIDAY ,B ,Q,269.00,272.00,267.20,270.45,270.50,270.65,82,912,246067.00,
500266,MAH.SCOOTER ,B ,Q,340.00,343.95,337.65,342.00,342.00,340.00,23,1267,430832.00,
500265,MAH.SEAMLESS,B ,Q,329.55,329.55,325.75,328.50,328.50,329.55,26,383,125435.00,
505523,MAHA CORP   ,T ,Q,7.25,7.32,6.96,6.96,6.96,7.32,11,23972,171311.00,
513554,MAHA STEEL  ,B ,Q,26.25,26.25,25.00,25.00,25.00,25.00,5,1740,45430.00,
524232,MAHA.POLYBUT,B ,Q,13.25,13.25,12.20,12.93,12.97,12.84,14,1190,15231.00,
514450,MAHA.RUBTECH,B ,Q,4.70,4.70,4.30,4.38,4.38,4.50,85,67443,295060.00,
500108,MAHA.TELE   ,B ,Q,37.80,38.15,37.30,37.65,37.65,37.65,2350,862737,32473552.00,
519612,MAHAAN FOODS,B ,Q,20.20,20.20,18.50,18.50,18.50,19.45,18,2003,37207.00,
513460,MAHALAXMI SM,T ,Q,6.83,6.83,6.83,6.83,6.83,6.51,2,100,683.00,
531515,MAHAN IND.  ,T ,Q,1.44,1.44,1.32,1.38,1.33,1.38,24,4929,6976.00,
530059,MAHARAJA SHR,B ,Q,127.50,127.70,120.00,123.20,123.20,126.50,30,3230,397759.00,
590117,MAHAVEER INF,B ,Q,8.08,8.08,7.37,7.40,7.40,7.74,11,2273,17248.00,
531664,MAHAVIR IMPE,B ,Q,1.65,1.67,1.45,1.45,1.67,1.58,30,20415,30191.00,
524138,MAHIN COMP  ,B ,Q,45.50,48.70,45.45,45.55,45.55,47.00,12,477,21754.00,
532756,MAHIND FORG ,B ,Q,53.90,54.70,53.55,54.30,54.30,53.55,50,4561,246021.00,
504823,MAHIND.UGINE,B ,Q,47.30,48.45,47.30,47.55,47.55,47.85,31,1072,51041.00,
532313,MAHINDRALIFE,B ,Q,349.55,350.55,341.40,343.25,345.00,347.80,59,268,92302.00,
590078,MAITHAN ALL ,B ,Q,89.00,91.95,89.00,91.80,91.80,88.15,4,139,12379.00,
500267,MAJESTIC AUT,B ,Q,53.50,53.50,53.45,53.45,53.45,54.05,6,100,5345.00,
506919,MAKERS LAB. ,B ,Q,19.45,19.45,18.00,19.45,19.45,18.90,4,607,11160.00,
532728,MALU PAPER  ,B ,Q,9.75,10.48,9.60,10.31,10.45,9.74,37,5684,57340.00,
502995,MALWA COTTON,B ,Q,17.25,17.30,17.25,17.30,17.30,16.90,4,1525,26378.00,
532637,MAN DRUGORG ,B ,Q,7.01,7.01,7.00,7.00,7.00,7.15,2,50,350.00,
513269,MAN IND.(I) ,B ,Q,102.65,103.90,101.00,101.90,102.05,102.65,51,1615,165272.00,
533169,MAN INFRA   ,B ,Q,185.00,185.95,183.70,184.30,184.30,184.95,76,13646,2521872.00,
532932,MANAKSIA LTD,B ,Q,39.85,39.85,38.90,39.75,39.75,39.30,15,253,9997.00,
500268,MANALI PETRO,B ,Q,10.25,10.35,9.93,10.24,10.25,10.00,195,24073,244531.00,
531213,MANAP FIN   ,A ,Q,34.85,35.00,34.30,34.80,34.80,34.85,602,199020,6902470.00,
533204,MANDHANA    ,B ,Q,221.50,225.00,221.15,221.60,221.60,222.75,607,57044,12658674.00,
502157,MANGALAM CEM,B ,Q,127.25,128.80,125.45,128.35,127.20,127.25,203,1472,186554.00,
516007,MANGALAM TIM,B ,Q,20.95,21.65,20.95,21.55,21.55,19.70,13,1520,32604.00,
530011,MANGLR.CHEM ,B ,Q,44.00,44.75,43.65,44.05,44.05,44.00,588,85778,3778656.00,
533078,MANJEERA    ,B ,Q,96.00,96.00,95.00,95.00,95.00,96.00,26,4029,382780.00,
532950,MANJUSHRE   ,B ,Q,76.55,77.45,75.15,75.65,75.65,77.90,59,4753,361173.00,
505324,MANUGRAPH IN,B ,Q,46.60,46.80,46.25,46.55,46.50,46.50,10,2251,104723.00,
521018,MARAL OVERS ,B ,Q,9.30,9.97,9.30,9.49,9.63,9.40,28,2829,26833.00,
503101,MARATHON NEX,B ,Q,132.30,138.75,130.30,132.05,136.60,135.85,10,216,28584.00,
513544,MARDIA SAMYG,T ,Q,2.23,2.23,2.23,2.23,2.23,2.13,1,100,223.00,
530543,MARG LTD    ,B ,Q,78.05,78.80,77.95,78.55,78.55,78.30,78,9133,715726.00,
531642,MARICOLTD   ,A ,Q,204.20,207.50,202.05,206.35,207.45,203.60,583,31543,6486739.00,
526891,MARKET CREAT,B ,Q,6.24,6.24,6.24,6.24,6.24,6.56,3,102,636.00,
524404,MARKSANS    ,B ,Q,1.48,1.49,1.39,1.43,1.43,1.46,69,168355,240673.00,
513355,MARMAGOA ST.,T ,Q,1.44,1.44,1.44,1.44,1.44,1.46,9,501,721.00,
517467,MARSONS     ,B ,Q,8.20,8.40,7.85,8.13,8.15,7.84,255,172234,1383143.00,
531540,MARUTI INFRA,B ,Q,12.72,12.72,12.72,12.72,12.72,12.86,1,10,127.00,
531319,MARUTI SEC. ,B ,Q,3.97,3.97,3.97,3.97,3.97,3.79,2,2,7.00,
532500,MARUTISUZUK ,A ,Q,1163.00,1175.00,1147.30,1172.65,1172.65,1158.95,1508,29196,33939559.00,
523704,MASTEK LTD  ,T ,Q,125.05,128.80,124.15,125.55,125.55,129.00,152,7756,978467.00,
511768,MASTER TRUST,T ,Q,44.00,45.00,44.00,45.00,45.00,44.40,2,101,4445.00,
511688,MATHEW EASOW,B ,Q,55.05,57.50,53.50,54.00,54.00,57.70,43,20498,1129324.00,
512167,MATRA REALT ,T ,Q,1.06,1.06,1.06,1.06,1.06,1.11,2,200,212.00,
590083,MAVENS BIO  ,B ,Q,1.77,1.79,1.71,1.79,1.79,1.76,13,9467,16504.00,
523371,MAWANA SUGAR,B ,Q,13.75,14.28,13.75,14.28,14.28,13.60,18,1834,25910.00,
500271,MAX INDIA   ,A ,Q,179.05,180.80,177.50,179.75,179.75,179.55,216,14340,2559800.00,
534338,MAXHEIGHTS  ,B ,Q,60.00,62.40,60.00,61.00,61.00,61.20,81,4158,251169.00,
526538,MAXIMAA SYST,B ,Q,4.18,4.18,4.17,4.17,4.17,4.38,10,6120,25540.00,
532613,MAXWEL      ,B ,Q,20.00,20.00,19.10,19.20,19.20,19.45,36,5850,112825.00,
531680,MAYUR LEATHR,B ,Q,31.45,31.45,30.25,30.30,30.30,31.80,18,1928,58552.00,
522249,MAYUR UNIQ. ,B ,Q,403.00,403.00,400.05,402.00,403.00,400.60,75,7177,2882670.00,
523792,MAZDA LTD   ,B ,Q,94.00,96.00,94.00,94.25,94.25,94.85,27,1226,115734.00,
533644,MB SWITCH   ,T ,Q,127.50,132.95,125.00,131.25,132.95,127.50,21,3011,389238.00,
533152,MBL INFRA   ,B ,Q,161.00,164.95,154.15,159.70,163.95,157.60,112,8005,1247922.00,
532852,MCD HOLDING ,B ,Q,64.80,65.85,63.90,65.85,65.85,62.75,362,9315,610946.00,
532654,MCLEOD RUSSE,B ,Q,323.00,323.00,319.40,321.90,321.90,320.05,285,8811,2829312.00,
532629,MCNALLYB    ,B ,Q,93.00,94.35,92.45,93.40,93.40,94.25,57,1443,134723.00,
534091,MCX LTD     ,B ,Q,1171.50,1171.50,1153.15,1162.55,1162.55,1167.90,958,10450,12144509.00,
523144,MEDI CAPS   ,T ,Q,45.15,46.50,45.15,46.50,46.50,44.50,2,113,5119.00,
512267,MEDIA MATRIX,B ,Q,3.77,4.11,3.76,4.11,4.11,3.92,6,1699,6763.00,
503685,MEDIA ONE   ,B ,Q,86.40,86.40,81.75,84.50,81.75,85.90,39,8157,678096.00,
531146,MEDICAMEN BI,B ,Q,12.20,12.74,12.01,12.74,12.74,12.19,8,1628,20074.00,
531417,MEGA CORPN. ,B ,Q,0.33,0.33,0.33,0.33,0.33,0.32,1,640,211.00,
532408,MEGASOFT LTD,B ,Q,8.15,8.55,8.10,8.43,8.55,8.30,29,9060,74918.00,
532865,MEGHMANI    ,B ,Q,8.21,8.35,8.20,8.23,8.20,8.26,28,5350,44142.00,
511367,MEGLON      ,B ,Q,6.22,6.22,6.22,6.22,6.22,6.54,2,39,242.00,
532307,MELSTAR INFO,B ,Q,7.46,7.46,7.46,7.46,7.46,7.85,2,200,1492.00,
523828,MENON BEAR. ,B ,Q,43.00,43.65,42.60,42.80,42.80,42.65,12,610,26217.00,
531727,MENON PISTON,B ,Q,97.00,97.00,91.40,96.95,96.95,95.00,4,504,46087.00,
526235,MERCATOR    ,B ,Q,18.90,19.30,18.90,19.15,19.15,18.90,349,70096,1337644.00,
500126,MERCK LTD   ,B ,Q,625.00,652.00,625.00,638.40,638.40,624.05,355,3170,2025011.00,
532990,METKORE     ,B ,Q,12.50,13.30,11.55,13.15,13.00,12.20,188,58585,726705.00,
934830,MFINNCD1B   ,F ,D,998.00,1000.00,998.00,999.00,999.00,998.96,5,54,53946.00,
934832,MFINNCD1D   ,F ,D,983.00,983.00,983.00,983.00,983.00,985.00,1,4,3932.00,
934834,MFINNCD1F   ,F ,D,956.00,958.75,955.50,957.00,957.00,956.00,38,859,821643.00,
961723,MFINNCD2A   ,F ,B,1059.00,1060.00,1055.00,1059.95,1060.00,1057.00,6,215,227877.00,
961724,MFINNCD2B   ,F ,B,1060.00,1061.00,1060.00,1061.00,1061.00,1056.01,3,27,28625.00,
961725,MFINNCD2C   ,F ,B,1055.00,1055.00,1050.00,1050.00,1050.00,1067.15,2,100,105050.00,
961726,MFINNCD2D   ,F ,B,1075.00,1085.00,1070.01,1080.05,1080.00,1080.00,9,70,75502.00,
526622,MFL INDIA   ,B ,Q,7.24,7.45,6.88,7.45,7.45,7.24,14,12279,85993.00,
934826,MFLNCD1     ,F ,D,1112.10,1112.10,1112.10,1112.10,1112.10,1110.00,1,3,3336.00,
934828,MFLNCD3     ,F ,D,983.00,984.00,982.01,983.31,983.00,983.91,29,728,715823.00,
534185,MGOLD       ,E ,Q,3150.00,3180.00,3150.00,3161.50,3151.00,3150.00,11,16,50725.00,
532850,MIC ELECTRON,B ,Q,4.50,4.90,4.50,4.64,4.75,4.67,84,25745,119195.00,
532494,MICRO TECHO ,B ,Q,51.30,53.00,49.00,49.80,50.00,51.30,358,63840,3195572.00,
533259,MICROSECFIN ,B ,Q,26.35,27.00,26.15,26.60,26.60,27.00,20,436,11565.00,
532416,MID-DAY MULT,B ,Q,2.60,2.75,2.60,2.60,2.60,2.60,28,5795,15151.00,
533220,MIDFIELD    ,B ,Q,41.55,41.55,39.90,40.70,40.50,41.20,116,33419,1354117.00,
507621,MILKFOOD    ,B ,Q,84.05,85.00,84.00,84.85,84.85,83.90,5,160,13490.00,
526143,MILTON PLAST,T ,Q,9.08,9.90,9.07,9.90,9.90,9.50,6,415,3778.00,
522235,MINAL IND   ,T ,Q,4.69,4.69,4.69,4.69,4.69,4.47,1,1,4.00,
531456,MINAXI TEXT.,B ,Q,0.59,0.69,0.49,0.67,0.67,0.60,58,37062,23787.00,
532539,MINDA IND   ,B ,Q,168.00,175.00,168.00,174.50,175.00,174.10,5,45,7775.00,
532819,MINDTREE LTD,B ,Q,667.25,674.95,663.25,664.85,664.85,664.95,360,4044,2709018.00,
530955,MINDVISCAP  ,T ,Q,4.90,5.08,4.90,5.08,5.08,4.99,9,10210,50048.00,
513377,MINERAL&METL,A ,Q,754.80,765.05,741.00,744.50,744.50,750.65,4631,94475,71048757.00,
532164,MINOLTA FIN.,T ,Q,7.22,7.22,7.22,7.22,7.22,7.36,7,1306,9429.00,
500279,MIRC ELECT  ,B ,Q,11.60,11.88,11.11,11.25,11.25,11.49,240,66513,750223.00,
526642,MIRZA INTER ,B ,Q,17.30,17.30,17.05,17.20,17.20,17.30,75,20611,354220.00,
532127,MOBILE TELE ,T ,Q,4.25,4.58,4.25,4.27,4.58,4.38,4,1600,6833.00,
519287,MODERN DAIRI,B ,Q,10.85,11.44,10.85,11.36,11.38,11.17,28,4072,45863.00,
503015,MODERN INDIA,B ,Q,29.00,29.00,29.00,29.00,29.00,29.40,1,5,145.00,
513303,MODERN STEEL,B ,Q,12.29,12.29,11.05,11.83,11.50,11.30,14,2186,24988.00,
500890,MODI RUBBER ,B ,Q,24.95,25.90,24.95,25.90,25.90,25.95,4,350,8922.00,
519003,MODINATURAL ,B ,Q,13.80,13.80,13.45,13.45,13.45,14.10,3,1000,13607.00,
506261,MODISON MET.,B ,Q,39.00,40.40,39.00,40.00,40.00,40.00,65,86232,3475879.00,
531453,MOHIT INDUS.,B ,Q,54.00,56.20,52.00,52.75,52.75,52.95,302,84573,4508745.00,
533286,MOIL LTD    ,A ,Q,243.00,243.00,238.00,240.70,240.70,241.35,826,10509,2521477.00,
526263,MOLD-TEK TEC,B ,Q,41.60,42.30,40.95,41.80,41.45,40.60,67,4141,173316.00,
533080,MOLDTKPACK  ,B ,Q,51.50,52.00,49.50,51.00,51.00,51.15,75,9853,502790.00,
531595,MONEY MAT F ,B ,Q,95.00,95.00,82.00,85.00,85.05,85.40,46,3200,277155.00,
513446,MONNETISPA  ,B ,Q,290.00,298.00,288.10,296.65,298.00,290.50,55,899,264004.00,
505343,MONOTYPE IND,T ,Q,145.40,145.40,145.40,145.40,145.40,138.50,2,100,14540.00,
524084,MONSANTO (I),B ,Q,639.70,639.70,627.00,630.95,630.95,635.30,98,911,575945.00,
530033,MOONBEAM IND,T ,Q,6.80,6.90,6.66,6.66,6.66,7.00,4,1800,12248.00,
530167,MOONGIPA CAP,T ,Q,5.37,5.92,5.37,5.92,5.92,5.64,3,400,2203.00,
500288,MOREPEN LAB.,B ,Q,3.35,3.49,3.35,3.43,3.45,3.36,55,13891,47283.00,
523160,MORGAN CRU  ,B ,Q,357.25,358.00,356.00,358.00,358.00,356.00,6,230,82047.00,
513305,MORYO IND   ,T ,Q,28.10,28.10,28.10,28.10,28.10,26.80,2,200,5620.00,
532407,MOSCHIP SEMI,B ,Q,3.91,3.99,3.86,3.98,3.99,3.99,13,4692,18363.00,
517140,MOSER BEAR  ,B ,Q,5.95,5.95,5.66,5.76,5.76,5.88,496,237189,1369218.00,
517334,MOTHERSON SS,A ,Q,191.00,193.75,187.95,190.95,190.95,190.40,623,121338,23238794.00,
532892,MOTILALOFS  ,B ,Q,94.00,94.00,93.00,93.00,93.00,93.00,3,50515,4748395.00,
531096,MOUNT EVERES,B ,Q,91.65,97.50,90.55,96.00,96.00,91.85,1047,130530,12390290.00,
507522,MOUNTT SHIV.,T ,Q,43.50,43.50,40.25,41.00,41.00,42.35,7,345,13941.00,
590011,MOVING PI(PS,B ,Q,1.49,1.63,1.49,1.62,1.62,1.56,24,14090,21804.00,
526299,MPHASIS LTD ,A ,Q,379.00,383.00,378.00,379.10,378.05,382.00,266,3450,1311546.00,
532440,MPS LTD     ,B ,Q,59.00,59.00,58.05,58.15,58.15,58.50,14,1901,111681.00,
500290,MRF LTD.    ,A ,Q,10111.00,10135.90,10003.25,10085.75,10085.75,10089.90,349,942,9495990.00,
532376,MRO-TEK LTD*,B ,Q,7.50,7.94,7.50,7.50,7.94,7.84,4,148,1111.00,
500109,MRPL        ,A ,Q,60.45,62.00,59.30,61.15,61.15,60.50,687,68789,4159259.00,
532650,MSP STEEL   ,B ,Q,29.90,29.90,27.20,27.30,27.60,27.95,40,1193,33095.00,
508922,MSR INDIA   ,T ,Q,65.10,65.10,65.10,65.10,65.10,62.00,1,15,976.00,
534312,MT EDUCARE  ,B ,Q,96.35,97.80,95.25,96.55,96.55,95.35,649,46693,4510909.00,
532820,MUDRA       ,B ,Q,12.90,13.15,12.60,13.11,13.15,13.15,14,740,9489.00,
532097,MUKAND ENGG.,B ,Q,22.85,23.00,22.85,22.95,22.90,22.95,30,416,9556.00,
500460,MUKAND LTD. ,B ,Q,29.40,29.40,27.50,27.85,27.55,27.40,376,22932,652403.00,
523832,MUKAT PIPES ,B ,Q,6.15,6.15,5.92,5.92,5.92,6.03,3,127,780.00,
513265,MUKESH STEEL,T ,Q,7.05,7.05,7.05,7.05,7.05,7.00,1,200,1410.00,
517374,MUKESH STRIP,T ,Q,7.10,7.10,7.10,7.10,7.10,7.00,1,300,2130.00,
532357,MUKTA ARTS  ,B ,Q,27.10,29.65,26.35,27.20,27.25,27.10,181,1518,41210.00,
700087,MUKUND CRPS ,B ,P,6.18,6.18,6.18,6.18,6.18,7.72,5,344,2125.00,
526169,MULTIBASE I ,B ,Q,32.95,33.00,31.10,32.85,33.00,31.80,4,150,4926.00,
520059,MUNAUTO     ,B ,Q,49.70,51.45,49.25,50.80,51.45,49.70,399,31868,1603574.00,
520043,MUNJAL SHOWA,B ,Q,69.10,69.50,67.10,67.40,67.40,67.80,55,5106,347539.00,
515037,MURD.CERAM  ,B ,Q,17.50,17.50,16.70,16.75,16.75,16.60,9,1075,18007.00,
519323,MURLI INDU  ,B ,Q,15.00,15.00,14.15,14.15,14.15,14.63,6,1521,22797.00,
511766,MUTHOOT CAP ,B ,Q,73.30,74.00,73.30,74.00,74.00,73.45,4,249,18336.00,
533398,MUTHOOT FIN ,A ,Q,131.00,131.75,129.15,129.75,129.75,130.85,264,44876,5869283.00,
530435,MVL IND     ,B ,Q,5.75,6.59,5.40,5.64,5.40,5.75,41,1036,6371.00,
532991,MVL LIMITED ,T ,Q,4.00,4.00,3.95,3.95,3.95,4.15,31,55869,220695.00,
532442,MWTEXX      ,B ,Q,8.00,8.00,8.00,8.00,8.00,8.16,1,50,400.00,
506734,MYS PETRO   ,B ,Q,13.80,13.80,13.80,13.80,13.80,13.16,1,1,13.00,
502405,MYSORE PAPER,B ,Q,4.51,4.77,4.37,4.49,4.49,4.59,36,48795,213840.00,
502168,N C L IND.  ,B ,Q,40.25,41.20,39.95,41.00,41.00,40.25,138,21598,876200.00,
519494,N K INDUST. ,B ,Q,40.95,42.00,40.95,41.45,42.00,40.00,17,3900,161757.00,
530897,N.G.IND.LTD.,B ,Q,73.00,74.85,73.00,74.65,74.85,71.30,5,65,4847.00,
516082,N.R.AGARWAL ,B ,Q,28.60,28.60,27.10,28.00,28.00,26.95,9,513,14105.00,
533385,N100        ,E ,Q,154.60,154.60,154.60,154.60,154.60,154.50,6,102,15769.00,
524709,NAGAR.AGRICH,B ,Q,51.15,57.85,51.15,55.00,55.00,52.70,36,3559,196174.00,
531832,NAGAR.AGRITE,T ,Q,2.83,2.83,2.57,2.57,2.57,2.70,4,600,1568.00,
532362,NAGPUR POWER,B ,Q,34.00,36.50,34.00,35.40,34.00,33.60,11,3000,104280.00,
521109,NAGREEKA EXP,B ,Q,16.30,16.30,15.85,15.85,15.85,16.15,17,3099,50024.00,
532895,NAGREKA CAP ,B ,Q,14.47,14.70,14.47,14.51,14.51,14.00,6,1430,20830.00,
532952,NAHAR CAP   ,B ,Q,46.70,46.70,45.00,46.70,46.70,46.55,4,138,6431.00,
519136,NAHAR INDUST,B ,Q,33.00,33.00,32.50,32.85,32.70,33.05,38,944,30956.00,
523391,NAHAR POLY  ,B ,Q,22.00,22.10,22.00,22.05,22.05,22.10,5,2550,56132.00,
500296,NAHAR SPG.  ,B ,Q,64.00,64.00,56.05,57.05,57.05,56.30,54,1986,112767.00,
521030,NAKODA      ,B ,Q,7.60,7.68,7.34,7.40,7.45,7.41,84,102867,760631.00,
531212,NALIN LEASE ,T ,Q,10.00,10.00,10.00,10.00,10.00,9.94,2,100,1000.00,
532256,NALWA SONS  ,B ,Q,701.15,717.90,701.10,717.35,717.35,709.90,17,122,86742.00,
532641,NANDAN EXIM ,B ,Q,26.95,29.00,26.20,26.40,26.70,26.70,57,12576,339270.00,
526739,NARMADA GEL ,B ,Q,122.05,123.95,122.05,122.30,122.30,126.00,13,442,54243.00,
531287,NAT PLASTIC ,B ,Q,15.10,15.22,14.02,15.21,15.22,14.50,26,3186,48355.00,
513179,NAT STL AGRO,B ,Q,13.80,14.00,13.35,13.78,13.78,13.62,59,15440,209769.00,
532234,NAT.ALUM    ,A ,Q,50.40,50.40,49.40,50.10,50.10,49.75,221,9874,493837.00,
500298,NAT.PEROXIDE,B ,Q,472.05,472.05,457.25,463.20,462.10,455.00,248,6673,3079978.00,
526616,NAT.PLASTIC ,B ,Q,11.75,12.25,11.50,11.99,11.99,11.46,72,4934,58534.00,
524816,NATCO PHARM ,B ,Q,352.00,352.00,347.00,347.60,347.60,349.65,102,1748,608963.00,
502407,NATH PULP   ,B ,Q,2.76,2.76,2.61,2.70,2.70,2.77,9,570,1517.00,
526576,NATH SEEDS  ,B ,Q,5.49,6.26,5.21,6.26,6.26,5.22,121,16245,97443.00,
507813,NATI. OXYGEN,B ,Q,43.10,43.20,42.70,42.70,42.70,42.00,6,162,6967.00,
523630,NATIONAL FER,B ,Q,73.00,74.45,71.45,72.65,72.65,71.85,1656,111386,8113760.00,
530119,NATRAJ PROTE,T ,Q,23.60,25.90,23.60,25.60,25.90,24.70,14,2066,52759.00,
524654,NATURAL CAPS,B ,Q,37.00,37.50,37.00,37.50,37.50,37.40,7,2604,97505.00,
513023,NAV BHAR VEN,B ,Q,159.00,187.00,155.00,168.45,167.80,161.25,1986,37802,6591720.00,
532504,NAVIN FLUORI,B ,Q,307.25,307.25,286.00,286.60,286.95,287.75,220,6249,1801984.00,
531494,NAVKAR BUILD,B ,Q,10.85,11.50,10.85,11.50,11.50,11.40,3,316,3493.00,
508989,NAVNEET PUBL,B ,Q,54.05,54.15,53.30,53.50,53.45,54.40,57,13448,720589.00,
534309,NBCC LTD    ,B ,Q,91.15,93.75,90.95,93.40,93.40,92.45,170,12695,1173253.00,
500294,NCC         ,B ,Q,32.60,33.80,31.30,33.00,33.00,32.80,956,140071,4561564.00,
531452,NCC FINANCE ,B ,Q,1.72,1.72,1.72,1.72,1.72,1.80,2,110,189.00,
530557,NCL RESEARCH,B ,Q,520.00,542.95,520.00,535.95,525.00,520.00,21,1776,943948.00,
532529,NDTV        ,B ,Q,49.00,50.90,48.35,50.20,50.30,48.70,295,12617,630707.00,
534615,NECC LTD    ,B ,Q,133.80,134.25,124.00,128.10,128.10,127.90,271,35293,4673531.00,
532649,NECTAR LIFE ,B ,Q,21.30,21.30,20.50,20.60,20.50,21.05,110,23470,488760.00,
531049,NEELKANTH RO,B ,Q,7.00,7.52,6.85,6.85,6.85,7.17,4,203,1473.00,
502893,NEEMTEK ORG ,B ,Q,94.50,94.50,91.00,94.00,94.00,90.00,8,1722,159677.00,
519560,NEHA INTER. ,B ,Q,18.25,18.75,17.80,18.00,18.00,18.25,116,30418,552720.00,
532864,NELCAST     ,B ,Q,20.50,20.60,19.80,20.20,20.30,20.20,93,9533,191972.00,
504112,NELCO LTD.  ,B ,Q,45.25,46.65,45.25,46.35,46.35,45.35,73,5058,233093.00,
523820,NEOCORP INTE,T ,Q,40.80,40.90,39.00,39.95,39.95,39.10,10,2147,85683.00,
500301,NEPC INDIA  ,B ,Q,2.11,2.27,2.11,2.25,2.25,2.21,17,5461,12257.00,
505355,NESCO LTD   ,B ,Q,651.00,654.90,637.00,644.90,642.05,649.65,97,955,615480.00,
500790,NESTLE (I)  ,A ,Q,4628.00,4670.00,4600.00,4617.15,4601.00,4601.05,235,1041,4812818.00,
532912,NET 4 INDIA ,B ,Q,59.35,59.35,59.35,59.35,59.35,62.45,8,5300,314555.00,
509040,NETLINK SOLU,B ,Q,0.81,0.85,0.81,0.85,0.85,0.85,2,600,490.00,
511658,NETTLINX LTD,B ,Q,6.14,6.14,5.80,6.11,6.14,5.85,13,139,842.00,
530811,NETVISTA INF,T ,Q,4.34,4.34,3.94,3.94,3.94,4.14,2,101,398.00,
523558,NETWORK LTD.,B ,Q,7.74,8.00,7.36,7.69,7.70,7.74,6,3951,30850.00,
511551,NETWORTH STK,B ,Q,17.20,18.00,17.20,17.20,17.20,17.15,8,1003,17252.00,
524558,NEULAND LAB.,B ,Q,118.00,123.00,118.00,120.70,120.75,117.30,989,2486,300580.00,
531959,NEWINFRA    ,T ,Q,38.20,38.20,38.20,38.20,38.20,40.20,2,70,2674.00,
532045,NEXXOFT INFO,T ,Q,8.88,8.88,8.68,8.69,8.70,9.10,43,9065,79636.00,
513683,NEYVELI LIGN,A ,Q,77.95,78.00,77.15,77.80,77.80,77.30,318,22812,1771540.00,
517554,NHCFOODS    ,B ,Q,24.50,24.65,23.80,24.25,24.65,24.15,29,6521,157649.00,
533098,NHPC        ,A ,Q,17.85,17.90,17.70,17.80,17.80,17.80,509,250577,4459114.00,
590028,NICCO COR(PS,B ,Q,1.24,1.24,1.24,1.24,1.24,1.29,1,200,248.00,
526721,NICCO PARKS ,B ,Q,16.00,16.00,15.35,15.55,15.60,15.55,9,160,2491.00,
512103,NIDHI GRANIT,T ,Q,32.15,32.15,32.15,32.15,32.15,30.70,1,25,803.00,
590103,NIFTY BEES  ,B ,Q,527.85,531.80,525.65,530.30,531.80,526.60,41,438,231891.00,
531083,NIHAR INFO  ,T ,Q,1.07,1.07,1.07,1.07,1.07,1.12,1,1,1.00,
500304,NIIT LTD.   ,B ,Q,30.90,30.90,30.20,30.45,30.45,30.55,309,27143,828441.00,
532541,NIITTECH    ,B ,Q,268.05,282.90,268.00,279.45,281.00,267.75,1096,43662,12163611.00,
531272,NIKKI GLOBAL,B ,Q,141.10,141.50,141.00,141.50,141.50,144.15,12,5325,753476.00,
530377,NILA INFRA. ,B ,Q,4.24,4.40,4.11,4.32,4.32,4.22,673,110627,475287.00,
530129,NILE LTD.   ,B ,Q,106.50,108.00,105.05,105.60,105.60,106.30,14,806,86029.00,
523385,NILKAMAL L  ,B ,Q,204.00,205.05,204.00,205.00,205.00,205.00,10,652,133658.00,
511714,NIMBSPROJ   ,B ,Q,28.75,28.75,28.75,28.75,28.75,28.70,2,2000,57500.00,
531598,NIMBUS FOOD ,B ,Q,1.00,1.05,0.99,1.04,1.04,1.05,14,6172,6202.00,
530971,NIMBUS IND. ,B ,Q,10.60,10.65,10.59,10.59,10.59,10.79,17,45000,476853.00,
504058,NIPPO BATT  ,B ,Q,306.00,306.00,300.00,304.30,305.00,300.45,39,350,106310.00,
532986,NIRAJ CEMENT,B ,Q,12.00,12.74,11.46,11.76,11.80,11.55,43,2599,30408.00,
512425,NIRAV COMMER,B ,Q,145.60,155.00,145.60,155.00,155.00,148.55,2,20,3006.00,
500307,NIRLON      ,B ,Q,48.85,48.85,47.35,47.75,47.95,48.15,44,1875,89620.00,
532789,NISSAN COPER,B ,Q,3.65,3.79,3.60,3.70,3.70,3.68,53,25322,92020.00,
532722,NITCO TILES ,B ,Q,19.25,20.00,19.20,19.95,19.95,19.60,51,3537,70479.00,
533202,NITESH EST  ,B ,Q,12.75,12.75,12.50,12.65,12.74,12.60,22,1764,22358.00,
532854,NITIN FIRE  ,B ,Q,54.75,54.80,54.10,54.35,54.35,55.10,718,161236,8787080.00,
532698,NITINSPINNER,B ,Q,7.05,7.19,7.05,7.19,7.19,7.19,4,1836,13181.00,
506532,NITTA GELA  ,B ,Q,143.00,146.00,139.00,142.85,142.85,146.20,17,1880,271760.00,
517534,NIVYAHITSL  ,T ,Q,5.39,5.48,5.08,5.44,5.35,5.34,143,241972,1301390.00,
526371,NMDC LTD    ,A ,Q,186.40,189.10,183.75,188.40,188.40,186.85,1225,34594,6437037.00,
500730,NOCIL LTD   ,B ,Q,15.10,15.20,15.00,15.10,15.10,15.10,127,47613,719181.00,
523670,NOIDA MEDI  ,B ,Q,13.00,13.15,12.21,12.74,12.75,12.07,8,1303,16684.00,
532481,NOIDA-TOLL B,B ,Q,24.40,24.70,24.40,24.55,24.55,24.30,84,11531,282669.00,
534184,NORL        ,B ,Q,5.27,5.35,5.25,5.31,5.31,5.40,56,31907,168598.00,
531465,NOUVEAU     ,B ,Q,4.25,4.25,4.25,4.25,4.25,4.47,5,2000,8500.00,
513566,NOVA IRON&ST,T ,Q,6.00,6.05,6.00,6.05,6.05,6.02,4,600,3625.00,
500672,NOVARTIS    ,B ,Q,695.00,697.00,680.15,681.75,681.75,693.10,99,2047,1402157.00,
530367,NRB BEARINGS,B ,Q,37.70,37.70,36.70,37.00,37.00,36.90,34,2956,109289.00,
503780,NRC LTD.    ,B ,Q,3.35,3.47,3.15,3.46,3.46,3.68,62,16123,51713.00,
526723,NTC INDUST  ,B ,Q,18.20,18.75,18.05,18.75,18.75,18.95,8,356,6495.00,
532555,NTPC LTD    ,A ,Q,169.00,170.70,165.85,170.40,170.40,169.35,1522,92241,15537416.00,
532798,NTWK MED INV,B ,Q,30.00,30.15,29.10,29.15,29.15,29.95,594,51114,1503143.00,
509077,NUCENT FIN. ,T ,Q,6.50,6.81,6.17,6.17,6.79,6.49,17,3011,20090.00,
531209,NUCLE.SOFT E,B ,Q,73.00,80.20,73.00,79.15,79.15,71.20,2934,192983,15092774.00,
526313,NU-TECH CORP,B ,Q,1.08,1.08,1.08,1.08,1.08,1.10,1,500,540.00,
533015,NUTEK INDIA ,B ,Q,0.68,0.69,0.68,0.68,0.68,0.67,45,192820,132194.00,
524764,NUTRAPLUS PR,B ,Q,12.52,14.40,12.52,13.15,14.39,13.21,7,303,3987.00,
512489,OASIS SECUR.,T ,Q,96.80,96.80,87.60,95.75,95.75,92.20,13,82041,7862162.00,
533273,OBEROI REAL ,A ,Q,229.35,229.35,227.05,228.95,228.95,226.55,16,613,139656.00,
519491,OCEAN AGRO  ,T ,Q,10.80,10.80,10.80,10.80,10.80,11.00,2,20,216.00,
502165,OCL INDIA   ,B ,Q,124.00,124.95,122.70,123.10,123.10,122.75,32,243,30086.00,
533008,OCL IRON&ST ,B ,Q,35.30,37.35,34.50,34.75,35.85,35.00,19,1399,48959.00,
590090,OCTANT IND  ,B ,Q,4.13,5.19,4.13,4.72,4.75,4.74,15,1463,6819.00,
521062,OCTAVE      ,B ,Q,38.45,39.55,36.60,37.60,37.60,36.20,190,100079,3792369.00,
531996,ODYSSEY CORP,T ,Q,36.50,37.00,36.40,37.00,37.00,36.60,10,1725,63132.00,
530175,ODYSSEY TECH,B ,Q,3.15,3.28,3.13,3.16,3.13,3.14,8,7814,24654.00,
500313,OIL COUNTRY ,B ,Q,48.50,48.50,48.50,48.50,48.50,47.55,2,100,4850.00,
533106,OIL INDIA   ,A ,Q,488.35,491.00,486.00,489.55,489.55,488.40,251,4088,1997881.00,
534190,OLYMPIC     ,T ,Q,42.50,44.95,41.65,43.45,44.35,43.80,26,7198,312419.00,
531092,OM MET INFRA,B ,Q,22.50,22.50,21.20,21.35,21.20,21.40,16,1250,26801.00,
520021,OMAX AUTOS. ,B ,Q,44.50,45.30,44.30,45.10,45.20,45.00,82,3102,139320.00,
532880,OMAXE LTD   ,B ,Q,152.50,152.80,150.00,150.55,150.50,151.40,672,55875,8491192.00,
519479,OMEGA AGSEED,B ,Q,12.40,13.00,12.40,13.00,13.00,12.50,2,1000,12940.00,
531496,OMKAR OVERSE,B ,Q,3.25,3.77,3.25,3.40,3.40,3.47,3,462,1524.00,
533317,OMKAR SPC   ,B ,Q,78.20,78.50,77.15,78.40,78.50,78.00,74,2990,233807.00,
532882,OMNITECH    ,B ,Q,112.00,117.70,112.00,114.90,114.25,110.60,188,6991,805466.00,
514324,OMNITEX IND.,B ,Q,20.05,20.05,20.05,20.05,20.05,19.70,8,1150,23057.00,
533632,ONELIFE CAP ,B ,Q,654.05,660.00,640.50,646.75,644.90,654.70,1220,115852,75521470.00,
500312,ONGC CORPN  ,A ,Q,270.50,274.00,268.90,271.45,271.45,272.85,2662,117226,31731209.00,
532944,ONMOBILE    ,B ,Q,35.00,35.30,34.35,34.55,34.55,35.00,1421,297448,10324775.00,
532607,ONTRACK     ,T ,Q,15.00,16.00,14.55,14.55,14.55,15.30,6,394,5910.00,
517536,ONWARD TECHN,B ,Q,42.55,45.80,42.55,45.20,44.30,43.60,167,10789,484136.00,
530135,OPTIEMUS    ,B ,Q,18.40,19.00,18.40,18.80,18.60,18.60,6,705,13180.00,
532391,OPTO CIRCUIT,A ,Q,119.00,129.35,118.45,127.85,127.85,119.70,12196,927228,116035485.00,
532466,ORACLE FIN  ,A ,Q,3030.00,3050.85,2951.00,2967.65,2967.65,3031.35,1569,64746,192386555.00,
512626,ORBIT EXPORT,B ,Q,52.00,53.00,52.00,53.00,53.00,52.00,2,450,23550.00,
532837,ORBITCO     ,B ,Q,43.00,43.80,42.60,43.25,43.25,43.10,367,25287,1093049.00,
524372,ORCHID CHEM ,B ,Q,111.95,112.30,108.65,110.65,110.65,111.15,3536,260757,28836162.00,
512097,ORGAN COMM. ,T ,Q,12.27,13.39,12.27,12.30,12.30,12.76,8,555,6878.00,
513121,ORICON ENT  ,B ,Q,27.00,27.00,25.20,26.45,26.45,26.95,54,4960,130086.00,
504879,ORIENT ABRAS,B ,Q,8.00,8.00,7.57,7.75,7.75,7.98,41,4926,38705.00,
507690,ORIENT BEVER,B ,Q,14.85,15.50,14.85,15.50,15.50,15.60,13,505,7572.00,
500314,ORIENT HOTEL,B ,Q,22.85,22.85,22.50,22.75,22.75,23.00,95,5108,116072.00,
502420,ORIENT PAPER,B ,Q,68.00,69.35,66.05,68.70,68.70,67.75,297,23953,1627373.00,
526325,ORIENT PRESS,B ,Q,107.40,107.50,101.00,101.95,101.05,107.40,30,340,35404.00,
534076,ORIENT REF  ,B ,Q,29.50,29.50,28.50,28.75,28.75,29.40,34,5965,172043.00,
506579,ORIENT.CARB.,B ,Q,112.25,118.40,112.25,117.50,117.50,112.20,37,2075,240950.00,
530365,ORIENTBELL  ,B ,Q,77.10,77.10,74.80,74.95,75.55,77.00,41,1769,133108.00,
500315,ORINTAL BANK,A ,Q,222.55,226.80,221.00,225.30,225.25,222.80,475,12559,2809321.00,
504864,ORISA SP IRS,B ,Q,230.10,241.90,230.00,241.35,241.90,243.50,28,1651,385821.00,
590086,ORISSA MINE ,B ,Q,50734.10,52300.00,50734.10,50738.65,50738.65,53404.30,1316,1671,85550581.00,
590074,ORTIN LABS  ,B ,Q,20.00,20.00,19.65,19.65,19.70,19.80,74,53863,1062128.00,
530173,OSCAR GLOBAL,B ,Q,4.32,4.32,4.32,4.32,4.32,4.12,1,5,21.00,
501179,OSCAR INV.  ,B ,Q,247.00,247.00,247.00,247.00,247.00,239.60,1,54,13338.00,
531617,OSIAN IND.  ,B ,Q,115.70,120.95,111.20,114.75,111.20,117.05,75,39029,4536262.00,
500317,OSWAL AGRO. ,B ,Q,16.50,18.25,16.50,17.65,17.75,16.75,227,67230,1175611.00,
500318,OSWAL SPG(P),B ,Q,2.20,2.20,2.14,2.20,2.20,2.25,12,4456,9700.00,
526747,P.G.FOILS   ,B ,Q,48.00,49.90,46.45,48.15,49.50,48.15,41,1933,91136.00,
500143,P.H.CAPITAL ,B ,Q,13.50,13.50,13.40,13.40,13.40,13.00,2,2,26.00,
531118,PACIFIC COTS,B ,Q,1.86,1.99,1.82,1.90,1.90,1.91,9,8180,15730.00,
523483,PACIFIC IND.,B ,Q,136.05,142.50,135.00,142.50,142.50,136.05,7,80,11116.00,
532350,PADMALAYA TE,B ,Q,2.97,2.99,2.80,2.99,2.99,2.78,8,2605,7663.00,
532827,PAGE INDUSTR,B ,Q,3055.65,3084.95,3007.15,3020.55,3011.00,3024.45,47,217,659465.00,
511306,PAL CREDIT  ,T ,Q,2.03,2.03,1.85,1.85,1.85,1.94,2,50,97.00,
511525,PAN INDIA C ,B ,Q,0.31,0.31,0.29,0.29,0.29,0.30,12,23649,6909.00,
504093,PANA ENERG  ,B ,Q,47.05,47.05,47.05,47.05,47.05,48.00,1,100,4705.00,
531349,PANACEA BIOT,B ,Q,75.15,76.10,75.05,75.35,75.10,75.45,27,815,61293.00,
524820,PANAMA PETRO,B ,Q,136.55,139.70,134.00,134.95,134.50,139.10,28,2324,314183.00,
508941,PANASON CAR ,B ,Q,139.70,141.00,139.70,141.00,141.00,141.00,6,526,73627.00,
523307,PANASONIC   ,B ,Q,84.95,84.95,81.25,81.80,81.25,83.15,31,789,64688.00,
531816,PANORAM UNI ,B ,Q,8.31,8.97,8.31,8.79,8.89,8.61,46,8731,76335.00,
570002,PANTALBNDVR ,B ,Q,104.45,104.45,98.00,99.25,99.25,101.00,16,306,30890.00,
523574,PANTALOON RE,A ,Q,139.05,141.95,132.70,136.85,136.85,138.60,11077,987884,134658959.00,
509820,PAPER PROD  ,B ,Q,69.70,70.65,69.30,70.15,70.05,69.35,293,28589,2000280.00,
507970,PARA. COSMET,T ,Q,23.65,23.75,22.85,23.00,23.10,23.90,29,1079,24951.00,
533211,PARAB DRUGS ,B ,Q,23.20,24.00,23.20,23.80,23.70,23.20,190,23082,549630.00,
532606,PARAL       ,B ,Q,319.00,319.00,303.00,306.15,306.15,305.15,41,1938,594353.00,
530555,PARAMOUNT CO,B ,Q,1.90,1.90,1.76,1.85,1.85,1.77,11,2781,5104.00,
533399,PARAMOUNT PR,B ,Q,4.13,4.45,4.13,4.45,4.45,4.29,12,16473,71898.00,
521246,PARAS PETRO ,T ,Q,0.32,0.33,0.32,0.33,0.33,0.33,12,17514,5726.00,
524689,PARENT.DRUGS,T ,Q,70.10,70.10,68.00,70.00,70.00,71.50,14,4704,323512.00,
505525,PARICHAY INV,B ,Q,183.15,183.15,183.15,183.15,183.15,186.85,1167,2502,458241.00,
532034,PARIKH HERB.,B ,Q,63.50,65.00,59.50,63.25,63.25,62.60,482,936864,59891708.00,
524628,PARKER AGRO.,B ,Q,6.72,6.75,6.70,6.70,6.70,7.05,5,480,3228.00,
532911,PARLE SOFTWR,B ,Q,18.00,18.00,15.50,16.05,16.10,16.55,14,630,9855.00,
500162,PARRYSUGR   ,B ,Q,57.00,59.50,57.00,59.50,59.50,56.80,4,175,10137.00,
511702,PARSHARTI IN,T ,Q,7.00,7.25,7.00,7.25,7.25,7.26,2,120,865.00,
532780,PARSVNATH   ,B ,Q,38.75,38.85,38.20,38.45,38.45,38.75,156,41736,1606024.00,
500456,PAS.ACRYLON ,B ,Q,4.24,4.59,4.23,4.23,4.23,4.45,35,13397,56799.00,
521080,PASARI SPIN ,T ,Q,8.45,8.45,7.70,8.00,8.00,8.07,8,276,2157.00,
511734,PASUPATI FIN,B ,Q,15.00,15.50,14.95,15.45,15.45,15.25,12,11177,168107.00,
526381,PAT INT LOG ,B ,Q,19.45,19.60,19.00,19.05,19.45,19.45,136,5003,96485.00,
517417,PATEL AIRTEM,B ,Q,41.40,41.50,40.10,40.50,40.25,40.95,36,3408,138239.00,
531120,PATEL ENGG. ,B ,Q,66.05,66.05,63.20,64.40,64.40,65.70,1166,89516,5730660.00,
514326,PATSPIN INDI,B ,Q,7.27,7.74,7.27,7.68,7.65,7.38,11,6419,49076.00,
532742,PAUSHAK LTD ,B ,Q,54.00,55.00,54.00,55.00,55.00,54.00,2,18,982.00,
532676,PBA INFRASTR,T ,Q,23.15,25.15,23.15,24.80,24.80,24.00,4,440,10834.00,
514087,PBM POLYTEX ,B ,Q,29.20,29.95,29.20,29.95,29.75,30.75,23,3365,99406.00,
517119,PCS TECH    ,B ,Q,18.00,18.00,17.10,17.80,17.80,17.55,13,1320,23531.00,
500327,PEACOCK IND.,B ,Q,4.00,4.00,3.95,4.00,4.00,3.94,13,1310,5237.00,
526562,PEARL ENG.PO,B ,Q,1.28,1.30,1.27,1.30,1.30,1.29,5,1150,1476.00,
523260,PEARL POLYME,B ,Q,9.10,9.40,8.95,9.40,9.40,9.03,6,710,6403.00,
531352,PEETI SECURT,T ,Q,8.67,8.67,8.67,8.67,8.67,8.26,1,1,8.00,
503031,PENLAND LTD ,B ,Q,35.75,35.75,34.60,34.80,34.60,35.35,64,4734,165402.00,
513405,PENNAR ALUM.,B ,Q,0.49,0.50,0.49,0.50,0.50,0.49,4,900,443.00,
513228,PENNAR STEEL,B ,Q,25.25,25.90,25.10,25.10,25.45,25.10,14,21571,541450.00,
500329,PENTAMED.G  ,B ,Q,0.88,0.88,0.78,0.78,0.81,0.81,77,36340,29020.00,
533179,PERSISTENT  ,B ,Q,383.20,387.95,383.00,383.20,383.05,386.80,39,151,57897.00,
530381,PETRON ENGG.,B ,Q,139.85,142.80,136.30,140.75,140.75,135.00,52,1180,164972.00,
532522,PETRONET LNG,A ,Q,158.00,159.30,156.60,158.25,158.25,157.00,2010,164394,26019465.00,
500680,PFIZER LTD. ,B ,Q,1292.00,1306.95,1275.00,1285.20,1284.75,1292.70,274,2361,3048745.00,
531769,PFL INFOTECH,B ,Q,17.85,19.65,17.85,19.50,19.50,18.75,62,40760,792542.00,
533581,PG ELECTRO  ,B ,Q,156.00,158.00,155.00,158.00,158.00,147.30,12,372,58104.00,
532808,PGIL        ,B ,Q,92.00,93.00,90.10,90.55,90.55,90.10,47,950,86555.00,
523620,PHARMASIA   ,T ,Q,36.55,36.55,36.55,36.55,36.55,37.25,1,5,182.00,
506590,PHIL.CARBON ,B ,Q,90.10,91.50,88.70,89.25,89.25,90.05,427,10434,936336.00,
526481,PHOENIX INT.,T ,Q,8.07,8.90,8.07,8.07,8.07,8.49,13,1152,9302.00,
503100,PHOENIX MILL,B ,Q,172.25,183.50,172.00,175.20,174.95,172.25,147,3041,534823.00,
526588,PHOTOQUIP(I),B ,Q,41.40,42.00,41.30,41.75,42.00,41.90,10,750,31189.00,
524808,PHYTOCHEM I.,B ,Q,10.00,10.85,10.00,10.85,10.85,10.46,5,300,3087.00,
523642,PI INDUS.LTD,B ,Q,530.00,530.00,530.00,530.00,530.00,530.00,1,1,530.00,
530305,PICCADILY AG,B ,Q,19.65,20.35,19.40,20.35,20.35,20.40,42,38355,749302.00,
507498,PICCADILY SU,B ,Q,6.20,6.30,6.12,6.12,6.12,5.90,9,906,5636.00,
500331,PIDILITE    ,A ,Q,200.00,205.40,196.50,198.35,198.35,199.05,2623,122593,24709200.00,
590121,PILANI INV  ,T ,Q,1455.00,1470.00,1455.00,1467.85,1470.00,1461.05,19,377,552610.00,
507864,PION INVEST ,B ,Q,20.40,20.45,19.55,20.05,20.00,20.05,10,3153,64268.00,
519439,PIONEER AGRO,B ,Q,16.10,16.20,16.00,16.00,16.00,16.00,8,12000,193210.00,
531879,PIONEER DIS.,B ,Q,27.00,27.00,27.00,27.00,27.00,27.00,1,1,27.00,
514300,PIONEER EMB ,B ,Q,6.51,6.51,5.75,5.93,5.93,5.96,10,4002,23958.00,
533107,PIPAVAVDOC  ,A ,Q,69.85,70.25,69.30,69.65,69.65,69.45,819,582294,40639748.00,
532979,PIRAM LIFE  ,T ,Q,18.90,18.90,17.25,17.25,17.25,18.15,135,23454,411839.00,
500302,PIRAMA HEALT,A ,Q,462.10,470.90,459.15,466.40,466.40,457.15,823,16893,7866840.00,
532949,PIRAMAL GLAS,B ,Q,95.10,96.50,94.00,96.30,96.05,96.15,60,2872,275515.00,
513611,PITHAMP.STL ,T ,Q,4.50,4.54,4.50,4.50,4.50,4.33,5,502,2259.00,
513519,PITTI LAMIN.,B ,Q,53.50,55.70,53.50,54.20,54.20,54.05,222,6320,345448.00,
500333,PIX TRANS   ,B ,Q,37.00,37.70,36.50,37.35,37.65,36.15,9,6000,223162.00,
523648,PLASTIBLEND ,B ,Q,68.55,71.95,68.55,71.95,71.95,72.00,12,63,4485.00,
532117,PLATI CORP  ,B ,Q,0.24,0.24,0.24,0.24,0.24,0.25,4,5004,1200.00,
532739,PLETHICO    ,B ,Q,272.40,275.90,270.15,275.30,275.30,262.80,1784,73738,20167765.00,
513403,PM TELELINN ,B ,Q,48.60,48.60,48.60,48.60,48.60,51.15,2,21,1020.00,
532366,PNB GILTS   ,B ,Q,25.10,25.20,24.85,24.90,24.85,24.90,66,8369,209022.00,
632461,PNBSL       ,A ,Q,681.75,681.75,681.75,681.75,681.75,673.65,1,4481,3054921.00,
532803,POCHIRAJU IN,B ,Q,12.65,13.49,12.65,13.06,13.05,12.59,104,5954,77626.00,
524570,PODDAR PIGM.,B ,Q,41.20,41.25,40.95,41.15,41.00,40.95,4,1525,62748.00,
532486,POKARNA LTD ,B ,Q,80.00,80.00,75.10,77.35,79.90,79.00,22,5474,423321.00,
504288,POLAR INDUS.,B ,Q,2.75,2.76,2.66,2.67,2.66,2.70,4,550,1496.00,
532254,POLARIS FIN ,B ,Q,118.00,122.00,116.75,121.70,121.70,117.65,1371,70176,8474837.00,
526687,POLO HOTELS ,B ,Q,45.55,45.55,45.55,45.55,45.55,46.45,1,1,45.00,
531768,POLY MEDICUR,B ,Q,292.00,309.90,292.00,306.30,306.10,305.85,38,1534,464643.00,
526043,POLYMECH.MCH,T ,Q,18.00,18.00,16.95,17.90,17.90,17.80,13,4307,76299.00,
524051,POLYPLEX    ,B ,Q,157.00,158.35,156.90,157.80,157.80,156.60,125,4984,785011.00,
531467,POLYPRO FIB.,B ,Q,12.98,12.98,12.52,12.53,12.54,12.60,92,68670,867610.00,
590055,POLYSPIN EXP,T ,Q,17.00,17.00,17.00,17.00,17.00,17.25,1,100,1700.00,
512481,POLYTEX(P)  ,B ,Q,224.65,225.15,222.00,223.40,223.40,223.60,93,61663,13802100.00,
532626,PONDY OXIDES,B ,Q,23.95,24.25,22.90,24.00,24.25,23.00,306,2801,66446.00,
532460,PONNI SUG(ER,B ,Q,190.00,196.80,188.90,195.10,195.10,185.50,133,6475,1257116.00,
531870,POPULAR EST ,B ,Q,23.10,23.80,23.10,23.80,23.80,23.45,21,14085,327944.00,
532933,PORWAL AUTO ,B ,Q,5.58,5.94,5.58,5.71,5.64,5.67,5,400,2281.00,
532810,POWER FINAN ,A ,Q,156.55,162.00,155.35,161.45,161.45,156.30,3405,237710,37895016.00,
532898,POWER GRID  ,A ,Q,121.40,124.40,121.30,123.90,123.90,121.35,3679,605829,74926344.00,
532736,POWERSOFT   ,T ,Q,2.00,2.00,1.90,1.90,1.90,1.99,8,3233,6198.00,
531855,PRABHAV IND ,B ,Q,3.20,3.20,3.00,3.06,3.15,3.15,73,233225,713955.00,
513532,PRADEEP MET.,B ,Q,16.00,16.80,16.00,16.15,16.15,16.50,7,603,10016.00,
533178,PRADIPOVERS ,B ,Q,80.80,80.80,79.25,79.85,79.85,80.00,333,30451,2432670.00,
500192,PRAG BOSIMI ,T ,Q,7.00,7.19,6.91,7.14,7.14,7.00,9,3900,27573.00,
522205,PRAJ IND.LTD,B ,Q,44.95,45.35,44.10,45.10,45.10,44.60,612,78419,3503391.00,
531746,PRAJAY ENGS.,B ,Q,7.40,7.49,7.26,7.26,7.26,7.64,49,16481,120588.00,
533605,PRAKASH CON ,B ,Q,100.00,101.20,99.50,99.50,99.50,100.10,30,2488,247862.00,
506022,PRAKASH IND.,B ,Q,49.05,50.40,47.00,49.75,49.75,48.60,842,79529,3882201.00,
533239,PRAKASHSTL  ,B ,Q,194.90,200.00,172.15,176.15,176.15,171.10,687,418129,83190627.00,
532718,PRATIBHA IND,B ,Q,48.20,52.50,48.00,51.85,51.85,48.35,1520,217391,11121908.00,
523874,PRECI CONTNR,B ,Q,0.92,0.92,0.92,0.92,0.92,0.88,3,320,294.00,
532934,PRECISION   ,B ,Q,57.50,57.50,55.60,56.70,56.70,57.20,172,1472,83252.00,
523539,PRECISION WR,B ,Q,81.95,83.90,80.50,80.65,83.90,80.90,41,388,31618.00,
517230,PREM.AU.ELEC,B ,Q,15.25,15.25,14.20,14.85,14.85,14.02,51,264,3839.00,
530331,PREMCO GLOB.,B ,Q,21.35,21.35,21.35,21.35,21.35,20.35,2,2,42.00,
511016,PREMIER CAP.,T ,Q,132.50,132.50,121.00,132.30,132.30,126.55,6,640,77894.00,
533100,PREMIER ENER,B ,Q,19.95,19.95,19.95,19.95,19.95,19.65,1,5,99.00,
526247,PREMIER EXPL,B ,Q,68.45,69.00,67.70,68.45,69.00,68.50,13,1287,87981.00,
500540,PREMIER LTD ,B ,Q,67.50,68.00,62.90,66.05,65.45,65.95,518,7597,498083.00,
514354,PREMIER POLY,B ,Q,16.00,16.00,16.00,16.00,16.00,16.00,3,152,2432.00,
531802,PRERNA INFR ,B ,Q,29.75,29.75,29.75,29.75,29.75,28.40,1,1,29.00,
513613,PRESHA MET  ,T ,Q,177.90,185.00,177.90,177.90,177.90,181.50,4,555,98926.00,
533274,PRESTIGE    ,B ,Q,107.05,109.30,107.05,108.15,108.00,106.70,260,6032,652800.00,
526691,PRETTO LEATH,T ,Q,9.49,9.49,8.68,8.68,8.68,9.13,5,700,6301.00,
503873,PRI.SPINNING,B ,Q,11.20,11.20,11.19,11.19,11.19,10.67,8,850,9518.00,
526109,PRICOL LTD. ,B ,Q,16.00,16.50,15.85,16.40,16.20,16.10,57,8648,140714.00,
530589,PRIMA PLASTI,B ,Q,12.75,13.39,12.60,13.39,13.39,13.00,5,152,1928.00,
532748,PRIME FOCUS ,B ,Q,48.50,49.40,47.70,48.90,48.90,48.55,740,146994,7137380.00,
519299,PRIME INDS. ,Z ,Q,9.13,9.13,9.13,9.13,9.13,9.60,1,21,191.00,
530695,PRIME PROP  ,T ,Q,16.10,16.95,16.00,16.95,16.95,16.60,4,150,2453.00,
500337,PRIME SECUR.,B ,Q,9.75,9.85,9.35,9.68,9.68,9.82,19,3527,33561.00,
500338,PRISM CEMENT,B ,Q,49.15,49.50,48.80,49.05,49.05,49.50,133,11840,580748.00,
505530,PRISM INFO  ,B ,Q,29.15,31.40,29.15,30.35,30.30,30.30,10,1871,57655.00,
512217,PRISM MEDI  ,T ,Q,27.05,27.05,27.05,27.05,27.05,28.45,1,300,8115.00,
532675,PRITHVI INFO,B ,Q,15.50,15.65,14.95,15.10,15.10,15.10,72,12208,184258.00,
531688,PRITHVI SOF ,B ,Q,12.30,12.30,12.30,12.30,12.30,12.60,1,10,123.00,
534060,PRITI MERC  ,T ,Q,467.00,468.00,466.00,467.20,468.00,466.00,243,30291,14153404.00,
511557,PRO FIN CAP.,T ,Q,39.00,39.00,39.00,39.00,39.00,37.90,8,20000,780000.00,
500459,PROCTER &GAM,B ,Q,2455.05,2498.95,2455.05,2480.75,2480.00,2467.85,177,1533,3793330.00,
590120,PROVEST SER ,B ,Q,45.20,45.20,45.20,45.20,45.20,46.10,1,2,90.00,
532647,PROVOGUE IND,B ,Q,14.00,14.02,13.62,13.67,13.65,13.89,81,14097,194567.00,
526801,PSL LTD     ,B ,Q,56.00,56.15,55.10,55.50,55.50,55.90,100,13034,724433.00,
532524,PTC INDIA   ,B ,Q,55.50,56.60,55.30,56.25,56.25,55.45,344,29616,1658790.00,
533344,PTCFIN SER  ,B ,Q,13.40,13.49,13.30,13.36,13.40,13.31,140,38830,520531.00,
509220,PTL LTD     ,B ,Q,31.00,31.00,30.00,31.00,31.00,31.50,8,1565,48333.00,
500343,PUDUMJEE    ,B ,Q,11.95,12.86,11.92,12.26,12.05,11.73,19,1828,22569.00,
506852,PUN.ALKALI  ,B ,Q,21.55,21.55,20.60,21.30,21.00,21.35,61,21043,445099.00,
506618,PUN.CHEM    ,B ,Q,79.00,79.00,74.15,76.90,76.95,76.65,151,2430,183410.00,
500346,PUN.COMMUNI.,B ,Q,168.25,168.25,150.20,151.35,150.20,151.60,34,6066,920422.00,
509839,PUN.WOOLCOMB,T ,Q,2.80,2.85,2.69,2.85,2.85,2.79,47,62675,175811.00,
526492,PUNEET RESIN,B ,Q,31.90,31.90,31.00,31.40,31.40,31.10,9,3015,94465.00,
532693,PUNJ LLOYD  ,B ,Q,45.10,46.20,44.30,45.85,45.85,45.10,1898,332664,15074614.00,
532461,PUNJAB NATIO,A ,Q,669.40,681.05,668.00,677.20,677.20,669.40,3272,65301,44149438.00,
533295,PUNJABNSIND ,B ,Q,60.50,60.50,59.00,60.05,60.05,60.15,208,20285,1216527.00,
532891,PURAVANKARA ,B ,Q,60.30,61.00,60.00,60.70,60.65,61.50,31,290,17570.00,
517556,PVP VENT LTD,B ,Q,5.05,5.05,4.64,4.70,4.64,4.86,59,55264,263889.00,
532689,PVR LTD     ,B ,Q,185.30,185.30,180.15,181.40,180.50,185.60,75,995,180854.00,
511116,QUADRANT    ,B ,Q,3.25,3.25,3.06,3.06,3.06,3.06,24,9671,29968.00,
590099,QUANTUM GOLD,E ,Q,1500.00,1501.60,1495.00,1497.42,1498.00,1490.50,36,66,98941.00,
532866,QUINTEGRA SO,B ,Q,1.89,1.89,1.89,1.89,1.89,1.89,1,100,189.00,
511626,R R FINANCE.,B ,Q,20.25,20.90,20.25,20.90,20.90,21.30,3,91,1843.00,
517447,R.S.SOFTWARE,B ,Q,139.55,144.40,138.25,141.90,141.90,138.05,1120,68176,9664253.00,
512565,R.T.EXPORTS ,T ,Q,19.70,19.70,19.70,19.70,19.70,18.90,1,5,98.00,
502271,RAASI REFRAC,B ,Q,4.63,4.63,4.63,4.63,4.63,4.41,2,50,231.00,
590070,RADAAN MEDIA,B ,Q,1.70,1.79,1.55,1.65,1.65,1.60,24,8140,13382.00,
532692,RADHA MADHAV,B ,Q,2.90,3.00,2.80,2.90,2.90,2.84,30,3630,10518.00,
531273,RADHE DEVLOP,B ,Q,7.02,7.07,6.97,7.04,7.05,7.00,36,4203,29496.00,
532497,RADICOKHAIT ,B ,Q,107.85,108.75,107.00,107.75,107.75,107.05,102,2573,276915.00,
523523,RAINBOW PAP.,B ,Q,76.00,77.20,74.00,76.10,76.90,76.15,2012,96342,7323991.00,
500339,RAINCOMMODI ,B ,Q,37.50,37.50,36.60,37.10,37.30,36.75,156,14597,539830.00,
530291,RAJ AGRO MIL,B ,Q,2.85,2.85,2.85,2.85,2.85,2.85,1,1000,2850.00,
517522,RAJ GLO WIR ,B ,Q,105.00,105.00,105.00,105.00,105.00,100.00,2,13,1365.00,
533093,RAJ OIL     ,B ,Q,7.55,7.64,7.31,7.54,7.64,7.55,456,65546,489467.00,
530111,RAJ PACKAGIN,T ,Q,27.10,27.45,27.00,27.45,27.45,26.95,85,31552,864656.00,
532826,RAJ TELE    ,B ,Q,217.95,227.00,213.10,215.20,215.20,215.80,1407,44834,9796215.00,
530253,RAJ.TUBE MFG,B ,Q,12.01,12.01,11.36,11.70,11.70,11.90,5,33,384.00,
526823,RAJES FOUND ,T ,Q,18.10,18.10,18.10,18.10,18.10,19.03,1,11,199.00,
531500,RAJESH EXPO.,B ,Q,120.00,124.70,119.00,124.15,124.15,119.30,856,43341,5301579.00,
513369,RAJKUMAR FRG,T ,Q,14.59,14.59,14.59,14.59,14.59,13.90,2,195,2845.00,
522257,RAJOO ENGIN.,B ,Q,8.15,8.40,8.05,8.09,8.05,8.05,10,2012,16295.00,
530699,RAJRAYON    ,B ,Q,7.90,8.20,7.90,8.20,8.20,7.90,27,2284,18052.00,
500354,RAJSH.SUGAR ,B ,Q,53.35,56.90,53.35,56.90,56.90,54.20,20,1369,76400.00,
532665,RAJVIR IND  ,B ,Q,84.85,84.85,77.70,78.25,78.25,82.20,105,724,56629.00,
500355,RALLIS INDIA,B ,Q,134.20,137.90,130.35,136.55,136.55,135.30,1279,89516,12024196.00,
530951,RAM INFORMAT,B ,Q,4.09,4.09,4.09,4.09,4.09,3.90,7,1700,6953.00,
511652,RAM KAASHYAP,B ,Q,22.00,23.65,21.20,23.40,23.40,22.35,61,5408,124789.00,
522281,RAM RAT.WIRE,B ,Q,25.65,26.30,25.00,26.30,26.30,25.25,13,3564,92270.00,
500356,RAMA NEWSPRI,B ,Q,9.50,10.20,9.50,9.97,9.97,9.34,466,93865,929718.00,
500357,RAMA PAPER  ,T ,Q,8.85,9.45,8.85,9.45,9.45,9.16,2,1800,16950.00,
500358,RAMA PETRO  ,B ,Q,3.45,3.45,3.45,3.45,3.45,3.61,6,806,2780.00,
524037,RAMA PHOSPH ,B ,Q,45.60,46.40,44.55,45.50,45.50,45.65,37,3512,159622.00,
502587,RAMA PULP   ,B ,Q,8.79,8.79,7.50,7.57,7.57,7.76,32,6340,48169.00,
523289,RAMA VISION ,B ,Q,4.50,4.71,4.50,4.70,4.71,4.71,2,201,946.00,
532370,RAMCO  SYSTM,B ,Q,128.30,131.05,128.30,130.00,130.00,129.00,68,1407,182927.00,
532369,RAMCO INDS. ,B ,Q,53.00,53.90,52.40,52.65,52.90,52.75,42,3443,182290.00,
533262,RAMKY INFRA ,B ,Q,96.55,98.95,96.55,97.20,97.10,96.45,290,13496,1318093.00,
515127,RAMMAICA (I),T ,Q,21.30,22.10,21.30,21.30,21.30,21.70,20,9900,213140.00,
532690,RAMSARUP IND,B ,Q,6.40,6.40,5.30,5.73,5.76,5.40,31,6681,37890.00,
507490,RANA SUGARS ,B ,Q,3.51,3.67,3.50,3.63,3.65,3.50,103,69653,251683.00,
500359,RANBAXY LAB.,A ,Q,572.90,578.30,566.05,568.55,568.55,569.80,4908,166537,95464667.00,
531228,RANDER CORP.,B ,Q,49.50,49.95,49.50,49.85,49.85,49.25,8,5500,274125.00,
532987,RANE BRAKE  ,B ,Q,114.00,119.80,113.00,113.20,113.10,112.75,9,267,30540.00,
532988,RANE ENGVL  ,B ,Q,206.80,206.85,182.15,182.15,182.15,182.00,3,102,21049.00,
505800,RANE HOLDIN ,B ,Q,202.35,202.35,195.00,195.00,195.00,196.00,50,269,53321.00,
532661,RANE MADRAS ,B ,Q,125.00,125.00,123.00,124.85,124.90,122.00,15,3156,391673.00,
513727,RANJEEV ALLO,T ,Q,9.81,9.81,9.81,9.81,9.81,9.81,1,200,1962.00,
590077,RANKLIN SOLU,B ,Q,5.29,5.29,4.80,4.82,4.82,5.04,88,17390,86658.00,
531583,RAP MEDIA   ,B ,Q,18.15,19.75,17.95,18.20,18.20,18.85,33,3830,70104.00,
500360,RAPICUT CARB,B ,Q,71.00,73.80,70.50,71.20,72.00,71.55,69,4178,300574.00,
500361,RAS PROPACK ,T ,Q,4.65,4.65,4.36,4.56,4.56,4.46,6,245,1117.00,
522207,RASANDIK ENG,B ,Q,39.60,39.60,37.65,37.65,37.65,39.60,10,710,26931.00,
532055,RASHEL AGRO.,B ,Q,0.74,0.74,0.74,0.74,0.74,0.77,1,11,8.00,
524230,RASHTR.CHEM.,A ,Q,54.80,54.80,52.20,53.25,53.25,53.45,3716,472369,25133221.00,
531233,RASI ELECTRO,B ,Q,26.05,27.00,25.95,25.95,25.95,26.90,42,6916,182493.00,
531522,RASOYA PROTE,B ,Q,24.90,25.65,24.00,24.55,25.65,24.50,16,20625,514668.00,
532918,RATHI BARS  ,B ,Q,4.90,5.00,4.90,4.90,4.90,4.60,10,1100,5477.00,
504903,RATHI ST    ,B ,Q,8.00,8.29,7.80,7.99,7.99,7.99,40,17632,140792.00,
531391,RATNABALI CA,B ,Q,110.50,110.75,110.50,110.60,110.50,110.75,7,3900,431575.00,
520111,RATNAMNI MET,B ,Q,111.50,111.50,111.50,111.50,111.50,110.75,8,984,109716.00,
520073,RAUNAQ AUTO ,B ,Q,9.80,9.80,9.32,9.32,9.32,9.80,10,3188,30273.00,
507300,RAVALGAON   ,B ,Q,5093.35,5198.00,5050.00,5124.00,5198.00,5093.35,6,22,112728.00,
533294,RAVI KUMAR  ,B ,Q,9.10,9.10,8.80,8.85,8.80,8.90,16,955,8456.00,
504378,RAVINAY TRAD,T ,Q,175.10,184.90,174.00,184.90,184.90,180.00,11,19195,3360809.00,
531207,RAYMED LABS.,B ,Q,22.00,23.20,21.00,23.15,23.20,22.10,35,12692,291929.00,
500330,RAYMOND     ,B ,Q,341.35,345.15,337.25,343.95,343.95,341.25,719,21646,7399813.00,
533143,RBN         ,T ,Q,47.75,49.00,46.55,47.50,47.50,48.55,139,18393,877967.00,
530923,RCL FOODS   ,B ,Q,23.15,23.15,22.95,23.05,23.00,22.05,9,1547,35618.00,
533608,RDB RASAYAN ,B ,Q,10.29,10.29,9.50,10.09,10.09,9.87,110,6692,65866.00,
533285,RDB REALTY  ,B ,Q,27.20,27.70,27.00,27.70,27.70,27.70,4,151,4077.00,
533482,READYMADESTL,B ,Q,70.00,72.00,67.80,70.50,72.00,69.90,100,58388,4062944.00,
513558,REAL STRIPS ,B ,Q,60.00,60.00,59.10,59.55,59.55,60.70,20,2922,174156.00,
532955,RECLTD      ,A ,Q,183.65,192.50,182.10,191.45,191.45,184.95,3822,222725,42039418.00,XD
532805,REDINGTON   ,B ,Q,74.00,74.30,72.00,72.35,72.40,73.35,87,2235,162717.00,
532884,REFEX REFRIG,T ,Q,3.14,3.14,2.94,2.94,2.94,3.02,20,15499,48063.00,
530815,REFNOL RESIN,T ,Q,9.05,9.85,9.02,9.70,9.70,9.49,4,956,8636.00,
515018,REG.CERAMIC ,B ,Q,2.88,3.16,2.88,3.16,3.16,3.01,5,705,2171.00,
531033,REGAL ENTERT,B ,Q,14.00,14.80,14.00,14.80,14.80,14.10,10,2975,43059.00,
526403,REGENCY HOSP,B ,Q,50.85,50.85,46.00,46.85,46.85,48.40,33,4966,236230.00,
511585,REGENCY TRUS,T ,Q,18.25,19.90,18.25,19.10,19.90,19.00,10,1108,20311.00,
532106,REI AGRO LTD,B ,Q,9.92,10.75,9.92,10.05,10.05,9.98,1710,800118,8205527.00,
533065,REISIX TENR ,B ,Q,3.48,3.58,3.35,3.39,3.39,3.47,86,13160,45143.00,
532712,REL COM LTD ,A ,Q,48.30,50.80,47.65,50.15,50.15,47.90,14953,3767894,186284215.00,
533891,REL GOLD ETF,E ,Q,2882.85,2894.00,2879.45,2892.49,2892.49,2869.38,109,250,722711.00,
523445,REL INDL INF,B ,Q,385.95,392.80,383.50,390.30,390.30,383.30,2423,74136,28771748.00,
500390,REL INFRA   ,A ,Q,439.70,448.00,437.00,446.35,446.35,440.35,12822,478105,211909287.00,
500111,REL.CAP.    ,A ,Q,321.40,331.95,321.00,331.15,331.15,320.30,19512,976811,320333850.00,
503162,REL.CHEMOTX ,B ,Q,40.30,42.05,38.05,38.05,38.05,40.05,173,17870,708451.00,
530517,RELAXO FOOT.,B ,Q,630.05,650.00,630.05,645.00,645.00,631.70,43,441,283460.00,
500325,RELIANCE    ,A ,Q,764.10,780.00,763.00,778.55,778.55,764.25,8166,248215,192047002.00,
511712,RELIC TECHNO,B ,Q,7.03,7.55,7.03,7.55,7.55,7.39,5,4405,30969.00,
533525,RELIGAR TEC ,B ,Q,14.95,15.05,14.95,15.05,15.05,15.70,2,55,822.00,
532915,RELIGARE ENT,B ,Q,316.00,323.00,311.05,322.30,323.00,316.70,49,1257,402461.00,
533172,RELIGAREGOLD,E ,Q,3097.55,3097.55,3097.55,3097.55,3097.55,3050.06,1,2,6195.00,
524632,RELISH PHAR.,B ,Q,1.89,1.89,1.89,1.89,1.89,1.98,4,400,756.00,
532399,RELMEDIA    ,B ,Q,62.80,64.60,62.35,63.40,63.40,62.25,2037,155236,9864772.00,
513043,REMI EDEL   ,B ,Q,13.47,13.47,13.47,13.47,13.47,12.83,1,101,1360.00,
500365,REMI METALS ,B ,Q,4.01,4.34,4.01,4.01,4.01,4.05,12,450,1807.00,
530919,REMSONS IND.,B ,Q,23.05,23.05,23.05,23.05,23.05,24.25,4,184,4241.00,
532923,REN JEWELERY,B ,Q,60.25,63.50,60.05,62.50,62.50,62.60,109,11526,724388.00,
532670,RENUKA SUGAR,B ,Q,32.25,32.40,31.55,32.05,32.05,31.85,2965,1180763,37714225.00,
532687,REPRO INDIA ,B ,Q,231.70,232.00,222.30,229.30,232.00,222.75,120,1913,438088.00,
524218,RESONANCE   ,B ,Q,11.50,11.50,11.50,11.50,11.50,11.72,1,100,1150.00,
505509,RESPON IND  ,B ,Q,82.00,91.50,81.25,89.15,89.15,82.90,65,3180,269205.00,
515085,RESTILE CER.,T ,Q,3.51,3.51,3.51,3.51,3.51,3.35,1,200,702.00,
533017,RESURGERE   ,B ,Q,1.34,1.35,1.31,1.34,1.35,1.29,96,106274,142052.00,
505368,REVATHI EQU.,B ,Q,240.25,250.00,236.25,240.25,240.05,245.95,39,156,37351.00,
531888,REXNORD ELE.,B ,Q,6.80,6.80,6.80,6.80,6.80,6.59,1,1,6.00,
531646,RFL INTERNAT,B ,Q,7.80,7.84,7.10,7.70,7.80,7.47,17,820,6322.00,
934836,RFLNCDO1C2  ,F ,D,1039.64,1039.64,1011.00,1012.71,1011.00,1009.12,4,75,76537.00,
934837,RFLNCDO1C3  ,F ,D,1045.00,1045.00,1044.00,1045.00,1045.00,1045.94,9,236,246494.00,
934839,RFLNCDO2C2  ,F ,D,1002.55,1002.55,1002.55,1002.55,1002.55,1002.55,14,200,200510.00,
934840,RFLNCDO2C3  ,F ,D,1019.00,1028.00,1019.00,1026.00,1026.00,1020.01,19,237,243048.00,
531952,RIBA TEXTILS,B ,Q,18.85,18.85,15.50,15.90,15.60,18.20,69,4576,75788.00,
530271,RICH UNV    ,B ,Q,16.50,16.50,16.50,16.50,16.50,16.45,1,190,3135.00,
532766,RICHA IND   ,B ,Q,16.75,16.75,15.10,16.45,16.45,16.15,11,242,3773.00,
519230,RICHIRICH   ,T ,Q,4.84,4.84,4.62,4.62,4.62,4.61,9,405,1959.00,
520008,RICO AUTO   ,B ,Q,8.90,8.95,8.65,8.84,8.84,8.75,71,17920,158326.00,
517496,RICOH INDIA ,T ,Q,73.50,76.00,73.50,75.65,75.65,73.75,126,39991,2997322.00,
524480,RIDHI SIDHI ,B ,Q,280.00,280.00,279.90,280.00,280.00,279.05,30,1599,447710.00,
507508,RIGA SUGAR  ,B ,Q,16.40,16.45,15.60,16.45,16.45,15.70,14,2299,35990.00,
531539,RISHABH DIGH,B ,Q,24.30,24.30,24.20,24.20,24.20,23.15,4,281,6823.00,
533083,RISHABHDEV  ,B ,Q,3.42,3.42,2.76,2.84,2.84,2.86,27,2503,7389.00,
526861,RISHI LASER ,B ,Q,20.85,20.85,19.85,20.45,20.50,20.25,33,2837,57574.00,
523658,RISHIROOP RU,B ,Q,9.25,9.74,9.25,9.50,9.50,9.49,17,2859,27554.00,
523021,RISHITECH   ,B ,Q,9.80,9.80,9.80,9.80,9.80,9.34,10,5917,57986.00,
519097,RITESH INTER,T ,Q,5.94,5.94,5.94,5.94,5.94,5.68,2,250,1485.00,
532140,RM MOHITE   ,B ,Q,28.20,28.20,28.20,28.20,28.20,28.75,3,340,9588.00,
532441,RNBOWDENIM  ,B ,Q,3.85,3.85,3.85,3.85,3.85,3.85,1,45,173.00,
531447,ROCKON FIN  ,B ,Q,1.61,1.65,1.61,1.62,1.61,1.69,14,2936,4766.00,
531822,RODIUM      ,B ,Q,145.55,145.55,140.00,140.65,140.65,142.05,56,8148,1159178.00,
532731,ROHIT FERRO ,B ,Q,28.00,29.90,27.35,29.30,29.30,27.25,848,51956,1497315.00,
502448,ROLLATAINER ,B ,Q,103.00,107.50,103.00,107.50,107.50,103.00,26,4500,466430.00,
500366,ROLTA (I)   ,B ,Q,64.70,66.90,64.25,66.35,66.35,64.25,677,52514,3440207.00,
532869,ROMAN TAR   ,T ,Q,19.40,19.40,19.40,19.40,19.40,18.50,3,200,3880.00,
530991,ROOPA INDUS ,B ,Q,6.41,6.41,6.41,6.41,6.41,6.11,3,1050,6730.00,
526753,ROSELAB IND ,B ,Q,9.95,10.88,9.95,10.88,10.88,10.46,2,4,41.00,
533168,ROSSELL IND ,B ,Q,37.00,37.00,32.70,32.70,32.70,33.55,36,3512,115921.00,
517500,ROTO PUMPS  ,B ,Q,91.95,95.40,91.95,95.40,95.40,90.90,56,6142,577936.00,
512047,ROYAL IND   ,B ,Q,74.95,81.00,70.25,78.15,80.85,70.35,167,42184,3231422.00,
526640,ROYALE MANOR,B ,Q,8.00,8.59,8.00,8.43,8.59,8.15,12,231,1901.00,
532699,ROYALORCH   ,B ,Q,43.60,44.00,43.50,43.55,43.50,43.25,72,362,15788.00,
532983,RPG LIFESCI ,B ,Q,77.00,77.85,75.80,77.40,77.35,76.50,31,540,41605.00,
532939,RPOWER      ,A ,Q,77.15,79.40,76.35,78.45,78.45,77.30,14422,1868811,145439705.00,
533284,RPP INFRA   ,B ,Q,42.70,43.80,40.45,42.70,42.70,42.45,97,750,32061.00,
500350,RSWM  LTD   ,B ,Q,86.05,88.75,86.05,88.55,88.50,88.05,12,621,54962.00,
532735,RSYSTEMS INT,B ,Q,166.00,169.90,165.00,165.05,165.05,165.05,10,64,10583.00,
531215,RTS POWER CO,B ,Q,19.00,19.00,17.30,17.30,17.30,18.15,6,603,10435.00,
526496,RUBBER PROD.,B ,Q,6.20,6.20,5.94,5.95,5.95,6.11,5,201,1217.00,
500367,RUBFILA INT.,B ,Q,18.25,18.25,17.50,17.95,18.00,17.35,29,12680,224594.00,
531099,RUBRA MEDICA,B ,Q,1.72,1.72,1.72,1.72,1.72,1.80,6,1940,3336.00,
503169,RUBY MILLS  ,B ,Q,649.95,650.00,630.00,634.40,633.05,631.05,24,464,295931.00,
509020,RUCHI INFRA.,B ,Q,19.75,21.00,19.75,20.85,21.00,20.80,92,21763,451901.00,
500368,RUCHI SOYA  ,A ,Q,83.20,83.95,83.20,83.25,83.25,83.25,28,2481,207393.00,
513295,RUCHI STR AL,B ,Q,8.76,9.01,8.76,8.95,8.95,9.00,6,700,6278.00,
532785,RUCHIRA PAP ,B ,Q,10.51,10.99,10.40,10.85,10.99,10.75,25,6349,67624.00,
590124,RUNEECHA    ,T ,Q,10.00,10.00,10.00,10.00,10.00,10.50,1,50,500.00,
533470,RUSHIL DECOR,B ,Q,215.00,216.00,208.25,210.35,210.35,213.15,650,70347,14941475.00,
504335,RUTRON INT. ,T ,Q,26.40,26.40,26.40,26.40,26.40,25.90,1,5,132.00,
532316,S KUMARS.COM,T ,Q,4.86,4.86,4.86,4.86,4.86,4.63,10,12666,61556.00,
526477,S.A.ENTERPR.,T ,Q,7.03,7.03,7.03,7.03,7.03,7.12,1,3209,22559.00,
513583,S.B.& T INT.,B ,Q,5.00,5.00,4.60,4.69,4.69,5.01,49,35981,168341.00,
516108,S.I.PAPER   ,B ,Q,40.55,40.60,40.55,40.55,40.55,39.30,3,230,9334.00,
514304,S.KUMARS NAT,B ,Q,19.00,19.25,17.60,18.30,18.30,19.30,6773,3122480,56829925.00,
513515,S.R.INDUS.  ,T ,Q,4.22,4.64,4.20,4.48,4.64,4.42,6,2001,8705.00,
504908,S.S.DUNCAN  ,B ,Q,72.95,75.55,72.00,75.55,75.55,71.05,23,481,35158.00,
531374,SAAG RR INFR,T ,Q,3.77,3.77,3.77,3.77,3.77,3.96,8,2055,7747.00,
532905,SAAMYA BIO  ,B ,Q,2.60,2.82,2.60,2.60,2.60,3.00,19,3702,9806.00,
531901,SAARC NET LT,T ,Q,0.65,0.65,0.65,0.65,0.65,0.68,2,101,65.00,
524446,SABERO ORG. ,B ,Q,144.00,150.20,144.00,148.85,149.90,144.05,136,8162,1210992.00,
530267,SABOO BROS. ,T ,Q,12.01,12.01,12.01,12.01,12.01,11.44,1,300,3603.00,
530461,SABOO SODIUM,B ,Q,8.90,9.19,8.70,8.90,8.90,8.87,22,2050,18056.00,
531869,SACHETA MET.,B ,Q,22.50,22.55,22.40,22.50,22.50,21.95,12,11010,247405.00,
532710,SADBHAV ENGG,B ,Q,130.00,132.00,129.00,131.35,132.00,129.10,98,103,13437.00,
506642,SADHANA NITR,T ,Q,13.31,13.31,13.31,13.31,13.31,14.01,1,25,332.00,
531448,SAFAL SECURI,B ,Q,10.11,10.11,10.10,10.10,10.10,10.50,3,1500,15160.00,
523025,SAFARI IND. ,B ,Q,168.15,174.00,168.15,171.15,168.20,168.00,7,346,59015.00,
502090,SAGAR CEM.  ,B ,Q,186.00,186.00,175.00,178.60,178.60,183.70,38,745,134750.00,
511533,SAHARA HOUSG,B ,Q,64.05,67.80,63.80,64.90,64.90,70.85,325,7983,513517.00,
503691,SAHARA ONE  ,B ,Q,101.95,102.00,98.10,101.90,101.90,102.85,12,66,6636.00,
532543,SAHPETROLEUM,B ,Q,24.10,25.15,24.05,24.05,24.05,24.35,9,643,15491.00,
532841,SAHYA INDU  ,T ,Q,65.00,66.00,64.00,65.95,65.95,66.00,54,10515,689708.00,
530265,SAINIK FIN. ,T ,Q,4.43,4.43,4.43,4.43,4.43,4.22,1,700,3101.00,
515043,SAINT-GOBAIN,B ,Q,34.70,35.40,34.70,34.85,34.80,34.75,46,70144,2462748.00,
590051,SAKSOFT LTD ,B ,Q,64.00,64.00,62.00,63.50,64.00,63.95,25,250,15759.00,
511066,SAKTHI FIN. ,T ,Q,12.00,12.25,12.00,12.25,12.25,12.47,9,736,8969.00,
700028,SAKTHI S(PRF,B ,P,32.50,32.50,28.75,28.75,28.75,27.40,2,300,9187.00,
507315,SAKTHI SUGAR,B ,Q,28.00,28.90,27.90,28.90,28.90,27.55,207,20902,594944.00,
532713,SAKUMA EXPO ,B ,Q,14.50,14.50,13.75,13.99,14.00,13.98,94,3783,52364.00,
500370,SALORA INT. ,B ,Q,20.50,20.50,20.50,20.50,20.50,22.60,1,40,820.00,
532604,SALSTEEL    ,B ,Q,3.60,3.75,3.55,3.73,3.65,3.68,16,3158,11546.00,
517059,SALZER ELEC ,B ,Q,53.00,53.00,53.00,53.00,53.00,53.25,1,25,1325.00,
532005,SAM INDUS.  ,B ,Q,19.95,19.95,18.10,19.60,19.60,19.00,4,33,621.00,
521240,SAMBANDAM SP,B ,Q,69.25,71.00,66.00,69.15,66.05,62.90,10,10,691.00,
511630,SAMBHAAV MED,B ,Q,2.00,2.00,2.00,2.00,2.00,1.95,1,1000,2000.00,
520075,SAMKRG PIST.,B ,Q,66.90,68.60,65.85,67.00,68.60,65.40,18,3478,229745.00,
500372,SAMTEL COL  ,T ,Q,2.33,2.39,2.28,2.36,2.31,2.31,13,5999,13964.00,
521206,SAMTEX FASH.,B ,Q,16.95,16.95,16.95,16.95,16.95,16.15,8,2900,49155.00,
530025,SAMYAK INT  ,B ,Q,17.10,17.10,17.10,17.10,17.10,17.95,7,903,15441.00,
521222,SANBLUE     ,B ,Q,5.60,5.60,5.60,5.60,5.60,5.34,1,92,515.00,
532836,SANCIA GLOB ,B ,Q,3.00,3.00,2.79,2.79,2.79,2.93,28,3891,11040.00,
523116,SANCO TRANS ,B ,Q,178.00,199.95,178.00,195.50,193.00,202.00,13,357,67390.00,
533079,SAND PLAST  ,T ,Q,1.80,1.80,1.80,1.80,1.80,1.85,1,140,252.00,
526725,SANDESH LTD.,B ,Q,249.80,249.95,249.80,249.95,249.95,249.95,4,76,18993.00,
524703,SANDU PHARMA,B ,Q,13.70,14.90,13.70,14.90,14.90,14.03,34,8864,127029.00,
504918,SANDUR MANG.,B ,Q,494.95,495.00,473.40,490.70,490.00,492.15,454,13837,6734085.00,
516096,SANGAL PAPER,T ,Q,31.50,31.50,30.10,30.10,30.10,31.65,5,140,4266.00,
514234,SANGAM INDIA,B ,Q,55.30,57.00,55.30,56.55,56.55,56.00,36,4442,250451.00,
533411,SANGH FORG  ,B ,Q,32.50,33.50,31.10,33.10,33.10,32.65,631,37913,1244896.00,
526521,SANGHI IND. ,B ,Q,16.80,17.45,16.50,17.35,16.90,17.00,171,11420,195954.00,
530073,SANGHVI MOVE,B ,Q,87.00,87.00,85.55,85.65,85.55,87.50,88,1986,171461.00,
531898,SANGUINE MD ,T ,Q,2.39,2.39,2.39,2.39,2.39,2.51,3,5500,13145.00,
532972,SANKHYA INFO,B ,Q,11.85,12.00,11.00,11.85,11.85,11.79,11,1805,20560.00,
500674,SANOFI      ,B ,Q,2188.00,2198.00,2168.05,2196.50,2196.50,2189.00,6,17,37278.00,
531312,SANRAA      ,T ,Q,0.07,0.08,0.07,0.08,0.08,0.08,43,723896,52628.00,
531323,SANTARAM SPN,T ,Q,7.60,7.60,7.47,7.47,7.47,7.28,5,375,2829.00,
512465,SANTOWIN    ,B ,Q,4.46,4.46,4.46,4.46,4.46,4.69,8,5905,26336.00,
519260,SANWARIA AGR,B ,Q,44.05,44.05,43.40,43.80,43.55,43.50,157,25331,1111576.00,
532031,SARANG CHEM.,T ,Q,0.12,0.12,0.11,0.12,0.12,0.12,17,59453,6570.00,
533033,SARASWATI   ,B ,Q,860.45,883.00,860.00,874.20,878.90,875.00,13,139,120624.00,
504614,SARDA ENMIN ,B ,Q,119.00,119.00,116.50,117.15,118.20,117.00,77,4365,511350.00,
516032,SARDA PAPERS,T ,Q,6.75,6.75,6.75,6.75,6.75,6.45,1,2,13.00,
516003,SARDA PLY.  ,B ,Q,20.45,20.45,20.45,20.45,20.45,19.80,2,10,204.00,
532163,SAREGAMA (I),B ,Q,86.20,89.75,85.25,85.80,85.80,85.50,699,29601,2597296.00,
526885,SARLA PER F ,B ,Q,120.50,121.00,117.05,120.00,120.00,116.10,213,3740,440401.00,
514412,SARUPINDUS  ,B ,Q,29.50,29.90,29.50,29.90,29.90,29.50,3,60,1784.00,
532663,SASKEN COMM ,B ,Q,138.50,138.50,135.00,135.30,135.30,136.00,37,1940,263047.00,
511076,SAT IND LTD ,B ,Q,7.75,8.19,7.75,7.99,7.99,7.80,29,37083,291120.00,
508996,SATPROP LTD ,B ,Q,4.85,4.85,4.85,4.85,4.85,4.74,1,100,485.00,
526093,SATVAH.ISPAT,B ,Q,32.10,32.10,31.00,32.00,32.00,32.00,26,7640,242595.00,
500376,SATYAM COM  ,B ,Q,94.50,96.10,94.10,95.10,95.10,93.90,4024,510144,48549245.00,
502175,SAURAS.CEM. ,B ,Q,19.95,19.95,19.00,19.80,19.80,19.10,19,3850,75515.00,
532404,SAVEN TECHNO,B ,Q,5.60,5.75,5.60,5.75,5.75,5.49,8,1532,8732.00,
512634,SAVERA IND  ,B ,Q,32.85,35.00,32.85,34.55,35.00,34.00,27,1648,56154.00,
531893,SAWACA BUSI ,B ,Q,231.90,231.95,218.05,226.35,226.35,223.90,65,60335,13686134.00,
511144,SAYA HSG.FIN,T ,Q,5.19,5.19,5.19,5.19,5.19,4.95,1,1,5.00,
523710,SAYAJI HOTEL,B ,Q,122.45,122.45,118.00,118.40,118.40,120.05,16,344,41358.00,
590098,SBI GOLD ETS,E ,Q,3062.00,3087.99,3060.00,3068.76,3073.00,3060.39,250,923,2834988.00,
961701,SBIBIIIR    ,F ,B,10535.01,10555.01,10535.01,10553.50,10553.00,10555.50,8,33,348132.00,
961703,SBIBIVR     ,F ,B,10885.00,10888.00,10871.00,10877.09,10877.09,10870.00,21,361,3925946.00,
526544,SCANP GEOM  ,T ,Q,19.25,21.00,19.05,20.15,20.05,20.00,40,20212,403692.00,
507894,SCHABLONA (I,B ,Q,21.90,21.90,20.00,20.00,20.00,21.00,7,9585,197523.00,
534139,SCHNEIDER   ,B ,Q,86.00,90.00,85.50,89.50,89.50,85.70,556,45247,4000112.00,
505141,SCOOTERS IND,T ,Q,30.15,30.15,29.00,29.50,29.50,28.75,21,3750,112515.00,
531886,SCOPE IND   ,B ,Q,16.00,16.55,15.75,16.00,16.00,16.25,20,8259,131874.00,
511433,SDFC FINANCE,T ,Q,18.00,18.70,17.90,17.90,17.90,18.80,17,70937,1269847.00,
532900,SE INVESTM  ,B ,Q,334.00,335.00,332.40,332.95,332.40,334.05,2113,80308,26775698.00,
526807,SEAMEC LTD  ,B ,Q,86.75,86.75,84.30,85.65,85.85,84.10,33,1560,134495.00,
521182,SEASONS FUR.,B ,Q,3.05,3.05,3.05,3.05,3.05,2.91,4,300,915.00,
533268,SEATV       ,B ,Q,66.65,67.00,63.70,64.95,63.70,66.65,54,6532,425346.00,
526843,SEAX GLOBAL ,B ,Q,9.25,9.25,9.25,9.25,9.25,9.43,1,70,647.00,
524540,SECUND.HEALT,T ,Q,22.85,22.95,22.85,22.90,22.90,22.85,15,177608,4063703.00,
532886,SEL MANUF   ,B ,Q,5.45,5.75,5.26,5.54,5.54,5.52,994,1210952,6662402.00,
530075,SELAN EXPLOR,B ,Q,294.00,299.85,282.00,284.30,284.30,292.70,3256,80042,23085952.00,
534598,SEPOWER     ,B ,Q,10.55,11.05,10.50,11.05,11.05,10.90,9,2163,23008.00,
521238,SEQUEL E-ROU,B ,Q,1.80,1.80,1.80,1.80,1.80,1.72,1,100,180.00,
512529,SEQUENT     ,B ,Q,106.30,111.70,106.30,111.70,111.70,106.40,52,4691,516677.00,
533401,SERVALAKSHMI,B ,Q,4.00,4.29,4.00,4.28,4.29,4.09,12,1624,6606.00,
531944,SERVOTECH EN,T ,Q,4.03,4.03,4.03,4.03,4.03,3.96,1,900,3627.00,
500295,SESA GOA    ,A ,Q,170.00,171.60,168.00,170.30,170.30,169.55,6187,396276,67342796.00,
502450,SESHA.PAPER ,B ,Q,187.00,195.00,187.00,190.00,190.00,190.20,7,652,124374.00,
531794,SESHACHAL   ,B ,Q,12.00,12.00,12.00,12.00,12.00,11.71,2,15,180.00,
505075,SETCO AUTO  ,B ,Q,130.00,131.45,129.00,130.15,130.00,130.00,13,16925,2193496.00,
532993,SEZALGLASS  ,B ,Q,7.40,7.66,6.96,7.09,7.30,7.32,96,28358,198279.00,
531812,SGN TELECOMS,B ,Q,0.15,0.15,0.13,0.14,0.13,0.14,7,12002,1785.00,
533110,SH PRECOTED ,B ,Q,2.79,2.89,2.64,2.89,2.89,2.74,9,11275,32558.00,
502563,SH.BHAWANI  ,B ,Q,6.30,6.30,6.30,6.30,6.30,6.26,1,9000,56700.00,
524336,SH.HARI CHEM,B ,Q,10.00,10.00,10.00,10.00,10.00,10.00,2,995,9950.00,
527005,SH.PACETRON.,B ,Q,25.25,25.25,25.20,25.20,25.20,26.45,3,220,5546.00,
501423,SHA ENG PLA ,T ,Q,113.50,113.50,113.50,113.50,113.50,113.90,1,10,1135.00,
513436,SHAH ALLOYS ,B ,Q,6.16,6.45,6.15,6.45,6.45,6.27,7,1028,6333.00,
519031,SHAH FOOD(P),B ,Q,34.10,34.10,34.10,34.10,34.10,32.50,2,160,5456.00,
526841,SHAKTI PRESS,B ,Q,18.00,18.00,18.00,18.00,18.00,17.15,1,1,18.00,
531431,SHAKTI PUMPS,B ,Q,52.00,52.90,51.00,51.30,51.30,51.50,159,10624,551155.00,
511754,SHALIB.FINAN,B ,Q,63.50,63.50,60.00,61.30,61.00,62.15,57,7299,451341.00,
509874,SHALIMAR PAI,B ,Q,585.00,585.90,563.70,574.15,574.15,581.25,79,939,542088.00,
512499,SHALIMAR PRO,B ,Q,1.33,1.39,1.33,1.33,1.33,1.39,9,15000,20230.00,
532455,SHALIMAR WIR,B ,Q,7.10,7.59,7.10,7.58,7.58,7.10,8,491,3621.00,
522034,SHANTHI GEAR,B ,Q,71.00,71.25,70.15,71.10,71.25,70.45,162,35573,2521628.00,
530989,SHANTIVIJAY ,B ,Q,92.50,92.50,92.50,92.50,92.50,95.05,1,15,1387.00,
512393,SHARDUL SECU,B ,Q,36.05,36.05,36.00,36.00,36.00,36.00,9,628,22614.00,
532908,SHARON BIO  ,B ,Q,407.40,408.00,324.70,349.75,349.75,405.85,3228,219837,80449341.00,
523359,SHARP IND.  ,B ,Q,16.80,17.20,16.45,17.05,17.05,16.95,10,1302,21950.00,
523449,SHARP INDIA ,B ,Q,30.65,31.50,30.65,31.20,31.00,31.00,7,583,18052.00,
511413,SHARYANS RES,B ,Q,52.50,54.65,51.40,53.15,53.00,53.05,31,1892,99719.00,
524552,SHASUNPHAR  ,B ,Q,163.05,163.25,160.10,161.70,161.70,162.35,4201,147084,23732072.00,
526081,SHEEL INT.  ,T ,Q,5.25,5.25,4.77,4.77,4.77,5.00,7,855,4321.00,
531800,SHEETAL BIO ,T ,Q,0.27,0.27,0.26,0.26,0.26,0.27,9,39378,10446.00,
530525,SHEETAL DIAM,B ,Q,4.50,4.50,3.27,4.00,4.00,3.80,13,1298,4452.00,
533301,SHEKHAWATI  ,B ,Q,40.15,40.15,39.00,39.25,39.00,39.90,48,37377,1473338.00,
526839,SHELTER     ,B ,Q,26.00,27.75,25.90,27.65,27.65,27.15,17,612,16354.00,
526137,SHETRON LTD ,B ,Q,11.74,11.74,11.05,11.54,11.54,11.22,7,642,7319.00,
531201,SHILCHAR TEC,B ,Q,49.70,49.70,49.70,49.70,49.70,52.30,1,49,2435.00,
513709,SHILP GRAVUR,B ,Q,38.95,39.00,38.95,39.00,39.00,37.30,4,510,19885.00,
530549,SHILPA MEDIC,B ,Q,284.00,284.00,278.00,278.00,278.00,277.55,16,631,177160.00,
533389,SHILPI CABLE,B ,Q,21.30,21.30,19.80,19.90,19.80,20.80,410,61425,1246510.00,
513418,SHIMOGA TECH,B ,Q,0.18,0.19,0.17,0.17,0.17,0.18,10,15819,2843.00,
523598,SHIPP.CORPN ,B ,Q,50.40,50.70,49.65,49.90,49.90,50.70,896,62576,3130365.00,
512289,SHIRPUR GOLD,B ,Q,100.50,101.90,99.00,100.00,100.00,98.25,91,41450,4148214.00,
513097,SHIV.BIMETAL,B ,Q,8.69,8.69,8.00,8.10,8.10,7.92,12,3101,24955.00,
532323,SHIVA CEMENT,B ,Q,4.15,4.15,4.02,4.06,4.06,4.17,77,188029,765172.00,
530433,SHIVA FERT. ,B ,Q,16.20,16.90,16.00,16.30,16.30,16.70,9,1265,20639.00,
511108,SHIVA TEXYAM,T ,Q,24.00,24.50,24.00,24.50,24.50,23.85,17,2600,63222.00,
532776,SHIVAM AUTO ,B ,Q,118.15,123.80,118.00,122.40,122.40,122.10,68,318,37892.00,
522175,SHIVVANI OIL,B ,Q,145.00,145.00,139.00,139.65,139.85,140.15,97,2352,329419.00,
532638,SHOPPER STOP,B ,Q,352.95,360.00,350.15,354.70,353.90,350.45,290,3918,1392046.00,
590058,SHRE AJIT PU,B ,Q,37.05,39.70,37.05,39.70,39.70,38.90,2,50,1855.00,
532793,SHREE ASHTA ,T ,Q,2.21,2.25,2.09,2.21,2.21,2.19,886,1978758,4182212.00,
500387,SHREE CEMENT,A ,Q,3352.00,3355.00,3330.00,3337.75,3330.00,3359.00,21,62,207165.00,
512463,SHREE GLOBAL,B ,Q,55.40,55.50,54.80,55.50,55.50,52.90,64,8553,473045.00,
500388,SHREE KRISHN,B ,Q,10.90,10.90,10.90,10.90,10.90,10.90,3,7684,83755.00,
503837,SHREE RAJSYN,B ,Q,10.60,11.37,10.26,11.32,11.32,10.17,14,1058,11472.00,
532310,SHREE RAMA  ,B ,Q,4.60,5.37,4.55,5.30,5.37,4.48,348,185040,931326.00,
590128,SHREE TULSI ,B ,Q,243.00,245.00,243.00,245.00,245.00,253.90,6,4100,1004448.00,
533180,SHREEGANESH ,B ,Q,89.20,94.55,89.20,94.05,94.05,89.15,1003,53374,4950469.00,
512105,SHREENATH   ,B ,Q,27.75,28.50,27.65,28.00,27.65,28.05,393,560626,15679630.00,
503205,SHREERAM    ,B ,Q,126.20,128.95,126.15,126.25,126.15,129.00,5,240,30332.00,
530219,SHREEYASH   ,B ,Q,12.78,12.78,12.78,12.78,12.78,13.45,11,2575,32908.00,
531962,SHREMETAL   ,T ,Q,35.60,35.60,35.60,35.60,35.60,35.60,1,1,35.00,
523236,SHRENUJ & CO,B ,Q,56.65,56.65,54.75,55.60,55.55,57.35,40,3732,207490.00,
520151,SHREY SH LOG,B ,Q,36.55,37.00,35.50,35.90,35.50,36.55,134,1246,44913.00,
516016,SHREYANS IND,B ,Q,13.00,13.00,13.00,13.00,13.00,13.27,1,1,13.00,
526335,SHREYAS INTE,B ,Q,5.15,5.15,5.15,5.15,5.15,5.40,1,100,515.00,
531695,SHREYCHEM   ,T ,Q,70.00,71.20,68.00,71.00,71.20,69.75,159,112157,7889965.00,
526981,SHRI BAJRANG,B ,Q,24.70,24.70,22.70,22.70,22.70,23.85,2,2,47.00,
503804,SHRI DINESH ,B ,Q,67.50,67.80,65.55,65.60,65.55,69.35,25,956,63914.00,
531693,SHRI GANESH ,B ,Q,0.37,0.39,0.37,0.39,0.39,0.38,3,4001,1480.00,
531080,SHRI KRISH  ,B ,Q,12.36,12.36,12.36,12.36,12.36,13.00,1,20,247.00,
531322,SHRI SHAKTI ,T ,Q,1.39,1.39,1.39,1.39,1.39,1.33,1,1,1.00,
531359,SHRIRAM ASSE,B ,Q,14.80,14.80,14.80,14.80,14.80,14.12,1,50,740.00,
532945,SHRIRAM EPC ,B ,Q,56.10,56.10,53.05,53.10,53.10,54.40,72,1093,59151.00,
511218,SHRIRAM TRAN,A ,Q,626.65,628.90,619.00,623.70,622.50,620.05,285,6196,3869362.00,
511411,SHRISTINFRA ,B ,Q,69.00,69.00,69.00,69.00,69.00,69.00,4,140,9660.00,
532498,SHRMCITYUN  ,B ,Q,765.00,777.00,765.00,770.00,770.00,761.55,311,919,708290.00,
505513,SHRSHA TEX  ,T ,Q,12.15,12.15,12.15,12.15,12.15,11.58,1,10,121.00,
517411,SHYAM TELEC.,B ,Q,24.95,24.95,23.50,24.40,24.40,24.00,16,684,16454.00,
533014,SICAGEN IND ,B ,Q,15.25,15.70,15.10,15.70,15.70,15.50,34,1923,29327.00,
520086,SICAL LOG   ,B ,Q,67.05,67.05,67.00,67.00,67.00,67.00,5,646,43283.00,
500550,SIEMENS LTD.,A ,Q,666.00,675.00,660.45,671.00,675.00,666.95,403,6452,4302073.00,
512131,SIGNET IND  ,T ,Q,153.50,158.50,148.80,158.05,158.00,153.00,72,5584,850778.00,
531863,SIGRUN HOLD ,B ,Q,0.30,0.34,0.29,0.32,0.34,0.32,20,41464,13282.00,
523606,SIKA INTER. ,T ,Q,18.00,18.25,18.00,18.25,18.25,17.40,6,185,3331.00,
524642,SIKOZY REAL ,T ,Q,39.35,39.35,37.00,37.05,37.00,38.70,8,1685,62692.00,
521194,SIL INVEST  ,B ,Q,71.20,73.20,68.00,71.70,71.70,65.25,23,429,31081.00,
531738,SILICON VAL.,B ,Q,0.20,0.20,0.19,0.20,0.20,0.19,9,4458,860.00,
526835,SILKTEX LTD.,T ,Q,4.99,4.99,4.99,4.99,4.99,5.25,1,30,149.00,
531635,SILVER OAK  ,T ,Q,12.60,12.60,12.60,12.60,12.60,13.20,1,50,630.00,
531626,SILVER SMITH,B ,Q,10.30,10.30,10.21,10.21,10.21,10.05,2,2000,20510.00,
512197,SILVEROAK   ,T ,Q,9.40,10.30,9.35,9.51,9.36,9.84,21,1364,12931.00,
507446,SIMBH.SUGAR ,B ,Q,25.85,26.25,25.25,25.30,25.30,26.55,185,23947,609953.00,
507998,SIMMONDS-MAR,B ,Q,31.85,31.85,30.00,30.00,30.00,29.25,2,60,1818.00,
513472,SIMPLEX CAST,B ,Q,56.60,57.60,56.50,57.05,57.05,58.05,10,564,31913.00,
533018,SIMPLEX MIL ,T ,Q,24.00,24.00,23.65,23.65,23.65,24.85,8,164,3899.00,
532877,SIMPLEX PROJ,B ,Q,51.00,51.00,42.65,42.75,42.65,43.05,9,136,5885.00,
504382,SIMPLEX TRAD,B ,Q,71.90,71.90,71.90,71.90,71.90,68.50,3,8,575.00,
523838,SIMPLX INFRA,B ,Q,198.25,198.25,194.00,194.10,194.10,194.10,19,509,98810.00,
519566,SIMRAN FARMS,T ,Q,31.10,31.60,30.80,31.60,31.60,30.10,64,12256,387054.00,
505729,SINGER INDIA,B ,Q,57.45,57.45,54.25,55.45,55.45,56.20,295,43026,2394017.00,
502742,SINTEX IND. ,B ,Q,54.10,57.20,53.40,56.45,56.45,53.85,3361,445864,24605247.00,
532879,SIR SHADI LA,T ,Q,41.10,41.10,41.00,41.05,41.05,41.45,8,1915,78596.00,
502455,SIRPUR PAPER,B ,Q,32.30,34.30,32.30,34.30,34.30,33.15,6,85,2815.00,
532961,SITA SHREE  ,B ,Q,5.20,5.80,5.10,5.65,5.65,5.40,29,2748,14113.00,
503811,SIYARAM SILK,B ,Q,288.00,290.95,285.20,287.45,285.20,292.50,42,699,201004.00,
533206,SJVN        ,A ,Q,19.15,19.25,19.05,19.15,19.20,19.15,90,36342,695192.00,
500472,SKF INDIA   ,B ,Q,607.00,615.25,607.00,609.70,609.70,606.80,59,964,586822.00,
526508,SKS LOG LTD ,B ,Q,9.01,9.01,9.01,9.01,9.01,9.00,2,51,459.00,
533228,SKS MICRO   ,T ,Q,101.00,101.65,99.00,100.25,100.25,102.60,556,57793,5789280.00,
522042,SM ENERGY   ,T ,Q,2.72,2.72,2.72,2.72,2.72,2.86,1,100,272.00,
532419,SMARTLINK   ,B ,Q,48.90,49.50,48.60,48.75,48.75,48.95,134,1270,62417.00,
512048,SMIL        ,B ,Q,18.15,18.40,18.00,18.15,18.15,18.10,204,143684,2599905.00,
519586,SMILAX      ,T ,Q,16.65,17.85,16.20,17.50,17.50,17.00,36,26030,459667.00,
505192,SMLISUZU    ,B ,Q,385.00,389.00,385.00,387.65,389.00,381.85,10,389,150730.00,
517214,SMOBILITY   ,B ,Q,38.50,41.55,38.50,40.05,40.00,40.00,61,110,4476.00,
590046,SMRUTHI ORG ,B ,Q,202.00,206.75,199.55,202.60,202.60,202.00,28,1678,339183.00,
532815,SMS PHARMACE,T ,Q,195.00,201.10,192.00,201.10,201.10,191.55,26,2676,533649.00,
505827,SNL BEARINGS,B ,Q,26.30,28.90,26.25,28.85,28.90,27.00,6,156,4115.00,
532784,SOBHA DEV   ,B ,Q,327.05,336.00,327.05,334.25,334.25,331.90,132,2793,934899.00,
524719,SOCRUS BIO  ,T ,Q,3.60,3.78,3.50,3.53,3.52,3.60,12,2667,9418.00,
530651,SOFT INF SOL,B ,Q,14.45,15.00,14.45,14.95,15.00,15.00,11,2222,33234.00,
532293,SOFTWARE TEC,B ,Q,3.80,3.80,3.05,3.41,3.41,3.29,55,2072,6711.00,
532725,SOLAR IND   ,B ,Q,992.80,997.30,978.00,978.90,978.90,996.40,277,6683,6611984.00,
513699,SOLID STONE ,B ,Q,55.50,55.50,55.10,55.10,55.10,55.00,6,4252,234386.00,
522152,SOLITAIR MAC,B ,Q,17.60,17.60,16.40,16.90,16.90,16.60,6,1051,17301.00,
507514,SOM DISTILL.,B ,Q,257.50,257.50,249.00,251.40,250.00,249.45,255,7837,1973686.00,
521034,SOMA TEXTILE,B ,Q,4.22,4.50,4.22,4.48,4.50,4.30,19,3389,14958.00,
531548,SOMANY CRAM ,B ,Q,43.40,43.40,42.05,43.00,43.00,42.90,65,2735,115558.00,
533001,SOMI CONVEY ,B ,Q,10.40,10.97,10.40,10.96,10.40,10.49,5,303,3265.00,
520057,SONA KOYO ST,B ,Q,12.35,12.54,12.15,12.34,12.43,12.28,190,20296,250320.00,
526901,SONAL ADHESI,T ,Q,13.65,13.65,13.65,13.65,13.65,13.08,1,10,136.00,
532221,SONATA SOFT.,T ,Q,20.00,20.00,18.75,19.05,19.00,19.10,66,18323,347704.00,
524667,SOTL        ,B ,Q,466.00,466.15,466.00,466.00,466.00,466.10,6,105,48933.00,
532218,SOUTH IND.BK,B ,Q,21.85,22.10,21.70,22.00,22.00,21.80,569,285611,6262101.00,
590030,SOUTH PET(PS,B ,Q,14.45,14.45,13.14,13.31,13.31,13.32,413,89970,1197781.00,
532669,SOUTHBIOTEC ,B ,Q,4.00,4.23,3.85,3.85,3.85,4.00,16,6346,24727.00,
531645,SOUTHERN ISP,B ,Q,2.95,3.03,2.81,2.97,3.00,3.01,22,5504,16114.00,
523826,SOVEREIGN DI,B ,Q,3.49,3.49,3.39,3.39,3.39,3.33,3,209,709.00,
532025,SOWBH MEDIA ,T ,Q,14.85,15.90,14.85,15.90,15.90,15.60,6,352,5239.00,
530289,SP CAPITAL  ,B ,Q,82.35,111.00,82.35,101.15,101.15,93.00,240,76670,7425882.00,
524727,SPAN DIAGNOS,B ,Q,29.00,33.00,28.15,29.15,28.15,30.70,50,3103,90454.00,
508976,SPANCO      ,B ,Q,34.00,35.80,33.60,34.50,34.50,33.55,302,19303,664225.00,
531370,SPARC SYSTEM,B ,Q,2.73,2.73,2.72,2.72,2.72,2.86,5,354,964.00,
502465,SPECIALITY P,T ,Q,10.10,10.10,9.95,9.96,9.95,10.08,31,3577,35777.00,
534425,SPECIALITY R,B ,Q,158.65,161.85,158.10,159.95,160.40,158.60,314,8067,1289909.00,
512413,SPECTACLE   ,B ,Q,3.59,3.59,3.10,3.11,3.10,3.39,53,8901,29222.00,
531982,SPECTR FOOD ,T ,Q,114.50,116.00,112.10,115.95,116.00,117.90,62,5757,665942.00,
513687,SPECTRA IND.,B ,Q,8.76,8.76,7.96,8.75,7.97,8.35,6,302,2643.00,
517166,SPEL SEMICON,B ,Q,8.17,8.17,6.86,7.24,7.25,6.82,22,2509,17748.00,
521082,SPENTEX INDS,B ,Q,4.37,4.75,4.37,4.75,4.75,4.53,22,3693,17258.00,
526827,SPICE ISLAND,T ,Q,11.99,11.99,11.32,11.32,11.32,11.91,2,155,1788.00,
500285,SPICEJET LTD,B ,Q,30.40,31.20,30.10,30.40,30.40,30.15,6042,2799490,85712346.00,
532651,SPL INDS    ,B ,Q,2.60,2.60,2.60,2.60,2.60,2.69,2,600,1560.00,
500402,SPMLINFRA   ,B ,Q,67.80,67.85,60.00,61.00,61.00,61.20,22,301,18853.00,
532249,SQL STAR INT,B ,Q,4.91,4.99,4.91,4.99,4.99,5.16,10,2511,12365.00,
531149,SRANG MARK  ,B ,Q,11.50,11.50,11.50,11.50,11.50,10.96,2,355,4082.00,
532842,SREE RAYALA ,B ,Q,39.95,39.95,38.00,39.85,39.85,38.00,16,767,29609.00,
532701,SREE SAKTHI ,B ,Q,24.45,25.00,24.45,24.80,24.80,24.90,26,2116,52279.00,
507753,SREE.RAY.ALK,B ,Q,9.79,9.79,8.36,8.82,8.61,8.56,30,8835,77522.00,
523756,SREIINFRA   ,B ,Q,23.60,23.60,22.50,23.20,23.20,23.20,336,51423,1185052.00,
503806,SRF LIMITED ,B ,Q,212.20,219.00,212.20,218.05,217.40,215.55,149,3787,820147.00,
524410,SRHHL IND   ,B ,Q,3.74,4.34,3.73,4.34,4.34,4.06,6,573,2271.00,
530943,SRI ADHIKARI,B ,Q,98.35,99.00,97.80,98.05,97.80,97.35,70,12646,1246554.00,
502180,SRI DIGV CEM,B ,Q,11.00,11.10,10.73,10.87,11.07,11.07,78,27526,302102.00,
514442,SRI KPR IND ,B ,Q,15.10,15.10,15.10,15.10,15.10,14.40,2,71,1072.00,
521161,SRI LAK.SAR.,T ,Q,16.40,16.40,16.40,16.40,16.40,17.10,1,50,820.00,
526893,SRINIVASA HA,B ,Q,58.00,58.00,58.00,58.00,58.00,58.00,6,229,13282.00,
515081,SRIVAJRA GRA,T ,Q,4.20,4.20,4.20,4.20,4.20,4.03,1,100,420.00,
700102,SRRAYL ALKPS,B ,P,4.85,4.87,4.26,4.87,4.87,4.06,16,7595,35164.00,
533569,SRS LIMITED ,B ,Q,41.00,41.00,39.70,40.20,40.25,40.15,686,124038,4978436.00,
533305,SRS REAL    ,B ,Q,35.30,35.30,35.05,35.20,35.15,35.15,378,228076,8005899.00,
522296,SS FORG ENG.,T ,Q,2.73,2.73,2.73,2.73,2.73,2.60,1,5,13.00,
530821,SSPDL LTD   ,B ,Q,14.00,14.00,14.00,14.00,14.00,14.26,1,75,1050.00,
501061,ST.BANK BIKA,B ,Q,334.70,334.70,328.50,331.80,331.80,330.90,68,1583,525052.00,
513262,ST.STR.WHEEL,B ,Q,174.90,194.85,172.20,187.45,187.45,171.05,1255,31725,5936128.00,
531723,STAMPEDE CAP,B ,Q,64.50,64.90,64.50,64.90,64.90,64.15,9,340,22053.00,
580001,STAN CHART  ,B ,I,102.55,102.60,101.00,101.90,102.45,102.65,219,14409,1466305.00,
506105,STANROSE MAF,T ,Q,72.90,72.90,67.30,69.50,69.95,70.80,11,206,14150.00,
516022,STAR PAPER  ,B ,Q,12.30,12.30,12.30,12.30,12.30,12.31,2,287,3530.00,
531616,STARCOM     ,T ,Q,102.50,107.00,101.80,107.00,107.00,107.15,8,1325,135057.00,
517548,STARLITE COM,T ,Q,3.08,3.08,3.08,3.08,3.08,3.24,3,39,120.00,
500112,STATE BANK  ,A ,Q,1862.00,1878.75,1851.75,1872.25,1872.25,1849.20,15745,344898,643469082.00,
532200,STATE BNK MY,B ,Q,460.70,469.85,458.25,462.85,464.90,460.70,30,170,78805.00,
532191,STATE BNK TR,B ,Q,489.40,489.45,476.35,482.00,479.50,484.15,50,357,172830.00,
512531,STC INDIA   ,B ,Q,260.90,262.90,254.85,256.95,256.95,259.20,2264,92828,24006643.00,
504180,STD.BATTERY ,B ,Q,11.72,11.72,11.00,11.00,11.00,11.17,2,2,22.00,
530017,STD.INDUST. ,T ,Q,16.20,16.45,15.55,16.10,16.00,16.00,21,6026,96045.00,
500113,STEEL AUTH. ,A ,Q,77.00,77.45,75.85,77.20,77.20,76.60,1955,259042,19873759.00,
590037,STEEL EXCH  ,B ,Q,58.90,58.90,56.05,56.95,56.05,56.15,25,20705,1184967.00,
513517,STEELCAST   ,B ,Q,44.00,46.50,43.15,45.60,46.50,44.50,24,3048,137920.00,
500399,STEELCO GUJ.,B ,Q,3.50,3.50,3.50,3.50,3.50,3.50,5,110,385.00,
533316,STEL        ,B ,Q,13.05,13.49,12.72,13.49,13.49,13.05,6,2310,30050.00,
513530,STELCO STRIP,B ,Q,3.24,3.24,3.24,3.24,3.24,3.40,1,100,324.00,
532374,STER TECH   ,B ,Q,28.40,28.65,27.90,28.15,28.15,28.60,894,161436,4566356.00,XD
508998,STERL INTER ,T ,Q,5.35,5.60,5.09,5.16,5.19,5.35,174,144947,745320.00,
512299,STERL.BIOTEC,B ,Q,6.58,6.58,6.58,6.58,6.58,6.27,58,94865,624211.00,
523363,STERL.HOL.RS,B ,Q,78.20,78.90,77.05,78.20,77.75,77.60,274,50550,3947230.00,
500900,STERLITE IN ,A ,Q,96.20,96.80,95.35,96.25,96.25,95.80,5236,567116,54572119.00,
934796,STF NCD2 RE ,F ,D,1000.00,1000.00,1000.00,1000.00,1000.00,1002.00,1,50,50000.00,
934785,STFC NCDI   ,F ,D,623.00,623.00,623.00,623.00,623.00,621.98,1,100,62300.00,
934786,STFC NCDII  ,F ,D,621.16,621.16,621.16,621.16,621.16,627.00,3,100,62116.00,
934787,STFC NCDIII ,F ,D,1365.00,1372.00,1365.00,1367.00,1367.00,1365.00,4,67,91615.00,
934788,STFC NCDIV  ,F ,D,1016.00,1016.00,1016.00,1016.00,1016.00,1027.20,1,5,5080.00,
934850,STFC2012A   ,F ,D,990.00,994.00,988.00,988.00,988.00,994.00,10,421,416826.00,
934851,STFC2012B   ,F ,D,993.00,993.00,982.00,988.25,988.25,987.50,54,1781,1757549.00,
934852,STFC2012C   ,F ,D,995.00,995.00,995.00,995.00,995.00,989.97,1,1,995.00,
934853,STFC2012D   ,F ,D,971.60,986.00,971.60,986.00,986.00,985.08,6,79,77744.00,
934811,STFNCD 1RES ,F ,D,1043.00,1049.85,1043.00,1048.00,1048.00,1046.27,5,77,80679.00,
934812,STFNCD 1UNR ,F ,D,1015.00,1030.00,1014.99,1030.00,1030.00,1014.90,5,39,39614.00,
934814,STFNCD 2RES ,F ,D,1025.00,1025.00,1025.00,1025.00,1025.00,1026.40,2,33,33825.00,
513151,STI INDIA LT,B ,Q,18.15,18.15,18.15,18.15,18.15,18.95,1,300,5445.00,
532730,STL GLOBAL  ,B ,Q,3.35,3.50,3.25,3.26,3.25,3.35,9,7975,26468.00,
522085,STONE INDIA ,B ,Q,17.00,17.85,16.90,17.75,17.45,17.15,71,6492,113134.00,
532679,STORE ONE   ,B ,Q,24.80,24.85,24.00,24.85,24.85,24.55,6,305,7572.00,
504959,STOVAC IND. ,B ,Q,292.40,300.00,288.05,295.75,293.55,293.00,30,848,247945.00,
526500,STR GRE WOO ,B ,Q,9.00,9.70,9.00,9.70,9.70,9.25,3,1572,14698.00,
532531,STRIDES     ,A ,Q,824.45,828.35,813.10,819.05,819.05,820.35,1453,35087,28793173.00,
530611,STURDY INDS ,B ,Q,2.84,3.07,2.83,3.07,3.07,2.96,11,13900,40838.00,
506222,STYROLUTN   ,B ,Q,640.00,640.05,635.00,636.75,639.90,642.20,16,228,145339.00,
526733,SUASHISH DIA,B ,Q,150.00,150.05,150.00,150.05,150.05,150.00,9,4101,615155.00,
532348,SUBEX LTX   ,B ,Q,13.10,13.30,12.56,12.66,12.66,12.91,907,191645,2443408.00,
531866,SUBHKAM CAP ,B ,Q,108.80,108.80,105.00,105.00,105.00,110.00,3,19,1999.00,
517168,SUBROS LTD. ,B ,Q,27.35,27.60,26.05,27.45,27.60,27.20,108,14533,390149.00,
506003,SUDAL INDUS ,B ,Q,20.00,20.00,19.50,19.50,19.70,19.15,8,1026,20012.00,
533332,SUDAR GARM  ,B ,Q,61.10,62.30,60.05,61.45,61.45,60.10,174,120951,7417982.00,
506655,SUDARSH.CHEM,B ,Q,545.00,550.00,466.00,487.95,487.95,465.00,11,152,80094.00,
521113,SUDITI IND. ,B ,Q,7.96,8.75,7.96,7.96,7.96,8.37,15,19512,155367.00,
511654,SUGAL DAM   ,B ,Q,8.85,8.85,8.85,8.85,8.85,9.28,1,250,2212.00,
517224,SUJANA INDUS,B ,Q,2.46,2.59,2.46,2.57,2.55,2.50,51,41404,105652.00,
513414,SUJANA METAL,B ,Q,2.95,2.97,2.90,2.92,2.93,2.85,36,28879,84563.00,
532887,SUJANATOWER ,B ,Q,4.00,4.12,4.00,4.12,4.12,3.93,100,163163,667452.00,
524542,SUKJIT STRCH,B ,Q,148.25,161.50,145.05,151.35,148.60,149.40,33,784,118840.00,
508969,SULABH ENG. ,T ,Q,216.55,216.55,216.55,216.55,216.55,212.35,13,2025,438513.00,
530419,SUMEDHA FISC,B ,Q,13.16,15.75,13.16,13.98,14.80,14.48,42,6617,92591.00,
514211,SUMEET INDS.,B ,Q,15.95,15.95,15.50,15.60,15.60,15.50,119,124309,1937476.00,
530445,SUMERU IND  ,B ,Q,0.42,0.42,0.42,0.42,0.42,0.40,1,1,0.00,
533306,SUMMIT SECU ,B ,Q,75.60,78.20,75.55,77.45,78.20,77.80,23,622,47606.00,
531013,SUN GRANITE ,T ,Q,11.00,11.00,11.00,11.00,11.00,10.50,2,10,110.00,
524715,SUN PHARMA. ,A ,Q,668.00,669.25,657.55,663.40,663.40,667.45,710,19506,12927078.00,
517403,SUN SOURCE  ,T ,Q,2.23,2.23,2.23,2.23,2.23,2.29,1,10,22.00,
531752,SUN TECHNO  ,T ,Q,0.36,0.37,0.36,0.37,0.37,0.36,2,1581,569.00,
532733,SUN TVNET   ,A ,Q,294.00,298.50,292.50,295.40,295.40,292.45,535,14989,4435247.00,
530795,SUNCITY SYNT,T ,Q,7.86,7.86,7.86,7.86,7.86,8.27,1,5,39.00,
520056,SUNDAR.CLAY ,B ,Q,181.00,184.15,178.15,180.00,180.00,179.30,141,2837,511886.00,
590072,SUNDARAM BRK,B ,Q,160.00,164.00,160.00,161.00,161.00,155.00,28,29,4646.00,
500403,SUNDARAM FAS,B ,Q,42.70,44.50,42.70,44.20,44.20,43.50,73,5034,220783.00,
590071,SUNDARAM FIN,B ,Q,833.00,833.00,822.00,826.25,827.00,823.55,111,1525,1260511.00,
533166,SUNDARAMMUL ,B ,Q,15.00,15.05,14.90,14.99,14.99,14.98,26,87804,1316645.00,
530425,SUNDAY EXPOR,T ,Q,5.47,5.47,5.47,5.47,5.47,5.75,1,1,5.00,
500404,SUNFLAG IRON,B ,Q,19.20,19.65,19.10,19.35,19.35,19.25,42,11346,218574.00,
531433,SUNGOLD CAP.,T ,Q,5.60,5.99,5.56,5.99,5.99,5.85,6,160,913.00,
530953,SUNIL AGRO F,B ,Q,17.40,17.40,17.30,17.30,17.30,17.60,2,749,12977.00,
532711,SUNIL HITECH,B ,Q,58.30,60.35,58.30,59.80,59.80,57.75,85,3760,223942.00,
531295,SUNLAKE     ,T ,Q,2.65,2.75,2.65,2.75,2.75,2.75,3,1000,2670.00,
532872,SUNPHA ADV  ,B ,Q,73.00,73.00,71.65,72.00,72.00,72.65,173,6940,500996.00,
530845,SUNSHIELD CH,B ,Q,31.75,31.75,29.45,29.60,31.70,30.25,14,1663,52186.00,
532154,SUNSHINE    ,T ,Q,22.05,22.05,22.05,22.05,22.05,21.00,1,100,2205.00,
512179,SUNTECK REAL,B ,Q,314.90,315.00,311.05,312.95,313.00,315.05,18,3553,1111965.00,
530883,SUPER CROP. ,B ,Q,17.95,18.35,16.80,18.15,18.35,17.50,5,5,89.00,
523283,SUPER HOUSE ,B ,Q,49.25,50.00,48.35,49.60,49.60,49.00,18,5425,267448.00,
512527,SUPER SAL IN,B ,Q,180.00,180.00,180.00,180.00,180.00,178.00,2,356,64080.00,
521180,SUPER SPIN. ,B ,Q,6.25,6.50,6.12,6.22,6.22,6.25,13,3054,19142.00,
523842,SUPER TANNER,B ,Q,1.77,1.77,1.73,1.73,1.73,1.72,3,2010,3477.00,
526133,SUPERTEX IND,B ,Q,4.17,4.25,4.17,4.20,4.20,4.22,12,3022,12807.00,
532509,SUPRAJIT ENG,B ,Q,24.55,24.95,24.30,24.75,24.85,24.85,61,9592,236449.00,
509930,SUPREM IND  ,B ,Q,283.00,283.00,279.65,280.30,280.30,282.95,149,5702,1605272.00,
532904,SUPREME INFR,B ,Q,273.35,281.50,270.00,274.50,274.50,273.60,68,1581,432362.00,
500405,SUPREME PETR,B ,Q,47.00,49.50,47.00,48.75,48.70,47.10,80,6896,334614.00,
531934,SUPREME TEX ,T ,Q,3.20,3.20,3.06,3.06,3.06,3.19,2,100,315.00,
512311,SURABHI CHEM,T ,Q,2.64,2.64,2.64,2.64,2.64,2.52,1,100,264.00,
531638,SURAJ LTD   ,B ,Q,42.40,45.90,42.40,44.30,44.20,43.95,99,13913,627385.00,
518075,SURAJ PRODUC,T ,Q,14.40,14.50,14.00,14.50,14.50,14.00,6,266,3781.00,
531102,SURANA CORPO,B ,Q,67.30,71.30,67.30,71.30,71.30,70.50,3,135,9505.00,
513597,SURANA INDS ,B ,Q,154.00,158.00,154.00,155.75,155.00,154.45,14,41,6341.00,
533298,SURANA VENT ,B ,Q,19.00,19.95,19.00,19.95,19.95,19.00,3,210,4011.00,
517530,SURANATP    ,B ,Q,17.00,17.90,17.00,17.90,17.90,17.05,4,452,7685.00,
530185,SURAT TEXT. ,B ,Q,1.63,1.74,1.63,1.73,1.74,1.71,11,12451,20549.00,
532516,SURYA PHARMA,B ,Q,1.72,1.76,1.70,1.72,1.73,1.70,107,140102,242423.00,
500336,SURYA ROSHNI,B ,Q,48.95,49.90,48.25,48.70,48.55,48.90,83,3775,185122.00,
532874,SURYACHAKRA ,B ,Q,0.98,1.00,0.94,0.95,0.97,0.97,261,419175,404683.00,
521022,SURYAJYOTI S,B ,Q,11.50,11.78,10.76,11.19,11.19,11.11,111,5326,59554.00,
514138,SURYALATA SP,B ,Q,56.55,58.85,56.50,57.25,57.25,58.05,12,503,28627.00,
533101,SURYAMBA SP ,B ,Q,23.65,25.30,23.40,24.00,24.40,24.60,18,990,23492.00,
530867,SURYANAGRI F,T ,Q,51.00,52.00,51.00,51.90,51.90,51.00,40,210400,10875510.00,
514140,SURYAVA SPIN,B ,Q,11.25,11.97,11.00,11.52,11.94,12.00,16,926,10324.00,
521200,SURYLAK.COTT,B ,Q,70.00,71.90,70.00,71.85,71.90,72.00,6,252,17651.00,
532782,SUTLEJ TEXT ,B ,Q,186.95,192.00,172.35,174.10,174.10,179.00,25,789,139163.00,
530239,SUVEN LIFE S,B ,Q,23.40,23.90,23.00,23.20,23.25,23.05,799,127652,2977553.00,
532667,SUZLONENERGY,A ,Q,15.30,15.40,15.11,15.27,15.27,15.05,2323,1435729,21864583.00,
512257,SVARTCORP   ,B ,Q,3.15,3.19,2.96,2.97,2.97,2.97,22,14188,42463.00,
512449,SVC RES     ,B ,Q,3.81,4.09,3.77,4.04,4.05,3.94,22,23494,93247.00,
531909,SWAGRUHA    ,T ,Q,72.95,72.95,72.95,72.95,72.95,69.50,3,33,2407.00,
503310,SWAN ENG    ,B ,Q,128.00,131.45,128.00,129.70,130.10,130.00,1216,127553,16555411.00,
500407,SWARAJ ENGIN,B ,Q,405.00,407.95,400.00,401.50,401.50,405.05,24,193,78021.00,
526365,SWARNASA    ,B ,Q,22.10,27.90,22.10,27.80,27.75,25.25,85,42723,1179573.00,
510245,SWASTI VINAY,B ,Q,3.06,3.09,3.06,3.09,3.09,3.03,28,17720,54751.00,
530585,SWASTIK INV ,B ,Q,31.80,31.80,31.80,31.80,31.80,33.25,1,1,31.00,
532051,SWELECT     ,B ,Q,136.05,138.80,136.00,138.45,137.60,137.45,76,2088,286628.00,
522215,SWISS GLASS ,B ,Q,34.95,34.95,34.95,34.95,34.95,34.95,1,1,34.00,
531499,SYBLY INDS. ,B ,Q,0.44,0.48,0.44,0.48,0.48,0.46,49,726479,325888.00,
511447,SYLPH TECH  ,B ,Q,3.20,3.20,3.10,3.10,3.10,3.20,4,1851,5838.00,
517385,SYMPHONY    ,B ,Q,346.00,374.00,345.35,362.60,362.60,345.05,2453,49125,17972044.00,
524470,SYNCOM FORM.,B ,Q,56.45,56.45,50.05,52.45,52.45,55.60,337,316630,17111029.00,
533157,SYNCOM HEAL ,B ,Q,9.25,9.50,9.10,9.46,9.50,9.26,16,2735,25538.00,
532276,SYNDICATE BN,A ,Q,93.70,96.85,93.50,96.15,96.15,93.90,473,50367,4793673.00,
531115,SYNERGY     ,T ,Q,0.95,0.95,0.95,0.95,0.95,0.95,1,100,95.00,
513307,SYNTHIKO FOI,T ,Q,10.70,10.70,10.70,10.70,10.70,11.25,1,100,1070.00,
531173,SYSCHEM (I) ,B ,Q,1.36,1.36,1.25,1.27,1.27,1.27,9,14537,18417.00,
522294,T & I GLOBAL,B ,Q,14.90,16.05,14.85,15.05,15.05,15.40,17,1106,16523.00,
532444,T. SPIRITUAL,B ,Q,1.14,1.15,1.09,1.09,1.09,1.11,11,11312,12976.00,
500777,T.P.L.      ,B ,Q,12.91,13.05,12.80,12.92,12.92,13.02,62,6525,84151.00,
519483,TAI INDUST. ,B ,Q,9.70,9.70,9.70,9.70,9.70,10.20,2,10,97.00,
507785,TAINWALA CH.,B ,Q,20.45,20.45,19.15,19.65,19.65,20.00,8,765,15344.00,
532390,TAJ GVK HOTL,B ,Q,64.00,67.90,64.00,65.70,65.70,63.75,785,58717,3893824.00,
505850,TAK MACHINE.,T ,Q,90.05,90.05,86.00,89.00,89.00,85.80,7,66,5847.00,
532890,TAKE SOLUT  ,B ,Q,40.45,40.50,39.00,40.05,39.80,39.15,181,19957,798648.00,
533639,TAKSHEEL    ,B ,Q,10.13,10.89,10.13,10.73,10.73,10.38,81,25105,265156.00,
505160,TALBROS AUTO,B ,Q,42.30,42.30,37.00,39.00,39.00,38.00,6,52,1942.00,
533200,TALWALKAR   ,B ,Q,148.60,151.00,146.60,149.70,149.70,147.30,146,5384,805903.00,
521038,TAM.JAI.MILL,T ,Q,6.22,6.22,6.22,6.22,6.22,6.22,1,1,6.00,
533170,TAMBOLI CAP ,B ,Q,22.05,23.85,22.00,22.00,22.00,22.00,8,1960,43138.00,
531426,TAMIL.NEWSPR,B ,Q,112.00,114.50,111.70,113.95,113.55,111.95,164,16741,1899611.00,
523419,TAMIL.TELE. ,T ,Q,3.79,3.79,3.79,3.79,3.79,3.70,5,13,49.00,
522229,TANEJA AERO.,B ,Q,25.00,25.95,24.50,25.85,25.85,25.65,6,308,7783.00,
506854,TANFAC IND. ,B ,Q,15.45,15.60,15.00,15.25,15.25,14.60,13,5164,79882.00,
532790,TANLA       ,B ,Q,5.57,5.60,5.40,5.48,5.49,5.57,60,17217,94498.00,
532738,TANTIA CONS ,B ,Q,54.50,54.50,50.80,52.90,52.90,52.30,224,21310,1108507.00,
519285,TARAI FOODS ,T ,Q,2.97,2.97,2.97,2.97,2.97,2.84,1,1,2.00,
533203,TARAPUR TRA ,B ,Q,11.35,12.05,11.31,11.90,11.90,11.68,20,4400,52335.00,
519091,TASTY BITE  ,B ,Q,101.50,101.60,101.50,101.50,101.50,104.70,6,880,89340.00,
500770,TATA CHEM.  ,A ,Q,305.00,305.75,303.55,304.90,304.90,304.40,352,9525,2900966.00,
532301,TATA COFFEE ,B ,Q,977.00,983.95,962.00,968.35,968.35,975.30,1101,21471,20848406.00,
500483,TATA COMM   ,A ,Q,227.50,228.00,225.00,226.20,226.20,227.45,207,5129,1162835.00,
500408,TATA ELXSI  ,B ,Q,212.30,214.00,209.75,212.75,212.00,213.10,163,3588,759799.00,
501301,TATA INVEST.,B ,Q,432.20,432.20,424.00,427.75,428.00,428.15,155,1716,734322.00,
513434,TATA METALIK,B ,Q,56.00,56.00,54.85,55.15,55.15,55.70,154,10572,583354.00,
500570,TATA MOTORS ,A ,Q,231.25,235.50,230.25,234.80,234.80,230.85,7719,1006166,234567032.00,
500400,TATA POWER  ,A ,Q,98.40,98.40,95.60,96.45,96.45,97.70,2376,246461,23771482.00,
513010,TATA SPONGE ,B ,Q,285.00,297.50,285.00,295.05,295.05,289.35,169,2801,825851.00,
500470,TATA STEEL  ,A ,Q,358.00,364.85,355.45,363.10,363.10,358.05,14647,684846,247745611.00,
532371,TATA TELESER,B ,Q,10.89,10.90,10.66,10.82,10.82,10.76,343,139420,1504074.00,
504961,TATA YODOGAW,B ,Q,82.00,83.70,78.35,83.65,83.70,82.00,18,1284,104920.00,
500800,TATAGLOBAL  ,A ,Q,130.90,132.40,130.00,132.00,132.00,130.30,2074,195923,25741622.00,
570001,TATAMTRTDVR ,B ,Q,137.10,139.95,135.10,139.20,139.20,137.55,1772,113274,15695371.00,
521228,TATIA GLOB  ,B ,Q,3.00,3.00,2.86,2.86,2.86,3.00,11,3580,10299.00,
531190,TAVERNIER   ,B ,Q,12.32,13.00,12.32,13.00,13.00,12.91,2,101,1245.00,
534369,TBZ LTD     ,B ,Q,102.75,105.05,102.20,103.70,103.70,103.75,460,35114,3634599.00,
532284,TCFC FINANCE,B ,Q,14.46,15.75,14.36,15.52,15.75,14.55,9,863,12655.00,
533393,TCI DEVELP  ,B ,Q,120.00,125.25,120.00,124.80,125.25,125.00,6,79,9699.00,
501242,TCI FINANCE ,B ,Q,38.00,38.50,37.80,38.15,38.15,35.90,10,1351,51595.00,
532262,TCI INDUS.  ,B ,Q,720.10,732.50,720.00,721.15,721.15,752.15,13,400,291425.00,
523301,TCPL PACK   ,B ,Q,51.00,52.10,49.25,52.00,52.00,50.25,11,590,30456.00,
532540,TCS LTD.    ,A ,Q,1334.50,1347.00,1323.25,1342.20,1342.20,1338.50,3139,64909,86794477.00,
533553,TD POWER    ,B ,Q,272.00,272.00,270.00,270.00,270.00,272.25,7,209,56730.00,
532755,TECH MAH    ,A ,Q,818.00,829.40,812.80,820.90,820.90,810.50,7889,192067,157699935.00,
533281,TECHNO ELE  ,B ,Q,181.50,181.50,160.60,174.95,173.00,175.15,353,25508,4505200.00,
522142,TECHNO FORGE,T ,Q,16.35,16.35,16.35,16.35,16.35,17.20,1,1,16.00,
532804,TECHNOCRAFT ,T ,Q,73.80,73.80,70.75,71.00,71.00,71.80,31,5871,418325.00,
533216,TECHNOFAB   ,B ,Q,117.65,118.00,115.05,115.70,116.25,117.55,42,590,68773.00,
523455,TECHTRN.POLY,B ,Q,20.55,20.95,20.35,20.75,20.75,20.75,10,854,17640.00,
533266,TECPRO SYS  ,B ,Q,157.65,160.00,156.05,159.00,159.90,156.15,33,2805,444846.00,
524204,TEESTA AGRO ,T ,Q,10.99,11.02,10.81,10.81,10.81,10.50,3,130,1411.00,
532358,TELE DATA IN,T ,Q,0.85,0.87,0.81,0.83,0.83,0.83,46,45784,38895.00,
533089,TELE TECHNO ,T ,Q,0.22,0.23,0.22,0.23,0.23,0.22,22,131427,29014.00,
530595,TELECANOR   ,T ,Q,7.55,7.55,7.55,7.55,7.55,7.70,2,700,5285.00,
530533,TERAI TEA CO,B ,Q,38.55,38.55,35.80,38.40,38.40,37.00,25,33,1267.00,
533982,TERASOFTWARE,B ,Q,51.65,53.00,51.65,52.90,52.15,52.00,41,18422,960885.00,
505400,TEXINFRA    ,B ,Q,27.05,27.10,27.00,27.00,27.00,27.35,17,3814,103023.00,
533326,TEXMACO RAIL,B ,Q,50.05,51.35,49.55,50.25,50.35,51.00,200,273206,13734603.00,
533164,TEXMO PIPES ,B ,Q,7.60,7.60,7.40,7.46,7.45,7.61,88,16105,120632.00,
526654,THAKKERS DEV,B ,Q,114.00,114.00,108.80,108.80,108.80,114.50,2,5,549.00,
501756,THANA ELECT ,T ,Q,11.49,11.49,11.49,11.49,11.49,10.95,3,650,7468.00,
533158,THANGAMAYIL ,B ,Q,210.00,211.00,205.00,205.05,205.00,209.60,24,679,139857.00,
530199,THEMIS MEDIC,B ,Q,89.75,99.30,82.30,92.35,92.35,83.95,1656,26024,2455860.00,
500411,THERMAX     ,A ,Q,475.00,490.00,475.00,487.45,485.45,485.30,262,2277,1111320.00,
533121,THINKSOFT   ,B ,Q,83.25,86.20,83.25,84.45,84.60,84.45,273,13106,1109994.00,
500412,THIRUMALAI  ,B ,Q,90.50,95.45,90.50,93.50,93.50,91.15,1227,15183,1414194.00,
500413,THOMAS COOK ,B ,Q,54.95,57.85,54.95,56.25,56.25,56.00,541,28753,1625712.00,
590005,TIDE WATE(PS,B ,Q,7745.00,7925.00,7710.00,7778.80,7778.80,7733.45,466,898,7010837.00,
533629,TIJARIA PPL ,B ,Q,5.85,6.26,5.84,6.09,6.09,6.13,39,8942,54375.00,
505196,TIL LTD.    ,B ,Q,190.95,195.00,189.00,190.25,190.00,190.40,71,185,35153.00,
507205,TILAKNAG IND,B ,Q,42.95,43.80,42.80,43.10,43.10,42.95,340,32515,1404954.00,
533444,TIMBOR HOME ,B ,Q,33.40,34.25,32.30,33.35,34.00,34.00,20,544,18247.00,
532856,TIME TECHNO ,B ,Q,35.00,36.40,35.00,35.95,35.95,35.25,119,18266,649865.00,
511559,TIMES GUARAN,B ,Q,16.10,16.50,16.00,16.50,16.50,16.55,4,55,885.00,
500414,TIMEX GROUP ,B ,Q,19.25,19.45,19.15,19.25,19.25,19.35,78,12584,242307.00,
522113,TIMKEN (I)  ,B ,Q,187.40,191.00,185.20,189.60,189.60,186.30,471,19559,3691378.00,
530475,TINA OVERSEA,T ,Q,19.80,19.80,19.00,19.00,19.00,19.50,2,51,1009.00,
504966,TINPLATE    ,B ,Q,48.10,48.80,47.60,48.75,48.70,48.25,170,15133,735539.00,
532375,TIPS INDUS. ,B ,Q,56.00,56.00,56.00,56.00,56.00,55.60,7,871,48776.00,
533258,TIRUPATI IN ,B ,Q,4.04,4.28,4.04,4.18,4.18,4.14,9,1035,4278.00,
531814,TIRUPATI SAR,B ,Q,7.62,8.00,7.62,8.00,8.00,7.94,8,1606,12462.00,
524582,TIRUPATI STA,T ,Q,11.00,11.00,9.98,9.98,9.98,10.50,3,1401,15358.00,
532966,TITAGARH WAG,B ,Q,300.00,300.00,299.00,299.70,299.95,298.90,75,1161,348114.00,
524717,TITAN BIOTEC,T ,Q,13.35,13.35,13.35,13.35,13.35,12.72,1,100,1335.00,
500114,TITAN IND.  ,A ,Q,222.00,227.00,220.00,225.65,225.65,223.35,2914,183558,41347144.00,
530045,TITAN SECUR.,T ,Q,7.88,7.88,7.88,7.88,7.88,8.29,1,60,472.00,
531830,TODAYS      ,B ,Q,2.94,2.99,2.82,2.96,2.97,2.85,19,4743,13599.00,
500418,TOKYO PLAST ,B ,Q,14.00,14.00,14.00,14.00,14.00,14.00,3,300,4200.00,
532779,TORNT POWER ,A ,Q,149.80,162.50,149.80,157.45,157.45,147.30,8998,3494894,537372764.00,
523856,TORR CABS   ,B ,Q,91.50,91.80,89.10,89.90,90.00,91.05,57,3017,272420.00,
500420,TORRENT PHAR,B ,Q,714.40,727.00,700.05,707.70,708.00,704.10,93,1740,1230986.00,
523878,TOTAL EXPORT,T ,Q,15.25,15.90,15.25,15.90,15.90,16.05,3,1100,16840.00,
526650,TOURISM FINA,B ,Q,22.95,22.95,22.15,22.25,22.20,22.20,26,2674,59505.00,
947637,TPCL02JUN11 ,F ,D,1083500.00,1083500.00,1083500.00,1083500.00,1083500.00,1083000.00,1,1,1083500.00,
526582,TPL PLAST   ,B ,Q,165.00,170.30,162.15,169.40,170.30,164.50,267,23067,3826392.00,
500422,TRANSCHEM   ,B ,Q,25.75,25.75,24.50,24.50,24.50,25.75,14,1506,38422.00,
532410,TRANSCORP IN,B ,Q,37.00,37.00,37.00,37.00,37.00,37.00,1,100,3700.00,
513063,TRANSFREIGHT,B ,Q,6.01,6.01,6.01,6.01,6.01,6.27,1,1182,7103.00,
526139,TRANSGENE BI,B ,Q,11.15,11.26,10.80,11.25,11.25,10.73,1212,1941274,21789328.00,
532349,TRANSPORT CO,B ,Q,62.40,62.45,60.70,62.30,62.40,62.40,212,612,38169.00,
532812,TRANSWARRANT,B ,Q,8.13,8.40,7.87,7.90,7.88,8.14,27,4654,37892.00,XD
533540,TREE HOUSE  ,B ,Q,237.25,239.00,234.20,235.40,234.50,235.20,65,5396,1280690.00,
517228,TREND ELECT ,B ,Q,28.10,29.25,28.10,29.25,29.25,28.25,8,357,10205.00,
500251,TRENT LTD.  ,B ,Q,1032.40,1045.00,1030.00,1035.35,1035.35,1032.55,94,409,424615.00,
505854,TRF LTD.    ,B ,Q,208.05,209.25,204.00,206.20,206.20,207.35,264,5656,1162443.00,
531675,TRICOM INDIA,B ,Q,4.45,4.50,4.40,4.49,4.50,4.35,154,33926,151115.00,
531716,TRICOMFRU   ,T ,Q,25.45,25.45,24.00,24.00,24.00,24.40,7,13200,317942.00,
521064,TRIDENT     ,B ,Q,8.79,8.79,8.50,8.56,8.70,8.64,52,7846,67079.00,
531972,TRIDENTTOOL ,T ,Q,13.50,13.50,13.26,13.28,13.26,13.80,4,240,3188.00,
517562,TRIGYN TECH ,T ,Q,13.05,13.05,12.39,12.95,13.00,13.00,29,6677,84698.00,
532928,TRIL        ,B ,Q,126.80,130.00,126.80,128.20,130.00,128.50,122,928,119193.00,
531712,TRILOGIC    ,T ,Q,20.70,20.70,20.70,20.70,20.70,20.30,1,500,10350.00,
590093,TRIMURTHI DR,B ,Q,19.40,19.40,18.25,18.45,18.45,18.55,24,19628,363008.00,
590091,TRINETHRA IN,T ,Q,1.26,1.26,1.26,1.26,1.26,1.28,1,200,252.00,
505978,TRITON VALVE,B ,Q,430.00,430.00,401.00,409.65,409.65,410.55,19,141,57764.00,
532356,TRIVENI ENGG,B ,Q,19.45,19.60,19.05,19.25,19.25,19.05,452,95655,1846322.00,
502281,TRIVENI GLAS,B ,Q,5.56,6.45,5.45,6.22,5.76,5.88,50,9256,55868.00,
533655,TRIVENITURB ,B ,Q,41.55,44.80,41.50,43.65,43.65,42.00,208,1004031,43226154.00,
514142,TT LTD.     ,B ,Q,18.90,19.70,18.90,19.70,19.70,18.80,38,15341,301222.00,
507747,TTK HEALTHCA,B ,Q,352.00,354.35,341.00,350.30,352.85,353.50,272,2766,964822.00,
517506,TTK PRESTIGE,A ,Q,3295.85,3390.00,3291.95,3337.10,3337.10,3277.90,3722,27555,92400816.00,
504973,TUBE INV.   ,B ,Q,153.00,158.50,153.00,153.75,154.00,152.70,189,5100,791162.00,
531088,TULIP STAR H,B ,Q,142.00,143.85,142.00,143.85,143.85,143.90,2,2,285.00,
532691,TULIP TELE  ,B ,Q,84.50,84.50,84.50,84.50,84.50,88.90,102,6220,525590.00,
532948,TULSI EXTRU ,B ,Q,7.70,8.15,7.65,7.86,7.86,7.84,46,6498,50950.00,
513629,TULSYAN NEC ,B ,Q,35.45,35.70,35.45,35.70,35.70,35.35,38,136,4842.00,
531411,TUNI TEXTILE,B ,Q,184.00,185.00,180.00,182.50,183.10,189.35,155,323899,59398497.00,
506808,TUTICORIN.  ,B ,Q,7.00,7.00,6.99,6.99,6.99,6.71,2,2,13.00,
532311,TUTIS TECH  ,B ,Q,7.65,8.34,7.65,8.32,8.32,7.99,52,41001,335694.00,
532515,TV TODAY    ,B ,Q,58.70,59.60,58.50,59.15,59.00,58.55,118,11176,661411.00,
532800,TV18BRDCST  ,B ,Q,20.70,20.70,19.85,20.00,20.00,20.20,313,68514,1374431.00,
532343,TVS MOTOR L ,B ,Q,36.60,38.00,35.65,37.65,37.65,36.60,1115,211801,7819774.00,
509243,TVS SRICHAKR,B ,Q,324.50,325.00,317.70,318.00,318.00,318.05,77,603,192677.00,
532513,TVSELE      ,B ,Q,15.05,15.85,14.75,15.60,15.75,15.30,31,868,13171.00,
506985,TWILITAKA PH,T ,Q,12.10,12.15,11.83,11.90,11.90,12.24,89,32871,392589.00,
531917,TWINSTAR SOF,T ,Q,1.18,1.18,1.18,1.18,1.18,1.18,1,60,70.00,
526945,TYROON TEA  ,B ,Q,30.70,30.70,29.55,29.55,29.55,29.30,6,209,6247.00,
509992,UB ENGG.    ,B ,Q,34.85,35.20,34.10,34.45,34.25,34.55,47,5068,174761.00,
500464,UCAL FUEL   ,B ,Q,68.05,68.05,68.00,68.00,68.00,68.20,3,200,13605.00,
532505,UCOBANK     ,A ,Q,63.85,65.35,63.10,65.15,65.15,63.60,1150,134540,8652501.00,
500148,UFLEX LTD   ,B ,Q,97.55,98.50,96.55,96.80,96.80,96.75,556,36600,3566025.00,
530363,UGAR SUGAR  ,B ,Q,14.50,14.85,14.25,14.67,14.67,14.25,107,16767,245000.00,
506685,ULTRAMARINE ,B ,Q,47.00,47.50,46.50,46.85,47.15,48.00,38,10541,498253.00,
532538,ULTRATECH CM,A ,Q,1625.25,1679.00,1625.25,1672.40,1672.40,1665.85,216,1661,2772393.00,
500231,UMANG DAIR  ,B ,Q,43.20,43.95,42.70,43.45,43.05,43.60,61,7110,307153.00,
532398,UMESL       ,B ,Q,9.30,9.35,8.60,8.99,8.99,8.96,8,2517,22951.00,
504605,UNI ABEX    ,B ,Q,143.00,143.00,143.00,143.00,143.00,140.00,1,50,7150.00,
523519,UNI OFF AUTO,B ,Q,2.55,2.79,2.55,2.67,2.55,2.68,6,602,1535.00,
506690,UNICHEM LAB ,B ,Q,170.05,187.35,166.15,183.95,183.95,170.85,4582,173883,31781908.00,
500427,UNIFLEX CABL,B ,Q,10.85,10.85,10.85,10.85,10.85,11.32,1,100,1085.00,
524264,UNIMER INDIA,B ,Q,6.20,6.77,6.20,6.77,6.77,6.45,7,943,6118.00,
532477,UNION BANK L,A ,Q,158.30,159.65,157.35,158.20,158.20,158.45,1011,58728,9308299.00,
500429,UNIPHOS ENT.,B ,Q,20.50,20.50,20.25,20.45,20.50,20.20,14,3801,77357.00,
532646,UNIPLY IND  ,B ,Q,8.80,8.80,8.20,8.55,8.60,8.41,31,4135,34398.00,
530997,UNIQUE ORGAN,B ,Q,8.70,8.90,8.70,8.90,8.90,8.77,2,110,959.00,
526113,UNIROYAL MAR,T ,Q,7.29,7.29,7.29,7.29,7.29,6.95,3,1100,8019.00,
531831,UNISYS SOFT.,B ,Q,192.70,194.95,188.00,193.55,194.00,189.75,22,30446,5893669.00,
532432,UNITD SPR   ,A ,Q,990.25,1022.00,990.25,1009.40,1009.40,986.50,26994,726104,734343995.00,
507878,UNITECH LTD ,A ,Q,18.55,18.80,18.20,18.65,18.65,18.55,1721,1058775,19597547.00,
533171,UNITED BANK ,B ,Q,50.50,51.35,49.80,50.60,51.25,50.35,405,61916,3109008.00,
532478,UNITED BREWA,A ,Q,649.90,664.85,582.00,642.35,642.35,652.80,5877,155197,101618681.00,
507458,UNITED BREWE,B ,Q,93.85,95.50,93.30,93.70,93.70,93.30,5391,593784,56102152.00,
512070,UNITED PHOSH,A ,Q,119.40,121.00,118.40,120.00,120.00,119.30,400,28228,3375549.00,
532746,UNITY INFRA ,B ,Q,40.35,40.80,39.60,40.40,40.40,40.05,91,15821,639085.00,
504212,UNIV.CABLE  ,B ,Q,35.25,35.25,35.00,35.00,35.00,35.00,3,400,14053.00,
514144,UNIWORTH LTD,T ,Q,1.12,1.15,1.11,1.12,1.12,1.16,5,800,896.00,
519273,UNNO INDUS. ,T ,Q,58.30,58.30,56.15,58.30,58.30,57.25,6,1300,74500.00,
511764,UPASANA FIN.,T ,Q,15.00,15.00,15.00,15.00,15.00,15.50,2,500,7500.00,
530505,UPPER GANGES,B ,Q,48.50,49.45,48.50,49.45,49.45,48.90,5,181,8779.00,
531390,UPSURGE INV.,B ,Q,46.30,48.50,46.30,47.10,47.10,47.85,50,70685,3361562.00,
526987,URJA GLOBAL ,T ,Q,52.15,55.75,52.15,54.85,55.70,53.50,107,38351,2118828.00,
532402,USGTECH     ,B ,Q,10.75,10.75,10.71,10.71,10.71,11.27,15,3450,37023.00,
517146,USHA MART.LT,B ,Q,22.25,22.50,22.00,22.50,22.50,22.20,63,7922,177422.00,
511507,USHAKIRAN FI,T ,Q,8.11,8.11,8.00,8.00,8.00,7.74,2,7,56.00,
511736,USHDEV INTNL,B ,Q,255.00,255.00,236.15,249.60,250.00,247.00,33,593,147128.00,
532765,USHER AGRO  ,B ,Q,64.25,64.90,64.00,64.35,64.00,64.10,363,77734,4996147.00,
526879,UT LTD.     ,B ,Q,4.10,4.10,4.10,4.10,4.10,4.17,2,200,820.00,
590101,UTI GOLD ETF,E ,Q,2975.00,2988.99,2963.01,2983.47,2980.00,2961.17,211,869,2588428.00,
513216,UTTAM GALVA ,B ,Q,58.10,59.15,57.75,58.90,58.90,58.05,268,15645,915866.00,
532729,UTTAM SUGAR ,B ,Q,25.00,25.25,24.55,24.90,25.00,24.65,26,3767,94076.00,
526957,UV BOARDS   ,B ,Q,12.96,14.32,12.96,14.18,14.18,13.64,774,258316,3534462.00,
532953,V GUARD IND ,B ,Q,400.05,415.00,400.05,406.70,406.70,408.10,1240,37580,15408408.00,
511110,V.B.DESAI   ,B ,Q,9.75,10.73,9.75,10.73,10.73,10.26,3,250,2584.00,
532867,V2RETAIL    ,B ,Q,10.30,10.30,10.04,10.06,10.20,9.85,22,2583,26139.00,
532320,VAARAD      ,B ,Q,24.45,24.45,24.45,24.45,24.45,25.70,47,54000,1320300.00,
519152,VADILAL ENT ,B ,Q,117.00,122.00,113.30,117.95,117.95,119.25,43,2418,276124.00,
519156,VADILAL IND ,B ,Q,188.00,188.25,182.00,183.95,182.15,189.05,232,4119,759399.00,
531676,VAGHANI     ,B ,Q,5.32,5.76,5.32,5.54,5.40,5.50,3,10,54.00,
532156,VAIBHAV GEMS,B ,Q,54.15,54.65,48.00,49.30,49.30,54.35,293,22668,1138991.00,
590111,VAISHNAVI   ,T ,Q,6.15,6.50,5.94,6.48,6.38,6.25,120,169389,1086229.00,
511431,VAKRANGEE SO,B ,Q,42.25,42.50,42.25,42.40,42.45,42.50,286,252948,10729510.00,
532389,VALECHA ENGG,B ,Q,49.05,49.55,48.55,49.25,49.25,49.05,43,987,48438.00,
526775,VALIANT COMM,B ,Q,17.50,18.00,17.50,17.75,17.75,18.00,5,1580,27970.00,
530403,VALLABH POLY,B ,Q,10.92,10.92,10.92,10.92,10.92,10.40,1,500,5460.00,
500945,VALUE IND L ,B ,Q,10.10,10.30,10.10,10.15,10.15,10.23,28,3675,37451.00,
532338,VALUEMART   ,B ,Q,3.16,3.43,3.16,3.40,3.40,3.27,31,120971,397433.00,
530369,VAMSHI RUBB.,B ,Q,19.15,19.15,18.00,18.80,18.80,18.40,5,251,4571.00,
532090,VANDANA     ,B ,Q,9.25,9.75,9.25,9.73,9.75,9.70,91,927113,9015048.00,
530109,VANTAGE CORP,T ,Q,9.00,9.00,9.00,9.00,9.00,9.00,1,300,2700.00,
502589,VAPI PAPER  ,T ,Q,23.40,24.40,23.40,24.40,24.40,23.35,9,2050,49727.00,
502986,VARDH TEXT  ,B ,Q,213.00,222.90,213.00,215.75,214.05,217.25,65,816,177174.00,
531444,VARDHMAN    ,T ,Q,14.73,16.27,14.73,16.27,16.27,15.50,3,110,1621.00,
513534,VARDHMAN IND,B ,Q,34.15,37.15,34.15,35.00,35.00,35.80,5,275,9511.00,
514175,VARDHMAN POL,B ,Q,65.00,65.00,61.75,62.10,62.80,62.40,149,37072,2319569.00,
532917,VARUN INDS  ,B ,Q,20.45,20.70,19.90,20.70,20.70,19.75,564,83569,1708378.00,
500465,VARUN SHIP. ,B ,Q,14.60,14.60,14.16,14.30,14.30,14.45,141,26687,382907.00,
531574,VAS INFRA   ,B ,Q,22.35,22.35,21.00,22.05,22.05,21.50,96,13128,285104.00,
533156,VASCON ENG  ,B ,Q,38.25,38.25,37.60,37.90,38.00,38.00,17,8370,318881.00,
533576,VASWANI IND ,B ,Q,5.26,5.26,4.82,4.85,4.82,5.07,68,24473,119227.00,
533269,VATECH WABA ,B ,Q,482.00,489.00,471.05,472.55,471.40,479.35,88,1318,628639.00,
531650,VAX HSG.FIN.,T ,Q,9.83,9.83,9.32,9.83,9.83,9.37,24,13125,129006.00,
513005,VBC FERRO   ,B ,Q,99.75,100.00,97.75,98.95,97.75,99.10,27,2020,200854.00,
524310,VBC IND.    ,B ,Q,6.25,6.64,6.25,6.57,6.50,6.18,6,653,4202.00,
511493,VCK CAPITAL ,T ,Q,1.80,1.80,1.80,1.80,1.80,1.72,1,25,45.00,
522267,VEEJAY LAKSH,B ,Q,28.45,29.50,28.45,29.50,29.50,28.80,3,275,8047.00,
503657,VEER ENERGY ,B ,Q,6.70,6.80,6.26,6.62,6.60,6.53,400,336283,2195045.00,
526755,VELAN HOTELS,B ,Q,18.75,18.75,17.55,18.00,18.40,18.00,30,1430,25786.00,
505232,VELJAN      ,T ,Q,250.50,256.70,250.00,256.70,256.70,251.15,4,19,4761.00,
532093,VENKAT PHARM,T ,Q,5.35,5.35,5.25,5.25,5.25,5.50,4,600,3170.00,
523261,VENKEY'S (I),B ,Q,514.00,515.00,501.15,502.75,502.75,509.40,613,10517,5330927.00,
531015,VENMAX      ,Z ,Q,2.39,2.39,2.39,2.39,2.39,2.28,3,97,231.00,
516098,VENTURA TEXL,B ,Q,2.32,2.44,2.24,2.24,2.24,2.35,7,2495,5862.00,
531874,VENUS POWER ,B ,Q,9.35,9.35,9.35,9.35,9.35,9.84,142,142136,1328971.00,
526953,VENUS REMEDI,B ,Q,288.00,301.00,282.15,284.30,284.30,286.80,7652,251320,73059802.00,
507472,VENUS SUGAR ,T ,Q,0.96,0.96,0.88,0.88,0.88,0.92,2,3100,2808.00,
512229,VERITAS     ,T ,Q,79.00,79.00,79.00,79.00,79.00,80.50,2,6,474.00,
531950,VERTEX SEC. ,B ,Q,3.78,4.14,3.77,4.12,4.14,3.95,25,13314,53865.00,
531544,VERTEX SPG  ,B ,Q,0.54,0.56,0.44,0.53,0.56,0.47,64,102907,53970.00,
520113,VESUVIUS IND,B ,Q,357.95,357.95,350.00,350.00,350.00,351.35,7,22,7714.00,
522233,VHCLINDUS   ,T ,Q,24.45,24.45,24.45,24.45,24.45,25.70,114,217950,5328877.00,
523796,VICEROY HOTE,B ,Q,21.05,22.10,21.05,21.80,21.80,21.60,58,5671,123661.00,
503349,VICTORIA MIL,B ,Q,2351.00,2400.00,2351.00,2375.00,2375.00,2351.00,8,14,33276.00,
511389,VIDEOCON IND,A ,Q,177.15,177.15,172.60,173.55,174.00,174.90,241,31605,5499978.00,
531717,VIDHI DYESTU,B ,Q,4.00,4.39,4.00,4.27,4.20,4.01,6,551,2239.00,
511539,VIJAY GROWTH,T ,Q,5.10,5.10,5.10,5.10,5.10,5.20,2,5000,25500.00,
523724,VIJAY SHA.BU,B ,Q,15.15,15.65,14.80,15.35,15.35,15.35,167,24770,377520.00,
530151,VIJAY TEXTIL,B ,Q,17.55,18.90,17.55,18.35,18.30,17.50,29,3026,55287.00,
532401,VIJAYA BANK ,B ,Q,47.60,47.70,46.90,47.60,47.60,47.30,1549,274616,13007392.00,
531334,VIKALP SEC. ,T ,Q,5.78,5.78,5.78,5.78,5.78,5.67,1,300,1734.00,
530961,VIKAS GLO   ,B ,Q,73.00,73.00,69.05,72.80,72.80,72.70,3,3,214.00,
531518,VIKAS GRAN  ,B ,Q,23.35,23.65,22.55,22.90,23.50,23.70,36,6162,141963.00,
519307,VIKAS WSP   ,B ,Q,69.05,72.60,62.10,68.85,68.85,69.05,10623,5711030,391228541.00,
532677,VIKASH METAL,B ,Q,3.00,3.00,2.89,2.89,2.90,2.95,20,14050,40810.00,
530477,VIKRAM THERM,B ,Q,37.00,37.00,35.35,35.90,35.95,36.00,34,3371,120624.00,
519373,VIMAL OIL FD,B ,Q,71.00,74.00,70.05,73.15,72.00,70.20,26,3953,288281.00,
524394,VIMTA LABS  ,B ,Q,19.50,19.50,19.05,19.05,19.05,20.00,31,6370,121484.00,
524200,VINATI ORG. ,B ,Q,102.75,105.00,101.45,102.20,102.10,102.50,119,9431,977992.00,
517015,VINDHYA TELE,T ,Q,203.00,203.00,195.05,195.15,195.05,203.10,12,163,31947.00,
517393,VINTRON INF.,T ,Q,5.18,5.18,5.18,5.18,5.18,4.94,11,1846,9562.00,
524129,VINYL CHEM  ,B ,Q,9.14,9.56,9.14,9.45,9.45,9.12,5,450,4269.00,
530401,VINYOFLEX LT,T ,Q,2.90,2.90,2.90,2.90,2.90,3.04,1,100,290.00,
507880,VIP INDUS.  ,B ,Q,75.00,76.90,73.50,75.90,75.90,75.35,1511,151047,11345763.00,
519039,VIPPY INDUS.,B ,Q,6.69,6.69,6.69,6.69,6.69,6.38,1,100,669.00,
514302,VIPPY SPIN. ,B ,Q,8.70,8.70,8.70,8.70,8.70,8.70,1,500,4350.00,
511726,VIPUL LTD   ,B ,Q,8.26,8.64,8.16,8.30,8.30,8.30,12,1071,8822.00,
519457,VIRAT CRANE ,T ,Q,3.82,3.82,3.82,3.82,3.82,4.00,1,101,385.00,
530521,VIRAT INDUS.,T ,Q,14.75,16.00,14.75,15.90,15.90,15.45,11,4133,61142.00,
532354,VIRGOGLOBAL ,B ,Q,1.35,1.35,1.35,1.35,1.35,1.29,1,1000,1350.00,
532372,VIRINCHI CON,B ,Q,8.85,9.14,8.60,8.87,8.87,8.83,35,6903,60946.00,
532721,VISA STEEL  ,B ,Q,49.75,49.75,49.00,49.00,49.00,49.00,21,2532,124079.00,
531025,VISAGAR FIN ,B ,Q,47.70,47.70,41.10,46.05,46.00,43.75,80,7043,317499.00,
506146,VISAGAR POL ,B ,Q,241.50,242.25,239.15,241.15,240.00,241.40,289,18365,4423192.00,
509055,VISAKA IND. ,T ,Q,117.70,118.85,115.65,117.50,118.80,116.00,25,3238,380005.00,
532411,VISESH INFO.,T ,Q,3.22,3.35,3.22,3.35,3.35,3.20,6,1602,5348.00,
531668,VISION CORPO,B ,Q,1.34,1.35,1.34,1.35,1.35,1.29,7,6050,8153.00,
526441,VISION TECH.,B ,Q,9.30,9.30,9.10,9.20,9.15,9.21,111,188024,1730108.00,
512279,VISISTH MERC,T ,Q,147.00,151.20,145.00,150.50,150.95,149.30,11,2250,327051.00,
524711,VISTA PHARMA,B ,Q,5.43,5.94,5.43,5.93,5.94,5.67,3,601,3517.00,
524576,VIVID IND   ,T ,Q,7.26,8.02,7.26,7.99,7.95,7.64,13,415,3239.00,
532660,VIVIMED LABS,B ,Q,365.00,365.15,360.00,360.80,360.05,364.05,421,13361,4837071.00,
517429,VJIL CONSULT,B ,Q,14.22,14.43,14.22,14.32,14.43,13.87,2,2,28.00,
534567,VKS PROJECTS,B ,Q,62.00,62.00,58.10,59.80,58.10,61.05,21,1071,64625.00,
511333,VLS FINANCE ,B ,Q,11.85,12.10,11.81,12.05,12.05,12.07,25,3970,47526.00,
519602,VMF SOFTEC  ,B ,Q,9.00,9.00,9.00,9.00,9.00,8.90,1,500,4500.00,
533427,VMS INDUSTR ,T ,Q,19.55,19.55,19.55,19.55,19.55,19.90,6,271,5298.00,
531865,VOLANT TEX. ,T ,Q,2.60,2.77,2.58,2.58,2.58,2.66,5,3385,8927.00,
532757,VOLTAMP TRAN,B ,Q,435.00,439.00,430.00,436.65,436.65,436.20,52,343,149541.00,
500575,VOLTAS LTD  ,A ,Q,110.80,111.70,108.85,109.80,109.80,110.50,979,91039,10030535.00,
534392,VSSL        ,B ,Q,30.50,31.50,30.50,31.50,31.50,30.20,6,513,15915.00,
509966,VST INDUS.  ,B ,Q,1705.00,1714.95,1671.05,1686.95,1682.00,1681.45,80,584,990274.00,
531266,VST TILLERS ,B ,Q,445.00,453.00,445.00,450.00,450.00,440.00,35,633,284666.00,
532893,VTM LTD     ,B ,Q,12.99,13.08,12.99,13.03,13.08,12.55,2,10,130.00,
532824,VTX IND     ,B ,Q,9.50,9.50,8.78,8.85,8.85,9.65,8,462,4136.00,
522080,VULCAN ENG. ,B ,Q,24.80,24.80,24.00,24.00,24.00,23.70,4,543,13192.00,
517399,VXL INSTRUM.,T ,Q,15.25,15.25,15.25,15.25,15.25,15.25,4,2000,30500.00,
506142,VYAPAR INDS ,B ,Q,26.25,26.25,26.25,26.25,26.25,27.00,1,250,6562.00,
520003,VYBRA AUTO. ,B ,Q,20.25,22.65,20.25,21.55,21.00,21.65,10,1350,29509.00,
501391,W.H.BRADY   ,B ,Q,76.05,76.05,76.05,76.05,76.05,72.45,1,43,3270.00,
504220,W.S.INDUSTR.,B ,Q,21.00,23.40,20.70,23.40,23.40,21.30,36,7827,176794.00,
533023,WABCO       ,B ,Q,1605.00,1605.00,1582.55,1591.40,1595.00,1600.00,12,115,183130.00,
519035,WADALA COMM ,B ,Q,1.62,1.62,1.61,1.61,1.61,1.68,2,200,322.00,
503675,WAGEND      ,T ,Q,69.55,69.55,68.95,69.25,69.25,70.05,43,130605,9033209.00,
501370,WALCHAND PF ,B ,Q,61.00,61.50,61.00,61.40,61.40,60.50,7,238,14564.00,
507410,WALCHANDNGR ,B ,Q,69.30,70.95,68.50,70.05,70.05,69.65,253,16422,1141365.00,
511147,WALL ST.FIN.,T ,Q,15.30,15.30,15.00,15.30,15.30,15.30,5,3407,51979.00,
524212,WANBURY LTD ,B ,Q,16.85,17.40,16.80,16.85,17.00,16.50,17,1296,21892.00,
511690,WARNER MULTI,T ,Q,1.53,1.53,1.53,1.53,1.53,1.60,1,100,153.00,
508494,WARREN TEA  ,B ,Q,421.00,424.65,401.05,408.85,408.85,421.65,61,635,262125.00,
523660,WATERBASE   ,B ,Q,13.75,13.75,13.00,13.17,13.01,12.82,51,10505,138500.00,
517498,WEBELSOLAR  ,B ,Q,10.05,10.40,10.05,10.40,10.40,10.17,11,1450,14896.00,
533452,WEIZMANN FX ,B ,Q,68.85,69.05,68.85,69.00,69.05,69.00,3,3900,269095.00,
523011,WEIZMANN LTD,B ,Q,8.40,8.50,8.05,8.11,8.40,7.91,25,379,3116.00,
504988,WELCAST     ,B ,Q,252.50,253.00,252.30,253.00,253.00,264.75,3,23,5809.00,
532144,WELCORP     ,A ,Q,93.70,94.20,92.80,93.80,93.80,93.75,451,33401,3118798.00,
524661,WELCURE DRUG,B ,Q,1.25,1.25,1.25,1.25,1.25,1.20,2,437,546.00,
531249,WELL PACK PA,T ,Q,1.82,1.98,1.82,1.84,1.85,1.90,12,4195,7823.00,
532553,WELPROJ     ,B ,Q,19.75,19.75,19.00,19.00,19.00,19.75,9,1151,22331.00,
514162,WELSPUN (I) ,B ,Q,54.00,54.75,53.20,53.85,53.40,54.05,118,8558,462554.00,
533495,WELSPUN GLB ,B ,Q,39.25,40.05,39.25,40.05,40.05,40.90,5,83,3300.00,
533252,WELSPUN INV ,B ,Q,18.05,20.00,18.05,20.00,20.00,18.60,23,529,10351.00,
508933,WELSPUN SYNT,B ,Q,8.80,9.30,8.80,8.96,9.30,9.00,3,503,4426.00,
526431,WELTERMAN I.,T ,Q,6.95,6.95,6.95,6.95,6.95,6.82,2,200,1390.00,
505412,WENDT(INDIA),B ,Q,1700.00,1706.00,1670.00,1679.45,1706.00,1686.55,23,36,60651.00,
532373,WEPSOLN     ,B ,Q,11.20,11.22,10.60,10.60,10.60,10.70,10,874,9572.00,
500444,WEST COAST  ,B ,Q,58.50,68.30,58.00,67.15,67.15,57.00,8390,1108663,71142749.00,
531217,WEST.(I)SHIP,B ,Q,5.70,5.80,5.13,5.22,5.33,5.39,177,18103,95056.00,
505533,WESTLIFE DEV,T ,Q,126.00,126.00,126.00,126.00,126.00,123.55,1,2,252.00,
590073,WHEELS INDIA,B ,Q,696.75,706.00,691.00,693.50,693.50,693.00,335,3028,2113467.00,
500238,WHIRLPOOL   ,B ,Q,259.95,259.95,255.70,257.85,258.55,258.75,127,1881,485436.00,
513713,WHITE DIAMON,B ,Q,27.00,27.00,27.00,27.00,27.00,27.50,2,100,2700.00,
511246,WHITE LION A,T ,Q,0.93,0.93,0.89,0.89,0.89,0.93,2,200,182.00,
519214,WILLIAM.FIN.,B ,Q,26.55,27.25,26.50,27.15,27.25,27.35,12,2800,75057.00,
519224,WILLIAM.MAGO,B ,Q,50.75,50.75,49.20,49.85,49.55,49.10,34,1899,94265.00,
526586,WIM PLAST LT,B ,Q,261.90,280.00,261.05,273.15,280.00,261.90,78,2502,677183.00,
514470,WIMSOME TEXT,B ,Q,53.10,61.80,51.10,56.50,56.50,55.15,26,62446,3356610.00,
522029,WINDSOR MACH,B ,Q,11.90,12.00,11.60,11.76,11.76,11.81,58,22810,269016.00,
526471,WINSOME BREW,T ,Q,3.85,3.89,3.85,3.89,3.89,3.89,11,5198,20142.00,
514348,WINSOME YARN,B ,Q,19.00,19.40,18.70,18.70,18.70,19.20,11,107863,2019547.00,
507892,WINSOMEDJ   ,B ,Q,25.30,26.40,25.00,25.15,25.15,25.75,130,9846,248754.00,
524758,WINTAC LTD  ,B ,Q,55.70,55.70,55.70,55.70,55.70,54.65,3,375,20887.00,
507685,WIPRO LTD.  ,A ,Q,365.05,365.05,360.60,363.20,363.20,364.50,858,27995,10162206.00,
532795,WIRE& WIRLES,T ,Q,19.00,19.70,19.00,19.70,19.70,18.80,409,167953,3299485.00,
507817,WIRES FABRIK,B ,Q,75.00,75.00,68.50,74.75,74.80,72.00,5,45,3210.00,
532300,WOCKHARDT   ,T ,Q,1206.00,1215.95,1170.00,1184.55,1184.55,1219.60,611,9453,11232093.00,
526525,WORLDWIDE LE,T ,Q,7.18,7.18,7.18,7.18,7.18,7.55,6,350,2513.00,
505872,WPIL LTD.   ,B ,Q,388.55,404.90,387.60,391.50,391.50,390.90,75,2637,1050518.00,
500095,WYETH LTD.  ,B ,Q,935.95,937.30,918.05,920.50,920.50,930.15,87,1236,1148442.00,
532616,XCHANGING   ,B ,Q,16.00,17.00,15.25,16.45,16.45,16.60,29,1846,30019.00,
532788,XLENERGY    ,B ,Q,3.45,3.70,3.40,3.60,3.60,3.52,57,24950,88393.00,
532116,XO INFOTECH ,T ,Q,1.59,1.75,1.59,1.72,1.65,1.67,10,6190,10511.00,
590013,XPRO INDI(PS,B ,Q,45.40,45.40,44.30,44.75,44.30,44.45,52,4678,210018.00,
514378,YARN SYNDICA,B ,Q,2.90,2.90,2.67,2.67,2.67,2.77,4,200,538.00,
511601,YASH MANAGE.,B ,Q,8.36,8.37,8.02,8.37,8.37,8.35,7,776,6399.00,
516030,YASH PAPERS ,B ,Q,5.05,5.26,5.05,5.14,5.15,5.00,10,2753,14178.00,
530063,YASRAJ CONT.,B ,Q,12.52,13.75,12.50,13.49,13.70,13.15,55,10770,137175.00,
532368,YBRANTDIGI  ,T ,Q,84.90,85.75,80.20,80.30,81.95,84.40,175,91887,7544593.00,
532648,YES BANK    ,A ,Q,328.80,334.40,325.90,333.00,333.00,328.05,6776,559657,185492259.00,
522108,YUKEN INDIA ,B ,Q,161.00,161.00,156.30,157.30,158.00,161.40,61,2253,357617.00,
531663,YUVRAAJHPL  ,T ,Q,7.47,7.80,7.44,7.80,7.80,7.54,11,2715,21004.00,
506720,ZANDUREALTY ,B ,Q,1530.00,1530.00,1490.00,1502.50,1502.50,1500.55,292,1351,2041407.00,
505537,ZEE ENTER   ,A ,Q,161.55,170.30,161.55,169.00,169.00,161.15,3336,242001,40682665.00,
533287,ZEE LEARN   ,B ,Q,23.20,23.90,22.95,23.40,23.40,23.15,252,46742,1103187.00,
532794,ZEE NEWS    ,B ,Q,11.55,11.83,11.52,11.61,11.61,11.81,198,119668,1385967.00,
533339,ZEN TECH    ,B ,Q,103.90,103.90,100.00,100.65,100.25,102.35,43,2361,239872.00,
531845,ZENITH BIRLA,B ,Q,2.90,3.00,2.83,2.95,2.95,2.98,39,10748,31425.00,
517164,ZENITH COMP.,B ,Q,11.10,11.30,10.85,10.89,10.85,11.19,7,475,5241.00,
512553,ZENITH EXP. ,B ,Q,46.35,50.75,46.35,46.35,46.35,48.75,5,5,236.00,
514266,ZENITH FIBRE,B ,Q,35.85,35.85,35.00,35.55,35.80,35.00,22,2232,79334.00,
530665,ZENITH HEALT,T ,Q,0.64,0.64,0.64,0.64,0.64,0.61,1,1,0.00,
532298,ZENITH INFO.,B ,Q,28.55,29.95,28.55,29.25,29.25,30.35,9,490,14372.00,
532039,ZENOTECH    ,T ,Q,32.70,33.50,32.15,33.40,32.15,32.70,13,1181,38781.00,
504067,ZENSAR TECH.,B ,Q,253.00,255.50,250.00,254.70,253.20,247.20,332,4508,1139986.00,
505163,ZF STEERING ,B ,Q,295.50,299.00,292.00,295.45,297.00,291.65,28,1035,304663.00,
531404,ZICOM ELECTR,B ,Q,62.45,65.00,62.45,64.10,65.00,63.65,83,7333,465554.00,
521163,ZODIAC CLOTH,B ,Q,168.10,173.00,166.80,173.00,173.00,172.50,12,878,148118.00,
512587,ZODIAC JRD  ,B ,Q,22.00,22.00,21.00,21.80,21.85,21.65,76,565,12249.00,
500780,ZUARI INDUS.,B ,Q,139.30,139.60,135.05,136.20,136.00,138.45,195,643,88084.00,
530091,ZYDEN GENTEC,T ,Q,2.60,2.85,2.60,2.83,2.85,2.73,32,34520,91511.00,
531335,ZYDUS WELL  ,B ,Q,393.50,398.00,392.50,393.45,393.50,393.95,318,6152,2428367.00,
532883,ZYLOG SYSTEM,B ,Q,294.00,294.50,288.10,290.10,290.10,290.90,502,56907,16553897.00,
