SC_CODE,SC_NAME,SC_GROUP,SC_TYPE,OPEN,HIGH,LOW,CLOSE,LAST,PREVCLOSE,NO_TRADES,NO_OF_SHRS,NET_TURNOV,TDCLOINDI
500002,ABB LTD.    ,A ,Q,1207.00,1232.45,1202.40,1216.25,1216.25,1206.20,1700,8498,10348821.00,
500003,AEGIS LOGIS ,B ,Q,122.50,124.00,121.60,122.20,122.20,122.15,1078,90007,11056127.00,
500008,AMAR RAJA BA,A ,Q,885.00,908.85,878.30,901.90,901.90,876.30,1841,35445,31709396.00,
500009,A.SARABHAI  ,XD,Q,7.95,8.34,7.60,7.75,7.67,7.61,49,10422,80637.00,
500010,HDFC        ,A ,Q,1329.90,1350.00,1323.90,1340.45,1340.45,1319.85,2930,880032,1175081666.00,
500012,ANDHRA PETRO,XC,Q,12.89,12.90,12.52,12.85,12.85,12.55,96,36819,470379.00,
500013,ANSAL INFRAS,B ,Q,20.00,20.60,19.90,20.20,20.30,19.40,265,15861,320351.00,
500014,APPLE FINANC,XD,Q,2.21,2.27,2.21,2.23,2.23,2.30,19,9728,21667.00,
500020,BOM DYEING  ,B ,Q,44.25,44.70,43.80,43.95,43.95,43.75,1340,223454,9867033.00,
500023,ASIANHOTNR  ,B ,Q,107.40,109.00,107.35,109.00,109.00,112.00,15,101,10925.00,
500024,ASSAMCO     ,B ,Q,6.69,6.69,6.37,6.50,6.50,6.37,303,204199,1325807.00,
500027,ATUL LTD.   ,A ,Q,1914.75,1969.95,1914.75,1958.20,1958.20,1906.80,513,2886,5611672.00,
500028,ATV PROJECTS,XT,Q,6.55,7.06,6.55,7.06,7.06,6.74,46,11610,80500.00,
500029,AUTOLITE(I) ,B ,Q,60.55,60.55,58.25,59.40,59.90,59.00,16,796,47453.00,
500031,BAJAJ ELECT.,A ,Q,268.35,277.00,268.25,271.90,271.90,268.40,2144,77445,21176216.00,
500032,BAJAJHIND   ,B ,Q,19.65,19.85,19.35,19.55,19.55,19.50,662,461216,9028014.00,
500033,FORCE MOTR  ,B ,Q,3158.00,3189.00,3117.95,3130.75,3130.75,3137.45,4523,48802,153475999.00,
500034,BAJFINANCE  ,A ,Q,10285.00,10300.00,9825.10,10105.10,10105.10,9976.80,6107,23326,234114319.00,
500038,BALRAM.CHINI,A ,Q,128.95,131.60,127.70,130.90,130.90,128.00,1967,240425,31219570.00,
500039,BANCO PROD. ,B ,Q,211.90,214.15,206.60,209.70,209.70,209.60,2552,173272,36522527.00,
500040,CENTURY TEXT,A ,Q,686.05,708.90,684.60,705.10,705.10,678.05,2666,97210,67959381.00,
500041,BANNARI AMAN,B ,Q,1835.05,1870.00,1722.00,1864.65,1865.00,1853.10,53,414,763601.00,
500042,BASF INDIA  ,B ,Q,1109.85,1112.45,1024.00,1101.95,1101.95,1099.20,1956,24895,27335589.00,
500043,BATA INDIA  ,A ,Q,532.25,535.00,526.40,531.05,530.00,528.65,2506,100821,53619045.00,
500048,BEML LTD    ,A ,Q,995.00,1051.00,993.00,1039.75,1039.75,991.60,3921,62551,64346842.00,
500049,BHARAT ELECT,A ,Q,1240.00,1265.00,1238.60,1258.55,1258.55,1230.60,3086,46489,58324453.00,
500052,BHANSALI ENG,B ,Q,20.70,20.90,19.85,20.15,20.15,20.35,217,54313,1096201.00,
500055,BHUSH STEEL ,A ,Q,42.50,43.10,41.15,42.00,42.00,42.30,606,89825,3814746.00,
500058,BIHAR SPONGE,XT,Q,2.12,2.27,2.12,2.27,2.27,2.17,16,3450,7580.00,
500059,BINANI IND. ,B ,Q,86.40,91.50,86.35,89.05,89.05,85.20,1954,131926,11736178.00,
500060,BIRLA ERIC. ,T ,Q,38.70,39.40,37.15,38.30,38.30,37.75,71,13215,505497.00,
500067,BLUE STAR   ,B ,Q,488.85,499.90,484.80,493.80,493.80,483.60,575,311138,152989404.00,
500068,DISA INDIA  ,XC,Q,4399.00,4438.00,4320.00,4353.00,4400.00,4398.00,12,106,462719.00,
500069,BNK CAPITAL ,XD,Q,33.90,34.45,33.00,33.10,34.45,33.85,13,970,32335.00,
500074,BPL LTD.    ,B ,Q,37.05,38.40,36.45,37.85,37.50,36.80,344,35916,1344273.00,
500078,CAMPH.& ALL ,XC,Q,562.55,575.00,562.55,571.70,570.00,571.40,22,557,316654.00,
500083,CENTURY EXT ,B ,Q,2.15,2.36,2.15,2.36,2.36,2.25,11,5697,12705.00,
500084,CESC LTD.   ,A ,Q,612.00,620.00,610.00,616.60,616.60,610.40,583,11545,7123116.00,
500085,CHAMBAL FERT,B ,Q,62.70,64.90,62.25,64.55,64.55,62.10,677,74866,4771366.00,
500086,EXIDE IND.  ,A ,Q,174.55,176.60,174.00,174.95,174.95,173.10,1939,1101463,192783017.00,
500087,CIPLA LTD.  ,A ,Q,532.00,533.40,527.15,532.10,532.10,526.20,2389,81226,43110190.00,
500089,DIC INDIA   ,B ,Q,553.30,555.00,541.00,551.15,552.00,545.00,74,534,293017.00,
500092,CRISIL LTD  ,A ,Q,2089.80,2115.00,2080.00,2099.75,2090.00,2068.30,197,812,1705607.00,
500093,CROMPT.GREAV,A ,Q,79.50,81.20,78.60,80.55,80.55,78.80,3099,625917,50142478.00,
500096,DABUR (I)   ,A ,Q,296.05,297.65,294.35,296.00,296.00,295.80,1445,61828,18288145.00,
500097,DALMIASUG   ,B ,Q,165.75,166.45,159.25,161.20,162.20,164.20,634,44001,7122528.00,
500101,ARVIND Ltd  ,A ,Q,309.00,312.65,307.30,309.25,309.25,304.10,5191,373035,115640111.00,
500102,BALARPUR IND,B ,Q,14.50,14.52,14.24,14.44,14.44,14.35,289,193637,2788068.00,
500103,BHEL        ,A ,Q,135.00,138.65,134.95,137.75,137.75,133.90,4298,587224,80663320.00,
500104,HIND.PETRO  ,A ,Q,1215.00,1260.00,1213.55,1257.05,1257.05,1205.60,6096,133819,165884217.00,
500106,IFCI LTD    ,A ,Q,28.10,28.55,27.90,28.40,28.40,27.95,927,694191,19615283.00,
500108,MAHA.TELE   ,B ,Q,20.50,20.55,20.20,20.30,20.30,20.10,604,224836,4573109.00,
500109,MRPL        ,A ,Q,81.00,81.90,78.50,79.10,79.10,80.35,1645,149386,12013993.00,
500110,CHENNAI PET.,B ,Q,288.80,297.90,285.00,291.65,291.65,287.60,7442,524440,153573503.00,
500111,REL.CAP.    ,A ,Q,439.90,442.25,435.25,439.65,439.65,432.90,6961,373189,163984728.00,
500112,STATE BANK  ,A ,Q,226.30,233.70,226.30,232.80,232.80,225.55,16398,2098848,486689354.00,
500113,STEEL AUTH. ,A ,Q,47.40,48.75,47.40,48.10,48.10,46.80,3348,1161435,55840616.00,
500114,TITAN       ,A ,Q,406.80,418.00,404.35,416.40,416.40,406.80,2918,89809,37140697.00,
500116,IDBI BANK L ,A ,Q,68.40,69.65,68.40,69.50,69.50,68.15,1564,341644,23628343.00,
500117,DCW LTD.    ,B ,Q,28.20,29.50,28.20,29.25,29.25,28.50,635,246165,7150700.00,
500119,DHAMPUR SUGA,B ,Q,134.30,135.00,120.00,123.10,123.10,133.25,13426,1416983,181765366.00,
500120,DIAMINES&CHM,XD,Q,38.00,39.95,37.70,39.95,39.95,38.40,14,1118,43030.00,
500123,ELANTAS     ,B ,Q,1607.25,1668.95,1607.25,1648.55,1650.00,1631.30,78,531,870911.00,
500124,DR.REDDY'S  ,A ,Q,2984.00,3006.00,2972.80,3001.95,3001.95,2963.90,3606,40000,119673658.00,
500125,E.I.D.PAR   ,A ,Q,260.15,270.00,255.55,258.35,258.35,259.60,5362,271357,71488340.00,
500126,MERCK LTD   ,B ,Q,702.85,706.90,699.00,700.20,699.00,698.05,146,1476,1035359.00,
500128,ELEC.CASTING,B ,Q,21.65,22.45,21.65,21.95,21.95,21.40,412,133425,2940646.00,
500132,EMPEE SUGARS,XD,Q,8.45,8.99,8.25,8.53,8.58,7.89,124,53509,454477.00,
500133,ESAB INDIA  ,B ,Q,609.90,618.40,591.10,610.00,610.00,590.50,17,1931,1162268.00,
500135,ESSEL PROP  ,B ,Q,211.00,214.25,208.20,211.70,211.70,211.15,141,6835,1439499.00,
500136,ESTER INDUS.,B ,Q,40.25,43.15,40.05,41.55,41.80,39.90,1052,57178,2403118.00,
500139,FEDDER.LLYOD,B ,Q,70.70,71.00,69.35,69.70,69.70,70.25,252,19752,1382423.00,
500141,FERRO ALLOYS,XD,Q,5.10,5.25,5.08,5.13,5.10,5.03,36,18006,92709.00,
500142,FGP LTD.    ,XD,Q,2.33,2.34,2.33,2.34,2.34,2.45,3,534,1249.00,
500143,P.H.CAPITAL ,XD,Q,21.95,21.95,21.95,21.95,21.95,21.55,2,225,4938.00,
500144,FINOL. CABLE,A ,Q,396.20,404.00,389.00,399.00,401.20,390.35,292,10979,4341281.00,
500147,CMI FPE     ,XC,Q,365.00,365.00,362.90,362.90,362.90,369.75,2,51,18612.00,
500148,UFLEX LTD   ,B ,Q,234.00,234.85,229.75,232.35,232.35,229.60,1050,38020,8839403.00,
500150,FOSECO INDIA,B ,Q,1410.30,1438.00,1400.05,1411.20,1410.00,1427.30,38,326,460288.00,
500151,GOLDEN TOB  ,B ,Q,45.00,45.00,43.50,44.05,44.05,43.60,14,886,39040.00,
500153,GANESH BENZO,XD,Q,36.10,38.20,35.40,37.55,37.55,35.50,786,268058,9973482.00,
500155,GARDEN SILK ,B ,Q,33.15,33.95,32.80,32.95,32.85,32.85,54,11369,376608.00,
500159,METROGLOBL  ,XC,Q,65.10,67.75,65.00,67.75,67.75,64.00,9,1175,76477.00,
500160,GTL LTD.    ,B ,Q,11.90,12.20,11.90,12.05,12.05,11.86,272,38813,470025.00,
500162,PARRYSUGR   ,B ,Q,50.55,52.00,49.65,50.05,50.00,52.25,104,11175,568464.00,
500163,GODFREY PH  ,B ,Q,1155.00,1188.00,1151.35,1176.30,1176.30,1146.50,1900,22263,26163265.00,
500164,GODREJ IND  ,A ,Q,400.05,404.95,398.25,400.25,400.25,398.95,1220,33708,13534881.00,
500165,KANSAI NERO ,A ,Q,364.85,375.00,362.90,372.05,372.05,362.90,896,30768,11353704.00,
500166,GOODRICKE   ,XC,Q,163.80,168.25,162.10,165.40,165.40,160.80,200,21690,3594814.00,
500168,GOODYEAR (I),B ,Q,525.00,554.00,523.50,542.60,542.60,524.00,703,28792,15532334.00,
500170,GTN INDUS   ,B ,Q,18.50,18.75,18.15,18.15,18.15,17.90,9,702,12977.00,
500171,GHCL LTD    ,B ,Q,232.40,244.60,232.40,242.10,242.10,235.60,2537,151408,36522542.00,
500173,GUJ.FLOURO  ,B ,Q,615.00,634.80,610.60,628.15,634.80,611.10,495,5613,3492181.00,
500174,GUJ.LEASE   ,B ,Q,1.58,1.68,1.58,1.66,1.66,1.60,9,3625,5967.00,
500179,HCL INFOSYS ,B ,Q,40.50,41.55,40.50,40.65,40.65,40.30,876,218629,8945599.00,
500180,HDFC BANK   ,A ,Q,1245.00,1255.85,1242.00,1249.00,1249.00,1241.95,1704,115873,144710693.00,
500182,HEROMOTOCO  ,A ,Q,3299.95,3455.65,3287.25,3434.30,3434.30,3270.10,4147,47626,160648726.00,
500183,HIMACHAL FUT,B ,Q,16.85,17.20,16.80,16.95,16.95,16.75,677,601225,10212671.00,
500184,HIMADRI CHEM,B ,Q,36.00,38.80,36.00,38.35,38.35,35.85,4640,1255969,47158871.00,
500185,HIND.CONSTN.,A ,Q,22.90,23.45,22.65,23.25,23.25,22.70,2064,1221915,28255870.00,
500186,HIND.OIL EXP,B ,Q,39.50,40.40,38.80,39.75,39.70,38.90,1782,404504,16034147.00,
500187,HSIL        ,B ,Q,313.00,334.00,312.20,321.05,321.05,310.80,2848,108268,35084261.00,
500188,HINDUS.ZI   ,A ,Q,210.50,223.60,210.50,218.45,218.45,208.25,12999,680102,148906059.00,
500189,HINDUJA VENT,B ,Q,426.10,433.40,426.10,433.40,433.40,431.05,48,870,374878.00,
500191,HMT LTD.    ,T ,Q,39.75,40.50,39.75,40.40,40.50,40.05,37,6678,267395.00,
500192,PRAG BOSIMI ,XT,Q,4.21,4.50,4.21,4.26,4.25,4.34,9,2450,10673.00,
500193,HOTEL LEELA.,B ,Q,18.05,18.25,18.00,18.05,18.05,18.00,184,72606,1310077.00,
500199,I.G.PETRO   ,B ,Q,151.00,157.00,150.70,156.00,155.15,151.55,205,11304,1755928.00,
500201,IND.GLYCOLS ,B ,Q,98.30,99.00,96.90,97.40,97.50,96.90,321,14024,1372182.00,
500206,MARGO FIN   ,XT,Q,11.11,11.12,11.11,11.12,11.12,11.50,2,400,4446.00,
500207,INDO RAMA   ,B ,Q,34.40,34.85,34.00,34.55,34.55,33.85,147,13394,460204.00,
500209,INFOSYS LTD ,A ,Q,1065.00,1074.00,1051.00,1067.40,1067.40,1072.15,10329,234663,250335932.00,
500210,INGERSOLL   ,B ,Q,749.50,755.00,730.60,749.65,744.00,750.80,242,2572,1928166.00,
500211,INSILCO LTD.,XT,Q,21.30,22.65,20.65,21.15,21.15,21.60,136,55641,1196889.00,
500213,INTER.TRAVEL,XC,Q,202.65,218.45,202.60,214.25,214.25,202.35,378,33298,7109591.00,
500214,ION EXCHANGE,XT,Q,330.00,337.00,316.50,328.25,324.65,324.60,57,2593,846040.00,
500215,AGRO TECH FO,B ,Q,490.00,490.00,487.00,487.95,487.95,482.00,8,142,69341.00,
500219,JAIN IRRIG  ,A ,Q,74.25,74.80,73.60,73.95,74.00,73.90,1679,429756,31842458.00,
500220,JASCH INDUST,XD,Q,39.40,39.40,37.30,37.45,37.35,38.00,62,6385,240446.00,
500223,JCT LTD     ,XC,Q,6.00,6.00,5.79,5.86,5.86,5.85,434,392704,2308292.00,
500227,JINDAL POLYF,B ,Q,426.05,426.50,417.35,419.85,419.85,421.70,351,10205,4309475.00,
500228,JSWSL       ,A ,Q,1716.20,1743.00,1716.20,1738.10,1738.10,1706.20,4659,83599,144724355.00,
500231,UMANG DAIR  ,B ,Q,65.95,65.95,64.75,65.25,65.25,65.15,317,14261,932459.00,
500233,KAJARIA CER.,A ,Q,1257.00,1277.00,1245.50,1251.80,1250.10,1242.85,352,2715,3425054.00,
500234,KAKATIYA CEM,B ,Q,373.95,406.65,372.80,406.65,406.65,369.70,1472,66459,26640277.00,
500235,KALYANI STEL,B ,Q,290.90,303.00,288.00,291.60,291.60,286.00,9387,406408,120200933.00,
500236,KANELIND    ,XT,Q,3.57,3.57,3.23,3.56,3.56,3.40,5,1600,5201.00,
500238,WHIRLPOOL   ,B ,Q,855.00,872.85,852.00,859.45,859.45,849.10,280,2403,2071437.00,
500239,KG DENIM    ,XC,Q,89.55,94.00,89.50,92.80,92.80,89.05,290,37149,3418938.00,
500240,KINETIC ENG.,XD,Q,72.25,87.60,72.25,86.20,86.20,73.00,212,32863,2764895.00,
500241,KIRL.BROS.  ,B ,Q,147.35,147.80,145.05,146.10,145.90,144.50,242,17668,2589518.00,
500243,KIRL INDUS  ,B ,Q,744.00,744.00,730.15,736.75,743.00,728.10,19,149,109936.00,
500245,KIRL.FERROUS,XC,Q,82.50,86.00,82.00,84.00,84.00,81.40,2251,582914,49273218.00,
500246,ENVAIN ELECT,XD,Q,20.95,20.95,20.95,20.95,20.95,22.05,1,150,3142.00,
500247,KOTAK MAH.BK,A ,Q,761.00,774.80,756.40,772.55,772.55,756.40,4345,1446921,1103997970.00,
500249,KSB PUMPS   ,B ,Q,640.00,642.60,624.55,626.05,624.55,627.85,103,1034,649583.00,
500250,L.G.BALKRISH,B ,Q,465.00,477.75,465.00,472.00,470.10,461.25,59,812,384614.00,
500251,TRENT LTD.  ,A ,Q,1851.00,1861.00,1844.40,1848.40,1844.40,1851.30,145,974,1801167.00,
500252,LAKSHMI MACH,A ,Q,3792.00,3831.00,3677.00,3688.20,3688.20,3774.90,971,13667,50886091.00,
500253,LIC HOUS.FIN,A ,Q,515.70,520.80,513.00,518.65,518.65,511.30,4079,139673,72303295.00,
500254,UTTAMVALUE  ,B ,Q,0.40,0.43,0.40,0.43,0.43,0.41,291,5782464,2425283.00,
500255,LML LTD.    ,B ,Q,7.83,8.06,7.83,7.97,7.97,7.79,170,73224,580701.00,
500256,LOK.HOUS&CON,XT,Q,4.76,4.95,4.67,4.71,4.67,4.78,38,31824,154063.00,
500257,LUPIN LTD.  ,A ,Q,1673.00,1692.95,1660.00,1674.55,1674.55,1657.50,2369,144822,242934317.00,
500259,LYKA LABS   ,B ,Q,66.30,67.65,65.70,66.15,66.15,65.80,215,19766,1318086.00,
500260,RAMCOCEM    ,A ,Q,541.40,567.00,537.00,564.20,564.20,535.40,1725,34363,19064616.00,
500264,MAFATLAL IND,XC,Q,339.00,341.50,331.50,332.75,332.00,331.40,41,1240,417809.00,
500265,MAH.SEAMLESS,B ,Q,213.00,214.60,211.00,213.10,211.00,212.95,171,5400,1151310.00,
500266,MAH.SCOOTER ,B ,Q,1518.00,1610.00,1512.10,1605.90,1610.00,1517.15,316,1563,2471976.00,
500267,MAJESTIC AUT,XD,Q,102.20,102.90,100.00,101.80,102.90,101.40,67,5884,597538.00,
500268,MANALI PETRO,B ,Q,31.65,31.65,30.30,30.40,30.40,32.15,1164,329696,10100845.00,
500271,MFSL        ,A ,Q,552.00,556.10,477.40,551.00,551.00,550.35,3914,106551,57978320.00,
500277,MID INDIA IN,XT,Q,1.44,1.44,1.44,1.44,1.44,1.38,1,2000,2880.00,
500279,MIRC ELECT  ,B ,Q,11.15,11.23,11.00,11.15,11.20,11.12,92,29565,327784.00,
500280,CENTURY ENKA,B ,Q,217.00,222.00,217.00,220.60,221.50,216.80,229,11076,2434383.00,
500284,LORDS CHLORO,XT,Q,47.70,47.70,43.20,45.00,45.00,45.45,23,4627,208071.00,
500285,SPICEJET LTD,B ,Q,61.60,62.95,61.60,62.35,62.35,61.40,7303,3101646,193542623.00,
500288,MOREPEN LAB.,B ,Q,23.70,24.20,23.65,23.85,23.85,23.55,450,189532,4520626.00,
500290,MRF LTD.    ,A ,Q,35500.00,37553.65,35500.00,37168.20,37168.20,35297.75,3942,8289,306099155.00,
500292,HEIDEL CEM  ,B ,Q,121.00,133.00,121.00,127.95,127.95,121.90,1309,76924,9874440.00,
500294,NCC         ,A ,Q,77.00,79.05,77.00,78.75,78.75,77.00,1649,294393,23071788.00,
500295,VEDL        ,A ,Q,163.05,170.60,163.05,169.05,169.05,161.80,12785,1737068,291638016.00,
500296,NAHAR SPG.  ,B ,Q,129.00,131.00,126.00,127.35,127.35,126.05,666,44674,5726020.00,
500298,NAT.PEROXIDE,XC,Q,666.00,666.00,657.10,664.90,664.90,663.55,26,649,429379.00,
500300,GRASIM IND. ,A ,Q,4999.00,5348.50,4999.00,5268.65,5268.65,4989.25,3294,22326,116493308.00,
500301,NEPC INDIA  ,T ,Q,1.52,1.58,1.49,1.57,1.57,1.52,10,4009,6130.00,
500302,PEL         ,A ,Q,1585.00,1588.00,1566.45,1575.65,1571.35,1580.30,2211,14227,22357879.00,
500303,ADI BIR NUVO,A ,Q,1510.00,1570.00,1507.05,1548.75,1548.75,1502.20,4072,41179,63282546.00,
500304,NIIT LTD.   ,B ,Q,78.70,79.75,77.30,79.35,79.35,78.30,1640,242824,19099920.00,
500306,JAYKAY      ,XD,Q,4.87,4.90,4.71,4.81,4.71,4.86,17,16819,81320.00,
500307,NIRLON      ,B ,Q,202.15,207.40,201.95,204.90,204.90,201.50,216,25209,5160214.00,
500312,ONGC CORPN  ,A ,Q,221.15,226.50,220.45,225.80,225.80,220.10,5727,436612,97639362.00,
500313,OIL COUNTRY ,B ,Q,25.80,27.20,25.80,26.65,26.65,25.25,224,21127,560234.00,
500314,ORIENT HOTEL,B ,Q,24.25,25.00,24.25,24.85,24.85,24.75,4,131,3195.00,
500315,ORINTAL BANK,A ,Q,119.90,122.15,119.20,121.55,121.55,118.10,5137,740647,89740184.00,
500317,OSWAL AGRO. ,B ,Q,11.77,11.77,11.46,11.57,11.57,11.60,126,21075,243527.00,
500319,INDIAN SUCRO,XT,Q,16.40,16.40,16.40,16.40,16.40,16.40,4,1340,21976.00,
500322,PANYAM CEMEN,XC,Q,59.40,62.75,58.55,61.75,61.75,58.65,143,16286,994102.00,
500325,RELIANCE    ,A ,Q,995.20,1017.50,995.20,1014.55,1014.55,993.15,5742,174956,176223362.00,
500327,PILITA      ,B ,Q,33.40,33.80,32.90,33.55,33.55,32.85,201,58800,1962499.00,
500329,PENTAMED.G  ,XD,Q,0.80,0.80,0.73,0.76,0.78,0.77,104,306471,235335.00,
500330,RAYMOND     ,A ,Q,457.00,460.00,455.00,456.10,456.10,458.75,654,5600,2554651.00,
500331,PIDILITE    ,A ,Q,716.20,729.95,716.20,725.85,725.85,714.35,1917,49729,36038662.00,
500333,PIX TRANS   ,XD,Q,47.10,51.45,47.10,49.50,51.45,49.60,34,1960,97675.00,
500335,BIRLA CORPN.,B ,Q,556.25,597.00,553.00,579.65,579.65,552.20,1232,28039,16334777.00,
500336,SURYA ROSHNI,B ,Q,172.15,175.00,169.50,170.50,170.50,170.65,1096,101696,17522993.00,
500337,PRIME SECUR.,B ,Q,11.89,12.10,11.89,12.10,12.10,11.53,19,12882,155129.00,
500338,PRISM CEMENT,B ,Q,104.80,110.40,103.30,108.80,108.80,103.95,1554,133298,14394407.00,
500339,RAIN        ,B ,Q,39.35,39.50,37.30,38.50,38.50,38.10,1629,298227,11473710.00,
500343,PUDUMJEE    ,B ,Q,18.60,19.80,18.60,19.05,19.05,18.70,31,8870,169616.00,
500346,PUN.COMMUNI.,XC,Q,39.25,39.95,39.20,39.25,39.30,39.30,23,3337,132034.00,
500350,RSWM  LTD   ,B ,Q,460.50,469.90,455.05,464.75,465.00,449.00,421,6400,2955683.00,
500354,RAJSH.SUGAR ,B ,Q,65.30,66.00,60.00,61.35,61.35,64.45,394,27535,1736643.00,
500355,RALLIS INDIA,A ,Q,217.75,220.00,216.65,217.60,217.60,217.75,788,33750,7355764.00,
500356,RAMANEWS    ,B ,Q,23.90,24.00,23.55,23.65,23.60,23.90,36,8839,209346.00,
500357,RAMA PAPER  ,XD,Q,16.00,16.50,16.00,16.50,16.50,16.00,23,5963,97412.00,
500360,RAPICUT CARB,XD,Q,57.65,57.65,55.20,55.65,55.50,55.35,131,15433,862222.00,
500365,RMGALLOY    ,XD,Q,3.60,3.81,3.60,3.67,3.67,3.77,11,1910,7042.00,
500366,ROLTA (I)   ,B ,Q,64.00,64.95,64.00,64.25,64.25,63.90,763,65043,4194630.00,
500367,RUBFILA INT.,XC,Q,37.05,37.95,37.00,37.65,37.40,37.35,70,20530,767142.00,
500368,RUCHI SOYA  ,B ,Q,23.00,23.70,22.60,23.35,23.35,22.80,735,96414,2230581.00,
500370,SALORA INT. ,B ,Q,42.25,44.00,42.00,44.00,44.00,43.00,8,1850,79412.00,
500372,SAMTEL COL  ,T ,Q,0.51,0.51,0.51,0.51,0.51,0.52,2,400,204.00,
500378,JINDAL SAW  ,B ,Q,49.50,51.35,49.15,50.55,51.15,48.75,1335,120592,6061015.00,
500380,JK LAKSHMI  ,A ,Q,424.30,429.80,424.25,427.75,427.00,421.45,419,6705,2858392.00,
500387,SHREE CEMENT,A ,Q,16792.10,16950.00,16650.00,16734.25,16850.00,16601.45,309,711,11881168.00,
500390,REL INFRA   ,A ,Q,585.35,603.00,585.15,598.65,598.65,581.65,6031,311572,184745187.00,
500394,SOLID CARBID,XD,Q,0.60,0.60,0.60,0.60,0.60,0.62,3,2850,1710.00,
500399,STEELCO GUJ.,XD,Q,5.52,5.94,5.20,5.69,5.45,5.85,58,45312,248479.00,
500400,TATA POWER  ,A ,Q,71.00,71.50,70.85,71.10,71.10,70.85,1133,231073,16436316.00,
500402,SPMLINFRA   ,B ,Q,79.20,79.20,74.00,74.95,74.90,73.00,129,8423,644318.00,
500403,SUNDARAM FAS,B ,Q,189.40,193.40,188.95,191.00,191.50,187.35,256,9811,1874702.00,
500404,SUNFLAG IRON,B ,Q,30.20,32.90,30.20,31.65,31.65,30.00,1488,221353,7065947.00,
500405,SUPREME PET ,B ,Q,182.50,185.00,181.00,181.40,181.40,180.65,236,9392,1709641.00,
500407,SWARAJ ENGIN,B ,Q,1123.85,1140.00,1114.00,1119.45,1114.00,1116.05,89,603,675595.00,
500408,TATA ELXSI  ,A ,Q,1632.50,1649.40,1632.00,1639.65,1639.65,1628.45,1622,28409,46625439.00,
500410,ACC LTD     ,A ,Q,1672.95,1723.10,1665.90,1720.70,1720.70,1662.15,2457,34730,59261212.00,
500411,THERMAX     ,A ,Q,850.00,886.90,849.00,866.05,866.05,844.15,277,1173,1017476.00,
500412,THIRUMALAI  ,B ,Q,361.00,361.00,353.60,358.50,355.00,355.80,757,19227,6889815.00,
500413,THOMAS COOK ,B ,Q,202.10,208.00,197.00,199.25,199.25,196.90,3075,132265,26869201.00,
500414,TIMEX GROUP ,XC,Q,38.70,40.20,38.70,39.15,39.15,39.25,288,54375,2137818.00,
500418,TOKYO PLAST ,B ,Q,67.00,75.00,67.00,69.70,69.70,65.00,374,29231,2065966.00,
500420,TORRENT PHAR,A ,Q,1470.00,1527.90,1468.35,1520.20,1520.20,1463.20,3274,23465,35382117.00,
500422,TRANSCHEM   ,XD,Q,17.00,17.65,17.00,17.65,17.65,16.85,7,1201,20482.00,
500425,AMBUJA CEME ,A ,Q,267.90,276.45,265.30,275.70,275.70,264.35,4886,283078,76586002.00,
500429,UNIPHOS ENT.,B ,Q,55.80,56.90,54.25,55.55,55.90,54.50,88,8967,500229.00,
500439,VARD HOLDNG ,B ,Q,1340.00,1340.00,1282.00,1311.35,1288.00,1325.00,8,102,133770.00,
500440,HINDALCO    ,A ,Q,139.00,144.45,138.50,143.80,143.80,137.05,7865,1445709,204912502.00,
500444,WEST COAST  ,B ,Q,90.75,93.00,90.75,92.00,92.00,89.85,401,42369,3888098.00,
500449,HIND.ORG.CHM,B ,Q,17.10,17.95,17.10,17.30,17.30,16.95,107,23916,420456.00,
500456,PAS.ACRYLON ,XC,Q,27.30,29.95,27.25,29.70,29.70,27.15,826,585674,16902093.00,
500458,KORE        ,XT,Q,2.35,2.35,2.35,2.35,2.35,2.41,1,100,235.00,
500459,PROCTER &GAM,A ,Q,6499.95,6530.85,6315.05,6384.80,6384.80,6351.85,292,58928,375128910.00,
500460,MUKAND LTD. ,B ,Q,48.50,52.50,48.50,51.40,51.40,48.10,1131,122356,6257887.00,
500463,AGCNET      ,B ,Q,62.30,62.95,61.00,61.50,61.50,60.75,36,3195,198061.00,
500464,UCAL FUEL   ,B ,Q,115.00,119.35,115.00,117.70,117.70,113.75,374,22294,2620299.00,
500467,HARR.MALAYAL,B ,Q,76.80,79.20,76.05,76.75,76.75,76.75,649,54679,4249492.00,
500469,FEDERAL BANK,A ,Q,63.70,64.55,62.95,64.15,64.15,62.80,1855,930107,59446275.00,
500470,TATA STEEL  ,A ,Q,378.40,382.75,376.95,380.90,380.90,374.05,15559,1227749,466629112.00,
500472,SKF INDIA   ,A ,Q,1405.00,1405.00,1395.00,1399.00,1396.00,1398.65,34,353,493502.00,
500477,ASHOK LEYL. ,A ,Q,86.50,88.20,86.50,88.05,88.05,86.40,8642,2665669,232120867.00,
500480,CUMMINS (I) ,A ,Q,840.15,873.00,835.55,858.30,866.00,840.15,2707,81802,69741902.00,
500483,TATA COMM   ,A ,Q,453.45,455.50,447.00,451.10,451.10,447.70,984,29608,13365355.00,
500488,ABBOTT (I)  ,B ,Q,4650.00,4720.00,4611.30,4676.85,4676.85,4667.95,69,356,1656020.00,
500490,BAJ HOLD INV,A ,Q,1800.00,1816.90,1800.00,1801.30,1800.15,1809.75,108,673,1215143.00,
500493,BHARAT FORGE,A ,Q,724.00,823.95,719.00,814.00,814.00,723.50,38190,1181579,922361998.00,
500495,ESCORTS LTD.,A ,Q,263.90,267.20,260.60,263.20,263.20,262.80,2112,135839,35859777.00,
500500,HIND.MOTORS ,B ,Q,6.25,6.25,5.91,5.95,5.95,6.11,247,109606,660176.00,
500510,LARSEN & TOU,A ,Q,1480.00,1516.55,1478.55,1512.65,1512.65,1470.35,9935,193244,289988665.00,
500520,MAH & MAH   ,A ,Q,1458.00,1488.95,1444.50,1482.10,1482.10,1436.65,3349,66133,97139023.00,
500530,BOSCH LTD   ,A ,Q,25146.00,25163.90,24770.00,25006.85,25006.85,24955.45,716,1872,46699412.00,
500540,PREMIER LTD ,B ,Q,32.95,32.95,32.00,32.30,32.20,32.95,32,5987,194365.00,
500547,BHARAT PET. ,A ,Q,576.00,587.00,573.90,585.85,585.85,570.05,3904,174548,101538702.00,
500550,SIEMENS LTD.,A ,Q,1250.00,1302.35,1250.00,1295.20,1295.20,1254.70,2048,39539,50554950.00,
500570,TATA MOTORS ,A ,Q,506.00,519.30,502.25,516.35,516.35,500.30,8731,612995,313042804.00,
500575,VOLTAS LTD  ,A ,Q,348.10,352.00,345.80,348.60,348.60,347.10,5323,169417,59183234.00,XD
500620,GREAT EASTE ,A ,Q,358.00,364.50,357.40,362.70,361.80,356.15,717,12964,4695434.00,
500645,DEEPAK FERT.,B ,Q,173.00,174.00,170.00,170.90,170.00,168.70,465,20666,3555145.00,
500650,EXCEL INDUST,B ,Q,294.05,297.00,288.65,292.65,294.00,288.95,138,3509,1024889.00,
500655,GARWARE POLY,XC,Q,117.55,125.60,117.55,124.35,124.35,119.45,41,2150,261904.00,
500660,GLAXOSMITH  ,A ,Q,3124.00,3160.00,3100.00,3147.05,3147.05,3109.90,371,1155,3608114.00,
500670,GUJ.NARMADA ,B ,Q,143.45,146.80,143.25,145.15,145.15,142.30,1096,61281,8896065.00,
500672,NOVARTIS    ,B ,Q,683.00,685.00,680.10,684.10,684.10,682.40,411,11932,8155239.00,
500674,SANOFI      ,A ,Q,4503.80,4503.80,4444.00,4478.75,4489.95,4503.35,40,248,1105796.00,
500676,GLAXOSMITHKL,A ,Q,6367.00,6370.00,6156.00,6180.80,6180.80,6354.60,572,1333,8328049.00,
500680,PFIZER LTD. ,A ,Q,1960.00,1974.00,1933.85,1936.00,1936.00,1947.10,309,1277,2487195.00,
500690,GUJ.ST.FERT ,A ,Q,69.50,70.45,68.50,69.90,69.90,68.15,1057,137285,9544526.00,
500696,HIND UNI LT ,A ,Q,923.90,926.55,916.55,923.80,923.80,915.95,2852,84614,77984608.00,
500710,AKZOINDIA   ,B ,Q,1630.00,1649.00,1620.00,1638.10,1638.10,1622.25,158,1768,2901147.00,
500730,NOCIL LTD   ,B ,Q,55.30,56.20,54.85,55.55,55.55,54.80,1485,291222,16196157.00,
500770,TATA CHEM.  ,A ,Q,456.00,482.90,456.00,475.70,475.70,455.80,4714,201709,95278976.00,
500777,T.P.L.      ,B ,Q,20.55,23.90,20.50,23.25,23.25,20.30,1221,294818,6762896.00,
500780,ZUARIGLOB   ,B ,Q,97.50,97.50,94.00,94.20,94.00,93.70,22,834,78867.00,
500790,NESTLE (I)  ,A ,Q,6899.00,6899.00,6810.80,6819.10,6816.00,6787.15,545,1123,7677824.00,XD
500800,TATAGLOBAL  ,A ,Q,141.80,141.80,138.60,139.10,139.10,138.30,1733,276858,38514556.00,
500820,ASIAN PAINTS,A ,Q,1130.00,1145.00,1129.00,1142.95,1142.95,1126.70,2414,47369,53906059.00,
500825,BRITANIA IND,A ,Q,2885.40,2898.00,2849.00,2881.65,2871.00,2873.25,1498,9289,26712714.00,
500830,COLGATE PALM,A ,Q,948.90,962.00,944.15,957.15,962.00,940.00,2438,27705,26401617.00,
500840,EIH LTD.    ,B ,Q,111.30,111.90,110.00,110.75,110.95,110.55,192,57919,6412510.00,
500850,INDIAN HOTEL,A ,Q,132.00,134.10,132.00,133.50,133.25,132.45,425,37437,4990610.00,
500870,CASTROL     ,A ,Q,421.95,428.45,415.00,421.45,421.45,423.90,5154,210534,88811169.00,XD
500875,ITC LTD.    ,A ,Q,252.00,256.35,251.05,251.45,251.45,251.95,5039,1282128,323053597.00,
500877,APOLLO TYRES,A ,Q,163.00,176.60,161.95,175.00,175.00,161.00,10510,1227825,211189971.00,
500878,CEAT LIMITED,A ,Q,860.00,919.00,859.00,908.30,908.30,855.95,10770,225524,202711159.00,
500890,MODI RUBBER ,T ,Q,46.80,50.00,46.80,49.10,50.00,49.25,8,906,44279.00,
500940,FINOLEX IND.,A ,Q,468.50,468.50,455.10,457.35,455.10,457.65,257,2994,1372245.00,
500945,VALUE IND L ,B ,Q,13.20,13.20,12.75,13.01,13.00,12.80,10,2211,28719.00,
501061,ST.BANK BIKA,B ,Q,654.00,676.75,648.15,669.15,669.15,658.10,1875,23670,15796790.00,
501148,DALAL ST INV,XT,Q,124.00,125.50,123.15,123.15,123.15,123.15,8,110,13598.00,
501150,CENTRUM CAP ,XD,Q,24.00,24.00,23.45,23.50,23.45,23.50,107,120997,2856563.00,
501242,TCI FINANCE ,B ,Q,25.40,25.80,24.70,24.80,24.80,24.65,20,3765,94172.00,
501295,INDUS.INV.TR,B ,Q,60.20,60.20,60.00,60.10,60.00,61.95,7,500,30060.00,
501298,INDUS.&PRUD.,XC,Q,1185.00,1264.00,1185.00,1216.00,1243.50,1226.20,40,286,348776.00,
501301,TATA INVEST.,B ,Q,499.10,502.05,497.25,500.00,500.00,496.85,201,8541,4270477.00,
501370,WALCHAND PF ,XD,Q,138.00,142.00,131.50,135.05,135.05,140.00,52,2794,383531.00,
501391,W.H.BRADY   ,XD,Q,140.50,147.00,140.00,147.00,147.00,144.00,5,117,16418.00,XD
501423,SHA ENG PLA ,XT,Q,528.00,535.00,515.00,522.15,520.00,520.25,141,8607,4516656.00,
501425,BOM.BURMAH  ,B ,Q,403.80,411.65,402.40,404.95,404.10,399.60,249,5027,2048631.00,
501430,BOM.CYCLE   ,XD,Q,1350.00,1375.00,1350.00,1375.00,1375.00,1375.00,3,9,12300.00,
501455,GREAVES COTT,B ,Q,142.85,142.85,138.60,138.95,139.00,139.10,382,28383,3966495.00,
501700,INDIA NIVEH ,XD,Q,46.00,46.05,46.00,46.05,46.05,46.00,90,5480,252249.00,
501827,CENTRAL RLY ,XT,Q,158.35,158.35,158.35,158.35,158.35,150.85,2,9,1425.00,
501833,CHOWGULE ST ,XT,Q,14.85,15.00,14.85,14.85,14.85,15.60,21,8563,127663.00,
501848,GLOBAL OFFS ,B ,Q,129.85,129.85,121.00,123.00,122.00,125.35,99,6207,771072.00,
502015,ASSOC.STONE ,XC,Q,21.00,21.30,19.80,20.05,20.20,20.50,237,74001,1513820.00,
502090,SAGAR CEM.  ,B ,Q,613.45,625.00,580.75,588.15,588.15,613.60,357,4618,2774117.00,
502137,DECAN CEMENT,B ,Q,985.00,1012.25,976.40,990.60,982.10,977.05,382,3073,3048374.00,
502157,MANGALAM CEM,B ,Q,283.00,296.10,281.30,292.65,292.65,279.15,531,17738,5090711.00,
502165,OCL INDIA L ,B ,Q,714.95,750.00,714.10,733.25,731.30,706.35,321,4638,3384907.00,
502168,N C L IND.  ,B ,Q,111.00,118.90,107.70,116.10,116.10,109.60,1847,82699,9525021.00,
502175,SAURAS.CEM. ,XC,Q,70.40,73.00,70.10,71.80,71.80,70.60,382,80912,5804841.00,
502180,SRI DIGV CEM,XC,Q,25.50,25.50,24.35,25.00,25.00,24.75,922,445253,11175613.00,
502219,BOROSIL GLAS,XC,Q,4350.00,4397.95,4300.00,4360.70,4360.70,4358.80,131,823,3579661.00,
502281,TRIVENI GLAS,XT,Q,23.25,23.40,22.55,22.85,22.85,22.85,85,41889,966302.00,
502330,IPAPPM      ,B ,Q,298.00,298.00,292.55,294.30,295.00,296.40,199,8719,2576109.00,
502355,BALKRISH IND,A ,Q,718.50,740.00,715.00,736.70,736.70,711.15,683,9030,6620279.00,
502405,MYSORE PAPER,XT,Q,4.37,4.38,4.19,4.20,4.19,4.18,21,33930,143431.00,
502407,NATH PULP   ,XD,Q,29.00,31.30,29.00,30.05,30.05,29.85,4,59,1831.00,
502420,ORIENT PAPER,B ,Q,58.40,59.60,56.10,58.45,58.45,58.25,1871,314161,18294455.00,
502445,CITADEL     ,XD,Q,28.50,28.50,28.50,28.50,28.50,29.00,3,538,15333.00,
502448,ROLLATAINER ,XC,Q,30.75,36.40,30.75,31.10,31.10,30.50,661,844739,26789063.00,
502450,SESHA.PAPER ,B ,Q,411.95,419.00,405.00,411.00,411.00,406.65,35,305,125510.00,
502465,SPECIALITY P,XT,Q,0.77,0.78,0.72,0.78,0.78,0.75,38,87388,66534.00,
502587,RAMA PULP   ,XT,Q,10.35,10.40,10.00,10.16,10.16,10.04,37,17350,174481.00,
502742,SINTEX IND. ,A ,Q,73.50,74.25,73.40,73.70,73.70,73.15,2501,512686,37846862.00,
502761,BLUE BLEND  ,B ,Q,72.00,72.00,68.00,68.70,69.00,70.15,63,10606,741742.00,
502820,DCM LTD.    ,B ,Q,89.00,89.70,87.60,87.75,87.75,88.55,81,6881,607782.00,
502865,FORBES & CO ,B ,Q,1449.00,1449.00,1350.00,1373.15,1363.00,1344.10,117,765,1057679.00,
502873,H.P.COTTON  ,XD,Q,47.55,47.55,44.10,46.00,46.00,47.55,21,3409,159401.00,
502901,JAMSHRI RANJ,XD,Q,28.00,28.00,25.80,25.80,25.80,27.15,5,46,1220.00,
502933,KATARE SPG. ,XT,Q,17.20,18.80,17.20,18.80,18.80,17.95,2,35,610.00,
502937,KESORAM IND ,B ,Q,133.95,144.90,133.20,144.00,144.00,132.50,4274,324511,45864192.00,
502958,LAKSHMI MILL,XC,Q,2200.00,2274.00,2145.00,2155.95,2150.00,2200.05,36,169,366273.00,
502986,VARDH TEXT  ,B ,Q,1067.30,1083.00,1056.00,1070.10,1070.10,1048.80,158,1255,1338592.00,
502995,MALWA COTTON,T ,Q,6.81,7.50,6.81,7.27,6.81,7.15,5,525,3713.00,
503015,MODERN INDIA,XC,Q,40.00,40.00,37.20,38.00,38.00,39.15,4,101,3796.00,
503031,PENLAND LTD ,B ,Q,18.20,20.00,18.20,19.75,19.75,18.70,264,128731,2501681.00,
503092,PASUPATI SPG,XD,Q,15.75,17.00,15.75,17.00,17.00,16.45,3,358,6054.00,
503100,PHOENIX MILL,B ,Q,378.00,380.00,369.00,374.10,374.10,375.20,147,1053,393673.00,
503101,MARATHON NEX,XC,Q,214.80,250.00,207.00,236.60,238.00,209.15,343,24439,5785224.00,
503127,RAJA BAHADUR,XT,Q,1400.00,1400.00,1400.00,1400.00,1400.00,1473.00,2,7,9800.00,
503162,REL.CHEMOTX ,B ,Q,64.05,66.60,64.05,64.80,64.80,64.50,17,626,40611.00,
503169,RUBY MILLS  ,B ,Q,403.10,407.20,385.00,390.45,390.45,388.75,164,3538,1410153.00,
503205,SHREERAM    ,XC,Q,58.30,58.30,58.10,58.10,58.10,59.00,3,120,6974.00,
503310,SWAN ENG    ,B ,Q,63.10,68.20,61.35,61.90,61.90,62.45,1325,302891,18940336.00,
503349,VICTORIA MIL,XD,Q,2760.00,2960.00,2760.00,2862.10,2862.10,2836.65,4,15,43216.00,
503657,VEER ENERGY ,XD,Q,22.60,23.40,22.35,22.70,22.70,22.85,86,8717,198222.00,
503691,SAHARA ONE  ,XC,Q,66.40,66.40,66.40,66.40,66.40,66.10,4,197,13080.00,
503722,BANSW.SYNTEX,B ,Q,180.00,180.75,172.60,174.30,174.30,177.25,286,13804,2460818.00,
503776,MODIPON     ,XD,Q,12.15,12.75,12.15,12.75,12.75,12.15,3,300,3705.00,
503804,SHRI DINESH ,XD,Q,129.00,129.00,113.50,114.55,114.75,114.00,40,1872,217576.00,
503806,SRF LIMITED ,A ,Q,1510.00,1548.00,1510.00,1531.60,1526.50,1502.60,1755,23678,36384234.00,
503811,SIYARAM SILK,B ,Q,1026.15,1053.50,1026.15,1046.75,1039.40,1050.05,34,182,189488.00,
503831,FOMENTO HOTE,XC,Q,108.00,109.85,104.05,109.85,109.85,107.00,4,175,18412.00,
503837,SHREE RAJSYN,XD,Q,14.25,14.25,12.26,12.39,12.26,13.00,11,802,10577.00,
503881,HIND.SYNTEX ,B ,Q,16.55,16.55,16.55,16.55,16.55,16.70,1,1000,16550.00,
503960,BHARAT BIJLE,B ,Q,781.00,807.00,777.05,794.60,794.50,776.65,325,2616,2076990.00,
504000,ELPRO INTER ,XC,Q,39.55,41.60,39.55,40.75,40.75,40.55,24,1695,69980.00,
504008,EMCO LTD.   ,B ,Q,30.50,31.20,30.15,30.35,30.35,30.25,225,40831,1258468.00,
504028,GEE LTD     ,XD,Q,38.00,41.50,38.00,40.05,40.05,40.25,5,612,24773.00,
504036,HIND.RECT   ,B ,Q,76.80,83.90,76.80,83.00,83.50,78.75,131,15363,1246872.00,
504058,NIPPOBATRY  ,B ,Q,1039.00,1064.00,960.00,969.55,969.55,996.05,1398,14295,14423018.00,
504067,ZENSAR TECH.,B ,Q,1104.00,1116.00,1100.00,1103.70,1103.70,1101.25,214,203010,224201016.00,
504076,JYOTI LTD.  ,XC,Q,44.00,46.00,44.00,45.00,45.00,43.75,16,643,28670.00,
504080,JSL LTD.    ,XT,Q,131.10,131.10,131.10,131.10,131.10,138.00,8,182,23860.00,
504092,INDOKEM LTD.,XD,Q,6.73,6.99,6.73,6.87,6.99,7.08,2,550,3779.00,
504093,PANA ENERG  ,XC,Q,301.70,331.00,295.00,321.70,321.70,293.90,258,18097,5839615.00,
504112,NELCO LTD.  ,B ,Q,90.55,91.80,88.60,89.60,89.60,89.55,559,42261,3804272.00,
504132,PERM MAGNETS,XD,Q,16.50,17.90,16.50,17.90,17.90,17.05,8,2100,37020.00,
504176,HIGH ENERGY ,XD,Q,205.00,205.00,195.00,205.00,205.00,203.00,26,2022,411052.00,
504212,UNIV.CABLE  ,B ,Q,94.00,94.00,86.00,87.15,88.80,86.30,38,29486,2596421.00,
504220,W.S.INDUSTR.,B ,Q,10.36,10.36,10.19,10.19,10.19,9.70,3,1916,19542.00,
504240,DELTON CABLE,XT,Q,26.60,26.60,24.10,24.10,24.10,25.35,8,711,17650.00,
504258,LAKSHMI ELEC,XD,Q,418.00,425.00,411.05,420.35,425.00,410.30,85,2815,1180159.00,
504269,KHAITAN ELEC,B ,Q,37.30,41.20,37.30,39.20,39.20,39.75,15,2076,79768.00,
504286,DELTA MAG   ,B ,Q,28.00,28.00,25.50,25.50,25.50,26.80,6,335,9367.00,
504341,RAVINDRA TRA,XT,Q,30.35,32.00,30.35,32.00,32.00,31.60,6,991,30473.00,
504351,EMPOWER     ,XD,Q,0.44,0.44,0.44,0.44,0.44,0.44,3,26100,11484.00,
504356,MULTI-PURPOS,XT,Q,11.02,11.02,11.02,11.02,11.02,10.81,1,5,55.00,
504369,GRANDMA TRAD,XD,Q,13.96,14.40,13.93,14.35,14.35,14.19,111,677402,9723323.00,
504378,NYSSACORP   ,XD,Q,7.94,7.94,7.94,7.94,7.94,7.94,3,279,2215.00,
504605,UNI ABEX    ,XC,Q,392.50,407.80,392.50,407.80,407.80,400.00,11,87,34522.00,
504614,SARDA ENMIN ,B ,Q,132.95,139.80,132.90,136.75,136.75,129.25,602,23472,3204571.00,
504629,ANIL SP STEL,XT,Q,1.79,1.79,1.71,1.79,1.79,1.71,11,1962,3494.00,
504646,BHAGWATI AUT,XD,Q,55.65,55.65,52.50,52.55,52.55,54.80,5,775,40730.00,
504697,GALADA TELE.,XD,Q,13.95,14.08,13.52,13.99,14.08,13.41,57,10386,145467.00,
504701,GONTER PEIP ,XD,Q,7.66,8.00,7.65,7.65,7.65,8.00,3,2557,20436.00,
504741,IND.HUME PIP,B ,Q,520.00,555.00,518.00,542.60,542.60,512.25,769,14386,7834386.00,
504746,IND.LINKCHAI,P ,Q,398.00,398.00,398.00,398.00,398.00,379.05,1,5,1990.00,
504786,INVEST &PREC,XD,Q,151.70,156.90,151.00,155.55,155.55,149.10,68,2935,452018.00,
504810,INFORMEDTEC ,XD,Q,25.50,25.50,25.50,25.50,25.50,24.30,1,300,7650.00,
504840,KAIRA CAN CO,XT,Q,930.00,930.00,930.00,930.00,930.00,930.00,2,5,4650.00,
504879,ORIENT ABRAS,B ,Q,37.95,38.50,37.00,37.20,37.20,37.10,74,10873,405749.00,
504903,RATHI ST    ,XD,Q,3.00,3.65,3.00,3.46,3.46,3.18,47,9718,32998.00,
504908,S.S.DUNCAN  ,XD,Q,71.55,71.55,71.50,71.50,71.50,76.00,7,950,67935.00,
504918,SANDUR MANG.,XC,Q,546.20,549.95,539.20,545.80,549.00,538.00,37,3275,1785147.00,
504959,STOVAC IND. ,XC,Q,2261.00,2265.00,2206.70,2235.00,2235.00,2247.90,16,75,168270.00,
504961,TATA YODOGAW,XD,Q,47.00,47.00,45.50,46.35,46.30,46.40,31,2993,138010.00,
504966,TINPLATE    ,B ,Q,84.15,84.45,82.35,82.70,82.70,83.15,964,93306,7776648.00,
504973,TUBE INV.   ,A ,Q,561.40,566.00,546.60,560.30,560.30,559.80,1029,369121,206710422.00,
504988,WELCAST     ,XD,Q,318.35,325.00,318.35,325.00,325.00,335.05,3,25,8058.00,
505010,AUTO AXLES  ,B ,Q,624.00,629.95,612.05,614.80,614.80,612.30,93,1668,1028128.00,
505029,ATLAS CYCLES,B ,Q,203.00,204.90,202.00,203.40,203.40,201.40,43,1063,216024.00,
505036,AUTO COR.GOA,XC,Q,527.50,536.00,525.00,529.70,529.70,521.85,157,4640,2461637.00,
505075,SETCO AUTO  ,B ,Q,50.15,50.80,50.00,50.45,50.45,50.00,221,38313,1931808.00,
505141,SCOOTERS IND,XT,Q,38.95,42.00,38.95,41.50,41.50,40.95,37,3538,144932.00,
505160,TALBROS AUTO,B ,Q,116.30,117.00,115.00,116.00,116.00,114.50,71,3862,448771.00,
505163,ZF STEERING ,B ,Q,1572.00,1594.90,1566.00,1582.85,1582.85,1563.10,216,1621,2560237.00,
505192,SMLISUZU    ,B ,Q,1329.00,1374.00,1321.00,1335.20,1335.20,1317.95,6748,95011,127741809.00,
505196,TIL LTD.    ,B ,Q,256.10,263.20,250.00,259.65,257.25,255.85,365,5868,1519766.00,
505200,EICHER MOTOR,A ,Q,21506.00,22413.30,21502.00,22258.30,22258.30,21423.85,1731,5586,123103069.00,
505216,ALFRED HERB ,XD,Q,402.50,426.40,402.50,425.85,426.40,406.40,15,377,156792.00,
505230,CIMMCO      ,B ,Q,68.35,70.85,68.05,70.40,69.90,68.20,51,2023,141345.00,
505232,VELJAN      ,XT,Q,750.80,750.80,750.80,750.80,750.80,715.05,33,797,598387.00,
505242,DYNAMAT.TECH,B ,Q,2500.00,2500.00,2453.90,2466.25,2499.80,2460.15,18,210,520315.00,
505255,GMM PFAUDLER,XC,Q,380.00,385.00,367.10,376.85,374.95,376.55,139,5987,2261811.00,
505283,KIRLOSAR PN ,XC,Q,874.00,874.95,840.00,845.05,854.90,850.00,32,340,289688.00,
505299,KULK-POWER  ,XT,Q,30.90,33.00,30.90,32.10,32.00,31.50,31,1390,43960.00,
505324,MANUGRAPH IN,B ,Q,50.00,52.00,50.00,50.35,50.35,50.95,252,13421,682859.00,
505343,MONOTYPE IND,XT,Q,31.00,31.00,30.00,30.00,30.00,30.00,5,4032,120992.00,
505355,NESCO LTD   ,B ,Q,1617.95,1625.00,1592.00,1613.60,1613.60,1600.00,15,120,193589.00,
505358,INTEGRA ENG ,XD,Q,31.70,31.70,30.00,30.85,30.85,30.50,52,8833,267648.00,
505368,REVATHI EQU.,B ,Q,785.00,785.00,716.15,739.60,735.20,841.00,492,6842,5035367.00,
505400,TEXINFRA    ,B ,Q,37.50,37.50,36.60,36.90,36.60,37.20,55,6331,234081.00,
505412,WENDT(INDIA),B ,Q,1992.00,1995.00,1992.00,1992.00,1992.00,1990.00,6,55,109697.00,
505502,PSITINFRA   ,XT,Q,91.20,91.20,91.10,91.10,91.10,92.25,15,1009,92019.00,
505506,AXONVL      ,XD,Q,2.86,2.86,2.86,2.86,2.86,3.01,10,1535,4390.00,
505509,RESPON IND  ,B ,Q,78.00,78.00,78.00,78.00,78.00,77.00,1,50,3900.00,
505526,DOLAT INV.  ,XD,Q,2.95,3.08,2.85,2.85,2.85,2.90,26,41702,121109.00,
505533,WESTLIFE DEV,B ,Q,219.95,220.50,208.00,213.75,213.75,219.55,193,7555,1633722.00,
505537,ZEE ENTER   ,A ,Q,476.00,498.00,476.00,497.00,497.00,487.40,3671,92489,45732711.00,
505576,GOLDCORP    ,XD,Q,42.00,42.00,40.05,41.05,40.05,42.00,4,175,7203.00,
505590,SVPGLOB     ,XD,Q,97.95,97.95,97.95,97.95,97.95,97.95,2,250,24487.00,
505665,ANTIF BEARNG,XC,Q,166.05,173.90,166.05,171.30,171.30,164.85,112,13367,2279213.00,
505681,BIMETAL BEAR,XC,Q,344.80,360.00,344.00,345.10,345.10,339.00,129,1891,658476.00,
505688,BHARAT GEARS,B ,Q,85.00,87.00,84.00,84.55,86.00,90.30,533,34375,2941905.00,
505690,BRADY MORRIS,XD,Q,54.45,54.45,53.30,53.30,53.30,56.10,2,150,8110.00,
505700,ELECON ENG  ,B ,Q,56.80,57.10,55.50,56.00,56.00,55.55,3657,90043,5054658.00,
505710,GRAUER& WEIL,XC,Q,28.40,29.40,28.40,29.20,29.20,28.70,268,96698,2806036.00,
505711,GAJRA BEVEL ,XT,Q,3.09,3.17,3.09,3.17,3.17,3.02,17,9265,29006.00,
505712,GUJ.AUTO GE ,XD,Q,183.00,187.90,183.00,184.55,187.00,184.45,25,872,161066.00,
505714,GABRIEL(I)  ,B ,Q,104.15,109.00,104.00,105.90,105.90,103.05,2076,201765,21504691.00,
505720,HERC.HOISTS ,B ,Q,158.90,158.90,155.70,156.55,156.55,155.25,38,1287,201845.00,
505725,HIND.EVEREST,XD,Q,61.30,61.30,61.30,61.30,61.30,61.30,4,9419,577384.00,
505726,IFB IND.LTD.,B ,Q,380.00,388.25,380.00,385.65,386.65,379.75,94,3385,1302423.00,
505729,SINGER INDIA,XC,Q,177.20,193.60,177.20,187.10,187.10,177.55,292,23766,4455822.00,
505737,INTER.COMBUS,XD,Q,275.10,307.75,275.10,295.45,297.90,277.90,103,3755,1111786.00,
505744,FED MOG GOE ,B ,Q,370.00,389.90,370.00,385.30,385.00,378.00,352,5996,2288778.00,
505750,JOSTS ENG.  ,XT,Q,680.00,725.00,680.00,725.00,725.00,701.00,2,11,7525.00,
505790,FAG BEARINGS,B ,Q,4060.00,4080.00,4050.00,4070.25,4070.00,4054.55,12,25124,102502366.00,
505800,RANE HOLDIN ,B ,Q,700.00,714.00,690.00,710.00,710.00,700.00,23,564,398235.00,
505827,SNL BEARINGS,XD,Q,171.00,174.00,169.00,169.15,169.00,170.90,24,1403,237666.00,
505850,MANCREDIT   ,XT,Q,46.20,46.20,41.85,44.40,44.95,44.00,7,28,1231.00,
505854,TRF LTD.    ,B ,Q,302.90,307.30,301.10,302.90,302.90,298.65,449,10098,3066877.00,
505872,WPIL LTD.   ,XC,Q,369.00,376.00,368.50,375.05,375.05,370.10,27,1914,711674.00,
505890,KENNAMETAL  ,B ,Q,670.00,715.00,662.00,703.25,703.25,670.35,171,6301,4375122.00,
505893,HIND.HARDY  ,XD,Q,87.50,90.95,87.00,87.10,90.95,90.00,8,94,8189.00,
505978,TRITON VALVE,XD,Q,1050.00,1060.00,1045.00,1047.25,1045.00,1052.95,20,75,78622.00,
506003,SUDAL INDUS ,XD,Q,8.16,8.91,8.16,8.89,8.89,8.50,10,2220,18504.00,
506016,JRIIIL      ,XD,Q,4.00,4.00,4.00,4.00,4.00,4.09,32,37670,150680.00,
506022,PRAKASH IND.,B ,Q,42.50,42.85,41.80,42.60,42.60,42.20,422,68377,2898858.00,
506027,BHORUKA ALU.,XD,Q,0.47,0.47,0.47,0.47,0.47,0.49,3,2600,1222.00,
506074,ARSHIYA     ,B ,Q,30.80,31.30,28.00,28.90,28.90,30.55,419,77442,2247825.00,
506076,GRIND NORTON,B ,Q,333.55,339.00,332.70,334.30,334.30,334.10,119,1687,564194.00,
506079,LAKSHMI PREC,B ,Q,37.95,37.95,37.95,37.95,37.95,37.00,3,50,1897.00,
506105,STANROSE MAF,XD,Q,151.05,157.90,151.00,153.00,153.50,154.45,51,2521,386422.00,
506109,GENESYS INT.,B ,Q,58.10,60.65,58.10,60.00,59.70,57.80,8,2700,161732.00,
506122,PANKAJPIYUS ,XD,Q,44.50,48.00,44.50,47.70,47.70,46.75,5,718,34254.00,
506128,PARNAXLAB   ,XD,Q,31.35,32.90,31.00,32.85,32.85,32.45,21,1940,62791.00,
506146,VISAGAR POL ,B ,Q,2.71,2.72,2.55,2.56,2.56,2.66,462,2512703,6482859.00,
506159,ASISL       ,XD,Q,9.95,9.95,9.95,9.95,9.95,9.95,1,8,79.00,
506184,KANANI IND  ,B ,Q,23.90,24.20,20.30,23.25,23.25,22.30,953,206728,4683331.00,
506186,GALAXY ENTER,XD,Q,16.40,16.40,16.40,16.40,16.40,16.50,1,15,246.00,
506194,ARIH SUPER  ,XD,Q,79.00,84.55,71.20,77.65,78.00,78.55,141,69858,5430243.00,
506197,BLISSGVS PH ,B ,Q,122.45,127.00,121.50,125.85,125.85,121.30,1851,171504,21445275.00,
506222,INEOSSTYRO  ,B ,Q,603.90,634.00,600.00,630.00,630.00,600.65,333,4550,2823201.00,
506235,ALEMBIC LTD.,B ,Q,37.60,38.25,37.55,38.00,38.15,37.80,164,61299,2327109.00,
506248,AMINES&PLAST,XT,Q,22.20,22.20,20.85,21.55,20.85,21.50,24,8700,186110.00,
506260,ANUH PHARMA ,XC,Q,198.00,201.25,197.00,198.00,199.00,200.10,336,10039,1995263.00,
506261,MODISON MET.,XC,Q,57.00,58.60,57.00,58.45,58.15,56.25,108,14818,859070.00,
506285,BAYER CROP  ,A ,Q,4049.00,4069.95,4000.00,4012.65,4000.30,4030.60,156,550,2215793.00,
506315,BORAX MORARJ,XD,Q,30.55,32.90,30.55,32.90,32.90,31.50,4,1435,43862.00,
506390,CLARI CHEM  ,B ,Q,694.90,700.00,690.45,696.60,696.60,692.30,183,2019,1404886.00,
506395,COROM INTER ,A ,Q,253.50,258.70,250.00,254.05,254.05,252.65,2395,118835,30425940.00,
506401,DEEPAK NITR.,B ,Q,105.00,107.00,98.55,100.05,100.05,101.50,2829,329420,34000070.00,
506405,DHARAMSI CHM,XC,Q,67.80,70.00,67.25,68.40,68.50,66.50,63,12983,893214.00,
506414,DIL LTD     ,XC,Q,699.90,699.90,680.00,680.05,694.00,699.95,23,490,335064.00,
506457,GUJ.CARBON  ,XT,Q,1.52,1.52,1.52,1.52,1.52,1.60,6,349,530.00,
506480,GOCLCORP    ,B ,Q,202.00,225.00,198.50,217.45,217.45,207.60,1155,34755,7479238.00,
506520,JAYSHRI CHEM,XD,Q,9.74,9.75,9.42,9.52,9.42,9.61,39,10550,102194.00,
506522,JL MORISON  ,XC,Q,925.00,935.00,902.00,925.00,915.00,929.25,14,106,96660.00,
506525,KANORIA CHEM,B ,Q,67.30,69.00,66.15,67.70,67.70,65.65,263,7121,481417.00,
506528,KELTECH EN. ,XD,Q,481.05,498.00,481.00,488.60,498.00,481.80,5,51,24873.00,
506532,NITTA GELA  ,XC,Q,196.00,198.30,192.00,192.95,193.50,193.65,202,11643,2282371.00,
506579,ORIENT.CARB.,B ,Q,645.95,652.50,637.00,646.55,646.55,647.30,335,3361,2177193.00,
506590,PHIL.CARBON ,B ,Q,201.25,208.05,200.35,203.70,203.70,202.35,1758,73854,15140769.00,
506597,AMAL PRODUCT,XD,Q,34.25,38.75,34.25,37.60,37.55,35.90,87,10794,389781.00,
506605,POLYCHEM    ,XD,Q,382.00,383.00,350.00,383.00,383.00,366.00,13,76,28578.00,
506615,SUN ASIAN   ,A ,Q,4.63,4.63,4.63,4.63,4.63,4.72,104,304290,1408862.00,
506618,PUN.CHEM    ,B ,Q,195.00,197.90,193.65,195.00,195.00,192.05,130,2707,528194.00,
506640,GUJCHEM DIST,XT,Q,128.35,128.35,128.35,128.35,128.35,125.85,3,42,5390.00,
506642,SADHANA NITR,XD,Q,18.00,20.40,17.55,20.40,20.40,19.20,14,1850,35468.00,
506655,SUDARSH.CHEM,B ,Q,302.95,314.00,300.75,304.85,304.50,299.85,2256,86956,26772355.00,
506685,ULTRAMARINE ,XC,Q,135.00,139.75,134.90,135.10,135.00,136.65,100,7535,1027512.00,
506687,TRANSPEK    ,XC,Q,450.00,508.50,430.00,448.35,438.00,448.55,346,16249,7464847.00,
506690,UNICHEM LAB ,B ,Q,276.95,282.90,273.00,281.35,280.60,273.50,523,12472,3477545.00,
506720,ZANDUREALTY ,B ,Q,1482.00,1499.00,1476.20,1479.85,1479.85,1470.35,152,587,870443.00,
506734,MYS PETRO   ,XD,Q,61.50,64.00,61.50,62.30,62.30,61.50,20,1356,84859.00,
506767,ALKYL AMINES,B ,Q,320.00,324.80,315.50,316.05,316.05,320.10,15,239,76389.00,
506808,TUTICORIN.  ,XT,Q,7.72,7.72,7.72,7.72,7.72,7.72,13,20624,159217.00,
506820,ASTRAZEN.PH.,B ,Q,1030.00,1036.00,1010.70,1012.75,1012.70,1025.70,344,1980,2012266.00,
506852,PUN.ALKALI  ,XD,Q,17.05,17.30,16.40,16.65,16.85,17.00,60,18087,304299.00,
506854,TANFAC IND. ,XD,Q,40.30,40.50,40.05,40.50,40.50,40.30,12,735,29653.00,
506858,GUJ.PETRO   ,XT,Q,18.05,18.05,18.05,18.05,18.05,19.00,1,11,198.00,
506879,GUJ.THEMIS. ,XD,Q,50.70,53.50,50.70,51.85,51.05,51.75,31,4450,228166.00,
506894,CHEMFAB ALK ,B ,Q,193.95,194.95,188.10,191.70,192.10,188.00,459,17795,3419950.00,
506910,JAYSN DYEST ,XD,Q,84.00,84.50,74.20,83.60,83.20,82.75,28,1165,97420.00,
506919,MAKERS LAB. ,XD,Q,71.50,71.95,70.00,70.10,70.10,71.90,24,1122,79057.00,
506943,J.B.CHEMICAL,B ,Q,283.00,288.00,281.50,282.55,282.40,280.70,853,19577,5559245.00,
506975,RAJ.PETRO   ,P ,Q,1.61,1.61,1.61,1.61,1.61,1.67,1,100,161.00,
506981,BL.CHIP TEX ,XD,Q,118.50,118.50,105.00,112.30,114.00,108.10,38,1762,194243.00,
506991,NOBLE EXPLO.,XD,Q,8.99,8.99,8.55,8.94,8.95,8.52,8,1611,14378.00,
507155,JAGATJIT IND,XT,Q,72.00,72.05,71.50,71.90,71.50,75.00,3,300,21582.00,
507180,KESAR ENT.  ,B ,Q,63.50,65.00,62.00,64.25,64.15,63.25,94,6589,420883.00,
507205,TILAKNAG IND,B ,Q,16.35,16.50,16.20,16.25,16.25,16.30,156,30568,498866.00,
507260,OUDH SUGAR  ,B ,Q,136.10,138.15,132.70,134.25,134.25,135.30,866,56192,7585547.00,
507265,APTE AMAL.  ,XT,Q,80.00,80.00,77.50,77.50,77.50,80.35,5,455,35410.00,
507300,RAVALGAON   ,XT,Q,5999.00,5999.00,5757.00,5790.00,5790.00,5950.00,14,25,145465.00,
507315,SAKTHI SUGAR,B ,Q,45.50,45.90,42.35,44.05,44.05,45.00,884,127091,5627004.00,
507410,WALCHANDNGR ,B ,Q,150.10,153.60,149.80,150.85,150.85,149.80,784,39974,6052375.00,
507435,KHOD.INDIA  ,XT,Q,62.05,64.85,62.05,64.05,64.85,64.00,8,527,33528.00,
507438,IFB AGRO    ,B ,Q,390.00,390.00,382.50,382.50,382.50,388.75,10,52,20198.00,
507442,DHARANI SUG ,B ,Q,55.30,56.90,50.00,50.75,50.75,53.90,443,41490,2170047.00,
507450,THIRU A.SUG.,B ,Q,81.60,86.90,79.10,80.95,80.95,83.30,116,5763,473007.00,
507458,UNITED BREWE,B ,Q,32.20,32.40,30.55,30.75,30.75,31.15,287,45469,1410428.00,
507474,KOTHARI FERM,XD,Q,27.50,27.50,25.05,26.00,26.00,26.40,38,2319,60054.00,
507488,G.M.BREWERI ,B ,Q,465.00,468.85,457.00,459.55,459.00,461.55,360,5527,2557986.00,
507490,RANA SUGARS ,B ,Q,15.60,16.20,15.35,15.55,15.55,14.95,1358,736458,11543374.00,
507498,PICCADILY SU,XD,Q,7.97,7.99,7.16,7.89,7.99,7.27,20,3650,28390.00,
507508,RIGA SUGAR  ,XD,Q,33.70,33.75,32.35,32.80,32.80,33.35,38,8327,278537.00,
507514,SOM DISTILL.,B ,Q,160.80,161.00,159.10,160.25,160.30,160.50,115,23435,3760447.00,
507522,MOUNTT SHIV.,XD,Q,18.00,18.00,17.00,17.00,17.00,16.60,3,630,11240.00,
507525,AMRIT CORP  ,XC,Q,450.10,454.00,450.00,454.00,454.00,450.15,8,247,111607.00,
507526,ASSO.ALCOHOL,XC,Q,82.00,82.50,79.40,82.00,82.20,81.10,188,38993,3161073.00,
507552,FOODS & INNS,XD,Q,761.20,800.00,751.00,775.05,775.05,799.40,10,103,80198.00,
507580,IVP LIMITED ,B ,Q,115.80,117.00,111.55,112.50,112.50,111.00,79,5334,613354.00,
507598,KLRF LTD    ,XD,Q,59.80,62.50,58.40,61.90,61.90,60.45,48,2844,171761.00,
507609,OLYMPIC OIL ,XT,Q,30.70,30.70,30.70,30.70,30.70,30.70,1,1,30.00,
507621,MILKFOOD    ,XD,Q,191.00,205.00,176.05,176.60,176.20,171.50,41,1373,247002.00,
507645,POLSON LTD. ,XD,Q,7620.00,7900.00,7601.00,7870.00,7900.00,7748.00,7,10,77541.00,
507652,RATNAMANI   ,XT,Q,2.17,2.17,2.17,2.17,2.17,2.08,1,280,607.00,
507685,WIPRO LTD.  ,A ,Q,547.30,552.75,544.75,544.85,544.85,548.40,1146,316733,172772086.00,
507690,ORIENT BEVER,XD,Q,129.80,129.80,123.00,124.00,124.00,123.20,14,906,112673.00,
507717,DHAN AGRI   ,B ,Q,642.95,645.90,634.40,639.95,640.50,634.80,17,73,46753.00,
507747,TTK HEALTHCA,B ,Q,956.25,1050.00,950.00,1002.50,1001.10,921.65,260,3423,3428122.00,
507753,SREE.RAY.ALK,XC,Q,18.10,18.70,18.05,18.30,18.30,18.05,141,74450,1368696.00,
507759,LIME CHEM.  ,Z ,Q,9.90,9.90,9.90,9.90,9.90,9.90,1,101,999.00,
507779,KANPUR PLAST,XC,Q,151.00,155.00,150.15,151.25,152.25,152.55,142,11346,1728914.00,
507785,TAINWALA CH.,B ,Q,49.05,52.00,49.05,50.85,50.85,51.00,18,4846,244203.00,
507789,JAGSON PHAR ,B ,Q,36.35,37.00,35.85,36.70,36.70,35.60,155,13173,480747.00,
507794,KHAITAN CHEM,XD,Q,14.98,14.98,14.98,14.98,14.98,14.33,44,27571,413013.00,
507815,GILLETTE (I),B ,Q,4699.00,4750.00,4673.00,4727.60,4750.00,4667.65,57,139,655362.00,
507817,WIRES FABRIK,XD,Q,96.50,96.50,88.00,89.50,89.50,92.55,8,599,53759.00,
507828,ANSAL HOUS. ,B ,Q,26.55,27.00,25.50,26.50,26.50,25.65,36,2961,77170.00,
507833,COMPUTER PNT,XD,Q,1.11,1.15,1.11,1.15,1.15,1.10,3,17750,20136.00,
507836,MAC CHARLES ,XT,Q,399.60,399.60,399.60,399.60,399.60,399.60,9,600,239760.00,
507852,ADDI IND.   ,XD,Q,8.07,8.08,8.07,8.08,8.08,8.03,2,16701,134826.00,
507864,PION INVEST ,XD,Q,21.95,21.95,21.95,21.95,21.95,21.25,1,1,21.00,
507872,ASHNOOR TEX.,XT,Q,16.15,16.15,16.15,16.15,16.15,17.00,2,110,1776.00,
507878,UNITECH LTD ,A ,Q,7.01,7.19,7.01,7.11,7.11,6.96,2296,2948732,20941676.00,
507880,VIP INDUS.  ,B ,Q,128.40,132.05,126.60,131.10,131.10,127.20,903,64873,8433404.00,
507886,DHRUV ESTATE,XT,Q,22.00,23.30,22.00,23.30,23.30,22.65,10,1602,37259.00,
507892,WINSOMEDJ   ,XT,Q,0.46,0.50,0.46,0.46,0.46,0.48,32,73018,33592.00,
507894,SCHABLONA (I,XD,Q,12.90,12.90,12.90,12.90,12.90,12.67,1,35,451.00,
507910,FIBERWB IN  ,XD,Q,84.00,84.00,80.15,81.80,82.00,83.70,102,20158,1651504.00,
507912,LKP FIN     ,XC,Q,60.00,62.90,60.00,61.55,61.45,60.75,21,241,14954.00,
507944,BAJAJ STEEL ,XD,Q,153.00,154.00,151.00,153.85,151.20,152.75,27,2242,340938.00,
507948,KEY CORP.LTD,XT,Q,9.68,9.68,9.68,9.68,9.68,10.05,1,200,1936.00,
507960,GUJ.HOTELS  ,XD,Q,125.05,127.00,125.00,127.00,127.00,127.00,16,745,93969.00,
507970,PARA. COSMET,XT,Q,37.70,37.70,34.20,34.65,34.65,35.95,3,134,4633.00,
507981,JINDAL HOTL ,XD,Q,38.50,38.50,37.55,38.50,38.50,37.00,6,641,24511.00,
507998,SIMMONDS-MAR,XC,Q,68.70,73.00,65.45,70.10,70.00,64.75,188,30379,2145141.00,
508136,BNALTD      ,XD,Q,173.95,178.00,171.45,177.35,178.00,172.80,38,830,145408.00,
508486,HAWKINS COOK,B ,Q,2900.00,2935.00,2833.00,2872.05,2872.05,2870.00,399,4027,11580025.00,
508494,WARREN TEA  ,XC,Q,141.30,144.80,132.20,141.55,141.20,137.55,35,791,111569.00,
508664,BEST E.HOTEL,XT,Q,62.40,65.50,62.40,64.60,65.50,62.40,6,130,8397.00,
508814,COSMO FILMS ,B ,Q,314.80,323.50,310.45,319.75,319.75,312.20,810,18907,6016453.00,
508860,DIAMANT     ,XD,Q,0.62,0.62,0.62,0.62,0.62,0.62,1,100,62.00,
508869,APOLLO HOSP.,A ,Q,1362.40,1365.00,1343.40,1360.80,1361.90,1359.60,643,6386,8644928.00,
508875,NITIN ALLOY ,XT,Q,71.00,71.00,71.00,71.00,71.00,70.00,6,20,1420.00,
508905,SMIFS CAPITA,XD,Q,26.65,26.65,26.65,26.65,26.65,26.60,2,195,5196.00,
508906,EVEREST INDS,B ,Q,260.00,263.95,257.90,261.35,263.95,257.00,35,1424,370778.00,
508922,MSR INDIA   ,XD,Q,89.00,93.00,88.00,90.95,90.95,86.75,112,12189,1095560.00,
508933,AYMSYNTEX   ,B ,Q,92.55,94.40,92.05,93.80,93.80,92.10,59,5300,496708.00,
508941,PANASON CAR ,XC,Q,506.00,515.00,501.00,506.95,506.95,506.20,94,3697,1867778.00,
508956,HB LEAS.PUB ,XT,Q,1.54,1.70,1.54,1.70,1.70,1.62,5,839,1378.00,
508961,SHRICON IND.,XT,Q,13.93,13.93,13.93,13.93,13.93,13.27,1,651,9068.00,
508989,NAVNETEDUL  ,B ,Q,95.00,101.90,95.00,100.10,100.10,94.55,522,51149,5090015.00,
508996,SATPROP LTD ,XD,Q,5.15,5.59,5.15,5.59,5.59,5.15,4,360,1867.00,
508998,STERL INTER ,XD,Q,2.17,2.17,2.00,2.08,2.08,2.05,46,109451,223420.00,
509020,RUCHI INFRA.,T ,Q,5.30,5.56,5.22,5.56,5.56,5.49,6,705,3765.00,
509040,NETLINK SOLU,Z ,Q,6.30,6.30,6.30,6.30,6.30,6.00,2,400,2520.00,
509048,LANCOR HOLDS,XC,Q,28.50,30.65,28.15,30.20,30.45,28.95,84,42471,1254466.00,
509051,INDIAN INFO.,XD,Q,0.19,0.19,0.18,0.18,0.18,0.19,25,111661,20279.00,
509053,BANAS FIN.  ,XD,Q,0.67,0.67,0.67,0.67,0.67,0.68,1,1000,670.00,
509055,VISAKA IND. ,B ,Q,157.85,163.50,156.55,160.25,160.25,156.35,573,20158,3236317.00,
509069,INFOMEDIA   ,B ,Q,4.35,4.90,4.35,4.71,4.71,4.77,23,3937,18536.00,
509073,HATHWAY BHAW,XT,Q,5.00,5.51,5.00,5.01,5.01,5.25,4,3197,17560.00,
509077,PRESSMN     ,B ,Q,46.50,46.85,45.50,46.10,46.10,45.95,103,9659,446982.00,
509079,GUFIC BIO SC,B ,Q,41.15,41.75,41.15,41.40,41.40,41.05,60,5689,235996.00,
509148,GOVIND RUBB.,XD,Q,19.00,20.50,18.75,19.70,19.70,18.75,234,69672,1390678.00,
509152,GRPLTD      ,B ,Q,1270.00,1292.00,1270.00,1292.00,1292.00,1280.00,8,58,74252.00,
509162,INDAG RUBBER,XC,Q,181.45,181.45,177.00,180.70,180.70,176.20,128,13829,2472907.00,
509196,M.M.RUBBER  ,P ,Q,12.50,12.60,12.00,12.15,12.15,12.63,10,1000,12272.00,
509220,PTL LTD     ,B ,Q,117.05,120.90,117.05,118.85,119.00,118.50,98,1441,172062.00,
509243,TVS SRICHAKR,B ,Q,2385.90,2478.90,2340.00,2438.75,2438.75,2347.60,1238,4870,11834583.00,
509438,BENARES HOT ,XT,Q,1098.95,1098.95,1041.10,1085.90,1085.90,1066.10,22,522,554905.00,
509472,CRAVATEX    ,XD,Q,220.90,220.90,213.00,213.00,213.00,210.70,3,8,1735.00,
509480,BERGE PAINT ,A ,Q,240.00,243.00,239.00,240.25,240.25,238.35,1849,81264,19581679.00,
509486,CAPRIHANS   ,XC,Q,94.10,95.00,94.10,95.00,95.00,95.00,24,2573,243340.00,
509488,GRAPHITE IN.,B ,Q,79.80,79.80,77.45,77.85,77.85,78.40,130,13905,1092321.00,
509496,ITDCEM      ,B ,Q,144.25,151.85,142.40,147.15,147.15,142.35,733,21083,3117606.00,
509525,EMPIRE IND. ,B ,Q,1732.00,1797.50,1701.05,1748.80,1750.00,1749.35,87,2260,3897230.00,
509546,GRAVISS HOSP,XT,Q,23.00,23.00,23.00,23.00,23.00,23.50,1,100,2300.00,
509550,GAMMON INDIA,B ,Q,14.45,14.80,14.25,14.50,14.45,14.20,306,84300,1224787.00,
509557,GARWARE WALL,B ,Q,459.00,461.90,455.15,458.45,456.75,456.55,194,4462,2046940.00,
509567,GOA CARBON  ,B ,Q,95.00,95.90,93.65,94.10,94.10,94.10,239,10214,965092.00,
509597,HARDCASTLE  ,XD,Q,282.00,282.00,282.00,282.00,282.00,295.00,1,8,2256.00,
509627,HIND.DORR   ,B ,Q,11.65,11.75,11.32,11.40,11.36,11.33,35,9135,105395.00,
509631,HEG LIMITED ,B ,Q,170.00,173.00,168.15,171.65,170.20,168.45,136,4014,683102.00,
509635,HIND.COMPOSI,B ,Q,1310.00,1310.00,1260.70,1267.55,1265.00,1253.25,30,48,61658.00,
509675,HIL         ,B ,Q,593.00,605.00,590.00,596.70,599.00,587.50,141,4316,2588313.00,
509692,IND.CARD    ,B ,Q,258.05,261.30,255.10,257.50,261.30,261.20,31,617,159336.00,
509709,INT.CONVEYOR,XC,Q,19.25,19.30,19.25,19.30,19.30,19.40,5,180,3469.00,
509715,JAYSHRE TEA ,B ,Q,105.50,115.90,105.50,109.90,109.90,108.20,3957,301822,33918497.00,
509820,PAPERPROD   ,B ,Q,304.50,314.75,304.50,312.60,312.90,299.30,93,2398,747409.00,
509874,SHALIMAR PAI,B ,Q,173.00,175.05,165.10,167.10,167.10,170.05,3683,62332,10575308.00,
509895,HIND MILLS  ,XD,Q,362.05,363.00,362.00,362.20,362.00,366.65,13,257,93094.00,
509930,SUPREM IND  ,A ,Q,950.00,968.00,946.65,959.75,959.75,943.00,327,4578,4369237.00,
509966,VST INDUS.  ,B ,Q,1967.45,2060.05,1967.45,2002.40,2002.40,1970.40,172,1358,2737955.00,
510245,SWASTI VINAY,XD,Q,2.16,2.39,2.16,2.30,2.35,2.18,43,43919,101494.00,
511012,YAMINI INVES,B ,Q,36.80,37.75,36.00,36.45,36.90,36.85,50,179138,6558110.00,
511034,JINDAL DRILL,B ,Q,170.05,173.00,168.30,169.70,169.70,170.45,133,3427,584563.00,
511064,APLAYA      ,XT,Q,38.05,38.05,36.65,36.65,36.65,37.35,51,160,5865.00,
511066,SAKTHI FIN. ,XC,Q,38.65,40.00,37.35,39.50,39.50,37.50,52,7912,307901.00,
511072,DEWAN H.FIN.,A ,Q,237.30,248.50,235.10,246.95,246.95,234.40,9017,629442,152561802.00,
511076,SAT IND LTD ,XD,Q,13.00,13.20,12.53,12.77,12.60,12.90,28,4920,63477.00,
511092,JMD TELEFILM,XD,Q,1.57,1.57,1.51,1.53,1.53,1.54,24,9545,14794.00,
511108,SHIVA TEXYAM,B ,Q,136.50,143.00,136.50,138.15,138.15,140.05,125,4497,626279.00,
511110,V.B.DESAI   ,XD,Q,8.13,8.50,8.13,8.50,8.50,8.55,4,700,5802.00,
511116,QUADRANT    ,XC,Q,2.88,3.07,2.88,3.07,3.07,2.97,9,1254,3746.00,
511122,FIRST CUSTO.,XT,Q,12.68,13.16,12.10,13.16,13.16,12.68,5,220,2777.00,
511131,KAMAN HSG   ,XD,Q,14.70,14.70,14.00,14.06,14.00,14.20,12,1994,28456.00,
511144,ASYAINFO    ,XD,Q,45.90,46.00,42.15,44.20,45.00,44.00,74,16113,711421.00,
511147,WALL ST.FIN.,XD,Q,24.25,24.25,24.25,24.25,24.25,24.15,1,150,3637.00,
511176,PARSHWANA   ,XT,Q,12.46,12.46,12.46,12.46,12.46,13.10,1,50,623.00,
511187,MILLENNIUM  ,XD,Q,1.84,1.84,1.84,1.84,1.84,1.84,1,100,184.00,
511196,CANFIN HOMES,B ,Q,1383.75,1430.95,1375.00,1420.90,1420.90,1376.00,881,10962,15466303.00,
511208,IL & FS INVE,B ,Q,15.70,16.00,15.65,15.90,15.90,15.65,274,136433,2155968.00,
511218,SHRIRAM TRAN,A ,Q,1266.45,1308.00,1264.90,1300.00,1300.00,1260.60,3341,76041,98329741.00,
511243,CHOLAFIN    ,A ,Q,1122.30,1143.90,1098.50,1123.10,1123.10,1119.90,761,5060,5683575.00,
511276,MEFCOM AGRO ,XD,Q,1.69,1.69,1.69,1.69,1.69,1.61,2,161,272.00,
511288,GRUH FINANCE,A ,Q,298.00,299.95,295.50,298.70,299.70,296.95,568,16813,5013430.00,
511333,VLS FINANCE ,B ,Q,52.70,53.40,52.00,52.90,52.35,51.35,318,41418,2186398.00,
511355,IND CEM CAP ,B ,Q,3.50,3.50,3.50,3.50,3.50,3.39,5,2500,8750.00,
511357,KAILASH AUTO,XC,Q,0.65,0.65,0.65,0.65,0.65,0.66,21,17000,11050.00,
511359,AD-MANUM FIN,XD,Q,26.50,26.80,26.50,26.80,26.80,26.70,9,750,20061.00,
511389,VIDEOCON IND,A ,Q,104.00,105.45,103.60,104.25,104.25,104.15,185,12681,1323189.00,
511391,INTER GLOB F,XT,Q,13.31,13.31,13.31,13.31,13.31,14.00,1,400,5324.00,
511401,MUNOTH INVES,XD,Q,1.91,1.91,1.91,1.91,1.91,2.01,1,51,97.00,
511411,SHRISTINFRA ,XC,Q,200.05,200.10,200.00,200.00,200.00,204.00,5,216,43206.00,
511413,CREST       ,B ,Q,67.55,72.75,67.55,72.75,72.75,71.60,4,445,30326.00,
511427,ATN INTER.  ,B ,Q,0.45,0.49,0.45,0.49,0.49,0.47,8,29700,14165.00,
511431,VAKRANGEE   ,A ,Q,185.00,185.50,180.00,183.35,183.35,185.20,1373,2313458,427525306.00,
511451,DHARANI FIN.,XT,Q,4.26,4.70,4.26,4.70,4.70,4.48,8,1421,6548.00,
511463,RUDRAKSH    ,XT,Q,64.00,65.50,60.30,63.90,62.10,62.40,51,6149,388065.00,
511473,IND.BANK MER,B ,Q,9.50,10.15,9.50,9.77,9.77,9.72,242,15894,157492.00,
511505,CAPITAL TRUS,XT,Q,500.00,520.80,500.00,520.20,520.80,496.00,105,7282,3739445.00,
511523,VEERHEALTH  ,XD,Q,1.40,1.59,1.32,1.57,1.58,1.45,39,31004,47864.00,
511525,PAN INDIA C ,T ,Q,0.25,0.27,0.25,0.27,0.27,0.26,7,11243,2910.00,
511533,SAHARA HOUSG,XD,Q,92.40,92.40,92.40,92.40,92.40,92.40,17,1540,142296.00,
511543,GSB FINANCE ,B ,Q,6.83,6.83,6.83,6.83,6.83,6.51,2,1549,10579.00,
511551,MONARCH     ,XD,Q,32.75,32.75,28.50,32.75,32.75,29.80,240,58819,1924437.00,
511557,PRO FIN CAP.,XT,Q,113.00,121.05,113.00,121.05,121.05,115.30,86,4602,556263.00,
511559,TIMES GUARAN,B ,Q,20.45,20.50,20.40,20.50,20.50,19.55,5,610,12459.00,
511593,LIBORD FIN  ,XT,Q,10.60,10.60,10.60,10.60,10.60,10.55,1,100,1060.00,
511605,ARIHANT CAP.,XD,Q,40.00,40.00,37.45,39.80,39.80,39.50,9,379,14698.00,
511607,BIR SHL EDU ,XT,Q,2.71,2.79,2.67,2.67,2.67,2.71,9,2400,6476.00,
511609,ISL CONSULT ,XD,Q,18.60,19.20,18.60,18.85,18.85,19.20,7,155,2912.00,
511611,DCM FINANCIA,B ,Q,1.00,1.05,1.00,1.05,1.05,1.00,7,2346,2361.00,
511618,JIK INDUS.  ,B ,Q,0.72,0.72,0.72,0.72,0.72,0.70,2,80,57.00,
511626,R R FINANCE.,XT,Q,10.50,10.50,10.50,10.50,10.50,11.00,2,400,4200.00,
511628,IMCAP       ,XD,Q,42.90,43.60,40.00,42.00,43.60,42.00,12,495,20654.00,
511630,SAMBHAAV MED,B ,Q,5.20,5.20,5.16,5.16,5.16,5.28,4,5900,30514.00,
511642,WISEC GLOBAL,XT,Q,6.55,6.55,6.55,6.55,6.55,6.89,1,10,65.00,
511654,SUGAL DAM   ,XD,Q,7.43,7.43,7.43,7.43,7.43,7.82,2,23,170.00,
511658,NETTLINX LTD,XD,Q,90.00,91.70,90.00,90.90,91.40,89.75,68,2680,242268.00,
511664,BGIL FL TEC ,XT,Q,2.10,2.10,2.10,2.10,2.10,2.00,1,10,21.00,
511676,GIC HOUSING ,B ,Q,296.80,301.60,295.20,296.45,295.50,293.50,585,17337,5156422.00,
511682,IFL PRMOTER ,XD,Q,0.24,0.24,0.24,0.24,0.24,0.25,2,3001,720.00,
511688,MATHEW EASOW,XC,Q,104.00,104.00,88.00,90.45,88.00,105.00,8,210,21704.00,
511702,PARSHARTI IN,XD,Q,8.08,8.08,8.08,8.08,8.08,8.08,2,50,404.00,
511706,ACTION FIN. ,XD,Q,6.44,6.44,6.44,6.44,6.44,6.32,1,10,64.00,
511710,CUBICAL FIN.,XD,Q,3.15,3.15,3.15,3.15,3.15,3.23,2,11,34.00,
511712,RELIC TECHNO,XD,Q,17.05,17.05,15.45,15.45,15.45,16.25,21,6207,105004.00,
511716,ESCORT FINAN,XD,Q,4.63,4.98,4.60,4.80,4.94,4.86,31,24133,115426.00,
511720,CAPMAN FIN. ,XD,Q,5.60,5.60,5.60,5.60,5.60,5.76,1,100,560.00,
511724,BAID LEASING,XD,Q,39.90,39.90,39.90,39.90,39.90,38.00,4,10,399.00,
511726,VIPUL LTD   ,B ,Q,62.70,64.90,62.55,63.90,64.00,63.85,1050,208918,13356782.00,
511728,KZ LEAS FIN.,XD,Q,9.34,9.34,9.34,9.34,9.34,8.90,2,1000,9340.00,
511736,USHDEV INTNL,XD,Q,255.00,255.00,248.90,248.90,248.90,253.00,4,96,24016.00,
511740,MEHTA HOUSIN,XT,Q,6.00,6.00,6.00,6.00,6.00,6.00,2,200,1200.00,
511742,CHOKHANI SEC,XD,Q,28.00,28.85,28.00,28.85,28.85,27.50,3,300,8570.00,
511754,SHALIB.FINAN,XT,Q,60.50,60.90,60.50,60.50,60.50,59.85,30,1416,85724.00,
511766,MUTHOOT CAP ,B ,Q,222.80,225.00,212.05,215.95,216.50,220.45,159,1086,237390.00,
511768,MASTER TRUST,XT,Q,37.50,37.50,35.65,35.65,35.65,37.50,2,26,928.00,
512018,CNI RES LTD ,XD,Q,4.00,4.00,3.62,3.77,3.82,3.84,41,21367,81430.00,
512068,DECCANGOLD  ,XC,Q,59.45,61.90,58.60,59.45,59.45,57.90,896,210405,12718320.00,
512070,UPL         ,A ,Q,606.30,615.95,603.55,612.85,612.85,601.85,4455,137272,83983990.00,
512093,CRANES SOFTW,T ,Q,2.03,2.03,1.90,1.96,1.96,1.99,105,107752,205728.00,
512109,AVIVA INDS  ,Z ,Q,19.90,19.90,19.90,19.90,19.90,19.60,2,100,1990.00,
512131,SIGNET IND  ,B ,Q,20.20,20.40,19.55,20.15,20.15,19.55,741,54652,1097736.00,
512135,ENSA STEEL  ,XD,Q,1.75,1.75,1.75,1.75,1.75,1.75,1,100,175.00,
512149,ADVANCE TECH,XD,Q,0.31,0.31,0.31,0.31,0.31,0.31,8,86932,26948.00,
512161,8KMILES     ,B ,Q,1815.35,2125.00,1815.35,2068.60,2068.60,1823.45,5911,41148,82626617.00,
512167,MATRA REALT ,XD,Q,0.49,0.49,0.49,0.49,0.49,0.51,1,100,49.00,
512175,VAMA INDS   ,XD,Q,26.00,26.00,25.95,26.00,26.00,26.50,10,2002,51984.00,
512179,SUNTECK REAL,B ,Q,236.50,246.00,233.75,241.45,242.85,233.10,516,27940,6731519.00,
512215,VORA CONST. ,XT,Q,29.45,29.45,29.45,29.45,29.45,29.45,1,100,2945.00,
512217,PRISM MEDI  ,XD,Q,26.20,26.20,25.70,26.00,26.00,25.70,57,50303,1310943.00,
512229,VERITAS     ,XT,Q,99.75,99.75,99.75,99.75,99.75,99.75,1,11,1097.00,
512237,JAI CORP LTD,B ,Q,78.50,78.85,77.10,77.70,77.70,76.65,1911,260194,20245736.00,
512247,ASHIRWAD CAP,XD,Q,3.18,3.37,3.10,3.20,3.27,3.20,28,13199,42651.00,
512257,SVARTCORP   ,XD,Q,3.09,3.09,3.02,3.06,3.06,3.09,52,142781,436585.00,
512267,MEDIA MATRIX,XC,Q,10.40,10.60,10.02,10.21,10.21,10.04,59,23511,240324.00,
512273,ARONI COMM  ,XD,Q,93.10,93.10,93.10,93.10,93.10,88.70,6,209,19457.00,
512289,SHIRPUR GOLD,B ,Q,110.50,112.30,108.55,109.90,109.05,105.45,441,101573,11125282.00,
512296,BHAGYA INL  ,B ,Q,19.25,19.25,18.40,19.25,19.25,19.25,8,1651,31345.00,
512297,WHEEL & AXLE,XT,Q,397.00,400.00,395.00,399.00,399.00,396.40,55,519,206122.00,
512299,STERL.BIOTEC,B ,Q,4.31,4.52,4.31,4.45,4.45,4.29,47,54256,241348.00,
512301,CHAMBAL BREW,XD,Q,10.12,12.50,10.12,12.40,12.00,11.59,144,112882,1357503.00,
512332,BIRLA CAP   ,XT,Q,0.36,0.36,0.36,0.36,0.36,0.35,2,5500,1980.00,
512359,SWORDEDGE   ,XT,Q,1.12,1.12,1.12,1.12,1.12,1.17,1,100,112.00,
512369,ENNORE COKE ,XD,Q,6.14,6.44,6.14,6.44,6.44,6.14,9,2240,14053.00,
512381,NIVEDITA MER,XT,Q,47.25,47.25,47.25,47.25,47.25,47.25,1,1,47.00,
512417,TRITRADE    ,XC,Q,0.49,0.49,0.49,0.49,0.49,0.49,30,124920,61210.00,
512437,APOLLO FIN I,XT,Q,13.00,14.33,13.00,14.33,14.33,13.65,3,147,2090.00,
512449,SVC RES     ,XD,Q,1.20,1.20,1.20,1.20,1.20,1.18,1,1,1.00,
512453,SHRI JAGDAMB,XT,Q,429.00,429.00,429.00,429.00,429.00,429.00,2,75,32175.00,
512455,LLOYDS MET E,XD,Q,12.90,13.99,12.90,13.70,13.70,13.10,64,29581,402045.00,
512463,SHREE GLOBAL,XC,Q,13.30,13.30,13.30,13.30,13.30,14.00,1,100,1330.00,
512489,OASIS SECUR.,XD,Q,28.50,28.50,28.50,28.50,28.50,28.80,1,1,28.00,
512493,GARNET INTL ,XD,Q,230.00,235.00,230.00,230.80,230.80,235.00,11,536,124540.00,
512499,SHALIMAR PRO,XD,Q,0.37,0.37,0.37,0.37,0.37,0.37,2,770,284.00,
512519,DONEAR IND. ,B ,Q,26.80,27.95,26.80,27.35,27.35,27.15,51,3796,104782.00,
512527,SUPER SAL IN,XC,Q,450.00,460.00,449.50,456.65,460.00,454.60,14,310,139959.00,
512529,SEQUENT     ,B ,Q,116.30,123.90,116.30,119.75,119.75,119.30,690,39966,4867869.00,
512531,STC INDIA   ,B ,Q,105.60,106.80,104.70,105.50,105.50,104.65,454,24779,2620929.00,
512535,ASAHI INFRA.,XT,Q,1.08,1.12,1.08,1.09,1.09,1.10,8,6730,7407.00,
512559,KOHINORFOODS,B ,Q,69.20,70.00,68.70,69.20,69.20,68.55,305,22070,1531832.00,
512573,AVANTI FEEDS,B ,Q,580.65,598.40,580.10,586.95,582.00,583.55,342,7484,4421951.00,
512579,GUJ.NRE COKE,B ,Q,3.47,3.62,3.40,3.47,3.49,3.41,321,470400,1658976.00,
512587,ZODIAC JRD  ,B ,Q,36.80,36.80,36.80,36.80,36.80,35.05,1,50,1840.00,
512589,SITA ENTER. ,XD,Q,7.80,8.31,7.80,8.31,8.31,7.92,2,700,5562.00,
512599,ADANI ENTER ,A ,Q,77.45,77.65,75.65,77.25,77.25,76.55,1852,447351,34357187.00,
512604,HARIA EXPORT,XD,Q,5.16,5.19,5.16,5.19,5.19,5.40,5,936,4842.00,
512608,BHANDARI HOS,XD,Q,3.80,3.80,3.56,3.59,3.60,3.60,200,732524,2656221.00,
512624,REGENTRP    ,XT,Q,1.84,1.84,1.84,1.84,1.84,1.89,5,3500,6440.00,
512626,ORBIT EXPORT,B ,Q,214.00,217.50,210.00,212.20,210.00,211.00,73,2106,450703.00,
512634,SAVERA IND  ,XD,Q,69.80,69.80,61.00,61.60,61.00,63.75,10,406,25026.00,
513005,VBC FERRO   ,XT,Q,48.30,52.95,48.30,52.95,52.95,50.45,9,3295,164125.00,
513010,TATA SPONGE ,B ,Q,590.00,601.60,584.00,589.35,589.35,585.85,2587,60203,35695513.00,
513023,NAV BHAR VEN,B ,Q,236.60,244.00,235.10,241.60,241.60,234.65,659,41789,9980147.00,
513043,REMI EDEL   ,XT,Q,19.20,19.20,19.20,19.20,19.20,19.20,2,115,2208.00,
513059,G.S.AUTO INT,XD,Q,13.20,15.84,13.20,15.84,15.84,13.20,345,104056,1615260.00,
513097,SHIV.BIMETAL,XD,Q,24.00,24.30,23.40,24.20,24.25,23.95,30,3655,87675.00,
513108,GANDHI SP.TU,B ,Q,292.00,295.00,290.00,292.45,293.00,292.55,28,614,179960.00,
513117,AMFORGE IND.,B ,Q,3.84,3.84,3.71,3.76,3.71,3.84,19,950,3577.00,
513119,ABC GAS INT ,XT,Q,15.80,15.80,15.80,15.80,15.80,15.65,1,4000,63200.00,
513121,ORICON ENT  ,B ,Q,57.10,58.95,56.70,58.45,58.45,56.60,515,85588,4991864.00,
513142,BALASORE    ,XC,Q,20.70,20.75,20.15,20.50,20.50,19.80,102,38365,784661.00,
513149,ACROW INDIA ,XT,Q,188.10,203.95,188.10,203.95,203.95,197.95,3,125,25097.00,
513151,STI INDIA LT,B ,Q,10.05,10.05,10.05,10.05,10.05,10.55,2,100,1005.00,
513173,STL STR INF ,XD,Q,15.95,16.40,15.50,16.20,16.00,16.40,13,1601,25581.00,
513179,NAT STL AGRO,T ,Q,20.10,20.10,19.90,20.10,20.10,19.15,23,5320,106717.00,
513216,UTTAM GALVA ,B ,Q,32.35,33.00,31.50,32.50,32.50,31.70,580,75227,2454404.00,
513228,PENNAR STEEL,B ,Q,47.40,47.70,46.80,47.60,47.60,46.75,199,27511,1303909.00,
513250,JYOTI STRUCT,B ,Q,12.17,12.70,11.80,12.42,12.42,12.04,597,107666,1329049.00,
513252,JAY USHIN   ,XT,Q,314.00,318.00,298.30,299.35,300.00,314.00,37,1599,491399.00,
513262,ST.STR.WHEEL,B ,Q,492.75,521.85,492.75,511.80,511.80,492.75,1208,22016,11305207.00,
513269,MAN IND.(I) ,B ,Q,55.00,57.40,54.90,56.40,56.40,54.85,430,31501,1777805.00,
513295,RUCHI STR AL,XD,Q,3.00,3.00,2.95,2.95,2.95,3.05,4,850,2517.00,
513303,MODERN STEEL,XD,Q,6.65,6.65,6.65,6.65,6.65,6.87,1,45,299.00,
513335,METALFORGE  ,B ,Q,61.00,65.90,61.00,65.45,65.45,62.80,1432,212860,13966494.00,
513349,AJMERA      ,B ,Q,146.20,149.05,146.20,148.25,148.25,145.35,159,6840,1010315.00,
513353,COCHIN MIN. ,XD,Q,127.00,127.00,118.00,118.85,118.05,119.30,36,2485,297498.00,
513361,ISW LTD     ,XC,Q,3.00,3.11,2.81,3.10,3.10,2.90,19,2680,7858.00,
513369,RAJKUMAR FRG,XT,Q,31.00,31.60,29.60,29.60,29.60,31.15,19,4352,131359.00,
513375,CARBORUNDUM ,B ,Q,254.00,258.95,253.40,256.20,256.20,252.65,700,19485,5013483.00,
513377,MINERAL&METL,A ,Q,43.30,43.95,43.20,43.55,43.55,43.05,771,124122,5402443.00,
513397,VALLABH STEL,XD,Q,28.95,29.00,28.95,29.00,29.00,30.25,3,150,4347.00,
513414,SUJANA METAL,B ,Q,2.78,2.95,2.78,2.84,2.82,2.85,79,82358,237853.00,
513418,SMFIL       ,XD,Q,18.90,19.35,17.05,17.55,17.55,18.25,394,269795,4822373.00,
513428,TRINETRA    ,XT,Q,69.45,69.45,69.45,69.45,69.45,69.45,4,350,24307.00,
513434,TATA METALIK,B ,Q,441.00,446.00,432.00,438.95,438.95,437.80,4455,186660,82038893.00,
513436,SHAH ALLOYS ,B ,Q,9.60,9.60,9.10,9.10,9.10,9.08,5,350,3331.00,
513446,MONNETISPA  ,B ,Q,25.10,25.30,24.50,24.65,24.65,23.90,343,44411,1103027.00,
513456,KANISHK ST. ,XT,Q,5.77,5.77,5.50,5.77,5.77,5.50,7,3979,22701.00,
513460,MAHALAXMI SM,Z ,Q,2.70,2.70,2.60,2.60,2.60,2.71,3,995,2672.00,
513472,SIMPLEX CAST,XD,Q,108.45,115.00,108.05,111.75,113.00,110.00,33,2372,264438.00,
513498,SOUTH.MAGNES,P ,Q,27.65,27.65,27.25,27.25,27.25,28.55,7,3300,90850.00,
513502,BARODA EXTR.,XD,Q,0.34,0.34,0.34,0.34,0.34,0.35,1,1000,340.00,
513509,KALYANI FORG,T ,Q,289.45,289.45,286.15,289.45,289.45,275.70,21,808,233793.00,
513511,PANCH.STEEL ,XD,Q,23.95,24.70,23.00,23.75,24.45,22.05,17,5350,128002.00,
513513,ADITYA ISPAT,XD,Q,6.03,6.03,6.03,6.03,6.03,5.75,1,400,2412.00,
513515,S.R.INDUS.  ,XD,Q,4.05,4.43,4.05,4.43,4.43,4.22,4,720,3075.00,
513517,STEELCAST   ,XD,Q,72.50,73.25,72.50,73.25,73.25,74.00,4,500,36550.00,
513519,PITTI LAMIN.,B ,Q,44.40,45.15,41.25,44.00,43.85,43.85,109,10543,464372.00,
513528,GLITTEK GRAN,XD,Q,2.65,2.65,2.59,2.59,2.59,2.55,3,700,1843.00,
513532,PRADEEP MET.,XC,Q,44.65,44.65,43.05,43.05,43.05,41.00,6,504,21703.00,
513534,VARDHMAN IND,XD,Q,43.00,45.00,38.60,38.60,38.60,39.50,30,3708,149569.00,
513536,GNRL        ,XC,Q,45.60,45.60,44.00,45.60,45.60,45.60,6,870,39352.00,
513554,MAHA STEEL  ,B ,Q,275.60,313.00,275.60,305.60,305.60,270.95,6797,311946,93326826.00,
513558,REAL STRIPS ,XD,Q,9.02,10.50,9.02,10.50,10.50,9.14,3,500,5102.00,
513566,NOVA IRON&ST,T ,Q,7.60,8.29,7.60,7.87,8.00,7.90,7,719,5568.00,
513583,S.B.& T INT.,T ,Q,2.58,2.58,2.58,2.58,2.58,2.46,9,8000,20640.00,
513597,SURANA INDS ,B ,Q,5.48,5.58,5.30,5.58,5.37,5.37,20,25818,141563.00,
513599,HIND.COPPER ,A ,Q,61.30,63.40,61.30,62.25,62.25,60.75,882,78296,4906015.00,
513605,SRIPIPES    ,B ,Q,314.50,319.00,312.65,314.20,314.20,311.20,1127,41948,13239002.00,
513629,TULSYAN NEC ,XD,Q,21.65,21.65,21.60,21.60,21.60,20.70,7,881,19054.00,
513642,AXEL POLYMER,XT,Q,7.16,7.16,6.81,6.97,7.15,7.16,15,1130,7758.00,
513648,MARG PRO IN ,XT,Q,8.13,8.13,8.00,8.13,8.13,7.75,13,22008,178912.00,
513683,NLCINDIA    ,A ,Q,74.60,77.90,74.60,75.95,75.95,74.95,241,17836,1348131.00,
513687,SPECTRA IND.,XT,Q,12.21,13.38,12.21,13.14,13.38,12.75,4,1020,12470.00,
513691,JMT AUTO LTD,B ,Q,55.70,55.90,53.90,54.70,54.70,54.20,970,105296,5762988.00,
513699,SOLID STONE ,XD,Q,37.80,37.80,37.80,37.80,37.80,38.00,1,10,378.00,
513703,KUMAR WIRE  ,XT,Q,31.20,33.50,31.20,33.00,33.00,32.80,7,10601,355031.00,
513709,SHILP GRAVUR,XD,Q,71.00,72.40,71.00,71.55,71.55,71.35,15,1199,85734.00,
513713,WHITE DIAMON,XD,Q,16.50,16.70,16.15,16.15,16.15,16.10,27,6225,102122.00,
513729,ARO GRANITE ,B ,Q,70.40,78.70,70.25,72.15,72.15,68.80,1335,103913,7785482.00,
514010,HIM.FIBRES  ,XC,Q,20.10,20.15,19.65,19.65,19.65,20.65,27,17990,360668.00,
514030,DEEPAK SPINN,XD,Q,112.15,114.00,112.00,112.65,114.00,112.20,21,1500,169149.00,
514034,JBF IND.LTD ,B ,Q,207.00,207.05,204.35,205.70,205.70,206.85,121,4374,899723.00,
514036,LOY.TEX MILL,XC,Q,609.00,660.00,600.10,632.45,640.00,586.65,74,1257,774212.00,
514043,HIMAT.SEIDE ,B ,Q,258.00,262.10,254.65,260.35,260.35,254.70,979,50492,13098671.00,
514045,BSL LTD.    ,B ,Q,83.00,84.00,82.00,82.55,82.80,81.00,28,1473,121819.00,
514087,PBM POLYTEX ,XD,Q,76.50,79.95,75.50,79.80,79.10,76.20,33,2034,158666.00,
514116,GUPTA SYNTH.,Z ,Q,2.74,2.74,2.74,2.74,2.74,2.74,2,130,356.00,
514118,ESKAY K'N'IT,XD,Q,0.31,0.31,0.31,0.31,0.31,0.30,2,2000,620.00,
514128,KONARK SYN. ,XD,Q,15.20,15.22,14.15,14.15,14.15,14.50,6,116,1683.00,
514138,SURYALATA SP,XD,Q,166.90,178.70,159.60,167.60,166.05,161.55,307,31910,5429682.00,
514140,SURYAVA SPIN,XD,Q,10.33,11.24,10.33,10.33,10.33,10.87,4,149,1540.00,
514142,TT LTD.     ,B ,Q,49.10,49.75,48.85,49.00,49.00,49.85,13,864,42313.00,
514144,UNIWORTH LTD,XT,Q,1.69,1.69,1.57,1.65,1.69,1.61,7,871,1442.00,
514162,WELSPUN (I) ,B ,Q,103.90,104.35,102.50,102.85,102.85,102.95,315,23993,2472766.00,
514165,IND.ACRYLICS,XD,Q,14.75,15.40,14.60,15.25,15.25,14.60,195,100653,1515167.00,
514167,GANESH ECOSP,B ,Q,179.00,183.20,176.70,177.15,177.90,174.50,428,60565,10882129.00,
514175,VARDHMAN POL,B ,Q,43.25,44.95,43.25,43.55,43.55,43.95,65,2970,129958.00,
514183,BLA ROS IND ,XC,Q,22.00,22.00,20.55,21.00,21.00,21.00,22,4536,95511.00,
514199,BALA TEC IND,Z ,Q,1.89,1.89,1.89,1.89,1.89,1.98,5,2101,3970.00,
514211,SUMEET INDS.,B ,Q,15.40,16.05,15.20,15.75,15.75,15.25,1802,323551,5110364.00,
514215,BINNY LTD.  ,XC,Q,97.00,98.00,95.00,95.85,95.00,96.00,8,367,35567.00,
514221,KLIFESTYLE  ,XD,Q,0.21,0.21,0.19,0.19,0.19,0.20,11,77507,14846.00,
514234,SANGAM INDIA,B ,Q,260.60,262.00,257.00,257.30,257.30,258.30,56,792,205507.00,
514264,SEASONS TEXT,XD,Q,7.60,7.98,7.60,7.98,7.98,7.60,7,5850,45482.00,
514266,ZENITH FIBRE,XT,Q,141.00,145.00,139.00,142.55,145.00,139.40,182,33647,4757110.00,
514274,AARVEE DENIM,B ,Q,69.20,70.00,68.50,69.45,68.50,68.50,27,4246,294980.00,
514286,ASHIMA LTD. ,B ,Q,17.70,18.35,17.70,18.00,18.00,17.70,314,66974,1210487.00,
514296,HARYANA TEX ,XD,Q,3.25,3.47,3.25,3.29,3.47,3.31,7,500,1647.00,
514300,PIONEER EMB ,B ,Q,45.00,45.25,44.50,44.60,44.60,45.35,89,28063,1263793.00,
514302,VIPPY SPIN. ,XD,Q,31.00,32.50,31.00,32.40,31.80,31.70,24,5880,187024.00,
514312,JAY HIND SYN,XT,Q,7.40,7.40,7.04,7.04,7.04,7.41,3,860,6104.00,
514316,RAGHUVIR SYN,XT,Q,44.00,44.00,44.00,44.00,44.00,42.80,2,105,4620.00,
514322,KAMADGIRI   ,XD,Q,68.50,68.50,68.50,68.50,68.50,70.00,2,200,13700.00,
514326,PATSPIN INDI,B ,Q,10.25,10.25,9.35,9.38,9.38,9.76,45,16351,154706.00,
514330,OVERSEAS SYN,XD,Q,6.20,6.20,5.50,5.50,5.50,6.09,2,19,111.00,
514332,NEOINFRA    ,XD,Q,54.00,54.00,54.00,54.00,54.00,54.00,1,200,10800.00,
514348,WINSOME YRN ,B ,Q,1.90,1.90,1.85,1.85,1.85,1.87,6,1856,3508.00,
514354,PREMIER POLY,B ,Q,24.25,24.25,23.30,23.50,23.50,24.50,8,255,6029.00,
514366,CITIZEN YARN,XD,Q,3.39,3.39,3.23,3.32,3.35,3.39,172,119636,398876.00,
514394,AJIL        ,XC,Q,18.00,18.00,15.80,17.15,17.00,17.00,22,3543,61782.00,
514418,MANORG      ,XD,Q,24.40,24.50,24.00,24.40,24.50,23.90,19,2600,63503.00,
514448,JYOTI RESINS,XD,Q,145.00,145.00,130.00,135.60,135.60,139.60,112,9672,1317263.00,
514450,MAHA.RUBTECH,XC,Q,29.00,30.00,28.50,28.95,28.95,28.70,21,1459,42976.00,
514470,WIMSOME TEXT,XC,Q,32.30,39.50,32.30,38.20,38.50,39.40,39,3983,150757.00,
514474,FAIRDEAL FIL,XD,Q,31.10,36.50,31.10,34.95,34.95,34.90,5,310,9677.00,
514484,THAMBI MOD. ,XD,Q,7.40,7.40,7.40,7.40,7.40,7.42,1,100,740.00,
515018,REG.CERAMIC ,T ,Q,3.47,3.47,3.47,3.47,3.47,3.31,8,1874,6502.00,
515030,ASAHI IN.GLA,B ,Q,183.00,185.95,182.30,183.75,183.50,182.05,378,14452,2662217.00,
515037,MURD.CERAM  ,B ,Q,25.50,25.90,24.65,25.00,25.00,25.45,53,10399,261271.00,
515043,SAINT-GOBAIN,XC,Q,40.50,40.80,40.00,40.05,40.05,39.95,294,78783,3164979.00,
515055,ANANTRAJ    ,B ,Q,58.20,59.25,57.75,58.15,58.15,57.50,1861,264101,15427411.00,
515085,RESTILE CER.,XD,Q,4.83,5.75,4.83,5.74,5.75,5.35,7,2220,12705.00,
515093,MADHAV MARB.,B ,Q,61.35,61.40,60.30,61.00,61.00,61.00,24,1300,79267.00,
515145,HIND.NAT.GLS,B ,Q,81.15,85.40,81.15,85.00,85.00,85.00,5,274,22795.00,
515147,HALDYN GLASS,XC,Q,28.35,28.85,28.10,28.35,28.35,28.35,63,18279,518631.00,
516003,SARDA PLY.  ,XD,Q,45.00,48.00,45.00,48.00,48.00,46.30,8,766,35921.00,
516007,MANGALAM TIM,B ,Q,33.55,33.55,32.55,32.90,33.00,33.95,99,9280,305847.00,
516016,SHREYANS IND,B ,Q,61.05,65.95,61.05,62.95,62.50,61.10,17,1214,75811.00,
516022,STAR PAPER  ,B ,Q,56.60,57.85,56.50,56.60,56.60,56.50,106,6073,345129.00,
516030,YASH PAPERS ,XD,Q,19.90,19.90,19.30,19.55,19.55,19.75,45,16488,321158.00,
516064,ARROWGREEN  ,B ,Q,469.95,474.90,453.50,461.65,463.90,461.70,120,1714,789415.00,
516072,VISHNU CHEM ,B ,Q,279.05,292.70,273.00,276.85,277.00,280.65,317,9561,2668353.00,
516078,JUMBO BAG   ,Z ,Q,8.60,9.03,8.52,9.03,9.03,8.60,10,1211,10842.00,
516082,N.R.AGARWAL ,XD,Q,100.90,100.90,97.20,100.90,100.90,93.15,588,271357,27357664.00,
516092,PUDMJEE IND ,B ,Q,12.90,12.90,11.00,11.11,11.49,11.45,27,4389,50050.00,
516096,SANGAL PAPER,XT,Q,47.00,49.10,45.25,49.10,46.50,47.30,7,356,16948.00,
516106,SH.KARTHIK P,XT,Q,5.84,5.84,5.84,5.84,5.84,5.84,4,350,2044.00,
516108,S.I.PAPER   ,XT,Q,135.00,138.00,135.00,136.95,137.00,134.00,8,300,41032.00,
517015,VINDHYA TELE,B ,Q,591.00,606.75,591.00,602.60,601.10,583.00,86,3888,2333061.00,
517035,RUTTONSHA IN,XD,Q,27.00,27.00,27.00,27.00,27.00,26.00,7,1300,35100.00,
517041,ADORWELDING ,B ,Q,261.00,265.00,255.00,261.95,261.00,262.50,116,1408,366185.00,
517059,SALZER ELEC ,B ,Q,244.75,250.05,243.15,246.15,246.15,240.45,659,28227,6976072.00,
517063,JETINFOTRAN ,XD,Q,48.00,48.00,47.50,47.70,48.00,47.75,8,671,32156.00,
517080,HIGHGROUND  ,XC,Q,35.00,39.00,33.25,34.35,34.95,37.90,761,130138,4535551.00,
517096,APLAB LTD.  ,XT,Q,26.40,26.45,25.00,26.45,26.45,25.85,4,801,20761.00,
517119,PCS TECH    ,XD,Q,29.90,29.90,25.30,25.60,25.60,25.30,14,107,2734.00,
517140,MOSER BEAR  ,B ,Q,8.25,8.38,8.23,8.28,8.28,8.26,241,122446,1016289.00,
517146,USHA MART.LT,B ,Q,17.20,17.55,16.45,16.85,16.85,16.70,665,172690,2931698.00,
517166,SPEL SEMICON,XD,Q,12.48,12.48,12.03,12.05,12.39,12.35,21,6210,75509.00,
517168,SUBROS LTD. ,B ,Q,98.00,100.00,96.50,97.05,96.60,96.50,477,34291,3374371.00,
517174,HONEYWELL   ,B ,Q,9989.95,9989.95,9860.00,9944.00,9944.00,9933.10,12,24,238258.00,
517201,SWITCH.TECH.,XD,Q,58.00,63.75,58.00,63.70,63.70,61.05,12,1599,95483.00,
517206,LUMAX IND   ,B ,Q,749.05,758.00,726.50,739.60,737.50,746.75,370,7511,5575988.00,
517214,SPICEMOBI   ,B ,Q,16.95,17.00,16.60,16.75,16.60,16.70,8,1600,26780.00,
517224,SUJANA INDUS,B ,Q,1.57,1.59,1.54,1.56,1.58,1.56,54,79457,124716.00,
517230,PREM.AU.ELEC,B ,Q,11.99,12.00,11.84,11.90,11.90,11.83,10,4602,55002.00,
517246,BCC FUBA    ,Z ,Q,4.20,4.20,4.20,4.20,4.20,4.20,2,1100,4620.00,
517258,PRECISION EL,XT,Q,31.85,32.50,31.85,31.85,31.85,33.50,7,5291,169274.00,
517271,HBL P SYS   ,B ,Q,34.50,34.80,34.15,34.50,34.70,34.00,176,45682,1571553.00,
517288,GUJ.POLY-AVX,XT,Q,7.85,8.07,7.85,8.07,8.07,7.85,7,4576,36829.00,
517296,PHOENIXLL   ,B ,Q,135.60,136.00,132.65,134.40,134.40,134.20,210,10097,1355677.00,
517300,GUJ.IND.POW.,B ,Q,90.00,91.20,90.00,90.75,90.75,90.00,192,12156,1100961.00,
517330,CMI LTD.    ,XC,Q,181.00,191.90,181.00,189.60,190.00,183.15,149,26632,5047953.00,
517334,MOTHERSON SS,A ,Q,352.00,353.05,346.30,350.90,350.90,347.70,4645,266682,93238072.00,
517344,MINDTECK (I),B ,Q,91.10,94.80,91.10,93.85,94.80,90.95,72,10058,933234.00,
517354,HAVELLSINDIA,A ,Q,409.00,410.70,404.00,406.20,406.20,404.90,4565,165763,67570408.00,
517356,ACI INFOCOM ,XD,Q,9.24,9.24,9.20,9.20,9.20,8.85,5,10090,92981.00,
517370,INCAP LTD.  ,XT,Q,26.35,26.75,26.35,26.75,26.75,26.35,2,110,2902.00,
517372,GUJ.INTRUX  ,XD,Q,50.35,54.50,50.35,54.50,54.50,53.00,4,127,6398.00,
517380,IGARSHI MOT ,B ,Q,670.00,681.90,668.40,676.50,676.50,666.20,369,8925,6024522.00,
517385,SYMPHONY    ,B ,Q,2274.25,2307.00,2274.25,2284.30,2284.30,2280.40,197,1116,2558132.00,
517393,VINTRON INF.,XT,Q,2.16,2.16,2.16,2.16,2.16,2.06,2,200,432.00,
517403,SUN SOURCE  ,XT,Q,1.80,1.98,1.80,1.98,1.98,1.89,3,811,1461.00,
517411,SHYAM TELEC.,B ,Q,32.05,32.05,31.10,31.40,31.40,32.50,11,1292,40874.00,
517415,LEE&NEE SOFT,XD,Q,4.75,4.75,4.31,4.63,4.65,4.53,72,46968,212198.00,
517417,PATEL AIRTEM,XD,Q,141.00,143.80,139.10,140.00,140.00,138.55,19,1353,190761.00,
517421,BFLYGANDHI  ,B ,Q,173.00,179.80,171.10,177.40,177.40,168.30,474,19069,3358293.00,
517429,ATHENAGLO   ,XD,Q,28.05,30.50,28.05,30.10,30.10,27.75,38,8195,243985.00,
517437,DUTRON POLY.,XT,Q,93.05,93.80,90.05,92.00,90.45,93.80,32,3300,306974.00,
517447,R.S.SOFTWARE,B ,Q,81.90,82.90,79.50,80.15,80.15,80.05,1136,71241,5789316.00,
517449,MAGNA ELECTR,XD,Q,137.00,147.80,132.10,144.90,144.90,132.00,146,15561,2213926.00,
517467,MARSONS     ,XD,Q,14.27,14.28,13.61,13.86,13.86,13.89,200,111864,1570754.00,
517477,ELNET TECH. ,XD,Q,88.30,89.40,87.00,87.80,87.80,88.15,21,2348,207355.00,
517481,ARTECH POWER,XD,Q,31.00,32.30,30.60,30.60,30.60,30.75,200,45786,1420925.00,
517498,WEBELSOLAR  ,B ,Q,40.50,43.50,40.05,42.90,42.90,41.25,409,22306,945676.00,
517500,ROTO PUMPS  ,XC,Q,55.85,57.50,54.10,57.00,57.00,53.50,66,8033,450687.00,
517506,TTK PRESTIGE,A ,Q,5028.85,5028.85,4814.00,4824.25,4824.25,4907.45,185,665,3231348.00,
517514,DHINDIA     ,XD,Q,19.00,19.00,17.60,17.75,17.75,18.45,3,251,4449.00,
517518,LLOYD ELECT.,B ,Q,237.00,239.00,235.50,237.60,237.60,235.55,598,27032,6417245.00,
517522,RAJ GLO WIR ,XD,Q,392.05,424.00,390.00,396.45,396.45,404.85,94,2279,912584.00,
517530,SURANATP    ,B ,Q,6.17,6.17,6.17,6.17,6.17,5.74,1,10,61.00,
517536,ONWARD TECHN,B ,Q,70.85,71.95,69.00,70.30,70.45,69.85,40,2207,155395.00,
517544,CENTUM ELEC ,B ,Q,525.00,539.65,520.05,528.55,528.55,530.05,204,2752,1454812.00,
517548,STARLITE COM,XD,Q,44.20,45.45,43.50,44.35,45.00,43.75,182,190966,8445116.00,
517552,ADVANCED MIC,Z ,Q,6.60,6.60,6.60,6.60,6.60,6.66,3,700,4620.00,
517554,NHCFOODS    ,XD,Q,24.30,25.00,23.35,23.80,23.70,23.70,172,30473,742037.00,
517556,PVP VENT LTD,B ,Q,4.54,4.58,4.50,4.50,4.50,4.54,18,6506,29358.00,
517562,TRIGYN TECH ,B ,Q,105.10,112.00,105.10,110.00,110.00,104.50,777,54958,5967499.00,
517564,G.R.CABLES  ,XT,Q,0.58,0.58,0.54,0.54,0.54,0.56,15,10500,5678.00,
517569,KEI INDUST. ,B ,Q,115.00,115.65,113.80,114.45,114.90,114.20,961,21072,2418978.00,
517571,IMPPOWERS   ,B ,Q,83.00,83.55,83.00,83.25,83.25,84.50,7,1065,88771.00,
518011,KEERTHI     ,XT,Q,127.00,137.40,126.10,135.80,136.00,132.05,23,559,75391.00,
518029,GUJ.SIDH.CEM,B ,Q,32.00,33.20,31.70,32.25,32.25,31.70,460,68871,2224630.00,
518075,SURAJ PRODUC,XD,Q,18.00,18.50,17.10,17.10,17.10,18.00,5,800,13910.00,
518091,ANJANI PORTL,XC,Q,154.90,158.80,152.40,157.45,158.00,152.20,70,6046,943625.00,
519003,MODINATURAL ,XD,Q,100.00,100.00,97.00,97.00,97.00,98.00,9,425,41875.00,
519031,SHAH FOOD(P),XD,Q,77.15,77.15,77.15,77.15,77.15,73.50,1,10,771.00,
519091,TASTY BITE  ,XC,Q,2944.90,2960.00,2910.00,2939.05,2940.00,2879.50,57,1470,4311945.00,
519097,RITESH INTER,XT,Q,4.20,4.41,4.20,4.41,4.41,4.20,11,550,2415.00,
519105,AVT NATURAL ,B ,Q,33.00,33.05,31.60,32.45,32.45,32.05,189,36013,1174384.00,
519126,HIND.FOODS  ,XT,Q,114.00,115.00,114.00,115.00,115.00,120.00,5,800,91860.00,
519136,NAHAR INDUST,B ,Q,92.15,96.60,91.90,95.05,94.10,91.35,407,25661,2423713.00,
519156,VADILAL IND ,B ,Q,672.00,676.15,663.00,664.95,664.95,675.60,131,1204,806631.00,
519183,ADF FOODS LT,B ,Q,110.15,114.00,109.80,112.00,112.00,110.25,351,24002,2698691.00,
519216,AJANTA SOYA ,XD,Q,26.10,26.60,23.20,26.50,26.50,25.65,52,12059,294390.00,
519224,WILLIAM.MAGO,B ,Q,60.00,61.55,60.00,61.40,61.40,60.00,13,2100,128070.00,
519248,JVL AGRO    ,B ,Q,19.20,19.30,18.80,18.95,19.20,18.80,339,859736,16285287.00,
519260,SANWARIA AGR,B ,Q,5.11,6.26,4.35,6.26,6.26,5.22,443,663938,4106373.00,
519262,PRIMA AGRO L,XT,Q,5.51,5.51,5.51,5.51,5.51,5.25,2,501,2760.00,
519281,AGRO DUTCH I,T ,Q,2.31,2.49,2.31,2.47,2.49,2.38,13,5274,12795.00,
519287,MODERN DAIRI,XD,Q,9.97,9.98,9.60,9.87,9.88,9.50,76,26978,265709.00,
519295,BAMBINO AGRO,XT,Q,130.00,130.00,124.00,129.95,129.95,127.05,13,473,59687.00,
519307,VIKAS WSP   ,XC,Q,7.01,7.25,6.80,7.15,7.15,6.87,259,102714,727296.00,
519359,POONA DAL   ,XD,Q,19.40,20.40,19.40,20.35,20.35,19.75,4,1040,20215.00,
519367,TRANSGL.FOOD,XD,Q,67.50,67.50,64.65,67.20,67.30,64.60,21,723,47982.00,
519373,VIMAL OIL FD,B ,Q,42.00,43.80,41.00,41.40,41.00,41.90,22,4311,183691.00,
519383,ANIK INDS   ,T ,Q,26.50,26.85,26.40,26.45,26.40,26.35,8,1202,31803.00,
519421,KSE LIMITED ,XT,Q,615.00,625.00,590.05,620.45,625.00,617.35,35,1423,877532.00,
519455,NARBADA     ,XT,Q,4.65,4.65,4.65,4.65,4.65,4.65,13,9401,43714.00,
519457,VIRAT CRANE ,XT,Q,55.25,55.25,51.10,52.10,53.50,52.65,30,6350,332513.00,
519463,IB INFOTECH ,XD,Q,20.00,20.00,20.00,20.00,20.00,19.65,4,130,2600.00,
519475,CHORDIA FOOD,XD,Q,110.00,124.00,110.00,123.40,123.00,112.40,35,2412,276949.00,
519479,OMEGA AGSEED,XD,Q,7.70,7.70,7.70,7.70,7.70,7.65,3,548,4219.00,
519485,KOHINOORTEC ,XT,Q,6.13,6.13,6.13,6.13,6.13,5.84,1,20,122.00,
519491,OCEAN AGRO  ,XD,Q,14.80,15.40,14.80,14.80,14.80,14.94,4,510,7551.00,
519494,N K INDUST. ,B ,Q,36.25,36.25,34.25,35.45,35.45,35.80,23,3672,127941.00,
519500,BKV INDUSTRS,XT,Q,2.20,2.20,2.20,2.20,2.20,2.10,5,2200,4840.00,
519532,ASIAN TEA   ,XD,Q,12.00,12.95,12.00,12.90,12.90,12.37,20,4616,59439.00,
519552,HERITGFOOD  ,B ,Q,621.80,644.00,618.00,637.55,637.55,615.95,487,10236,6499283.00,
519560,NEHA INTER. ,XD,Q,7.38,7.40,7.01,7.37,7.34,7.06,93,87016,632019.00,
519566,SIMRAN FARMS,XT,Q,42.70,42.70,42.70,42.70,42.70,42.70,71,14316,611293.00,
519570,LAKSHMI OVER,B ,Q,34.95,35.65,34.40,35.25,35.25,34.60,406,62241,2179991.00,
519588,DFM FOODS   ,XC,Q,2149.00,2149.00,2082.40,2107.10,2120.00,2116.75,92,1345,2855724.00,
519600,CCL PRODUCTS,B ,Q,260.15,264.35,258.45,262.10,262.00,259.05,1223,25304,6618555.00,
519602,KELLTONTEC  ,B ,Q,160.00,165.55,157.20,161.85,161.85,157.40,610,30717,4945290.00,
519604,SURYO FOODS ,XT,Q,12.50,12.50,12.50,12.50,12.50,12.50,1,20,250.00,
519612,MAHAAN FOODS,XD,Q,13.12,13.74,13.11,13.12,13.12,13.80,8,1210,15993.00,
520008,RICO AUTO   ,B ,Q,54.35,57.00,54.35,55.10,55.10,53.60,4111,662396,36781560.00,
520021,OMAX AUTOS. ,B ,Q,67.50,69.40,67.50,67.70,67.70,67.10,53,4842,330560.00,
520043,MUNJAL SHOWA,B ,Q,179.90,182.00,179.90,180.55,180.00,181.85,35,1016,183647.00,
520051,JAMNA AUTO  ,B ,Q,196.00,202.10,194.10,195.50,195.50,190.55,2777,175600,34724548.00,
520056,SUNDAR.CLAY ,B ,Q,2405.45,2598.30,2405.45,2540.30,2540.30,2430.85,192,961,2427797.00,
520057,SONA KOYO ST,B ,Q,59.10,60.85,56.90,57.45,57.45,58.30,2303,298832,17679726.00,
520059,MUNAUTO     ,B ,Q,86.60,89.00,85.80,87.25,87.25,85.60,489,38673,3396215.00,
520066,JAYBH.MARUTI,B ,Q,157.60,159.85,155.40,157.30,157.30,157.10,180,8511,1339638.00,
520073,RACLGEAR    ,XD,Q,31.35,31.45,29.75,30.90,31.45,30.50,15,1290,39693.00,
520075,SAMKRG PIST.,XC,Q,179.85,182.00,174.10,177.75,177.75,176.60,255,18048,3228648.00,
520077,AMTEK AUTO  ,A ,Q,48.35,49.50,47.90,48.45,48.45,47.90,2659,836868,40848120.00,
520081,EAST C.STEEL,P ,Q,52.95,58.30,52.95,57.25,58.30,55.55,7,1200,67845.00,
520086,SICAL LOG   ,B ,Q,145.85,165.00,142.50,154.25,154.25,146.00,2036,77792,12184180.00,
520111,RATNAMNI MET,B ,Q,525.00,527.60,515.00,525.65,521.00,522.00,38,391,204265.00,
520113,VESUVIUS IND,B ,Q,890.00,910.00,880.00,880.55,890.00,869.80,37,269,240268.00,
520119,AUTOMOTIVE S,B ,Q,54.40,54.40,52.00,52.25,52.10,54.20,39,3211,170470.00,
520123,ABC INDIA   ,XD,Q,93.95,93.95,86.00,86.00,86.00,91.95,3,102,8788.00,
520127,BALURGHAT TE,XT,Q,3.10,3.25,3.00,3.25,3.25,3.10,5,1639,5026.00,
520139,JAGSON AIRLI,XT,Q,2.90,2.90,2.90,2.90,2.90,2.85,4,680,1972.00,
520141,SIBAR AUTO  ,XD,Q,10.30,12.00,10.30,11.85,11.85,11.25,13,465,5024.00,
520151,SHREY SH LOG,B ,Q,372.60,374.50,360.00,361.75,361.75,363.75,210,4169,1516986.00,
520155,STARLOG     ,XC,Q,103.00,105.50,103.00,104.50,104.00,101.40,10,335,34997.00,
521005,INDOVATION  ,XD,Q,39.30,41.80,39.30,41.65,41.80,41.05,63,14932,606140.00,
521014,EUROTEX IND ,B ,Q,26.80,26.80,26.80,26.80,26.80,27.80,1,200,5360.00,
521016,INDO COUNT  ,B ,Q,885.00,893.35,876.00,884.25,884.25,872.95,601,8149,7200499.00,
521018,MARAL OVERS ,B ,Q,28.20,29.45,28.20,28.85,28.70,28.60,62,7793,224941.00,
521022,SURYAJYOTI S,T ,Q,7.65,8.10,7.65,7.65,7.65,7.85,3,612,4726.00,
521030,NAKODA      ,B ,Q,0.31,0.34,0.30,0.32,0.32,0.32,13,21926,6926.00,
521034,SOMA TEXTILE,B ,Q,7.75,7.75,7.20,7.28,7.25,7.29,23,9000,66445.00,
521038,TAM.JAI.MILL,XT,Q,3.63,3.63,3.63,3.63,3.63,3.63,1,200,726.00,
521048,ADV LIFESTY ,XT,Q,14.25,14.25,14.25,14.25,14.25,13.58,1,100,1425.00,
521054,KAKATIYA TEX,XT,Q,5.37,5.93,5.37,5.37,5.37,5.65,4,1100,6025.00,
521062,OCTAVE      ,XD,Q,13.55,13.55,13.55,13.55,13.55,15.05,4,3200,43360.00,
521064,TRIDENT     ,B ,Q,42.15,45.90,42.15,45.25,45.25,42.10,2900,401638,18076890.00,
521070,ALOK INDS.  ,A ,Q,3.70,3.75,3.68,3.73,3.73,3.67,420,756531,2807881.00,
521076,AMIT SPIN.  ,B ,Q,0.85,0.85,0.85,0.85,0.85,0.88,2,439,373.00,
521080,PASARI SPIN ,XT,Q,0.83,0.85,0.83,0.85,0.85,0.85,2,200,168.00,
521082,SPENTEX INDS,B ,Q,4.10,4.30,4.10,4.30,4.30,4.10,12,13015,55929.00,
521097,AMARJOTHI SP,XD,Q,103.90,107.75,103.90,106.85,107.00,104.20,80,9905,1052095.00,
521105,OLYMPIA IND.,XT,Q,150.00,153.30,145.00,152.00,152.00,146.00,20,667,100111.00,
521109,NAGREEKA EXP,B ,Q,36.50,39.50,36.50,38.00,38.00,37.20,37,11332,428824.00,
521113,SUDITI IND. ,XD,Q,39.90,41.05,39.00,39.00,39.75,37.40,20,9047,365566.00,
521131,SBFL        ,XD,Q,6.74,6.74,6.74,6.74,6.74,6.42,2,800,5392.00,
521141,ADITYA SPIN.,XT,Q,5.57,5.57,5.31,5.33,5.33,5.31,5,2040,10880.00,
521149,PRIME URBAN ,XD,Q,29.00,32.95,28.45,30.10,32.95,31.60,183,75325,2160218.00,
521151,DHANLXMI FAB,XD,Q,35.20,37.80,35.15,37.10,37.80,36.00,7,300,10740.00,
521161,SRI LAK.SAR.,XD,Q,26.00,26.00,26.00,26.00,26.00,27.10,1,500,13000.00,
521163,ZODIAC CLOTH,B ,Q,204.00,212.00,204.00,207.05,207.00,207.95,14,686,141935.00,
521176,GANGOTRI TEX,B ,Q,1.13,1.13,1.13,1.13,1.13,1.13,2,125,141.00,
521180,SUPER SPIN. ,B ,Q,10.07,10.44,9.81,10.04,10.04,10.08,89,62847,639661.00,
521188,UNITED TEXT.,XD,Q,3.80,3.80,3.80,3.80,3.80,3.94,3,14,53.00,
521194,SIL INVEST  ,B ,Q,100.00,100.00,91.50,99.35,99.35,97.25,12,1687,161565.00,
521200,SURYLAK.COTT,B ,Q,146.00,151.65,145.00,150.05,150.05,147.40,306,24284,3609898.00,
521206,SAMTEX FASH.,XD,Q,17.90,17.90,15.30,16.50,16.50,17.30,72,25416,426482.00,
521216,DHAN ROTO SP,XT,Q,12.99,12.99,12.30,12.30,12.30,12.38,5,750,9253.00,
521220,DAMOINDUS   ,B ,Q,84.15,85.95,83.25,84.00,84.00,85.65,64,23671,2004695.00,
521226,UNI ROYAL IN,XD,Q,6.58,6.84,6.58,6.84,6.84,6.58,3,620,4235.00,
521228,TATIA GLOB  ,XD,Q,0.21,0.21,0.21,0.21,0.21,0.22,5,50200,10542.00,
521232,SUNIL INDUS.,P ,Q,48.90,48.90,47.25,48.90,48.90,48.30,7,1100,53610.00,
521234,SRI NACHAMAI,XD,Q,10.09,10.09,10.09,10.09,10.09,10.05,2,500,5045.00,
521240,SAMBANDAM SP,XD,Q,74.50,74.50,67.00,70.40,71.00,70.00,7,1650,115400.00,
521242,KANDAGIRI SP,XD,Q,62.50,62.50,60.00,60.00,60.00,62.50,3,300,18625.00,
521246,PARAS PETRO ,T ,Q,0.20,0.21,0.20,0.21,0.21,0.21,4,5000,1040.00,
521248,KITEX GARMEN,B ,Q,469.00,477.00,462.20,472.85,472.85,465.15,269,3730,1753062.00,
522001,CRANEX LTD. ,XD,Q,9.38,9.38,9.38,9.38,9.38,9.39,4,2499,23440.00,
522004,BATLIBOI LTD,XD,Q,23.20,23.20,22.15,22.30,22.30,22.95,33,8295,189173.00,
522005,AUSTIN ENGG.,XD,Q,53.20,55.00,52.50,52.90,52.50,54.50,30,2277,121923.00,
522014,UNITED DRILL,Z ,Q,67.50,74.00,67.50,73.70,74.00,70.55,31,2015,145268.00,
522017,FLUIDOMAT   ,XC,Q,209.00,209.00,202.60,203.45,202.60,202.30,34,1103,225951.00,
522029,WINDSOR MACH,B ,Q,35.00,35.60,34.65,35.05,35.00,34.60,62,4254,149387.00,
522034,SHANTHI GEAR,B ,Q,118.05,123.00,117.00,120.10,120.10,118.70,118,37878,4551308.00,
522064,HONDA SIEL  ,B ,Q,1218.00,1225.00,1202.00,1213.05,1213.05,1190.00,41,241,294647.00,
522073,HITECHGEAR  ,B ,Q,282.05,306.70,282.05,303.95,303.95,285.00,305,8613,2579612.00,
522074,ELGI EQUIP  ,B ,Q,163.85,171.30,163.85,165.90,165.90,162.50,196,12891,2149921.00,
522085,STONE INDIA ,XD,Q,68.35,70.10,68.00,69.60,69.60,68.85,162,20118,1388631.00,
522101,KILBURN ENGG,XD,Q,55.35,55.35,52.50,52.80,52.80,52.70,28,2470,131083.00,
522105,BIRLA PRETEC,XD,Q,3.60,3.80,3.60,3.70,3.70,3.61,41,13654,50528.00,
522108,YUKEN INDIA ,XD,Q,363.45,363.45,348.05,352.00,352.00,361.10,23,555,196488.00,
522113,TIMKEN (I)  ,B ,Q,575.00,578.00,561.00,568.95,570.50,568.00,231,3165,1805372.00,
522122,VOITH PAPER ,XT,Q,578.00,578.00,564.00,565.00,565.00,569.60,11,284,161043.00,
522134,ARTSON ENG  ,XC,Q,39.00,41.40,39.00,40.55,40.30,39.40,28,5104,207529.00,
522152,SOLITAIR MC ,XD,Q,34.85,34.85,28.25,30.40,30.80,29.95,37,9084,269463.00,
522163,DIAMONPOWER ,B ,Q,40.55,41.45,39.50,40.90,40.90,39.80,387,51532,2094866.00,
522165,INDSIL HYD  ,XD,Q,34.00,35.00,33.50,33.80,33.80,34.55,68,13059,444405.00,
522175,SVOGL       ,T ,Q,3.60,3.60,3.36,3.40,3.40,3.50,67,80067,273658.00,
522183,ITL INDUSTRS,XD,Q,51.75,51.75,41.05,46.95,46.95,47.25,45,3344,149409.00,
522195,FRONTIER SPR,XD,Q,30.50,31.00,28.50,29.95,29.05,28.50,41,6534,198218.00,
522205,PRAJ IND.LTD,B ,Q,83.30,86.00,83.15,85.45,85.45,82.50,1560,168332,14294270.00,
522207,RASANDIK ENG,XD,Q,72.00,72.00,60.00,61.00,61.00,60.35,9,503,31482.00,
522209,YOGI SUNGWON,XD,Q,2.35,2.35,2.35,2.35,2.35,2.16,16,217200,510420.00,
522215,SWISS GLASS ,XD,Q,105.00,110.00,103.00,107.30,107.30,105.50,44,4676,508950.00,
522217,GUJ APOIND  ,B ,Q,125.35,125.70,125.35,125.70,125.70,126.30,4,204,25641.00,
522229,TANEJA AERO.,XC,Q,49.10,50.05,49.10,49.80,49.50,49.80,73,29336,1465038.00,
522231,CONART ENG. ,XD,Q,27.20,29.20,27.20,28.30,28.80,27.35,24,992,28040.00,
522233,VHCLINDUS   ,XT,Q,0.47,0.49,0.47,0.47,0.47,0.49,3,1795,844.00,
522241,M.M.FORGINGS,B ,Q,435.00,446.45,433.15,438.40,443.55,436.00,176,3105,1360773.00,
522249,MAYUR UNIQ. ,B ,Q,416.00,438.50,416.00,429.45,429.45,410.05,622,13588,5854953.00,
522251,CENLUB INDUS,XD,Q,36.00,36.00,34.05,35.00,35.00,36.35,9,2087,75046.00,
522257,RAJOO ENGIN.,XC,Q,18.55,19.30,18.00,19.15,19.00,18.55,213,83867,1576201.00,
522259,KALINDEE RAI,B ,Q,106.30,106.90,105.00,105.80,105.80,105.45,111,8270,878270.00,
522261,DOLPHIN OFF.,B ,Q,89.00,90.00,88.00,88.75,89.00,87.95,232,13972,1241045.00,
522263,JMC PROJECTS,B ,Q,255.00,259.90,252.50,254.90,254.90,252.05,125,2856,728025.00,
522267,VEEJAY LAKSH,XT,Q,50.00,52.50,49.00,51.60,52.40,50.00,16,2277,116796.00,
522273,AHMED.STEEL ,XT,Q,19.95,19.95,19.95,19.95,19.95,19.00,1,50,997.00,
522275,ALSTOMT&D   ,A ,Q,345.00,351.45,340.90,347.60,347.40,341.05,225,2295,789734.00,
522281,RAM RAT.WIRE,XD,Q,46.70,46.80,44.75,45.00,44.75,46.50,18,1440,65267.00,
522285,JAY NECO IND,B ,Q,7.52,8.30,7.52,8.17,8.15,8.00,65,34488,280873.00,
522287,KALPA.POWER ,B ,Q,261.95,261.95,257.60,258.35,257.60,255.75,129,3226,836837.00,
522292,CHANDNI TE  ,XD,Q,0.73,0.73,0.73,0.73,0.73,0.76,2,900,657.00,
522294,T & I GLOBAL,XD,Q,23.00,26.60,21.15,25.50,25.50,24.50,13,959,23333.00,
522295,CONTROL PRNT,B ,Q,299.00,303.95,298.00,300.45,299.30,294.10,107,2407,723279.00,
522650,BEMCO HYDRAU,XD,Q,126.00,126.00,126.00,126.00,126.00,121.00,1,1,126.00,
523007,ANSAL BUILD.,XD,Q,78.20,80.75,78.00,80.75,80.75,78.15,7,278,21701.00,
523011,WEIZMANN LTD,B ,Q,22.70,23.50,22.70,23.20,23.50,23.15,5,1202,27636.00,
523019,B.N.RATHI SE,XD,Q,20.60,20.80,20.00,20.05,20.00,19.60,63,9541,192041.00,
523021,RISHITECH   ,XD,Q,21.30,22.00,21.30,22.00,22.00,21.90,5,2100,45500.00,
523023,SINCLAIR HOT,XC,Q,292.50,299.00,292.50,299.00,299.00,293.00,4,48,14202.00,
523025,SAFARI IND. ,XC,Q,920.00,948.00,915.00,915.00,915.00,940.00,10,435,398390.00,
523100,COSMO FERR. ,XD,Q,16.55,18.00,16.55,16.75,17.00,17.75,51,5679,98437.00,
523105,P.POLYSAC(NR,XT,Q,89.60,89.60,89.60,89.60,89.60,85.45,1,10,896.00,
523116,SANCO TRANS ,XD,Q,298.30,298.30,280.00,280.00,280.00,284.20,9,11,3107.00,
523120,ADOR MULTI. ,XT,Q,23.25,23.25,23.25,23.25,23.25,22.15,4,310,7207.00,
523127,EIH ASSO.HOT,B ,Q,365.00,365.55,345.10,347.60,358.80,358.00,20,107,37775.00,
523144,MEDI CAPS   ,XD,Q,20.25,20.95,19.80,20.05,19.80,19.95,18,1986,40022.00,
523160,MORGAN CRU  ,XT,Q,562.50,585.50,562.50,580.00,580.00,561.00,19,306,176935.00,
523204,ABAN OFFSHO ,A ,Q,215.50,217.60,213.70,214.55,214.55,213.25,3723,295370,63421877.00,
523207,KOKUYOCMLN  ,B ,Q,80.00,82.00,79.35,81.50,81.50,80.05,481,37210,3004079.00,
523218,KILBURN OFFI,XT,Q,3.59,3.59,3.59,3.59,3.59,3.77,4,16850,60491.00,
523222,SRM ENERGY  ,XD,Q,7.80,7.80,7.13,7.13,7.13,7.50,5,98,705.00,
523229,BHARAT SEATS,XC,Q,44.00,44.00,42.10,42.50,42.50,42.95,127,27980,1192595.00,
523232,CONT.PETRO  ,XT,Q,16.75,16.80,15.50,15.50,15.50,16.00,4,1700,27105.00,
523236,SHRENUJ & CO,T ,Q,2.64,2.64,2.64,2.64,2.64,2.52,133,1365648,3605310.00,
523248,MACHINO PLAS,XD,Q,145.00,147.50,138.00,144.05,144.05,137.60,30,1744,248665.00,
523260,PEARL POLYME,B ,Q,20.65,22.00,20.65,21.50,21.35,21.50,25,4255,91784.00,
523261,VENKEY'S (I),B ,Q,460.00,465.00,460.00,461.25,460.00,455.80,130,2250,1039872.00,
523269,ADVANI HOTEL,B ,Q,55.00,57.70,54.80,57.45,57.45,55.90,29,2673,150742.00,
523277,G.V.FILMS   ,XD,Q,0.87,0.87,0.79,0.80,0.79,0.80,106,272050,222222.00,
523283,SUPER HOUSE ,B ,Q,163.50,165.00,162.10,162.90,162.50,163.50,85,3137,512445.00,
523301,TCPL PACK   ,XC,Q,770.00,780.00,760.00,767.30,765.00,756.15,279,9802,7585890.00,
523319,BALMER LAWRI,B ,Q,624.75,631.00,621.00,626.50,627.50,618.55,520,5114,3200607.00,
523323,KOVAI MEDI. ,XT,Q,737.00,739.50,705.00,726.45,724.00,704.30,181,4135,2991595.00,
523329,ELDECO HOUS.,XD,Q,527.00,547.40,511.00,539.50,547.40,527.55,22,896,474837.00,
523367,DCMSHRIRAM  ,B ,Q,222.00,234.80,220.45,233.25,233.25,218.90,1258,33612,7683470.00,
523369,DCM SHR.IND ,XC,Q,197.90,202.80,196.00,200.30,202.00,199.40,130,14419,2861757.00,
523371,MAWANA SUGAR,B ,Q,61.50,64.30,61.05,61.65,61.65,61.50,435,45108,2816791.00,
523385,NILKAMAL L  ,B ,Q,1153.15,1195.00,1153.15,1179.70,1179.70,1169.90,1395,12329,14603358.00,
523387,TRITON CORP.,XT,Q,0.35,0.35,0.35,0.35,0.35,0.34,1,10,3.00,
523391,NAHAR POLY  ,B ,Q,51.60,55.15,51.60,54.30,54.30,52.60,43,2779,151007.00,
523395,3M INDIA LTD,B ,Q,13901.00,14300.00,13460.05,13583.50,13550.00,13668.10,394,1643,22516771.00,
523398,HITACHI HOME,B ,Q,1363.00,1401.00,1358.95,1376.35,1370.00,1347.15,451,4996,6870139.00,
523405,JM FINANCIAL,B ,Q,67.70,71.00,66.70,69.60,69.60,66.95,3769,617828,42694045.00,
523411,ADCINDIA    ,XC,Q,260.05,274.80,260.05,268.80,264.50,262.10,56,1233,330310.00,
523415,COVENTRY COI,XT,Q,4.05,4.05,4.05,4.05,4.05,4.10,1,100,405.00,
523419,TAMIL.TELE. ,T ,Q,2.98,2.99,2.98,2.99,2.99,2.99,4,102,303.00,
523445,REL INDL INF,B ,Q,425.00,429.80,423.05,426.55,426.55,421.90,3089,113271,48331103.00,
523449,SHARP INDIA ,XC,Q,59.00,60.80,58.10,60.25,60.05,58.85,110,13492,808137.00,
523455,TECHTRN.POLY,XT,Q,6.99,6.99,6.35,6.60,6.60,6.67,6,1302,8375.00,
523457,LINDEINDIA  ,B ,Q,322.45,352.00,322.00,344.65,344.65,325.60,628,9279,3135088.00,
523465,IND.BANK HSG,XD,Q,8.74,9.45,8.74,9.44,9.44,9.18,9,1312,11860.00,
523467,JAIMATA GLAS,XT,Q,0.19,0.19,0.19,0.19,0.19,0.19,3,20238,3845.00,
523475,LOTUS CHOC  ,XD,Q,48.90,51.40,48.25,49.75,49.85,49.90,15,1100,54281.00,
523483,PACIFIC IND.,XD,Q,140.00,143.35,130.00,138.90,143.25,130.35,31,1095,154053.00,
523519,UNI OFF AUTO,XT,Q,5.50,5.50,5.50,5.50,5.50,5.25,1,5,27.00,
523523,RAINBOW PAP.,B ,Q,2.79,2.80,2.62,2.70,2.70,2.70,104,161904,442711.00,
523537,APM INDUS.  ,XC,Q,62.00,63.90,61.15,62.10,62.50,62.25,70,11501,713626.00,
523539,PRECISION WR,B ,Q,102.90,106.80,102.15,106.25,106.75,103.35,238,8782,922583.00,
523550,KRYPTON IND ,XD,Q,13.00,13.00,12.70,12.92,12.92,12.72,18,1676,21399.00,
523558,NETWORK LTD.,XT,Q,4.15,4.15,4.15,4.15,4.15,4.30,1,50,207.00,
523574,FEL         ,A ,Q,21.80,22.25,21.60,21.75,21.75,21.70,187,50246,1099738.00,
523586,IND.TONERS  ,XD,Q,140.90,144.05,139.60,143.50,143.00,139.45,170,14899,2136824.00,
523592,JENSON &NICH,B ,Q,9.00,9.04,8.57,8.86,8.86,9.01,251,81207,711961.00,
523594,KUNSTSTOFFE ,XD,Q,17.60,17.85,17.60,17.80,17.80,18.10,3,880,15653.00,
523598,SHIPP.CORPN ,A ,Q,71.80,72.70,71.50,71.65,71.65,71.55,585,60568,4362247.00,
523606,SIKA INTER. ,XD,Q,131.50,134.00,127.90,131.80,131.80,135.70,13,1050,137044.00,
523610,ITI LTD.    ,B ,Q,28.20,28.20,27.60,27.70,27.70,27.85,365,20113,558253.00,
523618,DREDGING COR,B ,Q,410.05,418.50,406.15,409.50,409.50,408.60,482,7162,2944954.00,
523620,PHARMASIA   ,XT,Q,25.65,25.65,25.65,25.65,25.65,27.00,1,50,1282.00,
523628,PODDAR      ,XC,Q,1020.00,1050.00,1020.00,1044.00,1050.00,1055.00,19,164,169989.00,
523630,NATIONAL FER,B ,Q,32.30,32.95,32.20,32.70,32.70,32.05,242,31400,1026416.00,
523638,IP RINGS LTD,XD,Q,142.95,143.00,140.10,140.10,140.10,142.65,12,1226,172818.00,
523642,PI INDUS.LTD,A ,Q,781.00,792.90,778.00,784.30,784.30,776.30,579,8944,7034976.00,
523648,PLASTIBLEND ,B ,Q,425.00,439.90,423.00,424.10,425.00,425.30,263,3072,1305273.00,
523660,WATERBASE   ,XC,Q,103.60,107.90,103.00,105.40,105.40,103.60,535,87630,9277820.00,
523672,FLEX FOODS  ,XD,Q,90.85,93.45,88.25,91.15,91.10,90.05,121,19520,1786604.00,
523676,GOLKUNDA DIA,XT,Q,22.35,22.35,22.35,22.35,22.35,23.50,2,102,2279.00,
523694,APCOTEX IND ,B ,Q,396.00,403.00,396.00,398.75,399.85,394.95,67,1994,796369.00,
523696,FORTIS MLR  ,XD,Q,53.05,53.05,52.30,52.60,52.60,52.40,59,14317,755130.00,
523704,MASTEK LTD  ,B ,Q,129.90,131.65,128.95,129.70,129.70,128.50,394,14959,1946216.00,
523708,EIMCO ELECON,T ,Q,391.00,398.90,387.45,387.80,390.00,407.80,17,676,263011.00,
523710,SAYAJI HOTEL,XT,Q,135.00,136.20,130.00,136.20,136.20,129.75,6,157,21235.00,
523716,ASHIANA HOU ,B ,Q,165.50,170.00,164.30,169.50,170.00,165.00,182,5589,938886.00,
523724,VIJAY SHA.BU,B ,Q,10.70,11.40,10.60,10.90,10.90,10.99,15,976,10778.00,
523728,SIDDHARTH TB,XT,Q,3.05,3.05,3.05,3.05,3.05,3.05,1,100,305.00,
523732,ECO BOARD IN,XT,Q,4.10,4.10,4.10,4.10,4.10,4.20,1,1000,4100.00,
523736,DPL         ,B ,Q,80.50,83.30,80.50,82.40,83.00,81.90,90,6064,501483.00,
523754,EPC INDUS.  ,XC,Q,164.90,170.00,164.90,166.65,166.65,163.50,228,27855,4666109.00,
523756,SREIINFRA   ,A ,Q,74.70,81.40,74.50,80.00,80.00,74.05,4763,774445,60580006.00,
523768,GUJ.BOROSIL ,XC,Q,93.50,93.50,90.60,91.40,91.40,91.00,247,24275,2221801.00,
523792,MAZDA LTD   ,XC,Q,325.00,339.00,321.35,332.00,339.00,321.15,44,629,207572.00,
523796,VICEROY HOTE,B ,Q,17.60,17.95,17.25,17.55,17.70,17.80,134,25537,450787.00,
523820,NEOCORP INTE,XC,Q,10.20,10.20,9.90,10.08,10.00,10.26,60,35158,354165.00,
523828,MENON BEAR. ,B ,Q,80.30,80.30,77.10,78.60,78.50,79.65,145,9337,733212.00,
523836,GUJ.RAFFIA  ,T ,Q,11.68,11.71,11.68,11.71,11.71,11.16,15,2189,25625.00,
523838,SIMPLX INFRA,B ,Q,298.10,298.50,294.05,296.45,296.50,292.50,124,2092,620968.00,
523840,INN.TECH.PAC,XD,Q,35.50,35.75,33.00,34.15,34.15,35.60,148,69628,2424089.00,
523842,SUPER TANNER,XD,Q,4.16,4.35,4.13,4.23,4.28,4.26,53,55524,234990.00,
523844,INVICTA MED ,XT,Q,3.75,3.75,3.75,3.75,3.75,3.60,15,145342,545032.00,
523850,AXTEL INDUS.,XD,Q,31.55,31.55,30.00,31.55,31.55,26.30,46,54864,1719335.00,
523874,PRECI CONTNR,XD,Q,0.67,0.73,0.67,0.67,0.67,0.70,4,1700,1145.00,
523878,TOTAL EXPORT,XD,Q,3.51,3.51,3.51,3.51,3.51,3.90,15,3235,11354.00,
523890,DS.KULKARNI ,B ,Q,74.95,76.00,73.20,74.00,74.00,73.90,12,668,49764.00,
524000,MAGMA FIN   ,B ,Q,106.15,107.50,106.10,107.05,107.05,105.55,261,29344,3137302.00,
524019,KINGFA      ,XC,Q,1068.95,1070.00,1018.00,1036.05,1036.05,1046.45,661,13218,13693571.00,
524037,RAMA PHOSPH ,XD,Q,60.20,62.00,59.15,61.50,61.50,59.85,21,3205,195416.00,
524038,VENLON ENTR ,XD,Q,3.66,3.66,3.52,3.66,3.66,3.49,7,2505,9098.00,
524051,POLYPLEX    ,B ,Q,281.00,286.50,281.00,286.50,286.50,282.00,19,810,230465.00,
524075,ALBERT DAVID,B ,Q,313.55,322.00,313.50,320.10,320.10,314.65,38,615,196746.00,
524080,HAR.LEATHER ,XT,Q,32.80,32.80,29.70,32.80,32.80,31.25,56,11077,354434.00,
524084,MONSANTO (I),A ,Q,2267.00,2318.95,2231.30,2277.40,2260.00,2299.70,1501,9502,21638420.00,
524091,ACRYCIL LTD.,XC,Q,540.00,559.95,526.35,549.95,550.00,533.10,111,4926,2698976.00,
524109,KABRA EXTR  ,B ,Q,106.50,108.00,106.25,107.75,107.75,105.85,74,2557,274212.00,
524129,VINYL CHEM  ,B ,Q,64.00,66.20,64.00,65.05,65.05,64.70,225,15497,1015221.00,
524164,IOL CHEM PH ,B ,Q,120.80,136.20,102.00,134.25,134.25,118.70,4518,280745,35681980.00,
524174,KESAR PETRO ,XT,Q,39.40,43.40,39.40,43.35,43.40,41.35,32,6199,260099.00,
524200,VINATI ORG. ,B ,Q,540.00,550.00,537.35,548.50,548.50,533.25,234,27733,15062742.00,
524202,LACTOSE(I)  ,XT,Q,78.20,78.20,78.20,78.20,78.20,78.20,9,6320,494224.00,
524204,TEESTA AGRO ,XT,Q,12.63,12.63,12.63,12.63,12.63,13.29,2,200,2526.00,
524208,AARTI INDUST,B ,Q,561.90,565.00,550.00,562.60,562.60,557.55,214,2522,1419469.00,
524212,WANBURY LTD ,T ,Q,46.40,46.40,46.40,46.40,46.40,44.20,40,9428,437459.00,
524218,RESONANCE   ,XD,Q,26.40,26.45,26.00,26.45,26.45,26.40,11,1657,43707.00,
524226,GUJ AMB EXP ,B ,Q,80.35,80.90,78.00,78.55,78.40,80.30,721,92591,7380398.00,
524230,RASHTR.CHEM.,B ,Q,47.50,48.10,47.20,47.80,47.80,47.00,852,135048,6431526.00,
524232,MAHA.POLYBUT,XT,Q,0.46,0.46,0.46,0.46,0.46,0.46,1,100,46.00,
524264,UNIMER INDIA,XD,Q,5.10,5.10,5.10,5.10,5.10,4.86,2,114,581.00,
524280,KOPRAN LTD. ,B ,Q,51.50,51.90,50.85,51.00,51.00,50.90,384,44610,2282103.00,
524288,AIMCO PESTI.,XT,Q,46.50,48.00,45.90,46.40,46.50,48.05,23,3769,175235.00,
524314,GUJ.TERC LAB,XD,Q,9.70,9.70,9.30,9.70,9.70,9.75,7,15700,151890.00,
524322,KABRA DRUGS ,XD,Q,7.51,7.51,7.50,7.50,7.50,7.89,6,1015,7614.00,
524330,JAYANT AGRO ,B ,Q,317.20,329.00,313.50,324.95,324.95,315.70,460,10733,3438047.00,
524336,SH.HARI CHEM,XD,Q,87.55,93.00,87.55,92.35,91.50,90.75,24,1840,168521.00,
524342,INDOBORAXC  ,XC,Q,364.00,369.80,360.00,362.90,364.00,366.10,33,1132,412098.00,
524348,AARTI DRUGS ,B ,Q,495.05,503.00,493.50,499.45,497.00,497.15,117,1378,688496.00,
524370,BODAL CHEM  ,B ,Q,111.50,113.20,109.40,110.85,110.85,110.40,1588,173271,19321955.00,
524372,ORCHIDPHAR  ,B ,Q,39.20,40.20,39.15,39.60,39.60,38.85,427,48796,1932673.00,
524394,VIMTA LABS  ,B ,Q,84.45,88.50,83.80,87.10,87.10,82.25,461,22107,1918663.00,
524396,BIOFIL CHEM ,T ,Q,9.00,9.34,8.66,8.94,9.33,8.90,32,9370,84334.00,
524404,MARKSANS    ,B ,Q,47.95,48.65,47.50,48.25,48.25,46.50,3808,667957,32124763.00,
524408,UNIV.STARCH ,XT,Q,34.30,34.30,34.30,34.30,34.30,34.30,1,1,34.00,
524412,AAREY DRUGS ,XD,Q,45.20,47.50,42.70,43.90,43.00,45.35,411,68336,3069678.00,
524440,CAMEX LTD   ,XD,Q,29.50,30.00,28.00,28.50,28.25,28.50,58,13415,387934.00,
524444,KAVITIND    ,XD,Q,9.83,9.90,9.80,9.90,9.90,9.83,10,2131,20989.00,
524470,SYNCOM FORM.,XC,Q,2.85,2.90,2.77,2.81,2.81,2.82,878,1741052,4918801.00,
524480,RIDHI SIDHI ,XC,Q,314.00,320.00,312.90,313.30,317.00,319.00,13,366,115004.00,
524488,SVC SUPERCHE,XT,Q,0.75,0.75,0.75,0.75,0.75,0.78,3,1801,1350.00,
524494,IPCA LAB LTD,A ,Q,519.00,524.90,515.30,519.00,519.00,517.90,1710,25471,13266684.00,
524500,KILITCH DRUG,B ,Q,34.75,35.45,34.10,34.50,34.50,34.25,19,885,30620.00,
524502,RAAJMEDISAFE,P ,Q,7.46,7.46,7.46,7.46,7.46,7.47,1,100,746.00,
524506,CORAL LAB.  ,XC,Q,465.60,488.50,465.60,479.80,475.50,469.50,79,2758,1315534.00,
524518,KREBS BIOCHM,T ,Q,72.50,73.00,70.00,73.00,73.00,70.20,29,2763,198230.00,
524520,KMC SHIL    ,XD,Q,7.90,8.05,7.37,7.46,7.37,7.81,29,20097,152608.00,
524540,SECUND.HEALT,Z ,Q,0.90,0.90,0.88,0.90,0.90,0.89,18,16291,14429.00,
524542,SUKJIT STRCH,XC,Q,305.00,317.45,305.00,310.35,314.95,309.90,46,2704,841665.00,
524558,NEULAND LAB.,B ,Q,920.00,925.40,887.00,896.00,896.00,910.30,680,11369,10327835.00,
524564,GAYATRI BIO ,XD,Q,12.80,13.98,12.50,12.53,12.51,13.17,14,4602,57648.00,
524570,PODDAR PIGM.,XC,Q,183.00,190.00,181.60,188.20,190.00,182.85,115,7871,1458035.00,
524572,PHARMAIDS PH,XD,Q,3.14,3.14,3.14,3.14,3.14,3.00,6,1718,5394.00,
524576,VIVID IND   ,XD,Q,20.00,20.95,19.25,20.15,20.30,20.25,46,16439,327093.00,
524580,PRIYA LTD.  ,XD,Q,37.80,39.00,37.80,39.00,39.00,37.65,5,249,9652.00,
524582,TIRUPATI STA,XT,Q,29.70,29.70,29.70,29.70,29.70,29.70,1,19,564.00,
524590,HEMORGANIC  ,XD,Q,13.00,13.60,12.50,13.60,13.60,12.70,36,24300,329026.00,
524592,JD ORGOCHEM ,XD,Q,4.48,4.48,4.48,4.48,4.48,4.71,3,800,3584.00,
524594,ASHOK-ALCO  ,XD,Q,124.00,126.80,123.70,125.25,125.00,125.50,96,8926,1115523.00,
524598,AKSHARCHEM I,XC,Q,261.25,261.25,233.00,240.05,240.05,260.95,871,274450,65907643.00,
524602,SHIVA MEDIC.,XT,Q,4.81,4.81,4.81,4.81,4.81,4.64,1,5,24.00,
524606,BERYL DRUGS ,XD,Q,25.40,26.85,24.00,24.90,24.90,25.20,1206,371632,9406105.00,
524610,RATHI GRAPH.,XD,Q,11.84,11.84,9.86,10.97,10.02,10.70,27,11980,130643.00,
524622,ISTRNETWK   ,XD,Q,22.00,24.50,21.50,23.55,23.55,21.55,211,67105,1549883.00,
524628,PARKER AGRO.,XD,Q,9.60,9.60,9.60,9.60,9.60,9.60,2,1500,14400.00,
524632,RELISH PHAR.,XD,Q,53.60,53.60,53.60,53.60,53.60,55.90,2,50,2680.00,
524634,ALU FLUORIDE,XD,Q,21.20,23.30,20.20,22.15,22.40,24.10,264,63892,1419480.00,
524640,ARCHITORG   ,XD,Q,25.00,25.00,24.75,24.75,24.75,26.25,2,875,21781.00,
524642,SIKOZY REAL ,Z ,Q,0.69,0.69,0.69,0.69,0.69,0.66,1,20220,13951.00,
524648,INDO AMINES ,XC,Q,48.60,48.65,47.05,48.40,48.40,47.00,47,4311,207889.00,
524652,IND.SWIFT LT,T ,Q,4.72,4.76,4.72,4.76,4.75,4.80,3,1930,9171.00,
524654,NATURAL CAPS,XD,Q,92.10,96.90,92.10,95.40,96.00,94.00,22,1358,128641.00,
524661,WELCURE DRUG,XD,Q,1.87,1.87,1.87,1.87,1.87,1.79,1,1,1.00,
524663,BH.IMMUN&BIO,XC,Q,19.25,19.70,19.05,19.25,19.25,19.45,93,28090,543042.00,
524667,SOTL        ,B ,Q,643.00,658.95,635.20,645.00,645.00,640.00,46,1141,735505.00,
524669,HESTER BISC ,B ,Q,745.00,747.00,724.50,740.85,740.00,741.90,75,627,461579.00,
524675,KABSONS INDU,XT,Q,4.79,4.79,4.79,4.79,4.79,5.04,3,201,962.00,
524687,BASANT AGRO ,XD,Q,7.40,7.89,6.73,7.42,7.45,7.40,348,219575,1643313.00,
524689,PARENT.DRUGS,B ,Q,29.75,31.40,29.50,30.45,30.40,29.65,53,6794,205316.00,
524699,KILBURN CHEM,XT,Q,34.50,34.50,31.55,31.80,31.80,33.00,22,1822,59199.00,
524703,SANDU PHARMA,XD,Q,31.50,31.95,30.80,30.95,30.95,30.45,20,6183,192720.00,
524709,NAGAR.AGRICH,XC,Q,20.50,20.75,20.20,20.45,20.50,20.70,57,28460,582716.00,
524711,VISTA PHARMA,XD,Q,24.50,24.50,22.50,22.70,22.50,23.25,51,17370,401087.00,
524715,SUN PHARMA. ,A ,Q,852.25,854.50,837.40,842.35,842.35,849.05,5336,147013,124124459.00,
524717,TITAN BIOTEC,XT,Q,34.05,36.60,34.00,36.50,36.60,35.30,8,590,20627.00,
524727,SPAN DIAGNOS,XD,Q,62.15,63.95,62.10,62.10,62.10,63.00,10,492,30760.00,
524731,JENBURKT PH.,XC,Q,352.05,358.00,352.05,354.65,354.65,356.45,116,3000,1063218.00,
524735,HIKAL LTD.  ,B ,Q,180.80,186.05,179.25,185.05,183.20,181.40,215,8095,1488095.00,
524742,CAPLIN POINT,B ,Q,1240.00,1241.00,1181.10,1197.70,1197.70,1223.30,433,3637,4379946.00,
524748,LINK PHARMA ,XT,Q,15.85,15.85,15.08,15.40,15.40,15.85,34,24261,382351.00,
524752,COMBAT DRUGS,XT,Q,4.84,4.84,4.84,4.84,4.84,4.84,2,110,532.00,
524758,WINTAC LTD  ,XC,Q,170.00,171.00,164.10,167.45,164.10,168.00,10,141,23659.00,
524764,NUTRA       ,XC,Q,109.25,109.25,109.25,109.25,109.25,115.00,24,1731,189111.00,
524768,EMMESSAR BIO,XD,Q,18.75,18.75,18.75,18.75,18.75,18.75,5,700,13125.00,
524774,NGL FINE CHM,XT,Q,271.85,271.85,271.85,271.85,271.85,258.95,33,2237,608128.00,
524790,EVEREST ORG.,XT,Q,42.40,42.40,42.40,42.40,42.40,42.40,6,964,40873.00,
524804,AUROB.PHARMA,A ,Q,760.00,773.95,752.45,770.10,770.00,752.20,4208,132671,101721690.00,
524808,PHYTOCHEM I.,XD,Q,27.70,27.85,26.50,27.50,27.00,27.45,15,1540,41705.00,
524816,NATCO PHARM ,A ,Q,635.00,637.50,620.00,626.85,627.10,629.75,2781,45506,28556053.00,
524818,DYNAMIC IND.,XD,Q,46.00,46.00,44.15,44.15,44.15,45.00,9,641,29270.00,
524820,PANAMA PETRO,B ,Q,60.00,61.05,58.10,61.00,61.00,60.00,30,2364,143344.00,
524824,BAL PHARMA  ,B ,Q,93.70,94.50,91.30,93.40,93.40,92.45,179,10482,976074.00,
524828,BDH INDUS.  ,XT,Q,81.10,83.00,80.25,80.30,80.50,84.45,71,13385,1080169.00,
526009,PROCAL ELECT,XD,Q,0.43,0.43,0.43,0.43,0.43,0.44,1,500,215.00,
526015,KEMROCK IND.,Z ,Q,9.25,9.25,8.58,8.58,8.58,9.03,33,12400,106546.00,
526027,CUBEX TUBING,T ,Q,12.94,13.52,12.35,12.39,12.39,12.88,20,4618,60066.00,
526043,POLYMECH.MCH,XT,Q,10.50,11.11,10.10,11.11,11.11,10.60,9,1700,18021.00,
526081,SCAGRO      ,XD,Q,3.83,3.83,3.83,3.83,3.83,3.67,1,21,80.00,
526093,SATVAH.ISPAT,B ,Q,76.80,82.00,76.80,80.35,82.00,76.00,166,14330,1126557.00,
526109,PRICOL LTD. ,B ,Q,121.70,124.25,115.55,117.00,117.00,120.10,7954,829265,99209042.00,
526113,UNIROYAL MAR,XT,Q,11.13,11.13,11.12,11.12,11.12,11.70,2,100,1112.00,
526115,KARAN WOO-SN,XT,Q,1.28,1.36,1.28,1.29,1.36,1.30,2,526,677.00,
526117,SHERVANI IND,XT,Q,118.00,118.00,118.00,118.00,118.00,113.00,1,5,590.00,
526133,SUPERTEX IND,XD,Q,2.94,2.94,2.66,2.66,2.66,2.80,6,3450,9387.00,
526137,SHETRON LTD ,XD,Q,35.50,36.95,35.50,35.50,35.50,35.50,12,4035,143879.00,
526139,TRANSGENE BI,XT,Q,2.60,2.60,2.40,2.46,2.49,2.52,23,6844,16956.00,
526143,MPL         ,XT,Q,18.25,18.75,17.40,18.75,18.75,17.90,73,10899,201365.00,
526159,NIKHIL ADHSV,XD,Q,56.25,56.25,52.95,53.50,53.50,55.70,13,2350,129367.00,
526161,SPENTA INT. ,XD,Q,105.00,114.65,105.00,108.20,108.20,105.05,19,463,51437.00,
526169,MULTIBASE I ,XC,Q,268.00,270.00,264.10,267.70,267.70,265.00,63,4929,1311580.00,
526173,ANDREW YULE ,XC,Q,21.25,21.70,21.25,21.40,21.40,21.15,238,38069,815083.00,
526179,LUDOLOW JUTE,XD,Q,61.70,62.55,60.25,60.95,60.95,61.10,53,7875,480806.00,
526187,ASHRAM ONLIN,XT,Q,1.23,1.23,1.23,1.23,1.23,1.18,1,280,344.00,
526209,K.S.OILS LTD,T ,Q,0.85,0.91,0.84,0.90,0.91,0.87,163,500115,435263.00,
526217,HITECH PLAST,B ,Q,155.00,155.00,150.55,152.30,152.00,154.55,55,5065,773156.00,
526225,BLOOM DEKOR ,XD,Q,30.25,30.40,27.00,27.55,29.10,27.85,36,2529,72212.00,
526227,FILATEX INDI,B ,Q,70.95,71.50,69.20,69.90,69.90,69.65,538,45938,3224665.00,
526235,MERCATOR    ,B ,Q,43.20,43.95,42.70,43.15,43.15,42.85,1188,339019,14653594.00,
526237,MORGAN VENT ,XD,Q,8.16,8.16,8.16,8.16,8.16,7.79,2,2,16.00,
526247,PREMIER EXPL,B ,Q,356.30,359.80,355.05,355.65,355.50,353.65,67,2494,892332.00,
526263,MOLD-TEK TEC,B ,Q,56.45,58.35,56.45,57.20,57.20,57.40,38,3505,200719.00,
526299,MPHASIS LTD ,A ,Q,520.00,542.00,520.00,536.45,530.00,519.15,691,4926,2629879.00,
526301,MEDINOVA DIA,XT,Q,27.70,30.60,27.70,27.75,27.75,29.15,12,1542,43088.00,
526315,DIVYA.GRANIT,XT,Q,128.55,136.75,128.55,131.80,133.00,135.10,38,4066,540225.00,
526355,DURO PACK   ,XT,Q,10.90,11.84,10.90,11.84,11.84,11.42,2,500,5638.00,
526367,GANESH HSG. ,B ,Q,84.00,85.95,82.50,85.10,85.10,82.20,58,5300,443712.00,
526371,NMDC LTD    ,A ,Q,103.00,103.80,101.55,102.55,102.20,102.00,2199,301351,30966840.00,
526381,PAT INT LOG ,B ,Q,106.00,108.75,103.10,104.55,104.55,105.45,682,50133,5268595.00,
526397,ALPHAGEO (I),B ,Q,765.95,776.00,760.00,764.90,766.15,757.05,375,2968,2277336.00,
526407,RIT PRO IND ,XD,Q,7.35,7.35,6.65,6.65,6.65,7.00,5,340,2281.00,
526409,KKALPANAIND ,XC,Q,31.05,32.75,31.05,31.60,31.85,31.25,18,3365,106653.00,
526415,OK PLAY (I) ,XT,Q,107.40,111.05,105.00,111.05,111.05,105.80,26,6614,726680.00,
526423,KRITI INDUS.,XD,Q,27.55,28.50,27.00,28.20,28.50,28.05,17,3508,96998.00,
526433,ASM TECHNOLO,XD,Q,125.50,130.10,125.50,130.10,130.05,128.75,22,1070,137635.00,
526441,VISIONCINE  ,XD,Q,2.31,2.68,2.31,2.33,2.33,2.32,17,31246,72536.00,
526468,EURO LEDAR F,XT,Q,8.01,8.01,8.01,8.01,8.01,7.77,2,500,4005.00,
526471,WINSOME BREW,XT,Q,9.00,9.00,8.17,8.17,8.17,8.60,22,10300,86172.00,
526479,SKY INDUST. ,XD,Q,24.50,24.50,24.50,24.50,24.50,24.50,3,130,3185.00,
526481,PHOENIX INT.,XT,Q,10.69,11.63,10.69,11.16,11.55,11.25,14,2442,27586.00,
526492,RISHIROOP   ,XD,Q,34.80,37.50,33.85,36.65,36.30,34.35,33,4493,163630.00,
526500,STR GRE WOO ,XD,Q,8.68,8.68,8.68,8.68,8.68,8.68,2,45,390.00,
526504,DOLPHIN MEDI,XT,Q,1.02,1.02,1.02,1.02,1.02,1.01,5,2495,2544.00,
526506,SYSTAMATIX C,XD,Q,14.70,15.40,14.70,15.40,15.40,15.35,2,150,2240.00,
526508,SKS LOG LTD ,XT,Q,13.24,13.24,12.58,12.58,12.58,13.24,6,821,10665.00,
526512,INTERLINK PE,XD,Q,9.01,9.25,9.00,9.24,9.25,9.58,5,1070,9644.00,
526519,ALPINE HSG. ,XD,Q,25.05,25.25,25.00,25.20,25.20,25.05,14,2578,64492.00,
526521,SANGHI IND. ,B ,Q,68.35,71.00,67.90,69.75,69.75,68.60,341,47560,3307480.00,
526525,WORLDWIDE LE,XT,Q,6.59,6.59,6.59,6.59,6.59,6.29,5,75,494.00,
526538,MAXIMAA SYST,XD,Q,7.20,7.74,6.63,7.00,7.00,6.91,36,68403,494734.00,
526544,SCANP GEOM  ,XD,Q,21.40,21.50,20.50,21.25,21.40,20.55,116,22349,475239.00,
526550,CCHHL       ,B ,Q,12.35,12.80,12.20,12.49,12.45,12.33,180,18044,225353.00,
526554,SALGUTI IND ,XT,Q,19.25,19.25,18.95,18.95,18.95,19.90,2,26,500.00,
526568,LONGVIEW TEA,XT,Q,11.61,11.61,10.61,11.60,11.60,11.06,10,1411,15552.00,
526574,ENTERPR.INTE,XD,Q,2.96,2.96,2.96,2.96,2.96,3.10,3,500,1480.00,
526576,TECHIN      ,B ,Q,6.66,6.66,6.16,6.30,6.30,6.35,29,11788,77955.00,
526582,TPL PLAST   ,B ,Q,460.00,460.00,435.00,439.65,439.65,441.25,76,9938,4375652.00,
526586,WIM PLAST LT,B ,Q,2525.00,2550.00,2512.00,2534.60,2520.00,2536.95,211,1596,4049222.00,
526588,PHOTOQUIP(I),XD,Q,19.10,19.10,19.00,19.00,19.00,19.95,14,1438,27362.00,
526594,B NANJI ENT.,XT,Q,10.50,10.50,10.50,10.50,10.50,10.27,1,227,2383.00,
526596,LIBERTY SHOE,B ,Q,186.05,189.50,185.55,188.30,188.30,185.15,292,23250,4356570.00,
526604,LIPPI SYSTEM,XT,Q,13.15,13.30,13.15,13.30,13.30,13.70,2,300,3960.00,
526608,ELECTROTHERM,B ,Q,75.70,85.10,74.10,85.10,85.10,77.40,234,55276,4680608.00,
526612,BLUE DART EX,A ,Q,5740.00,5767.05,5680.00,5697.65,5697.65,5735.95,109,308,1760644.00,
526614,EXPO GAS    ,XT,Q,7.21,7.21,6.53,6.53,6.53,6.87,2,500,3401.00,
526616,NAT.PLASTIC ,XD,Q,48.70,48.90,46.70,48.30,48.20,48.10,41,4303,205826.00,
526622,MFL INDIA   ,XD,Q,0.44,0.45,0.44,0.45,0.45,0.43,10,81488,36251.00,
526640,ROYALE MANOR,XT,Q,11.50,11.73,11.50,11.50,11.50,11.43,13,3950,45448.00,
526642,MIRZA INTER ,B ,Q,89.60,90.85,89.20,89.85,89.85,88.70,654,74504,6712147.00,
526650,TOURISM FINA,B ,Q,43.65,44.70,43.05,44.35,44.35,43.10,1164,216858,9552537.00,
526652,CALS REF LTD,XD,Q,0.08,0.08,0.08,0.08,0.08,0.09,74,603718,48297.00,
526662,RAJDARSHAN  ,T ,Q,18.80,18.80,18.75,18.75,18.75,17.95,8,2340,43890.00,
526666,BHARTIYA INT,B ,Q,510.00,523.85,500.10,505.10,505.00,501.35,276,7948,4053682.00,
526668,KAMAT HOTELS,B ,Q,34.40,34.45,34.00,34.20,34.20,33.80,30,3847,131527.00,
526683,HOTEL RUGBY ,T ,Q,7.94,7.99,7.90,7.93,7.95,7.61,11,6550,52088.00,
526687,POLO HOTELS ,XD,Q,11.60,11.60,10.52,11.06,11.06,11.40,23,7261,80572.00,
526689,FENOPLAS.LTD,XT,Q,46.10,46.10,46.10,46.10,46.10,48.50,1,100,4610.00,
526703,ECOPLAST LTD,XD,Q,83.00,83.95,76.05,80.10,79.00,84.00,23,1409,112211.00,
526705,ELEGANT MARB,XD,Q,105.65,110.95,105.65,106.55,106.35,107.50,35,2462,265178.00,
526707,ALCHEMIST LT,B ,Q,23.30,26.30,23.30,24.45,24.15,23.25,70,6486,163658.00,
526717,GOPALA POLY.,XD,Q,21.50,21.50,21.00,21.20,21.20,21.70,10,2085,44362.00,
526721,NICCO PARKS ,XT,Q,28.60,31.05,28.60,30.00,30.00,30.05,4,71,2103.00,
526723,NTC INDUST  ,XD,Q,55.50,58.90,55.00,57.25,58.90,55.90,65,3524,199765.00,
526725,SANDESH LTD.,B ,Q,845.00,871.95,837.05,857.95,857.95,843.35,180,456,392842.00,
526727,GARNET CONST,XD,Q,17.80,19.00,17.75,18.20,19.00,19.05,4,800,14555.00,
526729,GOLDIAM INT.,B ,Q,69.70,72.90,69.70,70.40,70.40,71.50,76,5221,368529.00,
526731,BRIGHT BROS.,XD,Q,63.00,64.80,62.40,63.30,63.00,62.25,41,14248,892436.00,
526735,EXCAST      ,XD,Q,4.52,4.70,4.40,4.53,4.59,4.62,106,103041,466276.00,
526737,CORPOR COUR ,XT,Q,8.07,8.50,8.07,8.49,8.49,8.49,22,963,7811.00,
526747,P.G.FOILS   ,XT,Q,53.20,53.20,52.05,52.05,52.05,51.70,4,56,2967.00,
526755,VELAN HOTELS,XD,Q,5.77,5.80,5.43,5.51,5.64,5.56,24,14300,80707.00,
526761,HOWARD HOTEL,XT,Q,8.10,8.10,8.10,8.10,8.10,8.31,2,50,405.00,
526775,VALIANT COMM,XD,Q,74.00,82.00,72.00,75.20,75.20,72.60,100,14040,1097850.00,
526797,GREENPLY IND,B ,Q,249.35,255.00,246.10,252.95,254.00,249.40,286,10530,2653143.00,
526799,UNION QUALIT,XT,Q,27.40,30.15,27.40,30.15,30.15,28.75,37,5277,157719.00,
526801,PSL LTD     ,B ,Q,6.59,6.59,6.36,6.40,6.39,6.39,17,5186,33505.00,
526807,SEAMEC LTD  ,B ,Q,97.00,100.45,96.60,98.80,98.80,96.35,61,2598,256453.00,
526817,CHEVIOT CO. ,XC,Q,731.25,757.60,731.00,748.35,741.50,734.60,142,4083,3051003.00,
526821,DAI-ICHI KAR,XC,Q,412.00,438.00,405.10,433.10,432.00,408.70,286,10440,4452197.00,
526827,SPICE ISLAND,XD,Q,26.50,26.75,26.25,26.50,26.50,27.00,13,575,15237.00,
526829,CONFI PETRO ,XT,Q,5.30,5.37,5.25,5.25,5.36,5.28,30,25900,136261.00,
526839,SHELTER     ,XD,Q,11.55,11.55,11.52,11.52,11.52,12.80,17,612,7059.00,
526849,BANARAS BEAD,B ,Q,41.40,41.45,40.10,40.40,40.40,40.75,10,3070,126059.00,
526853,BILCARE LTD.,XC,Q,49.60,51.40,49.50,50.10,50.20,49.85,128,14324,723913.00,
526861,RISHI LASER ,XD,Q,26.95,26.95,26.25,26.35,26.35,25.60,9,3248,85825.00,
526881,FINANC.TEC. ,B ,Q,81.30,82.80,80.75,81.10,81.10,80.70,1405,96976,7899989.00,
526885,SARLA PER F ,B ,Q,57.90,58.00,56.30,57.65,58.00,56.95,183,8432,485401.00,
526899,HIMALAYA INT,XD,Q,10.40,10.77,10.25,10.61,10.61,10.03,253,147958,1564698.00,
526905,PADMAIND    ,XD,Q,39.00,41.50,36.50,39.45,39.45,38.25,40,5770,223188.00,
526917,CHD DEV LTD ,XC,Q,12.49,12.49,11.80,11.88,11.80,12.03,42,14467,171751.00,
526921,21ST CEN.MGM,B ,Q,17.00,17.05,17.00,17.05,17.05,16.75,6,1800,30680.00,
526927,DION        ,XC,Q,71.35,73.95,70.65,73.45,73.45,71.90,825,17062,1239919.00,
526931,HARIYANA SH.,XD,Q,55.00,58.00,55.00,58.00,58.00,54.80,11,1670,93950.00,
526935,M.B.PARIKH  ,XT,Q,4.40,4.40,4.40,4.40,4.40,4.50,1,51,224.00,
526945,TYROON TEA  ,XD,Q,50.00,50.10,48.60,48.90,48.60,50.90,5,30,1487.00,
526947,LA-OPALA RG ,B ,Q,550.50,579.95,537.60,546.80,545.00,549.85,1261,13621,7576390.00,
526951,GOLDEN LAMIN,XC,Q,552.00,612.00,552.00,600.75,600.75,551.55,920,55608,32755607.00,
526953,VENUS REMEDI,B ,Q,84.30,85.00,83.00,83.60,83.60,83.30,170,7481,628207.00,
526957,UV BOARDS   ,XD,Q,18.00,18.10,17.00,17.15,17.15,17.60,90,39554,685530.00,
526965,GUJ.CRAFT IN,XT,Q,22.10,22.10,21.10,22.10,22.10,21.45,15,1600,35200.00,
526971,DHOOT I.FIN.,XD,Q,40.50,40.50,38.65,39.80,40.00,39.00,38,12457,494937.00,
526987,URJA GLOBAL ,XC,Q,1.03,1.05,0.95,1.01,1.03,1.03,185,2041100,2093823.00,
527001,ASHAPURA LTD,B ,Q,70.70,72.00,70.50,71.40,71.30,70.10,464,31402,2239419.00,
530001,GUJ.ALKALI  ,B ,Q,287.50,287.50,277.60,280.05,280.05,285.35,1331,79096,22348490.00,
530005,INDIA CEM.  ,A ,Q,116.80,124.45,116.80,123.50,123.50,116.50,3616,661982,81065506.00,
530007,JK TYRE IND ,A ,Q,92.50,103.40,91.70,102.50,102.50,90.90,19050,2576005,257871222.00,
530011,MANGLR.CHEM ,B ,Q,51.90,51.90,46.70,47.40,47.40,47.05,52,2137,101130.00,
530017,STD.INDUST. ,T ,Q,23.65,23.90,23.00,23.55,23.05,23.25,64,26461,623690.00,
530019,JUBILANT    ,A ,Q,323.85,333.90,322.05,330.65,330.65,320.85,2168,59464,19539144.00,
530023,FORTUNE FIN.,XC,Q,272.00,274.80,269.00,269.30,270.00,269.00,26,3383,915027.00,
530043,ACKNIT IND  ,XD,Q,107.00,110.90,107.00,110.00,110.00,108.40,66,3010,330280.00,
530045,TITAN SECUR.,XT,Q,3.69,3.69,3.35,3.35,3.35,3.52,3,520,1912.00,
530047,RAISAHEB RCK,B ,Q,60.00,61.00,59.00,60.35,60.25,58.50,50,18499,1110815.00,
530049,J.J.EXPORTER,XT,Q,6.36,6.36,6.36,6.36,6.36,6.69,2,20,127.00,
530057,VIVANZA     ,XT,Q,57.35,57.35,57.35,57.35,57.35,54.65,1,50,2867.00,
530065,LORDSHOTL   ,XT,Q,7.50,7.50,7.50,7.50,7.50,7.16,1,100,750.00,
530067,CSLFINANCE  ,XD,Q,145.60,145.60,145.60,145.60,145.60,145.60,20,1244,181126.00,
530073,SANGHVI MOVE,B ,Q,271.00,273.00,269.00,270.30,269.30,270.10,446,17470,4734814.00,
530075,SELAN EXPLOR,B ,Q,200.00,201.00,197.00,198.15,198.15,198.30,235,8339,1659453.00,
530077,FRESHTROP FR,XC,Q,94.50,96.55,93.10,93.85,93.50,92.10,51,5465,514164.00,
530079,FAZE THREE L,XD,Q,30.00,33.00,28.00,30.50,30.50,28.90,66,24096,698432.00,
530093,ACE INDIA LT,XD,Q,2.04,2.08,2.04,2.08,2.08,2.08,5,1001,2053.00,
530111,RAJ PACKAGIN,XT,Q,36.25,36.70,36.25,36.70,36.70,35.95,2,110,3992.00,
530117,ADIFINCHM   ,B ,Q,377.00,384.35,370.30,374.45,378.90,381.25,147,7624,2881450.00,
530119,NATRAJ PROTE,XT,Q,29.30,29.30,26.75,28.95,28.95,28.15,5,118,3196.00,
530125,SAMRAT PHARM,XD,Q,30.50,32.95,30.05,32.95,32.95,31.40,10,2275,70871.00,
530127,NPR FINANCE ,XD,Q,10.79,10.79,10.79,10.79,10.79,10.28,1,1,10.00,
530129,NILE LTD.   ,XD,Q,212.50,214.90,211.10,213.15,213.15,212.60,42,3953,840909.00,
530131,UDAIPUR CEME,XC,Q,15.80,16.40,15.30,16.20,16.20,15.35,1254,809808,12963227.00,
530133,AMCO INDIA L,XD,Q,16.00,16.00,16.00,16.00,16.00,16.80,1,332,5312.00,
530135,OPTIEMUS    ,XC,Q,44.00,46.90,44.00,45.30,45.15,44.80,34,3901,176190.00,
530145,KISAN MOULD.,XT,Q,40.00,40.00,40.00,40.00,40.00,40.00,2,530,21200.00,
530149,KSL & IND.  ,XC,Q,14.50,14.60,14.40,14.60,14.60,14.31,5,600,8710.00,
530151,VIJAY TEXTIL,XD,Q,30.00,31.00,29.90,30.50,30.50,29.45,25,8421,254697.00,
530163,KERALA AYUR ,XD,Q,68.75,69.00,65.55,67.90,67.90,66.55,79,5479,373492.00,
530169,MOHIT PAPER ,XT,Q,5.85,5.85,5.85,5.85,5.85,6.11,3,400,2340.00,
530175,ODYSSEY TECH,XD,Q,31.55,35.00,31.50,34.35,35.00,33.50,31,3339,110956.00,
530177,SPS INTL.   ,XD,Q,5.43,5.43,5.43,5.43,5.43,5.18,15,1101,5978.00,
530185,SURAT TEXT. ,XD,Q,4.25,4.25,3.94,4.19,4.25,4.06,59,70782,293844.00,
530187,ATHARV ENT  ,XD,Q,2.10,2.10,2.00,2.05,2.05,2.10,8,81001,164292.00,
530191,CHROMATIC IN,B ,Q,3.90,4.12,3.63,3.94,4.04,3.63,308,207412,826540.00,
530197,BAGADIA COLO,XT,Q,7.39,7.39,7.39,7.39,7.39,7.77,1,50,369.00,
530199,THEMIS MEDIC,B ,Q,517.15,538.50,506.25,513.05,513.05,511.50,151,2796,1456328.00,
530201,KALLAM SPG. ,XD,Q,84.50,87.25,83.10,86.35,86.00,84.00,55,5370,458670.00,
530207,BRAWN BIO   ,XT,Q,42.00,42.40,39.00,41.40,41.40,41.05,11,707,28213.00,
530219,NUTRICIRCLE ,XD,Q,6.18,6.74,6.18,6.74,6.74,6.50,4,370,2293.00,
530233,AURO LAB.   ,XD,Q,24.00,24.00,23.10,23.50,23.50,24.25,35,5080,119879.00,
530239,SUVEN LIFE S,B ,Q,200.05,202.75,198.50,199.30,198.60,198.15,977,71324,14270116.00,
530245,ARYAMAN FIN.,XD,Q,22.50,23.00,22.00,22.05,22.05,22.25,10,100220,2209855.00,
530251,RISA INTL   ,XC,Q,1.70,1.70,1.55,1.55,1.55,1.63,26,26033,41132.00,
530255,KAY POW PAP ,XD,Q,4.10,4.10,3.94,3.94,3.94,4.02,6,2302,9081.00,
530259,INTER ST.OIL,XD,Q,6.51,6.51,6.51,6.51,6.51,6.25,1,140,911.00,
530263,GLOBAL CAP. ,XD,Q,3.66,3.70,3.66,3.66,3.66,3.85,7,3100,11366.00,
530299,KOTHARI PROD,B ,Q,159.95,160.00,158.00,158.50,158.50,158.05,54,1350,214490.00,
530305,PICCADILY AG,XD,Q,20.10,20.65,20.00,20.05,20.05,19.90,68,17981,365306.00,
530307,CHAMANLAL SE,XD,Q,60.00,64.00,59.25,61.35,61.90,59.75,146,20865,1262127.00,
530309,CHANDRA PRAB,XD,Q,17.20,17.20,16.10,17.15,17.15,17.15,16,6202,106505.00,
530315,HIND.TIN WRK,XD,Q,62.60,69.80,62.60,67.30,67.10,65.40,128,12220,812405.00,
530317,GODAVARI DRU,XD,Q,43.50,44.50,43.15,43.95,44.00,43.75,18,4821,210667.00,
530331,PREMCO GLOB.,XC,Q,619.00,629.95,618.00,620.15,620.15,643.80,49,2439,1513414.00,
530341,MUKESH BABU ,XD,Q,30.00,32.00,29.65,32.00,32.00,30.50,9,1008,32246.00,
530343,GENUS POWER ,B ,Q,45.50,47.00,45.05,46.75,46.75,45.40,267,37398,1733343.00,
530355,ASIAN OILFIE,XC,Q,53.20,57.00,53.20,55.10,55.10,54.55,161,33041,1839718.00,
530363,UGAR SUGAR  ,B ,Q,54.15,54.15,54.15,54.15,54.15,57.00,95,22168,1200397.00,
530365,ORIENTBELL  ,B ,Q,152.25,158.00,152.25,155.05,155.05,152.30,137,7274,1130215.00,
530367,NRB BEARINGS,B ,Q,116.50,116.50,113.00,113.85,113.85,115.75,180,5267,603174.00,
530369,VAMSHI RUBB.,XD,Q,49.00,49.00,48.50,48.50,48.50,49.15,5,371,18079.00,
530377,NILA INFRA. ,B ,Q,12.26,12.70,12.25,12.34,12.26,12.39,161,78524,975833.00,
530381,PETRON ENGG.,B ,Q,171.40,177.95,171.00,172.00,172.00,169.30,33,4400,766939.00,
530389,GEEFCEE FIN.,XD,Q,22.00,22.00,22.00,22.00,22.00,21.00,1,1,22.00,
530393,DB INT.ST.BR,B ,Q,17.00,17.05,16.95,16.95,16.95,16.85,30,4303,73028.00,
530401,VINYOFLEX LT,XT,Q,22.55,22.55,22.55,22.55,22.55,23.70,1,200,4510.00,
530405,JINDAL CAP. ,XD,Q,5.11,5.79,5.11,5.79,5.79,5.66,8,616,3250.00,
530407,EPIC ENERGY ,XD,Q,7.51,7.51,7.51,7.51,7.51,7.50,5,532,3995.00,
530419,SUMEDHA FISC,XD,Q,15.10,15.20,14.63,14.89,14.89,15.20,24,3597,53724.00,
530421,KUWER INDS. ,XD,Q,8.52,8.52,8.52,8.52,8.52,8.96,2,500,4260.00,
530427,CHOKSI IMAG ,XD,Q,27.10,28.90,27.10,28.90,28.90,27.45,3,193,5500.00,
530431,ADOR FONTECH,XC,Q,88.10,88.10,84.00,85.40,85.50,89.00,246,21506,1841685.00,
530433,SHIVA FERT. ,XD,Q,31.45,34.00,29.00,29.10,29.90,30.00,73,9045,277603.00,
530441,MAHANIVESH I,XT,Q,465.00,465.00,465.00,465.00,465.00,450.00,1,10,4650.00,
530443,KIRAN SYNTEX,XT,Q,4.42,4.42,4.42,4.42,4.42,4.63,1,1000,4420.00,
530445,SUMERU IND  ,XT,Q,1.30,1.30,1.25,1.25,1.25,1.24,2,1100,1380.00,
530459,VALSON INDUS,XD,Q,33.60,34.00,33.00,33.50,33.50,33.60,28,7068,236214.00,
530461,SABOO SODIUM,XD,Q,9.20,9.40,8.70,8.84,8.97,8.87,30,22171,198069.00,
530475,TINNARUBR   ,XD,Q,47.45,47.45,47.45,47.45,47.45,45.20,1,100,4745.00,
530477,VIKRAM THERM,XD,Q,82.00,84.60,77.00,79.95,79.95,78.70,188,29087,2332675.00,
530499,A.K.CAPITAL ,XC,Q,260.00,266.00,260.00,260.05,260.00,259.90,19,918,239119.00,
530505,UPPER GANGES,B ,Q,474.40,486.40,458.70,467.60,467.60,472.55,5872,199220,93988270.00,
530517,RELAXO FOOT.,B ,Q,480.00,482.95,471.10,478.45,478.45,473.60,404,5453,2598815.00,
530521,VIRAT INDUS.,XD,Q,83.20,90.70,81.00,89.95,89.50,91.50,93,5555,492562.00,
530533,TERAI TEA CO,XD,Q,65.95,69.85,61.75,69.20,69.20,60.75,122,22046,1443128.00,
530543,MARG LTD    ,XD,Q,10.27,10.80,9.70,10.27,10.50,10.48,611,139109,1423241.00,
530549,SHILPA MEDIC,B ,Q,564.15,580.00,557.55,571.90,571.90,557.60,382,5263,3012054.00,
530555,PARAMOUNT CO,B ,Q,3.49,3.50,3.48,3.50,3.50,3.49,4,4540,15865.00,
530565,ARCHANA SOFT,XD,Q,2.13,2.13,1.93,1.93,1.93,2.03,4,1100,2163.00,
530579,GOLDEN GOEN ,XD,Q,3.60,3.80,3.60,3.80,3.80,3.75,4,1000,3700.00,
530585,SWASTIK INV ,XD,Q,39.00,39.50,39.00,39.50,39.50,39.85,2,2,78.00,
530589,PRIMA PLASTI,XD,Q,228.90,228.90,218.00,219.55,219.00,224.85,160,7842,1742349.00,
530595,TELECANOR   ,XD,Q,7.00,7.00,7.00,7.00,7.00,7.36,2,1475,10325.00,
530601,JAGSON FIN. ,XT,Q,2.28,2.28,2.28,2.28,2.28,2.18,1,20,45.00,
530609,CARNATION IN,XD,Q,44.50,47.50,44.50,45.40,45.10,45.20,16,3445,157137.00,
530615,GARG FURNACE,XT,Q,10.46,10.47,10.46,10.47,10.47,9.98,3,500,5234.00,
530617,SAMPRE NUTRI,XD,Q,59.10,60.95,57.75,60.00,60.80,60.90,27,4864,285344.00,
530621,AKAR TOOLS L,XD,Q,45.75,47.00,45.75,46.90,46.90,46.85,6,2211,103593.00,
530627,VIPULORG    ,XD,Q,75.20,81.00,73.00,79.10,79.10,76.50,211,27055,2098291.00,
530643,ECORECO     ,XD,Q,43.00,43.00,39.15,39.15,39.15,42.00,7,111,4464.00,
530655,GOODLUCK    ,B ,Q,127.75,130.50,126.05,127.80,127.80,125.90,297,19932,2568019.00,
530663,GOYAL ASSO. ,XT,Q,1.64,1.64,1.64,1.64,1.64,1.57,6,1415,2320.00,
530665,ZENITH HEALT,XT,Q,0.79,0.79,0.77,0.79,0.79,0.77,12,17552,13536.00,
530689,LYKISLTD    ,XT,Q,52.50,55.00,52.50,54.00,54.00,54.80,43,6260,332147.00,
530695,PRIME PROP  ,XD,Q,21.05,21.05,19.00,20.05,19.00,19.00,2,2,40.00,
530697,NEELKANTH TE,XD,Q,15.00,15.00,15.00,15.00,15.00,15.00,1,200,3000.00,
530699,RAJRAYON    ,B ,Q,0.31,0.33,0.28,0.33,0.33,0.33,13,159638,47823.00,
530703,INFO-DRIVE S,XD,Q,0.28,0.28,0.24,0.27,0.27,0.26,13,59615,14436.00,
530709,GOWRA LEASNG,XT,Q,24.30,24.90,24.30,24.90,24.90,25.55,2,2,49.00,
530711,JAGAN LAMPS ,XT,Q,9.12,9.42,9.12,9.42,9.42,9.60,3,1200,11046.00,
530715,ALPS INDS.  ,B ,Q,6.00,6.38,5.95,6.01,6.01,6.09,83,25672,154901.00,
530721,ANGIND      ,B ,Q,15.00,15.05,13.85,14.45,14.65,14.80,88,26986,391484.00,
530733,NOVAPUBLIC  ,XT,Q,108.55,108.55,107.00,107.00,107.00,103.40,2,6,649.00,
530743,GEI IND SYS ,T ,Q,6.90,6.90,6.31,6.56,6.76,6.64,7,1026,6610.00,
530745,LNIND       ,XT,Q,3.93,3.93,3.83,3.91,3.93,3.87,18,3198,12520.00,
530759,STERL.TOOLS ,B ,Q,545.00,555.50,545.00,555.00,555.00,544.00,24,222,122972.00,
530773,IVRCL LTD   ,B ,Q,4.90,4.99,4.86,4.93,4.93,4.86,207,112719,554144.00,
530779,DYNAMIC PORT,XD,Q,7.73,7.80,7.73,7.80,7.80,8.13,7,2644,20483.00,
530789,CEEJAY FINAN,XD,Q,59.05,62.00,59.00,62.00,62.00,63.35,8,309,18355.00,
530801,DIAMONDINFO ,XT,Q,39.25,39.25,39.10,39.10,39.10,40.50,2,10,391.00,
530803,BHAGIL      ,B ,Q,235.00,246.30,235.00,241.15,241.15,246.40,218,5984,1446946.00,XD
530811,NETVISTA INF,T ,Q,6.52,6.52,5.99,6.43,6.52,6.21,37,28088,179108.00,
530813,KRBL LTD.   ,B ,Q,264.15,272.70,263.30,269.50,269.50,264.05,670,14532,3908963.00,
530821,SSPDL LTD   ,XD,Q,77.00,79.00,76.55,77.60,77.20,77.00,29,3264,253196.00,
530825,DAIKAFFIL CH,XD,Q,36.10,40.40,36.05,39.40,39.40,36.25,208,76111,2979596.00,
530829,CIL SECURITS,XD,Q,15.05,16.00,14.50,15.87,15.87,14.77,11,303,4400.00,
530843,CUPID LTD   ,XC,Q,269.90,283.35,269.90,283.35,283.35,269.90,188,8745,2460717.00,
530845,SUNSHIELD CH,XC,Q,412.80,422.95,400.50,408.10,408.10,399.10,110,3668,1503728.00,
530853,HIPOLIN LTD.,XD,Q,57.10,59.95,55.10,59.95,59.95,57.10,25,4003,238119.00,
530859,COSBOARD IND,XD,Q,31.70,31.70,29.85,29.85,29.85,31.40,31,14239,432046.00,
530863,FEINDIALTD  ,XT,Q,5.02,5.02,4.56,4.56,4.56,4.79,11,98433,488983.00,
530871,CHEMBOND CHM,XC,Q,430.00,445.00,425.15,432.10,432.10,425.00,43,2095,904181.00,
530881,CENTURY PORT,XT,Q,16.00,16.00,16.00,16.00,16.00,16.30,2,501,8016.00,
530883,SUPER CROP. ,XD,Q,70.00,70.00,67.15,69.85,69.95,68.35,51,16630,1157688.00,
530885,AURUM SOFT  ,XD,Q,0.63,0.63,0.63,0.63,0.63,0.63,4,3851,2426.00,
530889,ALKA INDIA  ,XT,Q,0.19,0.19,0.19,0.19,0.19,0.19,1,10000,1900.00,
530897,N.G.IND.LTD.,XD,Q,81.95,82.50,80.00,81.30,82.00,80.05,11,1085,88654.00,
530943,SRI ADHIKARI,B ,Q,267.75,269.95,258.50,262.80,266.40,261.30,357,18456,4873961.00,
530951,RAMINFO     ,XT,Q,23.15,23.15,23.15,23.15,23.15,22.05,5,85,1967.00,
530953,SUNIL AGRO F,XT,Q,65.45,72.00,65.45,69.95,69.95,68.85,7,254,16864.00,
530955,MINDVISCAP  ,XT,Q,3.48,3.48,3.48,3.48,3.48,3.48,1,1000,3480.00,
530959,DIANA TEA CO,XD,Q,16.80,17.00,16.15,16.40,16.40,16.95,184,30903,510555.00,
530961,VIKASECO    ,B ,Q,14.94,15.50,14.85,15.16,15.16,14.78,1619,888219,13527950.00,
530965,INDIAN OIL  ,A ,Q,550.00,581.00,550.00,575.00,575.00,545.20,10333,319793,181095935.00,
530967,KYRALANDS   ,XT,Q,0.42,0.44,0.42,0.44,0.44,0.44,24,95700,40225.00,
530973,ALFA ICA (I),XD,Q,26.30,26.30,26.30,26.30,26.30,25.05,6,1659,43631.00,
530977,KATWA UDYOG ,XD,Q,79.25,80.10,79.05,79.60,79.40,79.05,28,3351,266274.00,
530979,INDIA HOME  ,XD,Q,41.45,45.00,39.65,39.75,39.65,39.70,19,1342,54614.00,
530991,ROOPA INDUS ,XD,Q,7.74,8.54,7.74,8.54,8.54,8.14,6,1625,12992.00,
530997,UNIQUE ORGAN,XD,Q,14.50,16.70,14.50,16.00,16.00,16.80,6,1549,23274.00,
530999,BALAJI AMINE,B ,Q,296.00,296.00,289.55,292.50,292.50,290.10,107,2814,822603.00,
531015,VENMAX      ,XT,Q,2.52,2.52,2.44,2.44,2.44,2.48,3,2621,6560.00,
531027,LIBORD SEC  ,XD,Q,10.40,10.40,10.40,10.40,10.40,10.30,1,80,832.00,
531041,COMPETENT AU,XD,Q,155.00,155.00,154.00,154.50,154.50,154.95,8,420,64965.00,
531043,DHAN JEEVAN ,XT,Q,25.65,27.05,25.65,27.05,27.05,27.00,3,1500,39875.00,
531049,NEELKANTH RO,XD,Q,5.36,5.36,5.36,5.36,5.36,5.36,2,500,2680.00,
531067,CONTIL I LTD,XT,Q,7.45,7.50,7.05,7.05,7.05,7.15,7,560,4032.00,
531069,VIJAY SOLVEX,XT,Q,122.00,122.00,122.00,122.00,122.00,120.90,1,50,6100.00,
531080,SHRI KRISH  ,XD,Q,14.90,14.96,13.55,13.61,13.61,14.25,6,411,6140.00,
531082,ALANKIT     ,B ,Q,126.50,129.00,122.35,127.00,127.00,124.75,80,7563,946002.00,
531083,NIHAR INFO  ,XD,Q,16.00,16.00,15.90,15.90,15.90,16.00,3,2019,32104.00,
531091,UNITED CRED.,XD,Q,15.11,15.11,15.11,15.11,15.11,15.90,1,5,75.00,
531092,OM MET INFRA,B ,Q,48.50,48.75,47.40,48.60,48.75,47.70,60,5659,271934.00,
531102,SURANA CORPO,B ,Q,1.79,1.79,1.68,1.68,1.68,1.65,4,11290,19988.00,
531109,ISHAN DYES  ,XD,Q,59.00,59.00,57.95,58.95,58.90,59.00,37,75499,4452891.00,
531115,SYNERGY     ,XD,Q,0.54,0.54,0.54,0.54,0.54,0.52,1,100,54.00,
531120,PATEL ENGG. ,B ,Q,46.15,47.90,45.80,46.80,46.80,46.00,549,64677,3039037.00,
531127,ANARINDUS   ,XD,Q,77.70,79.55,74.00,78.00,78.00,80.35,40,6945,543417.00,
531129,INANI MARBLE,XD,Q,172.10,177.00,172.00,177.00,177.00,175.00,3,301,51787.00,
531146,MEDICAMEN BI,XD,Q,127.05,127.05,126.40,127.05,127.05,105.90,65,43159,5480636.00,
531147,ALICON      ,B ,Q,300.00,309.00,300.00,305.00,309.00,295.10,37,968,293419.00,
531153,DILIGENT    ,XD,Q,16.30,16.60,16.25,16.60,16.60,16.30,7,8486,139938.00,
531160,SAUMYACAP   ,XD,Q,0.77,0.77,0.77,0.77,0.77,0.81,4,2500,1925.00,
531161,ABM KNOWLEDG,XC,Q,105.85,109.00,101.00,106.85,106.00,102.00,81,11192,1181769.00,
531162,EMAMI LTD.  ,A ,Q,1165.00,1170.00,1139.00,1144.70,1140.00,1159.10,981,4279,4932422.00,
531169,SKP SECURE. ,XD,Q,25.40,25.40,25.40,25.40,25.40,26.65,1,5,127.00,
531172,PRANAV.SPIN ,XD,Q,31.20,34.40,30.15,32.00,32.00,31.35,30,2383,74133.00,
531173,SYSCHEM (I) ,XC,Q,7.40,8.31,7.07,7.34,7.34,6.99,47,13146,100913.00,
531175,BLS INFOTE  ,T ,Q,0.36,0.36,0.36,0.36,0.36,0.35,16,52589,18932.00,
531178,HEMANG      ,XD,Q,9.50,9.50,9.50,9.50,9.50,9.06,2,1200,11400.00,
531179,ARMAN FIN   ,B ,Q,264.00,275.00,259.60,270.35,270.35,259.25,293,15424,4154774.00,
531190,TAVERNIER   ,XD,Q,11.00,11.00,11.00,11.00,11.00,11.00,1,2000,22000.00,
531191,FILTRON ENG.,XT,Q,7.45,7.45,7.45,7.45,7.45,7.16,1,1,7.00,
531196,GAGAN POLYCO,XD,Q,2.95,3.00,2.95,3.00,3.00,3.05,4,113,337.00,
531198,DHANADACOL  ,XT,Q,6.17,6.17,5.90,5.90,5.90,5.88,11,2450,15025.00,
531199,GLANCE FIN. ,XD,Q,47.65,47.65,47.65,47.65,47.65,45.40,1,10,476.00,
531201,SHILCHAR TEC,XD,Q,267.00,282.00,267.00,279.00,279.00,272.90,7,109,29961.00,
531209,NUCLE.SOFT E,B ,Q,193.65,196.95,193.50,194.30,193.50,193.85,161,3467,678004.00,
531210,COLINZ LABOR,XT,Q,9.51,9.51,9.50,9.50,9.50,9.98,2,499,4741.00,
531213,MANAP FIN   ,A ,Q,86.50,87.65,85.15,86.25,86.25,85.65,4342,722304,62314342.00,
531215,RTS POWER CO,XD,Q,33.00,33.00,30.70,30.75,30.75,31.00,14,2889,95038.00,
531216,COMFORT INTE,XD,Q,0.90,0.90,0.80,0.85,0.85,0.86,5,3331,2706.00,
531223,ANJANI SYNT.,XD,Q,22.00,23.55,21.65,22.50,22.50,23.75,13,828,18524.00,
531225,FRONTIER    ,XT,Q,0.67,0.67,0.67,0.67,0.67,0.64,1,24,16.00,
531233,RASI ELECTRO,XD,Q,8.10,8.20,7.71,7.84,7.90,8.15,59,53345,420759.00,
531236,MEWAR POLYTX,XT,Q,60.00,64.00,60.00,61.00,61.00,61.50,6,255,16117.00,
531241,LINC PEN &PL,B ,Q,262.00,268.00,261.15,263.95,266.70,261.50,12,216,57004.00,
531253,INDIA GELAT.,XD,Q,68.20,69.85,67.20,67.35,67.35,69.30,27,7577,520936.00,
531266,VST TILLERS ,B ,Q,1864.65,1866.00,1820.00,1828.20,1838.00,1842.95,111,535,981110.00,
531270,DAZZEL CONFI,XD,Q,0.21,0.21,0.21,0.21,0.21,0.21,1,1000,210.00,
531273,RADHE DEVLOP,XD,Q,19.55,20.50,19.55,19.80,19.65,19.50,25,1457,29219.00,
531278,ELIXIR      ,XD,Q,37.10,39.95,37.10,39.55,38.05,36.15,21,1027,39808.00,
531289,NATFIT      ,XD,Q,135.00,135.00,130.00,132.45,133.00,128.25,7,150,19698.00,
531297,ARTEFACT PR ,XD,Q,24.80,24.80,24.60,24.60,24.60,23.95,2,200,4940.00,
531300,AMIT INTNL. ,XT,Q,3.35,3.40,3.35,3.40,3.40,3.40,3,2200,7380.00,
531301,HIGH STREET ,XD,Q,23.75,23.75,23.75,23.75,23.75,22.65,2,25,593.00,
531306,DHP INDIA LT,XD,Q,129.80,129.80,122.50,125.25,123.30,128.05,40,2655,332832.00,
531307,SRK INDUS   ,XC,Q,10.33,10.33,10.33,10.33,10.33,10.54,1,51,526.00,
531310,AVAILABLE FI,XD,Q,4.51,4.51,4.51,4.51,4.51,4.30,2,5300,23903.00,
531324,ROSELABS FIN,XD,Q,37.10,40.80,37.10,40.80,40.80,39.00,5,1651,65455.00,
531327,CHARMS INDUS,XD,Q,2.98,2.98,2.98,2.98,2.98,2.97,25,15000,44700.00,
531328,IDEAL OPTICS,T ,Q,33.15,33.15,33.15,33.15,33.15,33.15,23,337,11171.00,
531335,ZYDUS WELL  ,B ,Q,800.00,810.00,800.00,805.60,803.10,801.80,108,774,624551.00,
531337,IRISMEDIA   ,XT,Q,13.98,14.00,13.72,13.99,13.99,14.00,24,153800,2151003.00,
531344,CONTAIN.CORP,A ,Q,1440.00,1454.85,1413.80,1447.40,1435.55,1434.80,2515,18291,26281820.00,
531346,EASTERN TRED,XD,Q,180.40,180.40,173.10,179.45,177.25,170.25,58,3310,587834.00,
531349,PANACEA BIOT,B ,Q,134.50,135.25,132.70,133.70,133.70,131.85,139,2241,300244.00,
531352,PEETI SECURT,XT,Q,5.50,5.50,5.50,5.50,5.50,5.78,6,700,3850.00,
531358,CHOICE INT. ,XD,Q,58.70,58.75,54.10,54.35,55.35,53.60,37,6482,359749.00,
531359,SHRIRAM ASSE,XT,Q,44.55,44.55,44.55,44.55,44.55,42.50,1,500,22275.00,
531363,KARUR KCP PK,XT,Q,65.30,69.45,64.65,69.45,69.45,68.00,7,986,65242.00,
531367,DOLLEX IND. ,XT,Q,4.00,4.06,3.90,4.06,4.06,4.05,15,8894,35947.00,
531370,SPARC SYSTEM,XT,Q,3.33,3.33,3.33,3.33,3.33,3.50,1,100,333.00,
531373,BYKE HOSP   ,B ,Q,164.55,164.75,163.10,163.80,163.10,163.70,630,38707,6345384.00,
531380,CENTENIAL SU,XT,Q,59.00,61.90,59.00,61.90,61.90,59.65,6,505,29809.00,
531381,ARIHANT FOUN,B ,Q,39.00,39.00,39.00,39.00,39.00,36.50,1,20,780.00,
531390,UPSURGE INV.,XD,Q,26.50,27.50,26.50,27.50,27.50,26.00,2,510,13525.00,
531396,WOMEN NETWOR,XD,Q,2.11,2.11,2.11,2.11,2.11,2.02,1,50,105.00,
531398,SOURCENTRL  ,XD,Q,38.10,38.10,38.10,38.10,38.10,38.10,3,630,24003.00,
531400,ALMONDZ GLO ,B ,Q,12.26,12.26,11.25,11.63,11.63,11.28,4,478,5595.00,
531404,ZICOM ELECTR,B ,Q,43.85,46.50,43.85,44.60,44.60,42.70,435,34426,1554197.00,
531410,GUJ.FOILS   ,XD,Q,29.00,29.50,28.65,28.85,28.85,28.60,10,1890,55054.00,
531411,TUNI TEXTILE,XD,Q,0.49,0.49,0.49,0.49,0.49,0.49,4,15050,7374.00,
531417,MEGA CORPN. ,XD,Q,0.36,0.36,0.36,0.36,0.36,0.35,10,12202,4392.00,
531420,BMB MUSIC   ,Z ,Q,1.48,1.48,1.48,1.48,1.48,1.41,1,1,1.00,
531426,TAMIL.NEWSPR,B ,Q,289.00,299.00,289.00,295.30,295.30,287.55,1680,76918,22682718.00,
531429,ADVENT COMP.,XD,Q,3.16,3.16,3.10,3.10,3.10,3.01,3,515,1596.00,
531431,SHAKTI PUMPS,B ,Q,138.00,138.45,135.45,136.85,135.45,137.50,58,2349,322117.00,
531433,SUNGOLD CAP.,XT,Q,1.15,1.15,1.15,1.15,1.15,1.17,1,100,115.00,
531436,SAFFRON IND ,XT,Q,5.67,5.67,5.67,5.67,5.67,5.65,2,575,3260.00,
531439,GOLDSTONE EN,B ,Q,9.99,10.03,9.78,10.03,10.03,9.56,66,132303,1326495.00,
531447,ROCKONENT   ,XD,Q,4.35,4.35,4.35,4.35,4.35,4.36,7,35,152.00,
531448,SAFAL SECURI,XD,Q,2.10,2.25,2.10,2.25,2.25,2.15,91,52880,111588.00,
531453,MOHIT INDUS.,B ,Q,42.60,43.75,41.55,42.15,42.15,41.15,321,64862,2769367.00,
531454,POLYLINK POL,XD,Q,10.31,11.00,10.31,10.67,11.00,10.64,6,2900,30451.00,
531456,MINAXI TEXT.,XD,Q,1.80,1.80,1.75,1.75,1.75,1.72,3,5300,9525.00,
531467,ARNAVCORP   ,XD,Q,2.32,2.37,2.28,2.34,2.34,2.28,251,575230,1338613.00,
531471,DUKE OFFSHOR,XD,Q,50.55,52.70,50.55,51.75,52.00,50.75,37,5649,292194.00,
531486,FILMCITY MED,XD,Q,0.96,0.96,0.95,0.95,0.95,0.96,6,5400,5180.00,
531489,CG-VAK SOFTW,XD,Q,31.55,33.00,31.55,33.00,33.00,32.25,9,774,24902.00,
531494,NAVKAR BUILD,XD,Q,21.00,21.00,20.90,20.90,20.90,21.90,18,3601,75531.00,
531495,BLUECOAST   ,T ,Q,138.25,150.00,138.25,150.00,150.00,145.00,5,414,57247.00,
531497,MADHUCON PRJ,B ,Q,48.00,48.45,47.25,47.45,47.45,47.00,120,9126,435656.00,
531499,SYBLY INDS. ,XD,Q,10.24,10.29,10.05,10.16,10.18,10.14,224,200500,2042647.00,
531500,RAJESH EXPO.,A ,Q,434.50,434.50,425.00,426.40,426.40,432.25,2753,69017,29653214.00,
531502,ESAAR (I)LTD,XD,Q,1.17,1.17,1.17,1.17,1.17,1.17,3,3860,4516.00,
531503,MARIS SPIN. ,XT,Q,30.60,30.60,30.60,30.60,30.60,29.45,6,1250,38250.00,
531508,EVEREADY (I),B ,Q,248.35,256.70,240.00,243.05,243.05,245.40,3610,1906941,459039884.00,
531515,MAHAN IND.  ,XD,Q,0.59,0.59,0.59,0.59,0.59,0.60,4,12000,7080.00,
531518,VIKAS GRAN  ,XD,Q,6.20,6.30,5.73,5.76,5.76,6.00,9,7242,45330.00,
531519,ANKUSH FINST,XD,Q,18.60,18.60,18.40,18.40,18.40,18.60,82,13897,257108.00,
531522,RASOYA PROTE,B ,Q,0.19,0.20,0.19,0.19,0.19,0.19,32,500237,97635.00,
531524,I.C.S.A. IND,B ,Q,2.85,2.94,2.80,2.83,2.83,2.79,22,5293,15039.00,
531531,HATSUN AGRO ,B ,Q,311.00,324.75,305.20,323.40,323.40,315.85,68,1982,635310.00,
531540,MARUTI INFRA,XD,Q,18.25,20.00,18.25,18.75,18.75,19.25,27,3755,73097.00,
531541,AVONLIFE    ,XC,Q,8.41,8.65,8.41,8.55,8.46,8.46,27,20351,173673.00,
531547,TIRUPATI IND,XD,Q,22.45,22.45,22.45,22.45,22.45,22.05,3,175,3928.00,
531548,SOMANY CRAM ,B ,Q,594.30,604.70,591.00,592.90,595.50,594.30,130,1638,976925.00,
531552,RAGHUNATH TO,XT,Q,4.80,4.80,4.57,4.80,4.80,4.80,11,2706,12937.00,
531556,CORAL (I)FIN,B ,Q,70.00,72.95,70.00,72.45,72.80,69.40,8,500,36138.00,
531565,INDOPACIFIC ,XD,Q,0.91,0.91,0.91,0.91,0.91,0.90,2,1500,1365.00,
531569,SANJIVANI PA,XD,Q,21.00,22.45,21.00,21.80,22.10,21.70,91,23657,515032.00,
531574,VAS INFRA   ,XD,Q,14.00,14.90,14.00,14.15,14.15,15.35,22,827,11908.00,
531583,RAP MEDIA   ,XT,Q,7.56,7.56,7.56,7.56,7.56,7.28,3,975,7371.00,
531590,BILPOWER LTD,B ,Q,1.29,1.29,1.17,1.18,1.18,1.23,10,9261,10902.00,
531591,BAMPSL SECUR,XD,Q,0.30,0.30,0.30,0.30,0.30,0.30,1,135000,40500.00,
531595,CGCL        ,B ,Q,175.00,175.50,171.20,172.20,172.20,172.15,57,578,100509.00,
531598,NIMBUS FOOD ,XD,Q,0.95,1.00,0.95,0.95,0.95,1.05,6,1600,1535.00,
531599,FDC LIMITED ,B ,Q,186.25,188.25,184.20,186.25,187.05,183.35,168,5378,998027.00,
531609,KG PETROCHEM,XT,Q,83.50,83.50,83.50,83.50,83.50,83.50,1,50,4175.00,
531611,AADHAARVEN  ,XD,Q,0.12,0.12,0.12,0.12,0.12,0.12,52,1093845,131261.00,
531612,KGN IND LTD ,XD,Q,1.42,1.46,1.42,1.46,1.46,1.44,8,11614,16914.00,
531613,GIVO LTD.   ,XT,Q,2.80,2.80,2.80,2.80,2.80,2.94,3,1251,3502.00,
531616,STARCOM     ,XT,Q,280.00,280.00,279.95,279.95,279.95,268.35,3,68,19036.00,
531621,CENTERAC    ,XT,Q,1.55,1.55,1.55,1.55,1.55,1.50,1,1000,1550.00,
531624,COUNTRY COND,B ,Q,4.00,4.10,3.81,4.03,4.09,4.09,23,13300,53298.00,
531626,OROSMITHS   ,XD,Q,35.00,35.00,35.00,35.00,35.00,35.30,1,1,35.00,
531633,LINCOLN PHAR,B ,Q,191.00,210.00,190.55,208.60,208.60,189.25,6267,383010,77878047.00,
531638,SURAJ LTD   ,XD,Q,44.10,47.00,44.10,47.00,47.00,46.35,7,627,28955.00,
531642,MARICOLTD   ,A ,Q,295.00,299.75,290.50,295.20,295.20,294.90,1651,63139,18703568.00,
531648,MAHAVIRIND  ,XD,Q,3.74,4.00,3.74,3.88,3.86,4.10,18,9100,35116.00,
531650,VAX HSG.FIN.,XT,Q,7.85,7.85,7.15,7.85,7.85,7.50,14,700,5320.00,
531661,HITTCO TOOLS,XD,Q,3.61,3.99,3.61,3.99,3.99,3.80,6,600,2356.00,
531663,YUVRAAJHPL  ,XD,Q,0.79,0.82,0.79,0.82,0.82,0.79,7,8710,6939.00,
531668,VISION CORPO,XT,Q,7.15,7.15,7.15,7.15,7.15,7.29,1,1,7.00,
531671,BISIL PLAST ,B ,Q,0.44,0.44,0.42,0.42,0.42,0.44,14,19200,8249.00,
531673,ANKA INDIA  ,XD,Q,12.52,12.52,12.52,12.52,12.52,12.52,1,50,626.00,
531675,TRICOM INDIA,T ,Q,1.68,1.68,1.59,1.59,1.59,1.60,8,2786,4654.00,
531680,MAYUR LEATHR,XT,Q,22.00,22.15,22.00,22.15,22.15,22.80,4,635,14005.00,
531686,ADVIK LABORS,XT,Q,5.10,5.20,5.00,5.04,5.00,5.19,8,5846,29796.00,
531687,KARUTURI GLO,B ,Q,1.54,1.55,1.50,1.52,1.52,1.51,533,1088813,1649734.00,
531688,PRITHVI SOF ,XT,Q,24.70,27.00,24.70,27.00,27.00,26.00,2,130,3441.00,
531692,KHYATI MULTI,XT,Q,0.87,0.87,0.86,0.86,0.86,0.87,7,4302,3716.00,
531694,RAINBOW FOUN,XD,Q,18.00,18.00,18.00,18.00,18.00,18.65,2,2,36.00,
531695,JAGPRO      ,XD,Q,0.19,0.19,0.19,0.19,0.19,0.19,2,36842,6999.00,
531699,SUPER DOMEST,XD,Q,5.00,5.00,4.62,4.99,4.99,4.99,30,19203,93779.00,
531703,TRIBHUVAN HS,XD,Q,0.35,0.35,0.35,0.35,0.35,0.36,2,40000,14000.00,
531712,TRILOGIC    ,XD,Q,7.90,9.29,7.90,8.71,8.80,7.82,193,102971,908147.00,
531717,VIDHI DYESTU,B ,Q,55.00,56.60,54.75,55.15,55.00,55.20,348,33593,1863687.00,
531719,BHAGIRA.CHEM,XD,Q,113.00,115.00,112.00,112.10,112.10,115.75,14,950,106994.00,
531723,STAMPEDE CAP,B ,Q,41.80,43.95,40.60,40.80,40.80,40.80,175,697508,29546580.00,
531726,PANCHSHEEL O,XD,Q,83.90,83.90,76.00,81.70,82.00,78.50,51,2799,223579.00,
531727,MENON PISTON,XT,Q,166.95,166.95,160.00,160.20,160.00,162.55,43,4601,742210.00,
531731,AARYAGLOBL  ,XT,Q,1.34,1.34,1.23,1.23,1.23,1.29,24,39890,50100.00,
531737,GREENCREST  ,XT,Q,62.70,63.00,62.70,62.90,63.00,63.00,33,57000,3581700.00,
531738,SILICON VAL.,B ,Q,0.29,0.29,0.29,0.29,0.29,0.28,2,1001,290.00,
531739,GENNEX LAB  ,XD,Q,6.90,7.10,6.77,6.84,6.84,6.94,230,456547,3175771.00,
531744,GINI SILK MI,XD,Q,310.00,325.00,293.15,311.85,325.00,306.10,18,616,189252.00,
531746,PRAJAY ENGS.,B ,Q,7.75,8.25,7.71,7.92,8.00,7.60,90,29253,234217.00,
531752,SUN TECHNO  ,XD,Q,0.20,0.20,0.20,0.20,0.20,0.21,7,49490,9898.00,
531758,G.K.CONSULT.,XD,Q,7.24,7.24,7.24,7.24,7.24,7.62,2,350,2534.00,
531761,AMULYA LEAS.,XD,Q,210.10,221.00,210.10,219.10,219.10,208.65,429,38099,8286505.00,
531768,POLY MEDICUR,B ,Q,400.00,409.50,391.20,408.90,409.00,399.40,31,806,321324.00,
531769,PFL INFOTECH,XD,Q,25.85,25.85,23.05,23.95,23.70,23.95,57,9572,233344.00,
531795,ATUL AUTO   ,B ,Q,425.90,432.50,423.95,425.05,425.05,422.35,354,5481,2337708.00,
531802,PRERNA INFR ,XD,Q,27.00,27.00,25.00,26.35,26.75,26.40,21,15214,394275.00,
531814,TIRUPATI SAR,XD,Q,21.95,22.00,20.50,21.20,20.85,21.45,175,54437,1158041.00,
531816,PANORAM UNI ,B ,Q,10.25,10.80,10.25,10.39,10.39,10.25,84,16033,165903.00,
531821,MUNOTH FIN. ,XD,Q,10.92,10.92,10.92,10.92,10.92,11.45,1,2,21.00,
531822,RODIUM      ,XD,Q,158.00,165.00,155.15,160.50,160.50,151.80,35,4406,701717.00,
531830,TODAYS      ,B ,Q,2.81,2.81,2.81,2.81,2.81,2.95,5,650,1826.00,
531832,NAGAR.AGRITE,XT,Q,4.21,4.21,4.21,4.21,4.21,4.43,1,200,842.00,
531842,LAHOTI OVER.,XD,Q,10.24,10.29,9.80,10.14,9.89,9.74,36,4125,41458.00,
531845,ZENITH BIRLA,T ,Q,0.67,0.67,0.67,0.67,0.67,0.70,5,733,491.00,
531855,PRABHAV IND ,XD,Q,1.24,1.24,1.24,1.24,1.24,1.26,2,297,368.00,
531859,ORIENTAL VEN,XD,Q,927.00,928.00,925.00,926.80,927.25,925.90,214,8038,7450937.00,
531861,JOINDRE CAPI,XD,Q,14.70,14.70,14.20,14.59,14.30,14.35,22,20625,300693.00,
531862,BHARATAGRI  ,XD,Q,82.00,82.00,78.00,78.00,78.00,77.70,5,201,15689.00,
531863,SIGRUN HOLD ,XT,Q,0.19,0.19,0.19,0.19,0.19,0.19,3,900,171.00,
531867,UNITECH INTE,XD,Q,5.59,5.59,5.21,5.22,5.21,5.31,25,8890,46835.00,
531869,SACHETA MET.,XD,Q,39.00,40.05,37.40,37.70,37.70,39.70,118,22275,848365.00,
531879,PIONEER DIS.,B ,Q,144.00,148.40,142.00,142.80,142.00,141.40,101,3961,572360.00,
531881,GMETCOAL    ,XD,Q,23.00,23.25,23.00,23.25,23.25,23.95,3,28,645.00,
531882,KWALITYLTD  ,B ,Q,107.80,109.40,107.00,107.95,107.95,107.50,1093,96109,10401119.00,
531888,REXNORD ELE.,XD,Q,35.50,36.40,35.50,36.10,36.10,36.45,27,6338,229306.00,
531893,SAWACA BUSI ,XD,Q,4.05,4.31,4.05,4.25,4.25,4.13,27,5415,22903.00,
531900,CCL INTER   ,XC,Q,45.10,45.90,44.20,45.90,45.90,45.10,9,273,12118.00,
531904,GLOBUS CORP ,T ,Q,0.25,0.25,0.25,0.25,0.25,0.26,2,6000,1500.00,
531909,SWAGRUHA    ,XT,Q,4.15,4.15,4.15,4.15,4.15,4.00,4,3518,14599.00,
531917,TWINSTAR SOF,XT,Q,1.42,1.42,1.42,1.42,1.42,1.36,2,400,568.00,
531921,AGAR IND COR,B ,Q,134.90,137.95,134.00,136.70,136.70,132.55,162,15744,2136982.00,
531923,DHAMPURE SGR,XD,Q,19.50,21.60,19.50,19.70,19.60,19.75,7,1007,19798.00,
531925,SHANTANU SHE,XT,Q,269.00,269.00,267.90,268.15,268.15,269.00,60,62091,16652031.00,
531928,GOLDEN CARPE,XT,Q,4.98,4.98,4.98,4.98,4.98,4.98,2,3,14.00,
531934,SUPREME TEX ,T ,Q,6.39,6.39,6.39,6.39,6.39,6.72,25,39376,251612.00,
531945,SUNITEE CHEM,XD,Q,0.19,0.19,0.19,0.19,0.19,0.19,1,10000,1900.00,
531950,VERTEX SEC. ,XD,Q,5.21,5.34,5.11,5.21,5.15,5.34,71,61606,325013.00,
531952,RIBA TEXTILS,XD,Q,37.55,37.55,31.15,33.15,33.15,34.00,23,12869,432884.00,
531977,CHARTERLOGIS,XC,Q,23.85,23.85,22.25,23.15,23.15,23.00,471,266853,6095948.00,
531978,AMBIKA COTTO,B ,Q,837.00,838.00,830.55,836.65,832.00,832.75,68,352,293637.00,
531979,HIND ALUMIN ,XD,Q,84.60,84.60,82.00,83.70,83.10,84.30,11,902,75608.00,
531982,SPECTR FOOD ,XT,Q,44.55,49.15,44.55,44.75,44.55,46.85,13,4155,185565.00,
531996,ODYSSEY CORP,XD,Q,2.08,2.08,1.90,2.06,2.08,1.90,43,24340,50000.00,
532001,INDUCTO STL.,XD,Q,25.90,25.90,25.90,25.90,25.90,25.65,1,200,5180.00,
532015,GRAVITY (I) ,XD,Q,2.83,2.84,2.83,2.84,2.84,2.97,2,600,1703.00,
532022,FILAT FASH  ,XD,Q,6.49,6.49,5.75,5.91,6.00,6.21,13,17548,103874.00,
532025,SOWBH MEDIA ,XD,Q,7.55,7.55,6.91,6.91,6.91,7.27,6252,16010,117675.00,
532033,JAIN STUDIOS,T ,Q,7.35,7.35,7.00,7.00,7.00,7.00,2,101,742.00,
532034,SAFALHBS    ,XT,Q,7.58,7.58,7.58,7.58,7.58,7.58,1,900,6822.00,
532035,UNISTAR MULT,XT,Q,2.50,2.55,2.45,2.50,2.50,2.45,7,7195,17987.00,
532039,ZENOTECH    ,XT,Q,40.40,44.00,40.35,42.35,42.95,42.45,13,1600,65690.00,
532042,FRONTL CORP ,XT,Q,26.00,26.00,26.00,26.00,26.00,26.00,1,10,260.00,
532051,SWELECT     ,B ,Q,386.05,396.00,386.05,394.90,394.05,391.10,51,926,365020.00,
532053,WALLFORT FIN,XD,Q,65.00,65.00,65.00,65.00,65.00,64.50,1,10,650.00,
532054,KDDL LTD    ,B ,Q,262.95,263.50,260.00,260.40,260.00,261.80,90,2893,754798.00,
532067,KILPEST (I) ,XD,Q,11.00,11.00,11.00,11.00,11.00,10.81,2,500,5500.00,
532070,SUPERB PAPER,XD,Q,58.60,69.45,58.50,69.45,69.45,57.90,72,14817,892213.00,
532081,KSERASERA   ,B ,Q,0.19,0.19,0.18,0.19,0.19,0.19,140,3377222,615346.00,
532083,SHRI KALYAN ,XT,Q,3.14,3.14,3.14,3.14,3.14,3.08,1,1,3.00,
532090,VANDANA     ,Z ,Q,0.35,0.35,0.34,0.34,0.34,0.35,6,10550,3592.00,
532092,SAGARPROD   ,XT,Q,6.55,6.55,6.55,6.55,6.55,6.55,1,250,1637.00,
532097,MUKAND ENGG.,B ,Q,33.00,33.00,32.60,32.60,32.60,32.45,5,493,16111.00,
532106,REI AGRO LTD,B ,Q,0.53,0.54,0.52,0.54,0.54,0.52,54,301972,162333.00,
532121,DENA BANK   ,A ,Q,38.00,38.20,37.75,38.10,38.10,37.40,494,87654,3331061.00,
532123,BSE  INFRA  ,B ,Q,3.23,3.30,3.18,3.26,3.28,3.28,12,7400,23858.00,
532124,RELIAB VEN  ,XD,Q,12.50,12.56,12.50,12.56,12.56,11.97,14,36300,455245.00,
532127,MOBILE TELE ,XD,Q,2.80,2.88,2.50,2.61,2.61,2.80,112,235566,615267.00,
532129,HEXAWARE TEC,A ,Q,220.70,221.85,219.30,220.80,219.60,219.55,1116,229098,50577078.00,
532133,IFGL REFRACT,B ,Q,134.85,142.00,134.85,139.40,139.20,135.80,401,22569,3170132.00,
532134,BANKBARODA  ,A ,Q,157.90,159.60,156.30,157.50,157.50,155.50,5355,720895,113944196.00,
532140,MOHITE      ,XD,Q,30.40,30.40,30.00,30.00,30.00,30.40,2,200,6040.00,
532141,ANDHRA CEMEN,B ,Q,8.07,8.43,7.90,8.20,8.20,8.02,531,137176,1121831.00,
532144,WELCORP     ,A ,Q,81.55,84.30,81.55,83.05,83.05,81.80,500,52764,4389141.00,
532145,H.S.(I) LTD.,XD,Q,5.42,5.42,5.42,5.42,5.42,5.70,2,121,655.00,
532149,BNK OF INDIA,A ,Q,111.30,112.70,110.70,111.35,111.35,110.40,3120,534107,59762846.00,
532150,INDRAPRAST  ,B ,Q,55.00,55.55,54.60,55.25,55.35,54.55,206,19639,1081413.00,
532155,GAIL (I) LTD,A ,Q,373.90,384.00,373.90,382.55,382.70,373.70,2132,76441,29065971.00,
532156,VAIBHAVGBL  ,B ,Q,310.05,314.75,310.00,313.75,314.75,313.85,42,253,79286.00,
532162,JK PAPER    ,B ,Q,56.05,56.90,55.30,55.70,55.70,54.65,1002,146654,8198640.00,
532163,SAREGAMA (I),B ,Q,260.20,264.00,253.95,254.95,257.00,260.85,132,2271,589840.00,
532172,SPHEREGSL   ,B ,Q,66.50,68.70,61.80,63.80,64.95,67.75,135,21793,1398325.00,
532173,CYBERTECH   ,B ,Q,60.00,62.00,58.60,60.60,61.50,59.00,323,22597,1365461.00,
532174,ICICI BANK  ,A ,Q,243.25,248.80,243.25,246.10,246.10,240.65,10648,3781990,931455595.00,
532175,CYIENT      ,A ,Q,521.50,522.00,515.90,520.70,522.00,521.25,402,4204,2186881.00,
532178,ENGINRS.(I) ,A ,Q,218.55,224.00,218.55,221.05,221.05,217.40,916,48177,10649270.00,
532179,CORPN.BANK  ,A ,Q,41.30,42.15,41.05,41.40,41.40,40.85,468,64761,2694637.00,
532180,DHANALAK.BNK,B ,Q,23.45,23.75,23.05,23.25,23.15,23.30,413,72189,1688498.00,
532181,GUJ.MINERAL ,A ,Q,85.65,87.30,85.05,86.00,85.50,84.90,943,87561,7553463.00,
532183,GAYATRI SUGR,XD,Q,6.40,6.40,6.40,6.40,6.40,6.40,7,5731,36678.00,
532187,INDUSIND BNK,A ,Q,1180.00,1189.00,1175.15,1185.55,1185.55,1167.70,1003,18716,22142513.00,
532189,INDIA TOURIS,XC,Q,213.30,218.80,213.30,215.05,215.05,213.85,130,4382,943762.00,
532191,STATE BNK TR,B ,Q,512.50,524.50,512.50,516.15,516.15,512.25,1314,17928,9284355.00,
532200,STATE BNK MY,B ,Q,632.40,644.40,617.05,626.00,626.00,626.30,1423,19716,12450391.00,
532209,J & K BANK  ,A ,Q,67.50,68.40,67.05,67.60,67.60,67.10,766,111713,7578632.00,
532210,CITY UNION  ,A ,Q,125.95,125.95,123.70,124.65,124.90,124.05,79,6115,762013.00,
532212,ARCHIES LTD ,B ,Q,23.05,23.45,22.95,23.05,22.95,23.15,24,2936,67810.00,
532215,AXIS BANK   ,A ,Q,550.90,567.75,550.90,565.45,565.45,545.70,17268,572023,321406482.00,
532216,HB STOCKHOL.,B ,Q,11.95,11.95,11.95,11.95,11.95,11.71,2,2100,25095.00,
532218,SOUTH IND.BK,A ,Q,21.40,21.65,21.35,21.50,21.50,21.25,940,347677,7478187.00,
532219,ENERGY DEV. ,B ,Q,118.70,122.00,118.70,119.35,119.35,117.65,1155,162411,19537701.00,
532221,SONATA SOFT.,B ,Q,155.40,155.60,151.30,154.55,154.55,151.40,396,19631,3024830.00,
532230,BENGAL TEA &,XD,Q,48.70,50.30,48.70,49.65,49.65,48.50,5,2625,129911.00,
532234,NAT.ALUM    ,A ,Q,48.80,50.10,48.15,49.15,49.15,48.80,1917,243601,12023734.00,
532240,INDIA NIPPON,B ,Q,405.00,408.60,396.05,396.35,396.35,400.00,22,1449,580849.00,
532254,POLARIS     ,A ,Q,188.00,194.50,188.00,191.40,191.40,188.30,212,10883,2075940.00,
532256,NALWA SONS  ,B ,Q,775.00,780.00,752.00,758.05,752.00,749.65,22,123,94405.00,
532259,APAR INDUS. ,B ,Q,594.75,602.60,565.35,570.15,570.15,590.35,1111,19001,11142847.00,
532262,TCI INDUS.  ,XC,Q,1365.00,1365.00,1301.00,1301.00,1301.00,1301.00,5,8,10855.00,
532268,ACCELYA     ,B ,Q,1241.85,1254.00,1230.00,1244.00,1244.00,1220.25,183,996,1236170.00,
532271,CYBERMATE   ,XD,Q,0.71,0.75,0.71,0.73,0.73,0.78,15,14787,10659.00,
532275,LANDMARC LEI,XD,Q,0.51,0.60,0.45,0.49,0.49,0.53,14,18100,8916.00,
532276,SYNDICATE BN,A ,Q,74.65,75.45,74.35,75.05,75.05,74.10,1329,457291,34261092.00,
532281,HCL TECHNO  ,A ,Q,825.85,831.20,816.10,821.55,821.55,823.65,2392,53202,43868435.00,
532282,CASTEXTECH  ,B ,Q,11.20,11.98,10.91,11.98,11.98,11.41,5066,7457339,86849861.00,
532284,TCFC FINANCE,XD,Q,31.35,33.35,31.30,32.40,32.65,33.25,20,3220,105140.00,
532285,GEOJIT BNP  ,B ,Q,42.40,43.60,42.00,42.40,42.55,42.55,318,40382,1722847.00,
532286,JINDAL STE  ,A ,Q,82.90,83.75,82.05,82.70,82.70,81.65,6025,1937533,160560327.00,
532287,ENTEGRA LTD ,T ,Q,2.53,2.53,2.29,2.53,2.53,2.41,7,2917,7013.00,
532290,BLB LTD.    ,B ,Q,4.65,4.98,4.65,4.98,4.98,4.89,3,204,948.00,
532296,GLENMARK PHA,A ,Q,829.95,849.00,828.30,842.85,842.85,823.50,1168,24975,20945279.00,
532300,WOCKHARDT   ,A ,Q,1015.05,1025.50,1001.50,1015.60,1015.60,1010.65,5509,140199,142533506.00,
532301,TATA COFFEE ,B ,Q,112.40,115.90,112.10,115.30,115.30,112.10,1419,130531,14951820.00,
532305,IND-SWIFT LA,B ,Q,38.45,39.35,37.70,37.95,37.70,38.20,264,58656,2252622.00,
532307,MELSTAR INFO,T ,Q,6.30,6.30,6.30,6.30,6.30,6.48,2,2,12.00,
532309,AIL         ,B ,Q,614.30,615.05,570.00,604.95,607.80,610.45,233,2428,1457560.00,
532310,SHREE RAMA  ,B ,Q,8.85,8.88,8.50,8.88,8.88,8.46,65,687560,5880562.00,
532312,GEOMETRIC L ,B ,Q,243.25,243.25,239.05,239.95,239.95,241.50,170,15706,3784160.00,
532313,MAHINDRALIFE,B ,Q,433.00,436.90,426.00,432.85,432.85,435.00,318,7850,3398817.00,
532318,GEMINI COMMU,B ,Q,2.00,2.05,2.00,2.05,2.05,2.04,7,8532,17228.00,
532321,CADILA HEALT,A ,Q,373.00,378.75,366.00,375.85,375.85,368.90,4637,198645,74044875.00,
532323,SHIVA CEMENT,XD,Q,7.25,7.25,6.82,6.96,7.05,6.86,300,291264,2036787.00,
532324,CINEVISTA   ,B ,Q,6.15,7.00,6.00,6.22,6.44,6.05,95,38370,246642.00,
532326,INTENS TECH ,XD,Q,70.00,72.80,69.00,70.65,70.65,70.20,127,18969,1351064.00,
532329,DANLAW TECH.,XD,Q,61.60,64.30,61.00,61.80,62.80,61.55,47,2406,151100.00,
532330,BIOPAC INDIA,XD,Q,15.00,15.00,14.50,14.90,15.00,15.15,31,18749,279135.00,
532331,AJANTA PHARM,A ,Q,1818.35,1830.00,1811.75,1826.85,1826.85,1804.95,854,9650,17598539.00,
532333,HB PORTFOLIO,XD,Q,15.60,16.35,15.60,15.60,15.60,15.65,19,785,12357.00,
532334,HB ESTATE DE,XD,Q,10.15,10.15,9.60,9.60,9.60,10.15,4,100,960.00,
532339,COMPUCOM SOF,B ,Q,11.74,11.74,10.76,10.91,11.02,11.55,255,45410,503549.00,
532340,OMNI AX'S SO,XT,Q,0.54,0.54,0.54,0.54,0.54,0.52,2,1000,540.00,
532341,IZMO        ,B ,Q,53.15,54.40,52.65,53.30,53.45,53.30,242,13687,734449.00,
532342,COMMEX TECH ,XD,Q,1.11,1.22,1.05,1.16,1.16,1.15,82,391018,450844.00,
532343,TVS MOTOR L ,A ,Q,300.30,304.90,300.25,303.05,303.05,298.60,2856,167902,50885317.00,
532345,GATI LTD.   ,A ,Q,171.50,173.00,163.70,164.70,164.70,168.90,8958,863291,143909570.00,
532348,SUBEX LTX   ,B ,Q,12.25,12.72,12.19,12.49,12.49,12.11,1724,1398699,17491529.00,
532349,TRANSPORT CO,B ,Q,359.95,362.00,354.10,355.20,355.20,354.90,596,16774,5993495.00,
532350,PADMALAYA TE,T ,Q,2.13,2.14,1.94,2.14,2.14,2.04,5,1036,2016.00,
532351,AKSH OPTIFIB,B ,Q,15.45,15.65,15.30,15.40,15.40,15.25,261,141561,2182446.00,
532355,PICTURHOUSE ,XD,Q,6.95,7.73,6.95,7.72,7.72,7.29,11,2990,22915.00,
532356,TRIVENI ENGG,B ,Q,61.80,62.35,60.60,60.85,60.85,61.10,1147,147684,9035014.00,
532357,MUKTA ARTS  ,B ,Q,63.15,68.90,63.15,67.30,67.30,62.95,952,94440,6363512.00,
532362,NAGPUR POWER,XD,Q,27.00,28.00,27.00,28.00,28.00,28.00,2,110,2980.00,
532365,DYNACONS SYS,B ,Q,10.50,10.98,10.50,10.98,10.98,11.00,4,455,4779.00,
532366,PNB GILTS   ,B ,Q,26.80,27.00,26.70,26.85,26.85,26.55,94,30543,820205.00,
532368,YBRANTDIGI  ,B ,Q,11.19,11.73,10.72,11.73,11.73,10.67,2378,4008178,46718585.00,
532369,RAMCO INDS. ,B ,Q,129.00,143.60,128.20,142.10,142.10,128.30,3819,240823,33312119.00,
532370,RAMCO  SYSTM,B ,Q,574.90,580.00,555.00,561.10,561.10,548.70,844,11416,6488218.00,
532371,TATA TELESER,B ,Q,6.78,6.78,6.45,6.49,6.49,6.57,408,250953,1639432.00,
532372,VIRINCHI    ,XD,Q,52.15,54.80,52.10,53.70,54.80,52.50,111,22805,1217075.00,
532373,WEPSOLN     ,XD,Q,22.50,22.50,20.20,20.90,20.90,21.50,44,12428,259208.00,
532374,STER TECH   ,B ,Q,86.25,90.65,86.25,90.30,90.30,86.25,1581,166008,14858606.00,
532375,TIPSINDUSTR ,B ,Q,61.25,65.80,61.25,62.50,62.10,63.75,31,342,21249.00,
532376,MRO-TEK LTD ,B ,Q,43.90,44.45,43.90,44.05,44.05,44.10,42,618,27211.00,
532379,FIRSTOBJ    ,B ,Q,8.43,8.43,8.42,8.42,8.42,8.86,5,625,5262.00,
532380,BABA ARTS   ,XD,Q,2.62,2.99,2.62,2.99,2.99,2.96,10,14530,41709.00,
532382,BALAJI TELE.,B ,Q,95.25,98.20,93.75,96.45,96.45,94.05,334,17520,1686853.00,
532384,TYCHE INDS  ,XD,Q,74.65,74.65,72.00,73.10,72.50,71.25,68,6798,498485.00,
532387,PRITISHN COM,B ,Q,15.90,16.25,15.50,16.25,16.25,15.10,10,1640,26067.00,
532388,INDIAN OVER.,A ,Q,26.95,28.00,26.45,27.55,27.55,26.85,669,281282,7766109.00,
532389,VALECHA ENGG,B ,Q,30.35,31.50,30.10,30.65,30.60,30.65,62,10816,333022.00,
532390,TAJ GVK HOTL,B ,Q,141.75,142.30,132.85,135.35,135.35,141.80,543,16957,2342395.00,
532391,OPTO CIRCUIT,B ,Q,12.55,12.82,12.22,12.54,12.54,12.14,2038,651010,8165325.00,
532395,AXISCADES   ,B ,Q,219.90,222.00,212.05,218.75,218.75,211.85,1004,26132,5677183.00,
532398,UMESL       ,B ,Q,2.67,2.67,2.67,2.67,2.67,2.55,6,640,1708.00,
532400,KPIT        ,A ,Q,128.90,133.20,128.75,132.20,132.20,127.75,1228,101186,13237255.00,
532401,VIJAYA BANK ,B ,Q,39.15,39.65,39.15,39.35,39.45,39.00,256,48269,1900956.00,
532404,SAVEN TECHNO,XD,Q,18.10,18.95,17.50,17.75,17.70,18.50,36,9191,165301.00,
532406,AVANTEL LTD ,XD,Q,121.80,121.80,119.05,119.85,119.25,117.45,8,274,32905.00,
532407,MOSCHIP SEMI,XD,Q,20.00,20.50,19.90,19.95,19.95,20.45,155,71875,1450770.00,
532408,MEGASOFT LTD,T ,Q,15.02,15.98,15.02,15.98,15.98,15.22,96,93997,1493773.00,
532410,TRANSCORP IN,XD,Q,15.75,16.90,15.55,16.40,16.40,17.25,20,6014,94024.00,
532411,VISESH INFO.,B ,Q,0.11,0.11,0.10,0.11,0.10,0.11,62,2520920,261013.00,
532413,CEREBRA INTE,B ,Q,12.67,13.55,12.60,13.52,13.52,12.51,748,245503,3265365.00,
532414,IKF TECHNO  ,XD,Q,0.80,0.81,0.75,0.75,0.75,0.76,65,119778,92122.00,
532416,MID-DAY MULT,B ,Q,20.65,22.20,20.65,21.20,21.05,20.50,128,14996,320488.00,
532418,ANDHRA BANK ,A ,Q,61.00,61.90,60.80,61.25,61.25,60.80,1091,204936,12578669.00,
532419,SMARTLINK   ,B ,Q,90.00,91.85,89.65,90.15,90.85,90.30,60,7751,698997.00,
532424,GODREJ CONS ,A ,Q,1590.00,1598.60,1581.10,1589.25,1589.00,1583.65,450,2531,4025597.00,XD
532425,GULSHAN CHEM,XD,Q,4.13,4.13,4.13,4.13,4.13,3.94,2,253,1044.00,
532430,BF UTILI    ,A ,Q,525.00,555.00,520.80,543.85,543.85,522.15,10400,310731,166200961.00,
532432,UNITD SPR   ,A ,Q,2215.00,2263.00,2210.05,2251.50,2251.50,2207.05,4248,100505,224939103.00,
532439,GOLDST INFRA,B ,Q,23.00,23.15,23.00,23.15,23.15,23.10,8,1450,33517.00,
532440,MPS LTD     ,B ,Q,651.00,668.65,651.00,661.20,663.90,657.85,55,355,234345.00,
532441,RNBOWDENIM  ,B ,Q,5.24,5.27,5.24,5.25,5.25,5.51,8,479,2516.00,
532443,CERA SANITAR,B ,Q,2384.00,2408.00,2377.60,2403.45,2397.40,2380.60,114,1528,3666661.00,
532444,T. SPIRITUAL,XD,Q,0.50,0.50,0.50,0.50,0.50,0.50,1,550,275.00,
532454,BHARTI ARTL ,A ,Q,366.90,370.80,359.45,363.20,363.20,365.25,6607,285982,104820489.00,
532456,COMPUAGE INF,B ,Q,162.00,171.50,160.50,169.55,169.55,162.15,92,11612,1909923.00,
532457,GULSHAN POLY,B ,Q,365.00,367.00,361.05,364.25,367.00,359.80,57,451,163645.00,
532459,AUNDE IND   ,XT,Q,37.50,40.00,37.00,38.50,40.00,38.20,5,720,26970.00,
532460,PONNI SUG(ER,B ,Q,248.00,251.80,246.15,247.40,247.40,245.75,211,3148,783462.00,
532461,PUNJAB NATIO,A ,Q,123.80,125.15,122.05,123.45,123.45,122.40,6766,1622560,200905603.00,
532466,ORACLE FIN  ,A ,Q,3601.25,3713.00,3584.10,3681.90,3681.90,3557.60,1966,19137,70365930.00,
532467,HAZ MUL PRO ,XD,Q,0.59,0.59,0.58,0.58,0.58,0.57,5,2160,1254.00,
532468,KAMAHOLDING ,XC,Q,1835.05,2044.85,1834.30,1979.60,1978.90,1857.55,180,2293,4511444.00,
532470,MATHER & PLA,B ,Q,5.05,5.05,5.05,5.05,5.05,5.05,3,109,550.00,
532475,APTECH LTD  ,B ,Q,76.75,87.80,76.05,85.95,85.95,75.95,7962,933451,77276822.00,
532477,UNION BANK L,A ,Q,134.00,137.90,133.65,137.15,137.15,132.35,8887,935823,126837518.00,
532478,UNITED BREWA,A ,Q,808.00,808.00,782.00,799.85,799.85,787.00,910,8248,6575664.00,
532479,ISMT LTD    ,B ,Q,10.78,11.24,10.78,11.01,11.01,10.51,84,23228,255503.00,
532480,ALLAHABAD BK,A ,Q,79.20,80.55,78.70,79.05,79.05,77.80,3123,638726,50944298.00,
532481,NOIDA-TOLL B,B ,Q,23.75,23.75,23.55,23.65,23.75,23.50,80,34403,810619.00,
532482,GRANULES (I),B ,Q,140.00,142.30,139.00,140.75,139.35,139.90,1174,111024,15615415.00,
532483,CANARA BANK ,A ,Q,259.50,262.00,256.95,259.25,259.25,257.20,3406,305370,79413592.00,
532485,BALMER LA.IN,XC,Q,314.95,317.45,312.15,314.55,315.00,310.45,33,1369,430259.00,
532486,POKARNA LTD ,B ,Q,825.15,852.40,822.00,831.15,831.15,829.90,68,1046,871851.00,
532488,DIVI'S LAB. ,A ,Q,1167.55,1190.00,1154.60,1184.95,1184.95,1150.95,2135,22592,26512453.00,
532493,ASTRA MICRO ,B ,Q,121.00,121.85,119.20,120.10,120.10,120.35,932,47319,5706237.00,
532497,RADICOKHAIT ,B ,Q,90.10,91.30,89.75,90.35,90.35,90.00,344,17016,1541626.00,
532498,SHRMCITYUN  ,A ,Q,1977.00,2010.00,1963.05,1992.85,1998.90,1966.60,103,50727,100247568.00,
532500,MARUTISUZUK ,A ,Q,4911.00,4965.00,4900.65,4948.35,4948.35,4887.70,3841,43803,216226704.00,
532503,RAJAPAMILLS ,XC,Q,489.00,490.00,480.00,483.45,482.20,481.45,43,2536,1229756.00,
532504,NAVIN FLUORI,B ,Q,2210.00,2279.00,2210.00,2250.50,2250.50,2206.10,271,1925,4306218.00,
532505,UCOBANK     ,A ,Q,43.45,44.30,43.20,43.45,43.20,43.40,531,79848,3498240.00,
532507,BAG FIL MED ,B ,Q,5.72,6.10,5.72,5.88,5.85,5.82,189,103269,616708.00,
532508,JSL         ,B ,Q,23.60,25.60,23.20,25.35,25.35,23.30,3794,1576577,39560105.00,
532509,SUPRAJIT ENG,B ,Q,191.40,191.90,188.50,190.50,191.90,188.45,51,1955,371721.00,
532511,EXCEL CROP. ,B ,Q,1240.00,1247.20,1236.00,1240.05,1240.10,1240.05,18,203,251496.00,
532513,TVSELE      ,B ,Q,103.05,105.25,102.50,102.75,102.75,101.80,152,4395,454056.00,
532514,INDRA GAS   ,A ,Q,673.10,676.10,658.25,665.05,665.05,671.55,1939,31407,20954387.00,
532515,TV TODAY    ,B ,Q,300.00,303.75,300.00,301.80,303.20,298.75,224,6925,2093427.00,
532518,FLORENCE    ,XC,Q,514.00,514.00,481.20,485.00,485.00,480.75,14,73,36008.00,
532521,PALRED      ,B ,Q,74.05,74.05,70.55,72.80,72.80,72.55,36,2802,203394.00,
532522,PETRONET LNG,A ,Q,313.00,314.55,308.70,310.40,312.00,311.45,977,36154,11255395.00,
532523,BIOCON LTD. ,A ,Q,828.00,837.10,827.70,833.50,833.50,825.25,3139,64524,53749566.00,
532524,PTC INDIA   ,A ,Q,77.75,78.95,77.15,78.40,78.40,77.35,944,112541,8798858.00,
532525,BANK MAHA   ,B ,Q,32.00,32.15,31.65,32.00,31.85,31.65,107,24223,772177.00,
532526,DISHMAN PHAR,B ,Q,176.25,177.40,169.55,170.30,170.30,175.90,5844,494744,85523221.00,
532527,RK FORGINGS ,B ,Q,398.20,427.00,393.75,417.20,414.00,398.20,375,5288,2183306.00,
532528,DATAM GLOB  ,B ,Q,68.10,79.70,66.30,78.45,78.45,68.50,4512,371776,28393956.00,
532529,NDTV        ,B ,Q,86.00,86.75,85.10,86.10,85.95,84.10,329,24749,2124595.00,
532531,STAR        ,A ,Q,1135.00,1147.95,1130.05,1144.40,1144.40,1125.70,3240,42160,48027820.00,
532532,JAIPRA      ,A ,Q,12.02,12.32,12.02,12.23,12.23,11.98,2994,5633388,68843968.00,
532537,LUMAX AUTO  ,T ,Q,36.00,38.90,36.00,38.60,38.90,37.10,47,5268,202014.00,
532538,ULTRATECH CM,A ,Q,3661.00,3832.70,3661.00,3802.70,3795.00,3661.00,2991,21122,79689957.00,
532539,MINDA IND   ,B ,Q,1160.00,1171.60,1160.00,1169.05,1169.05,1157.55,140,2416,2819374.00,
532540,TCS LTD.    ,A ,Q,2660.00,2682.90,2633.00,2648.90,2648.90,2652.65,2746,101443,270047549.00,
532541,NIITTECH    ,A ,Q,425.50,428.30,421.00,423.05,423.05,425.30,1176,12589,5338995.00,
532543,GULFPETRO   ,B ,Q,59.00,62.00,58.10,61.00,61.00,59.00,919,68971,4169542.00,
532548,CENTURYPLY  ,B ,Q,215.80,225.90,215.75,224.15,224.15,212.95,1434,86467,19343679.00,
532553,WELENT      ,B ,Q,62.00,62.25,59.50,61.00,61.00,61.05,225,112001,6742164.00,
532555,NTPC LTD    ,A ,Q,159.50,162.20,159.15,161.30,161.30,158.85,2555,241572,38803646.00,
532604,SALSTEEL    ,B ,Q,3.11,3.11,2.76,2.83,2.83,2.88,19,10406,29110.00,
532605,JBM AUTO    ,B ,Q,147.25,148.80,145.50,146.45,145.50,147.95,42,1869,274400.00,
532609,BHARATIDIL  ,B ,Q,26.75,28.00,25.65,27.40,27.40,25.65,96,21394,574513.00,
532610,DWAR SUGAR  ,B ,Q,324.00,334.00,314.00,319.20,319.20,326.70,9639,344347,111302877.00,
532612,INDOCO REM  ,B ,Q,313.00,316.25,313.00,314.85,314.85,314.10,94,3915,1232814.00,
532613,MAXWEL      ,B ,Q,67.00,69.00,66.25,67.20,67.20,66.15,754,78892,5314021.00,
532614,IMPEX       ,B ,Q,1.09,1.13,1.09,1.13,1.13,1.11,2,1050,1146.00,
532616,XCHANGING   ,B ,Q,93.30,93.30,90.90,91.15,91.15,91.35,60,4009,367189.00,
532617,JETAIRWAYS  ,A ,Q,590.00,604.70,589.70,599.05,599.05,587.55,5427,217905,130396739.00,
532621,MORARJETEX  ,B ,Q,44.25,46.95,44.25,45.80,45.80,45.10,76,7208,332875.00,
532622,GATEWAY DIST,A ,Q,275.00,275.00,268.20,272.05,271.90,272.95,468,10105,2748739.00,
532624,JINDALPH    ,B ,Q,89.05,90.90,88.40,89.70,90.90,89.45,27,1495,133264.00,
532626,PONDY OXIDES,XD,Q,135.95,136.00,130.00,130.40,130.40,131.65,241,30517,4037964.00,
532627,JPPOWER     ,A ,Q,5.80,5.81,5.66,5.69,5.69,5.70,551,303555,1737903.00,
532628,3I INFOTECH ,B ,Q,5.05,5.05,4.75,4.92,4.92,4.97,315,497482,2442394.00,
532629,MCNALLYB    ,B ,Q,66.35,66.35,63.20,65.10,65.10,64.65,99,7630,497094.00,
532630,GOKALDAS    ,B ,Q,105.30,107.80,105.10,105.60,105.60,104.05,2389,184526,19619815.00,
532633,ALLSEC TECH ,B ,Q,274.85,283.00,272.70,275.85,275.85,272.15,452,10261,2847830.00,
532636,IIFL        ,A ,Q,278.00,312.20,277.65,302.90,302.90,273.85,5143,766138,226933925.00,
532637,MAN DRUGORG ,B ,Q,168.00,192.45,167.00,182.35,182.35,164.70,6398,285573,52351390.00,
532638,SHOPPER STOP,B ,Q,358.25,371.95,358.05,369.55,370.00,356.20,93,478,175118.00,
532641,NDL         ,B ,Q,132.75,134.20,131.75,132.90,132.30,131.55,140,6973,926030.00,
532642,JINDAL SOUTH,B ,Q,1300.00,1349.00,1282.10,1296.70,1295.00,1280.45,413,1740,2282244.00,
532644,JK CEMENT   ,B ,Q,735.00,754.85,731.00,748.05,748.05,732.05,194,4885,3616717.00,
532645,BEEYU OVERSE,XD,Q,0.70,0.70,0.70,0.70,0.70,0.67,4,2332,1632.00,
532646,UNIPLY IND  ,B ,Q,171.00,177.00,166.10,173.45,173.45,169.75,524,16877,2886343.00,
532647,PROVOGUE IND,B ,Q,4.45,4.50,4.41,4.42,4.42,4.41,48,28060,124547.00,
532648,YES BANK    ,A ,Q,1234.00,1260.00,1234.00,1258.20,1258.20,1229.50,9061,200080,250263040.00,
532649,NECTAR LIFE ,B ,Q,34.65,35.25,34.60,34.75,34.75,34.55,573,63255,2205051.00,
532650,MSP STEEL   ,B ,Q,12.50,12.90,11.70,11.89,11.89,11.50,25,5527,66502.00,
532651,SPL INDS    ,B ,Q,29.00,34.40,29.00,30.30,30.30,30.40,17,1027,31387.00,
532652,KARNATAKA BK,A ,Q,150.80,154.30,141.85,143.25,143.25,149.70,6467,812788,120269116.00,
532654,MCLEOD RUSSE,A ,Q,191.70,196.00,188.50,191.70,191.70,188.40,1263,76831,14705129.00,
532656,FACOR ALLOYS,XD,Q,0.97,0.98,0.90,0.90,0.90,0.95,16,19568,18495.00,
532657,FACOR STEELS,T ,Q,0.30,0.30,0.30,0.30,0.30,0.30,5,6170,1851.00,
532658,EON ELECT   ,B ,Q,62.55,65.10,62.30,62.75,62.75,64.05,37,3175,201532.00,
532659,IDFC        ,A ,Q,57.35,59.00,56.70,58.15,58.15,56.80,3193,1136289,65814640.00,
532660,VIVIMED LABS,B ,Q,74.50,77.00,73.00,73.25,73.25,74.95,274,44989,3353008.00,
532661,RANE MADRAS ,B ,Q,360.10,368.00,360.10,361.35,364.00,361.05,29,372,134775.00,
532662,HT MEDIA    ,B ,Q,83.80,85.95,78.90,79.65,79.65,82.55,2398,106458,8652378.00,
532663,SASKEN COMM ,B ,Q,354.00,357.00,350.65,351.25,351.00,350.90,291,2079,732721.00,
532665,RAJVIR IND  ,T ,Q,40.75,43.85,40.75,43.85,43.85,41.80,5,135,5532.00,
532666,FCS SOFTWARE,B ,Q,0.32,0.32,0.30,0.31,0.31,0.31,34,498649,155376.00,
532667,SUZLONENERGY,A ,Q,16.70,17.60,16.60,17.15,17.15,16.30,4681,5317841,91060503.00,
532668,AURIONPRO SO,B ,Q,130.00,133.50,130.00,131.80,131.95,128.00,38,2298,304026.00,
532669,SOUTHBIOTEC ,XD,Q,11.00,11.09,10.62,10.89,11.00,10.96,88,61410,669615.00,
532670,RENUKA SUGAR,A ,Q,17.25,17.50,17.00,17.10,17.10,17.15,1209,1262548,21696778.00,
532673,KM SUGARMILL,B ,Q,13.71,14.29,13.28,13.48,13.48,13.66,680,322558,4461558.00,
532674,BANNARI AMMA,B ,Q,275.00,325.30,275.00,308.35,308.35,271.10,940,32480,9979280.00,
532676,PBA INFRASTR,B ,Q,21.70,22.40,21.60,22.00,22.00,22.00,20,1675,37137.00,
532678,BOMBAY RAYON,B ,Q,183.25,188.00,182.80,187.20,187.20,184.20,61,2150,402952.00,
532679,STORE ONE   ,B ,Q,174.00,203.70,174.00,203.70,203.70,169.75,8105,390772,76366647.00,
532682,ABG SHIPYARD,B ,Q,29.30,29.70,28.60,28.85,28.85,29.15,358,72955,2117954.00,
532683,AIAENGINEER ,A ,Q,1055.00,1087.00,1035.00,1046.90,1036.00,1053.00,387,2770,2912299.00,
532684,EVEREST KANT,B ,Q,23.00,23.00,19.25,21.80,21.80,19.40,990,176856,3738830.00,
532686,KERNEX MICRO,T ,Q,35.50,36.30,35.50,35.65,35.65,35.25,20,2551,91452.00,
532687,REPRO INDIA ,B ,Q,454.95,470.00,445.00,458.60,458.60,454.95,114,2517,1149341.00,
532689,PVR LTD     ,A ,Q,1115.00,1252.40,1110.00,1218.45,1218.45,1109.15,11376,105228,127182246.00,
532690,RAMSARUP IND,T ,Q,1.85,1.85,1.85,1.85,1.85,1.94,4,4500,8325.00,
532692,RADHA MADHAV,B ,Q,8.80,9.10,8.50,8.87,8.87,8.67,631,137291,1220056.00,
532693,PUNJ LLOYD  ,A ,Q,20.85,20.85,20.25,20.35,20.40,20.50,777,193184,3940431.00,
532694,BARTRONICSIN,B ,Q,13.10,13.50,12.76,13.13,13.13,12.38,444,58839,767867.00,
532695,CELEBRITYFAS,B ,Q,11.47,11.99,11.47,11.84,11.84,11.42,427,111964,1314526.00,
532696,EDUCOMP SOLN,B ,Q,13.15,13.69,12.99,13.28,13.28,13.09,585,138476,1836083.00,
532698,NITINSPINNER,B ,Q,78.90,79.00,75.35,76.05,76.05,77.75,546,30844,2375402.00,
532699,ROYALORCH   ,B ,Q,77.85,79.00,76.75,78.60,78.60,78.35,141,10364,815792.00,
532700,ENT NETWORK ,B ,Q,717.00,720.00,698.00,717.45,720.00,720.75,104,11712,8422459.00,
532701,SREE SAKTHI ,XD,Q,8.05,8.15,8.00,8.04,8.15,8.00,15,2876,23106.00,
532702,GUJ PETRONET,A ,Q,132.90,134.25,132.00,133.65,133.65,133.00,550,34001,4529845.00,
532705,JAGRAN PRAK ,B ,Q,186.00,186.00,180.90,181.70,180.90,185.00,175,5131,943061.00,
532706,INOX LEISURE,B ,Q,252.85,281.00,251.55,267.45,267.45,251.15,3952,145895,39069054.00,
532707,DYNEMIC PRO ,XD,Q,62.00,64.00,62.00,63.65,63.65,62.85,123,17811,1126951.00,
532708,GVK POWERINF,A ,Q,6.15,6.50,6.04,6.16,6.16,6.20,405,347392,2150491.00,
532710,SADBHAV ENGG,A ,Q,288.55,291.50,284.50,288.85,289.00,285.90,149,2395,688623.00,
532711,SUNIL HITECH,B ,Q,182.00,190.00,180.95,188.40,188.40,180.65,484,17789,3308635.00,
532712,REL COM LTD ,A ,Q,49.45,50.90,49.00,50.70,50.70,49.25,4866,1911880,96150537.00,
532713,SAKUMA EXPO ,B ,Q,64.50,64.80,63.00,63.20,63.20,63.05,17,1320,83920.00,
532714,KEC INTERN  ,A ,Q,143.25,144.45,140.35,140.80,140.80,141.65,961,33631,4783295.00,
532715,GITANJALI GE,B ,Q,38.85,40.20,38.75,40.05,40.05,38.30,995,65174,2585428.00,
532716,GILLA ARBUT ,B ,Q,65.10,65.20,65.05,65.05,65.05,65.05,4,451,29355.00,
532717,INDOTECHTR  ,B ,Q,198.00,199.50,192.20,193.40,193.40,195.50,492,16149,3170315.00,
532718,PRATIBHA IND,B ,Q,20.50,21.75,20.45,20.95,20.95,19.80,2601,772653,16484970.00,
532719,BL KASHYAP  ,B ,Q,20.25,20.60,19.65,19.70,19.70,20.35,350,90144,1801657.00,
532720,M&M FINANSER,A ,Q,327.90,334.80,325.90,333.35,333.35,324.10,2846,407440,133462735.00,
532721,VISA STEEL  ,B ,Q,16.90,17.50,16.70,17.15,17.10,16.45,92,17461,298800.00,
532722,NITCO TILES ,B ,Q,63.95,65.65,61.25,61.65,61.65,62.10,2671,124660,7889741.00,
532723,MONNETPRO   ,XD,Q,13.05,15.00,13.00,14.60,15.00,14.19,23,3744,52059.00,
532725,SOLAR IND   ,B ,Q,637.00,638.00,630.00,634.10,630.00,644.80,130,2670,1697024.00,
532726,GALLAN METAL,B ,Q,42.80,44.90,41.50,43.45,43.45,39.05,2136,178103,7746462.00,
532727,ADHUNIK MET ,B ,Q,8.51,9.05,8.25,8.34,8.34,8.16,323,95134,821368.00,
532728,MALU PAPER  ,B ,Q,15.30,15.50,15.00,15.00,15.00,15.00,29,3970,60910.00,
532729,UTTAM SUGAR ,B ,Q,70.45,71.00,69.15,69.55,69.55,69.80,145,13194,922886.00,
532730,STL GLOBAL  ,B ,Q,9.70,9.70,8.73,8.81,8.75,8.88,14,4119,36610.00,
532731,ROHIT FERRO ,B ,Q,4.60,4.70,4.60,4.69,4.69,4.70,11,7400,34599.00,
532732,KEWAL KIRAN ,B ,Q,1859.95,1860.00,1850.00,1860.00,1860.00,1850.00,11,524,971939.00,
532733,SUN TVNET   ,A ,Q,460.10,467.05,457.75,461.60,461.60,461.10,2706,102229,47256876.00,
532734,GODAWARI POW,B ,Q,55.10,56.00,55.10,55.50,55.50,55.20,32,3065,170106.00,
532735,RSYSTEMINT  ,B ,Q,54.20,54.85,52.50,53.25,53.25,52.80,101,5141,276643.00,
532737,EMKAY GLOB F,B ,Q,73.35,79.00,73.35,75.80,74.95,72.05,245,14770,1125862.00,
532738,TANTIA CONS ,B ,Q,15.80,16.45,15.80,16.45,16.45,16.55,8,1900,30870.00,
532740,LOKESH MACH ,B ,Q,82.30,83.70,80.10,82.70,82.85,80.90,144,7538,611736.00,
532741,KAMDHENU    ,B ,Q,57.50,60.95,57.50,58.05,58.05,57.15,113,6541,382805.00,
532742,PAUSHAK LTD ,XC,Q,662.10,685.00,660.50,669.45,669.45,670.05,23,388,259139.00,
532744,GTN TEXTILE ,B ,Q,12.75,12.88,12.52,12.65,12.78,12.77,10,5580,71351.00,
532745,INDICAP     ,XD,Q,41.95,41.95,38.25,40.00,40.10,39.65,52,9328,371560.00,
532746,UNITY INFRA ,B ,Q,10.27,10.39,10.15,10.25,10.24,10.20,98,11784,120857.00,
532748,PRIME FOCUS ,B ,Q,66.40,71.40,66.40,69.95,69.30,66.05,417,30048,2105008.00,
532749,ALLCARGO    ,B ,Q,191.80,191.95,185.10,186.55,186.55,189.60,1488,81795,15275702.00,
532751,EASUNREYRL  ,B ,Q,32.30,33.00,32.20,32.90,33.00,32.45,22,2343,76368.00,
532754,GMR INFRASTR,A ,Q,13.85,13.99,13.80,13.91,13.91,13.76,745,972630,13516531.00,
532755,TECH MAH    ,A ,Q,501.30,507.45,493.95,495.25,495.25,499.60,4725,202118,101064066.00,
532756,MAHINDCIE   ,B ,Q,181.55,183.80,179.90,180.65,180.65,180.10,585,31871,5786647.00,
532757,VOLTAMP TRAN,B ,Q,775.00,777.95,766.50,772.65,772.65,770.00,205,3634,2807024.00,
532759,ATLANTA     ,B ,Q,51.50,52.80,51.00,51.45,51.45,50.95,317,31394,1623411.00,
532760,DEEP INDS   ,B ,Q,186.05,187.00,184.10,185.25,185.80,184.75,394,20583,3818479.00,
532761,HOV SERVICES,B ,Q,108.65,110.95,105.30,106.35,106.35,107.20,225,10450,1119364.00,
532762,ACTION CONST,B ,Q,46.90,48.90,46.10,48.00,48.00,46.30,253,38316,1840753.00,
532764,GEECEE      ,B ,Q,153.00,160.30,152.50,154.05,155.50,152.45,1096,42988,6709054.00,
532765,USHER AGRO  ,B ,Q,21.10,21.60,20.90,21.35,21.35,20.90,746,124789,2649279.00,
532766,RICHA IND   ,XD,Q,30.20,30.20,28.85,29.20,29.20,29.20,194,49638,1452077.00,
532767,GAYATRI PROJ,B ,Q,699.00,710.05,681.85,692.75,692.75,699.95,387,6964,4848115.00,
532768,FIEM INDS   ,B ,Q,989.50,1006.55,978.00,982.80,987.75,980.50,277,6589,6546536.00,
532770,HANUNG TOYS ,B ,Q,5.28,5.48,5.20,5.24,5.25,5.19,164,29583,157912.00,
532771,JHS SVEN    ,B ,Q,33.90,37.40,33.70,36.05,36.05,33.40,966,98068,3539663.00,
532772,DCBBANK     ,A ,Q,111.05,114.80,110.25,114.00,114.00,110.05,3375,336982,38064180.00,
532773,GLOBAL VECT ,B ,Q,70.80,71.95,69.90,70.65,70.65,69.70,49,7339,520818.00,
532774,ACCEL FRONTL,B ,Q,52.80,55.65,51.15,54.75,54.75,50.60,520,31030,1683225.00,
532775,GTL INFRAST ,B ,Q,2.37,2.37,2.20,2.27,2.25,2.32,362,670510,1521323.00,
532776,SHIVAM AUTO ,B ,Q,54.35,55.40,53.70,54.55,54.85,53.70,224,13130,715011.00,
532777,INFO EDGE   ,A ,Q,817.60,845.00,810.50,841.05,838.60,816.30,429,3949,3287902.00,
532778,LANCO INFRA ,B ,Q,4.66,4.75,4.60,4.68,4.70,4.63,822,458932,2146855.00,
532779,TORNT POWER ,A ,Q,175.00,178.95,173.20,177.35,177.35,174.45,3186,212243,37542915.00,
532780,PARSVNATH   ,B ,Q,21.15,21.45,20.75,20.95,20.95,21.05,284,128213,2707435.00,
532782,SUTLEJ TEXT ,B ,Q,667.80,710.40,666.00,694.60,694.60,667.75,1570,22336,15469507.00,
532783,DAAWAT      ,B ,Q,298.30,301.00,295.50,297.05,297.05,298.20,138,2402,713641.00,
532784,SOBHA       ,A ,Q,312.00,327.00,312.00,324.00,324.00,309.85,611,7306,2329605.00,
532785,RUCHIRA PAP ,B ,Q,75.25,82.55,75.00,77.05,77.05,74.75,1418,95181,7462265.00,
532786,GREAT OFFSH ,B ,Q,40.50,41.05,40.20,40.45,40.45,40.20,134,4943,200169.00,
532787,ESS DEE ALUM,B ,Q,70.70,72.50,70.50,71.60,71.60,70.50,770,62200,4455367.00,
532788,XLENERGY    ,B ,Q,2.99,3.45,2.99,3.45,3.45,3.47,16,5413,17558.00,
532790,TANLA       ,B ,Q,38.50,38.50,35.05,35.30,35.30,34.40,1890,271324,9844110.00,
532792,CAIRN IND   ,A ,Q,190.00,199.35,189.65,196.85,196.85,188.65,5464,503563,98711584.00,
532794,ZEEMEDIA    ,B ,Q,23.40,24.15,23.40,23.70,23.70,23.50,452,175902,4187693.00,
532795,SITICABLE   ,B ,Q,38.40,38.45,37.85,38.05,37.95,38.15,247,23181,882640.00,
532796,LUMAX TECH  ,B ,Q,400.80,407.00,396.00,399.15,399.15,399.45,232,5832,2341106.00,
532797,AUTOIND     ,B ,Q,50.00,51.50,49.80,50.95,51.00,49.50,44,4055,204183.00,
532798,NTWK MED INV,A ,Q,42.25,42.95,42.00,42.70,42.50,41.80,550,68852,2934790.00,
532799,HUBTOWN     ,B ,Q,94.50,96.00,94.50,96.00,96.00,94.00,6,118,11322.00,
532800,TV18BRDCST  ,A ,Q,39.30,39.80,39.05,39.65,39.65,39.05,546,252216,9938600.00,
532801,CAMBRIDGE   ,B ,Q,108.00,108.00,108.00,108.00,108.00,105.90,14,11793,1273644.00,
532803,POCHIRAJU IN,B ,Q,8.69,8.74,8.00,8.13,8.10,8.55,153,22042,180073.00,
532804,TECHNOCRAFT ,B ,Q,302.00,306.00,298.00,302.55,302.55,301.95,106,2504,757135.00,
532805,REDINGTON   ,A ,Q,104.50,105.00,103.00,104.00,104.00,103.60,500,50726,5275851.00,
532806,AI CHAMPDNY ,T ,Q,22.50,22.55,22.50,22.55,22.55,21.50,4,176,3961.00,
532807,CINELINE    ,B ,Q,53.35,59.70,52.10,57.55,57.55,53.80,611,35878,2059808.00,
532808,PGIL        ,B ,Q,217.15,218.00,215.10,218.00,218.00,214.95,18,286,62129.00,
532809,FSL         ,A ,Q,48.00,48.00,46.70,46.85,46.85,47.35,1117,411822,19471719.00,
532810,POWER FINAN ,A ,Q,219.45,220.60,217.50,219.80,219.80,216.40,1626,121974,26733618.00,
532811,AHLUWALIA CO,B ,Q,290.00,293.00,287.20,288.00,288.00,284.85,19,683,197625.00,
532812,TRANSWARRANT,B ,Q,8.86,9.05,8.86,9.02,9.00,9.01,5,600,5373.00,
532813,C & C CONSTR,B ,Q,14.40,14.50,13.79,14.01,14.00,13.77,46,17013,238267.00,
532814,INDIAN BANK ,A ,Q,200.10,204.30,193.50,200.75,200.75,198.10,9653,642894,128571465.00,
532815,SMS PHARMACE,B ,Q,92.50,93.00,91.00,91.15,91.00,92.00,61,7326,668859.00,
532816,BROADCAST   ,T ,Q,3.00,3.00,3.00,3.00,3.00,3.06,1,250,750.00,
532817,ORIENTAL    ,B ,Q,10.10,10.19,9.36,9.82,9.98,9.75,105,45012,445860.00,
532819,MINDTREE LTD,A ,Q,618.90,618.90,605.00,610.25,611.95,603.50,1731,19380,11794320.00,
532820,ELAND       ,B ,Q,35.65,35.65,33.65,33.90,33.90,33.70,71,9324,318251.00,
532822,IDEA CELL   ,A ,Q,105.30,106.85,105.20,106.10,106.10,105.30,2217,293862,31201253.00,
532823,EURO CERAMIC,B ,Q,10.09,10.15,9.19,9.19,9.19,9.67,461,110667,1070027.00,
532826,RAJ TELE    ,B ,Q,64.80,65.30,64.30,64.85,64.30,64.00,57,8048,521611.00,
532827,PAGE INDUSTR,A ,Q,13723.95,14099.95,13660.20,13904.90,13940.00,13522.70,1035,1908,26443869.00,
532828,AMD INDUS   ,B ,Q,26.40,27.00,25.80,26.45,26.90,26.45,35,14482,382609.00,
532829,LAWRESHWAR  ,XD,Q,40.00,42.00,40.00,40.05,40.00,40.30,33,7162,292186.00,
532830,ASTRAL POLY ,B ,Q,483.00,485.00,481.00,482.30,484.00,478.90,154,3830,1849730.00,
532832,INDBUL REAL ,A ,Q,88.80,88.80,84.05,84.55,84.55,87.80,5864,1733388,148576215.00,
532834,CAMLIN FINE ,B ,Q,92.45,93.65,90.35,92.10,92.10,91.30,371,19067,1758258.00,
532835,ICRA        ,A ,Q,3689.15,3721.50,3670.00,3691.50,3690.00,3683.55,116,234,863493.00,XD
532836,SANCIA GLOB ,XT,Q,0.60,0.60,0.60,0.60,0.60,0.63,3,4677,2806.00,
532837,ORBITCO     ,B ,Q,6.98,7.13,6.66,6.85,6.80,6.92,252,69513,478313.00,
532839,DISH TV     ,A ,Q,97.90,99.10,96.90,98.15,98.15,97.65,2670,409359,40119208.00,
532841,SAHYA INDU  ,XD,Q,65.00,65.00,64.00,64.25,64.00,63.90,24,3663,235785.00,
532842,SREE RAYALA ,B ,Q,110.00,110.00,104.15,104.90,104.25,105.35,108,10426,1113222.00,
532843,FORTIS      ,A ,Q,192.90,195.70,187.55,188.55,188.55,187.35,10355,668020,127410646.00,
532845,TGBHOTELS   ,B ,Q,68.00,69.75,67.00,69.40,69.25,66.75,92,9138,621474.00,
532847,HILTON MET  ,B ,Q,16.60,17.00,16.60,16.95,17.00,16.85,6,4505,75239.00,
532848,DELTA CORP  ,A ,Q,110.70,119.50,109.70,118.45,118.45,109.75,22115,2627345,303648123.00,
532850,MIC ELECTRON,B ,Q,14.05,14.65,14.00,14.55,14.60,14.06,260,87906,1266794.00,
532851,INSECTCID   ,B ,Q,470.70,471.50,464.60,470.20,470.50,464.20,34,306,143326.00,
532852,MCD HOLDING ,B ,Q,30.30,31.00,30.00,31.00,31.00,30.00,19,1870,56520.00,
532853,ASAHI SONG  ,B ,Q,192.50,194.50,187.25,189.90,189.90,192.20,575,16718,3187466.00,
532854,NITIN FIRE  ,B ,Q,27.75,28.10,27.60,27.70,27.70,27.70,320,59739,1668422.00,
532856,TIME TECHNO ,B ,Q,65.65,68.50,65.40,67.65,67.65,65.05,1871,209124,14103584.00,
532859,HGSL        ,B ,Q,415.95,417.00,413.50,414.15,415.00,410.80,119,2208,915998.00,
532864,NELCAST     ,B ,Q,63.80,66.00,63.00,65.35,64.25,64.00,154,17310,1111271.00,
532865,MEGHMANI    ,B ,Q,44.80,46.15,44.80,45.70,45.70,44.20,1780,317820,14468793.00,
532867,V2RETAIL    ,B ,Q,60.30,66.00,60.30,63.85,63.85,58.95,1105,90148,5758017.00,
532868,DLF LIMITED ,A ,Q,163.00,165.80,161.15,164.80,164.80,162.30,7175,1273795,208965367.00,
532869,TARMAT      ,B ,Q,34.50,47.45,34.50,46.70,46.70,39.90,325,49981,2270939.00,
532870,ANKIT METAL ,B ,Q,1.87,2.00,1.87,1.93,1.90,1.97,36,55339,106993.00,
532871,CELESTIAL   ,B ,Q,24.60,25.00,24.10,24.30,24.50,23.70,45,8530,209413.00,
532872,SUNPHA ADV  ,A ,Q,392.00,414.80,388.00,397.60,397.60,389.05,12169,495225,199289367.00,
532873,HOUSING DEV ,A ,Q,96.50,99.60,96.05,99.05,99.05,95.65,6938,1172033,114838377.00,
532874,SURYACHAKRA ,XD,Q,2.81,2.81,2.69,2.71,2.75,2.70,73,75348,205125.00,
532875,ALLIED DIGIT,B ,Q,32.90,33.50,32.75,32.95,32.95,32.50,192,19388,641055.00,
532876,EVERONN     ,B ,Q,21.75,21.80,21.00,21.25,21.25,21.10,225,39670,845861.00,
532877,SIMPLEX PROJ,B ,Q,26.40,27.60,26.40,27.15,27.00,27.00,37,2684,72700.00,
532878,ALPA LAB    ,T ,Q,32.70,32.75,32.65,32.75,32.75,31.20,53,9670,316632.00,
532879,SIR SHADI LA,XD,Q,45.00,45.00,45.00,45.00,45.00,45.00,1,553,24885.00,
532880,OMAXE LTD   ,B ,Q,161.20,162.25,161.00,161.40,161.30,160.70,1314,198918,32146199.00,
532882,OMNITECH    ,B ,Q,3.04,3.04,3.04,3.04,3.04,2.90,3,1700,5168.00,
532883,ZYLOG SYSTEM,T ,Q,3.10,3.30,3.10,3.18,3.20,3.24,56,30735,97825.00,
532884,REFEX       ,B ,Q,13.40,14.10,12.85,14.10,14.10,13.45,277,71613,956001.00,
532885,CENTRAL BK  ,A ,Q,97.50,98.90,97.50,98.00,97.60,97.00,621,78245,7694798.00,
532886,SEL MANUF   ,B ,Q,3.51,3.70,3.51,3.56,3.55,3.55,154,45065,161426.00,
532887,SUJANATOWER ,B ,Q,10.76,10.76,10.58,10.67,10.60,10.53,100,17425,185898.00,
532888,ASIAN GRANIT,B ,Q,226.60,229.95,224.00,228.55,228.55,225.05,1198,85536,19413406.00,
532889,K.P.R. MILL ,B ,Q,1082.65,1120.00,1082.65,1110.95,1110.95,1081.15,166,5184,5735730.00,
532890,TAKE SOLUT  ,B ,Q,172.90,181.75,172.70,177.85,177.85,171.75,2048,96313,17101497.00,
532891,PURAVANKARA ,B ,Q,47.50,48.00,47.00,47.55,47.35,47.05,221,14818,703917.00,
532892,MOTILALOFS  ,B ,Q,480.00,507.90,471.00,495.10,495.10,475.35,1582,25247,12519961.00,
532893,VTM LTD     ,XD,Q,29.20,29.20,28.05,28.30,28.30,28.15,38,4093,116506.00,
532894,IWIND ENERGY,T ,Q,4.25,4.35,4.16,4.20,4.20,4.24,40,23289,98615.00,
532895,NAGREKA CAP ,B ,Q,13.20,13.20,13.20,13.20,13.20,13.26,1,100,1320.00,
532896,MAGNUM VENT ,B ,Q,2.90,2.90,2.61,2.86,2.86,2.97,15,6830,19679.00,
532898,POWER GRID  ,A ,Q,177.80,181.25,176.10,176.60,176.60,177.80,1761,210452,37564957.00,
532899,KAVERI SEED ,A ,Q,378.00,380.55,374.80,376.45,376.45,376.25,1237,34569,13057082.00,
532900,SE INVESTM  ,B ,Q,190.00,190.00,190.00,190.00,190.00,188.00,2,22,4180.00,
532902,CONSOL CONST,B ,Q,4.28,4.28,3.77,3.92,3.92,3.90,46,18244,72498.00,
532904,SUPREME INFR,B ,Q,105.00,105.00,102.00,102.80,102.00,101.50,79,3369,348099.00,
532905,SAAMYA BIO  ,B ,Q,6.98,6.98,6.05,6.30,6.30,6.07,2144,593335,3701293.00,
532906,MAANALU     ,B ,Q,31.20,32.00,30.45,31.25,31.25,30.25,14,3757,118990.00,
532907,ILFSENGG    ,B ,Q,49.80,51.85,49.80,51.05,50.70,50.05,88,7095,361636.00,
532908,SHARON BIO  ,B ,Q,11.25,11.60,11.22,11.28,11.28,11.47,289,90244,1023222.00,
532910,ANILLTD     ,XC,Q,191.30,195.00,190.75,190.75,190.75,193.20,692,42142,8073673.00,
532914,ARCOTECH LTD,B ,Q,399.00,405.00,384.70,395.40,395.00,392.55,1118,23670,9234350.00,
532915,RELIGARE ENT,A ,Q,265.00,269.50,263.00,264.15,263.30,266.40,48,1079,285246.00,
532916,BARAK VALL  ,B ,Q,24.00,24.95,23.50,24.15,24.25,24.00,61,8561,207455.00,
532918,RATHI BARS  ,XD,Q,8.11,8.11,7.68,8.04,8.00,8.25,15,16335,132202.00,
532919,ALLIED COMP ,XD,Q,0.07,0.07,0.07,0.07,0.07,0.07,9,184500,12915.00,
532920,EMPEE DIST  ,B ,Q,54.75,56.00,54.30,54.55,54.55,54.60,125,12753,700626.00,
532921,ADANI PORTS ,A ,Q,229.90,234.50,229.20,233.85,233.85,227.90,3057,287512,66768208.00,
532922,EDELWEISS   ,A ,Q,101.60,114.20,100.50,111.85,111.85,100.10,14265,1908682,206875794.00,
532923,REN JEWELERY,B ,Q,132.00,133.00,130.00,130.40,130.00,131.10,41,4153,543095.00,
532924,KOLTEPATIL  ,B ,Q,127.90,133.40,127.90,131.10,131.50,127.45,272,9920,1301679.00,
532925,KAUSHAL INFR,B ,Q,5.75,5.76,5.75,5.76,5.76,5.93,2,400,2301.00,
532926,JYOTHY LAB  ,B ,Q,288.00,295.00,285.00,291.50,289.60,285.65,446,23476,6813638.00,
532927,ECLERX      ,A ,Q,1535.00,1554.95,1520.05,1536.50,1520.05,1535.05,194,909,1395482.00,
532928,TRIL        ,B ,Q,308.00,313.00,305.00,309.60,309.60,300.75,178,2272,703037.00,
532929,BRIGADE     ,B ,Q,168.10,168.10,161.20,162.95,162.95,167.30,165,2952,483644.00,
532930,BGR ENERGY  ,B ,Q,121.00,122.30,120.40,120.90,120.90,119.90,689,29199,3536517.00,
532931,BURNPUR     ,B ,Q,14.82,16.33,14.80,16.05,16.05,14.80,1046,344434,5414293.00,
532932,MANAKSIA LTD,B ,Q,54.00,55.10,53.00,54.60,55.00,53.80,96,7890,432377.00,
532933,PORWAL AUTO ,XD,Q,31.60,35.45,31.60,34.90,34.90,33.40,80,16735,579637.00,
532934,PPAP        ,B ,Q,153.00,156.85,152.00,153.05,152.00,153.10,18,545,83302.00,
532935,ARIES AGRO  ,B ,Q,109.80,113.25,108.25,111.60,111.15,109.75,201,10584,1181304.00,
532937,KUANTUM     ,XD,Q,234.90,234.90,223.65,232.00,232.00,230.85,33,2022,465509.00,
532938,CAPF        ,B ,Q,694.00,719.50,693.45,712.95,712.95,682.40,4250,93739,66556701.00,
532939,RPOWER      ,A ,Q,51.80,52.15,51.50,52.00,52.00,51.15,1565,417588,21633672.00,
532940,J KUMAR INFR,B ,Q,204.00,204.00,187.05,193.60,193.60,200.75,1522,51994,10035911.00,
532941,CORDS CABLE ,B ,Q,54.90,57.95,54.90,55.80,55.80,54.20,64,6063,341204.00,
532942,KNR CONST   ,B ,Q,592.00,600.00,585.50,599.95,600.00,585.00,125,1184,705590.00,
532944,ONMOBILE    ,B ,Q,116.00,117.50,115.20,116.15,116.15,115.55,486,32201,3749689.00,
532945,SHRIRAM EPC ,B ,Q,22.70,23.40,22.45,23.25,22.90,22.40,89,6403,146564.00,
532946,BANG        ,B ,Q,21.40,22.95,21.10,22.85,22.85,22.45,12,1102,23685.00,
532947,IRB INFRA   ,A ,Q,211.20,212.50,210.80,211.30,211.50,209.65,1186,90426,19148873.00,
532948,TULSI EXTRU ,B ,Q,4.25,4.25,4.08,4.08,4.08,4.06,6,2228,9386.00,
532951,GSS INFOTECH,B ,Q,23.20,23.20,23.20,23.20,23.20,23.10,1,250,5800.00,
532952,NAHAR CAP   ,B ,Q,80.80,83.90,80.80,82.40,82.20,80.55,11,149,12190.00,
532953,V GUARD IND ,B ,Q,1727.55,1739.00,1695.00,1701.55,1715.00,1715.55,421,2405,4132223.00,
532955,RECLTD      ,A ,Q,215.00,219.20,215.00,217.45,217.45,214.05,2984,197353,42859107.00,
532957,GOKAK TEXTI ,XD,Q,51.95,52.00,51.00,52.00,52.00,53.45,4,51,2630.00,
532959,GAMMON INFRA,B ,Q,5.20,5.40,5.14,5.17,5.22,5.12,220,94518,498169.00,
532960,IBVENTURES  ,B ,Q,27.55,30.90,26.90,29.90,29.90,26.75,3823,1176645,34786820.00,
532961,SITA SHREE  ,B ,Q,10.45,11.75,10.45,11.75,11.75,10.69,87,19961,231030.00,
532966,TITAGARH WAG,B ,Q,99.10,99.10,98.20,98.45,98.45,97.95,525,64113,6324378.00,
532967,KIRI DYES   ,B ,Q,353.05,365.55,353.05,360.60,360.60,346.25,3021,111890,40276970.00,
532972,SANKHYA INFO,XD,Q,23.20,23.20,21.55,21.80,22.00,22.15,62,9378,207633.00,
532974,ABML        ,B ,Q,25.80,25.90,25.00,25.15,25.15,25.55,74,8352,210706.00,
532975,AISHWARYA TE,XD,Q,5.36,5.36,5.36,5.36,5.36,5.36,40,64571,346100.00,
532976,JAIBALA IND ,B ,Q,13.50,13.50,13.30,13.30,13.30,13.99,21,5707,76108.00,
532977,BAJAJ AUTO  ,A ,Q,2764.00,2880.00,2757.50,2859.85,2859.85,2739.80,3440,34644,97876296.00,
532978,BAJAJ FINSE ,A ,Q,2695.00,2710.00,2638.00,2674.35,2674.35,2673.15,2388,23678,63298546.00,
532979,PIRPHYTO    ,B ,Q,75.60,81.80,74.05,77.70,76.55,75.60,668,36588,2901905.00,
532980,GOKUL REFOIL,B ,Q,14.69,14.69,14.22,14.58,14.60,14.10,8,1100,16006.00,
532983,RPG LIFESCI ,B ,Q,405.00,424.40,401.15,413.95,413.95,399.60,2640,75722,31402700.00,
532985,KOTAK SENSEX,B ,Q,285.00,286.50,284.00,285.35,285.00,282.80,11,1313,373856.00,
532986,NIRAJ CEMENT,Z ,Q,13.50,13.50,12.36,12.36,12.36,13.01,18,3745,47751.00,
532987,RANE BRAKE  ,B ,Q,617.50,664.70,616.00,647.65,647.65,612.20,706,16267,10572789.00,
532988,RANE ENGVL  ,B ,Q,457.00,457.00,454.00,454.70,454.00,455.40,5,48,21872.00,
532989,BAFNA PHARMA,B ,Q,29.80,29.80,28.60,28.75,28.70,28.55,50,4536,131571.00,
532990,METKORE     ,T ,Q,2.39,2.39,2.39,2.39,2.39,2.40,2,102,243.00,
532991,MVL LIMITED ,B ,Q,0.37,0.37,0.37,0.37,0.37,0.37,2,2000,740.00,
532992,CHL LTD     ,XT,Q,19.00,19.00,19.00,19.00,19.00,18.55,1,100,1900.00,
532993,SEZALGLASS  ,T ,Q,7.91,7.91,7.91,7.91,7.91,7.76,1,10,79.00,
532994,ARCHIDPLY IN,B ,Q,51.25,51.70,50.80,51.10,51.10,50.90,54,3441,176166.00,
532997,KSK ENERGY  ,B ,Q,28.45,29.55,28.00,29.05,29.25,28.50,102,15077,439250.00,
532998,LOTUS EYE   ,B ,Q,15.90,16.00,15.60,15.75,15.85,15.85,29,4729,74492.00,
533001,SOMI CONVEY ,B ,Q,46.85,46.85,44.30,45.50,45.50,46.05,4,200,9175.00,
533006,BIRLA COTSYN,T ,Q,0.07,0.08,0.07,0.08,0.08,0.08,63,374355,27661.00,
533007,LGB FORGE   ,B ,Q,6.10,6.10,5.90,6.03,6.03,5.91,17,5366,32025.00,
533008,OCL IRON&ST ,B ,Q,10.60,11.00,9.65,10.00,9.65,10.50,130,81677,834856.00,
533012,LANDMRK PRO ,B ,Q,3.86,4.15,3.86,3.92,3.92,3.95,9,2451,9688.00,
533014,SICAGEN IND ,B ,Q,20.20,20.20,19.10,19.30,19.25,19.55,113,15878,309023.00,
533015,NUTEK INDIA ,B ,Q,0.62,0.65,0.62,0.62,0.62,0.63,15,22632,14148.00,
533017,RESURGERE   ,T ,Q,0.90,0.90,0.82,0.84,0.84,0.86,19,16640,13997.00,
533022,20 MICRONS  ,B ,Q,30.00,30.65,29.40,29.60,29.60,29.60,69,26583,786823.00,
533023,WABCO       ,B ,Q,6181.10,6210.00,6110.00,6145.35,6145.35,6177.90,188,956,5890897.00,
533029,ALKALI      ,B ,Q,56.00,61.20,56.00,59.80,59.80,57.05,69,9260,551297.00,
533033,ISGEC       ,B ,Q,5050.00,5200.00,4864.50,4893.60,4893.60,4817.00,283,1314,6522537.00,
533047,INDIAN MET  ,B ,Q,154.85,159.00,151.35,151.80,151.35,150.00,49,2385,369160.00,
533056,VEDAVAAG    ,XD,Q,25.40,25.60,23.65,25.55,25.60,24.75,55,12969,325479.00,
533065,REISIX TENR ,B ,Q,0.41,0.45,0.41,0.45,0.45,0.43,9,23813,10248.00,
533068,ARROW TEX   ,B ,Q,40.00,40.40,39.65,39.80,39.80,39.55,56,5267,210259.00,
533078,MANJEERA    ,XD,Q,38.00,38.00,36.25,36.25,36.25,38.00,2,10,366.00,
533080,MOLDTKPACK  ,B ,Q,203.00,206.00,202.60,203.05,203.00,201.95,194,11247,2296189.00,
533083,RISHABHDEV  ,XT,Q,0.58,0.58,0.54,0.54,0.58,0.56,16,19947,11161.00,
533088,MAH HOLIDAY ,B ,Q,415.00,420.00,408.30,418.60,420.00,412.25,573,4402,1837406.00,
533090,EXCEL       ,B ,Q,36.50,40.50,34.60,39.35,40.35,36.45,222,45585,1666792.00,
533093,RAJ OIL     ,T ,Q,1.26,1.26,1.26,1.26,1.26,1.21,4,11699,14740.00,
533095,BENGLA& ASM ,XC,Q,860.00,884.55,858.00,881.15,880.00,855.35,118,2609,2285708.00,
533096,ADANI POWER ,A ,Q,26.30,27.45,26.25,27.15,27.15,26.30,2115,1453433,38868402.00,
533098,NHPC        ,A ,Q,24.50,25.00,24.50,24.90,24.90,24.55,1279,378684,9404763.00,
533101,SURYAMBA SP ,XD,Q,57.90,59.85,57.90,59.85,59.85,57.90,28,6405,381055.00,
533103,JINDALCOTEX ,B ,Q,19.85,20.70,18.80,20.30,20.30,18.90,1455,251905,5061903.00,
533104,GLOBUS SPR  ,B ,Q,69.65,70.50,69.50,70.00,70.00,68.90,149,8580,601479.00,
533106,OIL INDIA   ,A ,Q,371.80,376.10,368.30,374.85,374.85,368.00,951,41605,15549013.00,
533107,RDEL        ,A ,Q,66.50,66.70,65.45,65.90,65.90,65.55,1433,256626,16909566.00,
533108,BHILWRA TEC ,XD,Q,6.50,7.40,6.50,7.40,7.40,6.95,3,2760,20269.00,
533109,EURO MULTI  ,B ,Q,1.99,1.99,1.91,1.91,1.91,1.93,3,700,1377.00,
533110,SH PRECOTED ,XD,Q,2.88,2.88,2.30,2.35,2.43,2.40,10,2756,6622.00,
533121,SQSBFSI     ,B ,Q,905.80,939.00,895.10,921.75,921.75,890.30,431,3496,3222428.00,
533122,RTNPOWER    ,A ,Q,11.04,11.04,10.82,10.87,10.87,10.84,285,261083,2846157.00,
533137,DEN NETWORK ,A ,Q,88.80,90.30,88.40,89.70,89.70,87.95,278,16210,1450153.00,
533138,ASTEC LIFE  ,B ,Q,354.00,377.25,354.00,368.35,368.35,352.20,2107,52963,19481923.00,
533144,COX KINGS   ,A ,Q,182.20,183.95,179.55,181.40,181.40,181.65,1377,52375,9509305.00,
533146,DLINK IND   ,B ,Q,112.00,114.90,102.25,103.80,103.80,110.20,1042,53398,5736155.00,
533148,JSW ENERGY  ,A ,Q,80.15,82.05,79.30,81.50,81.50,79.65,1410,263284,21253763.00,
533149,ESSAR SECU  ,XD,Q,22.95,23.45,21.80,23.35,23.45,22.35,22,1164,26839.00,
533150,GODREJ PROP ,A ,Q,350.00,365.00,349.90,363.70,363.70,346.35,1421,25208,9047461.00,
533151,D B CORP    ,A ,Q,410.95,416.00,404.75,409.90,404.75,407.85,144,3650,1501985.00,
533152,MBL INFRA   ,B ,Q,121.80,125.90,121.30,124.15,123.00,120.20,429,23311,2887085.00,
533154,INFINITE    ,B ,Q,202.50,202.50,198.00,200.90,200.90,198.55,57,2719,542039.00,
533155,JUBL FOOD   ,A ,Q,1189.90,1194.45,1140.00,1171.85,1171.85,1176.25,5055,60760,70593006.00,
533156,VASCON ENG  ,B ,Q,30.25,31.75,30.10,31.15,31.15,29.85,1211,249548,7783786.00,
533157,SYNCOM HEAL ,B ,Q,8.11,8.47,8.10,8.18,8.22,8.16,187,74733,614235.00,
533158,THANGAMAYIL ,B ,Q,285.00,288.75,281.25,284.75,284.00,279.45,154,5946,1697801.00,
533160,D B REALTY  ,B ,Q,53.10,54.95,51.70,53.80,53.80,52.80,841,82569,4419992.00,
533161,EMMBI       ,B ,Q,121.50,121.50,117.00,118.10,119.00,116.50,790,50019,5957287.00,
533162,HATHWAY CAB ,A ,Q,32.50,33.20,31.95,32.15,32.40,32.40,91,9167,295912.00,
533163,ARSS INFRA  ,B ,Q,90.45,93.35,88.00,92.60,92.60,89.55,5210,592424,54076292.00,
533164,TEXMO PIPES ,B ,Q,31.20,34.50,31.20,33.30,33.30,30.15,788,134696,4482579.00,
533166,SUNDARAMMUL ,B ,Q,4.43,4.43,4.17,4.24,4.24,4.21,219,408975,1764017.00,
533167,CORO ENGG   ,XC,Q,41.05,41.75,40.00,40.60,40.60,41.50,106,17271,703632.00,
533168,ROSSELL IND ,B ,Q,107.45,107.45,105.00,106.00,106.00,104.35,83,8573,905683.00,
533169,MAN INFRA   ,B ,Q,42.50,42.75,42.05,42.55,42.55,42.25,278,49485,2100051.00,
533170,TAMBOLI CAP ,XD,Q,63.00,63.90,61.20,62.30,62.95,62.30,50,2700,168663.00,
533171,UNITED BANK ,B ,Q,21.85,22.45,21.20,22.20,22.20,21.85,165,27202,603051.00,
533172,IVZINGOLD   ,E ,Q,2920.00,2920.00,2920.00,2920.00,2920.00,2930.48,1,9,26280.00,
533176,DQ ENT      ,B ,Q,21.00,22.40,21.00,21.75,21.75,21.20,162,28278,610761.00,
533177,IL&FS TRANS ,A ,Q,71.60,72.15,70.95,71.85,71.85,70.95,531,41243,2952520.00,
533178,PRADIPOVERS ,B ,Q,1.40,1.40,1.40,1.40,1.40,1.46,2,1351,1891.00,
533179,PERSISTENT  ,A ,Q,675.00,680.00,668.20,677.95,676.10,669.95,538,6754,4559607.00,
533180,SGJHL       ,B ,Q,6.42,6.67,6.42,6.50,6.50,6.65,37,12610,82086.00,
533181,INTRASOFT   ,B ,Q,461.00,478.00,452.00,455.25,455.25,454.70,933,12895,5988296.00,
533189,GOENKA DIAM ,Z ,Q,0.99,0.99,0.95,0.95,0.95,0.95,7,16500,16075.00,
533192,KCP SUGAR IN,B ,Q,38.40,40.05,37.60,38.35,38.35,38.05,1601,300494,11637511.00,
533193,KIRLOSKAR EL,B ,Q,46.80,49.40,46.80,47.20,47.20,46.35,1669,226085,10880708.00,
533200,TALWALKAR   ,B ,Q,228.25,236.95,228.25,233.90,233.90,228.70,440,16083,3727809.00,
533202,NITESH EST  ,B ,Q,12.59,12.84,12.35,12.45,12.45,12.45,57,11652,145146.00,
533203,TARAPUR TRA ,B ,Q,5.48,6.48,5.48,6.14,6.14,6.18,6,554,3401.00,
533204,MANDHANA    ,B ,Q,80.05,80.05,80.05,80.05,80.05,76.25,69,17506,1401355.00,
533206,SJVN        ,A ,Q,27.55,27.75,27.40,27.65,27.60,27.20,58,13946,385248.00,
533207,JPINFRATEC  ,A ,Q,9.25,9.35,9.12,9.17,9.17,9.13,256,158679,1463045.00,
533208,EMAMI PAPER ,XC,Q,72.95,73.50,70.75,71.50,71.30,69.30,69,410640,29374370.00,
533210,KRITI NUTRI ,XD,Q,17.10,17.65,17.10,17.45,17.60,17.95,17,4961,86085.00,
533211,PARAB DRUGS ,B ,Q,8.58,8.58,8.20,8.20,8.20,8.63,45,20350,167082.00,
533212,GKB OPHTHA  ,XD,Q,70.00,70.00,69.35,69.35,69.35,70.00,3,300,20935.00,
533216,TECHNOFAB   ,B ,Q,195.00,195.00,190.05,193.35,192.20,194.05,22,299,57644.00,
533217,HMVL        ,B ,Q,273.40,279.50,269.00,269.75,269.75,271.10,546,6957,1886702.00,
533218,EMAMI INFRA ,B ,Q,65.00,65.00,62.00,62.40,62.40,64.85,176,17752,1120082.00,
533219,SHRIASTER   ,T ,Q,2.44,2.50,2.44,2.49,2.50,2.56,8,3420,8350.00,
533221,ASIAN HTL W ,B ,Q,173.00,175.00,165.00,172.95,171.50,170.25,26,587,100321.00,
533227,ASIAN HTL E ,B ,Q,192.30,215.00,192.10,202.95,215.00,192.90,15,117,22699.00,
533228,BHARATFIN   ,A ,Q,803.00,827.65,792.95,817.05,817.05,790.05,11736,362839,295047206.00,
533229,BAJAJ CORP  ,B ,Q,393.40,397.60,386.55,394.70,394.70,389.65,393,6554,2581344.00,
533230,HDFCMFGETF  ,E ,Q,2919.00,2928.99,2915.00,2922.35,2927.99,2909.47,34,109,318445.00,
533239,PRAKASHSTL  ,B ,Q,1.47,1.68,1.47,1.65,1.65,1.53,235,416848,681800.00,
533244,GOLDIWIN    ,E ,Q,286.10,292.99,285.25,290.50,290.00,287.39,11,357,102573.00,
533248,GPPL        ,A ,Q,170.40,174.00,170.00,171.05,170.75,170.35,351,14121,2420250.00,
533252,WELSPUN INV ,B ,Q,68.30,72.45,68.30,72.35,72.45,67.90,13,2005,140762.00,
533257,INDOSOLAR   ,B ,Q,8.10,8.32,8.00,8.14,8.14,7.94,217,152083,1236756.00,
533258,TIRUPATI IN ,XT,Q,3.71,3.71,3.70,3.70,3.70,3.68,3,300,1111.00,
533259,MICROSECFIN ,B ,Q,66.05,66.50,65.00,65.20,65.20,64.70,34,6093,401815.00,
533260,CAREERP     ,B ,Q,113.70,115.25,113.35,114.95,115.25,113.10,67,3881,444023.00,
533261,EROS MEDIA  ,B ,Q,227.50,234.90,226.95,229.45,229.45,226.35,1722,93699,21563713.00,
533262,RAMKY INFRA ,B ,Q,83.50,85.20,82.55,82.95,82.95,82.45,188,9639,804881.00,
533263,GREENPOWER  ,B ,Q,10.01,10.40,10.01,10.11,10.11,10.06,171,64110,651859.00,
533264,ELECTROSTEEL,B ,Q,3.50,3.63,3.46,3.53,3.53,3.42,578,657461,2323857.00,
533265,GALLISPAT   ,B ,Q,598.90,600.00,597.00,599.35,598.40,598.70,488,19066,11424924.00,
533267,CANTABIL    ,B ,Q,75.00,78.90,75.00,77.20,77.40,74.00,81,2543,197735.00,
533268,SEATV       ,XD,Q,4.15,4.45,4.15,4.20,4.20,4.24,9,11000,46268.00,
533269,VATECH WABA ,A ,Q,580.95,589.00,578.35,580.85,580.85,580.95,251,3399,1984357.00,
533270,BEDMUTHA IN ,B ,Q,29.45,30.00,28.50,28.85,28.50,28.35,845,77759,2281633.00,
533271,ASHOKA      ,B ,Q,156.30,157.00,153.20,155.15,155.65,155.20,238,13382,2073291.00,
533272,CEBBCO      ,B ,Q,14.40,15.00,14.40,14.85,14.85,14.40,405,20721,305726.00,
533273,OBEROI REAL ,A ,Q,304.15,312.00,302.55,308.35,308.35,299.80,1305,27678,8507892.00,
533274,PRESTIGE    ,A ,Q,188.00,204.00,188.00,198.40,198.40,186.40,1458,57906,11499044.00,
533275,GYSCOAL     ,B ,Q,62.05,63.45,61.70,63.45,63.45,62.00,35,19125,1195209.00,
533276,BSLIMITED   ,B ,Q,9.10,9.29,8.79,8.87,8.87,9.10,1505,815796,7326559.00,
533278,COAL INDIA  ,A ,Q,322.65,330.40,322.65,329.40,329.40,323.75,5053,226291,74119360.00,
533281,TECHNO ELE  ,B ,Q,655.00,694.70,651.00,683.65,683.65,651.25,420,10084,6910394.00,
533282,GRAVITA     ,B ,Q,27.00,27.65,26.80,27.45,27.60,26.80,215,34242,934900.00,
533284,RPP INFRA   ,B ,Q,189.40,189.90,183.90,187.50,187.50,185.85,1192,104187,19368434.00,
533285,RDB REALTY  ,XD,Q,41.00,41.00,38.75,39.95,40.00,39.00,18,1300,51613.00,
533286,MOIL LTD    ,B ,Q,245.00,246.85,242.50,245.90,246.10,246.20,181,4422,1085154.00,
533287,ZEE LEARN   ,B ,Q,30.50,30.50,29.90,30.00,30.00,29.95,139,33352,1007433.00,
533288,CLARIS LIFE ,B ,Q,239.90,240.00,236.10,237.85,237.85,236.75,865,73433,17480701.00,
533289,KESAR TERMI ,B ,Q,523.80,545.00,518.00,524.25,524.25,516.65,224,3277,1725677.00,
533292,A2ZINFRA    ,B ,Q,40.70,41.15,39.70,40.20,39.90,40.25,1556,150766,6095659.00,
533293,KIRLOIL ENG ,B ,Q,282.10,291.70,281.35,289.50,289.50,271.10,1601,33047,9516011.00,
533294,RAVI KUMAR  ,B ,Q,8.20,9.30,8.15,9.00,8.91,8.42,106,17504,154648.00,
533295,PUNJABNSIND ,B ,Q,50.30,50.80,50.00,50.55,50.30,49.55,368,28240,1422735.00,
533296,FMNL        ,B ,Q,26.10,33.65,26.10,33.65,33.65,28.05,157,57236,1875077.00,
533298,SURANASOL   ,B ,Q,28.15,29.70,28.00,28.10,28.10,27.35,211,23010,653284.00,
533301,SHEKHAWATI  ,B ,Q,1.75,1.81,1.75,1.81,1.81,1.65,112,91849,165531.00,
533302,KALYANI INV ,B ,Q,1030.00,1252.00,1021.50,1252.00,1252.00,1043.35,330,2162,2514811.00,
533303,BF INVEST   ,B ,Q,123.90,139.00,122.70,135.25,135.25,123.20,1622,105638,14004772.00,
533305,SRS REAL    ,XC,Q,13.19,13.19,11.20,12.39,11.20,12.00,13,21560,283066.00,
533306,SUMMIT SECU ,B ,Q,340.00,376.15,340.00,366.50,365.00,345.40,143,2522,921866.00,
533309,DALMIABHA   ,B ,Q,1434.25,1456.00,1419.95,1443.25,1445.00,1420.55,661,4235,6079473.00,
533315,INNO INVEST ,XD,Q,6.36,6.94,6.15,6.36,6.36,6.91,33,6657,42469.00,
533316,STEL        ,B ,Q,28.70,28.70,28.65,28.70,28.65,29.45,2,150,4302.00,
533317,OMKAR SPC   ,B ,Q,155.80,158.40,154.10,155.50,155.50,154.15,640,36246,5663665.00,
533320,JUBILNT IND ,B ,Q,161.50,163.80,161.50,161.90,161.50,158.45,33,1008,163775.00,
533321,BIL ENERGY  ,B ,Q,1.01,1.01,0.96,1.01,1.01,0.92,32,77850,78205.00,
533326,TEXMACO RAIL,B ,Q,101.00,101.40,99.65,100.00,100.45,100.15,311,28558,2862459.00,
533329,IND TERRAIN ,B ,Q,157.15,162.00,156.00,160.25,160.25,157.75,166,6877,1095122.00,
533330,ACROPET TEC ,T ,Q,2.47,2.57,2.38,2.57,2.57,2.46,7,11451,27357.00,
533332,SUDAR       ,B ,Q,3.03,3.08,3.00,3.08,3.08,2.99,14,10010,30140.00,
533333,FINEOTEX  CH,B ,Q,24.20,25.15,23.90,24.25,24.25,23.85,212,42032,1022448.00,
533336,DHUNINV     ,B ,Q,146.50,146.50,142.60,144.75,143.20,142.75,32,1013,145886.00,
533339,ZEN TECH    ,B ,Q,83.20,86.75,83.20,84.15,84.15,83.85,438,30622,2610110.00,
533343,LOVABLE     ,B ,Q,267.00,269.15,262.00,262.25,262.25,264.75,587,22562,5977390.00,
533344,PTCFIN SER  ,B ,Q,40.05,40.20,39.05,39.75,39.75,39.45,810,230211,9142991.00,
533385,N100        ,E ,Q,303.15,303.15,303.00,303.02,303.10,300.00,5,207,62736.00,
533389,SHILPI CABLE,B ,Q,183.00,183.25,177.65,179.70,179.70,181.55,610,88251,16052458.00,
533393,TCI DEVELP  ,B ,Q,383.95,383.95,383.95,383.95,383.95,351.55,1,5,1919.00,
533398,MUTHOOT FIN ,A ,Q,366.00,367.95,344.15,351.65,351.65,361.45,10938,370638,131287549.00,
533399,PARAMOUNT PR,T ,Q,0.98,0.98,0.98,0.98,0.98,1.00,1,100,98.00,
533400,FCEL        ,B ,Q,21.30,21.70,21.15,21.55,21.55,21.15,528,278768,5985399.00,
533401,SERVALAKSHMI,B ,Q,3.92,3.92,3.92,3.92,3.92,4.12,1,5,19.00,
533407,CIL NOVA    ,B ,Q,36.10,36.10,34.60,34.80,35.00,35.00,3,40,1405.00,
533408,BSLGOLDETF  ,E ,Q,2978.00,2978.00,2910.02,2970.00,2970.00,2925.00,4,22,64638.00,
533411,SANGH FORG  ,B ,Q,42.00,42.00,41.00,41.75,41.25,41.50,7,306,12731.00,
533427,VMS INDUSTR ,XD,Q,16.50,16.90,16.50,16.90,16.90,16.70,2,1050,17665.00,
533451,KARMA ENERG ,B ,Q,17.20,18.05,17.10,17.10,17.10,16.90,6,2500,43800.00,
533452,WEIZMANN FX ,B ,Q,200.00,205.00,196.00,196.35,196.35,201.00,27,340,67525.00,
533470,RUSHIL DECOR,B ,Q,389.95,390.75,382.20,383.20,383.20,386.80,997,28499,10983918.00,
533477,ENKEI WHEEL ,XC,Q,152.00,164.20,152.00,156.95,156.00,150.60,142,22909,3619522.00,
533482,KRIINFRA    ,B ,Q,80.85,82.05,77.70,79.15,78.70,80.20,107,8050,643362.00,
533499,BGLOBAL     ,T ,Q,4.01,4.25,4.00,4.11,4.03,4.20,12,3152,12658.00,
533506,INVENTURE   ,B ,Q,18.50,18.75,18.00,18.55,18.75,18.00,26,8768,160465.00,
533519,LNT FH      ,A ,Q,86.00,87.90,86.00,86.95,86.95,86.15,2879,501942,43687827.00,
533520,INDBULL WSL ,B ,Q,27.00,28.95,27.00,28.95,28.95,26.35,577,146035,4174647.00,
533525,HEALTHTECH  ,XD,Q,27.50,27.50,27.50,27.50,27.50,28.90,1,10,275.00,
533540,TREE HOUSE  ,B ,Q,36.05,36.10,35.15,35.40,35.25,35.65,398,54442,1937094.00,
533543,BROOKS LABS ,B ,Q,116.90,122.00,115.95,119.35,119.35,116.10,1592,98338,11716109.00,
533552,RUPA & CO   ,B ,Q,292.00,295.75,292.00,294.65,294.80,292.15,30,498,146382.00,
533553,TD POWER    ,B ,Q,219.10,224.00,216.10,220.85,218.55,217.15,345,5563,1228713.00,
533569,SRS LIMITED ,B ,Q,6.65,7.96,6.60,7.81,7.81,6.64,2217,1102068,8286052.00,
533570,AXISGOLD    ,E ,Q,2855.01,2879.00,2855.01,2878.90,2878.90,2870.00,4,37,105683.00,
533573,ALEM PHARMA ,A ,Q,633.00,637.50,622.00,633.50,633.50,631.10,606,8946,5667051.00,
533576,VASWANI IND ,B ,Q,7.05,8.00,7.00,7.00,7.00,7.10,21,5639,39958.00,
533581,PG ELECTRO  ,B ,Q,164.05,169.10,163.90,165.85,165.85,162.85,478,26118,4340353.00,
533605,PRAKASH CON ,B ,Q,7.88,8.10,6.50,7.94,7.94,7.08,582,799303,6265660.00,
533608,RDB RASAYAN ,XD,Q,28.10,29.85,28.10,28.10,28.10,28.05,14,500,14177.00,
533629,TIJARIA PPL ,B ,Q,5.35,5.90,5.35,5.45,5.45,5.84,5,2001,10815.00,
533632,ONELIFE CAP ,B ,Q,31.45,31.45,29.10,30.25,30.25,30.85,172,14250,428660.00,
533638,FLEXITUFF   ,B ,Q,206.50,206.50,198.00,200.40,198.00,201.75,643,37814,7615556.00,
533644,UJAAS       ,B ,Q,22.95,23.00,22.60,22.85,22.85,22.35,227,106904,2436441.00,
533655,TRIVENITURB ,B ,Q,123.50,124.40,119.65,122.45,122.45,117.25,920,58548,7118307.00,
533676,INDO THAI   ,B ,Q,25.45,25.45,25.15,25.15,25.15,25.45,3,100,2523.00,
533704,ESSAR SHIP  ,B ,Q,26.55,27.15,25.30,26.50,26.65,26.30,88,17838,473559.00,
533719,IDBIGOLD    ,E ,Q,2903.63,2940.00,2903.63,2920.10,2920.10,2915.00,10,27,78941.00,
533758,APL APOLLO  ,B ,Q,936.50,936.50,930.00,930.50,930.00,930.25,11,1078,1008111.00,
533761,GPT INFRA   ,B ,Q,243.00,243.60,230.10,235.65,231.00,239.55,115,16880,4052334.00,
533790,KGN ENT     ,XD,Q,7.00,7.22,7.00,7.22,7.22,7.10,3,72,504.00,
533891,REL GOLD ETF,E ,Q,2740.00,2749.00,2732.00,2732.00,2732.00,2725.00,26,284,778120.00,
533896,FERVENTSYN  ,XC,Q,25.65,27.80,25.65,27.80,27.80,27.00,4,250,6842.00,
533941,TSIL        ,T ,Q,13.00,13.00,12.80,12.80,12.80,13.45,11,716,9190.00,
533982,TERASOFTWARE,XD,Q,86.50,89.50,85.20,86.20,86.20,86.60,108,12185,1051174.00,
534060,PMCFIN      ,XD,Q,0.41,0.44,0.41,0.43,0.43,0.40,122,1428609,609406.00,
534063,FUT SOL     ,XT,Q,72.50,74.30,71.50,74.30,74.30,72.00,8,1665,121344.00,
534064,AIML        ,XT,Q,104.50,115.00,104.40,104.40,104.40,109.85,4,1105,116972.00,
534076,ORIENT REF  ,B ,Q,95.50,99.95,93.00,95.75,97.00,93.95,563,51209,4899839.00,
534091,MCX LTD     ,B ,Q,1030.50,1031.00,1018.00,1019.90,1019.90,1028.55,1479,14900,15251037.00,
534139,SCHNEIDER   ,B ,Q,141.50,141.50,138.00,138.80,138.80,139.50,135,8685,1212315.00,
534184,NORL        ,B ,Q,6.00,6.00,5.85,5.90,5.90,5.89,140,70251,415243.00,
534190,OLYMPIC     ,XD,Q,20.85,22.90,19.70,22.40,22.40,23.00,69,58964,1247548.00,
534309,NBCC        ,B ,Q,243.00,246.50,242.35,243.80,243.80,241.05,3111,142472,34870815.00,
534312,MT EDUCARE  ,B ,Q,147.00,150.30,146.60,148.55,148.70,146.35,268,14107,2096340.00,
534328,HEXATRADEX  ,B ,Q,16.25,18.40,16.25,18.00,18.00,17.75,35,4900,87925.00,
534338,MAXHEIGHTS  ,XD,Q,50.00,51.90,50.00,51.90,51.90,50.05,12,8573,429508.00,
534369,TBZ LTD     ,B ,Q,69.20,69.80,68.60,69.15,69.15,68.40,276,22552,1558010.00,
534392,VSSL        ,B ,Q,75.35,76.95,73.25,75.90,76.95,75.90,22,2278,171940.00,
534422,LOOKS       ,B ,Q,17.80,17.80,16.25,16.25,16.25,16.25,5,429,7592.00,
534425,SPECIALITY R,B ,Q,92.70,92.70,90.75,91.25,91.45,91.00,11,393,35836.00,
534532,LYPSA GEMS  ,B ,Q,70.00,70.00,66.60,68.15,68.30,66.65,397,37364,2533432.00,
534535,BIOGRPAPER  ,XT,Q,2.84,2.84,2.75,2.78,2.78,2.78,3,300,834.00,
534567,VKS PROJECTS,T ,Q,0.14,0.14,0.13,0.13,0.13,0.14,14,101925,13340.00,
534597,RTNINFRA    ,B ,Q,3.55,3.72,3.55,3.59,3.60,3.53,81,224082,813562.00,
534598,SEPOWER     ,B ,Q,7.10,7.10,7.10,7.10,7.10,7.25,5,198,1405.00,
534600,JTL INFRA   ,XD,Q,61.00,61.00,59.00,60.85,61.00,59.85,5,100,5983.00,
534612,AMTL        ,B ,Q,32.45,33.30,32.10,33.30,33.30,32.45,15,1989,65610.00,
534615,NECC LTD    ,B ,Q,42.10,42.10,42.10,42.10,42.10,41.65,1,100,4210.00,
534618,SANGAM ADV  ,T ,Q,22.40,23.00,22.40,23.00,23.00,23.55,14,63235,1417769.00,
534623,JUPITER INFO,B ,Q,35.40,38.75,34.00,37.85,38.00,35.90,157,25997,957425.00,
534659,JOINTECA ED ,MT,Q,15.50,16.00,15.50,15.75,15.75,16.00,3,48000,752000.00,
534674,DUCON       ,B ,Q,14.30,14.70,13.76,13.89,13.76,13.91,51,36817,515187.00,
534675,PROZONINTU  ,B ,Q,26.75,26.75,25.85,26.05,26.00,26.25,126,30084,785229.00,
534690,LAKSHMIVILAS,B ,Q,142.00,143.50,136.40,136.80,136.80,140.75,813,67649,9435723.00,
534691,COMFORT COM ,B ,Q,12.32,13.00,12.30,12.61,12.50,12.39,96,6036,75518.00,
534707,ANSHUS CLOTH,B ,Q,2.74,3.34,2.74,3.34,3.34,3.04,242,252081,793211.00,
534731,BRONZE INFRA,B ,Q,2.42,2.67,2.42,2.64,2.65,2.59,49,23941,61459.00,
534733,ICVL STEELS ,XT,Q,16.45,16.45,16.45,16.45,16.45,16.45,2,500,8225.00,
534734,RMCHEM      ,XD,Q,99.90,99.90,98.90,99.70,99.70,100.90,18,40892,4077835.00,
534741,VIRTUAL GLO ,XC,Q,6.00,6.00,5.40,5.74,5.74,5.69,129,733443,4222440.00,
534742,ZUARI AGRO  ,B ,Q,174.80,174.80,166.50,171.50,171.95,166.95,122,6248,1054206.00,
534748,STEEL EXCH  ,XC,Q,60.80,61.50,58.35,60.65,61.20,60.25,2126,147772,8899518.00,
534756,TARA JEWELS ,B ,Q,36.00,36.45,35.00,35.80,35.80,35.00,165,17289,618420.00,
534758,CIGNITI TECH,B ,Q,448.00,449.80,442.65,444.55,444.85,445.05,245,7917,3530228.00,
534796,PANKAJ POLY ,XD,Q,20.45,20.45,20.45,20.45,20.45,21.50,1,100,2045.00,
534804,CARE RATING ,A ,Q,1039.00,1064.20,1032.80,1054.50,1054.50,1039.00,641,9499,9998208.00,
534809,PC JEWELLER ,B ,Q,414.30,423.00,408.70,421.80,421.55,409.40,788,16226,6782422.00,
534816,BH INFRATEL ,A ,Q,394.00,395.35,388.15,389.40,389.40,392.25,1269,52601,20589075.00,
534839,ECO FRIENDLY,M ,Q,16.65,16.65,16.65,16.65,16.65,16.35,3,8000,133200.00,
534927,ESTEEM BIO  ,M ,Q,32.80,32.85,32.80,32.85,32.85,32.25,22,80000,2627625.00,
534976,VMART       ,B ,Q,495.00,499.00,491.25,494.10,494.00,505.15,68,523,258757.00,
535141,SUNSTAR R   ,M ,Q,27.50,27.60,27.45,27.60,27.60,27.70,5,93000,2560050.00,
535142,CHANNEL NINE,M ,Q,26.20,26.20,26.20,26.20,26.20,25.70,7,17500,458500.00,
535204,MUKTA       ,XC,Q,131.40,131.40,131.35,131.35,131.35,134.00,5,351,46103.00,
535217,HPC BIO     ,M ,Q,45.10,45.10,45.10,45.10,45.10,44.30,1,3000,135300.00,
535267,COM FINCAP  ,XD,Q,12.33,12.50,12.30,12.49,12.50,12.44,58,4046,50189.00,
535276,SBISENSEX   ,B ,Q,295.00,296.50,295.00,295.05,296.00,290.50,13,155,45770.00,
535322,REPCO HOME  ,A ,Q,832.95,848.00,810.00,824.35,824.35,817.15,481,8710,7163907.00,
535458,NRB IND BEA ,B ,Q,45.00,45.00,41.10,41.25,41.10,44.00,12,1069,45364.00,
535467,AIFL        ,B ,Q,300.00,300.90,291.25,295.70,295.70,297.15,170,24248,7182575.00,
535601,SREELEATHER ,B ,Q,165.35,165.35,165.35,165.35,165.35,157.50,1,2,330.00,
535602,SHARDA MOTOR,B ,Q,1060.00,1100.00,1025.05,1082.10,1082.10,1071.90,101,5659,6012362.00,
535620,BINNY MILLS ,XD,Q,141.55,141.55,141.50,141.50,141.50,147.25,4,38,5377.00,
535621,SV GLOBAL   ,XC,Q,117.50,120.95,115.30,116.60,116.00,118.50,8,392,45801.00,
535648,JUSTDIAL    ,A ,Q,482.00,485.60,456.60,467.30,467.30,480.00,10333,347348,162558480.00,
535658,PAWANSUT    ,XD,Q,2.44,2.44,2.44,2.44,2.44,2.71,29,25856,63088.00,
535693,BRAHM INFRA ,XD,Q,37.00,37.00,37.00,37.00,37.00,35.70,3,550,20350.00,
535694,EDSL        ,B ,Q,5.50,5.77,5.50,5.71,5.51,5.50,7,7555,41689.00,
535754,ORIENT CEM  ,B ,Q,161.75,168.75,161.75,168.00,167.20,162.90,103,3850,636520.00,
535755,ABFRL       ,B ,Q,144.15,146.80,144.00,145.80,145.80,144.15,581,38660,5609302.00,
535789,IBUL HSG FIN,A ,Q,799.00,804.85,785.40,796.00,796.00,801.35,3656,82314,65493485.00,XD
535958,INTEGRA GAR ,T ,Q,3.41,3.41,3.09,3.32,3.41,3.25,10,7928,26853.00,
536128,VKJINFRA    ,B ,Q,141.00,143.00,121.00,128.00,128.00,130.00,4,1110,145230.00,
536170,KUSHAL      ,B ,Q,158.95,159.40,158.90,158.90,158.90,158.80,11074,1404912,223614037.00,
536264,TIGER LOGS  ,B ,Q,167.10,179.75,167.05,168.50,167.50,173.05,122,12220,2071721.00,
536456,RJ BIOTECH  ,M ,Q,37.50,37.50,37.50,37.50,37.50,37.50,1,3000,112500.00,
536493,JKAGRI GEN  ,XC,Q,432.00,440.00,425.70,431.00,432.60,430.00,32,546,235247.00,
536507,FUTLIF FAS  ,B ,Q,123.55,128.70,123.55,126.80,126.80,123.55,130,11668,1478780.00,
536565,TRIMURTHI   ,XD,Q,6.44,6.50,6.44,6.44,6.44,6.77,3,300,1938.00,
536592,SKFL        ,B ,Q,53.10,53.10,53.10,53.10,53.10,52.70,1,1,53.00,
536659,PVVINFRA    ,XD,Q,8.05,8.05,7.33,7.53,7.45,7.70,49,30251,227626.00,
536666,STAR FERRO  ,B ,Q,113.00,118.95,112.60,116.90,117.25,113.25,316,19152,2220057.00,
536751,FIVEX FIN   ,XD,Q,0.55,0.55,0.51,0.51,0.51,0.53,12,2120,1126.00,
536773,JIN POLY INV,B ,Q,91.00,94.60,88.15,89.30,90.60,89.00,21,1078,95812.00,
536799,SRS FINANCE ,XD,Q,11.00,11.00,10.10,10.75,10.75,10.00,26,11779,128368.00,
536820,BOSTON TEK  ,XT,Q,13.28,13.90,13.28,13.90,13.90,13.28,3,15635,217320.00,
536846,YURANUS INFR,XT,Q,7.10,7.10,7.10,7.10,7.10,7.09,1,100,710.00,
536960,M100        ,B ,Q,15.40,15.40,15.35,15.35,15.35,15.00,3,94,1446.00,
536965,BP CAPITAL  ,XD,Q,11.45,11.45,11.45,11.45,11.45,12.05,2,400,4580.00,
536974,CAPTAIN POLY,B ,Q,102.50,105.00,102.50,104.00,104.00,103.00,76,12734,1316648.00,
537007,NIFTYIWIN   ,B ,Q,89.00,89.00,89.00,89.00,89.00,87.20,4,4,356.00,
537008,NIF100IWIN  ,B ,Q,93.00,94.90,93.00,94.90,94.90,90.00,4,22,2084.00,
537068,SATYA MINERS,Z ,Q,8.10,8.10,8.10,8.10,8.10,7.84,1,10,81.00,
537069,ARNOLD HOLD ,XD,Q,47.20,47.20,46.50,46.95,47.00,46.80,5,500,23465.00,
537092,MODEX INT   ,XD,Q,136.75,136.75,115.00,118.00,118.00,125.85,134,26570,3179771.00,
537253,SUNIL HEALTH,XD,Q,95.00,100.00,95.00,98.05,99.80,94.30,48,5046,497185.00,
537254,RCI IND     ,M ,Q,95.00,95.00,95.00,95.00,95.00,90.90,2,15000,1425000.00,
537259,SUYOG TELE  ,M ,Q,285.00,285.00,285.00,285.00,285.00,275.00,1,1200,342000.00,
537291,NATH BIOGEN ,B ,Q,106.00,109.00,102.15,103.90,104.00,104.95,188,8788,922772.00,
537292,AGRI TECH   ,B ,Q,31.55,31.55,31.00,31.55,31.55,30.05,93,26450,832964.00,
537326,CHEMTECH IND,M ,Q,17.70,17.70,17.70,17.70,17.70,18.35,1,8000,141600.00,
537524,VIAANINDUS  ,XD,Q,385.10,385.10,381.00,381.00,381.00,385.80,88,5195,1994765.00,
537536,DENIS CHEM  ,XD,Q,95.00,96.00,93.20,94.45,95.00,96.60,12,1015,95477.00,
537708,KOTAKNIFTY  ,B ,Q,868.00,874.95,868.00,871.55,874.00,860.15,12,420,366041.00,
537750,KIRAN VYPAR ,XC,Q,110.00,115.10,105.60,114.85,114.85,109.80,29,4741,542301.00,
537766,BCP LTD     ,M ,Q,61.25,61.25,61.25,61.25,61.25,64.00,1,8000,490000.00,
537800,MANGALAM IND,XD,Q,21.20,21.20,21.20,21.20,21.20,22.30,13,1422,30146.00,
537820,VFL         ,B ,Q,87.00,87.05,86.30,86.30,86.30,86.00,9,1044,90521.00,
537838,MAHADUSHI IN,XD,Q,351.00,358.00,351.00,358.00,358.00,348.50,28,11922,4199334.00,
537839,PHOENIX TN  ,XD,Q,10.69,10.69,10.69,10.69,10.69,11.25,1,10,106.00,
537840,RAUNAQEPC   ,XD,Q,145.00,149.90,135.05,140.30,140.30,144.40,121,6169,877689.00,
538019,OBI LTD     ,M ,Q,31.20,31.20,31.20,31.20,31.20,31.50,1,10000,312000.00,
538057,CPSE ETF    ,B ,Q,22.50,22.94,22.46,22.81,22.80,22.30,329,15310,347188.00,
538081,HARIA APL   ,XD,Q,2.45,2.62,2.45,2.62,2.62,2.50,7,5053,13049.00,
538092,JOONKTOLLEE ,XD,Q,171.00,171.00,148.20,152.30,156.80,157.35,9,238,36337.00,
538180,GOLD LINE   ,XC,Q,262.40,262.40,260.00,262.40,262.40,258.15,13,2675,701860.00,
538268,WONDERLA    ,B ,Q,404.35,408.00,393.60,399.45,393.60,396.90,204,7578,3041797.00,
538310,IPRU2366    ,B ,Q,11.60,13.30,10.89,10.89,13.30,12.10,6,2003,22527.00,
538351,AFEL        ,XD,Q,12.39,12.75,12.00,12.31,12.50,12.15,288,104423,1282099.00,
538365,ADHUNIKIND  ,B ,Q,120.00,138.80,120.00,138.80,138.80,115.70,563,592176,80546765.00,
538422,JACKSON     ,XD,Q,7.65,7.65,7.65,7.65,7.65,7.80,156,165010,1262326.00,
538423,ALPS MOTOR  ,XT,Q,52.00,52.00,52.00,52.00,52.00,50.00,4,600,31200.00,
538432,DIVINUS     ,XD,Q,412.00,412.15,411.70,412.10,412.10,412.55,11,2250,927020.00,
538452,QUASAR      ,XD,Q,53.05,53.05,53.05,53.05,53.05,54.10,2,75,3978.00,
538476,CTL         ,XD,Q,54.50,59.10,51.10,58.35,59.10,55.10,394,61514,3537927.00,
538520,SBL         ,XD,Q,1.85,1.85,1.85,1.85,1.85,2.05,25,19317,35736.00,
538540,RLFL        ,XD,Q,11.70,12.73,11.62,11.65,11.65,12.23,83,294882,3590750.00,
538542,GOLDCOINHF  ,XD,Q,13.90,13.90,13.36,13.36,13.36,13.63,37,8594,114825.00,
538548,VITANAGRO   ,XD,Q,19.50,19.65,19.30,19.65,19.65,19.50,56,53010,1035444.00,
538562,SKIPPER     ,B ,Q,155.00,157.70,154.00,156.20,156.20,153.50,376,17903,2793804.00,
538564,JAMESWARREN ,XC,Q,136.05,139.95,136.00,137.45,137.45,138.25,6,113,15572.00,
538565,SHUBHRA     ,XD,Q,15.20,15.20,15.20,15.20,15.20,16.00,2,206,3131.00,
538566,POTENTIAL   ,XD,Q,42.45,42.45,42.45,42.45,42.45,42.45,8,1120,47544.00,
538567,GULFOIL LUB ,B ,Q,698.00,710.00,664.60,697.85,697.85,677.55,798,12681,8653547.00,
538568,FRUTION     ,XT,Q,20.00,20.00,18.45,18.45,18.45,19.40,57,1914,36949.00,
538575,SURYAMARK   ,XD,Q,14.70,15.10,14.50,14.50,14.55,14.85,111,27155,402122.00,
538577,IPRU2428    ,B ,Q,10.42,10.42,10.42,10.42,10.42,11.57,1,1,10.00,
538595,GLOSTER     ,XC,Q,261.00,274.50,261.00,267.00,264.50,264.00,8,51,13587.00,
538597,TTIENT      ,XD,Q,0.98,0.98,0.98,0.98,0.98,1.03,3,2136,2093.00,
538607,OJASASSET   ,XC,Q,13.95,15.00,13.40,14.92,15.00,14.49,71,150246,2050091.00,
538611,RTFL        ,XT,Q,20.50,20.50,20.50,20.50,20.50,19.80,1,20,410.00,
538634,VRL         ,XT,Q,24.00,24.80,24.00,24.80,24.80,23.65,4,535,13168.00,
538635,SNOWMAN     ,B ,Q,77.00,77.00,72.50,73.50,73.50,78.95,9418,1542880,114289768.00,
538646,PARNAMI     ,XT,Q,7.00,7.00,7.00,7.00,7.00,7.27,1,50,350.00,
538647,PURSHOTTAM  ,XD,Q,7.28,7.28,7.28,7.28,7.28,6.94,8,30300,220584.00,
538666,SHARDACROP  ,B ,Q,325.00,378.95,325.00,375.20,375.20,377.15,3020,75705,27550933.00,
538667,SIROHIA     ,M ,Q,12.58,12.58,12.58,12.58,12.58,12.58,3,30000,377400.00,
538684,ENCASH      ,M ,Q,25.85,25.85,25.85,25.85,25.85,26.35,5,15000,387750.00,
538685,SHEMAROO    ,B ,Q,332.00,335.00,317.00,320.75,320.75,331.85,984,9420,3080387.00,
538707,RCCL        ,XD,Q,19.25,22.05,19.25,22.05,22.05,24.00,9,702,14551.00,
538715,DHABRIYA    ,M ,Q,59.00,59.00,59.00,59.00,59.00,57.50,1,2500,147500.00,
538730,PDSMFL      ,B ,Q,173.00,176.90,173.00,175.00,175.00,171.95,18,960,167802.00,
538731,POWERGYM    ,M ,Q,11.70,11.70,11.70,11.70,11.70,12.95,1,4000,46800.00,
538765,JSHL        ,M ,Q,10.40,12.10,10.40,11.50,11.50,11.25,7,35000,392250.00,
538771,PINCON      ,B ,Q,74.80,76.50,72.55,73.00,73.00,74.70,795,151785,11173961.00,
538772,M3GLOBAL    ,XT,Q,6.40,6.40,6.40,6.40,6.40,6.40,4,1235,7904.00,
538787,GBFL        ,XD,Q,128.50,128.85,128.25,128.65,128.30,128.55,5652,138860,17855181.00,
538788,GILADAFINS  ,XT,Q,10.95,10.95,10.95,10.95,10.95,11.50,2,1000,10950.00,
538795,SAPPL       ,XD,Q,164.00,165.50,163.00,165.00,165.00,161.30,27,9401,1542669.00,
538808,D3YRCEERG   ,B ,Q,7.63,7.63,7.63,7.63,7.63,7.63,5,4990,38073.00,
538812,AANCHALISP  ,M ,Q,9.00,9.73,6.50,6.99,8.50,8.11,55,330000,2421420.00,
538817,CAPPIPES    ,M ,Q,45.00,45.00,45.00,45.00,45.00,46.05,1,3000,135000.00,
538834,MEL         ,XD,Q,304.80,304.90,304.80,304.85,304.90,304.85,6,900,274365.00,
538835,INTELLECT   ,B ,Q,212.80,214.40,210.50,212.75,212.75,210.80,1892,142867,30380158.00,
538836,MONTECARLO  ,B ,Q,455.35,460.00,443.10,447.65,447.00,451.55,237,2884,1302039.00,
538837,JSTL        ,XD,Q,26.00,26.70,25.00,26.00,26.00,26.00,11,701,17847.00,
538858,CAMSONBIO   ,XC,Q,21.00,26.00,21.00,26.00,26.00,21.70,596,193523,4735856.00,
538860,PANAFIC     ,XD,Q,25.00,25.10,24.90,25.00,25.00,26.00,27,26171,654323.00,
538874,NEXUSCOMMO  ,XT,Q,51.60,51.60,51.60,51.60,51.60,52.60,1,1000,51600.00,
538890,MKEXIM      ,XD,Q,9.84,9.85,9.84,9.84,9.85,9.40,3,920,9055.00,
538891,SIPROJECTS  ,XD,Q,123.00,123.40,122.05,122.95,123.00,121.55,1243,30746,3773713.00,
538896,KANCHI      ,XT,Q,22.50,23.35,22.50,22.75,22.75,22.45,20,2900,67315.00,
538902,DHUN TEAIND ,B ,Q,292.75,297.45,292.00,293.05,292.00,294.00,126,3080,906730.00,
538919,SKILVEN     ,XD,Q,16.47,16.47,16.47,16.47,16.47,14.99,1,10,164.00,
538922,COSYN       ,XD,Q,42.75,47.00,42.00,45.15,45.00,41.55,117,11342,509422.00,
538942,MERCANTILE  ,XD,Q,13.40,13.50,13.40,13.50,13.50,14.10,4,735,9876.00,
538961,GENUSPAPER  ,B ,Q,4.23,4.30,4.15,4.16,4.16,4.23,51,38198,160619.00,
538962,MINDACORP   ,B ,Q,113.50,119.95,108.85,117.95,117.95,111.10,826,59566,7012696.00,
538963,PACT        ,XD,Q,49.45,49.45,47.20,48.10,48.75,46.70,50,34519,1664278.00,
538964,MERCURYLAB  ,XT,Q,480.00,499.00,480.00,499.00,499.00,505.00,17,406,195297.00,
538965,CONCORD     ,XD,Q,70.00,70.00,65.00,65.55,65.00,65.55,24,4448,295878.00,
538979,GRNLAM IND  ,B ,Q,750.00,770.00,745.00,752.40,752.40,745.00,30,470,351846.00,
538987,TALBROSENG  ,XD,Q,184.00,227.55,182.45,227.20,227.20,189.65,134,9209,2023045.00,
538992,SAPL        ,XT,Q,194.50,194.50,190.00,193.05,193.80,195.50,5,115,21910.00,
538993,PUROHITCON  ,XT,Q,5.51,5.78,5.51,5.78,5.78,5.51,5,440,2455.00,
539006,PTCIL       ,XD,Q,225.00,225.00,225.00,225.00,225.00,229.45,1,50,11250.00,
539007,MODI        ,XC,Q,230.00,230.10,228.50,228.95,229.10,227.40,282,105605,24185659.00,
539013,GITARENEW   ,XT,Q,10.00,10.80,10.00,10.80,10.80,10.30,2,68,691.00,
539014,KALPACOMME  ,XC,Q,158.00,158.70,157.00,157.25,157.00,158.40,27,12414,1966721.00,
539015,ORTEL       ,B ,Q,169.00,169.00,168.90,169.00,169.00,168.05,3,46,7773.00,
539017,ASHFL       ,M ,Q,41.20,43.80,41.20,43.80,43.80,43.80,2,8000,340000.00,
539032,FRASER      ,XD,Q,51.00,52.50,50.75,52.10,52.10,50.70,3454,42470,2210648.00,
539040,TTIL        ,XD,Q,36.00,36.00,32.05,34.75,34.75,34.80,76,18218,626890.00,
539042,AGIIL       ,M ,Q,91.00,91.00,91.00,91.00,91.00,92.25,3,22000,2002000.00,
539043,MANAKINDLTD ,B ,Q,19.25,19.90,18.60,19.35,19.35,19.55,151,67026,1296106.00,
539044,MANAKSTELTD ,B ,Q,10.99,11.06,10.99,11.06,11.06,10.06,16,3013,33213.00,
539045,MNKALCOLTD  ,B ,Q,5.55,5.56,5.20,5.31,5.31,5.30,16,3681,20245.00,
539046,MNKCMILTD   ,B ,Q,9.50,9.50,8.27,9.01,8.97,8.25,42,10288,92899.00,
539056,ADLABS      ,B ,Q,83.25,88.00,83.25,85.95,85.95,83.20,683,54154,4680044.00,
539083,INOXWIND    ,B ,Q,217.80,221.50,216.20,218.65,218.65,215.75,644,22512,4936136.00,
539096,AANANDALAK  ,XT,Q,4.11,4.52,4.11,4.52,4.52,4.31,2,52,224.00,
539099,ATHCON      ,M ,Q,36.00,36.40,36.00,36.40,36.40,35.40,4,20000,723750.00,
539110,NORTHLINK   ,XD,Q,9.98,9.98,9.98,9.98,9.98,10.50,2,200,1996.00,
539111,SHESHAINDS  ,XD,Q,6.85,6.86,6.31,6.31,6.31,6.64,10,1907,13069.00,
539113,PML         ,XT,Q,3511.10,3649.70,3511.00,3649.70,3649.70,3695.00,4,9,31738.00,
539118,VRLLOG      ,B ,Q,317.00,319.00,311.05,313.60,313.60,311.90,2130,72256,22786873.00,
539120,BFFL        ,XT,Q,22.00,22.00,22.00,22.00,22.00,21.00,1,40,880.00,
539121,PALCO       ,XT,Q,25.85,26.00,25.65,26.00,26.00,25.70,52,3605,93203.00,
539122,BODHTREE    ,XD,Q,31.50,32.90,31.00,32.80,32.50,30.75,92,17757,570592.00,
539123,VBIND       ,XD,Q,375.70,375.90,375.65,375.80,375.70,375.60,491,14960,5621709.00,
539125,LAYLA       ,XC,Q,36.00,36.00,35.95,35.95,35.95,37.80,2,200,7195.00,
539126,MEP         ,B ,Q,43.75,43.80,42.10,43.05,42.75,43.35,216,137919,6012559.00,
539131,CLLIMITED   ,XD,Q,315.00,316.00,315.00,316.00,316.00,317.00,3,1700,536000.00,
539132,VEGETABLE   ,XD,Q,4.09,4.10,3.87,4.05,4.05,4.04,1727,105753,431822.00,
539141,UFO         ,B ,Q,530.00,550.15,530.00,540.50,539.85,523.60,525,12540,6775306.00,
539143,SBCL        ,XC,Q,278.00,281.25,277.55,279.75,279.85,277.35,4042,84847,23717652.00,
539148,SHIVALIK    ,XT,Q,135.00,147.00,133.10,147.00,147.00,140.00,56,11647,1694094.00,
539149,ICSL        ,XD,Q,1.39,1.39,1.39,1.39,1.39,1.39,1,1000,1390.00,
539150,PNCINFRA    ,B ,Q,559.90,567.90,557.00,563.05,560.00,553.90,66,462,260032.00,
539151,ARFIN       ,XD,Q,243.20,243.20,243.20,243.20,243.20,224.50,25,2252,547686.00,
539168,SPISYS      ,XD,Q,22.25,23.70,22.05,22.05,22.05,23.20,12,1905,43202.00,
539176,HAWAENG     ,XT,Q,29.00,30.95,29.00,29.05,29.05,29.50,6,2900,85600.00,
539177,AIIL        ,XD,Q,35.95,35.95,35.85,35.85,35.85,34.30,4,66,2369.00,
539195,POEL        ,XD,Q,42.00,46.50,42.00,44.30,44.00,42.45,90,9675,433435.00,
539196,AEL         ,XD,Q,196.50,208.00,191.90,201.75,201.00,193.35,506,46343,9149233.00,
539197,DEVHARI     ,XD,Q,2.75,2.75,2.75,2.75,2.75,2.50,1,50,137.00,
539200,NOBPOL      ,XD,Q,2.96,2.97,2.75,2.97,2.97,2.83,44,28595,83652.00,
539207,MANPASAND   ,B ,Q,697.95,702.00,690.05,695.20,697.00,695.05,339,5440,3793273.00,
539223,AMBITION    ,M ,Q,36.00,36.00,36.00,36.00,36.00,35.00,1,6000,216000.00,
539224,SIICL       ,XD,Q,12.28,12.28,12.28,12.28,12.28,11.70,2,17000,208760.00,
539227,LOYAL       ,M ,Q,17.00,17.00,17.00,17.00,17.00,18.25,1,8000,136000.00,
539251,NIRVIKARA   ,B ,Q,40.00,40.00,38.15,38.60,39.00,38.95,109,13293,516452.00,
539252,SCFL        ,B ,Q,8.00,8.00,8.00,8.00,8.00,7.79,2,50,400.00,
539254,ADANITRANS  ,B ,Q,37.95,41.50,37.95,40.05,40.05,37.65,3786,851772,34209462.00,
539255,STARDELTA   ,XD,Q,111.00,111.50,105.00,107.05,107.05,113.90,43,1954,214090.00,
539268,SYNGENE     ,B ,Q,414.40,420.40,411.50,416.15,416.15,411.10,647,17765,7349178.00,
539275,MSL         ,M ,Q,104.55,104.55,104.55,104.55,104.55,102.55,2,3000,313650.00,
539276,KAYA        ,B ,Q,785.00,792.00,771.50,779.25,778.95,784.65,293,2739,2136790.00,
539287,ORTINLAABS  ,B ,Q,18.85,19.20,18.55,18.55,18.55,18.60,41,7745,146890.00,
539289,MJCO        ,B ,Q,494.00,517.00,493.05,505.00,505.00,488.40,1170,29302,14853906.00,
539290,BINDALAGRO  ,B ,Q,25.10,27.40,25.10,26.30,26.60,25.35,127,17327,452104.00,
539301,ARVINFRA    ,B ,Q,85.80,88.90,85.00,86.55,86.55,85.70,300,13535,1178227.00,
539302,POWERMECH   ,B ,Q,540.00,542.00,537.00,538.15,538.15,539.45,21,138,74328.00,
539309,RAMASTEEL   ,B ,Q,114.00,117.20,113.50,115.75,115.75,113.35,252,36270,4183836.00,
539311,NFIL        ,XD,Q,17.10,17.60,15.50,16.62,16.62,16.39,35,5178,87082.00,
539312,UTISENSETF  ,B ,Q,282.00,283.70,282.00,282.30,282.30,282.00,3,300,84675.00,
539313,UTINIFTETF  ,B ,Q,874.00,875.00,872.00,872.00,872.00,866.00,5,106,92578.00,
539314,UNIAUTO     ,M ,Q,39.40,39.40,39.40,39.40,39.40,38.50,1,4000,157600.00,
539331,VETO        ,B ,Q,133.00,139.00,132.00,136.75,136.75,131.90,1220,63767,8658144.00,
539332,NAVKARCORP  ,B ,Q,206.40,210.00,203.95,205.35,205.35,204.75,344,8678,1791524.00,
539333,PENPEBS     ,B ,Q,185.55,198.00,184.20,187.90,190.40,185.40,200,7530,1438884.00,
539334,SHREEPUSHK  ,B ,Q,118.70,118.70,114.00,114.90,114.90,116.35,260,15234,1753610.00,
539336,GUJGAS      ,B ,Q,614.00,631.50,612.30,621.25,621.25,607.65,889,10951,6806248.00,
539346,SADBHIN     ,B ,Q,98.55,99.50,97.60,98.25,98.10,99.00,31,1449,142062.00,
539347,PHL         ,B ,Q,775.00,775.00,770.10,772.90,773.10,770.00,11,58,44866.00,
539351,PRABHAT     ,B ,Q,89.25,93.00,89.00,89.20,89.20,89.75,378,25214,2290284.00,
539354,POLYSPIN    ,XT,Q,45.35,45.35,45.35,45.35,45.35,45.35,3,600,27210.00,
539384,KRISHNACAP  ,XT,Q,4.09,4.09,3.75,3.75,3.75,3.90,7,7610,31085.00,
539391,ACME        ,XD,Q,19.60,19.65,19.60,19.65,19.65,19.60,2,4,78.00,
539392,SANGFROID   ,XD,Q,1.59,1.76,1.59,1.74,1.74,1.76,202,56387,90335.00,
539399,BELLACASA   ,M ,Q,29.00,29.00,29.00,29.00,29.00,29.00,1,5000,145000.00,
539400,MALLCOM     ,XD,Q,163.70,163.70,156.35,163.60,163.60,156.10,3,156,25529.00,
539404,SATIN       ,B ,Q,603.30,649.00,589.25,640.50,640.50,593.15,8563,136925,85812086.00,
539407,WELPLACE    ,XD,Q,36.25,36.35,35.85,36.00,36.00,36.00,54,3850,139359.00,
539408,KUBERJI     ,XD,Q,43.90,43.90,42.60,42.65,42.60,41.90,1265,77878,3323098.00,
539410,SIENERGY    ,XD,Q,42.25,42.50,42.25,42.30,42.30,41.90,11,8500,360550.00,
539436,COFFEEDAY   ,B ,Q,237.60,241.30,237.00,238.40,238.40,237.60,301,8722,2082034.00,
539437,IDFCBANK    ,B ,Q,49.20,50.60,49.20,50.25,50.25,48.95,3087,815081,40800708.00,
539446,KRISHFAB    ,XD,Q,36.50,38.25,36.40,38.00,38.00,35.30,82,33028,1254777.00,
539447,BEARDSELL   ,B ,Q,109.25,109.25,109.25,109.25,109.25,114.95,1,20,2185.00,
539448,INDIGO      ,B ,Q,834.95,838.75,816.00,821.25,821.25,825.35,6685,642397,531202399.00,
539450,SHK         ,B ,Q,255.00,258.95,252.50,257.40,257.40,251.95,507,19550,4981953.00,
539486,GEETANJ     ,XT,Q,23.00,23.65,21.95,22.60,22.70,22.75,363,188341,4215683.00,
539516,HDFCNIFETF  ,B ,Q,873.18,873.18,873.18,873.18,873.18,868.84,1,1,873.00,
539521,NAVIGANT    ,M ,Q,6.16,7.00,6.16,7.00,7.00,6.94,6,60000,378000.00,
539523,ALKEM       ,B ,Q,1506.30,1538.35,1503.00,1530.45,1530.45,1504.25,979,5401,8231435.00,
539524,LALPATHLAB  ,B ,Q,938.00,945.00,925.05,928.05,928.05,931.95,663,4774,4456663.00,
539525,NAVKETAN    ,XD,Q,9.00,9.00,8.23,8.55,8.85,8.58,52,66703,589517.00,
539528,AAYUSH      ,XD,Q,15.22,15.22,14.50,14.50,14.50,15.22,11,1240,18594.00,
539542,LUXIND      ,B ,Q,611.00,614.80,604.40,604.45,604.45,604.05,5,48,29173.00,
539544,ABHIINFRA   ,XD,Q,46.10,51.90,44.75,48.45,48.45,46.10,24,1409,66140.00,
539546,BNL         ,XD,Q,15.00,15.00,15.00,15.00,15.00,14.30,1,50,750.00,
539551,NH          ,B ,Q,322.40,324.00,315.15,317.25,317.25,319.00,282,5524,1761444.00,
539593,SHIVA       ,XT,Q,19.50,19.70,19.50,19.70,19.70,19.65,4,6044,118066.00,
539595,NATECO      ,XD,Q,62.60,63.40,62.50,63.15,63.40,62.50,245,57900,3640943.00,
539596,DELTA       ,XD,Q,20.25,22.65,20.25,22.55,22.65,20.60,48,13308,284357.00,
539597,JSLHISAR    ,B ,Q,67.40,70.90,66.80,67.65,67.65,66.85,2522,369112,25265021.00,
539620,AINFRA      ,XT,Q,19.60,19.60,19.60,19.60,19.60,18.70,1,2,39.00,
539636,PRECAM      ,B ,Q,137.00,149.50,136.00,148.20,148.20,136.70,2148,108947,15843161.00,
539658,TEAMLEASE   ,B ,Q,1067.00,1100.00,1067.00,1085.10,1085.10,1065.05,350,27812,30578351.00,
539660,SAHYOG      ,XT,Q,24.00,24.00,23.50,23.50,23.50,23.50,3,250,5950.00,
539678,QUICKHEAL   ,B ,Q,270.00,275.45,267.55,269.90,269.90,266.50,2542,114687,31151393.00,
539679,KAPILRAJ    ,XT,Q,12.51,12.51,12.48,12.50,12.50,12.50,4,1179,14715.00,
539680,GANGAPHARM  ,MT,Q,7.47,7.47,7.47,7.47,7.47,7.86,1,8000,59760.00,
539692,IFINSER     ,XT,Q,15.70,15.70,15.70,15.70,15.70,16.50,1,3,47.00,
539697,AIRL        ,XD,Q,21.35,22.65,21.35,22.30,21.35,22.45,94,108553,2440571.00,
539724,HYPERSOFT   ,XT,Q,10.00,10.00,10.00,10.00,10.00,10.00,1,1,10.00,
539725,GOKULAGRO   ,B ,Q,13.50,14.65,13.50,14.51,14.65,12.76,14,2022,28026.00,
539742,SIMBHALS    ,B ,Q,36.80,37.80,36.50,36.95,36.70,36.20,247,17734,657749.00,
539785,PDMJEPAPER  ,T ,Q,14.15,14.30,13.60,14.00,14.00,14.30,37,12660,173362.00,
539786,DUNE        ,XT,Q,11.48,11.48,11.48,11.48,11.48,11.71,5,675,7749.00,
539787,HCG         ,B ,Q,205.00,208.45,204.10,207.75,206.50,204.45,128,4534,937108.00,
539788,KDML        ,M ,Q,100.00,100.00,100.00,100.00,100.00,100.00,1,1200,120000.00,
539798,UMIYA       ,M ,Q,35.95,37.00,33.00,33.00,33.00,34.50,3,30000,1059500.00,
539799,BHARATWIRE  ,B ,Q,43.25,44.00,43.05,43.30,43.10,42.80,28,3058,133144.00,
539806,H1190M36RG  ,F ,Q,9.60,9.60,9.60,9.60,9.60,9.60,1,500,4800.00,
539807,INFIBEAM    ,B ,Q,763.00,843.45,750.30,821.95,817.00,758.35,7376,236620,186315703.00,
539833,SICLTD      ,XD,Q,10.51,10.51,10.18,10.18,10.18,10.01,34,52412,535766.00,
539837,RRML        ,M ,Q,53.50,53.50,53.50,53.50,53.50,53.50,2,6000,321000.00,
539841,LANCER      ,MT,Q,15.10,15.10,15.10,15.10,15.10,15.00,1,10000,151000.00,
539844,EQUITAS     ,B ,Q,174.00,182.00,173.65,180.70,180.70,172.65,8436,582642,104322366.00,
539861,SKIL        ,B ,Q,24.90,24.90,23.65,24.40,24.40,24.25,23,1761,42043.00,
539871,THYROCARE   ,B ,Q,557.65,560.95,550.10,551.85,551.85,552.45,446,3130,1736842.00,
539872,BAJAJHCARE  ,M ,Q,218.00,218.00,218.00,218.00,218.00,212.65,2,7200,1569600.00,
539873,BRONZE      ,XT,Q,20.55,20.55,20.55,20.55,20.55,19.60,1,600,12330.00,
539874,UJJIVAN     ,B ,Q,458.00,469.20,454.60,463.10,463.10,448.85,8596,413775,191119705.00,
539876,CROMPTON    ,B ,Q,163.70,165.50,162.55,163.55,163.55,161.70,1222,63334,10392535.00,
539883,PILANIINVS  ,T ,Q,1240.00,1290.00,1230.00,1279.05,1280.00,1235.85,67,1845,2303440.00,
539889,PARAGMILK   ,B ,Q,317.50,329.00,317.50,325.55,325.55,315.90,1669,47281,15327323.00,
539895,SAGL        ,XD,Q,34.00,34.00,34.00,34.00,34.00,34.00,2,52,1768.00,
539917,NAGARFERT   ,T ,Q,10.00,10.59,9.86,10.59,10.59,10.09,197,74537,767960.00,
539939,YASHCHEM    ,M ,Q,26.10,26.70,26.10,26.70,26.70,26.00,2,12000,316800.00,
539940,MAXVIL      ,B ,Q,60.15,63.35,60.15,61.55,61.55,60.05,1428,167902,10442889.00,
539944,RXXX1SR2G   ,F ,Q,9.20,9.20,9.20,9.20,9.20,9.15,1,2500,23000.00,
539956,TAALENT     ,B ,Q,315.00,329.40,306.05,312.65,312.65,315.00,201,5647,1782850.00,
539957,MGL         ,B ,Q,517.95,522.00,514.20,518.70,518.70,516.10,3799,65245,33871094.00,
539963,ZEAL        ,M ,Q,132.00,137.70,132.00,137.60,137.70,136.10,3,3000,407200.00,
539978,QUESS       ,B ,Q,625.00,632.00,613.65,619.05,619.05,622.60,7194,166580,103621931.00,
539979,DIGJAMLTD   ,B ,Q,11.60,12.06,11.60,11.78,11.78,11.89,153,91255,1081425.00,
539981,MAXINDIA    ,B ,Q,120.50,138.50,119.50,135.05,135.05,120.30,4885,306437,40190939.00,
539982,ASYL        ,M ,Q,12.00,12.00,12.00,12.00,12.00,12.00,1,10000,120000.00,
539984,HUIL        ,XT,Q,1010.80,1010.80,1010.80,1010.80,1010.80,1029.20,21,802,810661.00,
539992,LLOYDSTEEL  ,B ,Q,1.55,1.55,1.45,1.49,1.49,1.50,71,219514,325416.00,
540005,LTI         ,B ,Q,681.90,715.90,681.45,697.85,697.85,680.45,7204,169045,118514279.00,
540023,MIENT       ,XT,Q,15.17,15.17,15.17,15.17,15.17,14.45,2,101,1532.00,
540025,ADVENZYMES  ,B ,Q,1377.80,1460.00,1362.55,1423.65,1423.65,1363.65,27427,336202,480033369.00,
540027,PTIL        ,M ,Q,88.05,88.05,68.15,71.70,76.65,73.40,27,54000,3926000.00,
570001,TATAMTRTDVR ,B ,Q,324.00,332.45,321.90,331.20,331.20,321.80,2556,145645,47701091.00,
570002,FELDVR      ,A ,Q,18.55,19.80,18.55,19.80,19.05,18.90,16,5766,109326.00,
570003,GUJNREBNDVR ,B ,Q,2.30,2.47,2.30,2.42,2.42,2.40,10,1229,2950.00,
570004,JISLBNDVR   ,B ,Q,46.25,46.85,46.00,46.45,46.20,46.10,24,3310,152878.00,
580001,STAN CHART  ,B ,I,51.50,52.95,51.05,51.25,51.05,51.00,73,11702,603745.00,
590003,KARUR VY(PS ,B ,Q,487.60,492.00,486.10,487.30,487.30,485.45,578,10905,5329432.00,
590005,TIDE WATE(PS,B ,Q,5528.75,5528.75,5470.00,5488.20,5488.20,5445.45,294,569,3126576.00,
590006,AMRUTANJAN  ,B ,Q,440.05,452.90,440.05,444.80,444.00,443.40,293,3058,1365787.00,
590011,MOVING PI(PS,XD,Q,0.95,0.95,0.95,0.95,0.95,0.99,1,100,95.00,
590013,XPRO INDI(PS,B ,Q,49.20,53.00,49.20,50.40,50.50,48.95,241,26366,1353734.00,
590018,HISARMET(PS ,XD,Q,31.00,33.20,30.25,33.05,33.05,30.25,132,44176,1403887.00,
590021,BHARAT RA(PS,B ,Q,1154.60,1175.00,1140.50,1147.40,1147.40,1131.00,34,175,202079.00,
590022,EASTER SI(PS,B ,Q,2.55,2.77,2.55,2.77,2.77,2.67,3,71,196.00,
590024,FERT CHE(PS ,B ,Q,23.05,23.65,23.05,23.30,23.65,23.40,40,9218,216873.00,
590025,GINNI FIL(PS,B ,Q,27.20,27.20,25.70,25.80,25.85,25.55,112,24315,631641.00,
590028,NICCO COR(PS,T ,Q,0.50,0.50,0.50,0.50,0.50,0.50,7,37416,18708.00,
590030,SOUTH PET(PS,B ,Q,21.05,21.30,20.75,21.00,20.75,20.55,191,61863,1299444.00,
590031,DE NORA     ,B ,Q,325.00,334.10,325.00,329.50,329.30,321.65,120,1313,432387.00,
590035,TIRUP FOAM  ,XT,Q,52.00,52.00,52.00,52.00,52.00,52.10,6,600,31200.00,
590038,VISU INTL   ,B ,Q,0.98,0.98,0.98,0.98,0.98,1.00,4,1650,1617.00,
590043,HARITA SEAT ,B ,Q,630.00,633.60,615.00,628.10,628.10,610.35,80,1084,678158.00,
590046,SMRUTHI ORG ,XD,Q,137.00,137.00,130.05,133.00,130.10,134.50,19,895,119021.00,
590051,SAKSOFT LTD ,B ,Q,232.00,249.00,229.15,245.05,245.05,231.75,144,3196,776111.00,
590056,SALONA COTSP,B ,Q,33.80,33.80,31.70,32.00,32.00,31.65,11,850,27668.00,
590062,ANDHRA SUGAR,B ,Q,254.95,254.95,245.60,250.15,250.15,245.80,699,38916,9707473.00,
590065,INDIA MOTOR ,B ,Q,861.00,876.70,835.00,838.10,840.00,850.20,65,145,123387.00,
590066,KCP LTD     ,B ,Q,99.80,101.80,99.55,101.00,101.00,99.15,415,52948,5322953.00,
590070,RADAAN MEDIA,B ,Q,1.90,1.90,1.90,1.90,1.90,1.90,2,800,1520.00,
590071,SUNDARAM FIN,B ,Q,1478.00,1505.00,1478.00,1497.10,1491.55,1479.75,58,715,1061516.00,
590072,SUNDARAM BRK,B ,Q,325.00,330.00,323.20,326.80,326.80,319.95,24,415,136399.00,
590073,WHEELS INDIA,B ,Q,1190.10,1202.80,1189.00,1197.20,1193.00,1184.50,51,199,237715.00,
590075,LAMBODHARA T,B ,Q,103.85,105.50,103.00,103.85,103.85,103.85,151,8078,841730.00,
590078,MAITHAN ALL ,B ,Q,409.50,416.85,398.00,406.85,406.85,404.70,825,21123,8618050.00,
590080,EASTERN GAS ,XD,Q,31.30,31.30,29.05,30.00,30.00,31.15,17,1635,49433.00,
590081,BRAHMANAND  ,XT,Q,3.19,3.19,3.19,3.19,3.19,3.35,2,91,290.00,
590083,MAVENS BIO  ,XD,Q,0.60,0.60,0.58,0.59,0.59,0.58,5,10088,5870.00,
590084,KANCO ENTER ,XD,Q,1.92,1.93,1.92,1.93,1.93,2.02,5,1224,2360.00,
590086,ORISSA MINE ,B ,Q,2168.15,2220.00,2164.00,2175.10,2175.10,2157.85,390,1951,4266633.00,
590088,ADINATH BIO ,XD,Q,0.21,0.22,0.21,0.22,0.22,0.22,7,60600,13326.00,
590090,SWAGRO      ,XT,Q,3.56,3.92,3.56,3.92,3.92,3.74,3,5002,17807.00,
590091,TRINETHRA IN,XT,Q,0.34,0.34,0.34,0.34,0.34,0.33,1,151,51.00,
590094,FARMAX IND  ,B ,Q,0.11,0.11,0.10,0.11,0.11,0.11,13,103408,11243.00,
590095,GOLDBEES    ,E ,Q,2885.00,2920.00,2883.10,2909.24,2900.00,2877.14,210,2179,6314535.00,
590096,LIQUIDBEES  ,E ,Q,999.99,1000.01,999.99,1000.00,1000.00,999.99,757,263017,263014911.00,
590097,KOTAKGOLDETF,E ,Q,279.97,279.97,277.21,277.31,277.60,276.25,26,1295,359213.00,
590098,SBI GOLD ETS,E ,Q,2908.44,2910.00,2891.00,2898.00,2892.00,2884.71,54,251,727963.00,
590099,QUANTUM GOLD,E ,Q,1410.00,1419.95,1410.00,1418.25,1417.00,1407.90,14,29,41128.00,
590101,UTI GOLD ETF,E ,Q,2840.00,2859.97,2830.00,2858.98,2859.97,2837.45,29,144,409553.00,
590103,NIFTY BEES  ,B ,Q,873.99,886.70,873.99,885.74,884.00,872.37,89,904,798040.00,
590104,JUNIOR BEES ,B ,Q,224.00,228.85,224.00,227.00,227.00,222.60,24,262,59170.00,
590106,BANK BEES   ,B ,Q,1880.00,1915.00,1880.00,1911.65,1915.00,1871.00,12,13,24758.00,
590107,KOTAK PSU BK,B ,Q,293.00,299.00,292.00,298.15,299.00,290.00,41,1770,526489.00,
590108,PSUBNK BEES ,B ,Q,320.00,331.50,320.00,325.00,325.00,319.90,14,62,20249.00,
590116,7SEAS TECH  ,XD,Q,11.40,12.50,11.40,12.50,12.50,13.00,5,174,2037.00,
590120,PROVEST SER ,XD,Q,3.61,3.99,3.61,3.99,3.99,3.80,3,500,1957.00,
590122,ASHIKACR    ,XD,Q,31.30,31.30,31.30,31.30,31.30,31.30,1,2,62.00,
590126,GRADIENTE   ,XT,Q,1.77,1.78,1.62,1.75,1.75,1.70,13,32000,52945.00,
590130,KANCO TEA   ,XD,Q,178.95,179.00,169.00,175.00,175.00,171.00,13,546,95539.00,
590133,GENERA AGRI ,XD,Q,2.58,2.58,2.50,2.50,2.50,2.80,11,11399,29049.00,
590134,MADRASFERT  ,B ,Q,14.30,14.40,14.00,14.25,14.30,13.95,21,2871,40929.00,
600180,HDFC BANK LT,A ,Q,1490.00,1497.00,1475.00,1495.45,1495.00,1468.25,743,1122162,1673908784.00,
632659,IDFC        ,A ,Q,62.00,62.00,62.00,62.00,62.00,61.00,17,30128,1867936.00,
700087,MUKUND CRPS ,F ,P,4.75,4.75,4.75,4.75,4.75,4.75,1,9,42.00,
700102,SRRAYL ALKPS,F ,P,7.66,9.00,7.66,8.57,7.96,8.48,6,208,1634.00,
710054,RSWMOCRPS   ,F ,P,19.95,19.95,19.55,19.55,19.55,19.00,4,2870,56611.00,
715001,9LTFIN18PRF ,F ,P,106.75,106.75,106.75,106.75,106.75,104.04,1,1,106.00,
717502,JSW NCPS    ,F ,P,7.53,7.65,7.53,7.58,7.57,7.60,21,26264,199958.00,
717503,ZEE NCPS    ,F ,P,9.30,9.30,9.24,9.25,9.24,9.28,19,121211,1121200.00,
800251,SGB20151    ,G ,B,3230.00,3297.50,3230.00,3289.99,3289.99,3245.00,20,97,315223.00,
934783,LTFINNCDIII ,F ,D,1906.60,1920.00,1906.60,1919.33,1920.00,1920.16,3,140,268452.00,
934784,LTFINNCDIV  ,F ,D,1108.00,1109.90,1108.00,1109.50,1109.50,1100.00,9,350,388173.00,
934796,STF NCD2 RE ,F ,D,1064.99,1064.99,1064.99,1064.99,1064.99,1028.34,1,30,31949.00,
934802,STF NCD4 RE ,F ,D,1926.00,1926.00,1926.00,1926.00,1926.00,1928.25,1,10,19260.00,
934834,MFINNCD1F   ,FC,D,1105.55,1105.55,1105.55,1105.55,1105.55,1105.58,1,40,44222.00,
934837,RFLNCDO1C3  ,F ,D,1046.00,1046.00,1043.50,1043.50,1043.50,1043.00,6,176,183682.00,
934843,1325MFL17   ,F ,D,1070.00,1070.00,1070.00,1070.00,1070.00,1088.00,1,10,10700.00,
934844,0MFL17      ,F ,D,1774.00,1774.00,1770.00,1774.00,1774.00,1770.12,4,64,113368.00,
934847,1050TCFS19  ,F ,D,1126.00,1126.00,1126.00,1126.00,1126.00,1123.00,1,30,33780.00,
934853,STFC2012D   ,F ,D,1556.00,1570.00,1556.00,1570.00,1570.00,1560.00,11,491,770519.00,
934854,1275IIFL18  ,FC,D,1078.00,1080.00,1075.00,1077.36,1075.00,1077.97,16,311,335119.00,
934856,0IIFL18     ,F ,D,1655.01,1655.01,1645.00,1645.00,1645.00,1667.00,6,300,494870.00,
934864,RFL17D      ,F ,D,1069.00,1069.00,1069.00,1069.00,1069.00,1068.99,1,15,16035.00,
934866,RFL17F      ,F ,D,1610.00,1610.00,1610.00,1610.00,1610.00,1610.00,1,7,11270.00,
934871,1175MFL17   ,F ,D,1030.00,1034.00,1030.00,1034.00,1034.00,1075.00,5,180,185643.00,
934873,0MFL18      ,F ,D,1600.00,1600.00,1600.00,1600.00,1600.00,1570.00,2,25,40000.00,
934883,11SREI18IV  ,F ,D,1030.99,1031.00,1030.99,1030.99,1030.99,1030.99,3,111,114440.00,
934887,980STFC18   ,F ,D,1067.90,1067.90,1067.90,1067.90,1067.90,1054.00,1,45,48055.00,
934888,940STFC18   ,F ,D,1023.00,1023.00,1020.00,1020.00,1020.00,1021.50,3,77,78747.00,
934890,0STFC18     ,F ,D,1397.00,1397.00,1397.00,1397.00,1397.00,1391.05,3,220,307340.00,
934892,12MFL16     ,F ,D,998.01,1000.00,998.01,1000.00,1000.00,1001.10,10,330,329940.00,
934895,1225MFL16   ,F ,D,1104.00,1105.39,1104.00,1105.39,1105.39,1070.00,2,56,61887.00,
934899,0MFL16      ,F ,D,1390.00,1390.00,1390.00,1390.00,1390.00,1395.00,1,50,69500.00,
934905,0SIFL16     ,F ,D,1350.00,1350.00,1350.00,1350.00,1350.00,1354.00,1,5,6750.00,
934911,12IIFLI16   ,FC,D,1003.27,1006.00,1003.27,1006.00,1006.00,1004.01,6,307,308418.00,
934913,12IIFLIII18 ,F ,D,1094.37,1094.37,1090.00,1093.82,1093.82,1089.99,4,110,120286.00,
934915,1075STFC16  ,F ,D,1022.35,1022.35,1022.35,1022.35,1022.35,1025.55,1,10,10223.00,
934916,1075STFC18  ,F ,D,1083.66,1083.66,1082.66,1083.66,1083.66,1115.00,3,250,270865.00,
934918,0STFC16IV   ,F ,D,1328.50,1328.50,1328.50,1328.50,1328.50,1335.00,1,50,66425.00,
934922,1125MFL16B  ,F ,D,1005.02,1005.02,1000.10,1000.10,1000.10,1011.00,5,550,550845.00,
934932,1152IIHF18  ,FC,D,1054.20,1054.20,1052.00,1052.00,1052.00,1055.00,7,134,141128.00,
934944,1225MFL17E  ,F ,D,1016.02,1016.50,1010.00,1010.00,1010.00,1025.00,15,225,228460.00,
934953,1185ECL19C  ,F ,D,1080.00,1082.00,1077.00,1077.31,1077.00,1081.50,16,450,484954.00,
934956,1125MFL17II ,F ,D,1012.00,1012.00,1012.00,1012.00,1012.00,1012.00,3,126,127512.00,
934963,0MFL17IX    ,F ,D,1342.50,1342.50,1342.50,1342.50,1342.50,1338.20,2,100,134250.00,
935010,0MFL17I     ,F ,D,1312.25,1312.25,1312.25,1312.25,1312.25,1240.00,4,100,131225.00,
935016,12IIHFL2020 ,F ,D,1093.00,1093.10,1092.75,1092.89,1092.76,1093.00,10,418,456871.00,
935028,1225MFL17   ,F ,D,1018.02,1018.02,1018.00,1018.01,1018.00,1024.98,2,10,10180.00,
935066,1343KFL19   ,F ,D,1075.00,1308.00,1075.00,1308.00,1308.00,1090.00,8,150,182905.00,
935074,1140SREI19  ,F ,D,1036.00,1036.00,1036.00,1036.00,1036.00,1010.00,1,50,51800.00,
935088,12ECL20I    ,F ,D,1096.20,1096.20,1091.70,1092.00,1092.00,1094.00,6,335,366077.00,
935096,1075MFL17C  ,F ,D,1014.99,1015.97,1007.02,1007.02,1007.02,1002.13,9,156,158286.00,
935102,11MFL17F    ,F ,D,1021.00,1021.00,1021.00,1021.00,1021.00,1021.00,1,10,10210.00,
935114,0MFL20L     ,F ,D,1210.00,1210.00,1100.00,1100.00,1100.00,1338.30,5,800,882480.00,
935128,985STFC17   ,F ,D,1016.00,1020.00,1016.00,1018.19,1020.00,1028.50,4,67,68131.00,
935132,1015STFC21  ,F ,D,1092.05,1095.00,1092.05,1095.00,1095.00,1100.00,2,10,10935.00,
935192,0DSK2020    ,F ,D,6000.00,6000.00,6000.00,6000.00,6000.00,5950.00,6,25,150000.00,
935200,105MFL17    ,F ,D,1016.02,1016.02,1006.00,1006.00,1006.00,1014.00,4,125,126003.00,
935214,0MFL2017A   ,F ,D,1244.90,1244.90,1238.88,1238.96,1239.00,1247.99,4,125,155167.00,
935228,115MFL17E   ,F ,D,1018.00,1020.00,1018.00,1018.00,1018.00,1018.00,8,61,62146.00,
935232,0MFL2017G   ,F ,D,1244.00,1244.00,1244.00,1244.00,1244.00,1240.01,1,10,12440.00,
935252,1175MFL17VI ,F ,D,1130.00,1130.00,1130.00,1130.00,1130.00,1021.00,1,25,28250.00,
935284,11SREI17D   ,F ,D,1044.90,1044.90,1044.90,1044.90,1044.90,1044.90,1,95,99265.00,
935290,1125SREI19G ,FC,D,1058.99,1059.00,1058.79,1058.79,1058.79,1055.00,3,120,127075.00,
935315,940IFCI19C  ,F ,D,1023.00,1023.00,1023.00,1023.00,1023.00,1024.80,2,30,30690.00,
935321,990IFCI24F  ,F ,D,1099.98,1099.99,1099.98,1099.99,1099.99,1100.00,4,400,439995.00,
935327,1025MFL17   ,F ,D,1004.05,1010.49,1004.05,1005.10,1005.10,1009.00,37,794,800755.00,
935383,849NTPC25   ,F ,D,13.10,13.11,13.10,13.11,13.11,13.11,57,17309,226782.00,
935447,0SEFL2018F  ,F ,D,1150.00,1150.00,1130.00,1130.00,1130.00,1150.00,2,25,28650.00,
935449,975SEFL20G  ,F ,D,1001.00,1001.00,1000.00,1000.00,1000.00,1015.00,3,36,36020.00,
935451,1025SEFL20H ,F ,D,1015.00,1015.00,1015.00,1015.00,1015.00,1015.00,1,10,10150.00,
935469,0MMFL17A    ,F ,D,1112.25,1112.25,1112.25,1112.25,1112.25,1108.99,5,200,222450.00,
935482,9MFL2017    ,F ,D,982.00,991.00,981.01,991.00,991.00,990.00,7,280,275075.00,
935484,925MFL18    ,F ,D,1000.00,1000.00,992.01,1000.00,1000.00,992.00,6,390,387169.00,
935488,925MFL17    ,F ,D,1056.12,1056.12,1056.12,1056.12,1056.12,1050.00,1,150,158418.00,
935514,760PFC35    ,F ,D,1160.01,1160.03,1160.01,1160.03,1160.03,1185.00,2,39,45241.00,
935548,743REC35    ,FC,D,1130.00,1135.00,1130.00,1135.00,1135.00,1135.00,8,125,141649.00,
935580,739NHAI26   ,F ,D,1101.00,1101.00,1101.00,1101.00,1101.00,1077.01,7,200,220200.00,
935584,76NHAI31    ,FC,D,1110.00,1110.00,1109.00,1109.00,1109.00,1109.00,2,100,110920.00,
935588,9MFL19      ,F ,D,990.52,990.52,990.52,990.52,990.52,994.00,1,50,49526.00,
935618,774IREDA31  ,FC,D,1135.00,1135.00,1128.05,1128.05,1128.05,1135.00,5,1100,1241162.00,
935642,764HUDCO31  ,FC,D,1125.00,1125.01,1122.00,1122.00,1122.00,1115.15,17,1968,2212966.00,
935650,11KFL19     ,F ,D,1009.00,1009.00,1009.00,1009.00,1009.00,1009.00,1,10,10090.00,
935652,0KFL19      ,F ,D,1012.00,1012.00,1010.00,1010.00,1010.00,1015.00,2,59,59658.00,
935666,769NHAI31   ,FC,D,1121.00,1121.00,1118.00,1118.93,1118.00,1119.05,10,1616,1808874.00,
935674,769HUDCO31  ,FC,D,1123.00,1123.00,1121.00,1121.00,1121.00,1122.40,18,3030,3399143.00,
935682,764IRFC31   ,FC,D,1114.75,1114.75,1114.75,1114.75,1114.75,1113.00,1,500,557375.00,
935688,729NABARD26 ,F ,D,1080.00,1080.00,1080.00,1080.00,1080.00,1065.00,1,5,5400.00,
935690,764NABARD31 ,FC,D,1110.00,1110.50,1109.00,1109.92,1109.00,1108.57,38,5252,5828648.00,
935694,875MFL19    ,F ,D,999.99,999.99,980.00,980.00,980.00,980.00,2,352,345999.00,
935700,9MFL19A     ,F ,D,990.11,990.11,990.11,990.11,990.11,990.01,1,10,9901.00,
935708,0MFL18A3    ,F ,D,972.01,972.01,972.01,972.01,972.01,980.00,2,10,9720.00,
935740,872MMFSL26  ,F ,D,1003.00,1003.00,1002.85,1003.00,1003.00,1004.00,6,541,542614.00,
935752,9MMFSL26    ,FC,D,1020.15,1023.80,1020.10,1023.04,1023.80,1021.21,43,5098,5210947.00,
935760,MMFSL26A    ,F ,D,1018.90,1019.89,1012.00,1018.00,1018.00,1019.99,9,381,388032.00,
935762,0KFL17B     ,F ,D,975.00,975.00,975.00,975.00,975.00,975.00,1,10,9750.00,
935770,0KFL19A     ,F ,D,975.00,975.00,975.00,975.00,975.00,975.00,13,246,239850.00,
935778,95EHFL19    ,F ,D,1025.00,1025.00,1025.00,1025.00,1025.00,999.00,3,20,20500.00,
935782,975EHFL21   ,F ,D,1020.00,1020.00,1020.00,1020.00,1020.00,1020.00,1,10,10200.00,
935786,957EHFL26   ,F ,D,1025.00,1025.00,1020.50,1021.18,1020.50,1022.50,17,218,222808.00,
935788,10EHFL26    ,F ,D,1003.00,1004.79,1003.00,1004.04,1004.04,1002.08,106,10064,10107275.00,
949865,ECLC7A401   ,F ,D,141204.00,141204.00,141204.00,141204.00,141204.00,0.00,2,45,6354180.00,
951066,IDBI17OCT14 ,F ,D,1073050.00,1073050.00,1073050.00,1073050.00,1073050.00,1072500.00,1,1,1073050.00,
951801,EFILB7C501  ,F ,D,102184.00,102184.00,102184.00,102184.00,102184.00,94460.00,4,90,9196560.00,
961670,ICIRIBSEPT07,F ,B,10800.00,10800.00,10800.00,10800.00,10800.00,10800.00,1,1,10800.00,
961695,IDFCBKBD1B  ,F ,B,7321.15,7495.00,7321.15,7495.00,7495.00,7335.00,3,12,88564.00,
961696,IDFCBKBD1C  ,F ,B,4998.00,5000.00,4998.00,5000.00,5000.00,4900.00,5,14,69994.00,
961697,IDFCBKBD1D  ,F ,B,6982.15,6982.15,6982.15,6982.15,6982.15,7007.10,1,4,27928.00,
961700,IDFCBKBD1F  ,F ,B,7139.00,7139.00,7139.00,7139.00,7139.00,7135.00,1,4,28556.00,
961703,SBIBIVR     ,FC,B,11319.89,11330.00,11315.00,11329.98,11330.00,11319.90,15,91,1030364.00,
961706,IIFCLBDIS2  ,F ,B,1400.00,1435.00,1400.00,1435.00,1435.00,1420.10,3,60,85400.00,
961708,IIFCLBDIS4  ,F ,B,1435.10,1450.00,1435.10,1440.10,1440.10,1420.01,3,40,57553.00,
961711,PFCBS1      ,F ,B,4969.01,5025.00,4969.01,5010.00,5010.00,5000.00,4,16,80116.00,
961712,PFCBS2      ,F ,B,7341.00,7420.00,7341.00,7420.00,7420.00,7371.00,13,40,295350.00,
961714,PFCBS4      ,F ,B,7500.00,7500.00,7381.10,7500.00,7500.00,7400.00,3,10,74524.00,
961725,MFINNCD2C   ,F ,B,1085.93,1085.93,1085.93,1085.93,1085.93,1077.00,1,27,29320.00,
961726,MFINNCD2D   ,F ,B,1804.00,1814.00,1804.00,1810.00,1810.00,1803.00,12,151,272778.00,
961728,830NHAI27   ,FC,B,1218.80,1219.50,1218.80,1219.50,1219.50,1211.00,3,1000,1219025.00,
961729,820PFC2022  ,FC,B,1160.00,1160.10,1160.00,1160.01,1160.01,1160.00,11,1100,1276013.00,
961730,830PFC2027  ,F ,B,1209.99,1209.99,1199.05,1199.30,1199.30,1198.25,4,293,354061.00,
961731,8IRFC230222 ,FC,B,1159.95,1159.95,1159.95,1159.95,1159.95,1149.63,2,200,231990.00,
961733,HUDCO050322 ,FC,B,1117.70,1117.99,1115.00,1115.09,1117.99,1118.90,11,1516,1693121.00,
961743,793REC22    ,F ,B,1085.00,1105.00,1085.00,1105.00,1105.00,1085.10,2,100,109500.00,
961744,812REC27    ,FC,B,1127.05,1132.00,1127.05,1132.00,1132.00,1126.50,7,1100,1242745.00,
961748,722REC22TF  ,F ,B,1078.50,1082.00,1078.50,1082.00,1082.00,1077.70,2,30,32390.00,
961749,738REC27TF  ,F ,B,1106.00,1106.00,1106.00,1106.00,1106.00,1110.00,1,5,5530.00,
961750,719PFC2023  ,F ,B,1072.00,1072.00,1072.00,1072.00,1072.00,1072.00,1,10,10720.00,
961751,736PFC2028  ,F ,B,1100.01,1100.01,1100.01,1100.01,1100.01,1097.00,1,5,5500.00,
961754,740IIFCL33  ,FC,B,1125.10,1125.10,1125.10,1125.10,1125.10,1127.00,1,50,56255.00,
961755,718IRFC2023 ,FC,B,1088.63,1088.63,1088.45,1088.45,1088.45,1092.00,3,170,185056.00,
961765,751HUDCO28  ,FC,B,1132.25,1132.25,1130.00,1130.00,1130.00,1119.02,5,1195,1352237.00,
961784,839HUDCO23  ,F ,B,1166.00,1218.00,1166.00,1218.00,1218.00,1165.81,2,100,119200.00,
961785,876HUDCO28  ,F ,B,1245.00,1246.00,1245.00,1246.00,1246.00,1240.00,10,1362,1696452.00,
961795,838IIFCL28  ,F ,B,1200.00,1210.00,1200.00,1210.00,1210.00,1193.00,2,300,362000.00,
961808,866NTPC23   ,F ,B,1269.99,1269.99,1260.00,1260.00,1260.00,1226.17,2,20,25299.00,
961809,873NTPC28   ,F ,B,1275.00,1300.00,1275.00,1300.00,1300.00,1275.00,2,200,257500.00,
961810,891NTPC33   ,F ,B,1305.00,1312.00,1305.00,1312.00,1312.00,1307.05,7,51,66585.00,
961816,901HUDCO34  ,FC,B,1310.00,1310.00,1301.00,1301.00,1301.00,1301.00,2,224,292324.00,
961820,866IIFCL24C ,F ,B,1135.00,1211.95,1135.00,1210.12,1210.00,1219.99,19,3760,4536301.00,
961822,891IIFCL34  ,FC,B,1263.00,1288.00,1262.99,1262.99,1262.99,1278.99,4,142,181840.00,
961839,880IREDA29  ,F ,B,1220.00,1220.00,1220.00,1220.00,1220.00,1220.00,13,1000,1220000.00,
961849,861KPL24    ,F ,B,1160.00,1160.00,1160.00,1160.00,1160.00,1150.00,2,53,61480.00,
961853,900KPL34    ,F ,B,1299.00,1302.50,1299.00,1302.50,1302.50,1299.00,2,50,65114.00,
961865,896HUDCO34  ,F ,B,1275.00,1275.00,1275.00,1275.00,1275.00,1170.01,3,300,382500.00,
961869,863REC29    ,F ,B,1166.00,1166.00,1166.00,1166.00,1166.00,1166.00,1,50,58300.00,
961877,886REC34    ,F ,B,1350.00,1350.00,1211.00,1211.00,1211.00,1201.10,2,200,256100.00,
961895,880IIFCL29  ,F ,B,1205.00,1205.00,1205.00,1205.00,1205.00,1205.00,2,110,132550.00,
972608,IFCI150910A ,F ,B,5100.63,5179.90,5100.63,5150.01,5150.01,5146.00,23,52,267645.00,
972609,IFCI150910B ,F ,B,7579.80,7579.80,7515.00,7560.01,7560.01,7579.80,21,45,338957.00,
972657,IFCI010811D ,F ,B,11376.00,11380.00,11376.00,11380.00,11380.00,11376.00,5,70,796440.00,
972660,IFCI310111A ,F ,B,4861.50,4880.02,4851.01,4880.02,4880.02,4860.02,12,24,116870.00,
972661,IFCI310111B ,F ,B,7200.00,7200.00,7161.00,7168.00,7168.00,7187.00,23,63,452405.00,
972663,IFCI310111D ,F ,B,6850.00,6850.00,6800.00,6800.00,6800.00,6800.01,2,5,34050.00,
