SC_CODE,SC_NAME,SC_GROUP,SC_TYPE,OPEN,HIGH,LOW,CLOSE,LAST,PREVCLOSE,NO_TRADES,NO_OF_SHRS,NET_TURNOV,TDCLOINDI
500002,ABB LTD.    ,A ,Q,2954.85,2955.00,2919.45,2943.00,2944.45,2943.85,633,2875,8445302.00,
500003,AEGIS LOGIS ,A ,Q,345.00,346.80,339.50,343.00,344.05,347.50,557,7962,2732861.00,
500008,AMAR RAJA BA,A ,Q,573.00,577.05,568.80,572.50,570.15,574.70,1428,22777,13038837.00,
500009,A.SARABHAI  ,X ,Q,25.90,26.35,25.55,26.00,26.00,25.95,186,55168,1433542.00,
500010,HDFC        ,A ,Q,2743.85,2779.80,2739.00,2766.00,2766.00,2740.70,6443,42338,117084730.00,
500012,ANDHRA PETRO,X ,Q,75.20,75.20,72.25,73.30,73.90,74.15,361,39005,2871396.00,
500014,UTIQUE      ,X ,Q,5.78,6.00,5.63,5.73,5.76,5.73,124,14606,83693.00,
500016,ARUNAHTEL   ,X ,Q,14.90,14.90,13.75,14.48,14.48,14.78,16,1419,19977.00,
500020,BOM DYEING  ,B ,Q,76.40,76.50,73.70,74.05,74.05,75.70,1310,81542,6095122.00,
500023,ASIANHOTNR  ,B ,Q,77.60,79.70,76.55,78.60,78.60,78.10,11,208,16160.00,
500027,ATUL LTD.   ,A ,Q,7150.00,7190.15,7052.65,7149.80,7111.00,7131.90,641,1174,8360054.00,
500028,ATV PROJECTS,XT,Q,9.15,9.78,9.13,9.31,9.50,9.37,62,15859,147496.00,
500031,BAJAJ ELECT.,A ,Q,1130.00,1148.45,1129.75,1140.60,1141.95,1133.30,226,805,916161.00,
500032,BAJAJHIND   ,A ,Q,15.30,15.85,15.20,15.40,15.40,15.35,1580,546877,8456673.00,
500033,FORCE MOTR  ,B ,Q,1478.40,1486.05,1465.85,1470.50,1470.80,1480.55,311,1577,2327588.00,
500034,BAJFINANCE  ,A ,Q,5889.00,5920.00,5845.00,5855.40,5855.40,5866.50,8612,42991,252746817.00,
500038,BALRAM.CHINI,A ,Q,386.65,388.05,372.10,373.40,373.40,386.00,1551,41309,15630384.00,
500039,BANCO PROD. ,B ,Q,203.40,203.40,197.00,200.05,200.85,199.35,188,4405,875233.00,
500040,CENTURY TEXT,A ,Q,700.15,706.90,696.00,698.40,696.00,702.35,462,4975,3479902.00,
500041,BANNARI AMAN,B ,Q,2745.00,2789.25,2717.15,2744.05,2744.05,2766.50,63,731,2006769.00,
500042,BASF INDIA  ,A ,Q,2612.45,2636.90,2606.45,2626.80,2626.80,2617.80,236,746,1953065.00,
500043,BATA INDIA  ,A ,Q,1571.60,1580.00,1566.10,1572.05,1572.55,1571.65,955,5922,9314045.00,
500048,BEML LTD    ,A ,Q,1505.60,1524.90,1500.00,1510.75,1516.00,1511.00,686,4170,6304605.00,
500049,BHARAT ELECT,A ,Q,101.45,101.80,100.20,100.65,100.65,101.45,1632,191727,19355814.00,
500052,BHANSALI ENG,A ,Q,110.50,112.95,110.50,110.80,111.15,111.05,917,82892,9263828.00,
500058,BIHAR SPONGE,XT,Q,10.90,10.90,10.21,10.37,10.37,10.51,105,18074,188155.00,
500060,BIRLACABLE  ,B ,Q,146.55,147.85,143.25,144.80,144.50,146.85,365,5985,870401.00,
500067,BLUE STAR   ,A ,Q,1238.05,1251.00,1236.10,1244.35,1240.50,1239.50,342,1072,1333305.00,
500068,DISA INDIA  ,X ,Q,8299.00,8337.95,8240.05,8251.00,8251.00,8299.00,9,16,132461.00,
500069,QUESTCAP    ,X ,Q,218.00,229.75,218.00,220.85,227.90,218.00,14,483,106352.00,
500074,BPL LTD.    ,B ,Q,71.60,72.00,69.85,70.10,70.10,70.75,159,7560,534198.00,
500078,OAL         ,B ,Q,413.30,414.00,396.20,400.50,396.20,404.35,147,864,348630.00,
500083,CENTURY EXT ,B ,Q,9.36,9.87,9.36,9.75,9.82,9.61,142,17341,169437.00,
500084,CESC LTD.   ,A ,Q,74.00,74.50,73.80,73.95,74.00,74.15,282,25766,1908724.00,
500085,CHAMBAL FERT,A ,Q,303.70,306.85,298.40,299.45,299.60,305.05,1220,43553,13181062.00,
500086,EXIDE IND.  ,A ,Q,184.40,185.70,181.60,183.50,183.50,184.35,2204,79512,14567047.00,
500087,CIPLA LTD.  ,A ,Q,1059.05,1074.75,1054.85,1061.50,1062.25,1062.60,2349,28660,30575773.00,
500092,CRISIL LTD  ,A ,Q,2991.90,3004.30,2967.45,2990.85,3003.80,2985.70,428,802,2394322.00,
500093,CGPOWER     ,A ,Q,304.05,308.25,294.10,299.25,299.25,303.70,6303,261347,78397387.00,
500096,DABUR (I)   ,A ,Q,566.00,569.15,561.50,567.05,567.85,564.35,661,9675,5474463.00,
500097,DALMIASUG   ,A ,Q,363.05,365.75,357.45,359.50,357.50,361.15,422,4960,1790750.00,
500101,ARVIND Ltd  ,A ,Q,86.75,87.30,86.10,86.25,87.00,86.85,765,45808,3975777.00,
500102,BALARPUR IND,Z ,Q,0.96,1.00,0.96,0.98,0.98,0.96,116,301705,298010.00,
500103,BHEL        ,A ,Q,80.60,80.65,77.70,78.35,78.35,80.25,6275,1225393,96913061.00,
500104,HIND.PETRO  ,A ,Q,250.40,252.65,247.80,249.25,249.20,250.35,1343,333072,83185691.00,
500106,IFCI LTD    ,A ,Q,13.24,13.29,12.97,13.05,13.05,13.13,2554,4082149,53458207.00,
500108,MAHA.TELE   ,B ,Q,25.80,25.85,24.80,25.05,25.05,25.75,1992,840338,21146069.00,
500109,MRPL        ,A ,Q,58.55,58.80,57.95,58.20,58.20,58.50,1836,221499,12956924.00,
500110,CHENNAI PET.,A ,Q,239.00,239.40,230.50,234.05,234.05,236.00,2355,90133,21241282.00,
500112,STATE BANK  ,A ,Q,602.45,604.60,593.00,594.35,594.35,600.45,8344,217501,130217177.00,
500113,STEEL AUTH. ,A ,Q,92.70,93.15,90.65,90.90,90.90,93.05,3840,760430,69614251.00,
500114,TITAN       ,A ,Q,2370.00,2390.00,2364.00,2371.55,2371.55,2365.75,4753,103711,247410912.00,
500116,IDBI BANK L ,A ,Q,55.05,55.50,53.00,53.50,53.50,54.95,5472,1349501,73037528.00,
500117,DCW LTD.    ,B ,Q,51.50,52.45,50.40,50.70,50.70,52.25,855,80420,4146313.00,
500119,DHAMPUR SUGA,A ,Q,228.80,230.45,225.05,225.85,225.05,228.65,730,26514,5998986.00,
500120,DIAMINES&CHM,X ,Q,448.95,470.40,438.00,465.85,470.40,448.00,222,13070,5997115.00,
500123,ELANTAS     ,B ,Q,4628.10,4661.00,4503.85,4526.55,4590.00,4571.55,99,422,1926134.00,
500124,DR.REDDY'S  ,A ,Q,4338.00,4353.85,4235.95,4251.80,4251.80,4338.75,1513,7044,30228597.00,
500125,E.I.D.PAR   ,A ,Q,543.70,547.20,538.65,544.05,545.25,543.70,785,10184,5532239.00,
500126,PGHL        ,A ,Q,4057.00,4082.05,4045.85,4063.30,4066.00,4083.30,466,856,3481366.00,
500128,ELEC.CASTING,B ,Q,37.65,37.80,36.70,36.80,36.90,37.50,591,73478,2720824.00,
500133,ESAB INDIA  ,A ,Q,3899.55,3915.10,3782.00,3860.20,3846.85,3877.70,53,151,585048.00,
500135,EPL         ,A ,Q,161.25,162.95,157.90,158.75,158.50,162.00,639,20485,3276339.00,
500136,ESTER INDUS.,B ,Q,125.90,131.95,125.85,127.10,127.15,125.60,278,3760,481219.00,
500142,FGP LTD.    ,X ,Q,7.30,7.30,7.00,7.30,7.30,7.14,4,1365,9646.00,
500143,P.H.CAPITAL ,X ,Q,82.65,86.00,80.10,82.50,82.50,81.00,34,1270,106045.00,
500144,FINOL. CABLE,A ,Q,549.40,552.95,538.95,542.15,539.50,549.85,595,6350,3469944.00,
500147,COCKERILL   ,X ,Q,1400.00,1440.00,1376.00,1424.00,1435.00,1427.80,46,411,585287.00,
500148,UFLEX LTD   ,A ,Q,562.90,565.40,559.50,562.00,562.35,562.45,194,1320,741995.00,
500150,FOSECO INDIA,B ,Q,2016.05,2050.00,2008.10,2016.65,2008.10,2006.45,28,48,97561.00,
500151,GOLDEN TOB  ,Z ,Q,63.75,66.90,63.10,65.70,65.75,64.00,30,1959,127797.00,
500153,GANESH BENZO,B ,Q,140.55,142.35,139.20,141.60,141.85,141.35,254,6731,948395.00,
500159,METROGLOBL  ,X ,Q,85.10,85.10,83.00,84.15,84.20,83.15,27,1501,126291.00,
500160,GTL LTD.    ,B ,Q,7.52,7.70,7.52,7.57,7.57,7.60,154,63476,480396.00,
500163,GODFREY PH  ,A ,Q,1923.90,1947.40,1916.10,1926.00,1924.80,1912.20,545,3022,5823739.00,
500164,GODREJ IND  ,A ,Q,437.10,440.55,430.20,431.50,431.50,437.30,606,6803,2965094.00,
500165,KANSAI NERO ,A ,Q,413.50,413.50,409.55,410.85,409.80,411.60,318,1649,677404.00,
500166,GOODRICKE   ,X ,Q,207.50,207.90,204.60,205.10,205.10,205.95,47,3934,807704.00,
500168,GOODYEAR (I),B ,Q,1089.90,1089.90,1074.40,1080.30,1083.35,1084.05,182,1071,1155351.00,
500170,GTN INDUS   ,X ,Q,45.00,47.25,44.30,47.25,47.25,45.00,357,63704,2994450.00,
500171,GHCL LTD    ,A ,Q,510.95,511.15,501.65,503.30,503.30,508.90,866,9487,4799174.00,
500173,GFLLIMITED  ,B ,Q,62.55,64.25,62.55,63.95,63.95,64.00,52,1974,125325.00,
500174,GUJ.LEASE   ,B ,Q,2.89,2.89,2.70,2.70,2.70,2.77,4,287,778.00,
500179,HCL INFOSYS ,B ,Q,15.80,16.20,15.80,15.95,16.00,15.80,691,140893,2250860.00,
500180,HDFC BANK   ,A ,Q,1677.70,1702.00,1675.50,1695.30,1695.30,1672.65,5720,127434,215726525.00,
500182,HEROMOTOCO  ,A ,Q,2780.00,2787.00,2762.80,2773.35,2776.40,2772.95,469,1957,5429564.00,
500183,HFCL        ,A ,Q,72.05,72.60,70.55,71.05,71.05,71.65,2580,329926,23511060.00,
500184,HSCL        ,A ,Q,93.95,94.90,92.90,93.25,93.25,93.35,1452,101344,9493107.00,
500185,HIND.CONSTN.,A ,Q,19.90,20.15,19.40,19.55,19.55,19.95,2154,1792536,35471119.00,
500186,HIND.OIL EXP,A ,Q,134.40,140.80,133.85,139.40,139.40,133.20,2458,130839,18037686.00,
500187,AGI         ,A ,Q,312.05,314.00,306.30,307.45,308.85,312.25,624,8882,2759654.00,
500188,HINDUS.ZI   ,A ,Q,347.00,357.00,345.30,355.15,355.15,346.20,5011,160054,56054658.00,
500189,NXTDIGITAL  ,T ,Q,123.90,123.90,116.35,119.95,119.95,120.80,30,1690,201591.00,
500191,HMT LTD.    ,Z ,Q,37.40,37.40,34.60,35.15,34.60,35.65,56,6885,248946.00,
500192,PRAG BOSIMI ,XT,Q,2.40,2.42,2.21,2.31,2.31,2.31,15,7274,17258.00,
500193,HLVLTD      ,B ,Q,10.52,10.72,10.35,10.41,10.41,10.52,188,37063,388167.00,
500199,I.G.PETRO   ,B ,Q,512.10,518.65,506.60,508.40,508.40,510.30,160,933,474844.00,
500201,IND.GLYCOLS ,A ,Q,706.50,714.55,700.00,701.45,701.70,703.35,161,1040,735284.00,
500202,IND.LEAS.DEV,X ,Q,6.65,7.00,6.65,7.00,7.00,7.00,2,10,68.00,
500206,MARGO FIN   ,X ,Q,37.80,38.85,34.60,38.85,38.85,32.40,395,59045,2225535.00,
500207,INDO RAMA   ,B ,Q,54.70,55.10,54.10,54.45,54.10,54.90,129,6012,328436.00,
500209,INFOSYS LTD ,A ,Q,1558.30,1568.80,1549.35,1552.35,1552.35,1547.80,14326,659044,1030473370.00,
500210,INGERSOLL   ,A ,Q,2045.95,2059.55,2002.90,2005.30,2005.30,2034.40,280,570,1155772.00,
500213,INTER.TRAVEL,X ,Q,236.90,236.90,218.00,219.35,219.35,227.60,248,12683,2822559.00,
500214,ION EXCHANGE,A ,Q,2649.70,2677.95,2542.05,2562.45,2556.85,2652.15,1338,4541,11784741.00,
500215,AGRO TECH FO,B ,Q,912.95,965.00,891.00,940.65,940.30,916.15,470,2240,2096084.00,
500219,JAIN IRRIG  ,A ,Q,33.20,33.20,32.65,32.75,32.65,33.00,400,72540,2380716.00,
500220,JASCH INDUST,X ,Q,151.65,154.80,149.00,150.95,150.95,151.75,405,26650,4022092.00,
500223,JCT LTD     ,X ,Q,2.97,3.01,2.97,3.01,3.01,3.00,483,785789,2360886.00,
500227,JINDAL POLYF,A ,Q,750.25,755.80,738.00,740.40,739.00,747.75,862,4786,3576878.00,
500228,JSWSL       ,A ,Q,733.05,737.90,719.30,721.80,722.30,733.65,3698,121889,88717155.00,
500231,UMANG DAIR  ,B ,Q,64.10,65.25,63.00,63.15,63.05,63.95,175,2092,132878.00,
500233,KAJARIA CER.,A ,Q,1074.95,1074.95,1054.00,1060.45,1060.45,1061.25,434,1989,2109225.00,
500234,KAKATIYA CEM,B ,Q,211.45,212.55,206.05,206.05,206.05,211.30,56,581,122982.00,
500235,KALYANI STEL,B ,Q,346.15,347.65,337.70,340.60,340.30,344.25,162,1224,418814.00,
500236,KANELIND    ,XT,Q,2.30,2.30,2.15,2.29,2.29,2.21,43,9459,21211.00,
500238,WHIRLPOOL   ,A ,Q,1432.90,1438.45,1424.75,1429.75,1426.10,1428.20,236,1180,1686655.00,
500239,KG DENIM    ,X ,Q,30.50,30.55,29.50,29.75,29.50,29.50,23,2381,71314.00,
500240,KINETIC ENG.,X ,Q,121.95,121.95,117.80,118.85,119.90,119.85,51,1174,139751.00,
500241,KIRL.BROS.  ,B ,Q,313.45,315.45,306.85,312.70,312.70,313.00,171,934,290697.00,
500243,KIRL INDUS  ,B ,Q,1964.90,1967.40,1935.55,1961.20,1967.35,1975.10,37,170,331369.00,
500245,KIRL.FERROUS,A ,Q,365.00,367.00,352.50,355.15,353.00,357.70,711,9076,3245029.00,
500246,ENVAIN ELECT,X ,Q,58.00,60.85,55.95,57.20,60.75,58.30,43,2380,136109.00,
500247,KOTAK MAH.BK,A ,Q,1788.10,1789.95,1749.85,1759.90,1759.90,1783.20,4599,38072,67267015.00,
500248,KRIFILIND   ,X ,Q,5.14,5.14,4.80,4.80,4.80,5.05,5,209,1005.00,
500249,KSB         ,A ,Q,1789.95,1826.00,1789.95,1824.70,1825.60,1805.25,221,494,894514.00,
500250,L.G.BALKRISH,A ,Q,699.00,705.45,693.00,696.20,696.20,698.65,816,13386,9369113.00,
500251,TRENT LTD.  ,A ,Q,1171.05,1207.85,1171.05,1202.65,1202.65,1177.85,3252,230718,276821162.00,
500252,LAXMIMACH   ,A ,Q,10800.05,11115.65,10800.05,11035.90,11027.00,10933.70,383,485,5348771.00,
500253,LIC HOUS.FIN,A ,Q,393.75,396.40,392.20,394.40,394.40,393.50,1017,30700,12098180.00,
500257,LUPIN LTD.  ,A ,Q,762.10,765.60,750.30,751.60,750.50,765.60,1164,12522,9474623.00,
500259,LYKA LABS   ,B ,Q,138.40,139.70,136.35,137.05,136.50,136.00,350,10654,1469975.00,
500260,RAMCOCEM    ,A ,Q,691.45,691.45,676.15,680.30,676.15,690.65,964,7392,5057942.00,
500262,HYBRIDFIN   ,T ,Q,13.70,14.25,13.70,14.25,14.25,14.25,4,200,2767.00,
500264,MAFATLAL IND,X ,Q,60.60,61.85,59.05,59.35,59.35,61.30,176,17902,1073182.00,
500265,MAH.SEAMLESS,A ,Q,321.30,323.70,310.80,311.65,310.80,318.90,673,10547,3322043.00,
500266,MAH.SCOOTER ,A ,Q,4422.40,4458.60,4338.60,4409.70,4423.00,4427.10,279,542,2382701.00,
500267,MAJESTIC AUT,X ,Q,137.80,137.80,134.05,135.00,135.00,135.00,12,462,62659.00,
500268,MANALI PETRO,A ,Q,81.30,81.85,80.50,80.70,80.55,81.55,239,8229,666171.00,
500270,BARODA RAYON,XT,Q,286.15,294.50,280.00,294.50,294.50,280.50,1131,24593,7107935.00,
500271,MFSL        ,A ,Q,839.05,860.10,839.05,853.00,854.25,843.30,1319,19337,16452502.00,
500277,MID INDIA IN,XT,Q,9.90,9.90,9.50,9.52,9.52,9.50,23,3145,30027.00,
500279,MIRC ELECT  ,B ,Q,16.45,16.70,16.00,16.35,16.40,16.40,309,45591,744875.00,
500280,CENTURY ENKA,B ,Q,421.75,425.60,416.65,420.40,420.50,423.30,250,2928,1229833.00,
500284,LORDS CHLORO,X ,Q,198.00,199.45,187.50,194.40,196.80,196.60,228,7120,1371330.00,
500285,SPICEJET LTD,A ,Q,36.80,36.90,36.40,36.60,36.55,36.75,614,57249,2093120.00,
500288,MOREPEN LAB.,A ,Q,31.15,31.15,30.35,30.50,30.55,31.15,2484,532440,16351427.00,
500290,MRF LTD.    ,A ,Q,90353.15,90939.25,90175.70,90353.40,90175.70,90209.70,111,124,11217978.00,
500292,HEIDEL CEM  ,A ,Q,184.00,184.00,178.90,180.10,180.00,183.25,2075,86432,15544056.00,
500294,NCC         ,A ,Q,93.30,94.15,91.60,91.90,91.90,93.15,1011,156263,14487617.00,
500295,VEDL        ,A ,Q,332.80,332.80,327.20,329.70,329.70,329.20,9212,458885,151164896.00,
500296,NAHAR SPG.  ,B ,Q,263.00,264.70,258.15,258.55,259.75,261.45,122,875,228370.00,
500298,NAT.PEROXIDE,X ,Q,1445.00,1474.90,1433.00,1450.95,1450.95,1444.10,104,467,679391.00,
500300,GRASIM IND. ,A ,Q,1630.50,1634.80,1593.35,1602.60,1606.05,1630.45,1509,11550,18612840.00,
500302,PEL         ,A ,Q,850.05,855.35,839.95,842.60,842.35,850.40,1762,22003,18630759.00,
500304,NIIT LTD.   ,A ,Q,309.80,325.10,309.80,320.55,320.80,310.05,1552,39940,12820376.00,
500306,JAYKAY      ,X ,Q,52.20,53.60,51.65,52.20,52.40,52.05,59,4371,230176.00,
500307,NIRLON      ,B ,Q,349.95,361.00,347.00,360.25,361.00,347.65,180,7222,2577861.00,
500312,ONGC CORPN  ,A ,Q,152.10,153.20,151.55,152.05,152.05,152.40,6107,11092555,1693259635.00,
500313,OIL COUNTRY ,B ,Q,16.75,17.35,16.45,17.00,17.00,17.30,93,9557,161056.00,
500314,ORIENT HOTEL,B ,Q,71.85,71.85,68.65,69.10,69.10,70.35,840,76362,5335963.00,
500317,OSWAL AGRO. ,B ,Q,38.90,39.80,38.45,38.80,38.50,38.55,167,4091,159380.00,
500319,INDIAN SUCRO,X ,Q,60.70,61.50,58.50,59.15,59.15,60.40,93,9015,537573.00,
500325,RELIANCE    ,A ,Q,2432.50,2443.90,2388.65,2415.15,2415.15,2429.60,15122,349349,844714431.00,
500327,PILITA      ,B ,Q,8.21,8.40,8.21,8.25,8.25,8.30,141,129728,1076546.00,
500330,RAYMOND     ,A ,Q,1522.00,1560.00,1517.05,1527.30,1521.65,1510.45,1695,21588,33249726.00,
500331,PIDILITE    ,A ,Q,2410.05,2425.90,2378.00,2382.40,2382.40,2410.05,4855,17738,42545456.00,
500333,PIX TRANS   ,B ,Q,760.00,782.10,760.00,777.40,777.55,765.95,111,579,450566.00,
500335,BIRLA CORPN.,A ,Q,940.10,954.75,931.50,937.55,941.40,942.45,396,1845,1740915.00,
500336,SURYA ROSHNI,A ,Q,616.65,624.05,610.05,614.60,611.00,619.75,1646,25029,15443445.00,
500337,PRIME SECUR.,B ,Q,106.75,106.85,102.10,103.90,102.25,104.45,407,79103,8322280.00,
500338,PRSMJOHNSN  ,A ,Q,108.70,109.70,105.15,105.60,105.60,109.60,695,24899,2657565.00,
500339,RAIN        ,A ,Q,174.90,180.60,174.00,175.70,175.65,174.60,2822,187958,33376075.00,
500343,AMJLAND     ,B ,Q,29.00,29.55,27.60,28.50,28.10,28.75,97,12382,355579.00,
500346,PUN.COMMUNI.,B ,Q,35.70,35.80,33.50,33.95,34.00,34.35,85,21732,745610.00,
500350,RSWM  LTD   ,B ,Q,174.95,178.00,173.00,173.85,173.35,175.20,526,9088,1597678.00,
500354,RAJSH.SUGAR ,B ,Q,54.90,54.90,51.50,52.05,51.50,52.95,205,4498,235289.00,
500355,RALLIS INDIA,A ,Q,221.00,222.75,216.00,216.75,216.90,221.05,1667,34078,7456587.00,
500356,RAMANEWS    ,B ,Q,15.05,15.10,14.75,15.00,14.75,15.05,12,1950,29243.00,
500357,RAMA PAPER  ,X ,Q,26.75,29.25,26.75,26.75,26.75,28.15,34,1778,47978.00,
500358,RAMA PETRO  ,X ,Q,4.20,4.20,4.20,4.20,4.20,4.00,5,401,1684.00,
500360,RAPICUT CARB,X ,Q,59.65,59.65,57.15,57.70,58.00,59.65,29,1428,82623.00,
500365,WELSPLSOL   ,X ,Q,16.20,16.45,16.00,16.05,16.05,16.05,111,51611,833282.00,
500366,ROLTA (I)   ,Z ,Q,3.65,3.75,3.60,3.60,3.60,3.78,117,54206,196087.00,
500367,RUBFILA INT.,X ,Q,76.00,77.00,75.50,76.10,76.20,75.95,203,16693,1270596.00,
500368,PATANJALI   ,T ,Q,1181.05,1215.00,1181.05,1206.45,1206.45,1193.00,811,10425,12505997.00,
500370,SALORA INT. ,X ,Q,37.90,38.45,36.10,37.00,37.10,37.95,47,9893,364068.00,
500378,JINDAL SAW  ,A ,Q,116.25,116.25,108.00,111.30,111.20,115.15,1733,146358,16594484.00,
500380,JK LAKSHMI  ,A ,Q,728.25,737.95,721.70,732.95,727.40,739.05,849,7411,5410011.00,
500387,SHREE CEMENT,A ,Q,23199.95,23327.55,22450.00,22616.50,22636.75,23075.90,819,1235,28100565.00,
500388,SHREE KRISHN,XT,Q,28.20,28.20,27.50,28.20,28.20,28.90,6,30,836.00,
500390,REL INFRA   ,A ,Q,134.05,135.10,131.70,132.00,132.00,133.65,1401,54252,7230926.00,
500400,TATA POWER  ,A ,Q,207.00,208.15,205.50,205.75,205.75,207.00,4651,289000,59688155.00,
500402,SPMLINFRA   ,B ,Q,28.20,29.45,28.20,29.45,29.45,28.05,58,11607,335421.00,
500403,SUNDARAM FAS,A ,Q,970.10,1000.00,970.10,983.65,982.00,983.60,837,4944,4888167.00,
500404,SUNFLAG IRON,B ,Q,130.15,139.65,129.60,138.15,138.15,129.95,4353,242711,32553209.00,
500405,SUPREME PET ,A ,Q,368.75,379.95,363.35,365.45,363.65,364.30,552,7188,2677713.00,
500407,SWARAJ ENGIN,B ,Q,1620.00,1630.00,1619.25,1630.00,1630.00,1627.35,50,169,274532.00,
500408,TATA ELXSI  ,A ,Q,6741.00,6819.00,6636.75,6686.70,6686.70,6666.20,10570,46983,317620274.00,
500410,ACC LTD     ,A ,Q,2307.20,2353.20,2307.20,2336.20,2336.50,2322.50,587,3226,7541249.00,
500411,THERMAX     ,A ,Q,1979.45,1987.00,1950.00,1954.55,1953.85,1972.85,481,2089,4089933.00,
500412,THIRUMALAI  ,A ,Q,204.70,204.70,195.70,196.90,196.90,197.05,272,6145,1213058.00,
500413,THOMAS COOK ,A ,Q,71.50,71.50,70.75,71.20,71.05,71.00,263,31030,2206886.00,
500414,TIMEX GROUP ,XT,Q,153.00,156.00,151.00,151.25,152.95,153.45,137,28099,4293641.00,
500418,TOKYO PLAST ,B ,Q,97.75,98.40,97.25,97.45,97.45,97.25,16,287,27998.00,
500420,TORRENT PHAR,A ,Q,1597.05,1607.50,1579.90,1586.95,1580.00,1596.40,504,2053,3266423.00,
500422,TRANSCHEM   ,X ,Q,27.30,27.50,26.15,27.45,27.50,26.75,48,5942,161555.00,
500425,AMBUJA CEME ,A ,Q,501.20,508.55,497.55,498.55,498.40,500.90,2231,100346,50469983.00,
500426,UTLINDS     ,X ,Q,3.12,3.28,3.08,3.12,3.12,3.18,91,12418,38677.00,
500429,UNIPHOS ENT.,B ,Q,142.00,142.00,132.00,133.00,133.00,134.25,68,1680,226443.00,
500439,VARD HOLDNG ,B ,Q,2861.05,2984.00,2821.00,2870.00,2870.00,2923.60,59,465,1347533.00,
500440,HINDALCO    ,A ,Q,495.05,497.70,483.65,484.25,484.25,493.60,2334,129744,63337207.00,
500444,WEST COAS PA,A ,Q,531.55,531.55,497.50,505.05,505.05,514.50,1176,12240,6174636.00,
500449,HIND.ORG.CHM,B ,Q,30.65,30.90,30.30,30.40,30.40,30.65,166,30752,939800.00,
500450,MPIL CORP L ,X ,Q,206.20,221.00,206.20,220.95,220.95,217.00,4,4,869.00,
500456,PAS.ACRYLON ,B ,Q,33.75,33.90,33.25,33.50,33.65,33.65,142,6303,211771.00,
500458,KORE        ,XT,Q,9.72,9.72,9.24,9.26,9.55,9.72,79,10106,95121.00,
500459,PROCTER &GAM,A ,Q,13605.00,13605.00,13483.85,13541.85,13559.00,13608.35,117,187,2529852.00,
500460,MUKAND LTD. ,B ,Q,131.00,133.50,128.10,129.25,128.10,131.00,619,22760,2981051.00,
500463,BBOX        ,B ,Q,129.85,131.00,126.20,128.00,131.00,129.05,103,3802,486647.00,
500464,UCAL FUEL   ,B ,Q,128.05,129.00,126.25,127.30,127.15,126.70,72,689,87875.00,
500467,HARR.MALAYAL,B ,Q,137.10,137.20,135.95,136.75,136.75,136.75,21,216,29490.00,
500469,FEDERAL BANK,A ,Q,136.95,136.95,134.10,135.00,134.90,135.90,2302,300881,40707581.00,
500470,TATA STEEL  ,A ,Q,122.30,122.55,120.10,120.35,120.35,122.00,8264,1632781,197603031.00,
500472,SKF INDIA   ,A ,Q,4560.00,4581.90,4436.50,4446.15,4439.10,4536.70,357,1099,4907318.00,
500477,ASHOK LEYL. ,A ,Q,146.15,148.35,146.15,147.05,147.05,147.30,3251,277388,40889018.00,
500480,CUMMINS (I) ,A ,Q,1432.35,1437.85,1404.75,1408.55,1404.90,1428.15,1641,19306,27342127.00,
500483,TATA COMM   ,A ,Q,1373.70,1373.70,1317.00,1324.00,1324.00,1382.90,3325,42221,56225404.00,
500488,ABBOTT (I)  ,A ,Q,21989.95,21989.95,21500.00,21628.45,21510.75,21838.95,189,253,5512426.00,
500490,BAJ HOLD INV,A ,Q,5785.00,5911.40,5752.05,5875.20,5875.20,5780.90,464,1340,7815290.00,
500493,BHARAT FORGE,A ,Q,879.00,883.45,865.85,869.95,870.00,879.00,799,10081,8794491.00,
500495,ESCORTS     ,A ,Q,2085.50,2119.00,2082.60,2095.45,2098.00,2102.10,1180,7959,16676795.00,
500500,HIND.MOTORS ,T ,Q,17.20,17.45,16.75,17.15,17.15,17.50,255,59692,1018965.00,
500510,LARSEN & TOU,A ,Q,2248.95,2249.55,2202.00,2207.05,2207.05,2233.35,2284,28408,63086388.00,
500520,MAH & MAH   ,A ,Q,1330.05,1340.00,1321.15,1323.45,1323.90,1327.75,2006,45909,60872042.00,
500530,BOSCH LTD   ,A ,Q,16971.70,17145.35,16946.30,17022.60,16986.10,16931.55,279,553,9431600.00,
500540,PREMIER LTD ,T ,Q,3.00,3.24,3.00,3.24,3.24,3.09,36,23544,73926.00,
500547,BHARAT PET. ,A ,Q,349.30,352.40,347.80,348.90,349.30,349.50,1551,44210,15439022.00,
500550,SIEMENS LTD.,A ,Q,3057.10,3057.10,3016.50,3036.20,3035.70,3056.35,1091,18346,55673963.00,
500570,TATA MOTORS ,A ,Q,409.10,423.80,409.10,422.10,422.10,408.45,40368,2278461,955836809.00,
500575,VOLTAS LTD  ,A ,Q,777.10,783.40,775.40,777.85,777.85,777.10,2542,19884,15506548.00,
500620,GREAT EASTE ,A ,Q,630.00,641.35,623.15,633.95,638.00,634.50,675,7241,4568057.00,
500645,DEEPAK FERT.,A ,Q,653.60,664.80,653.60,662.20,662.20,656.25,1975,26904,17760170.00,
500650,EXCEL INDUST,B ,Q,1106.05,1144.90,1106.05,1132.10,1134.00,1129.15,131,713,805977.00,
500655,GRWRHITECH  ,B ,Q,642.50,648.80,633.00,644.20,646.70,634.95,94,670,428324.00,
500660,GLAXOSMITH  ,A ,Q,1279.60,1284.75,1270.00,1271.70,1271.70,1277.65,507,2397,3059999.00,
500670,GUJ.NARMADA ,A ,Q,578.10,582.65,573.00,574.35,574.35,578.80,1189,24349,14084824.00,
500672,NOVARTIS    ,B ,Q,647.85,647.90,640.00,640.20,640.20,642.95,103,669,428993.00,
500674,SANOFI      ,A ,Q,5610.00,5634.90,5600.15,5629.45,5629.45,5626.65,187,419,2355826.00,
500680,PFIZER LTD. ,A ,Q,4170.90,4170.90,4066.05,4075.20,4081.00,4102.45,277,730,2987805.00,
500690,GUJ.ST.FERT ,A ,Q,129.50,130.90,127.10,128.05,128.05,130.05,2107,119661,15444151.00,
500696,HIND UNI LT ,A ,Q,2597.80,2609.55,2580.20,2598.40,2598.40,2597.80,3941,27403,71170682.00,
500710,AKZOINDIA   ,A ,Q,2252.10,2258.30,2226.00,2235.70,2226.00,2249.10,133,406,911722.00,
500730,NOCIL LTD   ,A ,Q,221.30,223.00,220.25,220.65,221.00,221.70,287,5932,1313843.00,
500770,TATA CHEM.  ,A ,Q,976.95,983.40,967.55,972.30,971.50,977.00,1144,10511,10248287.00,
500777,T.P.L.      ,B ,Q,89.40,90.15,89.30,89.65,90.00,89.55,161,4169,373718.00,
500780,ZUARIIND    ,B ,Q,138.90,140.15,135.00,136.10,135.15,138.15,242,7954,1087233.00,
500790,NESTLE (I)  ,A ,Q,19436.55,19436.55,19160.00,19283.60,19327.65,19368.50,463,771,14872421.00,
500800,TATACONSUM  ,A ,Q,744.00,749.00,740.00,740.80,740.00,742.05,1631,27102,20120041.00,
500820,ASIAN PAINTS,A ,Q,2791.05,2827.75,2785.05,2810.30,2810.30,2785.75,11135,83375,234398229.00,
500825,BRITANIA IND,A ,Q,4336.45,4407.15,4324.00,4397.95,4390.80,4338.25,1093,3247,14147762.00,
500830,COLGATE PALM,A ,Q,1494.00,1496.00,1456.00,1459.45,1459.45,1490.15,1645,11703,17284022.00,
500840,EIH LTD.    ,A ,Q,165.00,166.65,163.80,164.00,164.10,166.10,665,12304,2031917.00,
500850,INDIAN HOTEL,A ,Q,298.35,301.45,296.40,300.55,300.55,298.25,2357,105896,31702442.00,
500870,CASTROL     ,A ,Q,119.10,120.15,118.15,118.50,118.50,119.55,609,23265,2762796.00,
500875,ITC LTD.    ,A ,Q,338.10,340.75,337.60,338.95,339.10,337.60,7067,489799,166398873.00,
500877,APOLLO TYRES,A ,Q,316.05,322.45,316.05,320.75,320.75,315.90,1268,61085,19553368.00,
500878,CEAT LIMITED,A ,Q,1612.60,1627.75,1582.55,1591.90,1593.00,1602.70,437,2784,4442189.00,
500890,MODI RUBBER ,T ,Q,70.10,70.10,67.00,67.00,67.00,68.55,6,343,23042.00,
500940,FINOLEX IND.,A ,Q,172.85,173.95,166.90,167.50,167.50,172.85,2082,67328,11414149.00,
501150,CENTRUM CAP ,B ,Q,25.00,25.00,24.30,24.50,24.50,24.55,152,3503,86351.00,
501295,INDUS.INV.TR,B ,Q,105.10,106.85,102.10,104.95,106.15,105.35,36,12663,1333578.00,
501298,INDUS.&PRUD.,X ,Q,1850.00,1850.00,1813.00,1813.15,1813.15,1860.00,9,57,103471.00,
501301,TATA INVEST.,A ,Q,2200.50,2258.40,2200.50,2223.40,2226.80,2231.30,367,1509,3364246.00,
501314,PRISMX      ,X ,Q,2.35,2.36,2.23,2.29,2.29,2.34,955,1111400,2512736.00,
501370,WALCHAND PF ,X ,Q,119.00,119.00,116.00,116.00,116.00,114.70,2,2,235.00,
501391,W.H.BRADY   ,X ,Q,254.00,256.70,241.05,245.65,245.00,245.00,16,1889,478529.00,
501421,TECHNVISN   ,XT,Q,248.20,274.30,248.20,260.00,260.00,261.25,8,44,11017.00,
501423,SHA ENG PLA ,B ,Q,1475.05,1546.00,1475.00,1538.00,1546.00,1488.60,75,333,503758.00,
501425,BOM.BURMAH  ,A ,Q,906.90,915.00,905.75,909.90,908.35,905.15,195,497,452205.00,
501430,BOM.CYCLE   ,X ,Q,724.00,724.00,691.00,694.35,691.00,720.00,7,16,11139.00,
501455,GREAVES COTT,A ,Q,147.95,148.35,144.05,145.00,145.35,147.00,968,59716,8748669.00,
501477,MULLER & PHI,XT,Q,146.70,149.00,146.70,149.00,149.00,154.05,3,51,7546.00,
501622,AMALGAMATED ,XT,Q,32.95,32.95,31.45,31.50,31.50,31.50,22,418,13589.00,
501700,INDIA NIVEH ,X ,Q,69.90,69.90,66.30,68.50,66.55,68.00,65,4879,332085.00,
501831,COAST CORP  ,B ,Q,220.05,222.00,207.80,211.60,213.80,219.95,624,9678,2059737.00,
501833,CHOWGULE ST ,XT,Q,12.91,13.48,12.66,12.66,12.66,13.06,19,3229,41097.00,
501848,GLOBAL OFFS ,X ,Q,44.95,44.95,43.25,43.50,43.50,43.85,25,2014,88634.00,
502015,ASIIL       ,X ,Q,11.95,12.00,11.88,11.92,11.92,11.92,14,7940,94693.00,
502090,SAGAR CEM.  ,B ,Q,220.45,223.95,211.40,220.35,219.40,223.80,371,3773,831000.00,
502137,DECAN CEMENT,B ,Q,478.85,478.85,465.35,470.85,467.35,475.30,69,179,84894.00,
502157,MANGALAM CEM,B ,Q,292.00,294.05,286.90,288.45,287.90,293.15,204,1468,427364.00,
502168,N C L IND.  ,B ,Q,171.80,173.25,168.00,168.75,168.50,172.00,268,6092,1041143.00,
502175,SAURAS.CEM. ,X ,Q,56.10,57.45,54.55,55.05,55.05,56.10,311,46287,2573283.00,
502180,SRI DIGV CEM,B ,Q,73.95,74.05,72.60,72.65,72.65,73.55,461,35742,2625306.00,
502219,BORORENEW   ,A ,Q,475.05,485.70,474.30,475.30,475.45,475.35,463,6240,2987653.00,
502250,LERTHAI     ,XT,Q,442.10,444.00,405.65,417.75,435.75,427.00,58,374,152753.00,
502281,TRIVENI GLAS,XT,Q,22.65,23.90,22.65,23.15,23.15,23.15,37,4331,101794.00,
502294,NILACHAL REF,X ,Q,37.50,39.85,37.45,39.70,39.75,39.45,32,1742,67238.00,
502330,ANDPAPER    ,B ,Q,422.20,424.65,420.05,421.75,421.75,420.75,92,1116,471475.00,
502355,BALKRISH IND,A ,Q,2250.00,2259.00,2227.80,2247.60,2245.15,2247.85,1322,6628,14881469.00,
502420,ORIENT PAPER,B ,Q,43.40,44.25,43.40,44.10,43.90,43.95,937,264174,11573866.00,
502445,CITADEL     ,XT,Q,22.15,23.25,21.20,22.20,22.20,22.15,7,270,6034.00,
502448,ROLLATAINER ,B ,Q,1.27,1.32,1.27,1.32,1.32,1.33,45,34722,44958.00,
502450,SESHA.PAPER ,B ,Q,285.00,285.60,278.80,281.80,281.00,284.60,141,1136,320907.00,
502563,SH.BHAWANI  ,Z ,Q,2.72,2.72,2.72,2.72,2.72,2.85,2,5700,15504.00,
502587,NATHIND     ,X ,Q,62.25,63.45,62.20,63.40,63.40,63.00,17,567,35407.00,
502589,VAPI PAPER  ,XT,Q,60.80,67.00,60.80,67.00,67.00,64.00,6,386,23481.00,
502742,SINTEX IND. ,T ,Q,2.68,2.68,2.68,2.68,2.68,2.73,298,338192,906354.00,
502820,DCM LTD.    ,B ,Q,74.30,81.10,74.30,78.55,78.10,77.30,272,3156,248780.00,
502865,FORBES & CO ,B ,Q,614.45,627.95,614.45,618.60,619.05,616.75,96,1073,667985.00,
502873,H.P.COTTON  ,X ,Q,98.50,107.45,98.50,101.00,101.00,100.95,24,1020,103999.00,
502893,UNITEDINT   ,X ,Q,65.00,65.00,65.00,65.00,65.00,62.00,2,3,195.00,
502901,JAMSHRI     ,X ,Q,3633.00,3633.00,3633.00,3633.00,3633.00,3460.00,3,8,29064.00,
502933,KATARE SPG. ,X ,Q,276.95,276.95,268.50,273.60,274.50,274.95,11,248,66715.00,
502937,KESORAM IND ,B ,Q,59.45,60.55,59.40,60.15,60.25,59.60,656,49413,2969511.00,
502958,LAKSHMI MILL,X ,Q,4149.95,4149.95,4021.05,4080.20,4027.05,4063.00,19,49,199033.00,
502986,VARDH TEXT  ,A ,Q,308.00,313.85,308.00,310.45,311.25,310.05,487,10544,3280896.00,
503031,PENLAND LTD ,B ,Q,12.48,12.62,11.98,12.17,12.18,12.45,84,28188,342516.00,
503092,PASUPATI SPG,X ,Q,25.30,26.45,25.30,26.45,26.45,26.50,4,281,7146.00,
503100,PHOENIX MILL,A ,Q,1414.95,1414.95,1331.45,1370.10,1372.00,1395.35,1321,4795,6519444.00,
503101,MARATHON NEX,B ,Q,251.50,253.30,245.50,246.95,246.95,253.05,119,1925,475493.00,
503127,RAJA BAHADUR,XT,Q,3800.00,3800.00,3750.00,3750.00,3750.00,3785.00,4,17,63850.00,
503162,REL.CHEMOTX ,B ,Q,181.85,186.00,179.35,182.40,183.45,179.45,127,1388,254704.00,
503169,RUBY MILLS  ,B ,Q,211.05,212.00,202.05,204.40,204.80,209.00,321,4201,868394.00,
503229,SIMPLEX REAL,X ,Q,82.10,85.90,82.05,85.90,85.90,82.10,3,8,660.00,
503310,SWAN ENG    ,A ,Q,353.40,370.00,350.40,364.75,364.90,350.05,3286,105923,38211863.00,
503349,VICTORIA MIL,XT,Q,2616.05,2745.00,2616.05,2745.00,2745.00,2709.00,2,6,15825.00,
503624,SVARAJ TRAD ,X ,Q,7.04,7.58,7.04,7.55,7.55,7.40,7,678,5120.00,
503641,ZODIAC VEN  ,X ,Q,41.90,41.90,40.15,41.25,41.80,41.50,25,3038,123957.00,
503657,VEER ENERGY ,XT,Q,12.39,12.80,12.00,12.34,12.48,12.39,89,13899,169237.00,
503663,TILAK       ,X ,Q,4.10,4.10,3.89,4.00,4.00,4.01,363,190649,760348.00,
503669,KKFIN       ,X ,Q,13.01,13.12,13.01,13.12,13.12,13.00,5,292,3820.00,
503675,WAGEND      ,X ,Q,0.95,0.97,0.95,0.95,0.95,0.97,266,64508,61648.00,
503722,BANSW.SYNTEX,B ,Q,128.35,129.45,126.95,127.45,128.00,127.60,50,559,71538.00,
503772,MODELLA WOOL,X ,Q,107.80,107.80,90.95,90.95,90.95,90.05,13,278,25486.00,
503776,MODIPON     ,XT,Q,35.50,37.15,35.50,35.50,35.50,35.75,5,118,4266.00,
503804,SHRI DINESH ,X ,Q,579.95,579.95,550.00,550.65,550.00,562.00,38,633,350464.00,
503806,SRF LIMITED ,A ,Q,2114.05,2139.75,2114.05,2128.15,2130.35,2113.55,917,6281,13370143.00,
503811,SIYARAM SILK,A ,Q,572.05,578.45,561.65,563.70,562.00,570.65,505,6998,3992942.00,
503816,SWAD.POLYTEX,X ,Q,33.30,34.00,32.20,33.20,32.20,33.20,54,5248,175536.00,
503960,BHARAT BIJLE,B ,Q,2709.95,2741.55,2639.05,2674.60,2651.00,2693.85,2093,8003,21524385.00,
504000,ELPRO INTER ,B ,Q,67.90,68.20,66.00,67.50,68.20,67.30,244,48746,3281015.00,
504028,GEE LTD     ,X ,Q,84.00,84.70,81.90,83.15,83.15,82.70,337,55102,4578838.00,
504036,HIND.RECT   ,B ,Q,228.55,229.00,217.80,224.10,217.80,224.90,15,190,42674.00,
504058,NIPPOBATRY  ,B ,Q,385.80,394.85,382.30,384.10,388.00,386.90,83,519,200297.00,
504067,ZENSAR TECH.,A ,Q,223.05,238.80,223.05,228.05,228.05,221.45,12794,645043,150357247.00,
504076,JYOTI LTD.  ,X ,Q,20.65,20.65,19.75,20.65,20.65,19.70,152,53114,1091705.00,
504080,JSL LTD.    ,XT,Q,528.05,528.05,515.00,521.95,527.95,502.95,60,721,379200.00,
504084,KAYCEE IND  ,X ,Q,8800.00,9340.00,8800.00,8999.00,8999.00,9005.20,7,10,91707.00,
504092,INDOKEM LTD.,XT,Q,123.00,124.15,119.15,123.75,123.75,118.25,87,5489,676994.00,
504093,PANA ENERG  ,X ,Q,261.00,267.00,257.45,259.50,259.50,261.20,90,2291,596083.00,
504112,NELCO LTD.  ,B ,Q,649.70,664.95,642.50,646.90,642.50,649.70,1338,12784,8319376.00,
504132,PERM MAGNETS,X ,Q,708.30,722.70,702.05,711.65,713.30,708.30,146,3306,2367358.00,
504176,HIGH ENERGY ,X ,Q,332.85,332.85,323.00,326.20,323.55,325.00,118,1676,546762.00,
504180,STD.BATTERY ,X ,Q,28.60,29.25,28.50,29.10,29.10,28.55,64,3171,91539.00,
504212,UNIV.CABLE  ,B ,Q,299.05,308.45,291.55,294.20,294.20,303.05,484,5582,1672919.00,
504240,DELTON CABLE,X ,Q,75.05,78.30,75.05,75.40,75.10,76.80,38,1465,113169.00,
504258,LAKSHMI ELEC,X ,Q,915.00,929.00,909.00,911.90,909.00,909.10,81,934,852992.00,
504273,MODULEX     ,Z ,Q,13.66,13.66,13.00,13.24,13.21,13.39,43,30069,404749.00,
504286,DELTAMAGNT  ,B ,Q,75.75,79.90,74.40,75.30,78.00,78.75,56,6172,472279.00,
504340,CONFINT     ,X ,Q,13.89,13.89,13.89,13.89,13.89,13.62,26,8784,122009.00,
504341,RELTD       ,X ,Q,53.55,54.95,52.05,52.60,53.85,53.40,47,2970,156860.00,
504356,MULTI-PURPOS,XT,Q,8.13,8.50,8.12,8.20,8.12,8.54,20,5714,46899.00,
504378,NYSSACORP   ,X ,Q,6.10,6.24,5.90,6.04,6.05,6.07,165,47012,284013.00,
504380,FLOMIC      ,X ,Q,113.50,114.90,111.70,112.30,112.30,112.00,64,4585,517749.00,
504392,KRISHNA VEN ,XT,Q,128.55,129.70,119.00,129.70,129.70,123.55,95,11231,1453643.00,
504397,GANESH HOLDI,XT,Q,47.00,50.30,47.00,50.30,50.30,47.95,10,1177,58198.00,
504605,UNI ABEX    ,X ,Q,628.65,649.40,628.60,631.85,630.00,655.95,26,115,72705.00,
504614,SARDA ENMIN ,A ,Q,1113.00,1123.05,1082.45,1116.00,1106.15,1102.75,559,3118,3456147.00,
504646,BHAGWATI AUT,X ,Q,260.40,260.40,260.40,260.40,260.40,248.00,1,9,2343.00,
504648,BOM.WIRE ROP,X ,Q,25.00,25.95,24.70,25.75,25.75,25.00,83,5961,152128.00,
504697,GALADA TELE.,Z ,Q,1.90,1.90,1.81,1.81,1.81,1.90,15,4721,8856.00,
504731,I BRIGHT ST ,XT,Q,21.45,21.65,20.40,20.40,20.40,21.45,6,208,4428.00,
504741,IND.HUME PIP,B ,Q,147.85,151.75,147.85,148.50,148.50,147.50,93,1856,276509.00,
504786,INVEST &PREC,X ,Q,301.10,301.40,299.10,300.30,299.10,301.25,16,404,121307.00,
504810,INFORMEDTEC ,X ,Q,41.20,47.50,36.25,41.50,41.50,43.50,31,1411,57961.00,
504840,KAIRA CAN CO,X ,Q,2532.55,2578.00,2532.50,2539.65,2532.50,2582.00,36,98,249802.00,
504879,ORIENT ABRAS,B ,Q,27.50,28.40,27.50,27.75,27.75,27.80,67,3379,94173.00,
504882,NATIONAL STD,A ,Q,5751.00,6340.00,5740.00,5770.20,5770.20,6044.70,383,688,4095555.00,
504908,DUNCANENG   ,X ,Q,390.00,399.00,377.20,385.00,385.00,384.15,81,2178,838209.00,
504918,SANDUMA     ,A ,Q,929.00,948.00,906.90,923.25,923.25,924.85,2421,42162,39215083.00,
504959,STOVAC IND. ,X ,Q,2280.00,2284.75,2222.00,2238.55,2265.00,2268.80,27,242,547697.00,
504961,TATA YODOGAW,XT,Q,71.10,73.40,71.00,71.10,71.00,71.10,82,2947,209979.00,
504966,TINPLATE    ,A ,Q,357.50,357.55,349.05,351.65,351.65,356.55,451,15949,5629143.00,
504973,CHOLAHLDNG  ,A ,Q,597.05,603.90,589.00,594.45,593.65,597.45,357,2595,1548519.00,
504988,WELCAST     ,X ,Q,880.00,897.95,824.60,888.90,888.90,860.00,6,10,8538.00,
505010,AUTO AXLES  ,B ,Q,2164.95,2164.95,2095.35,2147.70,2128.85,2145.35,362,1611,3430610.00,
505036,AUTO COR.GOA,X ,Q,845.00,857.95,840.00,844.90,850.00,847.80,37,1192,1008151.00,
505075,SETCO AUTO  ,B ,Q,10.61,10.92,10.51,10.56,10.55,10.61,108,5344,56881.00,
505141,SCOOTERS IND,T ,Q,29.70,30.30,29.10,29.95,29.70,30.55,30,1535,45900.00,
505160,TALBROS AUTO,B ,Q,506.90,525.00,500.00,506.35,525.00,501.05,399,5435,2746160.00,
505163,ZF STEERING ,X ,Q,455.00,457.90,442.05,444.95,449.80,453.40,126,1820,815495.00,
505192,SMLISUZU    ,B ,Q,780.10,800.00,766.70,785.75,785.75,784.60,231,1465,1151639.00,
505196,TIL LTD.    ,T ,Q,163.75,163.75,155.35,155.50,155.35,160.50,21,660,102971.00,
505200,EICHER MOTOR,A ,Q,3201.05,3234.00,3178.45,3224.50,3216.00,3202.20,934,4095,13144416.00,
505212,JAINEX      ,XT,Q,139.05,146.00,133.90,134.95,135.00,140.60,48,645,87542.00,
505216,ALFRED HERB ,X ,Q,683.00,709.80,683.00,709.80,709.80,705.00,3,4,2787.00,
505232,VELJAN      ,X ,Q,1315.50,1317.95,1275.00,1314.95,1315.00,1285.25,39,352,454149.00,
505242,DYNAMAT.TECH,B ,Q,2536.40,2561.00,2516.05,2527.25,2525.85,2533.75,67,378,954597.00,
505250,G.G.DANDEKAR,X ,Q,64.30,65.45,63.30,63.30,63.30,63.10,10,649,41134.00,
505255,GMM PFAUDLER,A ,Q,1561.00,1579.60,1549.00,1560.90,1560.90,1570.25,1068,7554,11838522.00,
505283,KIRLOSAR PN ,A ,Q,523.05,537.65,516.40,529.85,528.50,523.25,893,22442,11753359.00,
505299,KPT         ,X ,Q,237.00,241.50,233.30,235.10,233.30,236.50,35,977,232521.00,
505302,LAXMI AUTOLM,X ,Q,647.90,647.90,621.00,642.00,642.00,632.35,3,76,48427.00,
505324,MANUGRAPH IN,B ,Q,15.00,16.40,15.00,15.65,15.95,15.10,88,7431,118216.00,
505355,NESCO LTD   ,A ,Q,607.00,607.00,589.05,590.80,589.30,596.80,293,1797,1066200.00,
505358,INTEGRA ENG ,X ,Q,87.00,91.30,87.00,88.05,87.35,87.25,76,9488,836632.00,
505368,REVATHI EQU.,B ,Q,1098.90,1105.00,1098.90,1099.05,1099.05,1084.20,4,5,5510.00,
505400,TEXINFRA    ,B ,Q,56.00,59.25,56.00,58.10,58.25,58.25,79,3035,176641.00,
505412,WENDT(INDIA),B ,Q,8574.60,8574.60,8331.35,8390.20,8356.45,8500.15,124,373,3143869.00,
505509,RESPON IND  ,B ,Q,136.00,136.90,134.05,135.35,136.30,135.50,158,3722,503652.00,
505515,SHYAMKAM INV,X ,Q,5.13,5.39,5.11,5.33,5.30,5.23,90,5649,29718.00,
505523,MAHA CORP   ,XT,Q,1.90,1.90,1.78,1.85,1.85,1.86,596,320126,593772.00,
505526,DOLATALGO   ,B ,Q,63.70,63.70,60.55,61.85,62.50,62.50,97,2621,162697.00,
505533,WESTLIFE    ,A ,Q,681.05,720.55,681.05,714.80,720.55,680.80,1349,7534,5283824.00,
505537,ZEE ENTER   ,A ,Q,224.05,224.95,222.30,222.90,223.00,223.85,2270,110328,24638221.00,
505590,SVPGLOB     ,B ,Q,36.50,43.50,36.30,40.00,40.00,37.10,4703,780989,31479327.00,
505650,SKYL MILLAR ,X ,Q,10.19,10.50,10.08,10.47,10.48,10.39,19,4318,44712.00,
505681,BIMETAL BEAR,X ,Q,429.55,433.65,425.00,427.00,431.90,429.55,20,241,103322.00,
505688,BHARAT GEARS,B ,Q,130.10,138.05,130.10,133.20,133.10,132.65,391,9511,1277933.00,
505690,BRADY MORRIS,X ,Q,215.00,215.00,204.85,205.00,205.00,215.00,5,33,6811.00,
505693,LATIMMETAL  ,X ,Q,11.50,11.50,10.94,11.00,10.96,11.18,275,94647,1052907.00,
505700,ELECON ENG  ,A ,Q,389.30,396.75,380.20,384.75,384.75,388.05,2122,43101,16727049.00,
505710,GRAUER& WEIL,B ,Q,85.65,87.10,84.35,84.65,84.75,85.90,452,20174,1724646.00,
505712,HIMTEK      ,X ,Q,90.00,91.00,88.05,90.80,91.00,89.20,35,3633,328069.00,
505714,GABRIEL(I)  ,B ,Q,181.10,181.45,174.45,176.75,177.50,181.85,1545,97573,17277078.00,
505720,HERC.HOISTS ,B ,Q,206.75,210.00,202.85,204.10,204.40,206.55,1096,25273,5182363.00,
505725,AQFINTECH   ,X ,Q,500.00,517.00,492.00,501.90,501.90,493.60,66,4127,2083225.00,
505726,IFB IND.LTD.,A ,Q,871.10,906.35,846.00,879.15,878.85,887.60,791,3036,2687875.00,
505729,SINGER INDIA,X ,Q,76.80,77.65,75.40,76.00,76.00,76.35,337,45479,3464080.00,
505737,INTER.COMBUS,X ,Q,331.30,341.00,331.30,331.70,331.70,341.05,16,162,54044.00,
505744,FED MOG GOE ,B ,Q,306.15,308.30,301.30,304.15,304.15,306.40,96,1372,418209.00,
505750,JOSTS ENG.  ,X ,Q,548.00,567.95,526.00,526.55,526.10,531.25,92,3240,1753940.00,
505790,SCHAEFFLER  ,A ,Q,2655.05,2679.40,2637.95,2655.00,2655.00,2651.45,654,2556,6792098.00,
505800,RANE HOLDIN ,B ,Q,891.65,897.80,880.30,897.80,897.80,887.85,75,734,653394.00,
505807,ROLCON ENGG.,P ,Q,346.00,346.00,317.10,317.55,317.10,330.00,6,350,115455.00,
505827,SNL BEARINGS,X ,Q,286.50,288.90,278.30,287.70,287.95,288.80,38,300,84532.00,
505840,JAIPAN INDUS,X ,Q,31.60,33.85,31.60,33.70,33.85,33.05,17,4268,142024.00,
505850,MANCREDIT   ,X ,Q,117.00,117.10,113.80,114.50,115.70,116.30,25,7921,923486.00,
505854,TRF LTD.    ,B ,Q,187.00,187.00,180.00,180.70,182.20,183.25,246,3421,622138.00,
505872,WPIL LTD.   ,B ,Q,1184.90,1199.85,1155.10,1177.65,1188.00,1180.15,127,989,1166290.00,
505890,KENNAMETAL  ,A ,Q,2299.05,2319.40,2274.75,2288.55,2309.25,2299.10,282,3884,8950169.00,
505893,HINDHARD    ,X ,Q,248.90,248.90,235.05,235.05,235.05,234.20,7,21,4959.00,
505978,TRITON VALVE,X ,Q,1870.20,1870.20,1812.10,1821.70,1857.95,1872.15,23,246,458340.00,
506022,PRAKASH IND.,B ,Q,67.90,68.00,66.10,66.75,66.75,67.65,1875,206103,13735557.00,
506074,ARSHIYA     ,B ,Q,8.17,8.17,7.71,7.74,7.74,8.00,141,143463,1120488.00,
506076,GRIND NORTON,A ,Q,1927.45,2000.00,1925.00,1946.20,1946.20,1930.95,1009,5526,10806089.00,
506079,LAKSHMI PREC,Z ,Q,5.81,5.81,5.29,5.29,5.29,5.55,6,1165,6354.00,
506105,STANROSE MAF,X ,Q,83.95,83.95,74.00,74.65,74.65,74.95,60,5482,419461.00,
506109,GENESYS INT.,B ,Q,451.45,454.45,436.00,440.20,436.00,464.85,70,783,349127.00,
506122,PANKAJPIYUS ,X ,Q,108.05,108.05,103.00,103.00,103.00,108.05,2,2,211.00,
506128,PARNAXLAB   ,X ,Q,75.00,75.00,69.00,69.95,69.55,70.05,37,1711,121530.00,
506146,VISAGAR POL ,B ,Q,1.19,1.19,1.15,1.18,1.18,1.17,174,191630,222950.00,
506166,APIS        ,XT,Q,27.00,27.00,27.00,27.00,27.00,25.75,190,402550,10868850.00,
506184,KANANI IND  ,B ,Q,8.81,9.00,8.75,8.94,8.77,8.81,34,3540,31360.00,
506186,GCKL        ,X ,Q,16.15,16.85,15.75,15.90,15.90,16.55,58,11457,181816.00,
506194,ARIH SUPER  ,B ,Q,226.55,234.00,224.25,229.90,227.15,226.65,247,3393,781341.00,
506197,BLISSGVS PH ,B ,Q,71.25,72.35,71.25,71.70,71.70,71.75,80,1434,102945.00,
506222,STYRENIX    ,B ,Q,787.60,791.15,774.80,778.90,775.25,789.90,175,1073,842158.00,
506235,ALEMBIC LTD.,B ,Q,71.75,72.45,70.70,70.80,70.80,71.35,100,2806,200331.00,
506248,AMINES&PLAST,X ,Q,93.50,93.50,88.05,90.25,90.55,91.35,125,7375,670592.00,
506260,ANUH PHARMA ,X ,Q,89.10,90.50,89.10,89.30,89.30,89.75,135,9568,856309.00,
506261,MODISONLTD  ,B ,Q,68.90,68.90,67.20,67.70,67.70,67.50,44,2176,146806.00,
506285,BAYER CROP  ,A ,Q,4608.00,4617.55,4560.05,4581.60,4577.00,4595.10,129,175,803259.00,
506365,CHEMO PHARMA,XT,Q,41.70,41.70,40.00,40.00,40.00,39.80,6,32,1289.00,
506390,CLARI CHEM  ,B ,Q,342.20,345.00,341.05,342.65,343.25,341.90,80,1045,357856.00,
506395,COROM INTER ,A ,Q,861.05,870.15,860.15,865.05,860.70,862.75,539,3075,2666144.00,
506401,DEEPAK NITR.,A ,Q,1885.85,1898.35,1877.00,1884.80,1884.80,1885.85,3679,23661,44647585.00,
506405,DMCC        ,B ,Q,261.10,273.55,261.10,265.60,268.50,268.10,272,2783,743803.00,
506414,FERMENTA    ,X ,Q,175.50,177.40,175.00,176.55,176.55,175.45,74,14283,2515171.00,
506480,GOCLCORP    ,B ,Q,368.95,370.15,352.20,354.80,354.05,365.80,526,3844,1395902.00,
506520,JAYSHRI CHEM,X ,Q,6.98,7.07,6.90,6.97,7.05,6.98,68,25191,174946.00,
506522,JL MORISON  ,X ,Q,1736.55,1785.00,1711.00,1731.00,1731.00,1771.95,9,37,64378.00,
506525,KANORIA CHEM,B ,Q,139.75,141.90,137.90,139.25,139.15,139.45,102,2606,363807.00,
506528,KELTECH EN. ,X ,Q,650.00,653.00,650.00,650.75,651.00,652.00,8,44,28632.00,
506532,NITTA GELA  ,X ,Q,607.35,615.00,600.00,603.35,607.75,606.75,121,4054,2453844.00,
506543,M.P.AGRO IND,X ,Q,8.20,8.55,7.80,8.30,8.30,8.20,16,4382,34517.00,
506579,ORIENT.CARB.,B ,Q,758.50,761.10,737.55,755.95,758.10,749.30,194,1116,839915.00,
506590,PCBL        ,A ,Q,120.00,121.15,120.00,120.50,120.60,120.50,568,26303,3171776.00,
506597,AMAL PRODUCT,X ,Q,273.00,290.00,273.00,282.60,290.00,276.25,60,2116,593471.00,
506618,PUN.CHEM    ,B ,Q,990.00,1031.80,971.70,1023.05,1005.00,990.35,282,2089,2080791.00,
506640,GUJCHEM DIST,XT,Q,58.00,62.85,58.00,62.75,62.75,60.00,8,104,6081.00,
506642,SADHANA NITR,B ,Q,110.80,113.90,110.00,111.90,112.00,110.80,305,15977,1786726.00,
506655,SUDARSH.CHEM,A ,Q,380.05,395.55,380.05,387.30,386.75,381.45,780,8274,3224582.00,
506685,ULTRAMARINE ,B ,Q,322.05,326.05,321.05,325.35,322.60,321.65,260,18441,5967804.00,
506687,TRANSPEK    ,X ,Q,1500.00,1565.00,1500.00,1526.90,1522.05,1511.75,282,2117,3239762.00,
506690,UNICHEM LAB ,B ,Q,284.90,285.60,272.00,273.40,273.40,282.10,377,2969,823406.00,
506734,MYS PETRO   ,X ,Q,120.00,120.00,116.05,117.05,117.00,116.65,7,702,82918.00,
506767,ALKYL AMINES,A ,Q,2617.95,2665.05,2605.80,2615.20,2638.00,2606.35,1082,2667,7019899.00,
506808,TUTIALKA    ,X ,Q,66.50,66.50,66.50,66.50,66.50,63.35,79,29733,1977244.00,
506820,ASTRAZEN.PH.,A ,Q,3428.05,3514.75,3425.05,3427.85,3425.05,3440.10,352,772,2684108.00,
506852,PRIMO       ,A ,Q,73.25,73.60,70.60,71.20,71.20,73.25,1382,224855,16141379.00,
506854,TANFAC IND. ,X ,Q,1109.50,1109.50,1080.00,1109.50,1109.50,1056.70,266,12908,14284535.00,
506858,GUJ.PETRO   ,XT,Q,32.60,35.80,32.60,35.80,35.80,34.10,16,1548,54350.00,
506879,GUJ.THEMIS. ,X ,Q,773.85,777.00,754.00,759.35,764.70,769.95,239,3849,2942156.00,
506906,SCBL        ,X ,Q,3.95,3.95,3.66,3.84,3.90,3.79,25,38860,149264.00,
506910,JAYSN DYEST ,X ,Q,71.15,72.00,69.70,71.85,72.00,71.15,34,2239,159538.00,
506919,MAKERS LAB. ,X ,Q,118.80,118.80,111.00,111.75,112.00,116.80,86,3581,403751.00,
506935,CONT.CHEM   ,XT,Q,81.00,84.00,78.85,84.00,84.00,83.00,6,15,1212.00,
506943,J.B.CHEMICAL,A ,Q,1967.90,1989.90,1956.70,1981.95,1989.90,1971.45,246,1034,2041612.00,
506947,ADV.PETROCH.,P ,Q,238.50,238.50,238.50,238.50,238.50,227.15,1,50,11925.00,
506979,APT PACK    ,XT,Q,49.00,49.00,49.00,49.00,49.00,46.95,2,15,735.00,
506981,BL.CHIP TEX ,X ,Q,128.50,133.00,128.50,129.35,129.25,130.40,19,212,27789.00,
507155,JAGATJIT IND,XT,Q,101.15,110.25,101.15,105.20,106.00,105.00,54,12734,1346812.00,
507180,KESAR ENT.  ,X ,Q,76.80,76.80,73.00,74.50,74.40,76.30,24,1568,116146.00,
507205,TILAKNAG IND,B ,Q,118.85,120.00,115.10,115.60,116.25,117.55,582,15102,1779888.00,
507300,RAVALGAON   ,XT,Q,3910.00,3929.00,3714.50,3929.00,3929.00,3910.00,19,66,248738.00,
507315,SAKTHI SUGAR,B ,Q,22.55,23.20,22.20,22.45,22.30,22.90,173,27919,631279.00,
507410,WALCHANDNGR ,B ,Q,75.35,75.85,73.05,73.15,73.05,74.30,323,8853,655534.00,
507435,KHOD.INDIA  ,XT,Q,100.00,100.00,96.00,98.40,98.40,98.50,43,1535,151143.00,
507438,IFB AGRO    ,B ,Q,531.00,538.00,526.25,537.15,538.00,524.00,13,30,16095.00,
507442,DHARANI SUG ,Z ,Q,10.75,11.49,10.60,11.00,11.00,11.15,42,5221,56507.00,
507474,KOTHARI FERM,X ,Q,52.90,53.05,52.40,52.80,53.05,52.95,11,635,33641.00,
507486,CAPROLA.CHEM,XT,Q,67.50,70.85,67.50,70.85,70.85,67.50,10,429,30164.00,
507488,G.M.BREWERI ,B ,Q,592.60,601.95,583.00,584.95,586.00,596.85,273,1862,1094646.00,
507490,RANA SUGARS ,B ,Q,23.40,24.40,23.40,23.95,23.95,23.95,592,117319,2831500.00,
507498,PICCADILY SU,X ,Q,19.55,19.55,18.10,18.30,18.55,18.75,78,10098,187167.00,
507508,RIGA SUGAR  ,Z ,Q,7.75,7.89,7.37,7.49,7.49,7.75,17,6785,52152.00,
507514,SOM DISTILL.,B ,Q,120.80,123.15,120.25,122.00,122.05,120.80,645,18132,2209096.00,
507515,CJ GELATIN  ,XT,Q,31.30,31.30,28.60,29.20,29.45,30.00,25,946,27332.00,
507526,ASSO.ALCOHOL,B ,Q,405.50,410.00,400.20,403.60,402.90,405.85,345,2821,1141405.00,
507552,FOODS & INNS,T ,Q,142.00,144.30,139.00,140.20,140.00,140.95,51,2977,419971.00,
507580,IVP LIMITED ,B ,Q,129.00,133.10,128.05,129.00,128.10,130.00,31,1071,139482.00,
507598,KLRFM       ,X ,Q,167.80,167.80,167.80,167.80,167.80,159.85,57,7585,1272763.00,
507621,MILKFOOD    ,X ,Q,632.00,656.00,614.10,635.05,635.05,632.95,57,861,546780.00,
507645,POLSON LTD. ,X ,Q,10319.60,11000.00,10319.00,10664.20,10480.00,10700.00,26,28,301071.00,
507685,WIPRO LTD.  ,A ,Q,409.00,410.35,405.15,406.25,406.25,406.85,5501,271598,110575745.00,
507690,ORIENT BEVER,XT,Q,142.30,144.70,140.00,140.55,140.00,143.35,78,3858,543408.00,
507717,DHAN AGRI   ,B ,Q,700.00,706.65,699.90,702.95,700.00,704.50,73,464,326512.00,
507747,TTK HEALTHCA,B ,Q,998.50,1019.00,989.20,1000.70,1019.00,1005.95,322,2783,2775539.00,
507753,TGVSL       ,B ,Q,120.25,120.25,113.30,116.20,116.20,119.05,2636,349416,40545224.00,
507759,LIME CHEM.  ,X ,Q,22.50,23.20,21.65,23.15,23.15,22.15,8,578,12953.00,
507779,KANPUR PLAST,B ,Q,100.95,100.95,98.00,98.60,98.30,98.95,123,1934,191184.00,
507785,TAINWALA CH.,T ,Q,120.35,120.35,114.70,115.25,116.45,120.70,66,2812,323895.00,
507789,JAGSON PHAR ,B ,Q,370.00,371.70,355.00,357.55,358.00,364.05,618,7325,2633933.00,
507794,KHAITAN CHEM,B ,Q,71.25,72.95,69.20,70.30,70.30,75.40,2338,127829,9017469.00,
507815,GILLETTE (I),A ,Q,4942.55,4942.55,4918.90,4935.00,4935.00,4921.35,37,118,580973.00,
507817,WIRES FABRIK,XT,Q,143.95,143.95,135.25,141.70,141.70,139.50,16,1346,186619.00,
507828,ANSALHSG    ,X ,Q,4.11,4.11,3.98,4.08,4.09,4.08,141,60402,245144.00,
507833,COMPUTER PNT,X ,Q,2.65,2.75,2.52,2.54,2.66,2.65,81,6795,18052.00,
507836,MAC CHARLES ,X ,Q,424.00,434.00,414.00,421.00,421.00,423.75,18,332,141060.00,
507852,ADDI IND.   ,X ,Q,37.00,39.30,37.00,37.50,37.50,37.60,15,807,30338.00,
507864,PION INVEST ,X ,Q,39.30,43.75,39.30,41.05,40.50,39.15,269,27133,1143098.00,
507872,ASHNOOR TEX.,XT,Q,42.65,43.00,41.35,42.00,42.00,42.65,14,1294,54281.00,
507878,UNITECH LTD ,Z ,Q,1.71,1.72,1.69,1.71,1.71,1.71,403,836368,1428139.00,
507880,VIP INDUS.  ,A ,Q,698.10,711.90,691.00,705.50,705.50,702.05,896,8337,5834621.00,
507910,FIBERWB IN  ,B ,Q,37.05,37.75,36.50,37.05,37.15,36.20,60,3203,119158.00,
507912,LKP FIN     ,X ,Q,95.00,99.90,90.00,92.10,92.05,92.40,651,55326,5317076.00,
507944,BAJAJ STEEL ,X ,Q,935.00,944.50,920.15,927.55,927.00,923.10,261,6634,6199169.00,
507946,KIDUJA INDIA,X ,Q,62.30,62.30,57.50,58.15,58.15,57.30,21,737,44059.00,
507948,KEY CORP.LTD,XT,Q,51.70,51.70,49.30,51.30,51.30,51.85,19,2033,101615.00,
507960,GUJ.HOTELS  ,X ,Q,145.25,145.25,142.15,142.55,142.55,145.25,11,274,39196.00,
507966,RAS RESORTS ,X ,Q,34.40,34.40,34.40,34.40,34.40,36.20,3,52,1788.00,
507970,PARA. COSMET,X ,Q,43.90,43.90,41.05,41.25,42.70,43.00,49,1232,51837.00,
507981,JINDAL HOTL ,X ,Q,44.55,44.55,40.60,43.15,43.15,40.70,27,894,38434.00,
507998,SIMMONDS-MAR,X ,Q,53.95,56.60,53.00,54.55,54.60,55.50,20,1518,81766.00,
508136,BNALTD      ,X ,Q,310.00,318.80,310.00,317.20,317.95,312.95,10,117,36398.00,
508486,HAWKINS COOK,A ,Q,6020.05,6079.15,6015.55,6041.55,6070.00,6010.50,111,464,2797062.00,
508494,WARREN TEA  ,X ,Q,70.70,70.70,68.95,69.10,69.00,70.90,19,1806,124868.00,
508571,COCHIN MALA ,XT,Q,85.70,93.95,85.70,89.60,89.60,90.20,31,1529,134370.00,
508664,BEST E.HOTEL,X ,Q,66.40,66.40,61.25,63.30,61.25,64.45,29,1606,99849.00,
508670,NEELAMALAI  ,X ,Q,3600.00,3600.00,3600.00,3600.00,3600.00,3688.00,1,4,14400.00,
508807,IST LTD.    ,X ,Q,503.80,503.80,486.45,498.10,498.00,490.05,38,728,361267.00,
508814,COSMOFIRST  ,A ,Q,770.00,770.00,747.20,750.95,749.65,756.55,212,886,666441.00,
508869,APOLLO HOSP.,A ,Q,4335.10,4348.10,4300.00,4307.05,4309.35,4339.05,755,3763,16259479.00,
508875,NITINCAST   ,X ,Q,211.95,214.80,205.25,205.55,205.55,208.35,34,386,80753.00,
508905,SMIFS CAPITA,X ,Q,43.00,43.00,40.10,42.75,42.75,41.00,14,1941,79039.00,
508906,EVEREST INDS,B ,Q,744.50,753.70,742.25,745.00,743.80,747.70,86,2138,1594013.00,
508918,IRONWOOD    ,X ,Q,24.60,24.80,23.50,24.65,24.70,23.65,31,6070,149885.00,
508922,MSR INDIA   ,X ,Q,8.05,8.19,7.54,7.81,7.90,7.86,54,8186,63295.00,
508933,AYMSYNTEX   ,B ,Q,69.65,70.50,68.70,68.90,69.00,69.60,85,2009,138870.00,
508941,PANASON CAR ,X ,Q,390.10,393.00,385.20,390.75,390.80,388.95,87,2232,872498.00,
508954,FINKURVE    ,X ,Q,86.50,90.00,83.00,85.90,90.00,84.00,55,5435,464011.00,
508956,HB LEAS.PUB ,XT,Q,4.69,4.69,4.69,4.69,4.69,4.47,8,2402,11265.00,
508963,STERL.GUARA.,XT,Q,5.98,5.98,5.98,5.98,5.98,5.70,2,273,1632.00,
508969,SULABH ENG. ,XT,Q,4.63,5.06,4.63,4.97,5.00,4.82,153,132098,653058.00,
508989,NAVNETEDUL  ,B ,Q,116.00,116.25,113.70,114.60,115.35,115.35,675,52018,5967127.00,
508996,SATPROP LTD ,Z ,Q,1.00,1.06,1.00,1.01,1.00,1.02,37,47700,49361.00,
509009,AUSOM ENT   ,B ,Q,71.55,71.55,70.45,71.45,71.45,71.30,36,275,19616.00,
509020,RUCHI INFRA.,T ,Q,11.01,11.47,10.68,11.08,11.08,11.01,80,8879,98005.00,
509040,NETLINK SOLU,X ,Q,46.50,47.50,44.00,45.55,45.55,46.50,19,1796,82037.00,
509048,LANCOR HOLDS,XT,Q,31.80,31.80,30.05,31.65,31.05,30.60,53,30052,945221.00,
509051,INDIAN INFO.,X ,Q,1.88,1.88,1.84,1.85,1.85,1.86,2067,1249128,2325498.00,
509053,BANAS FIN.  ,X ,Q,15.50,15.85,15.50,15.55,15.60,15.65,359,43710,680963.00,
509055,VISAKA IND. ,B ,Q,425.55,427.45,415.20,417.75,417.75,425.25,277,3061,1291172.00,
509069,INFOMEDIA   ,T ,Q,4.84,4.84,4.60,4.60,4.60,4.84,6,1632,7512.00,
509073,HATHWAY BHAW,XT,Q,18.05,19.00,18.05,18.90,19.00,18.15,51,6393,119011.00,
509077,PRESSMN     ,B ,Q,66.80,67.05,63.35,64.25,64.90,63.90,87,8773,578212.00,
509079,GUFIC BIO SC,B ,Q,220.15,221.00,216.30,218.15,218.80,218.30,698,15627,3411365.00,
509084,PHOTON CAP  ,XT,Q,92.95,97.50,88.35,97.00,97.00,92.95,27,581,52422.00,
509152,GRPLTD      ,B ,Q,2687.95,2750.95,2537.25,2569.45,2576.00,2516.05,52,302,778650.00,
509162,INDAG RUBBER,X ,Q,81.20,81.20,79.00,79.25,79.25,78.90,41,1732,138584.00,
509196,M.M.RUBBER  ,X ,Q,114.70,114.70,106.70,110.00,107.50,110.00,36,1746,192606.00,
509220,PTL LTD     ,B ,Q,32.90,33.45,32.90,33.05,33.20,33.20,84,14481,479858.00,
509243,TVS SRICHAKR,B ,Q,3526.70,3549.10,3518.75,3525.65,3518.75,3541.10,148,415,1465058.00,
509438,BENARES HOT ,X ,Q,2905.00,2998.00,2900.00,2956.75,2980.00,2897.35,47,204,603565.00,
509449,BHAGWATI OXY,XT,Q,47.85,50.00,47.75,49.50,49.50,50.25,61,3794,183528.00,
509470,BOMOXY-B1   ,X ,Q,11390.00,11690.00,11390.00,11406.00,11406.00,11452.00,11,15,172894.00,
509472,CRAVATEX    ,X ,Q,437.95,437.95,409.45,411.95,418.00,431.00,21,656,272734.00,
509480,BERGE PAINT ,A ,Q,565.95,568.85,560.00,562.25,562.65,564.50,1210,13505,7614716.00,
509486,CAPRIHANS   ,X ,Q,141.00,148.85,140.55,142.05,142.50,138.10,290,54484,7803270.00,
509488,GRAPHITE IN.,A ,Q,365.00,367.90,361.50,362.45,362.45,365.50,1210,22117,8055951.00,
509496,ITDCEM      ,B ,Q,126.50,128.25,125.00,125.80,125.00,125.65,966,42096,5344682.00,
509525,EMPIRE IND. ,X ,Q,649.80,659.80,640.55,655.85,655.85,640.05,56,1096,717522.00,
509546,GRAVISS HOSP,X ,Q,23.30,27.35,21.60,26.00,26.00,22.80,535,152591,3990774.00,
509557,GARFIBRES   ,A ,Q,2935.95,2967.00,2915.00,2926.35,2915.00,2941.95,288,437,1286261.00,
509563,GARWA.MARINE,X ,Q,9.44,9.44,9.40,9.40,9.40,9.44,3,260,2451.00,
509567,GOA CARBON  ,B ,Q,579.45,579.45,557.25,558.65,558.00,569.60,617,6828,3846102.00,
509597,HARDCASTLE  ,XT,Q,473.70,473.70,432.10,457.00,457.00,451.65,4,8,3665.00,
509631,HEG LIMITED ,A ,Q,1060.10,1078.35,1041.05,1047.55,1047.55,1062.75,783,6719,7105405.00,
509635,HIND.COMPOSI,B ,Q,309.75,313.00,300.00,302.95,303.55,305.05,22,140,43370.00,
509675,HIL         ,A ,Q,2625.15,2660.00,2615.00,2629.30,2617.00,2620.90,367,798,2104305.00,
509692,IND.CARD    ,B ,Q,223.25,225.20,219.50,221.65,222.00,223.20,68,956,211724.00,
509709,INT.CONVEYOR,B ,Q,61.50,63.00,59.70,60.25,60.25,61.15,430,18505,1128960.00,
509715,JAYSHRE TEA ,B ,Q,99.40,99.45,98.00,98.35,98.35,99.15,120,3511,345745.00,
509760,MODERN SHARE,XT,Q,18.40,19.65,17.90,19.45,19.45,18.75,26,1192,21777.00,
509820,HUHTAMAKI   ,B ,Q,197.45,199.25,194.85,195.60,195.00,197.10,84,1076,211770.00,
509835,PREMIER SYN.,X ,Q,26.85,26.85,24.30,25.50,25.50,25.00,17,2268,57993.00,
509874,SHALIMAR PAI,B ,Q,137.95,140.90,133.05,133.45,133.05,134.70,167,2276,312719.00,
509895,HIND MILLS  ,X ,Q,235.60,247.50,235.60,247.40,247.40,248.00,8,23,5538.00,
509930,SUPREM IND  ,A ,Q,2340.05,2426.35,2340.05,2399.10,2398.00,2352.45,2137,6893,16529081.00,
509945,THACKER     ,XT,Q,444.40,445.05,444.40,445.05,445.05,467.75,6,50,22246.00,
509960,U.P.HOTELS  ,XT,Q,551.05,551.05,551.05,551.05,551.05,575.00,1,1,551.00,
509966,VST INDUS.  ,A ,Q,3300.00,3300.00,3104.95,3129.85,3132.10,3143.00,215,362,1134912.00,
510245,SWASTI VINAY,XT,Q,6.20,6.39,6.20,6.36,6.37,6.30,142,33324,210171.00,
511000,MADHUS.SEC  ,X ,Q,9.21,9.67,8.95,9.66,9.67,9.21,55,10673,102161.00,
511012,YAMINI INVES,XT,Q,0.85,0.86,0.84,0.85,0.86,0.84,898,618274,523191.00,
511016,PREMIER CAP.,XT,Q,5.85,6.05,5.85,6.04,6.04,6.14,7,132,775.00,
511034,JINDAL DRILL,B ,Q,285.10,288.80,254.95,258.55,258.95,282.15,2244,35237,9477176.00,
511066,SAKTHI FIN. ,X ,Q,30.50,33.50,30.40,31.10,30.85,32.00,17,449,14195.00,
511076,SAT IND LTD ,B ,Q,82.15,83.85,80.20,82.75,82.45,81.10,827,49723,4111420.00,
511092,JMDVL       ,X ,Q,11.30,11.52,11.08,11.10,11.20,11.30,75,104536,1160199.00,
511108,SHIVA TEXYAM,B ,Q,135.15,135.15,127.15,130.30,130.85,133.60,140,2843,369110.00,
511110,V.B.DESAI   ,X ,Q,11.99,11.99,11.70,11.70,11.70,11.70,3,13,152.00,
511116,QUADRANT    ,X ,Q,1.27,1.32,1.26,1.30,1.31,1.27,345,282691,365131.00,
511131,KAMAN HSG   ,X ,Q,10.54,10.54,10.00,10.35,10.35,10.04,23,3725,38343.00,
511147,WSFX        ,X ,Q,38.80,39.35,36.25,37.50,37.50,38.80,84,6800,260532.00,
511153,ANJANIFOODS ,XT,Q,29.80,30.95,29.80,30.00,30.60,30.05,34,5296,159795.00,
511187,MILLENNIUM  ,XT,Q,1.79,1.85,1.71,1.73,1.73,1.79,19,8211,14379.00,
511194,I.C.D.S.    ,T ,Q,27.20,27.20,25.90,26.55,26.55,26.70,12,2730,73490.00,
511196,CANFIN HOMES,A ,Q,552.05,564.95,548.30,563.65,562.25,551.75,2649,66976,37284212.00,
511208,IL & FS INVE,B ,Q,7.50,7.50,7.23,7.25,7.24,7.34,53,26610,194784.00,
511218,SHRIRAM TRAN,A ,Q,1295.95,1295.95,1263.20,1267.50,1264.75,1285.35,962,15201,19409846.00,
511243,CHOLAFIN    ,A ,Q,705.05,728.35,705.05,724.70,727.65,712.50,1634,24385,17610858.00,
511333,VLS FINANCE ,B ,Q,183.25,184.75,180.35,183.85,184.75,183.25,747,35934,6558898.00,
511355,IND CEM CAP ,X ,Q,10.51,11.00,10.51,10.55,10.94,10.56,46,3496,37440.00,
511359,AD-MANUM FIN,XT,Q,46.00,47.00,46.00,47.00,47.00,48.35,5,106,4882.00,
511377,MEHTA I.FIN ,XT,Q,19.95,20.90,19.95,20.90,20.90,19.95,4,120,2413.00,
511391,INTER GLOB F,X ,Q,25.80,27.70,25.65,26.00,26.00,26.70,6,412,10628.00,
511411,SHRISTINFRA ,X ,Q,27.50,28.45,26.10,27.20,27.20,26.05,20,2565,70143.00,
511413,CREST       ,B ,Q,183.60,183.90,183.60,183.90,183.90,182.85,3,10,1837.00,
511431,VAKRANGEE   ,A ,Q,27.10,27.10,26.80,26.95,26.95,26.85,724,242274,6529027.00,
511441,GUJ.CREDIT  ,XT,Q,23.85,25.65,23.40,25.40,25.65,24.60,18,646,15761.00,
511447,SYLPH TECH  ,XT,Q,47.75,47.75,47.75,47.75,47.75,50.25,281,84727,4045714.00,
511451,DHARANI FIN.,X ,Q,6.99,6.99,6.90,6.90,6.90,6.99,6,1636,11420.00,
511463,ALEXANDER   ,X ,Q,21.90,22.10,20.00,21.45,21.45,21.40,318,68812,1450528.00,
511473,IND.BANK MER,B ,Q,28.10,29.00,28.00,28.25,28.35,28.80,213,17565,498927.00,
511493,VCK CAPITAL ,XT,Q,22.02,22.02,22.02,22.02,22.02,20.98,13,2455,54059.00,
511501,BHARAT BHUSH,X ,Q,26.95,26.95,26.05,26.85,26.85,25.80,9,158,4128.00,
511505,CAPITAL TRUS,B ,Q,88.25,88.55,84.00,84.95,84.00,89.05,140,4790,413447.00,
511507,USHAKIRAN FI,XT,Q,22.05,22.05,20.05,20.15,20.10,21.10,24,1893,39623.00,
511509,VIVO BIO TEC,X ,Q,29.90,29.90,28.75,28.95,29.25,29.50,86,6491,189839.00,
511523,VEERHEALTH  ,X ,Q,27.85,28.45,27.05,27.40,27.85,27.80,51,11061,305315.00,
511525,PAN INDIA C ,XT,Q,2.42,2.50,2.41,2.43,2.45,2.42,196,81299,197839.00,
511533,SAHARA HOUSG,X ,Q,42.85,47.25,42.85,46.50,46.50,45.80,20,214,9925.00,
511535,NDA SECURIT.,X ,Q,11.95,12.77,11.95,12.77,12.77,12.80,10,117,1419.00,
511543,GSB FINANCE ,X ,Q,10.50,10.50,10.14,10.14,10.14,10.67,4,281,2886.00,
511549,MORARKA FIN.,X ,Q,111.45,112.00,108.10,109.35,109.00,109.95,33,1647,181797.00,
511551,MONARCH     ,B ,Q,342.80,359.15,341.05,352.90,352.50,341.45,126,676,235910.00,
511557,PRO FIN CAP.,X ,Q,1.35,1.37,1.34,1.36,1.36,1.36,232,184505,249918.00,
511559,TIMES GUARAN,B ,Q,54.05,55.00,52.95,53.10,53.40,54.05,20,467,24947.00,
511571,SOMDATT FIN ,XT,Q,196.95,201.15,192.00,201.15,201.15,191.60,191,17168,3431968.00,
511585,REGENCY TRUS,X ,Q,3.03,3.03,3.03,3.03,3.03,3.03,3,408,1236.00,
511589,AVONMORE    ,B ,Q,73.15,73.20,69.45,70.80,70.50,72.55,147,9333,657128.00,
511593,LIBORD FIN  ,X ,Q,8.22,8.55,8.22,8.55,8.55,8.60,5,1883,15934.00,
511601,YASH MANAGE.,X ,Q,19.92,20.16,18.24,19.00,19.00,19.20,919,300591,5782270.00,
511605,ARIHANT CAP.,B ,Q,63.95,63.95,60.15,62.05,61.50,62.20,530,74045,4586491.00,
511609,ISL CONSULT ,X ,Q,27.40,27.70,27.40,27.40,27.40,27.20,7,663,18327.00,
511611,DCM FINANCIA,B ,Q,5.12,5.38,5.12,5.25,5.25,5.25,15,3063,16106.00,
511626,R R FINANCE.,XT,Q,13.30,13.30,12.50,13.30,13.30,12.70,40,13615,180862.00,
511628,IMCAP       ,X ,Q,292.00,296.60,288.80,295.10,295.10,282.50,497,70283,20790038.00,
511630,SAMBHAAV MED,B ,Q,3.89,3.89,3.69,3.76,3.76,3.75,25,5197,19710.00,
511654,SUGAL DAM   ,X ,Q,15.90,15.90,15.70,15.70,15.70,15.15,2,775,12321.00,
511658,NETTLINX LTD,X ,Q,103.00,103.00,99.00,99.20,100.70,101.05,69,12084,1212435.00,
511672,SCANSTL     ,X ,Q,40.00,40.50,38.75,38.85,38.85,39.70,86,11690,460972.00,
511676,GIC HOUSING ,B ,Q,201.00,212.55,198.75,208.85,208.95,200.80,1641,72034,14770008.00,
511688,MATHEW EASOW,X ,Q,6.20,6.99,6.20,6.97,6.97,6.80,7,1208,7507.00,
511692,AJCON GLOBAL,X ,Q,34.45,34.45,32.00,32.00,32.00,33.20,22,3839,123942.00,
511700,STD.CAP.MRKT,XT,Q,47.10,47.10,47.10,47.10,47.10,44.90,26,3448,162400.00,
511710,CUBICAL FIN.,X ,Q,1.75,1.75,1.66,1.70,1.72,1.71,99,29286,49696.00,
511712,RELIC TECHNO,X ,Q,20.80,20.80,20.40,20.40,20.40,20.00,2,16,328.00,
511714,NIMBSPROJ   ,X ,Q,41.25,41.25,38.40,40.95,40.95,40.85,4,53,2164.00,
511724,BAIDFIN     ,B ,Q,30.50,31.90,29.40,31.05,31.10,30.15,252,14879,455564.00,
511726,VIPUL LTD   ,T ,Q,18.00,18.90,18.00,18.10,18.10,18.70,20,5285,96590.00,
511730,TRC FINAN.SE,XT,Q,17.05,17.05,17.05,17.05,17.05,16.25,9,382,6513.00,
511736,USHDEV INTNL,X ,Q,1.73,1.73,1.62,1.65,1.62,1.67,106,41124,68796.00,
511738,MEHTA SECUR.,XT,Q,22.00,23.00,22.00,22.30,22.00,22.00,9,606,13432.00,
511742,UGROCAP     ,B ,Q,152.70,155.05,152.05,154.35,155.00,152.65,43,458,70618.00,
511754,SHALIB.FINAN,X ,Q,170.00,170.00,168.00,169.00,169.00,169.90,6,2901,491017.00,
511756,ABIRAMI FIN.,Z ,Q,30.80,33.00,30.41,30.41,30.41,32.01,149,30598,942422.00,
511760,SEVENHILL   ,X ,Q,0.67,0.68,0.66,0.68,0.68,0.67,706,406588,274006.00,
511764,AASTAFIN    ,X ,Q,31.22,31.22,31.22,31.22,31.22,29.74,23,6183,193033.00,
511766,MUTHOOT CAP ,B ,Q,262.90,265.60,258.00,258.10,258.00,260.20,62,698,183784.00,
511768,MASTER TRUST,X ,Q,125.00,125.00,119.00,119.00,119.00,121.25,11,377,45145.00,
512008,EFCIL       ,XT,Q,735.75,735.75,735.75,735.75,735.75,700.75,10,970,713677.00,
512018,CNI RES LTD ,X ,Q,2.79,2.81,2.69,2.70,2.70,2.72,186,41988,114301.00,
512020,SARASW.COMM.,X ,Q,2952.00,3100.00,2952.00,3019.00,3019.00,2992.30,19,30,91026.00,
512024,N.D.METAL   ,X ,Q,45.00,45.00,45.00,45.00,45.00,45.00,1,1,45.00,
512047,ROYAL IND   ,X ,Q,2.65,2.65,2.40,2.48,2.48,2.49,30,3830,9353.00,
512048,LUHARUKA    ,X ,Q,4.90,4.90,4.90,4.90,4.90,5.15,218,21135,103561.00,
512064,VISVEN      ,X ,Q,86.00,86.00,85.60,85.60,85.60,90.00,6,109,9363.00,
512068,DECCANGOLD  ,XT,Q,41.00,42.25,41.00,41.40,41.40,40.55,136,26950,1123496.00,
512070,UPL         ,A ,Q,750.00,753.45,743.00,745.40,746.00,748.75,730,10422,7797722.00,
512093,CRANES SOFTW,X ,Q,3.55,3.57,3.40,3.44,3.51,3.48,96,47857,166673.00,
512097,SAICOM      ,X ,Q,0.55,0.55,0.53,0.54,0.55,0.55,586,655048,356933.00,
512099,EY          ,XT,Q,37.90,37.90,37.90,37.90,37.90,36.10,1,44,1667.00,
512103,NIDHI GRANIT,X ,Q,67.60,67.60,67.60,67.60,67.60,64.40,3,122,8247.00,
512115,ROSE MERC LT,X ,Q,34.90,34.90,31.70,34.90,34.90,33.25,97,33723,1172466.00,
512131,SIGNET IND  ,B ,Q,39.20,39.60,38.70,38.90,38.85,39.15,46,1302,51115.00,
512161,SECURKLOUD  ,B ,Q,58.15,59.05,57.05,57.10,57.05,57.70,111,2966,173714.00,
512165,ABANSENT    ,XT,Q,181.90,186.50,175.00,185.65,186.50,181.60,45,4865,877179.00,
512175,VAMA INDS   ,X ,Q,6.36,6.45,6.23,6.24,6.38,6.36,99,54585,345651.00,
512179,SUNTECK REAL,A ,Q,370.25,379.45,369.00,377.15,375.00,367.80,1490,22513,8388964.00,
512197,SILVEROAK   ,Z ,Q,3.50,3.62,3.31,3.59,3.59,3.46,69,18662,65432.00,
512217,PRISM MEDI  ,XT,Q,41.60,41.60,37.70,40.50,41.50,39.65,415,155840,6394569.00,
512229,VERITAS     ,XT,Q,264.65,264.65,264.65,264.65,264.65,270.05,175,24284,6426760.00,
512237,JAI CORP LTD,A ,Q,141.65,142.55,138.75,139.90,139.00,141.30,581,30519,4308946.00,
512247,ASHIRWAD CAP,X ,Q,5.89,5.91,5.60,5.68,5.67,5.91,247,38000,218105.00,
512257,SVARTCORP   ,X ,Q,2.70,2.84,2.66,2.74,2.76,2.71,223,146972,404087.00,
512267,MEDIA MATRIX,B ,Q,13.15,13.25,12.52,12.85,12.85,12.88,197,91323,1179447.00,
512296,BHAGYA INL  ,B ,Q,48.50,50.25,45.95,49.00,49.20,47.25,189,13271,627993.00,
512301,CHAMBAL BREW,X ,Q,3.08,3.23,3.00,3.00,3.00,3.08,7,461,1418.00,
512329,KRL         ,XT,Q,418.00,418.00,409.00,409.00,409.00,421.00,2,11,4508.00,
512344,ARAVALI SEC.,XT,Q,4.67,4.67,4.60,4.60,4.60,4.46,18,11965,55250.00,
512359,SWORDEDGE   ,X ,Q,0.51,0.52,0.49,0.50,0.50,0.51,818,915494,462645.00,
512379,CRESSANDA SO,T ,Q,32.60,33.40,31.50,31.85,31.85,32.70,1051,745650,24084124.00,
512381,STARTECK    ,B ,Q,133.25,135.15,132.40,134.95,134.95,132.30,62,20471,2747001.00,
512393,SHARDUL SECU,X ,Q,100.05,100.05,100.00,100.00,100.00,100.00,4,211,21100.00,
512399,SERA        ,XT,Q,283.80,287.50,278.00,287.40,287.35,273.85,66,3167,894669.00,
512425,NIRAV COMMER,X ,Q,435.60,476.90,435.60,456.85,436.75,457.50,3,3,1349.00,
512437,APOLLO FIN I,X ,Q,479.90,481.95,462.00,467.00,467.00,462.70,68,714,334427.00,
512441,ENBEE TRADG.,XT,Q,41.70,41.75,40.50,41.75,41.75,42.60,46,10331,421700.00,
512453,SHRI JAGDAMB,X ,Q,730.00,734.80,720.00,727.45,720.05,725.90,92,733,532090.00,
512455,LLOYDS MET E,A ,Q,293.80,294.00,282.00,286.20,286.20,289.90,4088,307742,89016011.00,
512463,SHREE GLOBAL,X ,Q,9.21,9.90,9.08,9.31,9.31,9.11,4476,4132085,39152314.00,
512477,BETEX INDIA ,X ,Q,69.95,71.55,66.00,69.40,69.40,70.80,19,603,41692.00,
512479,VIRYA       ,XT,Q,217.40,217.40,217.40,217.40,217.40,207.05,1,1,217.00,
512481,POLYTEX(P)  ,XT,Q,3.83,3.83,3.68,3.80,3.80,3.83,31,9214,35174.00,
512485,DHANAL.COTEX,X ,Q,52.25,52.25,50.25,50.25,50.25,51.95,4,21,1079.00,
512489,OASIS SECUR.,X ,Q,74.05,75.00,71.15,73.00,73.00,74.05,9,373,27203.00,
512493,GARNET INTL ,XT,Q,82.00,82.25,78.10,79.85,78.60,79.35,114,23552,1896849.00,
512499,SHALIMAR PRO,X ,Q,0.52,0.52,0.50,0.51,0.51,0.51,1257,3458782,1755200.00,
512519,DONEAR IND. ,B ,Q,103.25,108.50,103.00,104.20,104.20,101.80,484,30041,3160479.00,
512527,SUPER SAL IN,X ,Q,790.35,800.00,785.00,799.80,800.00,790.35,6,24,19154.00,
512529,SEQUENT     ,A ,Q,85.05,85.60,84.10,84.30,84.50,85.00,832,38299,3244932.00,
512531,STC INDIA   ,B ,Q,87.05,87.05,85.45,86.00,85.55,86.15,71,1691,145751.00,
512553,ZENITH EXP. ,B ,Q,101.90,102.00,96.00,101.15,101.75,97.25,102,2709,269244.00,
512559,KOHINORFOODS,B ,Q,65.50,78.50,65.50,78.00,78.00,65.45,5727,715230,54193053.00,
512565,R.T.EXPORTS ,X ,Q,20.10,20.65,18.80,18.80,18.80,19.70,9,872,16835.00,
512573,AVANTI FEEDS,A ,Q,391.85,392.25,384.00,389.00,389.00,388.50,267,8513,3305794.00,
512587,ZODIAC JRD  ,X ,Q,36.40,37.90,35.10,35.65,35.65,38.20,49,4022,144011.00,
512589,SITA ENTER. ,X ,Q,18.55,18.55,16.90,17.10,16.90,17.75,36,5566,96896.00,
512591,PULSAR INTL.,XT,Q,8.26,8.26,8.26,8.26,8.26,7.87,10,50,413.00,
512597,KEYFINSER   ,B ,Q,103.65,105.10,102.00,102.00,102.00,102.00,4,100,10270.00,
512599,ADANI ENTER ,A ,Q,3440.10,3506.65,3429.05,3442.75,3443.30,3434.50,3627,48027,166099549.00,
512604,HARIA EXPORT,X ,Q,5.80,5.80,5.26,5.26,5.26,5.80,26,12550,69608.00,
512608,BHANDARI HOS,B ,Q,5.45,5.55,5.20,5.26,5.24,5.50,227,162001,863188.00,
512618,RLF LIMITED.,XT,Q,7.74,8.11,7.60,8.11,8.11,7.74,19,1393,10648.00,
512624,REGENTRP    ,XT,Q,4.24,4.26,3.90,4.20,4.25,4.10,111,186920,761564.00,
512626,ORBIT EXPORT,B ,Q,164.35,164.35,153.45,157.00,157.00,161.40,159,3498,549373.00,
512634,SAVERA IND  ,X ,Q,74.95,74.95,72.55,72.70,72.70,73.25,25,2321,169531.00,
513005,VBC FERRO   ,XT,Q,60.00,60.00,56.40,56.40,56.40,59.35,38,2928,165944.00,
513010,TATASTLLP   ,A ,Q,723.05,725.50,710.05,711.70,711.60,721.90,558,9801,7033900.00,
513023,NAVA        ,A ,Q,246.80,246.95,236.50,238.45,238.75,245.15,1453,44542,10736738.00,
513043,REMI EDEL   ,X ,Q,47.75,47.75,47.75,47.75,47.75,49.20,7,959,45792.00,
513059,G.S.AUTO INT,XT,Q,15.90,16.10,15.25,15.70,15.70,15.55,66,8198,130395.00,
513063,TRANSFREIGHT,XT,Q,19.00,19.05,18.95,18.95,18.95,19.90,6,1115,21162.00,
513097,SHIV.BIMETAL,B ,Q,390.75,391.95,378.40,379.95,380.10,386.05,240,2359,907265.00,
513108,GANDHI SP.TU,B ,Q,576.00,588.30,576.00,585.80,584.55,579.80,213,1499,874592.00,
513117,AMFORGE IND.,X ,Q,5.77,5.84,5.50,5.73,5.73,5.75,31,2541,14449.00,
513119,ABC GAS INT ,XT,Q,59.45,59.45,54.45,56.00,56.00,57.30,35,813,45499.00,
513121,ORICON ENT  ,B ,Q,27.95,28.05,27.00,27.25,27.25,27.65,175,30925,846807.00,
513149,ACROW INDIA ,X ,Q,1037.95,1037.95,972.05,1002.45,1005.90,996.90,31,213,213250.00,
513173,STL STR INF ,X ,Q,26.60,26.60,24.55,25.65,25.85,25.15,51,4729,121242.00,
513179,NAT STL AGRO,T ,Q,4.71,4.71,4.52,4.71,4.71,4.49,84,37055,173246.00,
513228,PENNAR STEEL,B ,Q,56.05,58.35,56.05,56.55,56.40,56.90,369,24856,1413071.00,
513250,JYOTI STRUCT,Z ,Q,11.14,11.28,10.75,10.75,10.75,11.31,390,908668,9839357.00,
513252,JAY USHIN   ,XT,Q,711.00,750.00,711.00,750.00,750.00,741.20,6,98,70158.00,
513262,ST.STR.WHEEL,A ,Q,150.30,154.45,147.05,147.45,147.75,148.70,294,13479,1996894.00,
513269,MAN IND.(I) ,B ,Q,81.20,82.70,80.95,81.60,81.60,81.60,188,6053,495210.00,
513295,IMEC        ,X ,Q,2.16,2.16,2.00,2.10,2.11,2.07,32,9194,19408.00,
513303,MODERN STEEL,X ,Q,16.00,16.48,15.60,16.06,16.15,16.00,24,1482,23424.00,
513307,SYNTHIKO FOI,XT,Q,235.70,235.70,235.70,235.70,235.70,224.50,22,544,128220.00,
513309,GOLKONDA    ,Z ,Q,24.00,24.95,23.90,23.95,23.95,23.80,16,6312,156812.00,
513335,METALFORGE  ,Z ,Q,3.80,4.09,3.80,4.08,4.09,3.90,53,37058,149565.00,
513337,GUJ.TOOLROOM,XT,Q,85.80,94.80,85.80,94.80,94.80,90.30,23,1592,138149.00,
513349,AJMERA      ,B ,Q,300.45,301.40,292.20,296.90,295.00,296.70,4384,36848,10954533.00,
513353,COCHIN MIN. ,X ,Q,286.00,296.90,284.00,286.05,284.50,290.75,183,7953,2306316.00,
513361,ISW LTD     ,XT,Q,2.04,2.04,1.89,1.93,1.95,1.98,261,156729,307101.00,
513369,KVFORGE     ,X ,Q,49.40,49.40,45.70,45.70,45.70,47.20,25,3948,181442.00,
513375,CARBORUNDUM ,A ,Q,926.20,936.55,915.90,933.95,934.15,923.00,302,2523,2344806.00,
513377,MINERAL&METL,A ,Q,35.25,35.25,34.00,34.05,34.05,34.55,937,91421,3142074.00,
513401,ASHIANA ISP.,X ,Q,36.80,39.55,36.80,37.55,37.55,38.00,21,3154,118568.00,
513403,PM TELELINN ,X ,Q,8.50,8.56,7.84,8.35,8.43,8.16,62,7385,62392.00,
513418,SMFIL       ,X ,Q,4.47,4.49,4.32,4.35,4.35,4.39,87,27266,119278.00,
513422,BLOOM INDUST,X ,Q,24.10,25.45,24.10,25.45,25.45,24.95,10,206,5220.00,
513430,MAITRI      ,XT,Q,36.35,36.35,36.35,36.35,36.35,34.65,2,50,1817.00,
513434,TATA METALIK,A ,Q,864.95,864.95,839.80,842.15,840.20,853.45,734,6348,5352980.00,
513436,SHAH ALLOYS ,B ,Q,73.50,73.95,67.80,69.75,69.75,70.55,55,1607,114207.00,
513446,JSWISPL     ,B ,Q,30.10,31.35,30.10,30.55,30.50,31.15,157,38919,1201973.00,
513456,KANISHK ST. ,X ,Q,40.50,40.50,36.60,37.75,37.80,36.85,100,21548,826088.00,
513460,MAHALAXMI SM,Z ,Q,9.10,9.10,8.65,8.65,8.65,9.10,6,1258,10946.00,
513472,SIMPLEX CAST,X ,Q,44.00,48.00,44.00,46.00,46.00,44.75,19,1967,91439.00,
513488,SH.STEEL WIR,X ,Q,29.90,29.90,27.30,29.00,29.00,28.50,9,117,3301.00,
513498,SOUTH.MAGNES,XT,Q,61.15,66.00,61.10,61.95,61.95,64.20,16,1423,88669.00,
513502,BARODA EXTR.,X ,Q,2.93,2.99,2.85,2.87,2.87,2.93,166,162988,472467.00,
513507,GUJ.CONTAIN.,P ,Q,190.10,190.10,190.10,190.10,190.10,197.10,1,100,19010.00,
513509,KALYANI FORG,T ,Q,240.00,244.95,240.00,240.05,240.00,243.00,7,171,41045.00,
513511,PANCH.STEEL ,X ,Q,140.00,140.00,138.00,138.00,138.00,140.85,17,535,74167.00,
513513,ADITYA ISPAT,X ,Q,10.00,10.01,10.00,10.00,10.00,10.00,17,2908,29081.00,
513515,S.R.INDUS.  ,XT,Q,1.99,1.99,1.82,1.90,1.90,1.91,15,3703,6859.00,
513517,STEELCAST   ,B ,Q,505.15,524.35,489.10,492.35,493.65,484.15,717,6556,3303842.00,
513519,PITTIENG    ,B ,Q,315.15,322.30,315.15,320.20,317.05,319.25,389,18907,6070438.00,
513528,GLITTEK GRAN,X ,Q,2.98,2.98,2.72,2.74,2.74,2.84,9,2132,6094.00,
513532,PRADEEP MET.,X ,Q,180.45,180.95,169.00,170.45,169.00,176.05,271,31361,5451237.00,
513536,GNRL        ,X ,Q,15.70,15.95,15.40,15.95,15.95,15.40,44,5018,78683.00,
513548,SHARDA ISPAT,XT,Q,66.65,67.50,66.65,66.80,67.50,66.65,2,6,400.00,
513554,MAHA STEEL  ,B ,Q,70.75,71.15,70.00,70.75,70.30,70.80,50,1646,115745.00,
513575,STERPOW     ,XT,Q,16.50,18.20,16.50,18.20,18.20,17.35,40,13179,221427.00,
513599,HIND.COPPER ,A ,Q,128.45,129.65,127.10,128.75,128.10,129.20,2104,270335,34747132.00,
513642,AXEL POLYMER,XT,Q,42.25,44.30,42.25,44.25,44.30,42.30,5,1086,46084.00,
513683,NLCINDIA    ,A ,Q,81.40,81.80,78.70,79.10,79.30,81.35,1758,281973,22530057.00,
513687,SPECTRA IND.,X ,Q,7.90,7.90,7.90,7.90,7.90,7.95,1,12,94.00,
513693,KIC METALIKS,X ,Q,45.90,45.90,43.80,44.45,44.45,43.10,39,4415,196198.00,
513699,SOLID STONE ,X ,Q,41.85,41.85,40.00,40.00,40.00,41.00,2,3,123.00,
513709,SHILP GRAVUR,X ,Q,104.00,106.40,103.00,103.05,103.00,103.70,18,579,59924.00,
513713,WHITEORG    ,X ,Q,14.00,14.63,13.71,14.25,14.25,13.87,402,135704,1930801.00,
513721,MFSINTRCRP  ,Z ,Q,15.05,15.05,14.05,14.05,14.05,14.75,30,4261,60045.00,
513729,ARO GRANITE ,B ,Q,47.30,51.00,47.10,48.35,48.35,47.55,365,22947,1104100.00,
514010,HIM.FIBRES  ,X ,Q,5.41,5.41,5.15,5.33,5.25,5.26,47,7061,37259.00,
514028,RAJKAMAL SYN,X ,Q,30.75,31.00,30.55,31.00,31.00,30.75,13,10765,329585.00,
514030,DEEPAK SPINN,X ,Q,241.50,247.90,241.50,242.60,242.70,246.80,46,1595,387752.00,
514034,JBF IND.LTD ,Z ,Q,7.80,8.13,7.80,7.91,8.00,8.07,29,23312,183573.00,
514036,LOY.TEX MILL,B ,Q,736.10,755.00,721.30,753.15,755.00,729.80,21,232,169188.00,
514043,HIMAT.SEIDE ,B ,Q,75.25,77.85,75.25,75.85,76.90,75.40,688,40333,3083144.00,
514045,BSL LTD.    ,T ,Q,179.40,183.65,179.40,182.10,180.05,183.50,23,647,118115.00,
514087,PBM POLYTEX ,X ,Q,111.75,111.75,108.00,108.25,108.00,108.55,20,2108,228701.00,
514113,ADHINATH TEX,XT,Q,29.65,29.90,28.85,29.10,29.05,29.10,59,4271,126116.00,
514138,SURYALATA SP,X ,Q,321.95,344.30,311.05,313.15,315.00,315.00,65,1584,504992.00,
514140,SURYAVA SPIN,X ,Q,27.40,27.40,26.70,26.70,26.70,26.25,6,243,6488.00,
514142,TT LTD.     ,B ,Q,81.50,82.95,80.80,81.10,81.10,81.10,81,2136,173859.00,
514162,WELSPUN (I) ,A ,Q,71.05,72.45,70.50,70.70,70.70,71.55,502,48363,3436849.00,
514165,IND.ACRYLICS,X ,Q,13.15,13.49,13.05,13.09,13.05,13.31,312,136078,1784945.00,
514167,GANESH ECOSP,B ,Q,888.35,889.75,867.95,871.05,878.65,887.45,332,1373,1206096.00,
514171,CEETA IND.  ,XT,Q,28.40,28.45,26.25,28.45,28.45,27.10,20,2376,64868.00,
514175,VARDHMAN POL,B ,Q,18.85,19.00,18.80,19.00,19.00,18.95,21,753,14220.00,
514183,BLACKROSE   ,X ,Q,164.05,166.00,162.00,162.40,162.90,164.25,707,12760,2081868.00,
514197,ST CORP     ,XT,Q,66.05,66.05,59.85,60.90,62.00,62.95,380,96124,6097623.00,
514211,SUMEET INDUS,T ,Q,3.97,3.97,3.80,3.83,3.89,3.86,53,13195,50573.00,
514215,BINNY LTD.  ,X ,Q,298.50,298.50,289.00,296.95,297.95,292.70,41,1791,525277.00,
514223,RAMGOPAL POL,XT,Q,6.38,6.38,5.96,6.36,6.36,6.27,30,4091,25559.00,
514234,SANGAM INDIA,B ,Q,215.20,220.80,214.30,217.35,216.50,215.50,108,1644,360569.00,
514238,MKVENTURES  ,X ,Q,1389.65,1424.05,1330.00,1424.05,1424.05,1356.25,76,2245,3182810.00,
514240,KUSHIND     ,X ,Q,6.83,6.83,6.27,6.31,6.31,6.59,90,30537,197494.00,
514248,SREECHEM RES,P ,Q,69.95,70.00,67.60,69.85,69.85,68.95,15,3400,236515.00,
514264,SEASONS TEXT,X ,Q,13.65,13.65,12.40,12.40,12.40,13.00,3,21,275.00,
514266,ZENITH FIBRE,X ,Q,82.35,87.95,81.00,84.00,84.25,82.30,317,25235,2150714.00,
514272,BHILWARA SP.,X ,Q,42.10,44.60,42.00,42.85,43.85,42.00,30,2754,118308.00,
514274,AARVEE DENIM,B ,Q,25.20,26.55,25.20,26.20,26.30,25.60,31,677,17600.00,
514280,SANRHEA TECH,XT,Q,80.00,80.00,76.50,80.00,80.00,76.20,15,1581,126327.00,
514286,ASHIMA LTD. ,B ,Q,16.90,16.90,16.60,16.70,16.70,16.90,77,10511,175837.00,
514300,PIONEER EMB ,B ,Q,41.50,42.65,41.10,41.35,41.30,42.10,34,1864,77509.00,
514302,VIPPY SPIN. ,X ,Q,148.00,153.90,144.15,153.70,153.90,146.60,194,11405,1714832.00,
514312,JAY HIND SYN,XT,Q,35.50,36.65,33.30,35.40,35.40,35.05,58,18176,622159.00,
514316,RAGHUVIR SYN,X ,Q,116.20,119.00,115.00,118.55,119.00,119.00,203,13725,1614473.00,
514322,KAMADGIRI   ,XT,Q,68.55,74.90,68.35,68.35,68.35,71.90,4,138,9543.00,
514326,PATSPIN INDI,X ,Q,11.91,11.91,11.32,11.49,11.50,11.91,32,9970,115315.00,
514330,ONEGLOBAL   ,X ,Q,37.15,38.00,36.50,37.00,37.00,38.50,28,4239,157761.00,
514332,NEOINFRA    ,X ,Q,13.90,13.90,12.10,12.55,12.55,13.50,21,517,6504.00,
514354,PREMIER POLY,B ,Q,100.50,101.70,99.40,101.00,100.90,101.45,193,5444,548983.00,
514358,EVERLON SYN.,X ,Q,32.85,34.80,32.85,34.75,34.75,32.70,15,1355,44747.00,
514360,KRRAIL      ,X ,Q,112.20,112.20,112.20,112.20,112.20,106.90,44,27168,3048249.00,
514378,YARN SYNDICA,XT,Q,47.00,47.40,44.00,46.70,46.40,45.15,154,24164,1110782.00,
514386,GUJ COTEX   ,X ,Q,3.80,3.89,3.80,3.87,3.89,3.85,90,36452,140173.00,
514400,GARWARE SYN.,X ,Q,10.36,10.36,10.36,10.36,10.36,10.90,2,270,2797.00,
514418,MANORG      ,B ,Q,483.05,490.50,475.65,482.15,482.15,478.85,83,438,211783.00,
514428,HINDU.ADHESI,X ,Q,275.00,280.00,275.00,277.05,278.80,271.30,67,1179,327114.00,
514442,SRI KPR IND ,X ,Q,20.05,21.50,19.80,20.95,21.30,21.15,26,1382,28832.00,
514448,JYOTI RESINS,T ,Q,1196.75,1196.75,1170.55,1178.10,1181.00,1180.00,525,4463,5271242.00,
514450,MAHA.RUBTECH,B ,Q,252.00,265.00,251.95,253.20,256.15,248.85,620,6856,1774836.00,
514454,SOUTH.LATEX ,XT,Q,15.30,15.30,15.30,15.30,15.30,14.60,5,481,7359.00,
514470,WIMSOME TEXT,B ,Q,76.95,79.65,76.15,78.15,76.15,78.50,66,6074,475443.00,
515008,MOD.INSUL.  ,XT,Q,42.00,42.50,40.90,41.05,41.05,41.35,24,2876,119692.00,
515018,REG.CERAMIC ,T ,Q,23.00,23.90,22.10,22.15,22.15,23.00,24,1628,36969.00,
515030,ASAHI IN.GLA,A ,Q,509.00,511.30,494.10,497.10,497.10,509.40,1399,15490,7859012.00,
515037,MURD.CERAM  ,B ,Q,39.50,39.80,39.05,39.10,39.05,39.40,31,1010,39861.00,
515043,SAINT-GOBAIN,X ,Q,101.85,102.85,99.00,99.45,99.70,101.65,652,87921,8881617.00,
515055,ANANTRAJ    ,A ,Q,120.55,120.75,115.35,117.75,116.90,118.25,1087,103839,12202866.00,
515059,MADHUS.IND. ,X ,Q,24.10,24.10,23.05,23.20,23.20,23.40,17,638,14773.00,
515085,RESTILE CER.,XT,Q,4.49,4.49,4.28,4.28,4.28,4.50,5,1056,4735.00,
515093,MADHAV MARB.,B ,Q,43.85,44.85,42.35,43.25,43.50,43.35,59,4015,176973.00,
515127,RAMASIGNS   ,X ,Q,4.37,4.50,4.22,4.39,4.38,4.37,45,39836,173258.00,
515147,HALDYN GLASS,X ,Q,65.45,65.45,63.25,64.35,64.80,64.20,243,45911,2950115.00,
516003,DUROPLY     ,X ,Q,150.00,152.70,147.00,147.00,147.00,149.65,41,2499,375462.00,
516016,SHREYANS IND,B ,Q,161.15,163.85,158.00,158.30,158.00,158.05,42,781,125638.00,
516020,AGIO PAPER  ,XT,Q,4.20,4.20,4.20,4.20,4.20,4.32,9,1538,6459.00,
516022,STAR PAPER  ,B ,Q,178.65,179.65,175.75,175.80,177.55,178.15,142,2357,415620.00,
516030,YASHPAKKA   ,X ,Q,92.10,93.50,91.05,91.85,91.85,91.80,231,21397,1972171.00,
516062,NAT.PLYWOOD ,Z ,Q,7.61,7.87,7.60,7.87,7.87,7.50,5,206,1566.00,
516064,ARROWGREEN  ,B ,Q,198.10,199.30,186.75,189.30,188.45,196.55,284,4868,935921.00,
516072,VISHNU CHEM ,B ,Q,270.10,282.70,270.00,281.05,281.05,270.00,1198,12548,3511584.00,
516078,JUMBO BAG   ,X ,Q,22.95,22.95,21.60,22.70,22.70,22.95,29,2600,57195.00,
516082,N.R.AGARWAL ,B ,Q,282.50,284.00,269.45,269.95,270.25,287.90,604,8609,2355349.00,
516092,3PLAND      ,B ,Q,25.80,25.80,25.80,25.80,25.80,27.15,16,316,8152.00,
516096,SANGAL PAPER,XT,Q,184.00,188.70,175.00,183.75,183.75,179.85,35,1863,341642.00,
516106,SH.KARTHIK P,X ,Q,7.87,7.87,7.40,7.73,7.87,7.50,32,4052,30787.00,
516108,S.I.PAPER   ,X ,Q,117.00,119.90,117.00,117.00,117.00,116.70,17,727,85262.00,
516110,FAMILYCARE  ,X ,Q,13.90,13.99,13.43,13.53,13.53,13.63,603,136386,1860507.00,
517015,VINDHYA TELE,B ,Q,1672.20,1689.50,1655.00,1663.00,1655.00,1679.65,104,389,651862.00,
517035,RIR         ,XT,Q,384.65,384.70,365.20,368.45,370.00,379.80,87,5430,2035069.00,
517041,ADORWELDING ,B ,Q,807.35,822.50,793.95,806.75,810.00,804.40,91,527,424422.00,
517059,SALZER ELEC ,B ,Q,310.95,310.95,298.00,302.85,305.90,305.60,628,15423,4652135.00,
517063,JETINFOTRAN ,X ,Q,39.15,39.15,38.50,39.00,39.00,39.15,18,1730,67392.00,
517077,INDAGIV COMM,XT,Q,41.05,41.05,41.05,41.05,41.05,43.05,1,11,451.00,
517096,APLAB LTD.  ,X ,Q,21.45,21.45,20.50,20.75,20.75,21.20,17,1013,21362.00,
517119,PCS TECH    ,X ,Q,19.15,19.15,17.60,17.65,17.90,18.75,51,3700,67410.00,
517146,USHA MART.LT,A ,Q,188.05,194.55,186.20,192.35,192.00,189.25,2964,231055,44040865.00,
517166,SPEL SEMICON,XT,Q,48.45,49.30,47.80,48.70,49.00,47.70,251,23485,1147981.00,
517168,SUBROS LTD. ,B ,Q,305.45,310.05,303.80,308.45,310.05,303.30,52,262,79852.00,
517170,EDVENSWA    ,X ,Q,107.85,107.85,107.85,107.85,107.85,98.05,84,28589,3083323.00,
517174,HONEYWELL   ,A ,Q,40720.00,40720.00,39875.00,40371.60,40371.60,40701.60,98,129,5197629.00,
517201,SWITCH.TECH.,X ,Q,32.05,32.05,32.05,32.05,32.05,30.55,1,50,1602.00,
517206,LUMAX IND   ,B ,Q,1785.00,1785.45,1742.55,1756.65,1759.35,1759.15,101,312,549205.00,
517214,DIGISPICE   ,B ,Q,25.15,25.75,25.15,25.40,25.55,25.65,43,2098,53392.00,
517230,PREM.AU.ELEC,X ,Q,6.75,6.90,6.75,6.90,6.90,6.80,12,2612,17853.00,
517236,CALCOM VISIO,X ,Q,148.65,154.00,148.00,149.55,149.70,148.65,73,13969,2116349.00,
517238,DYNAVISION  ,XT,Q,160.00,163.00,157.00,157.00,157.00,164.95,9,222,34893.00,
517246,BCC FUBA    ,XT,Q,24.75,27.20,24.70,25.90,25.90,26.00,34,8217,203897.00,
517258,PRECISION EL,XT,Q,44.00,44.50,42.00,44.15,44.15,44.00,13,1319,56952.00,
517264,FINELINE CI ,X ,Q,46.30,49.95,46.30,49.65,49.65,47.80,7,119,5814.00,
517271,HBL P SYS   ,A ,Q,100.90,101.45,99.20,99.50,99.35,100.55,1255,66466,6657121.00,
517273,S&S POWER SW,B ,Q,29.50,30.10,28.20,28.70,28.70,29.60,76,1467,42191.00,
517288,GUJARATPOLY ,X ,Q,42.40,42.75,39.55,42.20,42.00,41.25,65,3568,148375.00,
517300,GUJ.IND.POW.,B ,Q,83.90,84.05,82.65,82.95,83.15,83.45,265,9658,805247.00,
517330,CMI LTD.    ,T ,Q,19.65,19.70,18.55,18.70,18.70,19.25,34,5486,103401.00,
517334,MOTHERSON   ,A ,Q,73.65,74.25,73.20,73.70,73.70,73.30,3610,475637,35049340.00,
517344,MINDTECK (I),B ,Q,142.15,144.85,139.25,141.45,142.70,142.25,236,4150,590590.00,
517354,HAVELLSINDIA,A ,Q,1200.10,1206.90,1182.80,1193.10,1191.00,1200.05,1800,18103,21569701.00,
517356,ACI INFOCOM ,X ,Q,0.97,0.97,0.94,0.96,0.96,0.94,393,159411,151369.00,
517360,SBEC SYSTEMS,XT,Q,44.80,47.15,42.75,47.15,47.15,44.95,166,21033,952055.00,
517370,INCAP LTD.  ,XT,Q,44.95,44.95,41.20,41.20,41.20,43.35,20,2173,90348.00,
517372,GUJ.INTRUX  ,X ,Q,144.90,149.75,142.20,143.55,143.55,147.65,37,3744,541193.00,
517380,IGARSHI MOT ,B ,Q,411.15,420.05,404.65,408.15,413.80,409.10,109,1608,662182.00,
517385,SYMPHONY    ,A ,Q,972.00,981.05,956.00,957.85,956.50,971.30,163,654,633408.00,
517393,VINTRON INF.,X ,Q,6.07,6.07,6.07,6.07,6.07,5.79,35,33589,203885.00,
517397,PAN ELECTR. ,X ,Q,31.85,31.85,30.30,30.30,30.30,31.85,5,63,1995.00,
517399,VXL INSTRUM.,X ,Q,11.41,11.41,11.41,11.41,11.41,10.87,10,1058,12071.00,
517411,SHYAM TELEC.,B ,Q,10.26,10.26,10.15,10.15,10.15,10.26,4,64,651.00,
517415,LEE&NEE SOFT,XT,Q,8.89,8.89,8.61,8.79,8.79,8.79,82,15676,136525.00,
517417,PATEL AIRTEM,X ,Q,255.70,255.70,250.90,251.05,251.05,255.55,51,3785,954029.00,
517421,BFLYGANDHI  ,B ,Q,1547.95,1547.95,1457.25,1497.90,1497.90,1503.70,94,1273,1877176.00,
517429,ATHENAGLO   ,X ,Q,63.85,63.95,61.10,61.60,62.95,61.00,6,1600,101101.00,
517437,DUTRON POLY.,XT,Q,129.05,135.00,129.05,129.30,129.05,135.80,10,226,29197.00,
517447,R.S.SOFTWARE,B ,Q,26.80,26.80,25.00,25.15,25.40,25.40,148,4278,108381.00,
517449,MAGNA ELECTR,X ,Q,395.00,395.00,368.55,372.95,372.95,387.90,70,2307,873279.00,
517477,ELNET TECH. ,X ,Q,190.00,198.00,187.00,187.90,187.00,189.50,54,1715,324597.00,
517494,ACCEL       ,X ,Q,15.50,16.10,15.25,15.30,15.25,15.55,117,39890,626002.00,
517498,WEBELSOLAR  ,B ,Q,94.05,96.50,93.50,94.30,94.30,94.60,440,25681,2422259.00,
517500,ROTO PUMPS  ,B ,Q,540.30,541.45,520.25,526.35,532.00,532.85,421,4843,2564422.00,
517506,TTK PRESTIGE,A ,Q,786.85,793.00,784.65,787.75,789.60,786.85,476,2333,1839951.00,
517514,DHINDIA     ,X ,Q,67.80,72.15,67.80,69.25,69.20,69.10,58,6870,480367.00,
517522,RAJ GLO WIR ,A ,Q,772.75,785.10,748.80,773.45,773.45,795.90,4805,37250,28544743.00,
517530,SURANATP    ,B ,Q,12.20,12.20,11.55,11.56,11.60,11.81,71,15276,180785.00,
517536,ONWARD TECHN,B ,Q,319.80,343.40,319.80,332.25,331.95,316.70,419,2392,788570.00,
517544,CENTUM ELEC ,B ,Q,662.45,663.85,636.05,641.70,636.05,660.95,299,1671,1090258.00,
517546,ALFA TRANSFO,XT,Q,22.11,22.34,20.37,20.37,20.37,21.44,58,9158,187109.00,
517548,STARLITE COM,Z ,Q,3.64,3.64,3.30,3.33,3.33,3.47,21,2547,8552.00,
517554,NHCFOODS    ,X ,Q,35.35,36.60,35.35,36.40,36.00,35.35,221,36513,1322081.00,
517556,PVP VENT LTD,B ,Q,8.60,8.64,8.40,8.43,8.50,8.82,167,67648,575913.00,
517562,TRIGYN TECH ,B ,Q,91.65,102.25,91.65,95.55,94.80,90.75,1455,32581,3188956.00,
517569,KEI INDUST. ,A ,Q,1545.00,1564.65,1503.40,1518.30,1518.30,1533.25,1759,18801,28788667.00,
517571,IMPPOWERS   ,Z ,Q,6.83,6.98,6.71,6.83,6.83,7.03,14,3515,23906.00,
518011,KEERTHI     ,XT,Q,147.00,148.00,147.00,148.00,148.00,150.00,5,320,47358.00,
518017,BHEEMA CEM  ,XT,Q,146.10,152.00,141.00,150.95,150.00,146.25,54,17073,2571167.00,
518029,GUJ.SIDH.CEM,B ,Q,38.55,38.55,36.70,36.75,36.75,36.95,126,5270,195274.00,
518075,SURAJ PRODUC,Z ,Q,135.00,135.00,128.50,131.20,134.50,129.55,37,2223,294167.00,
518091,ANJANI PORTL,B ,Q,203.00,203.00,191.55,192.85,194.05,195.70,248,2221,434965.00,
519003,MODINATURAL ,X ,Q,223.50,223.50,208.20,209.65,210.00,213.20,68,1514,321058.00,
519014,PRASANT IND.,XT,Q,10.00,10.00,10.00,10.00,10.00,10.00,1,10,100.00,
519031,SHAH FOOD(P),X ,Q,28.85,28.85,28.85,28.85,28.85,28.85,2,100,2885.00,
519091,TASTY BITE  ,B ,Q,10202.00,10334.40,10191.85,10250.05,10250.05,10348.35,48,64,655917.00,
519097,RITESH INTER,XT,Q,71.50,71.50,68.65,69.90,70.00,71.40,96,4580,321533.00,
519105,AVT NATURAL ,B ,Q,101.00,103.00,101.00,101.35,101.10,102.45,190,4888,496954.00,
519126,HIND.FOODS  ,T ,Q,580.40,590.00,580.40,587.95,588.80,586.40,239,2498,1461395.00,
519136,NAHAR INDUST,B ,Q,105.70,106.05,102.85,104.05,103.00,104.50,164,7051,733564.00,
519152,VADILAL ENT ,XT,Q,3751.00,3899.35,3613.25,3850.65,3899.00,3750.00,20,44,167871.00,
519156,VADILAL IND ,B ,Q,2827.50,2996.85,2815.20,2961.45,2961.45,2816.20,1010,4514,13105280.00,
519174,ASHIANA AGRO,XT,Q,8.65,8.88,8.06,8.45,8.45,8.48,15,1501,12625.00,
519183,ADF FOODS LT,B ,Q,758.30,768.80,735.80,744.10,736.95,757.25,122,822,621273.00,
519191,RGRL        ,X ,Q,14.59,14.59,13.65,14.58,14.58,13.90,75,89509,1294016.00,
519216,AJANTA SOYA ,X ,Q,35.55,36.00,35.10,35.35,35.60,35.05,436,57258,2041440.00,
519224,WILLIAM.MAGO,B ,Q,20.95,21.30,20.25,21.25,21.25,20.70,17,206,4247.00,
519230,RICHIRICH   ,XT,Q,5.99,5.99,5.99,5.99,5.99,5.99,2,25,149.00,
519234,SIEL        ,XT,Q,50.30,50.30,50.30,50.30,50.30,52.90,3,59,2967.00,
519238,SAPTARISHI A,XT,Q,21.30,22.00,19.95,22.00,22.00,21.00,24,1922,40615.00,
519242,SARDA PROT. ,XT,Q,56.10,61.70,55.90,60.20,61.70,58.80,56,3914,230295.00,
519260,SANWARIA    ,Z ,Q,0.68,0.69,0.66,0.68,0.68,0.67,245,304810,206516.00,
519262,PRIMA AGRO L,XT,Q,25.40,25.40,25.40,25.40,25.40,25.40,4,205,5207.00,
519279,MADHUR IND  ,XT,Q,4.46,4.46,4.46,4.46,4.46,4.69,1,100,446.00,
519285,TARAI FOODS ,XT,Q,6.10,6.55,6.09,6.50,6.50,6.40,37,4533,28455.00,
519287,MODERN DAIRI,X ,Q,25.65,28.25,25.65,28.25,28.25,26.95,703,273623,7492316.00,
519295,BAMBINO AGRO,X ,Q,355.00,365.70,355.00,359.70,360.00,358.00,24,500,179459.00,
519299,PRIME INDS. ,Z ,Q,5.71,5.98,5.42,5.98,5.98,5.70,15,1012,5669.00,
519307,VIKAS WSP   ,Z ,Q,1.75,1.75,1.68,1.70,1.69,1.73,75,44132,75547.00,
519319,JATALIA     ,Z ,Q,3.12,3.22,3.12,3.22,3.22,3.24,8,1382,4447.00,
519331,VSF PROJ    ,X ,Q,49.25,49.25,47.05,49.25,49.25,49.30,30,3708,180684.00,
519359,POONA DAL   ,X ,Q,55.20,57.95,54.10,54.15,54.15,55.20,25,1415,79453.00,
519367,TRANSGL.FOOD,X ,Q,78.30,78.30,78.30,78.30,78.30,78.30,1,1,78.00,
519383,ANIK INDS   ,B ,Q,40.95,41.05,40.05,40.10,40.05,40.65,101,9946,399846.00,
519397,SHARAT INDUS,XT,Q,49.60,51.80,49.60,51.80,51.80,50.30,12,1195,61876.00,
519421,KSE LIMITED ,XT,Q,1855.00,1949.00,1855.00,1920.75,1905.00,1910.00,24,260,500665.00,
519455,NARBADA     ,X ,Q,49.65,53.85,49.00,49.10,52.20,51.55,24,1165,57915.00,
519457,VIRAT CRANE ,X ,Q,38.90,41.70,37.55,40.45,41.15,38.55,304,54246,2191602.00,
519471,AMBARPIL    ,XT,Q,453.90,453.90,417.00,436.85,436.80,434.05,83,851,364011.00,
519475,CHORDIA FOOD,X ,Q,80.90,82.80,73.05,74.85,74.85,78.45,212,9931,778825.00,
519477,CIANAGRO    ,XT,Q,46.45,48.50,46.10,48.50,48.50,48.50,15,1520,70165.00,
519483,TAI INDUST. ,X ,Q,45.20,45.20,42.45,43.20,42.75,43.75,38,8339,357626.00,
519500,BKV INDUSTRS,XT,Q,12.42,12.42,12.42,12.42,12.42,11.83,52,7390,91783.00,
519528,NORBEN TEA  ,B ,Q,12.39,12.39,12.39,12.39,12.39,11.80,18,4502,55779.00,
519532,ASIAN TEA   ,X ,Q,13.05,13.43,13.00,13.17,13.18,13.18,57,7928,104589.00,
519552,HERITGFOOD  ,B ,Q,171.10,174.65,168.50,173.80,173.80,172.25,574,12762,2187367.00,
519566,SIMRAN FARMS,X ,Q,133.95,133.95,127.00,129.50,130.00,131.40,44,1901,244688.00,
519588,DFM FOODS   ,B ,Q,459.35,470.30,456.45,457.05,461.00,458.40,180,2160,995220.00,
519600,CCL PRODUCTS,A ,Q,540.30,547.10,537.55,539.75,538.90,544.20,480,5125,2776259.00,
519602,KELLTONTEC  ,T ,Q,57.20,57.70,56.20,57.40,57.40,56.80,235,28499,1626176.00,
519604,SURYO FOODS ,XT,Q,12.90,12.90,12.00,12.89,12.89,12.29,40,6711,85934.00,
519612,MAHAAN FOODS,X ,Q,26.25,27.40,26.15,26.25,26.25,26.00,30,3975,105382.00,
520008,RICO AUTO   ,B ,Q,93.00,93.45,90.30,90.80,90.80,92.85,2248,166239,15181730.00,
520021,OMAX AUTOS. ,T ,Q,59.00,60.25,57.10,57.85,58.50,58.45,63,6329,367396.00,
520043,MUNJAL SHOWA,B ,Q,98.10,98.15,95.80,96.35,96.80,97.35,175,2472,238710.00,
520051,JAMNA AUTO  ,A ,Q,102.50,105.00,102.50,104.80,104.80,104.05,368,11169,1165861.00,
520056,SUNDAR.CLAY ,A ,Q,4816.05,4848.35,4758.65,4769.85,4782.40,4820.00,87,176,844138.00,
520057,JTEKTINDIA  ,B ,Q,137.80,139.45,136.05,136.70,137.00,138.65,712,18341,2516676.00,
520059,MUNAUTO     ,B ,Q,50.05,50.05,49.00,49.45,49.25,49.60,207,4147,204488.00,
520066,JAYBH.MARUTI,B ,Q,157.00,172.00,156.70,162.60,162.60,156.70,118,1673,276916.00,
520073,RACLGEAR    ,X ,Q,725.00,741.00,711.40,716.65,720.00,715.15,146,5176,3769674.00,
520075,SAMKRG PIST.,X ,Q,161.00,161.75,155.10,155.55,155.50,159.25,86,3505,552271.00,
520111,RATNAMNI MET,A ,Q,1980.20,2020.00,1969.80,1995.80,1982.00,1982.10,515,1218,2432572.00,
520113,VESUVIUS IND,B ,Q,1521.05,1618.40,1521.05,1605.90,1602.55,1585.00,67,276,441940.00,
520119,AUTOMOTIVE S,B ,Q,348.00,348.05,337.00,338.95,338.95,342.30,161,1925,657206.00,
520121,ARCEE INDUST,XT,Q,7.43,7.79,7.11,7.77,7.77,7.43,19,2848,21608.00,
520123,ABC INDIA   ,X ,Q,84.00,84.00,82.30,82.55,82.30,85.80,12,130,10784.00,
520127,BALURGHAT TE,X ,Q,14.39,14.39,12.90,12.90,12.90,13.33,25,7162,93658.00,
520141,SIBAR AUTO  ,XT,Q,8.87,9.12,8.50,8.51,9.09,8.86,30,2492,21459.00,
520151,SHREY SH LOG,B ,Q,296.45,296.45,293.00,294.00,293.00,292.65,119,485,142544.00,
520155,STARLOG     ,X ,Q,20.15,20.15,18.65,19.30,19.30,19.25,38,2720,51627.00,
521005,TITANIN     ,X ,Q,32.85,34.40,32.00,32.95,33.50,33.65,225,20902,686796.00,
521016,INDO COUNT  ,A ,Q,132.45,132.95,129.00,129.65,129.00,130.45,694,36489,4767019.00,
521018,MARAL OVERS ,B ,Q,64.70,66.35,64.70,66.15,66.35,65.70,29,853,55737.00,
521034,SOMA TEXTILE,B ,Q,9.27,9.27,9.05,9.20,9.18,9.15,29,2879,26400.00,
521048,ADV LIFESTY ,X ,Q,102.55,102.55,102.00,102.55,102.55,97.70,34,2042,209281.00,
521054,KAKATIYA TEX,XT,Q,44.45,44.90,41.65,41.65,41.65,43.80,106,8774,370093.00,
521062,OCTAVE      ,XT,Q,2.42,2.42,2.42,2.42,2.42,2.31,20,16846,40767.00,
521064,TRIDENT     ,A ,Q,32.90,33.20,32.80,32.90,32.90,32.85,5134,782312,25815372.00,
521070,ALOK INDS.  ,T ,Q,13.00,14.00,12.80,13.90,13.90,13.45,3625,1358310,17785147.00,
521080,PASARI SPIN ,XT,Q,9.13,9.14,8.84,8.92,9.04,8.71,101,19528,176281.00,
521097,AMARJOTHI SP,X ,Q,175.00,176.95,172.10,173.05,172.10,173.65,68,1759,305824.00,
521105,OLYMPIA IND.,XT,Q,156.00,156.00,147.00,148.65,152.40,154.30,36,2824,420721.00,
521109,NAGREEKA EXP,B ,Q,38.55,38.60,38.55,38.60,38.60,38.85,3,21,810.00,
521131,SBFL        ,X ,Q,15.75,15.95,15.25,15.95,15.55,15.60,17,4448,70702.00,
521137,EUREKA IND. ,XT,Q,15.10,15.10,15.10,15.10,15.10,15.85,88,6122,92442.00,
521141,ADITYA SPIN.,XT,Q,21.90,22.00,21.15,21.50,21.50,21.90,18,1047,22466.00,
521149,PRIME URBAN ,X ,Q,6.03,6.03,5.80,5.80,5.80,5.75,2,335,1966.00,
521151,DHANLXMI FAB,X ,Q,48.45,48.45,47.35,47.65,47.65,48.45,17,657,31239.00,
521161,SRI LAK.SAR.,X ,Q,36.70,40.00,36.70,37.80,37.75,38.00,44,2637,99673.00,
521163,ZODIAC CLOTH,B ,Q,98.10,98.10,96.55,97.10,97.10,97.75,28,263,25598.00,
521178,SRI RAMK.MIL,X ,Q,19.10,20.20,18.70,18.70,18.70,19.60,48,3885,73994.00,
521180,SUPER SPIN. ,B ,Q,8.48,8.77,8.48,8.60,8.67,8.43,196,6202,53113.00,
521188,UNITED TEXT.,XT,Q,14.49,15.00,14.49,15.00,15.00,15.25,28,5790,86168.00,
521194,SIL INVEST  ,B ,Q,334.35,335.00,332.20,332.20,332.20,336.15,22,157,52181.00,
521200,SURYLAK.COTT,B ,Q,59.90,60.80,58.60,59.05,59.10,60.45,100,9412,556988.00,
521206,SAMTEX FASH.,X ,Q,3.19,3.19,2.61,2.81,2.80,3.09,202,127745,360964.00,
521210,CITYMAN     ,XT,Q,7.42,7.80,7.42,7.80,7.80,7.80,6,1275,9574.00,
521216,DHAN ROTO SP,X ,Q,73.50,76.00,73.50,74.05,74.05,74.10,10,628,46464.00,
521220,DAMOINDUS   ,B ,Q,54.30,57.50,54.00,55.45,56.00,53.30,111,3863,217917.00,
521226,UNI ROYAL IN,X ,Q,16.00,16.15,15.15,16.15,16.15,15.45,14,1200,19009.00,
521228,TATIA GLOB  ,X ,Q,1.41,1.43,1.37,1.38,1.38,1.40,190,110359,153976.00,
521234,SRI NACHAMAI,X ,Q,37.00,38.60,36.35,37.70,37.70,37.25,31,3966,149455.00,
521240,SAMBANDAM SP,X ,Q,160.95,160.95,151.40,152.70,152.00,156.45,10,117,18097.00,
521242,KANDAGIRI SP,X ,Q,20.30,20.40,20.30,20.40,20.40,19.45,4,267,5436.00,
521246,PARAS PETRO ,T ,Q,1.05,1.05,0.99,1.03,1.01,1.03,70,122938,123845.00,
521248,KITEX GARMEN,A ,Q,184.65,187.05,184.20,185.20,185.45,183.45,48,903,167533.00,
522001,CRANEX LTD. ,X ,Q,32.15,33.00,29.10,30.50,30.50,30.60,106,18740,596523.00,
522004,BATLIBOI LTD,XT,Q,69.60,70.35,68.00,70.05,70.35,67.00,356,90473,6298411.00,
522005,AUSTIN ENGG.,X ,Q,120.05,124.40,117.05,118.75,117.20,121.75,30,1429,170209.00,
522014,UNITED DRILL,B ,Q,236.00,238.45,234.60,234.65,235.65,233.70,95,950,224869.00,
522017,FLUIDOMAT   ,XT,Q,233.95,234.50,225.20,230.00,230.00,233.75,41,2266,520622.00,
522027,EMA INDIA   ,X ,Q,25.00,25.00,23.75,23.75,23.75,25.00,3,1260,31175.00,
522029,WINDSOR MACH,B ,Q,50.80,51.50,50.25,50.70,50.25,51.30,180,23342,1188368.00,
522034,SHANTHI GEAR,B ,Q,341.25,348.10,341.00,342.60,342.60,346.40,504,6300,2166060.00,
522064,HONDAPOWER  ,B ,Q,2208.00,2220.10,2054.75,2071.25,2070.00,2190.50,1534,7589,16201345.00,
522073,HITECHGEAR  ,B ,Q,257.40,257.40,251.40,251.40,251.40,250.05,4,4,1014.00,
522074,ELGI EQUIP  ,A ,Q,375.00,379.00,371.30,373.75,373.45,374.60,1154,23338,8748616.00,
522091,UV DER HORST,X ,Q,79.80,86.00,79.80,86.00,86.00,84.45,4,5,408.00,
522101,KILBURN ENGG,XT,Q,81.80,81.80,78.35,79.75,79.75,80.45,39,21833,1742255.00,
522105,BIRLA PRETEC,X ,Q,39.10,40.45,39.10,39.30,39.45,39.70,228,41523,1647316.00,
522108,YUKEN INDIA ,B ,Q,532.85,544.00,532.85,536.35,544.00,535.20,398,2235,1198502.00,
522113,TIMKEN (I)  ,A ,Q,3139.50,3147.75,3087.50,3111.85,3100.00,3130.50,543,1627,5064462.00,
522122,VOITH PAPER ,X ,Q,1135.00,1138.00,1129.00,1138.00,1138.00,1119.25,13,77,87114.00,
522134,ARTSON ENG  ,X ,Q,78.30,78.75,75.00,75.50,75.10,77.10,208,15511,1192365.00,
522152,SOLITAIR MC ,X ,Q,50.30,50.85,49.00,49.35,49.35,50.40,18,122,6156.00,
522165,INDSIL HYD  ,X ,Q,48.30,54.00,46.65,51.90,53.15,48.05,354,74949,3796425.00,
522183,ITL INDUSTRS,X ,Q,190.55,194.00,187.05,190.65,187.05,189.05,54,4124,789782.00,
522195,FRONTIER SPR,X ,Q,504.00,504.00,471.60,492.80,494.00,495.85,101,1435,701366.00,
522205,PRAJ IND.LTD,A ,Q,335.05,342.00,335.05,340.85,342.00,336.85,1918,40362,13720888.00,
522207,RASANDIK ENG,X ,Q,92.45,92.45,89.50,89.50,89.50,90.55,10,214,19328.00,
522209,YOGI SUNGWON,X ,Q,4.30,4.30,3.81,3.81,3.81,3.90,15,3354,13666.00,
522215,HLEGLAS     ,A ,Q,616.00,616.95,608.50,611.25,613.75,608.45,777,5099,3122483.00,
522217,GUJ APOIND  ,B ,Q,195.75,195.75,194.80,194.95,194.95,194.90,11,300,58461.00,
522229,TANEJA AERO.,X ,Q,113.65,116.90,112.65,113.40,113.20,114.90,166,9451,1082569.00,
522231,CONART ENG. ,X ,Q,45.75,47.80,45.25,46.20,46.60,47.00,24,1918,88138.00,
522237,SHIVAGRICO  ,XT,Q,20.10,21.05,20.10,21.05,21.05,20.10,4,28,587.00,
522241,M.M.FORGINGS,B ,Q,861.95,866.00,856.00,861.30,861.30,861.30,85,1056,911700.00,
522245,IYKOT HITEC ,X ,Q,19.50,19.50,19.45,19.50,19.50,18.60,5,6142,119765.00,
522249,MAYUR UNIQ. ,B ,Q,410.70,410.75,401.55,405.30,404.45,402.60,84,474,192509.00,
522251,CENLUB INDUS,X ,Q,134.70,134.85,130.00,130.00,130.00,131.00,55,2437,321423.00,
522257,RAJOO ENGIN.,X ,Q,28.35,29.80,28.35,28.85,29.15,28.55,147,27388,798469.00,
522267,VEEJAY LAKSH,X ,Q,43.50,43.50,42.50,42.50,42.50,44.00,17,2000,86331.00,
522273,AHMED.STEEL ,X ,Q,21.00,21.00,19.95,19.95,19.95,20.10,9,476,9751.00,
522275,GET&D       ,B ,Q,110.10,118.20,110.10,116.95,117.80,115.45,75,557,64992.00,
522281,RAM RAT.WIRE,B ,Q,161.05,163.80,160.20,163.00,160.55,161.85,206,2630,425715.00,
522285,JAY NECO IND,B ,Q,24.65,24.90,24.10,24.20,24.10,24.60,107,10943,266814.00,
522287,KALPA.POWER ,A ,Q,547.65,552.00,514.35,518.70,518.70,553.75,2592,30313,16075644.00,
522289,NMSRESRC    ,XT,Q,19.00,20.75,19.00,19.75,20.75,19.85,16,613,12047.00,
522292,CANDOUR     ,XT,Q,45.80,45.80,42.75,43.20,43.20,43.85,20,3157,141143.00,
522294,T & I GLOBAL,X ,Q,126.00,134.70,122.35,130.90,131.55,118.35,382,32703,4231932.00,
522295,CONTROL PRNT,B ,Q,458.75,465.00,442.40,451.50,450.80,448.40,397,4610,2070257.00,
522650,BEMCO HYDRAU,XT,Q,640.00,640.00,633.00,634.00,634.00,635.70,55,655,416954.00,
523007,ANSAL BUILD.,X ,Q,81.10,89.95,81.10,83.90,84.00,82.30,42,1600,134340.00,
523011,WEIZMANN LTD,B ,Q,113.40,116.55,113.40,114.20,114.20,112.45,62,1040,118805.00,
523019,B.N.RATHI SE,X ,Q,38.45,38.45,36.00,36.70,36.95,37.90,38,2727,100451.00,
523021,RISHITECH   ,X ,Q,25.50,26.50,25.50,25.90,25.90,25.00,20,3639,93651.00,
523023,SINCLAIR HOT,X ,Q,111.25,111.30,107.55,109.70,109.70,108.60,121,43552,4788631.00,
523025,SAFARI IND. ,B ,Q,1810.95,1821.10,1794.00,1809.00,1794.05,1810.95,78,324,585477.00,
523054,BIN.TEX.PR(P,XT,Q,758.00,811.45,742.85,811.45,811.45,772.85,6,10,7906.00,
523100,COSMO FERR. ,X ,Q,263.50,263.50,252.25,258.50,258.70,252.70,126,2417,625176.00,
523113,FUTURA SEC. ,XT,Q,8.00,8.84,8.00,8.84,8.84,8.42,2,1351,10808.00,
523116,SANCO TRANS ,X ,Q,888.00,888.00,875.95,877.80,880.00,840.00,11,58,50915.00,
523120,ADOR MULTI. ,X ,Q,63.50,67.15,63.50,66.85,66.80,66.40,12,779,51866.00,
523127,EIH ASSO.HOT,B ,Q,400.00,401.70,392.75,394.55,392.75,401.25,124,445,176729.00,
523144,MEDI CAPS   ,X ,Q,43.40,44.75,43.30,44.65,44.75,43.40,54,3099,135963.00,
523151,OTCO INTERN.,X ,Q,5.62,6.00,5.42,6.00,6.00,5.62,9,1819,9921.00,
523160,MORGAN CRU  ,X ,Q,972.00,989.00,972.00,981.50,989.00,980.90,16,57,55749.00,
523164,SIP INDUST. ,Z ,Q,6.61,6.61,6.61,6.61,6.61,6.30,19,52364,346126.00,
523186,BA PACK     ,XT,Q,203.35,207.00,198.70,198.75,198.75,203.35,16,340,68905.00,
523204,ABAN OFFSHO ,B ,Q,46.75,50.10,46.50,48.15,48.15,46.50,998,50407,2462174.00,
523207,KOKUYOCMLN  ,B ,Q,78.95,80.55,78.95,80.10,80.05,79.65,96,3220,257347.00,
523222,SRM ENERGY  ,X ,Q,6.40,6.40,6.00,6.01,6.01,6.27,5,119,754.00,
523229,BHARAT SEATS,X ,Q,99.80,100.00,95.10,96.60,96.50,101.60,555,81507,7911692.00,
523232,CONT.PETRO  ,XT,Q,44.50,44.50,42.50,43.90,42.65,43.85,22,2001,86726.00,
523242,NB FOOT WEAR,P ,Q,4.75,4.75,4.75,4.75,4.75,4.75,1,100,475.00,
523248,MACHINO PLAS,X ,Q,113.15,114.00,113.15,114.00,114.00,114.10,5,100,11383.00,
523260,PEARL POLYME,T ,Q,26.25,27.25,25.95,26.50,26.50,27.25,67,11719,309056.00,
523261,VENKEY'S (I),A ,Q,1858.25,1871.20,1850.00,1852.90,1857.90,1856.00,326,1394,2593545.00,
523269,ADVANI HOTEL,B ,Q,77.65,78.65,76.90,77.25,77.50,77.80,154,12068,932496.00,
523277,G.V.FILMS   ,X ,Q,0.61,0.62,0.60,0.60,0.60,0.61,8139,1466151,886723.00,
523283,SUPER HOUSE ,B ,Q,202.35,203.65,200.10,201.10,200.40,204.05,69,608,122266.00,
523289,RAMA VISION ,X ,Q,53.50,55.30,53.50,54.65,54.00,53.95,33,7019,384385.00,
523301,TCPL PACK   ,B ,Q,1389.45,1395.90,1361.90,1375.00,1372.90,1379.35,167,739,1020371.00,
523309,SHRIGANG IND,XT,Q,87.60,92.45,85.80,91.25,92.25,90.30,32,595,52358.00,
523319,BALMER LAWRI,B ,Q,122.50,125.45,122.50,122.70,122.55,123.10,612,30207,3739643.00,
523323,KOVAI MEDI. ,B ,Q,1706.20,1747.55,1700.35,1722.45,1722.45,1746.20,71,367,628807.00,
523329,ELDECO HOUS.,B ,Q,580.10,593.80,576.50,580.00,579.60,583.45,27,502,290528.00,
523367,DCMSHRIRAM  ,A ,Q,902.95,908.00,881.20,887.55,886.45,903.95,396,2697,2407616.00,
523369,DCM SHR.IND ,B ,Q,74.95,74.95,72.00,72.90,73.00,73.35,338,9453,688677.00,
523371,MAWANA SUGAR,B ,Q,92.85,92.85,89.45,90.40,90.35,90.95,2058,253207,22965783.00,
523373,MINI DIAMOND,XT,Q,19.85,19.85,18.85,18.85,18.85,19.80,38,7790,147698.00,
523384,MAH.RAS.APEX,B ,Q,114.30,115.55,110.95,110.95,110.95,112.90,66,636,72058.00,
523385,NILKAMAL L  ,B ,Q,1896.10,1928.75,1880.90,1901.00,1901.00,1892.10,88,328,624459.00,
523391,NAHAR POLY  ,B ,Q,261.60,269.85,246.90,256.00,256.00,258.45,88,866,221967.00,
523395,3M INDIA LTD,A ,Q,22670.05,22850.00,22600.15,22690.60,22660.00,22771.35,65,97,2203052.00,
523398,JCHAC       ,A ,Q,1102.65,1115.15,1094.40,1103.05,1110.35,1100.50,270,924,1018944.00,
523405,JM FINANCIAL,A ,Q,73.50,73.50,69.70,70.00,70.00,70.30,375,26957,1892662.00,
523411,ADCINDIA    ,X ,Q,505.00,515.00,492.00,499.00,499.00,501.60,38,1074,538340.00,
523419,TAMIL.TELE. ,T ,Q,7.49,7.49,7.00,7.09,7.15,7.29,24,5443,38454.00,
523425,SUNRAJ DIAM.,Z ,Q,7.11,7.11,6.45,6.49,7.09,6.78,18,6678,44718.00,
523445,REL INDL INF,A ,Q,908.60,911.65,894.15,896.90,899.05,904.75,485,5109,4615068.00,
523449,SHARP INDIA ,X ,Q,60.35,62.70,60.00,60.00,60.00,60.35,12,1111,67340.00,
523457,LINDEINDIA  ,A ,Q,3349.90,3398.00,3341.10,3380.80,3373.50,3357.45,430,935,3141536.00,
523465,IND.BANK HSG,B ,Q,29.00,29.35,28.55,29.25,29.25,29.15,16,767,22250.00,
523467,JAIMATA GLAS,XT,Q,2.30,2.39,2.30,2.39,2.39,2.28,931,1915763,4471235.00,
523475,LOTUS CHOC  ,XT,Q,281.10,281.10,280.00,281.10,281.10,267.75,1065,114758,32257231.00,
523483,PACIFIC IND.,X ,Q,220.00,220.00,202.20,216.15,212.20,220.00,102,2627,565308.00,
523489,CMM HOSPITAL,X ,Q,23.45,24.50,23.45,24.10,24.40,22.95,33,6363,150740.00,
523519,UNI OFF AUTO,X ,Q,3.78,3.78,3.56,3.78,3.78,3.60,23,11129,40700.00,
523537,APM INDUS.  ,X ,Q,58.55,58.55,55.65,57.25,57.35,56.45,40,4445,253585.00,
523539,PRECISION WR,B ,Q,76.25,76.55,74.30,75.00,75.00,76.00,1017,88549,6654567.00,
523550,KRYPTON IND ,X ,Q,24.20,24.20,22.80,22.80,22.80,23.35,37,2460,57522.00,
523558,SWISSMLTRY  ,X ,Q,16.30,16.40,15.85,16.25,16.20,16.00,503,194144,3135754.00,
523566,MARTIN BURN ,X ,Q,35.00,37.00,33.90,34.60,34.60,35.60,25,1124,39289.00,
523574,FEL         ,Z ,Q,1.61,1.61,1.53,1.54,1.54,1.61,510,507455,781394.00,
523586,IND.TONERS  ,X ,Q,187.65,194.95,187.60,192.00,193.00,189.50,67,3320,636679.00,
523594,KUNSTSTOFFE ,X ,Q,29.75,29.75,27.75,27.80,27.75,28.50,10,478,13300.00,
523598,SHIPP.CORPN ,A ,Q,140.00,140.70,137.20,138.00,138.10,139.10,861,61600,8546694.00,
523606,SIKA INTER. ,X ,Q,711.10,729.50,703.20,710.45,711.00,718.25,38,318,227050.00,
523610,ITI LTD.    ,A ,Q,103.35,104.35,103.35,103.65,103.95,103.50,449,23154,2401928.00,
523618,DREDGING COR,B ,Q,364.75,367.00,360.40,361.00,360.80,363.50,245,1984,719063.00,
523620,PHARMASIA   ,XT,Q,25.25,27.70,25.15,25.60,25.60,26.45,13,764,19816.00,
523628,PODDAR      ,B ,Q,180.00,183.85,177.00,178.70,178.70,180.00,10,933,168888.00,
523630,NATIONAL FER,A ,Q,71.80,71.80,68.75,69.05,69.05,71.30,2642,442224,30996401.00,
523638,IP RINGS LTD,X ,Q,117.00,117.00,109.50,113.90,113.90,114.60,6,182,20754.00,
523642,PI INDUS.LTD,A ,Q,3128.85,3151.00,3031.00,3038.10,3042.00,3131.00,2200,7873,24166652.00,
523648,PLASTIBLEND ,B ,Q,164.35,166.00,159.00,159.80,159.80,163.45,115,1047,168851.00,
523650,YASHINNO    ,XT,Q,40.50,40.50,37.05,38.25,37.05,38.75,14,511,19846.00,
523660,WATERBASE   ,B ,Q,72.35,73.30,72.05,72.40,72.20,72.85,107,3000,217352.00,
523672,FLEX FOODS  ,X ,Q,114.15,117.95,110.20,112.05,112.00,114.15,97,9836,1134200.00,
523676,GOLKUNDA DIA,X ,Q,116.00,121.90,115.10,117.05,116.00,119.80,80,3540,413732.00,
523694,APCOTEX IND ,A ,Q,451.30,455.60,441.10,445.10,444.55,451.30,425,4520,2032625.00,
523696,FORTIS MLR  ,X ,Q,56.90,56.90,56.60,56.65,56.65,55.50,5,38,2154.00,
523704,MASTEK LTD  ,A ,Q,1632.95,1673.05,1619.80,1636.00,1631.50,1623.30,1527,5126,8443339.00,
523708,EIMCO ELECON,B ,Q,430.10,433.05,410.45,413.70,413.70,427.80,139,873,370939.00,
523710,SAYAJI HOTEL,XT,Q,361.00,361.00,341.05,358.05,357.95,354.25,17,653,228764.00,
523712,JMG CORP LTD,P ,Q,1.77,1.77,1.77,1.77,1.77,1.77,1,100,177.00,
523716,ASHIANA HOU ,B ,Q,140.45,145.00,140.45,141.60,141.00,143.20,103,2564,364983.00,
523722,SVAM SOFTWAR,X ,Q,3.82,4.22,3.82,3.87,3.87,4.11,31,10739,41301.00,
523732,ECO BOARD IN,X ,Q,31.75,31.75,31.55,31.55,31.55,32.00,15,1050,33266.00,
523736,DVL         ,B ,Q,267.75,271.20,262.35,265.85,265.85,262.80,611,14583,3879591.00,
523754,MAHEPC      ,B ,Q,105.25,106.55,102.20,103.90,102.30,105.65,240,11863,1247025.00,
523782,MITSHI      ,X ,Q,9.00,9.85,9.00,9.70,9.70,9.00,13,2662,26080.00,
523792,MAZDA LTD   ,B ,Q,653.35,680.05,634.00,645.15,646.25,634.60,76,699,459101.00,
523796,VICEROY HOTE,Z ,Q,2.35,2.45,2.25,2.29,2.29,2.36,55,17223,39829.00,
523826,SOVEREIGN DI,X ,Q,30.00,30.25,26.50,26.90,26.65,28.70,209,15062,422682.00,
523828,MENON BEAR. ,B ,Q,102.45,105.20,101.60,104.50,104.95,101.75,316,17162,1774735.00,
523832,MUKAT PIPES ,X ,Q,7.77,8.48,7.77,8.45,8.45,7.75,7,255,2121.00,
523836,GUJ.RAFFIA  ,T ,Q,31.70,33.00,31.70,32.05,32.05,33.10,4,60,1939.00,
523838,SIMPLX INFRA,B ,Q,55.65,56.00,54.95,55.00,55.05,55.30,95,3001,165927.00,
523840,INN.TECH.PAC,X ,Q,22.50,23.00,20.30,20.50,20.40,20.60,29,3900,81026.00,
523842,SUPER TANNER,X ,Q,7.28,7.28,7.04,7.12,7.10,7.18,69,22896,162969.00,
523844,CONSTRONIC  ,XT,Q,11.71,11.71,11.67,11.71,11.71,11.16,45,15131,177174.00,
523850,AXTEL INDUS.,X ,Q,223.85,223.90,219.15,223.15,223.80,218.30,50,1676,373225.00,
523896,APIL        ,XT,Q,31.50,33.05,30.15,33.05,33.05,31.50,34,14517,476280.00,
524000,POONAWALLA  ,A ,Q,301.40,310.40,300.00,302.50,302.50,290.35,7875,454276,138712372.00,
524013,HIND.FLUROCA,B ,Q,11.48,11.49,11.10,11.44,11.44,11.05,37,6733,76208.00,
524019,KINGFA      ,B ,Q,1341.15,1371.95,1307.00,1331.05,1353.90,1364.10,322,1883,2524097.00,
524031,PATIDAR     ,X ,Q,8.00,8.66,8.00,8.65,8.65,8.25,8,721,6006.00,
524037,RAMA PHOSPH ,B ,Q,254.05,255.05,242.50,244.25,244.10,253.25,1183,14894,3674565.00,
524038,VENLON ENTR ,X ,Q,6.50,6.51,6.04,6.27,6.25,6.50,16,2179,14009.00,
524051,POLYPLEX    ,A ,Q,1590.05,1601.95,1574.10,1582.55,1584.00,1581.45,1558,8823,13978607.00,
524075,ALBERT DAVID,B ,Q,571.45,571.50,551.15,556.70,556.70,554.05,7,30,16794.00,
524080,HAR.LEATHER ,XT,Q,46.50,47.00,43.25,46.95,46.95,45.50,19,1103,49188.00,
524091,CARYSIL     ,A ,Q,446.05,465.00,440.60,461.75,462.75,449.60,788,16465,7566379.00,
524109,KABRA EXTR  ,B ,Q,559.90,575.80,537.00,543.70,543.70,556.85,5106,84721,47161274.00,
524129,VINYL CHEM  ,B ,Q,398.05,420.75,398.05,411.80,411.50,400.85,740,7430,3048276.00,
524156,T C M LTD.  ,X ,Q,43.40,43.40,40.10,41.50,41.50,39.95,33,4822,201093.00,
524164,IOL CHEM PH ,A ,Q,340.05,344.50,340.05,340.60,340.60,341.40,642,13071,4468092.00,
524200,VINATI ORG. ,A ,Q,1958.75,1958.75,1890.00,1899.75,1893.10,1918.40,431,1447,2752049.00,
524202,LACTOSE(I)  ,X ,Q,51.00,51.80,50.25,51.75,51.70,51.15,13,354,17972.00,
524208,AARTI INDUST,A ,Q,559.00,565.50,550.30,551.45,551.05,554.65,4045,37019,20593283.00,
524212,WANBURY LTD ,T ,Q,44.15,44.20,43.00,43.10,43.00,44.10,10,901,39267.00,
524218,RESONANCE   ,X ,Q,109.95,109.95,105.00,106.50,106.70,106.95,91,3433,364548.00,
524226,GUJ AMB EXP ,A ,Q,246.30,249.00,241.65,242.30,242.80,248.15,939,27504,6723621.00,
524230,RASHTR.CHEM.,A ,Q,124.10,124.30,121.75,122.30,122.30,123.60,2842,282481,34760257.00,
524238,GUJINJK     ,XT,Q,8.45,8.45,8.03,8.03,8.03,8.45,20,2208,17885.00,
524280,KOPRAN LTD. ,B ,Q,132.70,141.85,132.70,137.25,137.25,133.45,963,21191,2923893.00,
524288,AIMCO PESTI.,X ,Q,156.25,157.65,151.50,155.95,155.95,156.15,90,1175,182168.00,
524314,GUJ.TERC LAB,X ,Q,18.75,19.15,18.50,18.60,18.60,18.25,17,776,14591.00,
524322,KABRA DRUGS ,X ,Q,4.85,4.85,4.62,4.62,4.62,4.62,5,705,3304.00,
524330,JAYANT AGRO ,B ,Q,200.50,200.70,186.15,190.10,190.00,200.30,396,5339,1025163.00,
524332,BCLIL       ,B ,Q,452.65,455.90,442.00,454.40,447.95,452.35,358,6494,2930542.00,
524336,SH.HARI CHEM,X ,Q,49.00,50.00,49.00,49.70,50.00,48.50,18,1284,63377.00,
524342,INDOBORAXC  ,B ,Q,124.70,129.05,124.70,126.85,127.80,126.75,57,955,121966.00,
524348,AARTI DRUGS ,A ,Q,418.00,420.00,413.00,414.55,414.55,417.65,969,7044,2937771.00,
524370,BODAL CHEM  ,B ,Q,74.05,74.10,72.65,73.05,73.05,73.80,182,5587,410287.00,
524372,ORCHIDPHAR  ,T ,Q,369.00,369.00,356.20,358.30,357.00,374.80,39,438,158580.00,
524394,VIMTA LABS  ,B ,Q,424.00,431.45,424.00,429.05,430.00,426.10,149,1461,627529.00,
524396,BIOFIL CHEM ,B ,Q,55.15,55.15,53.40,53.55,53.40,54.10,165,2790,150234.00,
524400,ISHITA DRUGS,X ,Q,54.60,54.65,54.35,54.35,54.35,54.35,3,850,46398.00,
524404,MARKSANS    ,A ,Q,64.70,66.65,63.90,66.05,66.05,64.80,2026,268345,17518595.00,
524408,UNIV.STARCH ,XT,Q,147.85,147.85,141.10,147.85,147.85,147.95,7,74,10786.00,
524412,AAREY DRUGS ,B ,Q,36.90,37.10,36.50,36.65,36.60,37.25,70,4294,157560.00,
524414,NORRIS MEDI.,XT,Q,13.51,14.75,13.51,13.76,13.76,14.11,23,1187,17152.00,
524434,ASIAN PETRO ,XT,Q,21.40,21.40,19.40,20.00,20.00,20.40,27,1271,25353.00,
524440,CAMEX LTD   ,X ,Q,32.25,32.25,30.45,31.45,31.50,31.00,21,1338,41977.00,
524444,EVEXIA      ,X ,Q,1.47,1.47,1.43,1.43,1.43,1.45,1041,1256358,1813038.00,
524458,INDOEURO    ,XT,Q,18.50,19.40,17.60,19.05,17.60,18.50,30,1531,28777.00,
524470,SYNCOM FORM.,B ,Q,7.98,8.15,7.82,7.98,7.98,7.89,685,601296,4808444.00,
524480,RIDHI SIDHI ,X ,Q,346.05,364.70,346.05,347.45,347.00,355.95,21,491,171135.00,
524488,SVCIND      ,XT,Q,2.95,3.08,2.95,2.98,3.04,2.94,85,53521,162417.00,
524494,IPCA LAB LTD,A ,Q,872.55,872.55,862.30,864.70,864.05,872.50,610,5474,4745204.00,
524500,KILITCH DRUG,B ,Q,152.40,153.60,151.35,151.60,151.60,154.25,87,1133,172805.00,
524506,CORAL LAB.  ,X ,Q,322.00,322.00,311.30,311.30,311.30,315.70,19,354,111448.00,
524518,KREBS BIOCHM,B ,Q,105.30,105.70,103.45,103.90,105.65,104.20,12,115,11992.00,
524520,KMC SHIL    ,X ,Q,61.00,62.30,61.00,61.70,61.70,60.95,429,23844,1469466.00,
524522,LAFFANS PETR,X ,Q,41.50,43.30,38.20,42.45,42.60,42.30,37,6679,276355.00,
524534,BHASKAR AGRO,XT,Q,92.75,92.75,86.05,88.00,89.80,90.35,35,2282,198938.00,
524542,SUKJIT STRCH,B ,Q,429.30,447.90,429.30,445.35,445.35,437.20,53,272,119785.00,
524558,NEULAND LAB.,B ,Q,1547.20,1575.00,1509.00,1518.85,1509.00,1539.75,574,1605,2480932.00,
524564,GAYATRI BIO ,XT,Q,9.01,9.54,9.01,9.14,9.14,9.25,48,3403,31154.00,
524570,PODDAR PIGM.,B ,Q,268.00,268.60,262.50,267.00,267.00,268.50,98,1541,408491.00,
524576,VIVID IND   ,X ,Q,28.20,28.20,26.90,27.10,27.00,27.70,32,3699,101336.00,
524580,PRIYA LTD.  ,X ,Q,10.83,11.94,10.83,11.94,11.94,11.38,5,1836,20047.00,
524582,TIRUPATI STA,XT,Q,84.80,87.45,83.10,84.80,86.00,83.40,65,7833,674993.00,
524590,HEMORGANIC  ,X ,Q,11.83,11.83,10.71,10.71,10.71,11.27,354,142396,1585724.00,
524592,JD ORGOCHEM ,X ,Q,6.24,6.50,6.23,6.50,6.50,6.50,6,1800,11489.00,
524594,ASHOK-ALCO  ,X ,Q,82.75,82.75,76.60,80.05,81.00,81.50,39,4062,331226.00,
524598,AKSHARCHEM I,B ,Q,255.00,257.85,250.05,252.55,250.20,256.40,165,586,148952.00,
524606,BERYL DRUGS ,XT,Q,12.68,12.96,12.30,12.96,12.96,12.35,9,4033,50927.00,
524614,INDXTRA     ,XT,Q,164.05,164.05,156.25,163.80,163.80,156.25,61,1833,299417.00,
524622,ISTRNETWK   ,XT,Q,2.35,2.46,2.35,2.36,2.36,2.35,7,1221,2961.00,
524624,GAGAN GASES ,X ,Q,12.30,12.30,11.99,12.20,12.20,11.75,11,753,9122.00,
524628,PARKER AGRO.,X ,Q,12.88,12.88,12.88,12.88,12.88,12.88,1,1,12.00,
524632,SHUKRAPHAR  ,X ,Q,205.85,205.85,205.85,205.85,205.85,196.05,10,180,37053.00,
524634,ALU FLUORIDE,X ,Q,318.40,318.40,305.10,310.20,310.00,312.20,236,7419,2312621.00,
524636,OXYGENTAPH  ,XT,Q,33.00,33.00,33.00,33.00,33.00,34.70,2,200,6600.00,
524640,ARCHITORG   ,X ,Q,70.30,73.30,69.80,70.10,70.10,70.80,436,78677,5612269.00,
524648,INDO AMINES ,B ,Q,104.80,107.00,103.15,103.85,103.85,105.45,287,6454,675045.00,
524652,IND.SWIFT LT,B ,Q,10.75,10.75,10.26,10.65,10.65,10.50,53,22654,240109.00,
524654,NATURAL CAPS,X ,Q,441.05,462.95,441.05,448.95,449.00,449.05,150,4753,2142222.00,
524661,WELCURE DRUG,X ,Q,5.00,5.15,4.91,5.07,5.02,4.99,166,54137,272403.00,
524663,BH.IMMUN&BIO,T ,Q,27.65,28.80,26.75,28.10,28.10,27.60,383,65043,1802138.00,
524667,SOTL        ,B ,Q,304.40,309.00,299.60,303.85,304.80,300.70,302,4708,1429727.00,
524669,HESTER BISC ,B ,Q,1757.95,1809.90,1748.45,1802.05,1808.00,1793.10,122,341,607565.00,
524675,KABSONS INDU,XT,Q,11.93,12.50,11.33,11.75,11.65,11.92,36,5191,62092.00,
524687,BASANT AGRO ,X ,Q,21.95,21.95,20.85,21.00,21.00,21.70,722,113417,2421654.00,
524703,SANDU PHARMA,X ,Q,64.00,64.35,62.60,64.35,64.35,63.55,24,1059,67236.00,
524709,NACLIND     ,B ,Q,105.00,105.00,101.45,101.75,101.65,103.15,536,30008,3100112.00,
524711,VISTA PHARMA,XT,Q,11.15,11.15,10.40,10.77,10.77,10.91,77,13176,139966.00,
524715,SUN PHARMA. ,A ,Q,1050.00,1050.00,1034.30,1041.00,1040.65,1049.50,3413,54927,57206344.00,
524717,TITAN BIOTEC,X ,Q,295.90,295.90,291.05,292.75,292.75,293.35,126,3237,952786.00,
524731,JENBURKT PH.,X ,Q,636.00,656.00,635.05,645.00,645.00,640.00,21,804,519099.00,
524735,HIKAL LTD.  ,A ,Q,375.15,387.45,370.65,372.30,370.65,381.05,1005,21700,8153000.00,
524742,CAPLIN POINT,A ,Q,685.00,696.15,685.00,691.95,691.05,685.40,385,2764,1913871.00,
524748,LINK PHARMA ,X ,Q,69.00,69.00,62.40,63.50,63.60,69.20,264,24167,1552420.00,
524752,DECIPHER    ,X ,Q,28.10,28.50,28.10,28.30,28.30,28.30,137,24611,697597.00,
524768,EMMESSAR BIO,X ,Q,25.05,26.25,25.00,25.00,25.00,25.55,29,3970,99632.00,
524774,NGL FINE CHM,B ,Q,1510.05,1555.05,1501.40,1537.30,1537.30,1517.10,150,1106,1693386.00,
524790,EVEREST ORG.,X ,Q,122.60,122.60,118.10,118.85,118.25,118.65,64,5635,671087.00,
524804,AUROB.PHARMA,A ,Q,442.05,447.10,435.70,438.30,438.30,445.75,1369,33129,14561444.00,
524808,PHYTOCHEM I.,X ,Q,77.85,77.85,77.85,77.85,77.85,74.15,32,3894,303147.00,
524816,NATCO PHARM ,A ,Q,532.80,538.85,531.10,531.70,531.70,535.90,317,5343,2858826.00,
524818,DYNAMIC IND.,X ,Q,70.00,70.50,68.55,70.00,70.00,68.55,17,1060,73625.00,
524820,PANAMA PETRO,B ,Q,330.40,340.00,328.40,330.25,331.00,337.45,1079,18121,6007926.00,
524824,BAL PHARMA  ,B ,Q,86.10,87.65,85.50,87.10,87.50,86.45,80,1250,108609.00,
524828,BDH INDUS.  ,X ,Q,153.00,153.00,145.00,149.25,148.55,150.25,85,5367,798768.00,
526025,GLOBUS CON  ,X ,Q,28.00,28.20,27.05,27.25,27.20,27.45,53,1880,51888.00,
526027,CUBEX TUBING,B ,Q,34.40,35.30,33.85,34.05,34.15,33.65,68,3907,133599.00,
526043,POLYMECH.MCH,X ,Q,68.05,74.90,67.00,71.95,72.60,70.85,17,730,50613.00,
526073,GALAXY BEAR.,XT,Q,1117.00,1130.00,1092.00,1115.85,1120.00,1095.40,143,1308,1464901.00,
526081,SCAGRO      ,XT,Q,15.68,15.68,15.55,15.68,15.68,14.94,63,10250,160537.00,
526093,SATVAH.ISPAT,T ,Q,2.50,2.56,2.50,2.54,2.55,2.46,14,7145,18117.00,
526095,RAVILEELA GR,X ,Q,43.90,43.90,38.00,38.50,38.50,38.10,17,2788,107988.00,
526115,KARAN WOO-SN,XT,Q,3.99,3.99,3.61,3.83,3.99,3.80,24,1433,5518.00,
526117,SHERVANI IND,XT,Q,340.00,350.00,340.00,340.50,340.50,349.50,6,145,49354.00,
526133,SUPERTEX IND,XT,Q,11.70,11.89,11.25,11.31,11.31,11.71,6,127,1477.00,
526137,SHETRON LTD ,X ,Q,71.45,71.45,65.05,68.55,68.55,69.50,41,3478,237060.00,
526139,TRANSGENE BI,XT,Q,2.86,2.86,2.76,2.84,2.84,2.82,26,4179,11724.00,
526143,MPL         ,X ,Q,15.50,15.50,14.41,14.92,14.92,14.93,80,3827,56881.00,
526159,NIKHIL ADHSV,X ,Q,135.85,136.45,133.30,136.10,136.10,134.20,369,10122,1375692.00,
526161,SPENTA INT. ,X ,Q,95.35,98.95,95.35,98.95,98.95,95.15,3,6,582.00,
526169,MULTIBASE I ,X ,Q,205.95,205.95,200.05,200.50,200.50,200.45,36,2871,576268.00,
526173,ANDREW YULE ,B ,Q,26.15,26.50,25.35,25.50,25.50,26.15,432,101385,2610541.00,
526179,LUDOLOW JUTE,X ,Q,90.00,90.25,88.40,90.05,88.65,88.70,72,5213,465226.00,
526187,ASHRAM ONLIN,XT,Q,5.14,5.39,5.14,5.38,5.38,5.14,27,28188,151747.00,
526193,ROYAL CUSHIO,XT,Q,14.88,14.88,13.85,14.43,14.43,14.57,22,4831,67119.00,
526211,SURAJ INDUS.,X ,Q,139.65,139.65,126.35,139.00,139.65,133.00,209,14425,1976377.00,
526217,HITECHCORP  ,B ,Q,221.30,222.75,220.00,221.15,221.15,221.45,73,1117,246634.00,
526225,BLOOM DEKOR ,X ,Q,16.10,16.10,16.00,16.00,16.00,15.35,5,39,627.00,
526227,FILATEX INDI,A ,Q,44.35,44.35,43.10,43.45,43.65,43.60,164,6718,293385.00,
526231,STD.SURFACT.,XT,Q,66.00,68.00,66.00,68.00,68.00,68.60,4,170,11360.00,
526235,MERCATOR    ,T ,Q,1.01,1.09,1.00,1.09,1.09,1.05,151,287838,306424.00,
526237,MORGAN VENT ,X ,Q,58.40,62.85,58.40,61.50,61.50,60.15,29,2136,128824.00,
526241,AMRAPALI IND,X ,Q,13.60,13.60,12.90,13.38,13.38,13.38,11,388,5142.00,
526247,PREMIER EXPL,B ,Q,405.85,417.55,367.05,376.00,375.10,384.85,95,3476,1306174.00,
526263,MOLD-TEK TEC,B ,Q,163.45,169.40,161.95,164.90,164.90,166.65,2493,163209,26838326.00,
526269,CRESTCHEM LT,XT,Q,66.70,66.70,61.20,64.40,64.45,63.95,27,559,34984.00,
526299,MPHASIS LTD ,A ,Q,2065.00,2143.25,2057.55,2116.90,2110.55,2059.45,4815,37918,80171114.00,
526301,MEDINOVA DIA,XT,Q,23.80,25.45,23.80,25.00,25.00,25.00,4,130,3143.00,
526315,DIVSHKT     ,X ,Q,74.05,78.40,74.05,75.80,75.80,76.70,80,4205,316797.00,
526325,ORIENT PRESS,B ,Q,66.30,73.80,64.70,65.50,65.65,66.80,537,16994,1165045.00,
526335,SHREYAS INTE,X ,Q,12.43,12.44,11.70,11.70,11.70,11.86,35,6456,76050.00,
526345,PANJON LTD. ,XT,Q,16.65,17.30,16.55,16.95,16.95,17.25,23,3639,61139.00,
526355,DURO PACK   ,XT,Q,75.35,75.35,71.65,73.25,72.65,75.40,107,4640,335095.00,
526365,SWARNASA    ,X ,Q,32.00,32.00,30.15,31.00,30.70,30.20,117,41958,1294675.00,
526367,GANESH HSG. ,B ,Q,358.60,369.65,358.60,363.95,364.00,369.15,134,1210,441385.00,
526371,NMDC LTD    ,A ,Q,125.65,126.00,123.45,124.45,124.45,125.40,4082,380148,47316697.00,
526373,CINDRELLA HT,X ,Q,33.00,33.00,33.00,33.00,33.00,33.80,1,39,1287.00,
526381,PAT INT LOG ,B ,Q,15.06,15.06,14.58,14.73,14.71,14.76,124,4235,62556.00,
526397,ALPHAGEO (I),B ,Q,267.20,275.95,266.00,271.25,270.65,269.05,96,880,239624.00,
526407,RIT PRO IND ,X ,Q,42.40,42.80,42.20,42.60,42.50,42.70,98,27806,1184192.00,
526409,KKALPANAIND ,X ,Q,14.60,14.74,14.04,14.23,14.18,14.59,154,48518,697090.00,
526415,OK PLAY (I) ,XT,Q,51.40,52.75,49.15,52.30,52.70,50.80,142,51863,2662004.00,
526423,KRITI INDUS.,B ,Q,82.40,82.95,80.50,80.80,80.80,82.90,81,1928,157076.00,
526431,WELTERMAN I.,XT,Q,27.90,27.90,26.60,27.90,27.90,26.60,168,36762,1023883.00,
526433,ASM TECHNOLO,X ,Q,456.10,456.95,445.00,452.20,453.00,447.15,152,3065,1376721.00,
526435,PERFECTPAC  ,X ,Q,71.50,71.50,68.20,68.50,68.20,71.55,22,2322,159175.00,
526441,VISIONCINE  ,X ,Q,1.13,1.17,1.13,1.14,1.14,1.12,16,11414,13269.00,
526445,INDRAYANI BI,X ,Q,72.75,76.00,71.30,73.85,73.85,73.45,158,30616,2259244.00,
526468,EURO LEDAR F,XT,Q,23.75,23.75,21.70,21.70,21.70,22.80,9,264,5801.00,
526471,WINSOME BREW,XT,Q,9.79,9.79,9.40,9.59,9.77,9.52,50,3910,37499.00,
526473,ELEGANT FLOR,X ,Q,7.55,7.94,7.55,7.61,7.61,7.68,179,23289,177495.00,
526479,SKY INDUST. ,X ,Q,77.40,82.90,75.00,78.15,78.00,80.55,61,3266,252828.00,
526481,PHOENIX INT.,XT,Q,23.70,24.90,23.70,24.75,24.70,24.15,17,1635,40484.00,
526492,RISHIROOP   ,X ,Q,104.80,105.85,102.40,103.25,103.25,104.75,42,1216,125312.00,
526494,PROMACT     ,X ,Q,3.49,3.49,3.49,3.49,3.49,3.65,1,5,17.00,
526500,STR GRE WOO ,XT,Q,34.45,34.50,31.35,33.95,33.95,32.90,14,631,21215.00,
526506,SYSTAMATIX C,X ,Q,218.95,218.95,200.20,206.90,206.90,201.05,9,153,31179.00,
526519,ALPINE HSG. ,X ,Q,118.00,118.00,113.50,117.35,117.00,115.15,61,3222,372723.00,
526521,SANGHI IND. ,B ,Q,70.70,71.55,69.30,70.90,70.90,70.65,406,25816,1813115.00,
526525,WWALUM      ,XT,Q,16.80,16.80,15.50,15.50,15.50,16.05,15,6442,105565.00,
526532,SFPIL       ,X ,Q,9.14,9.14,9.14,9.14,9.14,8.71,1,2,18.00,
526544,SCANP GEOM  ,X ,Q,10.29,10.29,9.70,9.74,9.96,9.85,58,13915,137816.00,
526546,CHOKSI LABOR,X ,Q,45.95,45.95,43.55,44.35,44.50,43.55,39,3649,164719.00,
526550,CCHHL       ,B ,Q,8.20,8.20,7.56,8.05,8.15,7.85,170,78648,627486.00,
526554,SALGUTI IND ,XT,Q,24.55,24.55,22.25,22.25,22.25,23.40,6,42,961.00,
526568,LONGVIEW TEA,XT,Q,26.95,26.95,25.75,25.75,25.75,27.00,6,975,26252.00,
526574,ENTERPR.INTE,X ,Q,18.65,19.75,18.65,19.75,19.75,18.90,11,1506,29612.00,
526576,TECHIN      ,B ,Q,10.33,10.33,10.05,10.10,10.10,10.14,14,7131,72703.00,
526582,TPL PLAST   ,B ,Q,34.45,35.35,34.00,34.85,34.90,33.85,90,7033,245764.00,
526586,WIM PLAST LT,X ,Q,457.30,469.95,457.30,461.40,461.40,465.10,42,1823,842504.00,
526588,PHOTOQUIP(I),X ,Q,23.60,24.80,23.15,23.40,24.80,24.35,17,6107,141404.00,
526596,LIBERTY SHOE,B ,Q,260.00,265.25,256.35,258.30,258.95,263.30,302,3311,860863.00,
526604,LIPPI SYSTEM,XT,Q,17.00,17.00,17.00,17.00,17.00,17.85,2,1002,17034.00,
526608,ELECTROTHERM,B ,Q,72.20,73.25,71.00,71.00,71.00,70.95,6,44,3189.00,
526612,BLUE DART EX,A ,Q,6944.70,7056.95,6884.55,6907.55,6900.00,6944.65,778,2717,19047743.00,
526614,EXPO GAS    ,X ,Q,19.25,19.25,17.00,17.91,18.16,16.82,669,161391,2947352.00,
526616,NAT.PLASTIC ,X ,Q,43.95,45.45,43.95,44.75,45.35,44.15,11,838,37184.00,
526622,MFL INDIA   ,X ,Q,0.92,0.92,0.88,0.90,0.90,0.92,1504,1385344,1244690.00,
526638,TEXEL INDUS.,XT,Q,59.10,61.35,57.60,60.50,61.00,60.60,74,14053,831475.00,
526640,ROYALE MANOR,XT,Q,22.05,23.85,22.05,22.40,22.40,23.00,6,1133,26293.00,
526642,MIRZA INTER ,A ,Q,243.35,248.55,240.30,245.55,245.55,243.25,1593,42763,10419542.00,
526650,TOURISM FINA,B ,Q,85.10,85.80,82.10,82.40,82.40,85.20,818,44975,3770512.00,
526654,THAKKERS DEV,X ,Q,179.65,179.65,165.00,167.70,165.00,175.30,36,1695,287074.00,
526662,RAJDARSHAN  ,B ,Q,39.50,39.50,39.50,39.50,39.50,41.45,1,50,1975.00,
526666,BHARTIYA INT,B ,Q,207.35,207.55,205.10,205.10,205.10,206.70,45,147,30216.00,
526668,KAMAT HOTELS,B ,Q,123.20,129.55,122.25,126.05,126.90,124.80,660,22231,2795447.00,
526677,KEEPLEARN   ,T ,Q,4.33,4.40,4.12,4.25,4.28,4.21,48,8696,37236.00,
526711,ADARSH PLANT,X ,Q,16.50,17.70,16.50,17.60,17.70,17.00,16,811,14108.00,
526717,HPBL        ,Z ,Q,313.25,339.40,313.25,315.00,315.00,329.45,14,74,23318.00,
526721,NICCO PARKS ,X ,Q,114.70,114.70,109.00,109.70,109.00,111.00,41,434,47844.00,
526723,NTC INDUST  ,X ,Q,84.40,86.90,84.00,84.20,84.35,86.70,40,987,83675.00,
526725,SANDESH LTD.,B ,Q,1073.05,1084.00,1006.00,1020.35,1028.70,1075.70,128,2040,2110082.00,
526727,GARNET CONST,X ,Q,17.10,17.90,17.00,17.80,17.80,17.25,23,2401,41173.00,
526729,GOLDIAM INT.,B ,Q,170.65,171.00,162.25,163.85,164.85,167.80,1710,71800,11915627.00,
526731,BRIGHT BROS.,X ,Q,168.60,170.00,162.60,163.80,164.50,168.60,44,2943,488215.00,
526737,CORPOR COUR ,X ,Q,6.44,6.75,6.44,6.44,6.44,6.43,15,2336,15170.00,
526739,NARMADA GEL ,X ,Q,279.00,279.10,272.00,272.95,273.85,280.70,458,6960,1908503.00,
526747,P.G.FOILS   ,XT,Q,219.50,219.50,214.00,216.15,219.25,219.50,21,448,96656.00,
526751,GRATEX INDS.,XT,Q,18.65,18.65,18.55,18.55,18.55,19.40,3,66,1227.00,
526755,VELAN HOTELS,X ,Q,7.12,7.46,7.05,7.46,7.46,7.11,27,4476,32576.00,
526761,HOWARD HOTEL,XT,Q,7.77,8.57,7.77,8.57,8.57,8.17,6,604,4694.00,
526773,PRESSURE SEN,X ,Q,8.33,8.33,8.33,8.33,8.33,8.76,87,12905,107498.00,
526775,VALIANT COMM,X ,Q,151.60,151.60,147.95,149.95,149.95,149.95,24,429,64334.00,
526783,DR.AGAR.EYE ,X ,Q,1024.00,1087.80,1024.00,1064.85,1079.00,1023.85,309,4978,5326469.00,
526795,MAHASAGAR TR,ZP,Q,2.57,2.57,2.57,2.57,2.57,2.45,2,1700,4369.00,
526797,GREENPLY IND,B ,Q,144.95,144.95,142.35,143.05,143.25,143.80,398,10842,1554710.00,
526799,UNION QUALIT,XT,Q,13.35,13.35,12.44,12.44,12.44,13.09,8,36,473.00,
526807,SEAMEC LTD  ,B ,Q,846.00,846.00,803.95,816.50,819.95,847.30,190,849,702730.00,
526813,RAGHUNATH IN,XT,Q,12.68,12.68,12.06,12.07,12.07,12.69,33,7219,87866.00,
526817,CHEVIOT CO. ,B ,Q,1145.40,1147.55,1128.70,1145.00,1136.10,1142.75,47,180,205017.00,
526821,DAI-ICHI KAR,XT,Q,402.00,410.00,395.00,397.50,395.00,409.45,75,5773,2316092.00,
526827,SPICE ISLAND,XT,Q,8.55,9.00,8.55,9.00,9.00,9.00,5,127,1088.00,
526829,CONFI PETRO ,B ,Q,75.45,76.00,74.55,74.95,74.95,75.80,724,73983,5564121.00,
526839,SHELTER     ,X ,Q,12.16,12.70,11.56,12.70,12.70,12.16,11,494,5728.00,
526847,ASHIRWAD STL,X ,Q,24.90,24.90,23.70,24.00,24.00,24.10,17,1617,38681.00,
526849,BANARAS BEAD,B ,Q,84.00,97.85,84.00,92.00,92.00,84.50,260,11933,1081633.00,
526851,AREX IND.   ,X ,Q,122.00,123.75,119.75,119.75,119.75,119.80,12,1475,181712.00,
526853,BILCARE LTD.,XT,Q,59.45,59.45,56.50,56.50,56.50,59.45,343,163382,9274592.00,
526859,INTER ST.FIN,X ,Q,2.40,2.52,2.36,2.52,2.52,2.40,472,354028,879722.00,
526861,RISHI LASER ,X ,Q,25.90,25.90,25.30,25.65,25.55,24.70,112,19047,492784.00,
526865,JAINCO PROJ.,X ,Q,4.56,4.56,4.56,4.56,4.56,4.52,3,862,3930.00,
526871,INTEC CAP   ,X ,Q,19.90,19.90,19.90,19.90,19.90,19.75,2,3,59.00,
526873,RAJ.GASES LT,X ,Q,8.26,8.59,8.18,8.25,8.25,8.26,19,1525,12654.00,
526881,63MOONS     ,B ,Q,171.90,173.50,167.60,168.65,168.65,169.45,302,4470,763183.00,
526885,SARLA PER F ,B ,Q,45.30,45.85,43.85,44.20,44.05,45.35,169,7942,357166.00,
526891,MARKET CREAT,X ,Q,10.67,10.67,10.67,10.67,10.67,11.00,1,435,4641.00,
526899,HFIL        ,X ,Q,24.40,25.50,24.05,24.30,24.30,24.80,374,63489,1562434.00,
526901,SONAL ADHESI,X ,Q,95.50,95.50,88.00,88.70,88.00,92.60,308,12544,1110787.00,
526905,PADMAIND    ,X ,Q,4.64,4.64,4.64,4.64,4.64,4.88,1,1,4.00,
526921,21ST CEN.MGM,B ,Q,22.00,22.00,21.90,21.90,21.90,22.30,30,334,7345.00,
526931,HARIYANA SH.,X ,Q,73.15,73.15,70.50,70.50,70.50,70.65,12,1162,82762.00,
526935,ARUNIS      ,XT,Q,28.95,28.95,28.95,28.95,28.95,28.95,3,109,3155.00,
526945,TYROON TEA  ,X ,Q,108.40,108.40,101.05,103.60,104.60,102.65,9,526,53536.00,
526947,LA-OPALA RG ,A ,Q,375.05,376.10,367.70,370.80,370.80,376.00,989,11609,4300096.00,
526951,GOLDEN LAMIN,B ,Q,1109.40,1121.85,1098.00,1112.95,1103.10,1122.40,350,2583,2850836.00,
526953,VENUS REMEDI,B ,Q,164.10,165.75,159.00,160.00,160.05,163.30,554,9397,1520549.00,
526961,LASTMILE    ,XT,Q,123.45,136.35,123.45,136.05,136.35,129.90,111,20661,2752519.00,
526965,GUJ.CRAFT IN,X ,Q,89.90,89.90,86.00,86.55,86.50,87.75,13,409,35839.00,
526967,HEERA ISPAT ,Z ,Q,10.60,10.60,10.54,10.54,10.54,10.80,3,16,168.00,
526971,DHOOT I.FIN.,X ,Q,80.95,80.95,76.95,78.85,78.85,77.50,10,211,16587.00,
526981,SHBAJRG     ,X ,Q,180.70,185.45,179.00,180.00,180.00,180.00,32,1323,239358.00,
526987,URJA GLOBAL ,B ,Q,9.36,9.65,9.26,9.44,9.44,9.46,1581,393640,3738397.00,
527001,ASHAPURA LTD,B ,Q,110.85,112.60,105.10,107.05,107.70,111.70,1052,39318,4296710.00,
527005,SH.PACETRON.,XT,Q,102.00,102.00,97.00,102.00,102.00,102.00,8,410,40044.00,
530001,GUJ.ALKALI  ,A ,Q,716.65,718.45,704.60,706.80,706.05,711.80,359,2392,1703444.00,
530005,INDIA CEM.  ,A ,Q,207.85,209.70,202.65,203.40,203.00,207.80,1191,65810,13532940.00,
530007,JK TYRE IND ,A ,Q,169.85,169.85,159.30,160.50,160.50,168.35,5787,276669,44895800.00,
530011,MANGLR.CHEM ,B ,Q,84.60,85.20,84.00,84.20,84.15,84.60,1269,123401,10465659.00,
530017,STD.INDUST. ,T ,Q,33.90,33.90,31.80,32.50,32.30,33.25,132,14775,481837.00,
530019,JUBLPHARMA  ,A ,Q,358.80,362.40,355.00,358.15,355.00,356.95,240,1372,493797.00,
530023,THEINVEST   ,B ,Q,92.05,92.95,90.10,90.25,90.25,91.25,34,1242,113078.00,
530025,SAMYAK INT  ,XT,Q,20.10,21.10,19.15,21.00,21.10,20.10,29,19038,387715.00,
530027,AADI INDUS L,X ,Q,4.20,4.20,3.65,3.70,3.70,3.92,21,1395,5259.00,
530035,SANTOSH FINE,XT,Q,25.43,25.43,25.43,25.43,25.43,26.76,5,33,839.00,
530043,ACKNIT IND  ,X ,Q,155.50,157.90,154.30,154.65,155.00,154.50,15,1259,195303.00,
530045,TITAN SECUR.,X ,Q,19.10,20.10,18.85,19.70,19.95,19.30,121,9700,189992.00,
530053,REALECO     ,XT,Q,38.05,41.75,37.90,40.40,39.75,39.80,76,9551,379385.00,
530055,HARMONY CAP.,XT,Q,10.88,10.88,10.88,10.88,10.88,10.37,2,6,65.00,
530057,VIVANZA     ,X ,Q,139.95,148.50,139.95,139.95,139.95,147.30,24,482,67927.00,
530063,YASRAJ CONT.,X ,Q,17.70,18.00,16.85,17.20,17.00,17.60,115,18089,315920.00,
530065,LORDSHOTL   ,XT,Q,9.41,9.41,9.41,9.41,9.41,8.97,17,2844,26762.00,
530067,CSLFINANCE  ,B ,Q,253.10,254.40,248.00,249.90,248.00,251.85,97,1140,285557.00,
530073,SANGHVI MOVE,B ,Q,347.15,348.00,326.35,328.85,328.85,345.10,1061,31936,10579138.00,
530075,SELAN EXPLOR,B ,Q,235.15,277.95,235.15,276.15,276.15,231.65,4358,75440,20051943.00,
530077,FRESHTROP FR,X ,Q,116.00,119.90,114.50,115.80,114.50,115.15,183,42955,5069483.00,
530079,FAZE THREE L,B ,Q,282.50,285.00,280.95,284.95,281.20,280.55,159,1441,408854.00,
530095,PRADHIN     ,XT,Q,42.50,42.50,38.70,38.70,38.70,40.70,22,1979,77787.00,
530109,ANUPAM      ,X ,Q,1.98,2.08,1.98,2.01,2.02,2.02,333,213256,431683.00,
530111,RAJ PACKAGIN,X ,Q,54.15,54.85,53.10,54.00,54.75,52.65,14,1306,70305.00,
530117,PRIVISCL    ,A ,Q,1044.50,1059.40,1040.00,1058.65,1044.00,1047.15,221,1358,1435488.00,
530119,NATRAJ PROTE,XT,Q,57.45,57.45,54.60,57.20,57.20,55.05,32,1873,106326.00,
530125,SAMRAT PHARM,X ,Q,729.95,734.65,687.70,698.10,691.00,699.70,382,12288,8989217.00,
530129,NILE LTD.   ,X ,Q,541.25,557.00,541.25,554.25,548.50,545.10,39,550,304576.00,
530131,UDAIPUR CEME,B ,Q,31.95,31.95,30.20,30.30,30.30,30.65,162,23779,727877.00,
530133,AMCO INDIA L,X ,Q,67.50,68.95,67.50,68.95,68.95,69.50,5,113,7774.00,
530135,OPTIEMUS    ,A ,Q,278.45,282.75,271.00,274.55,274.55,273.45,2290,71315,19881423.00,
530139,KREON FIN   ,X ,Q,48.00,49.95,46.00,46.95,46.05,49.50,46,3708,174704.00,
530145,KISAN MOULD.,X ,Q,10.32,10.32,9.72,9.79,9.77,9.95,30,1508,15102.00,
530151,VIJAY TEXTIL,X ,Q,28.25,31.95,28.25,30.20,30.85,29.10,136,25370,772159.00,
530163,KERALA AYUR ,X ,Q,115.00,115.00,106.10,110.50,110.50,110.65,148,9355,1031254.00,
530167,MOONGIPA CAP,XT,Q,27.40,27.40,25.15,25.85,25.85,26.35,43,8420,216374.00,
530169,MOHIT PAPER ,XT,Q,19.10,20.05,19.10,19.90,19.90,19.10,27,4448,88400.00,
530171,DAULAT SEC. ,XT,Q,25.00,25.50,23.20,23.75,24.85,24.35,45,5253,127682.00,
530173,OSCAR GLOBAL,X ,Q,8.74,8.74,8.74,8.74,8.74,9.19,2,6,52.00,
530175,ODYSSEY TECH,X ,Q,53.65,58.00,53.10,54.40,54.00,52.45,58,5008,277441.00,
530179,RSC INT     ,XT,Q,6.10,6.34,6.10,6.10,6.10,6.34,5,65,400.00,
530185,SURAT TEXT. ,X ,Q,9.48,9.48,9.10,9.22,9.22,9.35,706,119465,1101483.00,
530187,ATHARV ENT  ,X ,Q,2.75,2.75,2.75,2.75,2.75,2.62,8,6396,17589.00,
530197,FUNDVISER   ,XT,Q,16.49,16.49,16.47,16.47,16.47,16.54,2,125,2060.00,
530199,THEMIS MEDIC,B ,Q,1236.00,1239.00,1220.00,1229.95,1239.00,1224.45,128,910,1114271.00,
530201,KALLAM      ,X ,Q,10.98,10.98,10.00,10.64,10.68,10.75,199,40344,427886.00,
530213,FORTUNE INT.,XT,Q,33.35,33.35,31.70,32.70,31.70,33.35,37,994,32096.00,
530215,KINGSINFRA  ,X ,Q,103.00,103.00,99.10,99.55,99.45,101.25,101,6141,616755.00,
530233,AURO LAB.   ,X ,Q,73.70,74.00,73.00,73.00,73.00,72.80,43,2293,167981.00,
530235,KJMC FIN.   ,X ,Q,38.00,39.55,38.00,39.55,39.55,40.00,4,202,7677.00,
530239,SUVEN LIFE S,B ,Q,64.95,64.95,62.90,63.05,63.05,64.10,310,29477,1872566.00,
530245,ARYAMAN FIN.,X ,Q,84.50,84.50,84.50,84.50,84.50,81.05,1,1,84.00,
530249,BRIDGE SECUR,X ,Q,7.87,8.48,7.87,7.92,7.92,7.87,12,895,7291.00,
530253,RAJ.TUBE MFG,X ,Q,19.00,19.00,18.45,18.45,18.45,18.45,3,106,1956.00,
530255,KAY POW PAP ,X ,Q,8.06,8.22,8.06,8.22,8.22,7.83,20,20740,170462.00,
530259,INTER ST.OIL,X ,Q,29.00,29.95,26.40,29.10,29.10,29.10,46,4967,141667.00,
530263,GLOBAL CAP. ,XT,Q,38.40,38.40,35.50,38.40,38.40,36.60,903,192235,7318758.00,
530265,SAINIK FIN. ,X ,Q,27.40,27.40,25.10,25.75,25.75,26.10,9,332,9034.00,
530271,RICH UNV    ,X ,Q,6.91,6.91,6.29,6.91,6.91,6.59,6,1228,8175.00,
530281,QUANTUM DIG.,XT,Q,30.00,31.00,30.00,30.00,30.00,30.00,12,2182,65710.00,
530289,SP CAPITAL  ,X ,Q,17.00,17.60,16.50,16.70,16.70,17.00,24,146,2467.00,
530291,PAOS        ,X ,Q,14.96,14.96,13.55,14.96,14.96,14.25,10,736,10870.00,
530299,KOTHARI PROD,B ,Q,122.60,123.00,110.85,111.25,111.00,123.15,285,7513,869136.00,
530305,PICCADILY AG,X ,Q,45.60,46.35,45.00,45.05,45.15,45.85,268,24251,1096014.00,
530307,CHAMANLAL SE,B ,Q,136.00,136.00,129.00,130.80,130.50,131.90,427,13935,1847758.00,
530309,CHANDRA PRAB,X ,Q,28.50,28.50,27.35,27.95,27.95,27.85,202,28457,791048.00,
530313,KIMIABL     ,X ,Q,38.60,40.60,38.55,39.00,38.70,39.70,22,1357,52506.00,
530315,HIND.TIN WRK,X ,Q,109.85,109.85,105.15,107.65,106.45,108.20,118,10713,1150350.00,
530317,GODAVARI DRU,X ,Q,88.00,91.30,87.50,88.85,88.85,88.50,132,12105,1082411.00,
530331,PREMCO GLOB.,X ,Q,345.30,345.30,323.50,332.95,332.95,346.85,38,886,293632.00,
530341,MUKESH BABU ,X ,Q,83.50,83.50,77.55,83.50,83.50,83.85,18,349,27610.00,
530343,GENUS POWER ,A ,Q,92.00,92.65,89.05,89.60,89.25,92.35,719,57220,5183907.00,
530355,ASIANENE    ,B ,Q,72.90,72.90,69.40,70.95,71.50,70.25,254,6807,480946.00,
530357,KBS INDIA   ,XT,Q,77.20,79.95,73.40,77.50,77.50,77.20,113,4507,340687.00,
530361,PRABHHANS   ,X ,Q,58.60,58.60,58.30,58.60,58.60,55.85,10,3017,176506.00,
530363,UGAR SUGAR  ,B ,Q,100.20,103.80,100.00,100.30,100.20,100.35,1423,111609,11392700.00,
530365,ORIENTBELL  ,B ,Q,552.60,557.60,547.40,547.55,547.40,544.05,14,48,26323.00,
530367,NRB BEARINGS,B ,Q,148.70,149.75,148.00,148.50,148.00,148.45,277,4313,640882.00,
530369,VAMSHI RUBB.,X ,Q,25.70,26.70,25.55,25.55,25.55,26.85,12,107,2755.00,
530377,NILA INFRA. ,B ,Q,6.61,6.77,6.58,6.64,6.69,6.74,159,47555,315217.00,
530393,DB INT.ST.BR,B ,Q,24.15,24.15,22.60,23.90,23.90,23.85,34,1530,35528.00,
530401,VINYOFLEX LT,XT,Q,64.00,64.25,60.00,64.05,64.25,61.20,143,10844,686766.00,
530405,JINDAL CAP. ,X ,Q,26.35,26.95,25.35,25.80,26.30,26.30,30,1083,28208.00,
530407,EPIC ENERGY ,X ,Q,7.47,7.86,7.47,7.47,7.47,7.86,13,5161,38857.00,
530419,SUMEDHA FISC,XT,Q,73.40,76.20,73.40,73.40,73.40,74.85,218,34159,2514886.00,
530421,KUWER INDS. ,X ,Q,8.83,8.83,8.16,8.16,8.16,8.41,4,511,4472.00,
530427,CHOKSI IMAG ,X ,Q,42.20,46.00,42.20,45.00,45.00,44.10,13,272,11860.00,
530429,ASHISH POLY.,X ,Q,22.85,22.90,22.65,22.90,22.90,22.90,6,267,6071.00,
530431,ADOR FONTECH,X ,Q,81.00,81.45,79.95,80.75,80.80,80.90,104,17745,1426580.00,
530433,SHIVA FERT. ,X ,Q,107.90,107.90,103.65,106.10,106.10,104.60,51,1311,138740.00,
530439,SIDDHA VEN  ,X ,Q,4.52,5.29,4.52,4.93,4.93,4.89,20,3268,16051.00,
530443,KIRAN SYNTEX,XT,Q,7.48,7.48,7.11,7.44,7.44,7.48,9,556,3968.00,
530445,SUMERU IND  ,XT,Q,1.66,1.80,1.66,1.78,1.78,1.73,41,13300,23609.00,
530449,RUNGTA IRRIG,XT,Q,33.40,35.05,33.05,34.95,34.95,33.40,35,5338,181070.00,
530459,VALSON INDUS,X ,Q,20.80,21.00,20.50,20.50,20.50,20.95,18,3010,61849.00,
530461,SABOO SODIUM,X ,Q,15.95,15.95,15.05,15.45,15.50,15.65,78,19542,303166.00,
530469,GSL SECUR.  ,XT,Q,7.75,7.84,7.75,7.84,7.84,7.47,9,513,4011.00,
530475,TINNARUBR   ,X ,Q,401.00,409.65,385.00,390.95,390.00,393.25,709,15853,6267046.00,
530477,VIKRAM THERM,X ,Q,68.00,68.50,63.25,65.65,66.00,66.95,478,57104,3785864.00,
530495,STRATMONT   ,X ,Q,16.85,16.85,16.85,16.85,16.85,17.70,2,240,4044.00,
530499,A.K.CAPITAL ,X ,Q,469.90,469.90,455.00,455.00,455.00,457.30,9,52,23879.00,
530517,RELAXO FOOT.,A ,Q,811.00,840.00,811.00,817.85,819.00,817.05,4102,28776,23769235.00,
530521,VIRAT INDUS.,X ,Q,249.45,255.00,243.40,244.15,244.10,249.45,9,55,13572.00,
530525,SHEETAL DIAM,X ,Q,4.45,4.52,4.45,4.52,4.52,4.50,26,7878,35493.00,
530533,TERAI TEA CO,X ,Q,70.00,72.80,66.75,67.95,71.40,69.00,30,2137,144988.00,
530537,MANRAJ HSG.F,Z ,Q,28.05,28.05,28.05,28.05,28.05,29.50,1,10,280.00,
530545,COSCO INDIA ,X ,Q,185.45,185.45,175.70,179.05,179.05,175.55,24,1446,256018.00,
530549,SHILPA MEDIC,A ,Q,249.50,256.90,247.10,252.75,253.00,248.25,692,16829,4247206.00,
530555,PARAMOUNT CO,T ,Q,39.00,40.50,38.10,38.45,38.45,38.85,203,65303,2552877.00,
530557,NCL RESEARCH,X ,Q,0.46,0.47,0.46,0.47,0.47,0.46,2716,4304812,1998855.00,
530565,ARCHANA SOFT,XT,Q,4.75,5.25,4.75,5.10,5.10,5.00,24,1148,5671.00,
530571,EXPLICIT FIN,X ,Q,4.38,4.38,4.38,4.38,4.38,4.40,2,7,30.00,
530577,LADDERUP FIN,X ,Q,21.00,23.65,20.60,23.65,23.65,21.50,28,5901,134229.00,
530579,UYFINCORP   ,X ,Q,12.09,12.09,11.63,11.70,11.70,11.83,47,9691,114294.00,
530581,EKAM LEASING,XT,Q,7.35,7.35,7.27,7.27,7.27,7.03,6,1823,13357.00,
530585,SWASTIK INV ,X ,Q,163.00,170.00,162.05,167.80,168.95,163.10,21,676,113873.00,
530589,PRIMA PLASTI,X ,Q,94.35,102.00,94.35,100.10,100.35,97.45,111,11046,1084923.00,
530595,TELECANOR   ,X ,Q,7.99,7.99,7.08,7.99,7.99,8.00,12,2675,21364.00,
530609,CARNATION IN,X ,Q,4.81,4.81,4.37,4.80,4.80,4.59,5,405,1945.00,
530611,STURDY INDS ,XT,Q,0.56,0.56,0.53,0.55,0.55,0.55,518,598720,327151.00,
530615,GARG FURNACE,XT,Q,71.50,72.90,69.15,70.00,70.00,72.50,23,672,47010.00,
530617,SAMPRE NUTRI,X ,Q,154.70,155.85,146.05,153.35,154.35,151.85,82,5366,819127.00,
530621,AAIL        ,XT,Q,68.00,70.30,67.20,69.10,67.55,68.00,20,1787,122801.00,
530627,VIPULORG    ,X ,Q,124.05,126.00,122.55,125.40,125.40,125.55,36,1071,132510.00,
530643,ECORECO     ,X ,Q,141.00,143.40,133.00,134.70,134.70,138.50,330,20885,2853104.00,
530655,GOODLUCK    ,B ,Q,470.05,480.50,466.60,471.35,467.65,477.50,270,3161,1482570.00,
530663,GOYAL ASSO. ,X ,Q,1.46,1.46,1.27,1.30,1.34,1.43,241,432458,572106.00,
530665,ZENITH HEALT,XT,Q,5.03,5.14,5.03,5.13,5.14,5.06,133,20759,105546.00,
530669,ACEENGITEC  ,XT,Q,17.00,17.00,17.00,17.00,17.00,17.08,6,43,731.00,
530675,YORK EXPORTS,XT,Q,48.95,48.95,45.60,48.85,48.85,47.90,8,411,19663.00,
530677,SUPREME HO  ,X ,Q,114.95,117.45,111.60,112.35,112.00,112.50,78,3757,426823.00,
530689,LYKISLTD    ,X ,Q,43.05,45.80,43.05,45.80,45.80,43.65,150,21396,965375.00,
530695,PRIME PROP  ,X ,Q,12.80,13.67,12.80,13.16,13.50,12.79,12,405,5287.00,
530697,ZENLABS     ,X ,Q,49.15,49.20,48.60,49.20,49.20,46.90,42,13894,681096.00,
530699,RAJRAYON    ,T ,Q,50.85,50.85,50.85,50.85,50.85,49.90,18,1805,91784.00,
530709,GOWRA LEASNG,XT,Q,20.50,20.50,20.50,20.50,20.50,21.45,2,4,82.00,
530711,JAGAN LAMPS ,X ,Q,49.55,49.55,47.30,47.70,47.70,49.00,26,4126,201787.00,
530713,AJEL        ,Z ,Q,9.05,9.49,8.60,8.99,9.30,9.04,27,3790,35102.00,
530715,ALPS INDS.  ,B ,Q,2.12,2.12,2.12,2.12,2.12,2.04,3,240,508.00,
530723,ASIT C FIN  ,X ,Q,139.25,143.00,132.30,140.35,140.35,139.25,18,1061,144926.00,
530733,ENCODE      ,X ,Q,9.50,9.50,9.50,9.50,9.50,9.99,4,200,1900.00,
530735,SUPER BAKERS,X ,Q,20.65,20.65,20.65,20.65,20.65,21.70,19,5010,103456.00,
530741,OVOBEL FOODS,XT,Q,256.40,256.40,247.50,256.40,256.40,244.20,128,16111,4126669.00,
530747,INDO ASN.FIN,X ,Q,12.85,13.10,12.85,12.87,12.87,12.64,10,1303,16778.00,
530755,CORAL NEWSPR,XT,Q,10.18,10.30,9.66,10.24,10.24,10.16,22,457,4501.00,
530759,STERL.TOOLS ,B ,Q,352.95,352.95,343.20,347.10,346.95,347.40,770,19707,6847230.00,
530779,DYNAMIC PORT,XT,Q,42.70,44.75,40.70,41.10,41.10,42.70,16,2790,115011.00,
530787,INLAND PRINT,X ,Q,32.10,32.10,32.10,32.10,32.10,30.60,1,250,8025.00,
530789,CEEJAY FINAN,X ,Q,129.40,138.05,122.60,122.60,122.60,118.70,32,1367,176557.00,
530795,SUNCITY SYNT,XT,Q,7.45,7.80,7.45,7.60,7.60,7.59,14,1316,10022.00,
530797,SHREE GANES.,XT,Q,20.05,20.05,19.05,19.05,19.05,20.05,6,157,2991.00,
530799,ANNA INFRA  ,XT,Q,7.60,7.60,7.60,7.60,7.60,7.99,1,4,30.00,
530803,BHAGIL      ,B ,Q,153.05,154.20,149.90,151.00,150.00,152.75,110,1869,282865.00,
530809,BNR UDYOG   ,X ,Q,36.60,37.75,36.60,37.75,37.75,36.60,3,106,3886.00,
530813,KRBL LTD.   ,A ,Q,398.05,404.50,395.00,395.85,395.80,399.05,442,5326,2120506.00,
530815,REFNOL RESIN,XT,Q,98.00,98.00,92.05,95.00,95.00,94.00,16,893,85055.00,
530821,SSPDL LTD   ,X ,Q,17.45,19.45,16.75,18.00,18.00,17.80,20,2952,53631.00,
530825,DAIKAFFIL CH,XT,Q,29.40,29.80,27.95,29.55,29.80,28.55,54,23376,673556.00,
530829,CIL SECURITS,X ,Q,32.00,32.40,30.10,31.55,31.55,31.90,132,9831,304245.00,
530839,CLIO INFOTEC,XT,Q,5.48,6.03,5.48,6.03,6.03,5.75,25,8628,48895.00,
530843,CUPID LTD   ,B ,Q,266.70,268.15,260.85,262.50,262.15,266.65,268,4507,1181856.00,
530845,SUNSHIELD CH,X ,Q,591.50,610.00,576.50,600.80,594.00,610.60,84,3464,2079644.00,
530853,HIPOLIN LTD.,X ,Q,73.95,73.95,73.95,73.95,73.95,74.45,3,125,9243.00,
530871,CHEMBOND CHM,B ,Q,297.95,297.95,278.30,294.85,295.45,293.30,719,28729,8193718.00,
530879,CIFL        ,X ,Q,97.65,97.65,94.10,97.20,97.50,96.00,9,126,12269.00,
530881,ABVL        ,XT,Q,139.95,142.45,132.00,141.00,142.45,135.70,79,4900,680287.00,
530883,SUPER CROP. ,X ,Q,7.42,7.42,6.95,6.95,6.95,7.02,120,71866,503445.00,
530897,N.G.IND.LTD.,X ,Q,82.95,90.90,82.95,86.90,86.90,80.40,295,16831,1477572.00,
530899,ASIA PACK   ,XT,Q,53.70,53.70,53.70,53.70,53.70,51.15,6,647,34743.00,
530919,REMSONS IND.,B ,Q,233.85,234.65,232.30,234.65,234.65,235.00,8,117,27204.00,
530929,EURO ASIA   ,P ,Q,13.60,13.60,13.60,13.60,13.60,12.96,1,200,2720.00,
530931,STANPACKS(I),X ,Q,9.00,9.00,8.52,8.99,8.99,8.96,13,3052,26244.00,
530951,RAMINFO     ,X ,Q,116.00,118.00,113.00,113.95,115.30,114.95,46,2558,293605.00,
530953,SUNIL AGRO F,X ,Q,150.75,151.50,145.00,145.35,145.00,150.75,27,1094,160180.00,
530959,DIANA TEA CO,X ,Q,30.90,30.90,30.10,30.15,30.40,30.65,47,8467,256587.00,
530961,VIKASECO    ,B ,Q,3.53,3.60,3.45,3.46,3.45,3.52,1146,1479729,5194490.00,
530965,INDIAN OIL  ,A ,Q,83.65,83.80,82.70,83.10,83.10,83.40,3025,464687,38622965.00,
530973,ALFA ICA (I),XT,Q,51.80,51.80,47.10,47.30,47.30,49.35,20,1429,72178.00,
530977,SKCIL       ,X ,Q,132.60,133.45,125.00,127.50,128.85,132.50,33,687,87577.00,
530979,INDIA HOME  ,X ,Q,32.30,32.90,31.50,32.80,32.85,32.30,129,8021,259119.00,
530991,ROOPA INDUS ,X ,Q,58.40,58.40,53.00,53.00,53.00,55.75,21,1841,102921.00,
530997,UNIQUE ORGAN,X ,Q,42.00,42.80,41.00,41.95,41.95,41.30,48,5542,230412.00,
530999,BALAJI AMINE,A ,Q,2322.15,2432.65,2322.15,2339.95,2371.00,2340.00,1167,4910,11631705.00,
531003,SWARNA SECUR,X ,Q,36.30,36.30,36.30,36.30,36.30,38.20,1,50,1815.00,
531017,ARIHANT SEC.,X ,Q,11.29,12.21,11.29,12.21,12.21,11.63,43,31645,375479.00,
531025,VISAGAR FIN ,XT,Q,1.11,1.15,1.11,1.12,1.14,1.16,42,67690,75926.00,
531027,LIBORD SEC  ,XT,Q,12.07,12.07,11.50,12.00,12.00,11.50,12,10581,127697.00,
531041,COMPETENT AU,X ,Q,220.00,228.35,218.10,219.65,218.10,219.00,48,1757,388404.00,
531043,DHAN JEEVAN ,XT,Q,12.25,13.53,12.25,13.53,13.53,12.89,3,438,5924.00,
531049,NEELKANTH RO,Z ,Q,12.36,12.37,11.22,12.32,12.37,11.79,19,4187,50922.00,
531067,CONTIL I LTD,XT,Q,71.45,76.95,70.55,70.85,75.90,74.00,17,1217,89874.00,
531069,VIJAY SOLVEX,XT,Q,936.00,936.00,900.00,903.20,900.00,913.50,112,1352,1226741.00,
531080,SHRI KRISH  ,X ,Q,20.70,21.45,20.70,21.40,21.40,21.55,7,312,6515.00,
531082,ALANKIT     ,B ,Q,10.20,10.35,10.15,10.19,10.35,10.23,173,16771,171197.00,
531083,NIHAR INFO  ,X ,Q,7.99,7.99,7.76,7.99,7.99,8.00,11,5108,40812.00,
531091,UNITED CRED.,X ,Q,25.67,25.67,25.67,25.67,25.67,24.45,24,5838,149861.00,
531092,OMINFRAL    ,B ,Q,44.40,45.50,43.55,43.75,43.55,44.05,294,14469,638113.00,
531109,ISHAN DYES  ,X ,Q,64.00,64.00,62.00,62.60,62.60,63.90,123,7449,468623.00,
531111,GOTHI PLASCO,P ,Q,34.50,34.50,31.30,31.30,31.30,34.90,45,9700,313230.00,
531112,BALUFORGE   ,X ,Q,103.80,106.95,92.30,101.00,101.00,102.25,2042,384161,38865726.00,
531119,CEENIK EXPO.,XT,Q,14.25,14.25,14.25,14.25,14.25,13.60,4,5,71.00,
531120,PATEL ENGG. ,B ,Q,17.70,18.05,17.70,17.80,17.80,17.70,433,81416,1450757.00,
531126,VIRTUALSOFT.,X ,Q,3.74,3.74,3.74,3.74,3.74,3.57,3,240,897.00,
531127,MENAMANI    ,X ,Q,14.30,14.30,14.30,14.30,14.30,14.30,2,9,128.00,
531129,INANI MARBLE,XT,Q,24.75,25.50,24.00,24.00,24.50,25.25,63,9849,241364.00,
531137,GEMSTONE INV,X ,Q,0.96,0.97,0.91,0.96,0.97,0.93,313,331557,313361.00,
531144,EL FORGE LTD,X ,Q,14.67,14.67,13.29,13.29,13.29,13.98,255,344866,4898756.00,
531146,MEDICAMEN BI,B ,Q,838.70,842.30,818.85,820.45,826.90,828.65,49,189,156843.00,
531147,ALICON      ,B ,Q,910.00,924.10,897.00,902.75,897.05,911.20,169,768,696701.00,
531153,DILIGENT    ,X ,Q,9.54,9.60,9.33,9.53,9.60,9.34,476,64464,607328.00,
531155,EPSOM PRO   ,X ,Q,7.80,7.80,7.80,7.80,7.80,8.20,2,21,163.00,
531156,ALFAVISON.OV,X ,Q,12.65,12.65,11.86,12.39,12.44,12.40,86,198673,2446288.00,
531157,ORGANIC COAT,X ,Q,6.79,6.79,6.79,6.79,6.79,6.80,1,190,1290.00,
531158,CATVISION   ,X ,Q,13.85,13.95,13.23,13.23,13.23,13.92,15,1489,19868.00,
531161,ABM KNOWLEDG,X ,Q,104.15,104.15,101.20,102.25,102.50,101.65,71,5781,594605.00,
531162,EMAMI LTD.  ,A ,Q,419.05,423.45,416.55,421.50,421.70,417.40,337,3934,1649962.00,
531163,KEMISTAR    ,X ,Q,39.80,40.50,38.05,38.20,38.20,39.00,46,2478,95813.00,
531169,SKP SECURE. ,X ,Q,92.50,93.05,82.10,86.60,82.10,84.60,45,2292,204686.00,
531173,SYSCHEM (I) ,X ,Q,60.90,61.95,59.85,61.70,61.70,59.00,565,131022,8005326.00,
531175,BLS INFOTE  ,X ,Q,2.72,2.78,2.68,2.70,2.71,2.74,705,288453,782909.00,
531176,MEFCOM CAPIT,X ,Q,25.65,25.65,23.65,24.15,24.30,24.55,135,79366,1932943.00,
531178,HEMANG      ,X ,Q,111.10,111.10,111.10,111.10,111.10,105.85,97,17458,1939583.00,
531179,ARMAN FIN   ,B ,Q,1524.15,1537.20,1511.05,1527.65,1528.85,1500.60,90,280,426574.00,
531198,DHANADACOL  ,XT,Q,2.81,2.81,2.67,2.67,2.67,2.81,13,2567,6907.00,
531199,GLANCE FIN. ,X ,Q,56.75,59.00,56.75,59.00,59.00,58.00,2,51,2896.00,
531201,SHILCHAR TEC,X ,Q,1177.70,1177.70,1142.00,1153.60,1153.60,1152.20,153,5279,6117760.00,
531203,TRADEWELL   ,X ,Q,38.50,38.50,38.50,38.50,38.50,40.50,2,50,1925.00,
531205,TINEAGRO    ,X ,Q,10.33,11.00,10.05,10.30,10.30,10.33,108,21659,225582.00,
531209,NUCLE.SOFT E,B ,Q,420.00,426.90,411.60,416.05,416.45,413.50,188,805,339504.00,
531210,COLINZ LABOR,XT,Q,45.90,47.80,43.65,44.60,44.60,45.90,21,1262,57658.00,
531211,WELLNESS    ,P ,Q,6.87,6.87,6.23,6.49,6.60,6.55,15,2700,17938.00,
531212,NLFL        ,X ,Q,34.05,37.70,34.05,35.85,36.65,36.00,26,1813,65473.00,
531213,MANAP FIN   ,A ,Q,118.80,120.30,117.80,118.15,118.15,118.65,2089,291995,34890174.00,
531215,RTS POWER CO,X ,Q,146.10,151.80,144.00,150.15,150.00,146.45,221,22985,3442715.00,
531216,COMFORT INTE,X ,Q,28.80,28.80,27.55,28.35,28.35,28.45,53,13308,372306.00,
531221,MAYUR FLOOR.,XT,Q,11.75,11.99,10.95,10.95,10.95,11.52,6,110,1233.00,
531223,ANJANI SYNT.,X ,Q,29.35,29.35,27.75,28.40,27.75,28.20,31,1826,52094.00,
531225,XTGLOBAL    ,X ,Q,25.60,27.90,25.60,27.40,27.40,25.60,219,45364,1227011.00,
531227,DECO-MICA   ,P ,Q,65.00,65.00,65.00,65.00,65.00,61.95,7,3100,201500.00,
531228,RANDER CORP.,X ,Q,7.70,7.70,7.70,7.70,7.70,7.85,2,300,2310.00,
531233,RASI ELECTRO,X ,Q,15.25,15.25,14.85,14.90,14.90,15.05,38,3919,59048.00,
531234,SCOOBEEDAY  ,X ,Q,100.05,104.60,93.20,102.00,102.00,104.00,33,1302,129449.00,
531235,CITI PORT FN,XT,Q,16.40,16.55,16.30,16.45,16.45,15.80,12,1920,31547.00,
531237,DHRUVA CAP. ,XT,Q,44.75,44.75,42.70,44.75,44.75,42.65,46,9150,408662.00,
531240,SHAMROCK IND,XT,Q,5.88,5.88,5.88,5.88,5.88,5.88,2,2,11.00,
531241,LINC        ,B ,Q,440.10,449.10,431.80,438.15,438.25,447.55,190,2625,1161210.00,
531246,PRIMA IND.  ,XT,Q,20.00,20.00,19.25,20.00,20.00,20.25,9,1584,31676.00,
531252,ANERI       ,XT,Q,5.06,5.44,5.02,5.02,5.02,5.28,20,5682,30084.00,
531253,INDIA GELAT.,X ,Q,212.00,213.95,207.00,208.05,208.50,209.35,68,2889,603471.00,
531254,OPTIFIN     ,X ,Q,61.25,63.00,57.45,58.10,58.10,61.40,58,3270,192746.00,
531255,PARAGON FIN.,X ,Q,21.05,22.40,21.05,21.90,21.90,21.45,14,317,6982.00,
531257,PRATIKSHA CH,X ,Q,28.50,28.50,26.65,27.00,27.00,27.40,60,3320,89666.00,
531259,ESHAMEDIA   ,XT,Q,4.75,4.98,4.52,4.52,4.52,4.75,7,32,152.00,
531260,REFEXRENEW  ,X ,Q,456.20,485.00,450.00,450.30,450.00,470.30,56,575,260548.00,
531266,VST TILLERS ,B ,Q,2292.25,2335.30,2292.25,2323.55,2325.85,2299.00,25,40,92998.00,
531268,B2B SOFT.   ,XT,Q,26.70,27.45,26.50,26.55,26.55,26.75,35,3417,91310.00,
531272,NIKKI GLOBAL,X ,Q,9.35,9.35,9.35,9.35,9.35,9.35,1,30,280.00,
531273,RADHE DEVLOP,X ,Q,7.86,7.97,7.62,7.91,7.93,7.77,278,106699,840607.00,
531274,KINETIC TRUS,XT,Q,6.99,6.99,6.99,6.99,6.99,7.35,1,10,69.00,
531278,ELIXIR      ,X ,Q,52.00,54.40,51.00,51.40,51.00,53.30,64,3861,202106.00,
531279,TRISHAKTI EL,X ,Q,46.00,46.00,46.00,46.00,46.00,46.60,4,12,552.00,
531280,PANKAJ POLY.,X ,Q,7.87,7.87,7.86,7.86,7.86,7.87,7,508,3997.00,
531281,MARBLE      ,X ,Q,15.25,16.20,15.25,15.90,15.90,15.95,13,696,11054.00,
531283,CINDRELLA FI,XT,Q,11.49,11.49,11.49,11.49,11.49,11.49,2,43,494.00,
531287,NAT PLASTIC ,X ,Q,119.00,119.00,112.30,117.55,118.00,116.75,41,3435,399529.00,
531289,NATFIT      ,X ,Q,63.00,64.50,62.45,64.35,64.50,63.00,14,1594,102101.00,
531297,ARTEFACT PR ,X ,Q,45.80,45.80,44.20,44.50,44.35,45.00,26,883,39871.00,
531300,AMIT INTNL. ,Z ,Q,3.65,3.65,3.48,3.50,3.50,3.48,6,2133,7463.00,
531301,HIGH STREET ,X ,Q,37.35,40.00,37.35,40.00,40.00,39.05,4,38,1435.00,
531304,NUTECH GLOBA,X ,Q,10.71,10.93,10.71,10.93,10.93,10.41,13,5294,57181.00,
531306,DHP INDIA LT,X ,Q,980.05,1018.80,980.05,1008.15,1001.50,990.70,50,524,525540.00,
531307,RRIL        ,X ,Q,15.15,15.95,14.90,15.10,15.10,15.00,122,30145,462284.00,
531310,AVAILABLE FI,X ,Q,178.90,178.90,168.05,168.05,168.05,176.85,113,8400,1422565.00,
531314,INTEGRA CAP.,X ,Q,21.95,21.95,21.95,21.95,21.95,21.00,1,1,21.00,
531319,MARUTI SEC. ,XT,Q,6.60,6.75,6.60,6.75,6.75,6.75,4,550,3638.00,
531322,HAVISHA     ,T ,Q,2.25,2.25,2.17,2.23,2.23,2.24,8,6155,13795.00,
531323,JAYIND      ,X ,Q,11.42,11.42,11.41,11.41,11.41,10.88,6,1038,11853.00,
531324,ROSELABS FIN,X ,Q,18.15,18.25,18.15,18.25,18.25,19.00,2,1001,18168.00,
531327,CHARMS INDUS,XT,Q,4.51,4.51,4.51,4.51,4.51,4.51,2,4,18.00,
531328,KRETTOSYS   ,X ,Q,0.67,0.67,0.66,0.67,0.67,0.67,364,371905,247126.00,
531334,VIKALP SEC. ,XT,Q,7.08,7.82,7.08,7.20,7.20,7.45,13,8068,59742.00,
531335,ZYDUS WELL  ,A ,Q,1459.80,1476.65,1440.10,1444.45,1440.10,1456.05,590,3173,4648037.00,
531337,WINPRO      ,B ,Q,3.91,3.91,3.56,3.70,3.70,3.74,146,113451,413344.00,
531338,MILE GLOBAL ,X ,Q,14.65,16.10,14.60,14.80,14.60,15.35,55,19797,314702.00,
531340,BERVIN INV. ,XT,Q,37.75,37.75,37.00,37.00,37.00,38.00,2,110,4077.00,
531344,CONTAIN.CORP,A ,Q,692.00,692.00,676.75,680.35,680.35,701.00,4614,80216,54809674.00,
531346,EASTERN TRED,X ,Q,35.90,35.90,33.35,35.65,35.65,34.85,4,121,4280.00,
531349,PANACEA BIOT,B ,Q,132.95,133.00,129.65,131.85,132.00,132.20,221,8144,1069210.00,
531352,PEETI SECURT,XT,Q,25.75,25.75,25.75,25.75,25.75,27.10,5,636,16377.00,
531357,MERCURY META,XT,Q,21.22,22.20,20.16,20.24,20.24,21.22,2658,1125441,23376215.00,
531358,CHOICE INT. ,B ,Q,273.50,280.00,272.05,277.10,275.00,272.85,175,5035,1386856.00,
531359,SHRIRAM ASSE,X ,Q,192.05,198.90,183.60,183.80,183.70,193.25,301,25355,4683679.00,
531360,GOLECHA GLOB,X ,Q,35.00,35.00,31.85,32.25,32.25,33.50,30,5828,188668.00,
531364,EKANSH      ,X ,Q,70.10,71.85,66.70,70.60,70.60,68.80,54,4607,320477.00,
531370,SPAR        ,X ,Q,31.50,31.50,28.50,28.50,28.50,30.00,381,136965,4159224.00,
531373,BYKE HOSP   ,B ,Q,44.60,44.95,42.65,42.90,42.65,43.70,124,7993,346034.00,
531380,CENTENIAL SU,X ,Q,63.60,70.00,63.45,67.30,68.00,66.70,17,422,27546.00,
531381,ARIHANT FOUN,X ,Q,38.00,39.20,37.50,37.75,38.75,38.00,25,2076,78456.00,
531387,HASTI FINANC,X ,Q,5.56,5.56,5.56,5.56,5.56,5.46,3,217,1206.00,
531390,UPSURGE INV.,X ,Q,48.40,48.40,46.50,47.10,47.10,47.50,65,6611,310259.00,
531395,PADAM COTTON,XT,Q,14.94,14.94,14.94,14.94,14.94,14.23,2,27,403.00,
531397,POLYCON INT.,X ,Q,13.72,14.40,13.72,14.40,14.40,13.72,3,221,3168.00,
531398,SOURCENTRL  ,XT,Q,144.60,158.80,144.60,155.00,156.00,152.05,25,2069,319404.00,
531399,G.G.AUTOMATI,XT,Q,37.20,37.20,35.55,36.45,36.00,36.50,157,22851,836859.00,
531400,ALMONDZ GLO ,B ,Q,71.90,72.00,71.65,72.00,72.00,71.65,6,14,1006.00,
531402,LWS KNITWEAR,XT,Q,15.45,15.45,14.75,14.80,14.80,15.00,5,549,8135.00,
531411,TUNI TEXTILE,X ,Q,2.02,2.02,1.96,2.00,2.00,1.99,308,148369,297169.00,
531412,RADIX IND   ,X ,Q,78.05,81.90,78.00,78.50,78.50,78.00,7,17,1339.00,
531416,NARENDRA PRO,X ,Q,18.45,18.55,18.45,18.50,18.50,19.40,6,658,12184.00,
531417,MEGA CORPN. ,X ,Q,2.00,2.09,2.00,2.06,2.06,2.05,118,76185,156688.00,
531426,TAMIL.NEWSPR,B ,Q,249.05,249.05,241.85,244.35,241.85,246.00,300,4113,1006325.00,
531431,SHAKTI PUMPS,B ,Q,458.85,466.00,441.50,444.55,446.90,459.35,1200,13233,5985416.00,
531437,PWASML      ,X ,Q,28.00,28.50,27.30,27.30,27.30,27.80,15,2883,79591.00,
531439,GOLDSTONE EN,B ,Q,70.00,71.15,69.65,71.15,71.15,64.70,92,21215,1503573.00,
531444,VARDHMAN    ,XT,Q,11.99,12.01,11.95,11.95,11.95,11.44,32,3393,40705.00,
531449,GRM OVERSEAS,A ,Q,364.50,367.75,359.95,363.40,365.30,362.60,170,3236,1175306.00,
531453,MOHIT INDUS.,B ,Q,16.70,16.70,15.65,15.90,15.90,16.45,17,503,7980.00,
531454,POLYLINK POL,X ,Q,24.80,24.80,24.05,24.50,24.50,24.70,21,469,11476.00,
531456,MINAXI TEXT.,X ,Q,2.02,2.07,1.92,2.03,2.05,2.03,173,67759,135742.00,
531460,CONTI.CONTRL,X ,Q,5.30,5.60,5.30,5.60,5.60,5.57,6,1602,8582.00,
531465,NOUVEAU     ,X ,Q,1.02,1.02,1.02,1.02,1.02,1.04,114,49407,50395.00,
531471,DUKE OFFSHOR,X ,Q,8.85,9.35,8.85,9.35,9.35,9.03,12,2290,20520.00,
531472,CYBELE IND  ,XT,Q,23.20,23.20,23.10,23.10,23.10,24.30,39,2358,54540.00,
531489,CG-VAK SOFTW,X ,Q,349.15,372.00,347.10,357.15,357.20,349.15,139,4905,1785784.00,
531494,NAVKAR      ,XT,Q,11.18,11.19,10.82,10.84,10.83,10.76,42,34782,382628.00,
531497,MADHUCON PRJ,B ,Q,5.20,5.23,5.20,5.20,5.20,5.21,25,5279,27503.00,
531499,SYBLY INDS. ,X ,Q,7.09,7.09,7.09,7.09,7.09,6.76,22,22425,158993.00,
531500,RAJESH EXPO.,A ,Q,832.85,864.50,816.30,856.60,855.00,837.90,2738,31308,26201567.00,
531502,ESAAR (I)LTD,X ,Q,7.14,7.14,6.88,6.96,7.00,7.01,38,4338,30367.00,
531503,MARIS SPIN. ,X ,Q,59.95,59.95,55.00,55.25,55.05,57.05,52,3659,203722.00,
531508,EVEREADY (I),A ,Q,359.20,359.30,352.50,353.80,356.75,359.20,90,507,179917.00,
531509,STEP TWO COR,X ,Q,17.60,17.60,17.35,17.35,17.35,18.00,8,1099,19217.00,
531512,ORIENT TRADE,X ,Q,13.16,13.59,13.16,13.18,13.18,13.27,13,324,4291.00,
531518,VIKASPROP   ,Z ,Q,0.67,0.69,0.63,0.66,0.66,0.66,435,970005,624340.00,
531525,ACE SOFTWARE,X ,Q,17.70,17.70,17.70,17.70,17.70,17.60,2,21,371.00,
531529,SOFTRAK VENT,XT,Q,3.21,3.21,3.21,3.21,3.21,3.06,3,3025,9710.00,
531531,HATSUN AGRO ,A ,Q,891.40,903.60,873.70,899.30,893.55,888.05,296,1280,1133774.00,
531533,E.COM INFOTE,XT,Q,55.95,59.90,54.20,55.95,59.00,57.05,25,691,40948.00,
531539,RISHABH DIGH,X ,Q,21.20,21.20,18.80,21.15,21.15,20.60,5,50,1022.00,
531540,MARUTI INFRA,X ,Q,105.00,107.00,104.00,104.45,106.00,103.85,130,12223,1280194.00,
531541,KOBO        ,Z ,Q,3.90,4.15,3.80,3.82,3.81,4.00,48,19905,76746.00,
531543,JINDAL WORLD,A ,Q,414.50,420.90,406.80,410.80,410.80,420.60,491,8578,3552973.00,
531548,SOMANY CRAM ,B ,Q,558.05,569.35,540.40,548.80,548.00,557.95,1730,13197,7320005.00,
531550,JHAVERI CRED,X ,Q,10.21,11.24,10.21,11.23,11.23,10.71,17,27164,303547.00,
531552,RAGHUNATH TO,X ,Q,14.20,14.20,13.00,13.23,13.23,13.95,239,14407,192600.00,
531556,CORAL (I)FIN,B ,Q,35.40,36.75,35.05,35.90,35.25,35.05,60,5998,216150.00,
531569,SANJIVANI PA,X ,Q,34.10,35.90,33.15,35.80,35.85,34.85,60,6482,225705.00,
531574,VAS INFRA   ,X ,Q,3.41,3.41,3.41,3.41,3.41,3.55,3,300,1023.00,
531578,KMF BUILDERS,X ,Q,5.07,5.07,5.07,5.07,5.07,4.83,29,10219,51810.00,
531582,BERYL SECUR.,XT,Q,12.96,12.97,12.36,12.36,12.36,12.36,16,1488,19086.00,
531583,RAP MEDIA   ,X ,Q,21.50,21.50,21.00,21.00,21.00,21.50,2,509,10942.00,
531585,DEVINE IMPE ,XT,Q,6.33,6.60,6.03,6.60,6.60,6.29,27,1778,11569.00,
531591,BAMPSL SECUR,X ,Q,8.20,8.25,7.89,7.90,7.89,8.19,40,42809,341679.00,
531592,GENPHARMA   ,X ,Q,3.99,3.99,3.75,3.90,3.88,3.93,710,975550,3733415.00,
531594,INCON ENGG. ,XT,Q,14.95,14.95,14.30,14.95,14.95,14.95,12,335,4845.00,
531595,CGCL        ,A ,Q,773.30,778.70,752.10,759.95,758.55,773.75,461,22930,17614151.00,
531599,FDC LIMITED ,A ,Q,260.00,260.80,252.45,254.80,254.80,260.35,497,5018,1288543.00,
531608,GORANI INDUS,XT,Q,178.60,182.40,175.05,179.20,182.00,183.10,74,1577,282861.00,
531609,KG PETROCHEM,X ,Q,212.95,212.95,195.45,199.95,199.95,204.95,74,502,101020.00,
531613,MAL         ,XT,Q,1.41,1.41,1.41,1.41,1.41,1.46,2,550,775.00,
531616,STARCOM     ,X ,Q,117.90,117.90,117.90,117.90,117.90,117.95,2,4,471.00,
531624,COUNTRY COND,T ,Q,4.64,4.65,4.51,4.65,4.65,4.62,26,7802,35373.00,
531626,OROSMITHS   ,X ,Q,4.69,4.94,4.51,4.67,4.69,4.58,79,11816,55243.00,
531633,LINCOLN PHAR,B ,Q,338.00,338.00,327.70,330.85,327.80,336.90,90,601,200185.00,
531635,SILVER OAK  ,X ,Q,52.75,52.85,49.60,51.00,51.00,50.95,34,1936,99082.00,
531637,PRAVEG      ,X ,Q,366.00,379.00,365.10,373.35,373.35,362.50,1469,118106,44109386.00,
531638,SURAJ LTD   ,X ,Q,72.15,75.45,68.00,71.95,71.95,68.60,190,25759,1888850.00,
531640,SICL        ,P ,Q,13.65,13.65,13.65,13.65,13.65,13.00,1,100,1365.00,
531642,MARICOLTD   ,A ,Q,504.35,511.60,500.80,503.30,504.45,503.95,2376,47480,24146800.00,
531651,NATIONAL GEN,XT,Q,145.05,145.05,145.05,145.05,145.05,152.65,8,73,10588.00,
531652,THIRDWAVE FI,X ,Q,17.25,17.30,17.25,17.30,17.30,18.15,2,85,1466.00,
531661,HITTCO TOOLS,XT,Q,12.21,12.84,12.10,12.17,12.15,12.62,86,18084,222392.00,
531667,RRMETAL     ,X ,Q,28.55,29.55,28.00,28.20,28.20,28.85,24,3798,106786.00,
531668,VISION CORPO,X ,Q,1.90,2.00,1.90,1.90,1.90,2.00,17,29877,56768.00,
531671,BISIL PLAST ,XT,Q,0.38,0.38,0.38,0.38,0.38,0.37,10,44985,17094.00,
531672,INANI SEC.  ,X ,Q,24.00,24.00,24.00,24.00,24.00,22.90,34,5503,132072.00,
531673,ANKA INDIA  ,XT,Q,24.80,24.80,23.90,23.90,23.90,24.25,24,15502,370498.00,
531676,VAGHANI     ,X ,Q,8.66,8.66,8.66,8.66,8.66,8.66,3,17,147.00,
531680,MAYUR LEATHR,XT,Q,5.99,5.99,5.70,5.70,5.70,5.71,3,531,3157.00,
531681,AMERISE     ,X ,Q,0.92,0.92,0.85,0.89,0.89,0.90,314,347419,308048.00,
531688,PRITHVIEXCH ,X ,Q,44.00,46.00,43.15,45.60,45.60,44.05,22,882,40081.00,
531694,RAINBOW FOUN,X ,Q,12.25,12.25,11.52,12.00,12.15,11.99,27,5093,60516.00,
531716,TRICOMFRU   ,X ,Q,1.67,1.67,1.52,1.64,1.64,1.60,11,5196,8112.00,
531717,VIDHIING    ,B ,Q,360.25,362.00,356.50,356.90,359.20,361.40,213,2648,948800.00,
531719,BHAGIRA.CHEM,B ,Q,1254.00,1271.55,1249.85,1249.85,1249.85,1247.75,17,32,40247.00,
531726,PANCHSHEEL O,X ,Q,247.35,258.95,247.35,258.65,258.90,247.35,123,5137,1297471.00,
531727,MENON PISTON,X ,Q,49.40,50.20,49.00,49.10,49.00,49.80,106,12072,594741.00,
531737,GREENCREST  ,X ,Q,1.39,1.39,1.39,1.39,1.39,1.41,160,122357,170076.00,
531739,GENNEX LAB  ,XT,Q,6.05,6.12,5.95,5.98,5.98,6.07,575,193138,1164330.00,
531744,GINI SILK MI,X ,Q,43.95,43.95,41.10,42.90,42.90,42.70,15,300,12606.00,
531746,PRAJAY ENGS.,B ,Q,15.15,15.15,14.65,14.65,14.70,14.95,104,1733,25689.00,
531752,BIOGEN      ,X ,Q,0.81,0.82,0.81,0.81,0.81,0.82,2081,1129284,919850.00,
531758,G.K.CONSULT.,X ,Q,8.68,8.68,8.68,8.68,8.68,8.27,2,445,3862.00,
531761,APOLLOPIPES ,B ,Q,565.10,580.00,528.50,543.65,537.90,560.70,2680,34714,19483640.00,
531762,UNJHA FORMUL,X ,Q,16.15,17.50,16.15,17.00,17.00,16.95,8,3332,55829.00,
531768,POLY MEDICUR,A ,Q,867.40,880.55,861.05,863.20,863.65,871.20,286,846,732552.00,
531778,KACHCHHMIN  ,X ,Q,25.10,25.10,23.85,25.10,25.10,25.10,11,597,14319.00,
531779,PADMANABH AL,XT,Q,84.55,84.55,80.55,84.55,84.55,80.55,42,3474,287347.00,
531780,KACL        ,X ,Q,50.00,52.85,49.50,50.80,50.95,50.45,211,11877,607433.00,
531784,KCLINFRA    ,XT,Q,3.38,3.70,3.38,3.57,3.52,3.55,368,158053,544596.00,
531795,ATUL AUTO   ,B ,Q,335.15,346.00,328.80,336.70,335.00,335.95,1253,24283,8218433.00,
531802,PRERNA INFR ,X ,Q,41.30,41.35,38.30,38.90,39.10,40.10,346,68807,2727445.00,
531810,METAL COATIN,X ,Q,90.00,93.00,87.00,89.20,89.20,90.95,37,5412,484224.00,
531812,SGN TELECOMS,XT,Q,0.67,0.69,0.67,0.67,0.69,0.70,10,25500,17094.00,
531813,GANGAPAPERS ,X ,Q,75.00,76.00,73.50,75.00,75.00,74.00,9,137,10272.00,
531814,TIRUPATI SAR,X ,Q,12.48,12.48,11.48,11.50,11.50,12.08,85,18391,213783.00,
531821,MUNOTH FIN. ,XT,Q,77.15,77.15,77.15,77.15,77.15,81.20,9,129,9952.00,
531822,RODIUM      ,X ,Q,49.00,50.00,49.00,49.30,50.00,50.00,8,10,493.00,
531834,NATURA HUE C,X ,Q,5.86,6.14,5.86,6.14,6.14,6.14,7,665,3940.00,
531841,INDUSFINL   ,XT,Q,20.90,21.90,19.90,21.90,21.90,20.90,33,8942,193780.00,
531842,LAHOTI OVER.,X ,Q,32.95,34.40,31.60,31.75,31.75,32.20,60,24364,792401.00,
531845,ZENITHSTL   ,B ,Q,5.44,5.44,5.30,5.32,5.32,5.33,78,19094,101962.00,
531846,TRINITYLEA  ,XT,Q,25.90,25.90,25.90,25.90,25.90,24.70,1,25,647.00,
531847,ASIAN STAR  ,B ,Q,731.05,731.05,723.20,727.45,723.30,730.05,10,66,48037.00,
531859,ORIRAIL     ,X ,Q,73.50,73.50,59.15,60.35,60.35,68.95,1826,304692,18925233.00,
531861,JOINDRE CAPI,X ,Q,35.95,35.95,33.50,33.50,33.50,34.80,52,2974,101687.00,
531862,BHARATAGRI  ,X ,Q,1174.80,1174.80,1137.00,1160.95,1150.00,1151.00,435,30886,35766923.00,
531867,UNITECH INTE,X ,Q,6.45,6.45,6.45,6.45,6.45,6.45,5,1001,6456.00,
531869,SACHETA MET.,X ,Q,18.90,19.00,18.60,18.90,18.90,18.45,109,13256,249369.00,
531878,ANJANI FINL ,XT,Q,7.18,7.18,6.57,6.89,6.89,6.90,49,9897,68069.00,
531881,GMETCOAL    ,Z ,Q,22.00,23.75,22.00,22.00,22.00,22.65,20,924,21114.00,
531888,REXNORD ELE.,X ,Q,108.95,110.20,108.05,110.00,110.20,107.10,69,4849,530979.00,
531889,INTEG.TECH. ,XT,Q,16.43,16.43,16.43,16.43,16.43,15.65,1,10,164.00,
531892,KHANDWALA SE,T ,Q,37.50,37.95,36.90,37.50,37.50,36.15,11,1161,43794.00,
531893,SAWACA BUSI ,X ,Q,1.08,1.10,1.05,1.06,1.05,1.09,415,412480,441003.00,
531900,CCL INTER   ,X ,Q,19.30,19.30,16.75,17.75,17.95,17.30,97,11952,218113.00,
531902,GALLOPENT   ,X ,Q,23.90,23.90,22.85,23.10,23.80,22.85,25,2536,59896.00,
531909,CROISSANCE  ,XT,Q,9.25,9.25,8.95,9.02,9.15,9.06,44,35686,323588.00,
531910,MADHUVEER   ,XT,Q,10.90,10.90,10.89,10.90,10.90,10.69,5,397,4325.00,
531911,GALAXY AGRIC,X ,Q,27.70,27.70,27.70,27.70,27.70,27.70,1,1,27.00,
531913,GOPAL IRON S,XT,Q,6.31,6.60,6.10,6.50,6.50,6.38,45,8099,51114.00,
531921,AGAR IND COR,B ,Q,616.80,622.15,610.15,613.20,611.10,615.55,402,3504,2160582.00,
531923,DHAMPURE SGR,X ,Q,30.00,30.00,29.05,29.75,29.75,29.75,26,3503,104024.00,
531925,SHANTANU SHE,XT,Q,1.80,1.84,1.75,1.75,1.84,1.84,42,60730,106752.00,
531929,INNOCORP L  ,XT,Q,7.26,7.26,6.95,7.19,7.19,7.31,14,817,5754.00,
531930,SARTHAK INDU,X ,Q,62.00,62.00,56.20,56.30,56.20,59.15,202,12705,723192.00,
531931,SAI CAPITAL ,XT,Q,138.50,138.50,128.25,128.25,128.25,135.00,15,552,71706.00,
531950,VERTEX SEC. ,X ,Q,4.12,4.12,3.74,3.74,3.74,3.93,360,180379,726781.00,
531952,RIBA TEXTILS,X ,Q,41.50,43.75,41.50,43.50,43.55,42.35,32,4159,179399.00,
531959,NEWINFRA    ,X ,Q,22.70,24.95,22.70,24.75,24.95,23.85,45,26412,613179.00,
531977,CHARTERLOGIS,X ,Q,5.01,5.12,5.01,5.05,5.06,5.04,98,17009,85847.00,
531978,AMBIKA COTTO,B ,Q,1566.90,1604.05,1563.10,1586.70,1589.30,1568.95,528,2084,3312891.00,
531979,HIND ALUMIN ,X ,Q,40.40,41.50,39.15,41.45,41.45,40.00,67,8600,350632.00,
531980,SENTHILINFO ,XT,Q,14.31,14.31,14.31,14.31,14.31,13.63,1,95,1359.00,
531982,SPECTR FOOD ,XT,Q,63.90,64.00,60.80,60.80,60.80,64.00,45,17640,1096515.00,
531991,AMRAWOR AGRI,X ,Q,0.89,0.90,0.87,0.88,0.88,0.90,424,363683,321707.00,
531996,ODYSSEY CORP,X ,Q,7.15,7.38,6.87,7.20,7.19,7.14,38,3328,23839.00,
532001,INDUCTO STL.,X ,Q,34.40,34.40,31.10,31.10,31.10,33.80,2,15,473.00,
532005,SAM INDUS.  ,X ,Q,47.90,48.00,43.85,47.90,44.10,45.60,14,514,24455.00,
532011,POOJA ENT   ,XT,Q,168.00,176.80,168.00,176.40,176.40,168.75,22,421,73501.00,
532015,GRAVITY (I) ,XT,Q,4.96,4.96,4.61,4.90,4.90,4.80,34,7069,33583.00,
532019,LCC INFOTECH,B ,Q,2.21,2.25,2.20,2.24,2.24,2.27,52,34824,77426.00,
532022,FILAT FASH  ,XT,Q,18.90,19.50,18.30,18.55,18.55,18.90,335,125210,2340135.00,
532029,SINDHU TRADE,A ,Q,23.45,24.90,22.85,23.85,23.15,23.00,730,608568,14328494.00,
532035,UNISTAR MULT,XT,Q,53.20,53.35,51.50,53.35,53.35,50.85,210,106308,5630974.00,
532039,ZENOTECH    ,X ,Q,60.50,63.00,60.10,60.30,60.40,61.00,129,8978,547749.00,
532041,HINDUSTN BIO,X ,Q,4.05,4.14,3.98,4.14,4.14,4.18,16,5267,21186.00,
532051,SWELECT     ,B ,Q,325.00,340.80,325.00,335.60,336.35,336.15,125,1433,482970.00,
532053,WALLFORT FIN,X ,Q,48.00,48.00,47.55,47.55,47.55,48.00,6,834,39957.00,
532054,KDDL LTD    ,B ,Q,1041.70,1041.70,1020.65,1031.85,1031.85,1027.25,43,195,201617.00,
532056,ADINATH EXIM,XT,Q,17.95,17.95,17.90,17.90,17.90,17.95,6,214,3836.00,
532057,ABHINAV CAP ,X ,Q,95.20,95.20,85.10,90.00,89.00,90.10,46,2104,191341.00,
532067,KILPEST (I) ,X ,Q,433.40,433.40,421.00,424.75,424.75,424.05,109,2204,934021.00,
532070,SUMUKAAG    ,X ,Q,73.00,74.80,70.00,73.05,73.05,71.40,83,45091,3253368.00,
532092,SAGARPROD   ,X ,Q,2.18,2.18,2.10,2.10,2.10,2.12,11,665,1400.00,
532100,INDO-CITY IN,X ,Q,7.70,7.80,7.70,7.75,7.75,7.35,15,2703,20936.00,
532102,SBEC SUGAR  ,XT,Q,56.05,56.05,56.05,56.05,56.05,59.00,105,6342,355469.00,
532113,BRIJLAXMI LE,XT,Q,5.38,5.38,4.94,4.94,4.94,5.20,36,7881,41513.00,
532123,BSE  INFRA  ,X ,Q,6.17,6.34,5.85,6.27,6.27,6.15,1355,1645917,9823578.00,
532124,RELIAB VEN  ,X ,Q,13.52,13.52,12.80,12.90,12.90,12.93,16,512,6764.00,
532134,BANKBARODA  ,A ,Q,181.00,182.15,177.60,177.95,177.95,180.60,5436,473442,85136049.00,
532140,MOHITE      ,X ,Q,22.00,22.00,22.00,22.00,22.00,22.00,3,101,2222.00,
532143,SKM EGG PROD,B ,Q,138.25,143.65,136.50,143.65,143.65,136.85,594,24527,3468352.00,
532144,WELCORP     ,A ,Q,229.00,234.00,224.45,225.30,225.30,225.20,1504,55060,12686450.00,
532145,H.S.(I) LTD.,X ,Q,10.75,11.80,10.75,11.77,11.32,11.24,55,6835,80177.00,
532149,BNK OF INDIA,A ,Q,87.70,88.55,84.90,85.90,85.90,87.65,6035,1469287,126607684.00,
532150,INDRAPRAST  ,T ,Q,92.85,92.85,87.55,89.45,88.90,91.65,335,25601,2303687.00,
532154,JOHNPHARMA  ,X ,Q,0.66,0.66,0.62,0.63,0.63,0.65,1406,1693905,1080018.00,
532155,GAIL (I) LTD,A ,Q,102.80,102.80,101.60,102.00,102.00,102.15,3255,432652,44152858.00,
532156,VAIBHAVGBL  ,A ,Q,290.15,304.25,290.15,299.35,300.00,291.10,2309,47654,14291984.00,
532159,TRESCON     ,X ,Q,17.60,17.85,16.40,16.73,16.46,17.24,487,294007,5040920.00,
532160,GUJ.STAT.FIN,T ,Q,7.22,7.25,7.09,7.15,7.15,7.09,37,3866,27851.00,
532162,JK PAPER    ,A ,Q,410.10,411.70,398.35,400.35,400.35,411.45,1619,30053,12130858.00,
532163,SAREGAMA (I),A ,Q,335.75,351.15,326.45,331.70,333.80,332.25,4412,67862,22884446.00,
532164,MINOLTA FIN.,Z ,Q,8.78,8.78,7.96,8.70,8.70,8.37,14,1687,14338.00,
532172,ADROITINFO  ,B ,Q,23.85,23.85,22.45,22.70,22.45,22.95,90,7318,167012.00,
532173,CYBERTECH   ,B ,Q,138.00,143.10,135.55,136.45,136.45,137.30,969,29914,4167412.00,
532174,ICICI BANK  ,A ,Q,877.25,881.20,868.05,870.80,870.80,871.55,6509,107692,94143223.00,
532175,CYIENT      ,A ,Q,870.05,887.55,863.95,866.45,867.60,874.40,841,11054,9695664.00,
532178,ENGINRS.(I) ,A ,Q,88.90,89.30,86.25,86.55,86.55,88.80,1794,229950,19998636.00,
532180,DHANALAK.BNK,B ,Q,18.55,19.20,18.05,18.30,18.30,18.85,1332,292832,5415400.00,
532181,GUJ.MINERAL ,A ,Q,152.25,154.45,151.15,152.50,152.50,154.05,1256,68378,10419344.00,
532183,GAYATRI SUGR,XT,Q,3.16,3.39,3.16,3.39,3.39,3.23,30,7106,23940.00,
532187,INDUSIND BNK,A ,Q,1209.95,1219.35,1198.20,1212.35,1212.35,1204.35,4644,78720,95152651.00,
532189,INDIA TOURIS,B ,Q,349.00,352.00,348.50,349.65,350.90,347.75,95,729,255420.00,
532209,J & K BANK  ,A ,Q,56.80,57.25,55.20,55.65,55.65,54.35,5620,1758130,98299391.00,
532210,CITY UNION  ,A ,Q,158.95,159.40,154.75,155.55,155.50,158.40,1465,66720,10437037.00,
532212,ARCHIES LTD ,B ,Q,23.25,24.60,23.20,23.50,23.50,23.15,191,12752,304829.00,
532215,AXIS BANK   ,A ,Q,934.25,934.30,903.75,910.05,910.05,933.35,14813,370463,338903639.00,
532216,HB STOCKHOL.,B ,Q,53.55,54.40,52.45,54.00,54.00,53.30,43,1448,77471.00,
532217,SIEL FINANCL,X ,Q,13.10,16.00,13.10,14.50,14.50,14.16,42,7968,118019.00,
532218,SOUTH IND.BK,A ,Q,18.15,18.75,16.20,16.60,16.60,18.15,11519,9045882,155528112.00,
532219,ENERGY DEV. ,B ,Q,20.85,21.60,20.35,20.80,21.15,21.20,205,39730,831581.00,
532221,SONATA SOFT.,A ,Q,595.25,628.55,595.25,625.50,625.00,592.85,2764,39155,24149337.00,
532230,BENGAL TEA &,X ,Q,80.90,81.80,78.75,81.30,81.30,78.45,20,1324,106516.00,
532234,NAT.ALUM    ,A ,Q,84.60,84.95,83.25,83.95,83.95,84.50,2861,413152,34724907.00,
532240,INDIA NIPPON,B ,Q,379.30,382.65,372.00,376.40,379.90,375.55,87,466,175966.00,
532256,NALWA SONS  ,B ,Q,2183.85,2226.00,2164.85,2200.00,2200.00,2172.90,45,120,263687.00,
532259,APAR INDUS. ,A ,Q,1582.75,1635.00,1575.25,1617.80,1617.00,1567.90,6509,21841,35245619.00,
532268,ACCELYA     ,B ,Q,1680.00,1702.50,1621.95,1649.75,1657.50,1673.40,742,3117,5225504.00,
532271,ORCHASP     ,X ,Q,4.42,4.52,4.31,4.42,4.41,4.43,182,110662,488337.00,
532281,HCL TECHNO  ,A ,Q,1123.20,1143.45,1122.00,1137.65,1137.65,1121.15,3180,133059,151011696.00,
532284,TCFC FINANCE,X ,Q,37.80,37.80,33.15,33.45,33.15,31.90,246,46810,1611819.00,
532285,GEOJITFSL   ,B ,Q,48.50,49.20,47.15,47.60,47.50,48.70,327,20574,988418.00,
532286,JINDAL STE  ,A ,Q,607.95,607.95,597.00,598.85,599.50,603.80,894,31983,19201249.00,
532290,BLB LTD.    ,B ,Q,30.30,30.50,28.70,29.05,29.05,29.75,154,7858,230706.00,
532296,GLENMARK PHA,A ,Q,417.20,419.95,412.05,413.05,413.05,418.70,1238,20819,8630743.00,
532300,WOCKHARDT   ,A ,Q,218.60,218.60,212.10,212.75,212.75,214.90,1459,42376,9081787.00,
532301,TATA COFFEE ,A ,Q,215.35,216.90,211.80,215.20,215.20,215.30,2168,76328,16373804.00,
532304,KJMCCORP    ,X ,Q,37.60,37.60,34.55,34.55,34.55,35.85,3,219,7633.00,
532305,IND-SWIFT LA,B ,Q,65.90,70.40,65.05,68.25,68.45,65.65,748,33071,2273107.00,
532309,GEPIL       ,B ,Q,135.50,135.90,133.50,133.60,133.85,135.25,190,2011,269899.00,
532310,SHREE RAMA  ,B ,Q,11.79,12.30,11.79,12.25,12.25,11.79,7,1058,12860.00,
532313,MAHINDRALIFE,A ,Q,365.00,368.00,361.45,365.65,365.65,367.40,504,6284,2293418.00,
532315,TELESYS SOFT,XT,Q,11.50,11.50,11.50,11.50,11.50,10.96,18,8053,92609.00,
532320,VAARAD      ,X ,Q,14.25,14.25,13.64,14.02,14.20,13.64,25,663,9150.00,
532321,ZYDUSLIFE   ,A ,Q,440.05,443.90,434.55,437.10,437.45,443.80,803,12310,5396045.00,
532323,SHIVA CEMENT,X ,Q,57.20,57.70,56.00,56.35,56.35,57.20,374,90844,5140630.00,
532324,CINEVISTA   ,B ,Q,11.63,11.89,11.48,11.55,11.55,11.91,44,3633,41918.00,
532326,INTENS TECH ,B ,Q,71.55,73.00,71.45,71.45,71.45,71.55,144,2702,194765.00,
532329,DANLAW TECH.,X ,Q,290.00,290.00,270.25,280.05,280.05,276.10,177,5149,1448459.00,
532331,AJANTA PHARM,A ,Q,1189.20,1207.20,1189.20,1200.35,1198.80,1197.25,448,1794,2152361.00,
532333,HB PORTFOLIO,X ,Q,42.00,44.80,42.00,43.50,43.50,42.30,50,2951,128433.00,
532334,HB ESTATE DE,X ,Q,26.50,26.50,25.50,25.50,25.50,26.80,16,733,18797.00,
532335,AMBICA AGAR.,B ,Q,25.60,25.60,25.00,25.40,25.40,25.05,11,464,11807.00,
532339,COMPUCOM SOF,B ,Q,19.40,19.70,18.90,19.15,19.20,19.40,286,24491,470188.00,
532340,OMNI AX'S SO,XT,Q,3.18,3.23,2.97,2.99,3.16,3.12,59,9162,27837.00,
532341,IZMO        ,B ,Q,72.50,72.50,70.65,71.45,70.70,72.05,137,7302,521241.00,
532343,TVS MOTOR L ,A ,Q,989.95,991.80,971.40,986.20,986.20,981.85,1628,18361,17989923.00,
532344,SOFTSOL (I) ,XT,Q,151.10,152.50,150.05,151.05,152.00,153.10,4,194,29400.00,
532345,GATI LTD.   ,A ,Q,148.65,153.65,148.60,149.90,149.95,148.65,995,94553,14404343.00,
532348,SUBEX LTX   ,A ,Q,36.10,38.10,36.10,37.85,37.85,36.20,4443,1313233,48841922.00,
532349,TRANSPORT CO,A ,Q,612.05,626.20,612.05,617.60,623.70,619.20,280,2634,1640896.00,
532350,PADMALAYA TE,Z ,Q,2.28,2.52,2.28,2.52,2.52,2.40,13,1340,3074.00,
532351,AKSH OPTIFIB,B ,Q,10.80,10.80,10.26,10.30,10.27,10.39,168,23952,247823.00,
532354,VIRGOGLOB   ,X ,Q,11.64,11.64,11.64,11.64,11.64,12.25,147,30479,354775.00,
532355,PICTURHOUSE ,X ,Q,6.32,6.32,6.10,6.10,6.10,6.02,31,8863,55682.00,
532356,TRIVENI ENGG,A ,Q,282.55,282.55,274.10,274.75,274.75,276.70,714,12451,3446513.00,
532357,MUKTA ARTS  ,B ,Q,55.60,55.60,54.90,55.00,55.00,55.85,18,212,11697.00,
532362,NAGPUR POWER,X ,Q,80.00,83.70,79.50,83.60,83.60,79.95,28,1722,140078.00,
532365,DYNACONS SYS,B ,Q,485.05,509.00,463.90,472.10,467.00,471.10,5241,75845,37080837.00,
532366,PNB GILTS   ,B ,Q,66.05,66.20,63.90,64.25,64.45,66.80,426,29371,1897593.00,
532368,BCG         ,A ,Q,27.70,28.00,27.30,27.40,27.40,27.70,3922,1130917,31173661.00,
532369,RAMCO INDS. ,B ,Q,156.50,156.90,153.65,154.35,153.90,156.65,234,6049,938622.00,
532370,RAMCO  SYSTM,B ,Q,245.00,246.55,240.70,242.90,242.50,238.75,164,1824,444481.00,
532371,TATA TELESER,A ,Q,83.25,83.95,82.70,82.90,82.90,83.00,3192,194061,16114700.00,
532372,VIRINCHI    ,X ,Q,40.90,42.95,39.50,39.95,39.95,39.70,1555,490972,20352103.00,
532373,WEPSOLN     ,X ,Q,22.60,23.40,22.30,22.95,22.95,23.05,45,3668,84283.00,
532374,STER TECH   ,A ,Q,189.00,189.00,180.10,181.25,181.25,188.15,2011,85102,15564196.00,
532375,TIPSINDUSTR ,B ,Q,1615.00,1615.00,1535.00,1584.60,1584.60,1615.20,937,4829,7536777.00,
532376,MRO-TEK     ,B ,Q,66.90,69.00,61.35,61.95,62.05,65.10,527,10567,690252.00,
532379,FIRSTFIN    ,X ,Q,6.95,6.95,6.89,6.89,6.89,6.99,8,462,3204.00,
532380,BABA ARTS   ,X ,Q,16.05,16.65,16.05,16.15,16.15,16.40,41,1775,28691.00,
532382,BALAJI TELE.,B ,Q,42.90,44.00,42.80,43.10,43.20,42.85,268,15198,656600.00,
532384,TYCHE INDS  ,X ,Q,136.40,136.40,131.75,133.00,133.65,131.90,28,855,114223.00,
532386,CALIFORN.SOF,B ,Q,19.75,19.90,19.15,19.35,19.35,19.30,112,37667,730813.00,
532387,PRITISHN COM,B ,Q,40.65,40.75,40.45,40.65,40.45,40.90,25,389,15815.00,
532388,INDIAN OVER.,A ,Q,30.45,30.45,28.85,29.15,29.15,30.25,3347,3105454,92196024.00,
532390,TAJ GVK HOTL,B ,Q,201.65,207.00,201.65,204.95,204.75,205.60,220,6012,1231492.00,
532392,CREATIVE EYE,B ,Q,4.60,4.60,4.24,4.25,4.25,4.47,6,1523,6467.00,
532395,AXISCADES   ,B ,Q,328.90,331.95,319.10,325.25,329.05,324.85,2116,13279,4362820.00,
532397,KONNDOR     ,X ,Q,7.51,7.89,7.51,7.89,7.89,7.90,5,2041,15328.00,
532398,UMESL       ,B ,Q,4.82,5.14,4.82,4.84,4.83,5.07,59,2105,10220.00,
532400,BSOFT       ,A ,Q,304.05,312.50,303.60,306.00,306.00,302.70,6048,268262,82679315.00,
532402,USGTECH     ,X ,Q,5.40,5.66,5.25,5.33,5.33,5.50,42,11313,60385.00,
532404,SAVEN TECHNO,X ,Q,40.65,42.25,40.65,41.70,41.20,40.75,83,2152,89885.00,
532406,AVANTEL LTD ,X ,Q,425.00,431.75,415.50,418.65,418.65,413.65,720,27159,11516788.00,
532407,MOSCHIP     ,X ,Q,64.50,67.30,64.50,67.30,67.30,64.10,507,104236,6952949.00,
532408,MEGASOFT LTD,B ,Q,32.00,32.50,31.40,31.45,31.40,31.65,296,19313,616059.00,
532410,TRANSCORP IN,X ,Q,33.10,34.90,33.10,34.80,34.10,33.50,42,1989,67832.00,
532411,VISESH INFO.,T ,Q,0.54,0.55,0.53,0.54,0.54,0.54,557,2184574,1182662.00,
532413,CEREBRA INTE,B ,Q,12.00,12.00,11.52,11.63,11.70,11.95,392,114560,1350327.00,
532416,MID-DAY MULT,T ,Q,5.80,5.95,5.80,5.80,5.80,6.08,12,493,2861.00,
532419,SMARTLINK   ,B ,Q,132.00,162.20,132.00,148.70,147.35,135.20,2718,86615,13693190.00,
532424,GODREJ CONS ,A ,Q,923.05,933.50,923.05,928.65,927.00,926.90,1334,11260,10453956.00,
532425,GENUSPRIME  ,XT,Q,11.75,12.10,11.55,11.56,12.10,12.10,14,566,6571.00,
532430,BF UTILI    ,B ,Q,378.55,380.00,375.40,377.05,376.90,376.80,190,2823,1065756.00,
532432,UNITD SPR   ,A ,Q,834.95,834.95,813.30,817.00,814.70,827.90,1372,10823,8888829.00,
532435,SANINFRA    ,X ,Q,81.95,83.30,78.80,79.60,79.60,80.95,1427,392971,31932647.00,
532439,OLECTRA     ,A ,Q,472.05,479.05,471.15,473.15,473.15,475.15,1533,19612,9324313.00,
532440,MPS LTD     ,B ,Q,891.00,943.55,874.30,903.85,907.00,890.10,1335,7256,6641658.00,
532441,RNBOWDENIM  ,Z ,Q,3.15,3.30,3.10,3.30,3.30,3.15,4,46,143.00,
532443,CERA SANITAR,A ,Q,5420.00,5499.00,5399.75,5441.30,5430.75,5419.75,472,1034,5650225.00,
532444,T. SPIRITUAL,X ,Q,1.62,1.62,1.62,1.62,1.62,1.55,111,111269,180255.00,
532454,BHARTI ARTL ,A ,Q,770.00,777.15,760.85,775.50,775.50,772.70,7048,117621,90307538.00,
532455,SHALIMAR WIR,X ,Q,12.99,12.99,12.37,12.80,12.80,12.74,29,5177,66393.00,
532456,COMPUAGE INF,B ,Q,20.45,20.75,20.00,20.20,20.10,20.25,307,89528,1811390.00,
532457,GULSHAN POLY,B ,Q,240.00,241.85,232.55,235.10,235.10,237.90,660,9413,2233334.00,
532459,FAZE3AUTO   ,X ,Q,86.00,88.00,84.40,84.70,86.45,85.00,31,978,84126.00,
532460,PONNI SUG(ER,B ,Q,497.75,508.00,463.70,480.05,480.05,488.40,1933,21503,10420213.00,
532461,PUNJAB NATIO,A ,Q,57.00,57.40,55.30,55.50,55.50,56.80,9819,4234693,237487772.00,
532466,ORACLE FIN  ,A ,Q,3119.95,3194.05,3104.15,3122.55,3117.65,3091.70,1075,5119,16092374.00,
532467,HAZ MUL PRO ,X ,Q,106.50,109.60,102.90,103.65,104.00,108.00,494,100301,10501146.00,
532468,KAMAHOLDING ,A ,Q,12338.85,12350.00,12300.00,12312.95,12301.05,12318.10,50,151,1861258.00,
532475,APTECH LTD  ,B ,Q,365.60,369.20,352.80,366.55,367.05,365.60,1239,19442,7004486.00,
532477,UNION BANK L,A ,Q,81.60,82.35,80.20,80.55,80.55,81.50,4026,1064549,86560095.00,
532478,UNITED BREWA,A ,Q,1582.25,1587.05,1571.05,1576.20,1571.05,1581.00,552,2377,3749311.00,
532479,ISMT LTD    ,B ,Q,59.30,60.70,56.50,57.70,57.50,58.30,2800,285085,16620494.00,
532481,NOIDA-TOLL B,B ,Q,7.75,7.82,7.75,7.80,7.80,7.83,6,326,2548.00,
532482,GRANULES (I),A ,Q,312.60,316.90,305.85,308.15,308.15,312.10,2619,97402,30473297.00,
532483,CANARA BANK ,A ,Q,324.10,328.00,318.25,319.70,319.70,323.10,5485,460177,148273374.00,
532485,BALMER LA.IN,B ,Q,364.15,366.60,362.60,363.45,363.00,363.20,523,24896,9064212.00,
532486,POKARNA LTD ,B ,Q,392.65,400.00,389.60,397.35,397.00,389.60,307,2965,1168982.00,
532488,DIVI'S LAB. ,A ,Q,3385.00,3397.00,3345.00,3355.30,3355.30,3385.75,1949,8311,28025884.00,
532493,ASTRA MICRO ,A ,Q,275.00,280.15,272.70,273.55,272.70,277.60,659,8634,2375208.00,
532497,RADICOKHAIT ,A ,Q,1040.00,1041.70,1027.55,1028.65,1029.00,1041.05,239,1366,1411409.00,
532500,MARUTISUZUK ,A ,Q,8435.00,8715.95,8416.05,8698.60,8698.60,8423.15,9236,46259,396874028.00,
532503,RAJAPAMILLS ,X ,Q,680.00,689.00,679.00,687.50,688.00,682.40,72,1259,858840.00,
532504,NAVIN FLUORI,A ,Q,3988.95,4001.00,3904.55,3914.35,3922.60,3963.75,1235,4108,16162714.00,
532505,UCOBANK     ,A ,Q,30.80,30.80,29.25,29.45,29.45,30.45,2656,1992367,59533613.00,
532507,BAG FIL MED ,B ,Q,5.05,5.05,4.86,4.89,4.97,4.98,71,13473,66484.00,
532508,JSL         ,A ,Q,253.50,258.50,249.45,257.25,255.40,257.55,1864,76431,19466282.00,
532509,SUPRAJIT ENG,A ,Q,325.70,327.55,319.10,321.20,322.55,325.70,393,4399,1418537.00,
532513,TVSELE      ,B ,Q,419.75,439.00,413.80,420.70,420.70,411.10,2468,35572,15039380.00,
532514,INDRA GAS   ,B ,Q,434.50,434.50,417.80,423.90,425.10,431.50,1319,24257,10271022.00,
532515,TV TODAY    ,B ,Q,252.95,257.05,252.95,254.40,255.35,252.10,440,4914,1254666.00,
532521,PALRED      ,B ,Q,180.05,185.25,177.40,178.30,179.35,180.15,438,6468,1183427.00,
532522,PETRONET LNG,A ,Q,229.00,230.85,226.90,229.95,230.50,226.55,2122,127834,29312242.00,
532523,BIOCON LTD. ,A ,Q,248.60,250.40,245.45,245.90,245.90,248.40,2294,55630,13748913.00,
532524,PTC INDIA   ,B ,Q,113.40,117.50,110.30,114.00,114.00,112.25,9565,737301,84640539.00,
532525,BANK MAHA   ,A ,Q,31.20,31.20,29.30,29.65,29.65,30.95,4793,1899670,57326939.00,
532527,RK FORGINGS ,A ,Q,284.95,286.40,271.90,273.40,273.75,282.00,1956,65322,18137575.00,
532528,DATAM GLOB  ,B ,Q,313.50,315.15,300.60,303.95,303.95,312.05,907,18149,5588909.00,
532529,NDTV        ,B ,Q,285.95,286.55,282.70,283.95,283.95,284.25,1021,23976,6821272.00,
532531,STAR        ,A ,Q,336.70,349.50,314.25,318.50,318.50,336.65,4915,139245,46895928.00,
532532,JAIPRA      ,A ,Q,9.52,9.75,9.51,9.61,9.61,9.60,2563,807457,7752068.00,
532538,ULTRATECH CM,A ,Q,6885.00,6889.20,6789.90,6815.55,6815.55,6846.90,1321,5289,36099213.00,
532539,UNOMINDA    ,A ,Q,504.00,504.00,487.80,498.20,499.70,503.55,1245,19024,9477597.00,
532540,TCS LTD.    ,A ,Q,3423.00,3451.75,3416.10,3435.85,3435.85,3414.00,5550,55283,189900569.00,
532541,COFORGE     ,A ,Q,4385.00,4459.10,4307.35,4321.95,4321.95,4358.65,5299,38253,167905985.00,
532543,GULFPETRO   ,B ,Q,42.10,42.40,41.30,41.75,41.85,42.10,148,7173,299260.00,
532548,CENTURYPLY  ,A ,Q,498.95,504.55,494.45,497.50,495.30,495.90,276,2172,1085207.00,
532553,WELENT      ,B ,Q,151.00,152.50,149.95,150.60,150.85,150.75,802,26431,3999492.00,
532555,NTPC LTD    ,A ,Q,167.55,167.55,165.40,165.75,165.75,166.65,4473,1487401,247018946.00,
532604,SALSTEEL    ,B ,Q,21.05,21.30,20.80,20.80,20.80,21.85,416,331919,6925629.00,
532605,JBM AUTO    ,A ,Q,533.35,538.95,512.75,517.50,517.50,537.75,1245,16030,8450709.00,
532610,DWAR SUGAR  ,A ,Q,98.50,99.60,97.65,98.15,98.15,98.80,1113,79474,7840162.00,
532612,INDOCO REM  ,B ,Q,398.55,408.35,359.15,362.15,362.15,404.75,3808,70225,26179544.00,
532613,VIPCLOTHNG  ,B ,Q,45.65,46.45,44.40,44.60,44.60,45.95,486,30642,1379846.00,
532616,XCHANGING   ,B ,Q,69.95,69.95,66.20,66.50,66.50,66.40,391,22584,1515608.00,
532617,JETAIRWAYS  ,Z ,Q,75.35,76.65,75.00,75.30,75.05,75.15,155,6120,462308.00,
532621,MORARJETEX  ,B ,Q,25.25,25.25,21.20,21.20,21.20,21.50,9,131,2809.00,
532624,JINDALPH    ,B ,Q,322.80,322.90,316.95,316.95,316.95,321.05,58,511,163281.00,
532626,PONDY OXIDES,X ,Q,361.95,370.00,355.10,358.60,358.60,357.80,571,14925,5419736.00,
532627,JPPOWER     ,A ,Q,7.07,7.19,7.07,7.14,7.14,7.09,2921,3616648,25837022.00,
532628,3I INFOTECH ,B ,Q,39.00,39.50,38.80,39.15,39.20,38.70,1051,85722,3351591.00,
532629,MCNALLYB    ,T ,Q,3.68,3.84,3.67,3.84,3.84,3.66,84,136438,522510.00,
532630,GOKALDAS    ,A ,Q,382.00,383.40,376.60,380.55,381.60,379.65,288,2574,977517.00,
532633,ALLSEC TECH ,B ,Q,543.80,585.00,538.45,574.60,571.50,535.50,1117,20808,11820566.00,
532636,IIFL        ,A ,Q,482.00,482.00,465.85,470.75,469.40,476.30,981,15635,7382653.00,
532637,MAN DRUGORG ,B ,Q,122.55,122.55,120.05,120.60,120.60,122.50,135,2132,257773.00,
532638,SHOPPER STOP,A ,Q,673.00,690.25,641.45,646.25,644.50,668.60,1799,10224,6707619.00,
532640,CYBER MEDIA ,B ,Q,18.20,18.20,17.40,17.85,17.95,17.95,15,656,11514.00,
532641,NDL         ,B ,Q,24.10,24.65,23.95,24.10,24.10,24.20,259,16523,399307.00,
532642,JSWHL       ,B ,Q,4118.50,4145.80,4118.45,4124.35,4130.00,4143.00,24,52,214383.00,
532644,JK CEMENT   ,A ,Q,2765.00,2777.55,2688.80,2700.15,2703.30,2754.45,1228,3193,8707795.00,
532645,BEEYU OVERSE,X ,Q,4.19,4.19,4.19,4.19,4.19,4.41,58,11845,49630.00,
532648,YES BANK    ,A ,Q,18.15,18.50,18.10,18.20,18.20,18.15,21608,20102220,367259421.00,
532649,NECTAR LIFE ,B ,Q,21.20,21.85,21.20,21.35,21.35,21.45,183,26998,578603.00,
532650,MSP STEEL   ,B ,Q,9.70,9.70,9.42,9.51,9.53,9.58,167,33275,316518.00,
532651,SPL INDS    ,B ,Q,75.05,75.05,73.35,74.40,74.50,73.60,85,2476,183236.00,
532652,KARNATAKA BK,A ,Q,150.60,150.60,145.20,145.90,145.75,148.65,2281,96694,14239676.00,
532654,MCLEOD RUSSE,B ,Q,29.50,30.00,28.20,28.40,28.35,28.65,546,102720,2975902.00,
532656,FACOR ALLOYS,X ,Q,9.28,9.48,9.11,9.26,9.26,9.14,988,372884,3452490.00,
532659,IDFC        ,A ,Q,87.00,87.70,85.60,85.80,85.80,87.00,2213,318700,27554891.00,
532661,RANE MADRAS ,B ,Q,414.15,414.95,409.50,411.15,409.50,416.20,235,2264,932990.00,
532662,HT MEDIA    ,B ,Q,21.75,21.75,20.20,20.40,20.45,20.15,140,23320,481998.00,
532663,SASKEN      ,B ,Q,939.65,960.00,923.60,947.10,948.70,941.80,235,1445,1362062.00,
532666,FCS SOFTWARE,B ,Q,2.59,2.64,2.59,2.63,2.63,2.62,786,877219,2302663.00,
532667,SUZLONENERGY,A ,Q,9.80,9.84,9.61,9.65,9.65,9.76,9039,17695141,172055097.00,
532668,AURIONPRO SO,B ,Q,379.30,389.50,361.05,375.95,377.15,372.15,1445,14520,5462429.00,
532670,RENUKA SUGAR,A ,Q,53.70,54.40,53.10,53.30,53.30,53.70,3094,462370,24852630.00,
532673,KM SUGARMILL,B ,Q,27.85,28.90,27.70,27.95,27.90,28.20,281,16618,469307.00,
532674,BANNARI AMMA,B ,Q,49.50,51.05,49.50,50.05,50.00,50.55,69,2749,137116.00,
532676,PBA INFRASTR,B ,Q,11.80,11.80,10.49,10.70,10.70,10.91,61,11584,123122.00,
532683,AIAENGINEER ,A ,Q,2400.40,2485.35,2400.40,2464.15,2448.55,2452.30,450,935,2309967.00,
532684,EVEREST KANT,A ,Q,94.10,95.80,93.50,94.15,93.70,94.05,2186,206589,19624797.00,
532686,KERNEX MICRO,T ,Q,285.65,298.90,280.15,287.70,288.45,291.60,34,496,143337.00,
532687,REPRO INDIA ,B ,Q,359.60,362.45,352.00,355.30,355.30,359.10,127,537,191981.00,
532689,PVR LTD     ,A ,Q,1626.40,1685.00,1622.00,1682.15,1682.85,1621.95,2806,32426,53859906.00,
532692,RADHA MADHAV,Z ,Q,1.72,1.85,1.72,1.78,1.78,1.79,9,2995,5188.00,
532695,CELEBRITYFAS,B ,Q,19.25,19.50,17.80,18.10,18.05,19.25,600,94352,1740648.00,
532696,EDUCOMP SOLN,Z ,Q,2.12,2.24,2.11,2.13,2.16,2.21,55,52185,111921.00,
532698,NITINSPINNER,B ,Q,214.85,216.25,208.35,210.15,210.65,215.45,1007,22128,4717941.00,
532699,ROYALORCH   ,B ,Q,263.75,270.55,259.80,268.80,270.50,264.45,291,3941,1043778.00,
532700,ENT NETWORK ,B ,Q,145.05,146.90,143.00,143.75,143.00,145.00,34,392,56884.00,
532701,CELLA       ,Z ,Q,9.31,10.14,9.25,9.99,9.99,9.71,30,5523,51503.00,
532702,GUJ PETRONET,A ,Q,276.00,276.00,269.00,269.90,270.70,274.45,700,14736,4012688.00,
532705,JAGRAN PRAK ,B ,Q,75.70,76.55,74.85,76.20,75.85,75.70,504,32642,2460621.00,
532706,INOX LEISURE,A ,Q,480.00,495.00,480.00,493.85,491.65,482.50,605,8597,4205820.00,
532707,DYNEMIC PRO ,B ,Q,275.85,280.20,270.80,276.50,276.55,274.10,150,1635,455266.00,
532708,GVK POWERINF,B ,Q,2.93,2.93,2.83,2.84,2.84,2.92,477,876927,2506476.00,
532710,SADBHAV ENGG,T ,Q,14.40,14.50,13.85,14.05,14.05,14.20,115,28997,411627.00,
532712,REL COM LTD ,T ,Q,1.98,2.04,1.96,1.98,1.98,2.03,1270,1565442,3126375.00,
532713,SAKUMA EXPO ,B ,Q,15.50,16.15,15.50,15.55,15.60,15.75,331,90903,1428547.00,
532714,KEC INTERN  ,A ,Q,470.00,470.05,457.25,464.90,464.65,470.45,1738,17792,8246124.00,
532716,GILLA ARBUT ,B ,Q,83.70,83.70,79.25,79.75,79.30,83.10,336,14041,1141557.00,
532717,INDOTECHTR  ,B ,Q,223.45,225.00,218.60,222.45,221.60,219.70,156,2815,623652.00,
532719,BL KASHYAP  ,B ,Q,31.25,31.90,31.05,31.15,31.25,31.00,383,46745,1457115.00,
532720,M&M FINANSER,A ,Q,236.10,238.25,231.40,234.20,234.00,236.25,805,37421,8746364.00,
532721,VISA STEEL  ,T ,Q,15.55,15.65,14.85,15.30,15.30,15.60,42,9279,139343.00,
532722,NITCO TILES ,B ,Q,26.75,26.90,24.80,25.10,24.80,26.45,135,6575,168685.00,
532723,MPDL        ,XT,Q,26.65,28.50,26.40,28.50,28.45,27.15,50,8553,242484.00,
532725,SOLAR IND   ,A ,Q,4081.00,4171.10,4074.40,4100.20,4137.00,4081.90,688,1717,7069910.00,
532726,GALLANTT    ,B ,Q,71.65,71.65,68.90,70.30,70.30,71.00,386,23749,1659380.00,
532728,MALU PAPER  ,B ,Q,36.60,36.60,35.15,35.55,35.35,36.15,29,1192,42687.00,
532729,UTTAM SUGAR ,B ,Q,278.75,281.75,274.40,277.20,279.40,277.10,522,8688,2417729.00,
532730,STL GLOBAL  ,B ,Q,18.05,18.05,17.75,17.75,17.75,17.90,6,103,1830.00,
532732,KEWAL KIRAN ,B ,Q,472.65,479.30,458.05,467.60,462.80,472.65,819,16937,8023137.00,
532733,SUN TVNET   ,A ,Q,487.00,489.20,471.80,473.55,473.10,489.65,948,19178,9197330.00,
532734,GODAWARI POW,A ,Q,413.00,413.00,398.50,400.40,401.05,410.15,1428,34479,13944689.00,
532735,RSYSTEMINT  ,B ,Q,246.20,246.20,240.10,243.10,242.30,241.40,182,2616,639874.00,
532737,EMKAY GLOB F,B ,Q,74.70,76.75,74.70,75.65,75.65,76.00,64,1447,110108.00,
532738,TANTIA CONS ,Z ,Q,13.45,13.55,12.80,13.35,13.35,13.45,8,1416,19010.00,
532740,LOKESH MACH ,B ,Q,116.90,116.95,113.40,114.00,114.40,114.20,232,8183,939975.00,
532741,KAMDHENU    ,B ,Q,420.05,438.20,409.85,433.10,433.10,417.35,2237,52072,22450052.00,
532742,PAUSHAKLTD  ,A ,Q,7800.05,8025.00,7800.05,7922.10,7931.00,7913.55,332,795,6340829.00,
532744,GTN TEXTILE ,X ,Q,12.99,12.99,12.50,12.97,12.99,12.52,16,2907,37051.00,
532745,INDICAP     ,X ,Q,33.70,36.45,33.55,34.15,33.90,34.35,28,2716,92977.00,
532748,PRIME FOCUS ,B ,Q,71.85,72.30,70.75,71.35,71.05,72.20,89,926,66281.00,
532749,ALLCARGO    ,A ,Q,429.80,429.80,418.65,422.65,420.95,424.60,597,9445,3994216.00,
532754,GMRINFRA    ,A ,Q,40.35,40.40,39.75,39.80,39.80,40.15,1348,276534,11082018.00,
532755,TECH MAH    ,A ,Q,1070.90,1077.50,1066.20,1070.90,1070.90,1065.10,4071,55449,59394034.00,
532756,MAHINDCIE   ,A ,Q,361.05,365.15,347.00,348.80,349.40,361.80,1397,29056,10266100.00,
532757,VOLTAMP TRAN,B ,Q,2489.70,2496.25,2441.05,2449.85,2449.85,2492.50,155,469,1154308.00,
532759,ATLANTA     ,T ,Q,20.05,20.10,20.05,20.10,20.10,21.10,13,1300,26100.00,
532760,DEEPENR     ,B ,Q,130.90,135.70,129.25,133.65,133.85,129.25,149,3272,441308.00,
532761,HOV SERVICES,B ,Q,47.80,48.15,47.20,47.20,47.20,47.75,38,314,14947.00,
532762,ACTION CONST,A ,Q,332.95,342.75,329.30,333.40,333.40,331.70,2309,72914,24446876.00,
532764,GEECEE      ,B ,Q,146.85,147.70,145.10,146.60,146.40,146.85,23,323,47176.00,
532766,RICHA IND   ,Z ,Q,2.00,2.13,1.96,2.13,2.13,2.03,34,7971,16688.00,
532767,GAYATRI PROJ,T ,Q,7.85,8.15,7.65,7.91,8.01,7.90,235,93137,730686.00,
532768,FIEM INDS   ,B ,Q,1643.35,1659.20,1619.25,1630.70,1636.35,1639.25,712,2569,4192555.00,
532771,JHS SVEN    ,B ,Q,20.90,22.90,20.90,21.25,21.20,21.05,418,24825,544827.00,
532772,DCBBANK     ,A ,Q,122.45,124.45,122.35,123.65,123.00,122.95,847,41910,5155912.00,
532773,GLOBAL VECT ,B ,Q,56.45,56.60,55.15,55.45,55.60,56.30,74,1328,74131.00,
532774,INSPIRISYS  ,B ,Q,53.55,58.95,53.40,56.40,56.40,53.60,35,2580,148210.00,
532775,GTL INFRAST ,A ,Q,1.11,1.13,1.10,1.11,1.11,1.12,23858,11132780,12374015.00,
532776,SHIVAM AUTO ,B ,Q,27.15,27.30,26.50,27.00,26.50,27.25,74,5839,157879.00,
532777,INFO EDGE   ,A ,Q,3745.00,3783.00,3706.95,3724.95,3729.45,3746.20,2198,10872,40695163.00,
532779,TORNT POWER ,A ,Q,491.00,493.15,472.80,474.00,474.30,490.75,1114,25289,12146232.00,
532780,PARSVNATH   ,B ,Q,8.52,8.65,8.20,8.44,8.52,8.45,179,25729,216891.00,
532782,SUTLEJ TEXT ,B ,Q,62.80,62.80,60.90,61.20,61.30,61.25,101,7340,449162.00,
532783,DAAWAT      ,A ,Q,114.15,115.25,113.05,113.80,113.85,114.50,1184,83417,9499954.00,
532784,SOBHA       ,A ,Q,595.15,596.90,583.85,591.70,591.70,596.85,562,4980,2938234.00,
532785,RUCHIRA PAP ,B ,Q,122.50,123.05,120.55,121.75,121.90,122.50,177,2537,309046.00,
532790,TANLA       ,A ,Q,662.55,688.20,662.55,670.75,671.50,670.30,1457,16456,11082055.00,
532794,ZEEMEDIA    ,B ,Q,13.30,13.63,13.00,13.48,13.48,13.51,463,168937,2263711.00,
532795,SITINET     ,B ,Q,1.64,1.64,1.57,1.60,1.62,1.62,327,451807,728289.00,
532796,LUMAX TECH  ,B ,Q,225.50,234.10,225.50,230.10,232.50,231.35,438,11846,2745568.00,
532797,AUTOIND     ,B ,Q,73.00,75.50,72.80,74.95,75.30,74.10,301,5988,444119.00,
532798,NTWK MED INV,A ,Q,62.20,62.50,61.35,61.60,61.90,61.60,470,30597,1894063.00,
532799,HUBTOWN     ,B ,Q,41.10,42.35,40.75,42.00,42.00,41.10,394,22380,932621.00,
532800,TV18BRDCST  ,A ,Q,34.85,35.10,34.60,34.65,34.65,34.80,1805,244535,8503708.00,
532801,CAMBRIDGE   ,B ,Q,64.10,65.55,63.25,63.85,64.60,64.05,114,1819,116728.00,
532804,TECHNOCRAFT ,B ,Q,944.60,944.60,905.05,907.55,907.55,916.60,68,397,361214.00,
532805,REDINGTON   ,A ,Q,190.00,190.00,180.00,181.75,181.75,188.70,3352,164333,30277660.00,
532806,AI CHAMPDNY ,XT,Q,28.95,29.50,27.60,27.60,27.60,29.05,23,1444,39908.00,
532807,CINELINE    ,B ,Q,114.45,114.45,113.00,113.70,113.00,112.20,61,810,92143.00,
532808,PGIL        ,B ,Q,390.80,392.30,383.45,385.25,384.55,390.90,72,235,90952.00,
532809,FSL         ,A ,Q,104.60,107.20,104.60,106.60,106.45,104.70,1815,167507,17791892.00,
532810,POWER FINAN ,A ,Q,151.10,151.95,148.90,149.30,149.30,151.00,3641,274508,41160772.00,
532811,AHLUWALIA CO,B ,Q,508.10,508.10,488.25,490.80,488.25,507.15,266,1459,727173.00,
532812,TRANSWARRANT,B ,Q,9.90,9.90,9.41,9.78,9.78,9.85,5,1143,11143.00,
532814,INDIAN BANK ,A ,Q,286.25,293.00,286.25,289.95,289.95,287.65,1178,58840,17095390.00,
532815,SMS PHARMACE,B ,Q,79.50,80.00,77.55,78.50,78.20,80.00,146,1192,93734.00,
532817,ORIENTAL    ,B ,Q,7.90,8.23,6.42,8.07,7.93,7.91,154,58439,436570.00,
532820,ELAND       ,X ,Q,6.94,7.00,6.88,7.00,7.00,6.67,60,21378,149562.00,
532822,IDEA        ,A ,Q,7.06,7.18,6.96,7.08,7.08,7.09,26881,43511726,307258812.00,
532825,JAGJANANI   ,X ,Q,2.98,2.98,2.98,2.98,2.98,2.84,6,4105,12232.00,
532826,RAJ TELE    ,T ,Q,50.45,50.65,49.95,49.95,49.95,49.95,6,101,5079.00,
532827,PAGE INDUSTR,A ,Q,40534.80,40746.40,40035.15,40124.90,40120.00,40596.20,106,153,6180418.00,
532828,AMD INDUS   ,B ,Q,56.35,57.50,56.20,56.55,56.60,56.45,129,5215,295861.00,
532829,LEHAR       ,X ,Q,90.00,91.00,86.55,88.35,88.00,89.95,80,4515,400095.00,
532830,ASTRAL      ,A ,Q,2013.00,2052.75,2002.35,2010.75,2010.75,2023.50,1984,10804,21855970.00,
532832,INDBUL REAL ,A ,Q,74.65,74.65,72.10,72.60,72.60,73.90,3419,423006,31029371.00,
532834,CAMLINFINE  ,B ,Q,163.10,168.85,162.50,164.05,163.15,164.55,1769,70337,11686541.00,
532835,ICRA        ,B ,Q,4300.00,4514.65,4300.00,4357.25,4350.35,4354.80,478,839,3698596.00,
532839,DISH TV     ,A ,Q,16.90,17.05,16.50,16.65,16.65,16.85,1088,394801,6582603.00,
532841,SAHYA INDU  ,X ,Q,353.25,358.50,353.25,357.25,357.25,356.15,75,1053,374911.00,
532842,SREE RAYALA ,B ,Q,501.80,505.65,495.20,500.65,501.75,501.00,169,2173,1088237.00,
532843,FORTIS      ,A ,Q,282.95,285.95,281.30,281.70,281.90,283.85,958,18292,5193640.00,
532845,TGBHOTELS   ,B ,Q,10.50,11.19,10.50,11.00,11.19,10.90,21,94148,1029621.00,
532847,HILTON MET  ,B ,Q,93.00,93.00,86.40,87.80,88.30,88.60,1787,145049,13213494.00,
532848,DELTA CORP  ,A ,Q,205.20,211.95,204.70,211.45,211.45,205.10,4691,300946,63042510.00,
532851,INSECTCID   ,B ,Q,611.65,617.75,605.15,610.45,617.75,612.25,139,526,321205.00,
532853,ASAHI SONG  ,B ,Q,248.80,251.15,241.00,244.25,242.70,250.15,107,330,81135.00,
532855,HARYA CAPFIN,X ,Q,59.95,59.95,57.00,59.30,59.30,57.00,13,112,6498.00,
532856,TIME TECHNO ,A ,Q,87.05,87.80,85.75,86.65,86.65,87.35,527,65003,5641047.00,
532859,HGSL        ,A ,Q,1306.05,1319.00,1290.05,1299.50,1302.45,1302.30,758,3834,4978370.00,
532864,NELCAST     ,B ,Q,119.90,122.70,113.55,115.40,115.40,119.35,1594,87805,10401873.00,
532867,V2RETAIL    ,B ,Q,94.40,95.05,93.00,93.50,93.00,93.90,122,4054,380399.00,
532868,DLF LIMITED ,A ,Q,369.45,371.15,363.70,365.15,364.15,369.45,1899,98573,36234776.00,
532869,TARMAT      ,B ,Q,53.65,54.45,53.65,53.80,53.70,53.45,39,1128,61071.00,
532870,ANKIT METAL ,B ,Q,5.69,5.69,5.45,5.58,5.54,5.60,66,12032,67072.00,
532872,SUNPHA ADV  ,A ,Q,200.00,204.15,199.35,200.25,200.90,202.95,707,15933,3201491.00,
532873,HOUSING DEV ,Z ,Q,4.82,4.89,4.75,4.85,4.85,4.85,243,106463,511541.00,
532875,ALLIED DIGIT,B ,Q,100.10,108.10,100.10,103.45,104.00,101.00,638,48654,5176856.00,
532878,ALPA LAB    ,B ,Q,71.20,73.00,69.20,69.75,69.75,70.30,317,16691,1183225.00,
532879,SIR SHADI LA,XT,Q,168.00,174.75,163.00,163.60,163.60,168.75,30,1038,170855.00,
532880,OMAXE LTD   ,B ,Q,67.55,69.90,65.60,66.00,66.85,68.90,435,24465,1641467.00,
532884,REFEX       ,B ,Q,261.25,264.45,261.25,263.65,262.00,261.45,202,3981,1046048.00,
532885,CENTRAL BK  ,A ,Q,31.15,31.30,30.10,30.35,30.35,31.10,1030,329574,10115204.00,
532888,ASIAN GRANIT,B ,Q,45.85,46.75,45.85,46.60,46.70,45.70,772,65293,3024647.00,
532889,K.P.R. MILL ,A ,Q,515.40,520.20,513.60,516.50,516.35,515.85,323,4100,2123066.00,
532890,TAKE SOLUT  ,B ,Q,22.45,22.90,22.30,22.40,22.40,22.25,340,35185,793603.00,
532891,PURAVANKARA ,B ,Q,89.45,91.55,89.45,90.35,90.10,91.10,159,4433,402154.00,
532892,MOTILALOFS  ,A ,Q,726.55,737.80,716.15,727.20,732.85,726.80,938,7445,5404126.00,
532893,VTM LTD     ,X ,Q,48.65,49.65,47.80,48.80,48.85,48.50,88,4740,229305.00,
532894,IWIND ENERGY,T ,Q,13.80,14.25,13.65,13.95,14.05,13.80,107,13722,192743.00,
532895,NAGREKA CAP ,B ,Q,16.45,16.45,15.95,16.10,15.95,16.65,20,1098,17680.00,
532896,MAGNUM VENT ,B ,Q,33.20,33.35,31.80,31.80,31.80,33.45,448,87639,2810767.00,
532898,POWER GRID  ,A ,Q,226.95,226.95,220.60,220.95,221.00,224.95,3048,484593,107491485.00,
532899,KAVERI SEED ,A ,Q,508.05,533.95,503.05,529.20,529.20,512.35,2702,40745,21211360.00,
532900,PAISALO     ,B ,Q,77.70,78.25,76.30,76.50,77.00,78.30,180,5611,431735.00,
532902,CONSOL CONST,T ,Q,1.43,1.43,1.37,1.39,1.39,1.37,63,118943,165094.00,
532904,SUPREME INFR,B ,Q,24.30,24.30,24.30,24.30,24.30,23.15,17,3561,86532.00,
532906,MAANALU     ,B ,Q,235.00,235.00,218.80,221.35,218.80,225.65,375,5764,1281566.00,
532907,ILFSENGG    ,Z ,Q,14.24,14.24,13.62,14.11,14.18,14.02,22,3506,49184.00,
532911,PARLEIND    ,X ,Q,7.67,7.83,7.61,7.69,7.69,7.67,338,25368,194966.00,
532915,RELIGARE ENT,A ,Q,164.10,171.40,162.50,170.45,169.75,164.95,1219,62472,10418911.00,
532916,BARAK VALL  ,B ,Q,25.60,26.50,24.85,25.75,25.75,25.45,8,35,887.00,
532918,RATHI BARS  ,X ,Q,24.30,25.00,24.30,25.00,25.00,24.75,24,4601,114733.00,
532921,ADANI PORTS ,A ,Q,769.45,774.15,758.10,760.85,760.85,769.05,5603,100603,77140433.00,
532922,EDELWEISS   ,A ,Q,69.50,69.85,67.75,68.05,68.05,69.30,1491,175466,11990826.00,
532923,RGL         ,B ,Q,97.50,99.00,96.25,97.30,99.00,97.70,198,13139,1283460.00,
532924,KOLTEPATIL  ,A ,Q,301.05,305.15,296.25,298.25,298.25,301.05,940,17984,5399871.00,
532925,KAUSHAL INFR,B ,Q,4.60,4.97,4.60,4.79,4.80,4.75,26,8479,39721.00,
532926,JYOTHYLAB   ,A ,Q,200.40,204.20,200.40,202.75,204.00,203.30,949,27317,5536697.00,
532927,ECLERX      ,A ,Q,1392.30,1426.25,1392.05,1413.30,1419.00,1386.90,703,3217,4544761.00,
532928,TRIL        ,B ,Q,77.00,78.70,74.50,76.25,76.25,75.90,2970,337911,25805314.00,
532929,BRIGADE     ,A ,Q,441.45,462.05,441.45,459.40,456.00,446.20,421,5623,2558216.00,
532930,BGR ENERGY  ,B ,Q,59.15,59.35,58.20,58.60,58.50,58.75,165,12451,730162.00,
532931,BURNPUR     ,B ,Q,5.70,5.70,5.25,5.39,5.41,5.40,94,34114,182433.00,
532932,MANAKSIA LTD,B ,Q,90.50,95.15,86.70,88.55,88.55,93.20,1533,87901,8007662.00,
532933,PORWAL AUTO ,X ,Q,25.60,25.60,24.25,24.30,24.30,24.70,35,4723,115729.00,
532934,PPAP        ,T ,Q,234.00,240.00,232.00,232.00,232.00,239.70,11,194,45243.00,
532935,ARIES AGRO  ,B ,Q,199.90,199.90,189.25,191.75,193.10,193.10,1245,69417,13254461.00,
532937,KUANTUM     ,B ,Q,147.05,147.05,137.45,138.60,138.60,146.95,425,13633,1913302.00,
532939,RPOWER      ,A ,Q,13.24,13.46,13.21,13.24,13.24,13.24,3227,1780722,23692428.00,
532940,J KUMAR INFR,B ,Q,267.00,275.95,266.35,274.35,274.35,266.25,749,10171,2776584.00,
532941,CORDS CABLE ,B ,Q,71.85,72.40,69.00,69.35,69.55,71.95,473,15142,1064436.00,
532942,KNR CONST   ,A ,Q,258.80,261.00,253.20,254.65,253.35,259.55,492,18619,4775814.00,
532944,ONMOBILE    ,A ,Q,94.05,96.00,93.25,93.50,93.85,93.95,2457,145414,13725819.00,
532945,SEPC        ,B ,Q,14.30,14.56,13.70,13.98,13.98,14.35,1409,461991,6460313.00,
532946,BANG        ,B ,Q,49.35,49.55,47.95,48.25,48.60,48.75,361,44852,2195638.00,
532947,IRB INFRA   ,A ,Q,301.00,302.60,295.00,295.65,295.65,301.70,2378,83829,24937050.00,
532951,GSS INFOTECH,B ,Q,264.90,264.90,257.30,261.00,262.45,256.70,226,27116,7150781.00,
532952,NAHAR CAP   ,B ,Q,291.50,299.45,291.50,294.35,294.20,294.30,151,735,217340.00,
532953,V GUARD IND ,A ,Q,251.00,254.70,250.40,251.00,250.80,251.10,298,4222,1066985.00,
532955,RECLTD      ,A ,Q,124.90,124.90,122.45,122.90,122.90,124.30,1917,219298,27060077.00,
532957,GOKAK TEXTI ,X ,Q,30.00,30.80,28.05,29.85,29.85,29.50,11,559,15930.00,
532959,AJRINFRA    ,Z ,Q,1.29,1.31,1.24,1.27,1.28,1.29,95,128612,164839.00,
532960,DHANI       ,A ,Q,36.65,36.95,36.40,36.55,36.55,36.65,1394,192539,7051472.00,
532966,TITAGARH WAG,B ,Q,235.10,240.00,221.55,223.05,224.00,231.65,4371,122837,28314879.00,
532967,KIRI DYES   ,A ,Q,377.00,380.75,367.55,369.65,369.65,377.65,809,7180,2664432.00,
532974,ABML        ,B ,Q,58.55,58.55,57.40,57.65,57.50,58.35,183,7000,404368.00,
532976,JAIBALA IND ,B ,Q,53.45,56.10,53.45,54.20,54.20,54.45,241,12547,689871.00,
532977,BAJAJ AUTO  ,A ,Q,3623.95,3693.15,3613.05,3685.25,3686.75,3623.95,2372,13588,49600920.00,
532978,BAJAJ FINSE ,A ,Q,1333.05,1349.00,1329.80,1332.90,1332.90,1332.55,3547,51305,68649301.00,
532980,GOKUL REFOIL,B ,Q,43.00,43.00,38.60,39.20,39.15,39.90,238,11883,468703.00,
532983,RPG LIFESCI ,B ,Q,860.85,863.90,829.60,832.60,832.60,861.00,294,1611,1360178.00,
532985,KOTAK SENSEX,A ,Q,64.94,64.94,63.62,64.30,64.49,64.25,45,374,23941.00,
532986,NIRAJ CEMENT,B ,Q,31.20,31.20,30.50,30.60,30.60,31.20,15,101,3118.00,
532987,RANE BRAKE  ,B ,Q,728.70,730.20,716.75,727.55,726.80,732.05,79,444,321417.00,
532988,RANE ENGVL  ,B ,Q,220.50,220.50,218.25,218.25,218.25,220.55,10,52,11357.00,
532989,BAFNA PHARMA,T ,Q,100.90,100.90,97.90,97.90,97.90,100.00,8,182,18065.00,
532992,CHL LTD     ,X ,Q,18.00,18.85,17.40,18.85,18.85,18.05,8,2131,38562.00,
532993,SEJAL       ,T ,Q,261.05,274.05,261.05,272.95,274.00,261.00,40,3318,903215.00,
532994,ARCHIDPLY IN,B ,Q,69.60,71.30,69.60,69.70,69.70,69.60,137,2084,146781.00,
532998,LEHIL       ,T ,Q,73.50,74.75,73.50,73.90,73.55,73.85,8,643,47474.00,
533001,SOMI CONVEY ,B ,Q,41.10,41.10,40.10,40.10,40.10,40.40,12,247,9920.00,
533007,LGB FORGE   ,B ,Q,11.70,11.70,11.12,11.30,11.28,11.49,62,15255,173420.00,
533012,LANDMRK PRO ,B ,Q,6.71,7.34,6.71,7.20,7.20,7.28,61,5463,39525.00,
533014,SICAGEN IND ,X ,Q,35.50,36.70,34.55,34.75,34.75,35.25,49,13930,494807.00,
533018,SIMPLEX MIL ,X ,Q,28.50,28.50,28.50,28.50,28.50,28.50,2,39,1111.00,
533019,SIMPLEX PAP ,X ,Q,23.05,24.25,23.05,23.05,23.05,23.05,8,107,2502.00,
533022,20 MICRONS  ,B ,Q,88.40,89.60,88.25,88.80,89.60,88.85,351,5508,488707.00,
533023,ZFCVINDIA   ,A ,Q,9016.35,9076.40,8965.65,9040.05,9023.00,9001.00,59,77,693902.00,
533029,ALKALI      ,T ,Q,137.40,138.80,128.20,128.90,130.00,134.90,69,4119,536211.00,
533033,ISGEC       ,A ,Q,451.45,457.60,448.00,451.10,449.15,447.90,382,3970,1795411.00,
533047,INDIAN MET  ,B ,Q,313.00,318.95,303.80,304.80,305.00,317.10,1338,33704,10479206.00,
533056,VEDAVAAG    ,X ,Q,53.75,53.90,52.00,52.55,53.00,53.75,117,16292,857668.00,
533080,MOLDTKPACK  ,A ,Q,1019.95,1019.95,996.70,1003.00,1006.05,998.00,368,2021,2027109.00,
533088,MAH HOLIDAY ,A ,Q,263.50,264.20,259.30,260.25,259.70,263.45,326,3078,805900.00,
533090,EXCEL       ,T ,Q,0.50,0.52,0.49,0.50,0.50,0.50,832,3807202,1937020.00,
533093,RAJ OIL     ,T ,Q,56.30,57.90,56.00,56.40,56.25,56.85,21,974,55309.00,
533095,BENGLA& ASM ,A ,Q,4438.40,4438.40,4330.00,4376.00,4400.00,4381.80,44,231,1012816.00,
533096,ADANI POWER ,A ,Q,273.05,279.10,272.30,274.80,274.80,273.25,8738,305552,84059773.00,
533098,NHPC        ,A ,Q,42.80,43.90,42.80,43.50,43.50,42.75,3140,1452687,63218669.00,
533101,SURYAMBA SP ,X ,Q,200.70,200.70,190.00,200.50,200.50,197.25,21,998,191237.00,
533104,GLOBUS SPR  ,A ,Q,814.25,839.00,810.50,831.00,828.60,814.90,376,1869,1549398.00,
533106,OIL INDIA   ,A ,Q,241.00,242.20,238.20,239.00,239.85,240.30,1860,107658,25831455.00,
533107,RNAVAL      ,Z ,Q,3.17,3.17,3.17,3.17,3.17,3.33,92,77876,246866.00,
533108,BHILWRA TEC ,X ,Q,15.45,15.75,15.20,15.30,15.25,15.45,76,9767,150925.00,
533110,SH PRECOTED ,X ,Q,19.70,22.15,19.70,22.15,22.15,20.55,6,48,998.00,
533121,EXPLEOSOL   ,B ,Q,1256.05,1308.50,1251.60,1299.10,1304.00,1257.80,366,1476,1914753.00,
533122,RTNPOWER    ,A ,Q,3.84,3.89,3.82,3.83,3.83,3.90,1741,2404744,9252728.00,
533137,DEN NETWORK ,B ,Q,32.85,33.10,32.50,32.60,32.60,32.70,451,57336,1877390.00,
533138,ASTEC LIFE  ,A ,Q,1600.40,1690.00,1592.85,1675.90,1675.90,1603.75,556,2338,3855402.00,
533146,DLINK IND   ,B ,Q,213.55,224.65,213.35,218.65,218.65,214.25,2518,51860,11438179.00,
533148,JSW ENERGY  ,A ,Q,247.05,251.85,246.70,247.35,247.35,246.70,1356,68628,17065453.00,
533149,ESSAR SECU  ,X ,Q,4.79,4.79,4.57,4.62,4.62,4.60,35,3672,17314.00,
533150,GODREJ PROP ,A ,Q,1230.20,1236.50,1210.40,1216.20,1216.20,1232.60,1687,14065,17186100.00,
533151,D B CORP    ,B ,Q,132.85,132.85,126.20,129.30,126.20,130.50,728,21222,2774797.00,
533152,MBLINFRA    ,T ,Q,21.25,21.30,20.95,21.00,21.00,21.25,31,3684,77701.00,
533155,JUBL FOOD   ,A ,Q,512.90,512.90,500.00,503.20,502.00,509.10,1057,143280,72527854.00,
533156,VASCON ENG  ,B ,Q,34.50,35.30,33.15,33.65,33.55,35.00,939,178423,6094322.00,
533158,THANGAMAYIL ,B ,Q,1100.00,1106.15,1062.00,1073.15,1066.10,1069.90,122,3008,3286390.00,
533160,D B REALTY  ,A ,Q,91.25,92.50,87.65,87.65,87.65,92.25,817,46466,4112108.00,
533161,EMMBI       ,B ,Q,99.95,99.95,98.00,98.05,98.00,98.85,25,186,18340.00,
533162,HATHWAY CAB ,A ,Q,16.20,16.20,15.90,16.00,16.00,16.15,1050,306839,4918234.00,
533163,ARSS INFRA  ,T ,Q,23.00,23.00,21.75,22.30,22.85,22.40,15,207,4719.00,
533164,TEXMO PIPES ,B ,Q,56.00,57.00,55.95,56.70,56.85,56.00,127,6845,388041.00,
533166,SUNDARAMMUL ,B ,Q,2.82,2.96,2.75,2.81,2.75,2.91,209,234721,669997.00,
533167,CORO ENGG   ,X ,Q,38.50,39.50,38.00,38.45,38.45,38.75,16,2127,82235.00,
533168,ROSSELL IND ,B ,Q,312.25,319.80,312.25,316.45,315.60,317.50,87,1148,362999.00,
533169,MAN INFRA   ,A ,Q,76.00,77.50,74.70,75.20,75.20,76.50,588,45401,3452779.00,
533170,TAMBOLI CAP ,X ,Q,102.05,104.50,100.25,103.60,103.60,102.45,51,3929,408046.00,
533177,IL&FS TRANS ,Z ,Q,4.25,4.35,3.95,4.35,4.35,4.15,40,42790,173708.00,
533179,PERSISTENT  ,A ,Q,4590.00,4675.00,4539.10,4584.90,4584.90,4586.05,4325,33466,154145370.00,
533181,INTRASOFT   ,B ,Q,148.90,152.00,145.20,149.00,149.90,149.85,89,1264,188476.00,
533189,GOENKA DIAM ,Z ,Q,1.24,1.25,1.21,1.25,1.25,1.23,46,25857,32087.00,
533192,KCP SUGAR IN,B ,Q,28.25,29.10,27.80,28.00,28.00,28.45,538,59481,1686800.00,
533193,KIRLOSKAR EL,B ,Q,81.75,85.80,81.30,85.40,85.40,81.75,2442,207261,17566682.00,
533202,SATCH       ,X ,Q,2.82,2.85,2.77,2.80,2.81,2.82,35,27450,77438.00,
533203,TARAPUR TRA ,B ,Q,4.25,4.30,4.20,4.30,4.30,4.30,12,12000,51008.00,
533206,SJVN        ,A ,Q,34.10,34.55,34.00,34.20,34.20,34.05,966,306523,10532056.00,
533208,EMAMI PAPER ,B ,Q,143.95,146.60,143.90,144.20,143.90,145.90,57,634,91732.00,
533210,KRITI NUTRI ,B ,Q,49.00,49.95,48.50,48.70,48.50,49.10,81,3198,157707.00,
533212,GKB OPHTHA  ,X ,Q,163.80,173.70,156.10,173.70,173.70,157.95,668,112421,19361550.00,
533217,HMVL        ,B ,Q,54.45,54.45,53.50,53.90,53.70,54.55,67,1201,64929.00,
533218,EMAMIREAL   ,B ,Q,83.30,83.85,82.40,83.05,83.10,82.95,83,3460,287600.00,
533227,ASIAN HTL E ,B ,Q,116.50,116.50,113.75,113.75,114.00,114.30,7,408,46557.00,
533229,BAJAJCON    ,A ,Q,170.30,173.55,170.30,172.30,172.30,173.45,538,24949,4291733.00,
533230,HDFCMFGETF  ,E ,Q,50.25,50.48,50.17,50.33,50.30,50.15,108,20049,1009568.00,
533239,PRAKASHSTL  ,B ,Q,4.72,4.86,4.72,4.81,4.80,4.75,192,69145,332762.00,
533244,ICICIGOLD   ,E ,Q,50.09,50.89,50.09,50.23,50.22,49.99,195,24252,1222580.00,
533248,GPPL        ,A ,Q,95.30,95.30,93.60,94.20,94.05,94.25,366,22809,2143973.00,
533252,WELSPUN INV ,B ,Q,281.60,281.60,281.60,281.60,281.60,280.00,1,1,281.00,
533259,SASTASUNDR  ,B ,Q,284.85,286.45,279.65,283.60,286.20,288.25,74,2551,717557.00,
533260,CAREERP     ,B ,Q,128.95,130.15,127.00,127.20,127.20,129.00,42,264,33861.00,
533261,EROS MEDIA  ,B ,Q,26.00,26.10,25.00,25.15,25.15,25.80,292,32728,830980.00,
533262,RAMKY INFRA ,B ,Q,318.00,319.45,305.55,310.80,310.80,312.65,892,14572,4558701.00,
533263,GREENPOWER  ,B ,Q,10.73,11.29,10.56,11.15,11.15,10.77,2593,1693517,18417152.00,
533267,CANTABIL    ,B ,Q,1170.55,1204.00,1155.00,1188.30,1199.70,1167.85,213,768,900124.00,
533268,SEATV       ,X ,Q,4.40,4.40,4.40,4.40,4.40,4.58,2,112,492.00,
533269,VATECH WABA ,B ,Q,331.40,335.75,322.70,324.65,327.00,330.75,813,14201,4666658.00,
533270,BEDMUTHA IN ,B ,Q,63.45,63.45,61.15,61.30,61.30,63.15,47,1777,110349.00,
533271,ASHOKA      ,A ,Q,88.50,88.70,87.05,87.50,87.50,88.70,1216,105720,9258460.00,
533272,JWL         ,B ,Q,109.90,111.00,109.00,110.55,110.40,109.75,630,24397,2681449.00,
533273,OBEROI REAL ,A ,Q,828.30,832.40,817.95,826.00,826.00,829.30,1031,74158,61242518.00,
533274,PRESTIGE    ,A ,Q,440.05,441.00,433.15,435.40,435.40,440.40,713,8298,3624343.00,
533275,GYSCOAL     ,T ,Q,3.40,3.59,3.32,3.38,3.38,3.45,200,133037,456237.00,
533278,COAL INDIA  ,A ,Q,231.35,231.35,227.10,227.50,227.50,230.00,2583,150999,34519227.00,
533282,GRAVITA     ,A ,Q,467.10,503.00,467.10,497.95,497.95,461.30,4312,110007,54018467.00,
533284,RPP INFRA   ,B ,Q,47.45,48.00,45.90,46.40,46.00,47.60,445,31000,1454565.00,
533285,RDB REALTY  ,X ,Q,41.50,41.50,38.45,38.90,38.50,41.55,55,7310,289343.00,
533286,MOIL LTD    ,A ,Q,171.50,171.95,168.00,168.70,168.30,171.25,707,15024,2543797.00,
533287,ZEE LEARN   ,B ,Q,6.48,6.59,6.45,6.52,6.52,6.56,184,55244,361046.00,
533289,KESAR TERMI ,XT,Q,38.45,38.45,35.50,36.40,36.00,37.25,51,8923,325072.00,
533292,A2ZINFRA    ,B ,Q,9.47,9.62,9.37,9.47,9.52,9.47,148,19515,184813.00,
533293,KIRLOIL ENG ,A ,Q,333.25,333.25,311.50,314.10,313.80,329.70,1897,39390,12520946.00,
533294,RAVI KUMAR  ,B ,Q,17.25,17.45,17.00,17.35,17.35,17.15,15,1255,21733.00,
533295,PUNJABNSIND ,B ,Q,30.80,31.30,30.10,30.15,30.15,31.10,713,122997,3746858.00,
533296,FMNL        ,B ,Q,5.51,5.51,5.31,5.37,5.37,5.40,84,8527,45920.00,
533298,SURANASOL   ,B ,Q,22.05,22.35,21.75,22.15,22.00,22.30,87,6212,136826.00,
533302,KALYANI INV ,B ,Q,1928.00,1989.95,1928.00,1983.50,1985.00,1958.10,115,798,1573245.00,
533303,BF INVEST   ,B ,Q,340.45,340.85,335.00,340.85,340.85,340.65,23,10028,3417527.00,
533306,SUMMIT SECU ,B ,Q,633.60,636.00,629.25,636.00,636.00,633.65,13,71,44987.00,
533315,INNO INVEST ,X ,Q,22.95,23.00,21.25,22.55,22.65,21.65,57,9721,218429.00,
533316,STEL        ,B ,Q,150.95,154.50,150.50,154.00,154.00,149.80,55,2194,333961.00,
533317,OMKAR SPC   ,Z ,Q,13.90,13.90,13.10,13.30,13.55,13.55,59,11743,157771.00,
533320,JUBILNT IND ,B ,Q,402.35,402.35,398.00,402.15,402.15,398.45,8,50,19980.00,
533326,TEXMACO RAIL,A ,Q,59.90,60.05,57.70,58.00,58.00,60.20,2201,228302,13378447.00,
533329,IND TERRAIN ,B ,Q,74.10,76.70,72.00,72.50,72.50,75.55,717,32768,2436440.00,
533333,FINEOTEX  CH,A ,Q,238.00,239.40,232.85,234.20,234.20,237.55,1274,44752,10574060.00,
533336,DHUNINV     ,B ,Q,742.95,749.00,715.15,733.65,741.25,743.75,248,1359,988697.00,
533339,ZEN TECH    ,B ,Q,195.85,197.95,192.75,195.75,195.00,192.60,1191,31811,6217152.00,
533343,LOVABLE     ,B ,Q,133.50,134.90,131.90,133.40,133.40,132.70,166,4092,544851.00,
533344,PTCFIN SER  ,B ,Q,18.15,18.20,17.45,17.70,17.70,18.00,809,183403,3278190.00,
533385,MON100      ,E ,Q,93.52,94.08,93.12,93.97,93.97,92.10,1946,444736,41732538.00,
533398,MUTHOOT FIN ,A ,Q,1061.10,1066.80,1053.05,1058.40,1057.50,1058.60,960,9157,9717788.00,
533400,FCONSUMER   ,B ,Q,1.33,1.35,1.26,1.29,1.29,1.32,1326,5974411,7685319.00,
533407,CIL NOVA    ,XT,Q,24.40,24.40,23.50,24.00,24.00,24.40,51,13111,312897.00,
533408,BSLGOLDETF  ,E ,Q,51.25,51.90,51.25,51.76,51.76,51.21,22,350,17992.00,
533427,VMS INDUSTR ,X ,Q,18.15,19.25,18.00,18.45,18.45,18.70,49,5805,106866.00,
533451,KARMA ENERG ,B ,Q,28.15,28.65,28.05,28.45,28.15,28.20,56,1148,32394.00,
533452,DELPHIFX    ,B ,Q,368.30,372.60,358.05,367.40,369.55,370.50,27,127,46526.00,
533470,RUSHIL DECOR,B ,Q,409.80,412.40,404.25,406.70,404.70,403.55,174,2194,892778.00,
533477,ENKEI WHEEL ,X ,Q,572.00,572.00,556.10,564.90,564.90,556.10,3,43,24280.00,
533482,KRIINFRA    ,B ,Q,3.35,3.41,3.29,3.36,3.36,3.38,24,4914,16411.00,
533506,INVENTURE   ,B ,Q,2.59,2.59,2.52,2.53,2.54,2.54,192,438165,1115941.00,
533519,LNT FH      ,A ,Q,93.45,94.15,88.65,90.50,90.50,93.55,8124,1401978,127106468.00,
533520,YAARI       ,B ,Q,18.60,18.60,17.90,18.05,18.05,18.35,309,44872,817718.00,
533540,TREE HOUSE  ,B ,Q,17.55,17.95,17.45,17.95,17.95,17.10,44,5558,98646.00,
533543,BROOKS LABS ,B ,Q,107.55,107.55,102.10,103.20,102.10,105.85,103,4272,448221.00,
533552,RUPA & CO   ,A ,Q,279.20,280.45,275.65,276.40,276.60,277.85,362,3881,1078413.00,
533553,TD POWER    ,B ,Q,132.20,137.00,132.20,134.90,137.00,134.35,1522,133572,17937298.00,
533570,AXISGOLD    ,E ,Q,48.84,49.00,48.77,48.88,48.85,48.75,181,20225,988900.00,
533573,ALEM PHARMA ,A ,Q,558.75,559.70,550.15,551.10,550.15,559.15,192,870,483026.00,
533576,VASWANI IND ,B ,Q,24.20,24.30,22.75,23.00,22.95,24.15,239,28179,661696.00,
533581,PG ELECTRO  ,A ,Q,1141.35,1228.00,1130.00,1212.30,1215.00,1139.60,1347,8047,9571288.00,
533602,LESHAIND    ,X ,Q,5.65,5.65,5.53,5.56,5.56,5.56,603,208543,1162753.00,
533605,SETUINFRA   ,T ,Q,1.55,1.55,1.50,1.55,1.55,1.53,15,13379,20181.00,
533608,RDB RASAYAN ,X ,Q,105.50,106.60,103.00,104.30,105.00,104.50,186,12067,1263182.00,
533629,TIJARIA PPL ,T ,Q,7.80,8.00,7.61,8.00,8.00,7.86,16,5719,44154.00,
533632,ONELIFE CAP ,B ,Q,14.80,15.12,14.80,15.03,15.03,14.98,26,1565,23407.00,
533638,FLEXITUFF   ,T ,Q,30.25,31.75,28.95,31.25,31.25,30.40,17,1502,45923.00,
533644,UJAAS       ,T ,Q,2.73,2.85,2.71,2.79,2.80,2.75,127,72013,199516.00,
533655,TRIVENITURB ,A ,Q,283.95,283.95,269.50,276.10,276.10,274.20,1739,38786,10638374.00,
533676,INDO THAI   ,T ,Q,378.25,378.25,378.25,378.25,378.25,360.25,52,3971,1502030.00,
533704,ESSAR SHIP  ,B ,Q,9.20,9.20,8.70,8.79,8.82,8.87,179,48887,434403.00,
533719,IDBIGOLD    ,E ,Q,5225.00,5274.00,5225.00,5250.86,5226.00,5191.00,11,15,78679.00,
533758,APL APOLLO  ,A ,Q,1179.95,1182.75,1151.80,1156.00,1151.80,1164.20,1877,19332,22541112.00,
533761,GPT INFRA   ,B ,Q,61.00,61.00,57.65,58.10,58.55,59.35,830,52109,3121081.00,
533896,FERVENTSYN  ,X ,Q,15.53,16.00,13.38,15.11,15.10,15.74,55,5366,79420.00,
533941,TSIL        ,T ,Q,43.15,45.95,43.15,45.00,45.00,44.85,10,749,33656.00,
533982,TERASOFTWARE,B ,Q,42.05,44.00,41.55,43.05,43.10,41.90,92,3124,134991.00,
534060,PMCFIN      ,X ,Q,2.37,2.43,2.37,2.40,2.41,2.39,588,290758,696618.00,
534064,AIML        ,X ,Q,33.85,34.70,32.50,33.30,33.40,33.15,101,5441,179907.00,
534076,RHIM        ,A ,Q,849.05,869.75,849.05,862.35,862.35,854.70,846,5860,5050082.00,
534091,MCX LTD     ,A ,Q,1551.55,1574.10,1549.65,1563.55,1568.40,1562.90,917,11970,18726264.00,
534139,SCHNEIDER   ,A ,Q,190.80,194.35,187.75,188.35,188.35,191.80,471,13014,2477277.00,
534190,OLYMPIC     ,X ,Q,3.10,3.30,3.10,3.15,3.15,3.26,5,441,1430.00,
534309,NBCC        ,A ,Q,37.90,38.95,37.65,38.05,38.05,37.55,3466,938914,35963774.00,
534312,MT EDUCARE  ,T ,Q,6.25,6.50,6.21,6.33,6.33,6.41,96,33452,210543.00,
534328,HEXATRADEX  ,B ,Q,156.90,157.65,153.10,153.10,153.10,157.95,108,2143,334858.00,
534338,MAXHEIGHTS  ,XT,Q,87.55,87.55,83.10,86.05,85.80,84.70,93,4968,424965.00,
534369,TBZ LTD     ,B ,Q,76.10,77.10,75.45,76.85,76.95,77.10,179,5579,425645.00,
534392,VSSL        ,B ,Q,328.80,331.40,319.25,326.85,329.00,332.35,2206,60491,19570818.00,
534422,LOOKS       ,X ,Q,7.20,7.20,6.92,6.92,6.92,6.92,26,1035,7250.00,
534425,SPECIALITY R,B ,Q,277.00,277.00,259.90,261.15,261.15,270.25,981,25424,6721142.00,
534532,LYPSA GEMS  ,B ,Q,5.49,5.77,5.49,5.59,5.53,5.77,21,2799,15690.00,
534563,MAX ALERT   ,MT,Q,2.68,2.68,2.68,2.68,2.68,2.82,3,2400,6432.00,
534597,RTNINDIA    ,A ,Q,46.20,46.75,44.50,44.85,44.85,45.65,1289,147600,6746474.00,
534598,SEPOWER     ,B ,Q,16.05,16.95,16.05,16.50,16.40,16.15,43,4165,69024.00,
534600,JTLIND      ,B ,Q,351.60,352.55,343.20,349.25,349.30,351.60,823,27813,9705693.00,
534612,AMTL        ,X ,Q,18.30,18.30,18.00,18.00,18.25,18.00,12,1224,22268.00,
534615,NECC LTD    ,B ,Q,24.75,24.75,23.75,24.05,24.15,24.60,132,9617,232367.00,
534618,WAAREERTL   ,X ,Q,489.95,493.30,476.00,479.65,479.65,478.50,225,9215,4438333.00,
534623,JUPITER INFO,X ,Q,18.60,19.05,18.00,18.10,18.10,18.55,68,11712,212967.00,
534639,VINAYAK POL ,X ,Q,19.70,19.70,18.80,18.80,18.80,18.80,3,20,385.00,
534674,DUCON       ,T ,Q,10.91,11.45,10.51,11.18,11.18,10.91,540,381374,4193769.00,
534675,PROZONINTU  ,B ,Q,32.35,32.35,29.30,29.80,29.75,30.95,591,78479,2352244.00,
534680,SRG HFL     ,X ,Q,221.00,221.00,206.85,210.10,206.85,212.90,11,781,163143.00,
534691,COMFORT COM ,XT,Q,17.10,18.50,17.10,18.20,18.50,18.00,58,11257,200023.00,
534732,CASPIAN     ,XT,Q,25.26,27.00,25.26,25.27,25.50,26.58,368,217492,5524727.00,
534733,SUPREMEX    ,X ,Q,4.79,4.79,4.48,4.73,4.73,4.70,54,43064,199018.00,
534741,VIRTUAL GLO ,X ,Q,1.24,1.30,1.20,1.30,1.30,1.24,673,1413645,1823435.00,
534742,ZUARI AGRO  ,B ,Q,148.90,149.40,147.00,147.85,147.00,147.50,175,2347,348552.00,
534748,STEEL EXCH  ,A ,Q,15.49,15.65,15.19,15.38,15.38,14.91,618,335107,5157231.00,
534755,TRIO MERCAN ,X ,Q,1.03,1.03,1.00,1.00,1.00,1.00,52,87851,88784.00,
534758,CIGNITI TECH,B ,Q,593.45,595.30,576.85,578.90,579.10,580.35,507,8309,4842136.00,
534796,CDG         ,X ,Q,15.20,15.20,14.45,14.45,14.45,15.20,7,145,2096.00,
534804,CARERATING  ,B ,Q,652.25,656.20,635.45,644.45,642.70,644.75,468,4712,3049771.00,
534809,PC JEWELLER ,B ,Q,61.85,61.85,61.85,61.85,61.85,65.10,240,35369,2187572.00,
534816,INDUSTOWER  ,A ,Q,174.55,174.55,169.05,170.50,170.50,172.75,2233,87770,15048048.00,
534976,VMART       ,A ,Q,2798.95,2798.95,2737.35,2739.05,2742.85,2765.60,340,1187,3263987.00,
535136,NIBE        ,X ,Q,552.20,552.20,499.70,551.15,551.15,525.95,1630,103475,56582445.00,
535204,MUKTA       ,X ,Q,5.05,5.05,4.95,5.00,4.95,5.04,59,6913,34506.00,
535205,MYSTICELE   ,X ,Q,5.60,5.68,5.41,5.50,5.50,5.58,27,9020,50204.00,
535267,COM FINCAP  ,X ,Q,103.50,104.35,100.20,100.85,100.25,101.45,145,29175,2993633.00,
535276,SBISENSEX   ,A ,Q,652.12,655.51,650.12,651.93,651.98,652.48,84,696,453583.00,
535322,REPCO HOME  ,B ,Q,241.10,241.10,233.60,236.65,237.50,233.25,1524,28134,6633877.00,
535431,GCM SECU    ,B ,Q,2.89,2.89,2.77,2.79,2.82,2.76,92,68046,192196.00,
535458,NRB IND BEA ,B ,Q,20.55,20.55,19.65,19.70,19.70,20.25,77,1544,30707.00,
535566,KIFS FSL    ,X ,Q,119.30,119.30,114.30,114.65,116.60,114.20,13,107,12272.00,
535601,SREELEATHER ,B ,Q,210.95,210.95,199.00,207.50,207.50,203.95,192,1811,366860.00,
535602,SHARDA MOTOR,B ,Q,737.30,749.95,723.30,744.00,748.25,734.00,129,773,565496.00,
535620,BINNY MILLS ,X ,Q,98.00,100.80,98.00,100.80,100.80,96.70,4,60,6006.00,
535621,SV GLOBAL   ,X ,Q,56.45,56.45,49.00,49.15,49.10,48.15,23,2235,113286.00,
535648,JUSTDIAL    ,A ,Q,653.95,653.95,632.30,635.40,636.00,645.90,1303,16314,10438340.00,
535657,OONE        ,X ,Q,14.00,14.90,13.55,14.90,14.90,14.20,48,21333,311915.00,
535667,IFINSEC     ,X ,Q,39.65,43.00,39.65,43.00,43.00,41.70,9,269,10722.00,
535693,BRAHM INFRA ,X ,Q,31.00,31.00,28.60,29.60,29.20,30.35,21,1448,43417.00,
535719,QUEST SOFTEC,X ,Q,63.35,63.35,63.35,63.35,63.35,60.35,39,6598,417983.00,
535730,KHOOBSURAT  ,X ,Q,1.79,1.80,1.76,1.78,1.78,1.77,610,214216,381134.00,
535754,ORIENT CEM  ,A ,Q,128.05,130.75,125.15,125.70,125.70,129.10,1634,68856,8786960.00,
535755,ABFRL       ,A ,Q,262.95,264.00,259.25,260.75,260.00,261.00,631,18020,4701505.00,
535789,IBUL HSG FIN,A ,Q,135.50,136.45,129.50,130.10,130.10,135.30,10175,965535,127001951.00,
535910,MMLF        ,M ,Q,11.90,13.20,11.90,13.20,13.20,11.00,2,20000,251000.00,
535958,ESSENTIA    ,T ,Q,8.50,8.80,8.31,8.64,8.63,8.40,358,193384,1664756.00,
536264,TIGER LOGS  ,X ,Q,439.95,455.00,438.00,448.80,446.50,440.50,514,45664,20582316.00,
536493,JKAGRI GEN  ,X ,Q,473.90,475.00,461.00,465.50,461.00,461.10,34,618,289594.00,
536507,FUTLIF FAS  ,T ,Q,8.44,8.49,7.84,8.49,8.49,8.09,733,336430,2794859.00,
536565,TRIMURTHI   ,X ,Q,9.93,10.00,9.93,10.00,10.00,10.45,3,736,7309.00,
536659,PVVINFRA    ,X ,Q,14.00,14.20,13.60,14.05,14.00,13.75,86,7069,98410.00,
536672,VCU DATA    ,X ,Q,8.84,8.84,8.22,8.34,8.30,8.51,300,75851,633386.00,
536709,INDRENEW    ,X ,Q,11.40,11.40,10.89,10.89,10.89,11.44,12,3403,37169.00,
536710,SRGSFL      ,M ,Q,15.00,18.00,15.00,18.00,18.00,18.70,3,9000,152850.00,
536773,JIN POLY INV,B ,Q,490.05,492.05,477.85,481.50,479.10,489.30,164,1577,767950.00,
536846,YURANUS INFR,X ,Q,6.65,6.65,6.41,6.64,6.64,6.35,15,14127,93439.00,
536868,INTEGRA TELE,X ,Q,16.30,16.30,15.50,15.60,16.00,15.95,113,16567,259991.00,
536960,MOM100      ,B ,Q,32.75,33.22,32.75,33.08,33.08,33.13,127,8758,288587.00,
536965,BP CAPITAL  ,XT,Q,5.95,5.95,5.95,5.95,5.95,5.67,1,3,17.00,
536974,CAPTAIN POLY,X ,Q,19.50,21.50,19.10,20.50,21.00,18.95,1059,438699,8951708.00,
537007,ICICINIFTY  ,B ,Q,197.25,197.99,196.96,197.14,197.14,197.21,155,12853,2537997.00,
537008,ICICINF100  ,B ,Q,194.80,200.44,194.80,199.60,199.60,199.58,18,331,66162.00,
537069,ARNOLD HOLD ,X ,Q,28.95,29.55,28.65,29.55,29.55,28.15,211,198635,5857859.00,
537253,SUNIL HEALTH,X ,Q,82.90,84.75,81.60,82.20,82.00,82.55,32,2402,198500.00,
537254,RCI IND     ,XT,Q,5.40,5.65,5.40,5.57,5.56,5.40,10,722,4013.00,
537259,SUYOG TELE  ,X ,Q,424.90,424.90,390.10,399.80,400.00,399.65,135,2129,849757.00,
537291,NATH BIOGEN ,B ,Q,161.65,163.20,161.05,161.05,161.05,160.15,13,90,14568.00,
537292,AGRI TECH   ,B ,Q,113.00,113.00,103.20,105.25,104.80,111.50,175,3213,342510.00,
537326,CHEMTECH IND,B ,Q,15.75,16.40,14.90,16.35,16.40,15.65,12,1763,27548.00,
537392,TAAZAINT    ,X ,Q,19.15,19.20,17.90,19.15,19.15,18.40,30,108496,2058665.00,
537483,NIF100BEES  ,B ,Q,193.80,193.80,188.25,189.29,188.25,190.19,125,1409,266663.00,
537524,VIAANINDUS  ,Z ,Q,0.78,0.80,0.77,0.78,0.77,0.79,69,58154,45384.00,
537536,DENIS CHEM  ,X ,Q,95.80,95.80,91.20,92.10,92.00,92.50,41,1490,137396.00,
537573,POLYMAC     ,M ,Q,34.20,34.40,34.20,34.30,34.30,34.30,11,14400,493880.00,
537582,UNISHIRE    ,M ,Q,2.00,2.17,1.99,2.08,2.17,2.09,11,130000,260900.00,
537707,ETT LTD     ,X ,Q,57.10,57.10,52.05,56.80,56.80,54.40,957,397328,22531644.00,
537708,KOTAKNIFTY  ,B ,Q,193.37,193.70,192.56,192.56,192.56,193.01,31,805,155722.00,
537709,HANSUGAR    ,X ,Q,6.16,6.16,5.86,5.97,5.97,5.93,99,30211,182227.00,
537750,KIRAN VYPAR ,X ,Q,140.00,144.45,140.00,143.55,144.45,143.75,40,2598,369675.00,
537766,BCP LTD     ,B ,Q,4.80,4.85,4.71,4.78,4.80,4.80,77,14777,70414.00,
537785,RACE        ,M ,Q,207.90,207.90,204.75,204.75,204.75,206.85,2,1250,257906.00,
537800,MANGALAM IND,X ,Q,3.60,3.60,3.40,3.42,3.42,3.55,1271,1001553,3489065.00,
537820,VFL         ,T ,Q,3.07,3.15,2.92,3.10,3.10,3.07,122,24761,74167.00,
537839,PHOENIX TN  ,XT,Q,54.25,57.80,53.20,53.40,54.80,55.95,18,5310,285601.00,
537985,INFRONICS SY,X ,Q,42.00,44.35,41.60,42.40,44.00,42.25,13,1861,79038.00,
538057,CPSE ETF    ,A ,Q,39.13,39.33,38.80,38.86,38.96,39.13,520,69697,2722239.00,
538081,HARIA APL   ,X ,Q,4.94,4.94,4.62,4.87,4.87,4.83,44,10565,50355.00,
538092,VASUPRADA   ,X ,Q,76.00,84.70,73.15,81.30,83.30,83.80,29,382,30675.00,
538119,RNB DENIMS  ,B ,Q,34.25,34.65,33.25,33.90,33.90,34.30,740,198972,6770590.00,
538180,GOLD LINE   ,Z ,Q,0.62,0.64,0.61,0.62,0.62,0.63,840,1140068,709699.00,
538212,SHARP INV   ,X ,Q,1.55,1.55,1.44,1.47,1.47,1.54,597,639473,957362.00,
538268,WONDERLA    ,B ,Q,349.30,354.45,348.00,350.75,350.75,349.10,373,2531,887936.00,
538273,RESPONS INF ,XT,Q,39.05,42.90,39.05,42.90,42.90,41.05,11,3048,119613.00,
538319,GCM CAPI    ,M ,Q,7.77,7.83,7.50,7.83,7.83,7.12,46,67000,521710.00,
538351,AFEL        ,X ,Q,16.55,16.95,16.00,16.20,16.40,16.80,235,63956,1032151.00,
538365,INCREDIBLE  ,T ,Q,22.65,23.50,22.60,22.85,22.80,23.35,45,8230,189510.00,
538382,WEST LEIRES ,XT,Q,749.00,785.70,747.25,748.00,748.00,786.55,30,219,165369.00,
538395,NAM SEC     ,XT,Q,67.00,67.00,67.00,67.00,67.00,70.50,7,920,61640.00,
538401,MAESTROS ELE,X ,Q,64.50,64.50,61.20,62.65,62.65,63.00,7,196,12035.00,
538402,SPS         ,T ,Q,78.00,78.00,78.00,78.00,78.00,78.00,3,3,234.00,
538446,MONEYBOXX   ,B ,Q,160.00,166.95,160.00,164.95,164.95,164.95,50,26005,4289341.00,
538451,WORTH INV   ,X ,Q,38.10,38.10,38.10,38.10,38.10,38.10,1,1,38.00,
538464,TPROJECT    ,X ,Q,2.70,2.71,2.42,2.71,2.71,2.47,24,13434,36235.00,
538476,CTL         ,XT,Q,25.00,25.20,23.95,24.50,25.20,25.15,139,50069,1216313.00,
538496,TARINI      ,M ,Q,4.93,4.98,4.93,4.98,4.98,4.75,13,66000,328350.00,
538521,YAANENT     ,X ,Q,16.15,20.25,16.15,20.25,20.25,20.15,15,14399,288722.00,
538539,JTAPARIA    ,X ,Q,4.90,5.40,4.90,5.40,5.40,5.15,21,4950,26066.00,
538540,RLFL        ,X ,Q,1.20,1.20,1.13,1.16,1.14,1.16,106,79972,91861.00,
538542,GOLDCOINHF  ,X ,Q,6.41,6.41,6.41,6.41,6.41,6.90,2,101,647.00,
538546,BANSAL ROOF ,B ,Q,64.10,67.95,64.10,67.25,67.30,65.20,71,2975,200013.00,
538562,SKIPPER     ,B ,Q,116.30,116.75,113.35,113.95,113.85,115.85,292,9063,1040611.00,
538564,JAMESWARREN ,X ,Q,270.00,270.00,265.00,265.00,265.00,272.10,7,491,130300.00,
538565,VISTARAMAR  ,X ,Q,377.00,397.00,365.05,389.35,390.90,372.70,743,30532,11820791.00,
538567,GULFOIL LUB ,B ,Q,423.80,432.35,423.05,430.10,428.50,420.40,260,2116,903935.00,
538568,FRUTION     ,XT,Q,47.90,47.90,45.55,47.65,47.65,47.90,11,286,13114.00,
538569,TRIVENI ENT ,X ,Q,2.45,2.49,2.39,2.45,2.47,2.44,162,77775,189043.00,
538596,QUANTBUILD  ,X ,Q,3.88,3.88,3.70,3.70,3.70,3.88,6,1330,4926.00,
538597,TTIENT      ,X ,Q,14.00,14.45,13.81,14.10,13.93,14.09,72,21800,307396.00,
538598,VISHAL      ,B ,Q,20.30,20.45,19.65,20.05,20.05,20.30,285,26688,537495.00,
538607,TOYAMSL     ,X ,Q,16.50,17.15,16.15,16.20,16.20,17.00,744,1637826,26935128.00,
538610,UNISON      ,X ,Q,22.50,23.20,22.00,23.10,22.85,21.80,160,33068,753816.00,
538611,RTFL        ,Z ,Q,32.25,32.25,30.50,32.25,32.25,30.80,15,946,30418.00,
538634,VRL         ,XT,Q,141.00,148.10,141.00,148.10,148.10,141.05,91,5544,815949.00,
538635,SNOWMAN     ,B ,Q,37.75,39.80,37.05,38.90,38.90,37.35,2115,277798,10722710.00,
538646,QGO         ,X ,Q,43.50,46.90,43.50,46.70,46.70,44.10,40,17743,816810.00,
538647,PURSHOTTAM  ,X ,Q,16.11,16.11,16.11,16.11,16.11,15.35,1,5,80.00,
538666,SHARDACROP  ,A ,Q,490.00,507.40,482.95,489.10,489.10,486.85,1374,18550,9158320.00,
538668,NAYSAA      ,M ,Q,86.00,86.00,86.00,86.00,86.00,85.00,1,2500,215000.00,
538674,CITYONLINE  ,Z ,Q,6.01,6.01,6.00,6.01,6.01,5.73,4,91,546.00,
538683,SENSEXBEES  ,A ,Q,675.00,675.00,668.10,670.00,670.00,669.59,51,380,255075.00,
538685,SHEMAROO    ,B ,Q,135.80,138.90,132.00,133.75,134.50,136.20,442,13918,1890096.00,
538706,ULTRACAB    ,X ,Q,27.60,27.60,26.60,26.80,26.70,26.75,229,68780,1865172.00,
538708,ETIL        ,X ,Q,9.21,9.66,8.75,9.00,8.85,9.21,55,14449,132452.00,
538713,ATISHAY     ,X ,Q,32.00,32.90,30.60,31.50,31.50,32.30,34,2611,82545.00,
538714,SUCHITRA    ,X ,Q,54.05,54.10,54.05,54.10,54.10,51.55,6,451,24382.00,
538715,DHABRIYA    ,X ,Q,124.00,127.80,122.10,124.65,124.65,124.00,38,1793,223543.00,
538730,PDSL        ,B ,Q,337.65,340.05,332.90,337.65,338.30,335.10,176,1744,588736.00,
538731,HANMAN      ,M ,Q,3.00,3.00,3.00,3.00,3.00,3.65,1,4200,12600.00,
538732,VGCL        ,B ,Q,51.45,52.35,50.25,51.95,52.15,51.75,10,171,8649.00,
538733,STARLIT     ,B ,Q,7.10,7.61,7.00,7.00,7.00,7.76,34,6745,47919.00,
538734,CEINSYSTECH ,B ,Q,157.85,157.85,131.95,148.05,148.00,156.05,58,1584,231673.00,
538765,JSHL        ,M ,Q,4.04,4.04,4.04,4.04,4.04,4.25,1,5000,20200.00,
538770,CRANE INFRA ,X ,Q,14.50,14.60,13.50,13.97,13.97,14.34,70,12969,182093.00,
538772,NIYOGIN     ,X ,Q,36.95,37.95,35.15,35.90,35.80,36.30,90,17553,640473.00,
538778,AKASHDEEP   ,X ,Q,86.00,89.00,85.05,86.75,86.75,87.20,99,9971,861887.00,
538787,GBFL        ,X ,Q,7.75,7.75,7.39,7.62,7.71,7.52,73,12576,95324.00,
538788,GILADAFINS  ,XT,Q,15.70,16.30,15.70,15.70,15.70,16.00,96,3874,61240.00,
538794,JETINFRA    ,M ,Q,70.00,70.00,70.00,70.00,70.00,69.50,1,2000,140000.00,
538812,AANCHALISP  ,XT,Q,16.65,16.95,16.10,16.30,16.25,16.70,40,12961,212644.00,
538817,CAPPIPES    ,M ,Q,699.40,699.40,639.00,639.00,639.00,639.00,3,1500,1013700.00,
538833,ANUBHAV     ,X ,Q,11.99,11.99,11.99,11.99,11.99,11.42,15,4002,47983.00,
538834,JMJFIN      ,X ,Q,21.15,22.45,20.80,21.45,21.40,21.40,38,2717,58546.00,
538835,INTELLECT   ,A ,Q,433.85,436.60,424.00,426.70,425.65,429.15,1518,27478,11813639.00,
538836,MONTECARLO  ,B ,Q,649.05,654.70,638.90,645.00,645.00,645.45,228,670,432796.00,
538837,JSTL        ,X ,Q,55.50,58.40,54.05,56.20,56.45,55.70,111,52716,2990915.00,
538838,ICL         ,XT,Q,60.05,62.85,59.60,59.60,59.60,62.70,18,764,46551.00,
538857,SCC         ,XT,Q,4.75,5.00,4.75,4.80,4.80,5.00,8,475,2314.00,
538860,PANAFIC     ,X ,Q,1.23,1.32,1.22,1.31,1.31,1.23,662,453028,579748.00,
538868,CSL         ,X ,Q,45.10,45.10,41.25,42.55,43.35,43.05,91,6018,263777.00,
538874,NEXUSSURGL  ,X ,Q,11.76,12.89,11.76,11.81,11.81,12.37,19,1003,11929.00,
538875,SELLWIN     ,X ,Q,16.65,16.80,15.65,16.25,16.25,16.35,48,37912,621046.00,
538881,GALADAFIN   ,XT,Q,13.11,13.77,13.09,13.77,13.77,13.77,21,10047,132331.00,
538882," EMERALD    ",X ,Q,32.60,32.90,31.55,32.15,32.10,31.90,67,35877,1148215.00,
538890,MKEXIM      ,X ,Q,90.00,90.00,86.80,87.50,87.50,88.65,110,9661,846012.00,
538891,MCLOUD      ,X ,Q,453.50,455.85,440.05,441.00,440.05,444.90,91,6771,3009924.00,
538894,OCTAL       ,X ,Q,25.50,27.80,25.50,27.80,27.80,25.30,49,2998,82161.00,
538896,KANCHI      ,X ,Q,475.00,475.90,455.70,464.95,465.00,467.75,117,1947,912035.00,
538902,DHUN TEAIND ,B ,Q,238.45,239.50,232.50,233.70,236.00,238.35,40,1238,291111.00,
538918,VANICOM     ,XT,Q,14.95,15.20,14.75,14.76,14.75,15.48,9,230,3429.00,
538920,VINCOFE     ,X ,Q,54.35,54.35,50.00,50.00,50.00,52.60,496,88487,4579543.00,
538921,RAFL        ,M ,Q,436.95,436.95,430.00,430.00,430.00,453.00,2,1250,541843.00,
538922,COSYN       ,X ,Q,20.85,20.85,19.85,19.90,19.90,20.40,35,2275,45960.00,
538923,SOFCOM      ,X ,Q,94.80,96.00,91.80,93.60,93.60,93.25,98,38065,3542811.00,
538928,KARNAVATI   ,XT,Q,163.10,168.80,155.20,159.95,157.00,162.85,82,2155,348801.00,
538942,MERCANTILE  ,X ,Q,19.60,19.60,18.50,18.55,18.55,19.30,32,4310,81502.00,
538943,SONAL       ,X ,Q,108.30,108.30,98.10,98.10,98.10,103.25,162,6164,615442.00,
538952,ALFL        ,X ,Q,2.08,2.08,1.90,2.00,2.00,2.00,27,13619,26538.00,
538961,GENUSPAPER  ,B ,Q,17.20,17.45,16.85,17.05,17.00,17.20,247,32769,557391.00,
538962,MINDACORP   ,A ,Q,225.85,226.55,218.50,219.25,219.00,224.40,610,18681,4136323.00,
538964,MERCURYLAB  ,XT,Q,811.00,832.00,783.90,790.00,790.00,799.25,23,389,310076.00,
538965,CONCORD     ,X ,Q,32.75,32.75,31.60,31.70,31.65,31.40,13,284,9027.00,
538970,WARDINMOBI  ,A ,Q,64.80,65.15,62.55,63.05,63.05,64.15,2104,137304,8771249.00,
538975,SHREESEC    ,XT,Q,23.20,23.20,21.85,22.30,22.20,22.90,272,108479,2457151.00,
538979,GRNLAM IND  ,B ,Q,317.25,331.15,317.20,327.45,330.00,319.40,190,1717,560360.00,
538987,TALBROSENG  ,X ,Q,554.00,564.50,544.90,549.30,546.10,544.90,108,3160,1755805.00,
539005,JAYATMA     ,XT,Q,53.35,53.35,53.35,53.35,53.35,56.15,2,101,5388.00,
539006,PTCIL       ,A ,Q,2580.25,2580.25,2486.00,2515.00,2525.00,2580.60,278,14429,36202834.00,
539011,CHENFERRO   ,X ,Q,219.00,234.00,209.00,223.85,223.85,208.40,1494,70509,15710368.00,
539012,MEGRISOFT   ,X ,Q,123.95,123.95,113.35,115.70,113.35,119.15,13,546,64165.00,
539013,GITARENEW   ,X ,Q,99.00,100.95,94.50,99.10,99.00,99.40,101,3125,307004.00,
539016,NEIL        ,X ,Q,8.25,8.66,7.95,7.95,7.95,8.25,7,507,4176.00,
539017,STARHFL     ,X ,Q,49.85,52.00,49.05,50.95,50.95,49.00,1231,530261,26911235.00,
539018,BEEKAY      ,X ,Q,437.00,439.90,433.60,438.75,439.00,435.75,36,511,223571.00,
539031,SETFBSE100  ,A ,Q,196.00,197.00,195.50,196.00,196.00,195.52,13,37,7255.00,
539032,FRASER      ,X ,Q,9.31,9.84,9.31,9.60,9.60,9.66,94,19046,182820.00,
539040,TTIL        ,XT,Q,24.75,24.75,24.75,24.75,24.75,23.60,52,13055,323111.00,
539041,SVPHOUSING  ,M ,Q,34.80,34.85,34.80,34.85,34.85,33.20,31,240000,8354625.00,
539042,AGIIL       ,B ,Q,493.00,500.00,490.05,498.25,498.25,492.90,44,645,319594.00,
539043,BKMINDST    ,Z ,Q,1.10,1.18,1.10,1.18,1.18,1.14,33,27846,32525.00,
539044,MANAKSTELTD ,B ,Q,47.95,48.30,45.25,46.15,46.00,48.45,836,72095,3363077.00,
539045,MNKALCOLTD  ,B ,Q,24.75,24.75,22.30,22.40,22.40,25.10,757,72270,1672859.00,
539046,MNKCMILTD   ,B ,Q,20.40,21.50,20.15,20.30,20.45,20.25,418,53429,1105128.00,
539056,IMAGICAA    ,B ,Q,35.30,36.10,34.50,35.95,36.00,35.55,681,45329,1610913.00,
539083,INOXWIND    ,B ,Q,106.30,107.30,104.60,105.90,106.30,106.25,915,87830,9275547.00,
539096,AANANDALAK  ,X ,Q,9.46,10.74,9.46,10.10,10.10,9.46,20,1955,19384.00,
539097,HKG         ,B ,Q,16.43,16.50,15.52,15.62,15.56,16.05,492,176134,2801926.00,
539098,FILTRA      ,M ,Q,60.50,60.50,57.65,57.65,57.65,57.65,7,21000,1261950.00,
539110,NORTHLINK   ,X ,Q,15.00,15.00,15.00,15.00,15.00,15.60,2,126,1890.00,
539111,SHESHAINDS  ,X ,Q,19.60,20.60,19.00,20.60,20.60,19.65,23,8712,179014.00,
539112,SAB         ,X ,Q,77.35,84.40,77.35,84.15,84.30,84.05,11,141,11805.00,
539113,PML         ,X ,Q,1386.30,1397.00,1376.00,1384.85,1385.00,1405.00,36,322,446800.00,
539115,ALAN SCOTT  ,XT,Q,62.40,62.40,59.50,60.20,61.00,60.50,54,11217,676050.00,
539117,SUJALA      ,X ,Q,19.10,19.10,18.00,18.00,18.00,20.00,18,3725,68148.00,
539118,VRLLOG      ,A ,Q,556.30,561.20,551.10,552.90,554.30,556.30,383,2743,1519643.00,
539121,PALCO       ,X ,Q,87.15,87.15,78.85,80.25,78.85,83.00,38,2237,188896.00,
539122,BODHTREE    ,X ,Q,15.25,15.90,15.18,15.78,15.90,15.32,46,7994,125582.00,
539123,VBIND       ,X ,Q,6.19,6.19,5.61,5.61,5.61,5.90,14,8925,52302.00,
539124,SARVOTTAM   ,XT,Q,47.85,47.85,47.85,47.85,47.85,50.35,24,634,30336.00,
539126,MEP         ,B ,Q,17.05,17.20,16.55,16.75,16.70,16.95,247,54113,911292.00,
539132,WARDWIZFBL  ,X ,Q,42.75,43.00,41.60,42.65,42.60,42.30,36,1152,48461.00,
539141,UFO         ,B ,Q,87.95,87.95,86.50,87.15,86.50,87.15,63,1903,165853.00,
539143,PANTH       ,X ,Q,9.73,10.08,9.51,9.75,9.70,9.82,340,45699,446183.00,
539148,SHIVALIK    ,B ,Q,725.00,725.00,702.05,710.10,708.80,723.75,107,505,360024.00,
539149,ICSL        ,X ,Q,4.08,4.08,3.51,3.77,3.77,3.77,32,9275,34940.00,
539150,PNCINFRA    ,A ,Q,327.85,329.15,317.00,318.55,318.85,323.70,613,12147,3921393.00,
539151,ARFIN       ,X ,Q,24.65,24.70,22.95,24.15,24.15,23.95,113,17327,409844.00,
539174,HELPAGE     ,X ,Q,10.05,10.05,10.05,10.05,10.05,10.05,1,9,90.00,
539176,HAWAENG     ,XT,Q,65.90,66.50,61.00,66.40,66.40,63.80,11,346,22419.00,
539177,AIIL        ,B ,Q,214.65,214.65,206.20,207.15,207.15,210.00,189,4253,887757.00,
539190,DFL         ,XT,Q,80.85,80.85,80.85,80.85,80.85,82.50,9,201,16250.00,
539195,POEL        ,X ,Q,146.45,146.45,141.20,141.90,141.20,143.85,70,5112,732531.00,
539196,AEL         ,X ,Q,47.00,54.90,46.80,54.25,54.25,47.55,611,129786,6757509.00,
539199,SGFIN       ,XT,Q,510.00,519.95,490.10,498.80,498.80,513.50,328,37643,18910862.00,
539201,SATIA       ,B ,Q,128.25,128.25,125.95,126.35,126.40,126.10,354,11008,1391101.00,
539216,GARMNTMNTR  ,B ,Q,5.45,5.45,5.14,5.31,5.31,5.21,92,21981,116445.00,
539217,SRESTHA     ,X ,Q,1.14,1.15,1.12,1.13,1.14,1.14,92,33179,37420.00,
539218,SAUMYA      ,X ,Q,86.00,93.85,81.00,87.00,87.00,86.00,19,1000,86171.00,
539219,MUL         ,XT,Q,6.29,6.29,5.97,5.97,5.97,6.28,149,832258,5024147.00,
539220,MISHKA      ,XT,Q,37.80,39.55,37.80,39.55,39.55,37.80,2,13,508.00,
539221,SPORTKING   ,A ,Q,776.00,780.95,745.00,748.30,745.55,792.05,1142,11011,8400318.00,
539222,GROWINGTON  ,M ,Q,66.00,66.30,65.30,66.05,66.30,66.30,17,52500,3455375.00,
539223,AMBITION    ,X ,Q,4.99,4.99,4.99,4.99,4.99,4.99,8,593,2959.00,
539226,RUDRA       ,B ,Q,86.80,86.90,81.15,83.05,85.00,83.65,135,6384,530606.00,
539227,LOYAL       ,B ,Q,71.75,78.00,71.75,75.30,75.30,71.80,530,52214,3945220.00,
539228,GGPL        ,XT,Q,10.39,10.39,10.39,10.39,10.39,10.60,134,11511,119599.00,
539251,BALKRISHNA  ,T ,Q,35.55,37.45,35.35,35.35,35.35,37.20,49,9970,354555.00,
539252,SCFL        ,B ,Q,20.30,20.60,19.90,20.05,20.05,20.25,430,43301,872792.00,
539254,ADANITRANS  ,A ,Q,2784.10,2798.45,2728.45,2756.15,2756.15,2782.35,1224,7823,21705678.00,
539255,STARDELTA   ,X ,Q,133.00,138.00,133.00,137.95,137.95,131.00,37,8512,1166349.00,
539267,SAMSRITA    ,X ,Q,28.40,28.40,26.30,26.85,28.00,27.80,38,4031,109564.00,
539268,SYNGENE     ,A ,Q,609.95,609.95,577.00,580.65,580.65,604.20,1833,21710,12827706.00,
539273,PECOS       ,M ,Q,96.15,96.15,96.10,96.10,96.10,101.00,3,3000,288400.00,
539275,MSL         ,B ,Q,220.05,220.05,220.05,220.05,220.05,209.60,41,3887,855334.00,
539276,KAYA        ,B ,Q,303.45,305.90,300.65,300.80,301.80,301.70,60,622,188930.00,
539277,ALSTONE     ,X ,Q,1.56,1.63,1.56,1.56,1.56,1.64,3882,13284337,20735861.00,
539278,SYMBIOX     ,X ,Q,6.34,6.79,6.15,6.79,6.79,6.47,823,768984,5053884.00,
539287,ORTINLAABS  ,B ,Q,26.25,26.90,24.60,24.80,24.60,26.50,441,30061,765135.00,
539288,AVI         ,X ,Q,17.60,18.00,17.60,17.85,17.85,17.85,47,3401,60408.00,
539289,AURUM       ,B ,Q,121.00,125.20,120.35,122.90,123.00,122.65,394,12163,1485730.00,
539290,BINDALAGRO  ,B ,Q,26.05,28.50,25.95,27.20,27.20,25.85,819,117480,3226124.00,
539291,OZONEWORLD  ,X ,Q,7.10,7.10,7.00,7.00,7.00,7.10,10,776,5490.00,
539300,AKSPINTEX   ,X ,Q,89.00,89.00,83.55,85.35,83.95,87.10,97,5920,510933.00,
539301,ARVSMART    ,B ,Q,297.40,301.60,288.35,291.80,291.65,302.60,959,15200,4461451.00,
539302,POWERMECH   ,B ,Q,2175.05,2200.00,2133.05,2137.45,2138.25,2185.35,702,1976,4278571.00,
539304,CANOPYFIN   ,XT,Q,63.40,63.50,58.30,63.20,63.20,60.50,57,6977,439983.00,
539309,RAMASTEEL   ,B ,Q,39.50,39.60,37.50,37.90,37.85,39.30,844,196500,7467340.00,
539310,THINKINK    ,B ,Q,81.90,84.00,81.85,82.30,81.85,81.80,572,462675,38136086.00,
539312,UTISENSETF  ,A ,Q,649.00,652.27,647.00,647.00,647.00,648.48,18,59,38297.00,
539313,UTINIFTETF  ,B ,Q,1910.00,1931.00,1905.00,1926.11,1926.11,1925.00,5,5,9602.00,
539314,UNIAUTO     ,B ,Q,121.00,121.65,120.00,121.65,121.65,115.90,161,65444,7932549.00,
539331,VETO        ,B ,Q,107.35,107.70,104.55,105.05,105.60,106.80,72,2010,213830.00,
539332,NAVKARCORP  ,B ,Q,63.75,65.25,63.20,63.45,63.30,63.40,1306,112835,7230671.00,
539334,SHREEPUSHK  ,B ,Q,171.05,175.25,171.05,172.00,171.70,171.90,87,629,108518.00,
539336,GUJGAS      ,A ,Q,473.00,474.15,462.10,469.90,470.00,470.95,1913,59959,28124019.00,
539337,WAAREE      ,M ,Q,156.90,156.90,151.50,152.30,154.00,150.15,18,15400,2379545.00,
539346,SADBHIN     ,B ,Q,5.74,5.80,5.50,5.62,5.64,5.68,57,11584,65226.00,
539353,SALAUTO     ,X ,Q,250.05,260.00,250.05,253.35,259.95,256.00,14,489,123838.00,
539354,POLYSPIN    ,X ,Q,66.50,69.50,66.20,67.90,67.55,67.15,140,16487,1119387.00,
539359,PRITIKAUTO  ,B ,Q,17.10,17.55,16.40,16.60,16.60,17.10,384,66022,1108423.00,
539378,SML         ,XT,Q,27.10,27.15,27.10,27.15,27.15,27.15,9,382,10353.00,
539383,MINFY       ,Z ,Q,8.03,8.80,8.03,8.76,8.76,8.45,7,1298,11320.00,
539384,KRISHNACAP  ,XT,Q,22.05,22.65,21.50,21.95,22.65,21.60,10,394,8711.00,
539391,ACME        ,Z ,Q,19.70,19.70,18.70,19.45,19.65,19.65,14,1176,22895.00,
539398,VISHALBL    ,B ,Q,75.25,78.15,74.35,75.20,74.60,78.20,175,3945,299492.00,
539399,BELLACASA   ,B ,Q,141.55,141.95,138.05,141.20,141.95,139.50,11,116,16400.00,
539400,MALLCOM     ,B ,Q,713.70,740.00,706.85,734.65,740.00,715.85,68,301,215733.00,
539402,VAL         ,B ,Q,25.25,25.25,25.25,25.25,25.25,24.05,128,65065,1642891.00,
539404,SATIN       ,B ,Q,157.40,158.10,154.95,155.80,156.00,158.50,305,11680,1826848.00,
539405,DITCO       ,X ,Q,15.20,16.30,15.20,16.30,16.30,16.00,10,2700,41816.00,
539406,SWAGTAM     ,XT,Q,55.90,55.90,55.90,55.90,55.90,58.80,1,5,279.00,
539407,GENCON      ,B ,Q,64.00,66.90,62.50,63.05,63.05,65.75,690,53884,3447560.00,
539409,NEERAJ      ,XT,Q,15.55,16.35,15.55,15.55,15.55,16.35,8,690,10774.00,
539410,MUZALI      ,X ,Q,2.38,2.38,2.31,2.34,2.35,2.36,29,56741,133314.00,
539428,TEJNAKSH    ,B ,Q,153.00,153.00,129.80,137.25,137.25,140.35,449,30074,4213085.00,
539436,COFFEEDAY   ,A ,Q,45.10,45.85,45.00,45.45,45.25,45.30,1065,94378,4281811.00,
539437,IDFCFIRSTB  ,A ,Q,59.55,59.65,58.60,58.80,58.80,59.30,6716,1834363,108415565.00,
539447,BEARDSELL   ,B ,Q,25.55,25.55,23.20,23.75,23.70,23.70,76,5250,125814.00,
539448,INDIGO      ,A ,Q,2113.20,2127.85,2092.00,2097.25,2092.00,2121.50,827,22198,46580134.00,
539450,SHK         ,B ,Q,142.45,144.40,141.00,141.80,141.05,142.40,232,5093,723114.00,
539469,PANORAMA    ,X ,Q,135.25,135.25,135.20,135.25,135.25,135.00,6,208,28131.00,
539470,SHREEGANES  ,X ,Q,1.48,1.49,1.37,1.39,1.39,1.47,2063,4703003,6691997.00,
539479,GTV         ,X ,Q,268.20,280.95,255.05,256.50,255.25,268.45,107,4506,1178373.00,
539480,LICNETFN50  ,B ,Q,195.10,195.10,194.79,194.79,194.79,194.87,2,2,389.00,
539487,LICNETFSEN  ,A ,Q,660.80,663.00,660.80,663.00,663.00,660.50,4,21,13915.00,
539492,GARBIFIN    ,XT,Q,34.25,34.50,33.00,33.60,33.55,33.50,37,5184,176531.00,
539494,SMARTFIN    ,X ,Q,7.93,7.93,7.32,7.57,7.58,7.67,164,12011,91165.00,
539506,ADCON       ,XT,Q,5.51,5.51,5.51,5.51,5.51,5.79,1345,496853,2737660.00,
539515,QUINT       ,X ,Q,166.70,174.00,162.10,164.15,164.00,165.00,114,5755,958424.00,
539516,HDFCNIFETF  ,B ,Q,196.65,197.89,196.00,196.16,196.10,196.42,95,1008,198247.00,
539517,SXETF       ,A ,Q,661.41,666.51,657.12,664.78,664.78,661.41,49,492,326488.00,
539518,UDAYJEW     ,X ,Q,125.20,126.10,123.75,124.15,124.10,126.05,120,3283,410265.00,
539519,MAYUKH      ,XT,Q,11.39,11.53,10.70,11.10,11.10,10.99,62,16989,187018.00,
539523,ALKEM       ,A ,Q,3048.40,3058.95,2999.00,3009.05,3015.30,3042.05,304,615,1857957.00,
539524,LALPATHLAB  ,A ,Q,2150.00,2168.70,2110.95,2120.85,2110.95,2153.55,675,3073,6589261.00,
539526,SCTL        ,B ,Q,1.03,1.04,1.00,1.01,1.01,1.02,5376,963683,978285.00,
539527,CREATIVE    ,X ,Q,499.90,527.00,470.00,506.80,506.80,490.35,40,799,404405.00,
539528,AAYUSH      ,X ,Q,30.00,30.30,30.00,30.30,30.30,28.90,25,13703,414471.00,
539542,LUXIND      ,B ,Q,1481.60,1484.10,1470.00,1479.85,1479.85,1475.15,1018,3928,5797254.00,
539545,APOORVA     ,X ,Q,46.05,46.05,41.85,45.95,45.95,43.90,117,100009,4587035.00,
539546,BNL         ,X ,Q,66.05,66.05,66.00,66.00,66.00,69.45,33,5063,334183.00,
539551,NH          ,A ,Q,722.05,732.25,722.05,727.40,723.85,728.15,211,843,614154.00,
539559,DDIL        ,XT,Q,17.60,17.60,17.60,17.60,17.60,16.80,151,188327,3314555.00,
539561,REMLIFE     ,X ,Q,245.15,245.15,210.00,245.15,245.15,222.90,223,9731,2364515.00,
539562,AARNAV      ,X ,Q,42.55,44.50,42.55,43.90,43.95,42.95,362,47968,2093722.00,
539584,SIPTL       ,X ,Q,1.49,1.49,1.29,1.30,1.30,1.43,527,964730,1258947.00,
539593,SHIVA       ,XT,Q,3.70,3.70,3.37,3.65,3.65,3.54,34,5174,18096.00,
539594,MISHTANN    ,B ,Q,9.91,10.19,9.72,9.96,9.96,10.03,6424,5276133,52514066.00,
539597,JSLHISAR    ,A ,Q,471.65,471.65,460.00,466.00,467.00,475.00,1482,19265,8965532.00,
539598,ORACLECR    ,X ,Q,133.80,140.00,133.80,137.70,137.90,136.50,77,671,91570.00,
539607,BLUECLOUDS  ,X ,Q,15.30,15.30,14.15,15.00,15.00,14.60,28,3504,52913.00,
539620,AINFRA      ,X ,Q,23.95,23.95,21.65,22.20,22.15,22.70,95,11895,264780.00,
539621,BCLENTERPR  ,X ,Q,1.35,1.40,1.29,1.33,1.33,1.30,699,411390,545618.00,
539636,PRECAM      ,B ,Q,115.00,115.00,103.15,105.50,105.40,105.05,74,2567,272612.00,
539658,TEAMLEASE   ,A ,Q,2400.05,2492.00,2400.05,2438.20,2447.00,2402.70,280,913,2235012.00,
539659,VIDLI       ,B ,Q,41.40,41.40,37.75,38.00,38.00,39.70,39,4112,157093.00,
539660,BESTAGRO    ,A ,Q,1290.00,1315.00,1260.00,1262.70,1260.95,1292.85,1618,10406,13309715.00,
539661,ACEMEN      ,XT,Q,75.50,75.50,71.00,71.30,73.00,74.25,56,2781,199646.00,
539662,BFLAFL      ,X ,Q,17.90,18.70,17.90,18.05,18.05,18.10,83,4982,90432.00,
539673,RCL         ,Z ,Q,27.50,29.85,27.50,27.55,27.55,28.90,10,266,7577.00,
539678,QUICKHEAL   ,B ,Q,182.95,185.15,180.00,182.05,181.70,182.95,389,7566,1389619.00,
539682,LUCENT      ,T ,Q,35.85,35.85,35.85,35.85,35.85,34.15,1,100,3585.00,
539686,KPEL        ,B ,Q,373.05,383.50,373.00,376.05,375.10,376.30,215,4660,1756974.00,
539692,IFINSER     ,X ,Q,11.83,13.00,11.83,13.00,13.00,12.45,14,6229,74274.00,
539697,HILIKS      ,X ,Q,7.35,7.35,7.35,7.35,7.35,7.00,1,10,73.00,
539725,GOKULAGRO   ,B ,Q,130.60,132.35,127.35,128.95,127.80,127.70,3973,359483,46517094.00,
539730,FREDUN      ,X ,Q,1039.80,1059.95,1011.00,1020.70,1020.00,1021.45,144,2337,2403282.00,
539742,SIMBHALS    ,B ,Q,24.05,24.35,23.30,23.60,23.75,23.85,130,10694,254773.00,
539767,MNIL        ,XT,Q,41.00,41.00,41.00,41.00,41.00,43.15,15,750,30750.00,
539773,ADVIKCA     ,X ,Q,3.65,3.74,3.56,3.61,3.62,3.59,632,1065972,3880038.00,
539785,PDMJEPAPER  ,B ,Q,46.45,46.45,44.60,45.65,45.75,45.40,265,33188,1505664.00,
539787,HCG         ,A ,Q,289.00,293.00,287.35,291.70,291.70,289.70,496,10951,3170360.00,
539788,KDML        ,M ,Q,56.15,56.15,56.15,56.15,56.15,53.50,1,1200,67380.00,
539798,UMIYA       ,B ,Q,8.01,8.82,8.01,8.82,8.82,8.40,16,11843,95304.00,
539799,BHARATWIRE  ,B ,Q,116.90,118.35,110.50,113.90,113.50,114.95,2660,149467,17293787.00,
539800,CHDCHEM     ,B ,Q,6.50,6.99,6.50,6.65,6.65,6.75,10,4696,31369.00,
539807,INFIBEAM    ,A ,Q,17.35,17.40,16.25,16.55,16.55,17.15,4282,2552484,42900999.00,
539814,LELAVOIR    ,X ,Q,29.25,30.50,28.60,30.40,30.40,28.85,13,7215,208629.00,
539834,BALGOPAL    ,X ,Q,30.15,32.95,29.95,32.35,32.35,31.50,19,3274,99049.00,
539835,SUPERIOR    ,X ,Q,2.11,2.12,2.11,2.12,2.12,2.11,26,11840,25062.00,
539837,RPEL        ,B ,Q,1088.00,1088.00,1025.50,1054.55,1054.55,1072.85,787,14007,14811723.00,
539841,LANCER      ,B ,Q,201.90,204.60,193.55,196.05,196.55,197.85,827,16222,3214171.00,
539843,NINSYS      ,M ,Q,239.00,239.00,239.00,239.00,239.00,228.00,1,750,179250.00,
539844,EQUITAS     ,A ,Q,126.75,127.75,123.85,125.25,125.15,127.05,1054,41216,5184682.00,
539854,HALDER      ,X ,Q,324.40,324.40,300.10,312.95,312.95,306.40,25,652,200769.00,
539871,THYROCARE   ,A ,Q,559.80,561.00,551.20,552.80,553.10,557.45,583,4663,2591331.00,
539872,BAJAJHCARE  ,B ,Q,407.20,408.75,402.10,405.60,406.55,406.25,315,2819,1144619.00,
539874,UJJIVAN     ,A ,Q,282.00,282.00,269.20,275.50,276.20,282.15,1305,35190,9642893.00,
539875,RSDFIN      ,X ,Q,104.00,104.00,82.00,91.00,91.00,95.00,42,3076,272336.00,
539876,CROMPTON    ,A ,Q,329.05,340.75,329.05,339.25,339.25,327.90,4040,82978,27886038.00,
539883,PILANIINVS  ,B ,Q,1879.50,1879.50,1842.10,1855.00,1855.00,1852.95,28,51,94572.00,
539884,DARSHANORNA ,B ,Q,3.84,3.84,3.50,3.71,3.77,3.81,165,64941,238469.00,
539889,PARAGMILK   ,B ,Q,98.50,100.40,98.50,99.30,99.20,99.85,374,13761,1370987.00,
539894,MADHAVIPL   ,X ,Q,5.36,5.45,5.25,5.26,5.30,5.35,304,115955,614935.00,
539910,KOCL        ,XT,Q,3.60,3.69,3.35,3.69,3.69,3.52,99,110083,398880.00,
539911,SNIM        ,X ,Q,33.05,33.05,33.00,33.05,33.05,31.50,8,175,5782.00,
539917,NAGARFERT   ,B ,Q,11.44,11.95,11.30,11.56,11.62,11.57,209,73886,860017.00,
539921,SEIL        ,T ,Q,74.95,77.00,72.05,74.00,73.10,74.95,39,7348,542128.00,
539927,LIKHAMI     ,XT,Q,131.25,131.25,131.25,131.25,131.25,131.25,1,2,262.00,
539938,MIL         ,X ,Q,70.95,73.65,68.05,68.05,68.05,70.95,17,1332,93662.00,
539939,YASHCHEM    ,B ,Q,88.05,92.00,84.05,89.00,89.00,91.40,735,62217,5503892.00,
539940,MAXVIL      ,B ,Q,140.10,140.10,138.95,139.20,139.45,138.40,33,787,109838.00,
539945,ICICINV20   ,B ,Q,102.13,102.85,101.96,102.38,102.00,102.85,43,573,58532.00,
539946,BAZELINTER  ,XT,Q,54.95,54.95,49.75,49.85,49.85,52.35,42,8655,447244.00,
539947,JLL         ,XT,Q,41.85,41.85,38.10,41.75,41.75,39.90,17,1898,78477.00,
539956,TAALENT     ,X ,Q,1633.00,1633.00,1580.05,1622.90,1622.90,1614.90,41,126,202962.00,
539957,MGL         ,A ,Q,885.05,892.90,870.15,873.00,870.40,883.60,1103,7210,6325733.00,
539963,ZEAL        ,B ,Q,8.05,8.05,7.82,7.85,7.85,7.98,229,92780,731758.00,
539978,QUESS       ,A ,Q,377.00,390.00,373.65,382.40,382.40,376.25,1730,38215,14617410.00,
539979,DIGJAMLTD   ,T ,Q,108.00,109.95,105.40,106.50,106.50,107.90,7,154,16434.00,
539980,ICICIMCAP   ,B ,Q,98.00,98.26,97.15,98.05,98.05,98.00,53,742,72625.00,
539982,ASYL        ,B ,Q,11.00,11.02,11.00,11.01,11.01,11.21,5,133,1464.00,
539984,HUIL        ,X ,Q,1779.00,1780.70,1751.00,1752.50,1752.00,1780.00,15,41,72211.00,
539986,COMSYN      ,B ,Q,102.05,105.10,101.00,102.55,102.30,102.65,261,19000,1952732.00,
539991,CFEL        ,X ,Q,212.00,212.00,202.20,203.65,202.20,212.75,69,1342,275391.00,
539992,LLOYDSTEEL  ,A ,Q,24.50,25.35,21.25,22.55,22.55,24.05,13172,7921923,185727354.00,
539997,KPL         ,B ,Q,355.20,362.55,355.20,360.95,362.00,357.90,218,6704,2413087.00,
540005,LTIM        ,A ,Q,4356.05,4543.95,4356.05,4509.70,4509.70,4368.35,3940,27551,123401878.00,
540006,EASTWEST    ,XT,Q,5.66,5.66,5.30,5.62,5.62,5.50,85,67507,369315.00,
540008,BSLSENETFG  ,A ,Q,57.90,59.00,57.90,59.00,59.00,58.70,9,9,529.00,
540023,COLORCHIPS  ,X ,Q,10.04,10.38,9.63,10.03,10.00,10.04,730,250372,2477993.00,
540025,ADVENZYMES  ,A ,Q,279.55,281.20,273.40,274.70,275.95,280.00,706,4247,1175133.00,
540026,LAHL        ,XT,Q,4.91,4.91,4.45,4.48,4.48,4.68,17,2684,12302.00,
540027,PTIL        ,T ,Q,251.90,251.90,251.90,251.90,251.90,240.10,1,1,251.00,
540047,DBL         ,A ,Q,221.10,224.70,219.20,220.20,220.20,215.80,1223,35732,7936249.00,
540048,SPAL        ,B ,Q,315.00,315.00,308.40,310.10,309.45,312.45,87,778,244270.00,
540061,BIGBLOC     ,B ,Q,143.05,144.50,136.75,141.10,142.60,140.15,365,6223,883782.00,
540063,ECS         ,X ,Q,7.40,7.53,6.91,7.53,7.53,7.18,35,5183,38737.00,
540065,RBLBANK     ,A ,Q,167.45,168.05,159.95,160.70,160.70,167.65,6901,875311,142056284.00,
540072,SHIVAEXPO   ,M ,Q,7.88,7.88,7.88,7.88,7.88,7.51,5,50000,394000.00,
540073,BLS         ,A ,Q,178.95,184.50,176.00,177.55,177.55,178.50,1903,50486,9057559.00,
540078,MITSU       ,B ,Q,213.40,216.00,208.50,209.50,210.20,210.10,223,3515,742954.00,
540082,RSTL        ,M ,Q,48.00,50.00,48.00,50.00,50.00,53.00,4,12000,588000.00,
540083,TVVISION    ,T ,Q,2.49,2.61,2.49,2.61,2.61,2.50,7,2229,5562.00,
540097,VISCO       ,XT,Q,104.90,104.90,98.75,98.90,103.00,103.90,56,1624,163077.00,
540108,TIAANC      ,X ,Q,4.03,4.10,3.81,3.92,4.05,4.08,41,11534,44987.00,
540115,LTTS        ,A ,Q,3350.00,3489.10,3335.00,3430.05,3420.00,3322.55,4232,37084,127253685.00,
540124,GNA         ,B ,Q,710.20,717.70,704.95,709.00,707.85,715.95,435,2666,1897971.00,
540125,RADHIKAJWE  ,B ,Q,246.30,264.20,244.20,264.20,264.20,240.20,1664,22675,5889424.00,
540132,SIIL        ,X ,Q,3.85,3.85,3.66,3.66,3.66,3.85,5,141,518.00,
540133,ICICIPRULI  ,A ,Q,471.05,473.65,468.70,470.35,470.10,474.25,974,20377,9589384.00,
540134,IISL        ,X ,Q,3.65,3.65,3.62,3.62,3.62,3.62,12,3295,11936.00,
540135,ARCFIN      ,XT,Q,0.94,0.98,0.90,0.98,0.98,0.94,1071,3981010,3828927.00,
540136,HPL         ,B ,Q,102.75,103.40,96.45,97.80,97.80,102.80,1414,99156,10060140.00,
540143,SAGARSOFT   ,X ,Q,145.00,149.60,142.50,142.50,142.50,145.30,33,3284,483656.00,
540145,VALIANTORG  ,A ,Q,519.35,521.95,502.20,505.00,507.45,502.55,973,9350,4776346.00,
540146,ACML        ,M ,Q,67.25,68.90,67.25,68.90,68.90,69.00,6,7000,478200.00,
540147,SHASHIJIT   ,T ,Q,32.50,33.65,32.10,33.20,33.20,32.05,24,10487,346027.00,
540153,ENDURANCE   ,A ,Q,1459.95,1459.95,1434.45,1438.00,1439.30,1433.10,352,929,1338635.00,
540154,IDFSENSEXE  ,A ,Q,645.00,645.00,645.00,645.00,645.00,641.85,2,2,1290.00,
540159,PURPLE      ,X ,Q,7.38,7.38,7.38,7.38,7.38,7.39,1,1,7.00,
540168,SUPRAP      ,X ,Q,23.05,24.45,21.30,22.50,22.50,22.85,76,14987,343919.00,
540173,PNBHOUSING  ,A ,Q,526.15,562.50,526.15,556.60,556.60,531.05,4056,136473,74737096.00,
540174,SOUTHERNIN  ,XT,Q,17.10,17.10,15.75,16.35,16.00,16.30,49,5484,91878.00,
540175,REGENCY     ,X ,Q,7.60,7.85,7.12,7.74,7.74,7.48,212,58494,440252.00,
540180,VBL         ,A ,Q,1236.10,1250.60,1227.20,1248.70,1248.10,1236.75,1442,19973,24790704.00,
540181,SALEM       ,X ,Q,42.70,42.70,42.00,42.65,42.65,41.90,7,578,24285.00,
540190,FRANKLININD ,X ,Q,11.80,11.80,11.80,11.80,11.80,11.24,1,5,59.00,
540192,LKPSEC      ,X ,Q,13.54,14.60,13.54,14.19,14.19,13.46,313,78039,1110428.00,
540198,OSIAJEE     ,X ,Q,46.65,49.60,46.00,46.75,46.75,47.60,1640,41372,1933291.00,
540203,SFL         ,A ,Q,1234.95,1240.60,1224.90,1229.35,1237.95,1232.60,241,938,1154328.00,
540204,EIKO        ,XT,Q,85.50,87.30,80.00,87.30,87.30,83.15,256,53802,4580093.00,
540205,AVL         ,B ,Q,1516.00,1545.00,1490.00,1498.60,1498.60,1515.00,579,6682,10162348.00,
540210,HEADSUP     ,B ,Q,14.50,15.60,14.50,15.35,15.55,15.30,95,1721,26333.00,
540212,TCIEXP      ,A ,Q,1824.85,1827.15,1794.30,1807.40,1818.00,1830.00,812,2177,3936297.00,
540222,LAURUSLABS  ,A ,Q,349.95,351.00,345.10,345.80,345.80,348.25,1324,33541,11646391.00,
540243,NEWLIGHT    ,X ,Q,15.19,15.29,13.91,15.29,15.29,14.60,28,3485,51794.00,
540252,VSL         ,B ,Q,12.98,13.86,12.80,13.85,13.86,12.60,567,182687,2453459.00,
540266,GLCL        ,Z ,Q,37.90,38.25,35.50,37.85,36.60,36.45,190,28544,1068649.00,
540268,TRU         ,B ,Q,75.30,77.15,70.35,70.75,71.20,75.30,721,31701,2322963.00,
540293,PRICOLLTD   ,A ,Q,205.00,211.95,203.45,205.05,204.60,203.40,1506,62335,12927869.00,
540310,CFL         ,XT,Q,11.83,11.83,11.27,11.27,11.27,11.27,33,2338,26795.00,
540311,JITFINFRA   ,T ,Q,102.55,104.80,100.10,103.25,103.25,102.75,21,894,90822.00,
540332,TANVI       ,M ,Q,73.25,73.50,73.25,73.50,73.50,76.50,3,12000,880200.00,
540358,RMC         ,M ,Q,287.00,287.00,276.50,279.50,276.50,280.50,5,10000,2820200.00,
540359,PARMAX      ,XT,Q,36.95,36.95,35.15,35.50,35.50,36.90,18,566,20419.00,
540360,LLFICL      ,XT,Q,9.74,9.74,9.74,9.74,9.74,9.93,10,1777,17307.00,
540361,DANUBE      ,X ,Q,16.40,16.65,15.60,16.20,16.20,15.90,147,42646,691846.00,
540366,RADIOCITY   ,B ,Q,16.75,16.75,15.70,15.95,15.90,16.20,210,39672,634144.00,
540376,DMART       ,A ,Q,3440.00,3577.00,3440.00,3541.05,3541.05,3434.20,10559,58304,205599594.00,
540377,IFL         ,B ,Q,149.85,149.95,148.00,148.55,148.55,148.90,3862,82132,12198716.00,
540385,KDLL        ,X ,Q,12.32,12.32,11.16,11.75,11.75,11.74,11,939,10535.00,
540386,ONTIC       ,XT,Q,1.72,1.72,1.72,1.72,1.72,1.75,63,22203,38189.00,
540393,SMLT        ,B ,Q,165.75,169.50,160.75,161.25,163.65,165.60,597,13247,2190729.00,
540395,CHEMCRUX    ,B ,Q,356.30,361.95,355.00,355.55,355.00,356.30,629,6364,2267841.00,
540396,MANOMAY     ,B ,Q,153.70,153.70,140.05,153.70,153.70,146.40,198,20743,3174152.00,
540401,MAXIMUS     ,B ,Q,19.55,19.60,18.80,18.90,18.90,19.15,764,137918,2656119.00,
540403,CLEDUCATE   ,B ,Q,62.10,64.20,61.55,62.80,62.50,62.95,175,5097,318979.00,
540404,PRIMEFRESH  ,M ,Q,224.00,224.00,208.30,216.05,223.80,216.40,3,2250,492075.00,
540405,OCEANIC     ,Z ,Q,34.90,34.90,31.75,32.85,32.85,33.40,18,381,12431.00,
540425,SHANKARA    ,B ,Q,653.40,665.40,644.00,644.35,644.00,653.00,361,2430,1597299.00,
540492,STARLENT    ,B ,Q,113.00,113.00,104.00,111.00,112.80,109.75,37,365,39220.00,
540497,SCHAND      ,B ,Q,175.00,175.00,169.05,169.80,169.75,174.30,116,2467,422931.00,
540519,MEERA       ,B ,Q,41.70,41.70,36.65,39.55,39.55,39.25,241,29216,1134632.00,
540526,IRBINVIT    ,IF,Q,66.80,66.80,65.40,65.95,65.90,66.18,220,80257,5289795.00,
540530,HUDCO       ,A ,Q,49.80,49.80,48.50,48.95,48.95,49.50,2386,338233,16633578.00,
540544,PSPPROJECT  ,A ,Q,731.95,731.95,696.70,702.95,702.95,720.75,493,5877,4184819.00,
540545,BGJL        ,B ,Q,16.80,16.80,16.15,16.40,16.65,16.65,55,5232,86090.00,
540550,YUG         ,M ,Q,71.30,73.00,71.30,73.00,73.00,68.00,2,4000,288600.00,
540565,INDIGRID    ,IF,Q,141.00,141.28,139.55,139.57,140.10,139.85,91,4450,626208.00,
540570,VARIMAN     ,X ,Q,20.75,21.70,19.90,21.05,21.35,20.15,540,297024,6178211.00,
540575,STARCEMENT  ,A ,Q,113.15,114.10,112.50,112.70,112.50,113.45,197,6630,751822.00,
540590,RIDDHICORP  ,T ,Q,399.00,408.15,375.25,407.10,407.10,395.00,23,122,48212.00,
540595,TEJASNET    ,A ,Q,536.00,556.95,536.00,540.35,540.35,539.65,2313,41057,22397596.00,
540596,ERIS        ,A ,Q,634.80,638.20,631.45,635.70,636.75,635.05,187,2747,1745948.00,
540597,CONTAINER   ,XT,Q,4.90,4.90,4.80,4.80,4.80,4.90,3,30,145.00,
540602,GTPL        ,B ,Q,126.95,127.75,125.60,126.10,126.75,126.75,223,22375,2829226.00,
540611,AUBANK      ,A ,Q,641.10,642.10,630.50,634.40,633.90,641.05,1612,21001,13361495.00,
540612,ICICILOVOL  ,B ,Q,144.00,144.59,143.66,143.82,143.72,144.32,134,701,100976.00,
540614,GGENG       ,T ,Q,1.30,1.30,1.30,1.30,1.30,1.28,64,195057,253574.00,
540615,7NR         ,B ,Q,0.89,0.89,0.87,0.88,0.88,0.88,744,711126,622309.00,
540642,SALASAR     ,B ,Q,48.60,50.05,48.25,48.45,48.45,49.45,1434,255274,12468721.00,
540647,GANGESSEC   ,B ,Q,125.00,125.00,119.40,121.55,121.00,129.50,46,435,52530.00,
540649,AVADHSUGAR  ,B ,Q,498.45,500.25,489.10,492.20,491.30,496.90,438,5299,2617304.00,
540650,MAGADHSUGAR ,B ,Q,321.10,322.75,318.05,321.15,321.90,320.85,32,139,44456.00,
540653,SINTEXPLAST ,B ,Q,3.04,3.04,2.94,2.96,2.96,3.00,516,385685,1145364.00,
540654,GSTL        ,B ,Q,43.80,45.95,41.05,44.65,44.65,42.90,349,59057,2582382.00,
540669,UTINEXT50   ,B ,Q,44.77,44.77,44.01,44.01,44.01,44.13,9,112,5007.00,
540673,SIS         ,A ,Q,381.15,384.00,373.15,379.00,380.10,373.65,626,12595,4795386.00,
540678,COCHINSHIP  ,A ,Q,506.00,506.55,495.50,496.20,495.90,505.70,1037,16294,8151243.00,
540679,SMSLIFE     ,B ,Q,617.35,620.05,617.35,620.00,620.00,620.00,7,326,201807.00,
540680,KIOCL       ,A ,Q,212.85,212.95,207.20,208.15,207.70,210.30,98,1424,300508.00,
540686,SMRUTHIORG  ,X ,Q,164.85,164.85,158.25,163.00,164.75,163.00,29,1272,207065.00,
540691,ABCAPITAL   ,A ,Q,145.25,146.30,143.30,144.10,144.10,145.85,2282,117947,17072816.00,
540692,APEX        ,B ,Q,243.40,244.70,240.70,242.15,242.00,244.65,165,1276,309506.00,
540693,SHISHIND    ,B ,Q,182.45,184.00,177.75,179.15,180.00,178.45,205,5417,972136.00,
540694,ANG         ,B ,Q,108.95,108.95,105.60,106.40,106.40,105.60,167,10803,1159589.00,
540695,DWL         ,M ,Q,30.15,30.20,29.15,30.15,30.20,28.80,22,9000,271365.00,
540696,KCDGROUP    ,XT,Q,95.70,98.00,93.00,97.80,97.80,95.20,14,231,22113.00,
540699,DIXON       ,A ,Q,3508.30,3568.45,3462.25,3477.90,3478.80,3494.05,1499,7352,25899195.00,
540700,BRNL        ,B ,Q,38.20,38.30,37.15,37.30,37.20,37.55,66,3845,144242.00,
540701,DCAL        ,A ,Q,85.80,87.20,85.75,86.40,86.50,85.80,544,33731,2919742.00,
540702,LASA        ,B ,Q,26.00,26.35,25.60,26.00,26.35,25.75,59,5036,129872.00,
540703,PROCLB      ,XT,Q,13.40,13.40,13.40,13.40,13.40,12.86,2,25,335.00,
540704,MATRIMONY   ,B ,Q,562.80,564.75,559.60,564.75,564.75,559.20,127,711,399758.00,
540709,RELHOME     ,B ,Q,3.09,3.12,3.00,3.03,3.01,3.11,507,441446,1349539.00,
540710,CAPACITE    ,B ,Q,153.00,154.85,148.30,149.40,149.00,151.55,347,4424,671370.00,
540715,SAGAR       ,M ,Q,74.40,74.40,65.05,65.05,65.05,72.25,13,39000,2647650.00,
540716,ICICIGI     ,A ,Q,1163.05,1163.05,1137.15,1143.35,1143.35,1160.00,1680,15317,17544912.00,
540717,PQIF        ,B ,Q,48.85,48.85,46.55,47.50,47.85,46.75,94,2971,141393.00,
540719,SBILIFE     ,A ,Q,1292.60,1300.05,1270.85,1273.50,1273.50,1295.45,1927,12886,16512053.00,
540724,DIAMONDYD   ,B ,Q,847.95,865.70,847.95,865.70,865.70,848.30,10,11,9397.00,
540725,SISL        ,A ,Q,1279.00,1285.00,1239.55,1268.55,1262.00,1261.25,653,6856,8671404.00,
540726,TTFL        ,B ,Q,83.55,87.60,83.55,86.55,86.55,84.40,111,3147,269037.00,
540727,POOJA       ,B ,Q,40.30,41.20,39.65,39.80,40.35,41.00,102,7005,281955.00,
540728,SAYAJIIND   ,X ,Q,184.00,185.50,179.00,179.00,179.00,185.50,14,458,83696.00,
540729,VANTABIO    ,MT,Q,63.20,63.20,63.20,63.20,63.20,66.50,1,750,47400.00,
540730,MEHAI       ,T ,Q,16.50,16.85,15.70,15.90,16.20,16.50,130,19968,318605.00,
540735,IRIS        ,B ,Q,77.45,82.65,77.00,78.10,78.25,77.95,268,3830,305160.00,
540737,SGRL        ,B ,Q,259.00,268.00,255.80,262.70,262.50,258.50,209,10860,2853475.00,
540738,STL         ,T ,Q,408.45,408.45,389.00,390.30,390.00,396.15,170,14732,5830929.00,
540743,GODREJAGRO  ,A ,Q,453.20,461.40,453.20,460.20,460.95,457.30,160,1278,586882.00,
540749,MASFIN      ,A ,Q,813.00,826.05,809.30,814.55,812.00,817.60,287,931,761952.00,
540750,IEX         ,A ,Q,137.05,140.20,137.05,138.70,138.70,138.65,1911,131902,18327373.00,
540755,GICRE       ,A ,Q,176.30,185.60,175.40,183.95,183.95,176.30,1568,131719,23838573.00,
540757,SCPL        ,B ,Q,570.00,572.30,549.40,551.80,556.75,561.95,216,2585,1429991.00,
540762,TIINDIA     ,A ,Q,2582.80,2675.00,2575.00,2641.80,2641.80,2582.80,753,2514,6592016.00,
540767,NAM-INDIA   ,A ,Q,245.00,247.30,243.25,244.20,244.20,244.70,1038,22211,5456652.00,
540768,MAHLOG      ,A ,Q,480.40,486.45,477.75,479.75,479.60,488.65,643,5393,2600712.00,
540769,NIACL       ,A ,Q,122.10,127.25,122.10,126.25,126.25,123.45,1642,135900,17015154.00,
540774,IFGLEXPOR   ,B ,Q,267.05,273.00,264.60,265.90,265.95,269.20,156,1765,473012.00,
540775,KHADIM      ,B ,Q,228.40,229.95,226.00,226.60,226.60,228.55,92,504,114553.00,
540776,5PAISA      ,B ,Q,295.15,307.00,295.15,303.95,302.10,301.55,174,1607,489026.00,
540777,HDFCLIFE    ,A ,Q,590.15,594.75,588.05,589.40,589.40,589.20,2699,54209,32038774.00,
540786,SHARIKA     ,B ,Q,6.59,6.60,6.37,6.41,6.40,6.52,117,21754,140606.00,
540787,ICICIB22    ,A ,Q,58.89,59.03,58.14,58.24,58.24,58.88,233,12155,709824.00,
540788,ASPIRA      ,X ,Q,42.75,42.80,40.00,41.00,41.00,41.75,81,23030,930136.00,
540789,DNAMEDIA    ,B ,Q,3.25,3.25,2.95,3.00,3.00,3.10,113,25069,74664.00,
540795,DYNAMIC     ,B ,Q,207.95,210.75,203.30,204.40,205.00,207.30,772,21407,4402963.00,
540796,RATNABHUMI  ,T ,Q,99.75,99.75,99.50,99.50,99.50,99.85,17,17000,1693235.00,
540797,SHALBY      ,B ,Q,156.00,159.20,152.30,154.05,153.55,157.15,861,18671,2921285.00,
540798,FSC         ,T ,Q,23.05,24.60,23.05,23.55,23.50,23.90,53,7334,173264.00,
540809,MRCAGRO     ,B ,Q,61.55,61.55,57.05,58.90,58.60,59.45,153,26235,1542163.00,
540811,DML         ,M ,Q,12.00,12.25,11.07,11.35,11.50,12.30,12,130000,1516600.00,
540821,SADHNA      ,XT,Q,7.13,7.40,7.07,7.08,7.07,7.44,2342,578924,4127893.00,
540823,VITESSE     ,Z ,Q,22.00,22.00,20.70,20.70,21.60,21.75,67,10950,227645.00,
540824,ASTRON      ,B ,Q,33.55,33.95,32.85,33.50,33.40,33.65,118,174054,5826448.00,
540829,CHANDRIMA   ,XT,Q,7.80,7.80,7.41,7.41,7.41,7.80,11,988,7324.00,
540874,7SEAS       ,X ,Q,17.50,17.50,16.85,17.35,17.45,17.15,33,4670,80189.00,
540879,APOLLO      ,B ,Q,347.00,358.45,337.55,346.05,346.05,349.90,2158,47521,16465245.00,
540900,NEWGEN      ,A ,Q,414.95,446.15,412.65,423.20,423.55,411.10,2583,41187,17898610.00,
540901,PRAXIS      ,B ,Q,27.95,27.95,26.40,26.80,27.25,27.65,96,4151,112556.00,
540902,AMBER       ,A ,Q,1956.00,2064.05,1923.30,2036.70,2036.70,1961.90,1713,8128,16280066.00,
540904,TIRUFOAM    ,X ,Q,80.75,84.95,80.75,84.95,84.95,84.95,3,238,19260.00,
540914,SRUSTEELS   ,XT,Q,17.10,17.10,17.05,17.10,17.10,17.10,131,129000,2205700.00,
540923,AML         ,M ,Q,18.10,18.10,16.70,16.90,16.70,17.25,9,54000,931680.00,
540935,GALAXYSURF  ,A ,Q,2360.70,2377.70,2325.00,2332.50,2325.00,2350.90,607,1965,4604563.00,
540936,GGL         ,T ,Q,20.05,20.70,20.05,20.05,20.05,21.10,547,123487,2482007.00,
540937,MEDICO      ,T ,Q,319.90,319.90,301.00,304.25,301.35,315.00,63,1871,574612.00,
540938,GUJHYSPIN   ,M ,Q,11.50,11.50,11.50,11.50,11.50,12.00,1,10000,115000.00,
540952,LAL         ,M ,Q,64.90,64.90,64.90,64.90,64.90,64.00,1,2500,162250.00,
540953,KENVI       ,B ,Q,38.00,38.00,38.00,38.00,38.00,39.95,2,2,76.00,
540954,IWP         ,X ,Q,28.60,28.60,27.00,28.25,27.85,27.90,32,4881,133894.00,
540955,TDSL        ,B ,Q,14.65,15.00,14.00,14.35,14.35,14.80,249,47794,691560.00,
540956,BHATIA      ,B ,Q,23.85,24.75,23.05,24.55,24.55,23.60,1334,528989,12841830.00,
540961,SHIVAMILLS  ,B ,Q,105.90,105.90,92.45,96.40,95.60,97.25,146,3119,304915.00,
540975,ASTERDM     ,A ,Q,217.05,221.35,217.05,218.35,218.00,219.65,466,7393,1622957.00,
540980,YSL         ,X ,Q,12579.00,12579.00,12301.00,12301.00,12301.00,12599.00,4,7,86413.00,
541005,KANCOTEA    ,X ,Q,95.80,96.00,92.10,92.65,95.45,96.85,28,191,18066.00,
541019,HGINFRA     ,A ,Q,677.35,683.65,663.00,668.65,668.65,677.35,3292,32618,21844630.00,
541083,INFLAME     ,M ,Q,471.80,471.80,440.70,457.45,455.00,464.65,62,18250,8246375.00,
541096,BPLPHARMA   ,X ,Q,322.10,335.00,321.00,329.95,330.00,325.00,19,879,285194.00,
541097,LIQUIDETF   ,F ,Q,1000.00,1000.01,1000.00,1000.01,1000.01,1000.01,22,2691,2691005.00,
541143,BDL         ,A ,Q,931.00,934.40,917.80,928.35,928.35,930.05,498,6404,5948716.00,
541144,ACTIVE      ,X ,Q,60.50,60.50,59.55,60.50,60.50,57.65,110,21019,1271595.00,
541152,GOYALALUM   ,B ,Q,185.00,185.00,175.00,180.10,180.10,184.00,127,17122,3061258.00,
541153,BANDHANBNK  ,A ,Q,249.00,250.75,244.80,248.40,248.40,248.20,5414,350286,86930169.00,
541154,HAL         ,A ,Q,2525.00,2549.50,2514.05,2542.45,2542.45,2524.45,3072,21548,54595983.00,
541161,KBCGLOBAL   ,B ,Q,4.19,4.19,3.94,3.94,3.94,4.14,698,3371343,13455328.00,
541163,SANDHAR     ,B ,Q,239.25,239.25,233.45,235.00,236.15,238.60,157,2422,571666.00,
541167,YASHO       ,A ,Q,1570.00,1593.80,1535.10,1545.80,1545.80,1561.30,1059,6505,10143464.00,
541178,BENARA      ,M ,Q,13.85,13.85,13.85,13.85,13.85,14.55,2,4000,55400.00,
541179,ISEC        ,A ,Q,501.05,501.05,494.75,497.35,495.00,502.00,678,10346,5139755.00,
541195,MIDHANI     ,A ,Q,220.85,220.85,216.25,216.85,218.05,220.20,478,9145,1994032.00,
541206,OBCL        ,B ,Q,85.65,86.35,84.45,84.80,84.55,85.45,143,3969,339761.00,
541228,TRL         ,M ,Q,53.00,53.00,53.00,53.00,53.00,50.50,1,8000,424000.00,
541233,LEMONTREE   ,A ,Q,73.45,74.50,72.40,73.80,73.80,73.30,1874,223990,16324682.00,
541269,CHEMFABALKA ,B ,Q,272.80,272.80,261.50,261.85,261.50,268.15,143,917,244407.00,
541276,HARDWYN     ,B ,Q,327.10,329.80,312.10,317.60,317.80,320.35,39,159,50649.00,
541301,ORIENTELEC  ,A ,Q,257.80,265.00,257.80,263.85,265.00,261.25,445,4296,1128488.00,
541302,DHRUV       ,B ,Q,64.30,64.80,60.20,61.70,61.70,64.35,626,29451,1838338.00,
541303,AKSHAR      ,T ,Q,56.60,56.60,56.55,56.60,56.60,55.50,139,26653,1508535.00,
541304,INDOUS      ,M ,Q,219.80,219.80,219.80,219.80,219.80,209.35,1,1500,329700.00,
541313,ICICI500    ,A ,Q,26.16,26.16,25.61,25.81,25.82,25.82,47,2334,60163.00,
541336,INDOSTAR    ,T ,Q,151.30,154.00,151.30,151.55,151.55,152.05,7,221,33475.00,
541337,MILEFUR     ,MT,Q,9.62,9.62,9.62,9.62,9.62,9.17,43,273000,2626260.00,
541338,UHZAVERI    ,M ,Q,33.90,33.90,33.90,33.90,33.90,32.30,3,15000,508500.00,
541347,PARVATI     ,X ,Q,9.95,10.14,9.78,9.97,9.97,9.95,82,9275,91721.00,
541352,MEGASTAR    ,B ,Q,269.80,274.30,263.00,267.70,263.25,262.70,296,3496,944121.00,
541353,INNOVATORS  ,M ,Q,95.50,104.90,95.50,104.90,104.90,95.40,86,137600,14068560.00,
541400,ZIMLAB      ,B ,Q,89.05,90.45,87.00,87.20,88.45,89.05,133,1513,133250.00,
541402,AFFORDABLE  ,M ,Q,410.00,424.20,383.80,383.80,383.80,404.00,125,123200,51051160.00,
541403,DOLLAR      ,A ,Q,410.55,411.30,407.60,409.90,410.50,408.75,21,69,28285.00,
541418,NGIL        ,B ,Q,76.75,78.40,76.30,76.55,76.30,75.10,111,9070,705054.00,
541444,PALMJEWELS  ,B ,Q,13.29,13.48,12.90,13.00,13.29,13.29,37,10431,135887.00,
541445,WAA         ,M ,Q,42.65,42.65,41.65,41.95,42.05,42.80,4,6400,269680.00,
541450,ADANIGREEN  ,A ,Q,1953.95,1963.65,1904.75,1913.55,1913.55,1930.85,2910,32021,61652568.00,
541503,UNICK       ,XT,Q,45.55,48.95,45.55,48.95,48.95,47.90,7,1057,48764.00,
541540,SOLARA      ,A ,Q,412.00,422.90,411.95,417.85,417.85,408.55,660,3798,1587652.00,
541546,GAYAHWS     ,B ,Q,0.87,0.89,0.86,0.87,0.86,0.87,64,140125,123172.00,
541556,RITES       ,A ,Q,349.00,351.15,344.00,345.25,345.25,349.10,1537,29653,10290327.00,
541557,FINEORG     ,A ,Q,5280.05,5450.00,5273.50,5308.35,5324.50,5276.50,1712,4261,22820076.00,
541578,VARROC      ,A ,Q,290.95,293.50,286.00,286.85,286.85,291.70,559,11036,3197064.00,
541601,RAJNISH     ,B ,Q,18.85,19.35,18.00,18.00,18.00,18.90,1818,2248575,41297391.00,
541634,RAWEDGE     ,T ,Q,56.00,56.00,53.65,54.55,55.00,56.45,19,4359,235034.00,
541700,TCNSBRANDS  ,A ,Q,511.55,513.20,502.95,507.10,510.75,507.40,52,650,329693.00,
541702,ASHNI       ,XT,Q,16.85,17.75,16.30,17.35,17.55,17.15,186,48329,833895.00,
541703,GFIL        ,M ,Q,24.85,24.85,24.85,24.85,24.85,22.60,1,1600,39760.00,
541729,HDFCAMC     ,A ,Q,2019.95,2019.95,1957.55,1963.90,1963.90,2000.85,4129,21984,43489690.00,
541735,VIVANTA     ,XT,Q,28.05,28.05,25.45,26.05,26.05,26.75,160,119897,3287968.00,
541741,TINNATFL    ,X ,Q,26.90,27.10,26.00,27.10,27.10,25.85,28,6807,183188.00,
541770,CREDITACC   ,A ,Q,934.95,934.95,897.00,906.60,907.10,895.35,245,1002,905420.00,
541771,AMINTAN     ,X ,Q,2.39,2.39,2.25,2.26,2.30,2.32,43,13094,29638.00,
541778,DEEP        ,B ,Q,156.00,156.00,152.00,154.80,154.50,153.80,155,5460,840821.00,
541799,SMEL        ,M ,Q,37.40,37.40,37.40,37.40,37.40,35.75,1,10000,374000.00,
541809,ICICINXT50  ,B ,Q,43.23,43.50,43.01,43.08,43.06,43.17,118,5170,223471.00,
541865,ASRL        ,B ,Q,54.00,54.00,52.00,53.25,53.10,53.75,1060,73610,3912239.00,
541890,SPACEINCUBA ,X ,Q,1.90,1.90,1.88,1.88,1.88,1.79,49,27583,52059.00,
541929,SGIL        ,B ,Q,132.30,157.40,130.00,142.00,142.65,133.50,475,21191,3188370.00,
541946,ICICILIQ    ,F ,Q,1000.01,1000.01,1000.00,1000.00,1000.00,1000.00,24,1915,1915005.00,
541956,IRCON       ,A ,Q,60.70,60.90,59.65,60.20,60.20,60.15,3107,408490,24556828.00,
541967,SKYGOLD     ,B ,Q,273.95,278.15,266.25,273.15,271.50,273.95,446,9024,2464743.00,
541972,SETFSN50    ,A ,Q,506.50,510.00,502.90,504.00,504.00,505.00,13,623,313724.00,
541973,MACH        ,M ,Q,32.50,32.50,32.50,32.50,32.50,32.00,1,13500,438750.00,
541974,MANORAMA    ,B ,Q,978.90,981.60,950.00,961.10,970.00,968.05,408,2586,2488353.00,
541983,INNOVATIVE  ,M ,Q,4.52,4.52,4.20,4.26,4.20,4.36,8,9000,38850.00,
541988,AAVAS       ,A ,Q,1889.95,1889.95,1814.45,1820.25,1837.90,1856.35,344,943,1726249.00,
542011,GRSE        ,A ,Q,490.00,500.80,483.35,487.30,487.30,492.80,2110,56843,28127772.00,
542012,AAL         ,B ,Q,332.00,332.05,330.00,332.00,332.00,331.30,229,56960,18892412.00,
542013,DOLFIN      ,B ,Q,128.85,129.95,125.70,126.55,129.95,125.65,28,1453,183818.00,
542019,SHUBHAM     ,B ,Q,26.90,27.10,26.10,26.10,26.10,27.45,352,43694,1144756.00,
542020,AKI         ,M ,Q,96.00,101.00,90.20,101.00,101.00,100.00,5,6500,616590.00,
542025,SUNRETAIL   ,M ,Q,0.60,0.61,0.60,0.60,0.60,0.59,8,384000,231840.00,
542034,SMGOLD      ,B ,Q,20.00,20.45,19.50,19.55,19.50,19.70,340,60178,1197322.00,
542046,VIVIDM      ,T ,Q,27.50,27.50,27.45,27.50,27.50,26.20,7,628,17265.00,
542057,BCPL        ,B ,Q,46.65,47.75,44.20,46.75,46.95,46.60,217,9984,466989.00,
542066,ATGL        ,A ,Q,3944.95,3944.95,3850.15,3885.45,3885.45,3892.50,1268,6898,26817397.00,
542131,MAN50ETF    ,B ,Q,189.24,190.42,189.24,189.52,189.52,189.24,18,229,43513.00,
542141,TECHNOE     ,A ,Q,368.20,369.30,357.05,362.75,362.45,365.80,940,7627,2758407.00,
542155,DGL         ,M ,Q,3.45,3.45,3.41,3.43,3.44,3.58,6,12000,41300.00,
542176,ARYAN       ,X ,Q,6.91,6.91,6.91,6.91,6.91,6.59,1,25,172.00,
542206,NIVAKA      ,X ,Q,3.50,3.50,3.22,3.47,3.30,3.49,40,10896,36830.00,
542216,DALBHARAT   ,A ,Q,1779.50,1782.95,1746.20,1762.60,1758.20,1769.35,1232,7761,13689064.00,
542230,ABSLNN50ET  ,B ,Q,43.10,43.20,42.84,43.11,43.11,42.91,16,1213,52249.00,
542231,NILASPACES  ,B ,Q,3.55,3.55,3.31,3.36,3.40,3.40,65,50952,172122.00,
542232,SRD         ,B ,Q,136.00,138.40,134.05,135.95,136.50,134.20,291,6012,820682.00,
542233,TREJHARA    ,B ,Q,73.85,73.85,70.30,70.80,70.80,70.05,82,856,60669.00,
542247,AXISCCGPG   ,B ,Q,17.85,17.85,17.00,17.00,17.00,17.85,3,4,68.00,
542285,AXITA       ,B ,Q,56.25,56.25,54.00,55.05,54.00,54.70,1062,54496,3021519.00,
542323,KPIGREEN    ,B ,Q,427.65,457.90,417.35,450.55,450.55,422.85,1093,8982,3990946.00,
542333,RPSGVENT    ,B ,Q,451.70,454.10,439.65,441.00,439.65,447.10,103,953,427479.00,
542337,SPENCER     ,B ,Q,71.85,76.55,70.85,71.20,71.35,70.75,960,98305,7265788.00,
542351,GLOSTERLTD  ,X ,Q,752.20,780.00,752.20,774.10,772.00,762.35,233,2811,2171994.00,
542367,XELPMOC     ,B ,Q,146.65,150.55,146.20,150.40,150.55,153.85,382,7835,1166790.00,
542383,RITCO       ,B ,Q,172.95,172.95,172.95,172.95,172.95,164.75,1,300,51885.00,
542399,CHALET      ,A ,Q,336.05,364.85,336.05,357.15,357.15,341.10,2374,35800,12765846.00,
542437,ANMOL       ,B ,Q,143.40,144.35,141.30,143.05,144.35,140.70,5,47,6725.00,
542459,KRANTI      ,B ,Q,75.00,82.00,74.20,81.60,81.60,78.10,259,113279,8606221.00,
542460,ANUP        ,B ,Q,1035.20,1061.55,1022.00,1039.25,1046.25,1028.70,985,3139,3259902.00,
542484,ARVINDFASN  ,A ,Q,331.65,332.90,317.30,320.10,323.20,329.65,3410,46294,15117264.00,
542513,UTISXN50    ,A ,Q,50.40,50.40,50.40,50.40,50.40,49.95,19,45,2268.00,
542579,AGOL        ,B ,Q,68.95,70.15,67.85,70.15,70.15,66.85,107,20729,1445908.00,
542580,AARTECH     ,M ,Q,82.50,82.50,82.30,82.30,82.30,84.45,2,8000,659200.00,
542592,HBEL        ,M ,Q,237.40,237.40,237.40,237.40,237.40,226.10,4,4000,949600.00,
542597,MSTC        ,A ,Q,304.40,304.40,298.35,302.35,301.60,304.40,799,24054,7227212.00,
542602,EMBASSY     ,IF,Q,339.65,343.39,339.57,342.56,342.56,341.00,232,4360,1489445.00,
542627,CHANDNIMACH ,X ,Q,18.50,19.00,18.00,18.00,18.00,19.30,42,13521,248243.00,
542649,RVNL        ,A ,Q,76.45,77.20,75.25,75.45,75.45,76.15,5004,522761,39764129.00,
542650,METROPOLIS  ,A ,Q,1325.05,1331.75,1306.35,1309.20,1307.00,1322.90,557,2891,3807365.00,
542651,KPITTECH    ,A ,Q,700.00,707.00,698.00,702.40,702.00,698.55,3491,69593,48856837.00,
542652,POLYCAB     ,A ,Q,2800.00,2848.00,2800.00,2817.50,2814.95,2800.70,3239,17826,50363328.00,
542654,VRFILMS     ,M ,Q,422.80,422.80,422.80,422.80,422.80,445.05,14,3500,1479800.00,
542655,VIKASLIFE   ,B ,Q,4.45,4.51,4.43,4.44,4.44,4.48,2759,3411692,15245447.00,
542665,NEOGEN      ,A ,Q,1235.05,1265.00,1225.00,1256.80,1263.20,1232.80,395,1304,1620106.00,
542666,GKP         ,B ,Q,16.40,16.45,16.05,16.10,16.25,16.85,677,135849,2189189.00,
542667,WORL        ,B ,Q,153.00,158.25,153.00,156.55,156.55,155.45,733,436218,68244748.00,
542668,EVANS       ,M ,Q,333.50,333.50,327.75,327.75,327.75,345.00,12,6000,1980225.00,
542669,BMW         ,X ,Q,34.90,35.50,33.40,33.70,33.70,34.20,122,4785,163430.00,
542670,AEPL        ,T ,Q,111.50,111.50,106.20,111.10,111.30,106.20,147,17101,1902913.00,
542677,MAHESH      ,X ,Q,15.80,16.50,15.80,16.50,16.50,15.80,3,14,228.00,
542678,CHCL        ,M ,Q,24.05,24.05,23.25,24.05,24.05,22.95,23,68000,1628500.00,
542679,DEL         ,X ,Q,24.00,24.00,23.30,23.90,23.90,23.15,6,260,6213.00,
542682,HARISH      ,X ,Q,38.50,38.50,37.35,37.40,37.40,38.85,19,733,27650.00,
542684,PPL         ,B ,Q,168.90,168.90,162.10,163.20,163.15,162.60,184,3047,497040.00,
542685,DGCONTENT   ,B ,Q,17.20,17.20,16.40,16.65,16.75,16.85,36,1075,17925.00,
542694,PARSHVA     ,T ,Q,178.00,178.00,169.10,169.10,169.10,178.00,10,42,7289.00,
542721,ARL         ,B ,Q,58.00,58.00,57.05,57.05,57.05,58.00,66,3257,186316.00,
542724,EARUM       ,B ,Q,2.67,2.73,2.65,2.67,2.70,2.68,381,176115,472604.00,
542725,SBC         ,T ,Q,15.40,15.60,15.00,15.50,15.50,15.10,133,49502,756960.00,
542726,INDIAMART   ,A ,Q,4621.00,4720.00,4590.60,4692.05,4700.00,4593.80,971,2435,11329162.00,
542727,CPML        ,M ,Q,85.00,86.15,82.65,82.65,82.65,82.05,8,16000,1363700.00,
542729,DCMNVL      ,B ,Q,170.85,171.65,170.25,171.25,171.25,170.55,26,257,43915.00,
542730,ICICIBANKN  ,B ,Q,43.14,43.14,42.74,42.86,42.86,42.96,51,2670,114464.00,
542747,SNXT50BEES  ,A ,Q,49.74,50.49,49.29,49.55,49.49,49.62,60,1874,93005.00,
542752,AFFLE       ,A ,Q,1020.05,1042.75,1020.05,1040.75,1040.80,1025.65,569,5129,5322302.00,
542753,SEACOAST    ,X ,Q,4.00,4.07,3.95,3.97,3.97,3.99,5019,863546,3449444.00,
542758,ICICIBANKP  ,B ,Q,215.64,215.75,214.28,215.71,215.70,216.40,20,989,212729.00,
542759,SPANDANA    ,A ,Q,566.00,582.25,565.05,575.10,572.40,576.35,90,468,269665.00,
542760,SWSOLAR     ,A ,Q,268.95,272.25,268.00,270.45,271.80,267.50,479,7520,2030107.00,
542770,ALPHALOGIC  ,B ,Q,42.20,42.20,39.15,40.00,40.00,40.20,121,15561,637937.00,
542772,360ONE      ,A ,Q,2029.65,2029.65,1943.15,1950.00,1945.10,1948.85,311,1264,2468072.00,
542773,IIFLSEC     ,B ,Q,67.35,68.90,67.10,68.65,68.65,66.85,1343,104778,7113146.00,
542774,MUFIN       ,X ,Q,279.50,283.95,271.25,282.00,283.95,270.45,678,90034,25403223.00,
542802,GALACTICO   ,B ,Q,13.70,14.22,13.55,14.20,14.20,13.55,3020,2535556,35908197.00,
542803,VEL         ,X ,Q,30.65,30.65,30.10,30.10,30.10,29.50,17,9432,284741.00,
542804,NIESSPJ     ,B ,Q,25.60,25.60,25.60,25.60,25.60,23.40,2,2,51.00,
542810,NIESSPA     ,B ,Q,0.86,0.86,0.86,0.86,0.86,0.79,1,1,0.00,
542812,FLUOROCHEM  ,A ,Q,2676.00,2752.25,2645.00,2678.45,2693.00,2676.35,3329,12839,34260905.00,
542830,IRCTC       ,A ,Q,642.80,647.00,638.80,643.45,643.45,642.70,2094,35173,22632636.00,
542839,NIEHSPD     ,B ,Q,0.97,0.97,0.89,0.89,0.89,0.98,16,14797,13174.00,
542841,NIEHSPE     ,B ,Q,1.96,1.96,1.95,1.95,1.95,1.97,3,148,288.00,
542842,NIESSPK     ,B ,Q,72.60,77.00,72.00,77.00,77.00,80.00,5,256,18569.00,
542843,NIEHSPG     ,B ,Q,3.90,3.90,3.21,3.48,3.48,3.56,10,826,2755.00,
542844,NIEHSPH     ,B ,Q,1.65,1.65,1.52,1.65,1.65,1.60,5,346,532.00,
542845,NIEHSPJ     ,B ,Q,6.30,6.30,6.30,6.30,6.30,5.85,1,1,6.00,
542847,NIESSPL     ,B ,Q,0.87,0.87,0.87,0.87,0.87,0.80,7,10532,9162.00,
542848,NIESSPM     ,B ,Q,1.74,1.74,1.56,1.72,1.72,1.65,10,1085,1832.00,
542849,NIESSPN     ,B ,Q,0.30,0.30,0.30,0.30,0.30,0.28,1,932,279.00,
542851,GENSOL      ,M ,Q,1140.00,1140.00,1075.00,1086.30,1088.50,1111.25,141,12464,13769034.00,
542852,VISHWARAJ   ,B ,Q,16.80,17.15,16.80,16.95,17.00,17.00,378,85227,1445239.00,
542857,GREENPANEL  ,A ,Q,321.05,326.90,320.35,322.35,322.35,324.45,1111,12433,4011139.00,
542862,SHAHLON     ,X ,Q,14.49,14.50,14.01,14.30,14.30,14.25,28,3086,44371.00,
542863,ABSLBANETF  ,B ,Q,43.65,43.65,42.38,42.55,42.84,42.72,49,580,24889.00,
542865,ANUROOP     ,M ,Q,47.70,47.70,47.70,47.70,47.70,44.00,1,5000,238500.00,
542866,COLABCLOUD  ,XT,Q,67.15,69.00,67.15,67.25,67.25,70.00,7,2007,136595.00,
542867,CSBBANK     ,A ,Q,258.00,258.55,246.50,247.80,247.80,255.05,1177,47842,12125769.00,
542904,UJJIVANSFB  ,A ,Q,28.45,28.60,27.70,28.05,28.05,28.35,3334,1367204,38471123.00,
542905,HINDWAREAP  ,B ,Q,426.25,432.00,419.00,421.10,421.10,423.60,837,7526,3200931.00,
542906,EASUN       ,XT,Q,48.00,48.00,48.00,48.00,48.00,48.00,3,30000,1440000.00,
542907,PRINCEPIPE  ,A ,Q,600.05,607.00,597.00,599.90,600.45,602.20,1134,8365,5030896.00,
542908,EBBETF0423  ,F ,Q,1211.38,1211.76,1211.38,1211.76,1211.76,1211.90,3,12,14537.00,
542909,EBBETF0430  ,F ,Q,1233.50,1233.50,1232.25,1232.25,1232.25,1232.81,3,330,406685.00,
542918,GIANLIFE    ,B ,Q,24.55,25.70,24.00,24.20,24.70,25.00,77,6240,153734.00,
542919,ARTEMISMED  ,B ,Q,73.00,74.65,72.55,72.95,72.75,73.95,89,1554,113677.00,
542920,SUMICHEM    ,A ,Q,469.50,472.90,456.00,460.20,459.50,469.60,1039,11633,5358633.00,
542921,ICICIM150   ,B ,Q,120.10,120.70,119.60,120.08,120.03,120.30,20,203,24351.00,
542922,MANXT50ETF  ,B ,Q,423.67,423.97,421.19,422.65,422.65,423.47,11,40,16883.00,
542923,TRANWAY     ,MS,Q,9.91,11.90,9.81,11.90,11.90,11.14,10,100000,1101000.00,
542924,JANUSCORP   ,M ,Q,4.55,4.68,4.39,4.52,4.52,4.62,45,157500,705950.00,
542933,UNIVPHOTO   ,B ,Q,509.40,512.25,500.00,500.20,500.00,499.40,37,300,152620.00,
542934,CBPL        ,M ,Q,119.80,119.80,119.80,119.80,119.80,110.00,1,1000,119800.00,
543064,SUVENPHAR   ,A ,Q,490.05,494.05,482.55,486.15,483.45,493.85,1153,30535,14872463.00,
543066,SBICARD     ,A ,Q,767.95,767.95,731.60,746.20,746.20,767.15,15999,263406,198358975.00,
543071,07AGG       ,F ,Q,10.99,10.99,9.17,10.61,10.61,10.18,213,8641,91762.00,
543079,07GPG       ,F ,Q,0.99,1.06,0.99,1.00,1.00,1.06,10,6734,6734.00,
543092,09GPG       ,F ,Q,2.56,2.56,2.31,2.49,2.49,2.56,10,25,59.00,
543099,UTCRFS2DGR  ,F ,Q,0.09,0.09,0.09,0.09,0.09,0.08,1,5,0.00,
543106,UTCRFS2DMP  ,F ,Q,0.07,0.07,0.07,0.07,0.07,0.06,1,5,0.00,
543108,UTCRFS2RQP  ,F ,Q,0.07,0.07,0.07,0.07,0.07,0.06,1,4,0.00,
543144,08MPD       ,B ,Q,4.20,4.25,3.49,3.49,3.49,3.87,55,26252,105859.00,
543146,08MPR       ,B ,Q,0.03,0.03,0.03,0.03,0.03,0.02,1,932,27.00,
543150,08GPG       ,B ,Q,1.05,1.05,0.97,1.00,1.00,1.02,105,64130,63130.00,
543165,10ARD       ,F ,Q,69.99,69.99,62.09,69.86,69.86,68.98,4,13,869.00,
543167,10GPG       ,F ,Q,0.91,0.97,0.91,0.96,0.96,0.92,30,37626,36255.00,
543171,ROJL        ,T ,Q,59.95,59.95,59.95,59.95,59.95,63.10,202,9889,592845.00,
543173,11DPR       ,B ,Q,5.90,5.90,5.73,5.90,5.90,5.40,7,107,631.00,
543174,11GPG       ,B ,Q,1.35,1.35,1.20,1.31,1.31,1.25,18,5419,6547.00,
543175,11MPD       ,B ,Q,1.94,1.94,1.60,1.67,1.71,1.77,23,14853,24910.00,
543176,11MPR       ,B ,Q,8.75,8.75,7.18,8.47,8.47,7.97,6,423,3650.00,
543177,11QPD       ,B ,Q,5.82,5.82,5.42,5.81,5.82,5.75,43,12437,71195.00,
543181,11AGG       ,B ,Q,9.21,9.21,9.21,9.21,9.21,9.21,1,1,9.00,
543182,11AMD       ,B ,Q,18.10,19.80,16.50,17.40,17.30,18.15,22,1274,22852.00,
543186,11DPD       ,B ,Q,2.70,2.70,2.45,2.70,2.70,2.70,12,2017,5073.00,
543187,POWERINDIA  ,A ,Q,3174.65,3183.90,3025.80,3129.90,3127.45,3172.95,570,1479,4590217.00,
543193,DJML        ,B ,Q,154.95,154.95,150.00,152.55,152.55,153.40,12,159,24577.00,
543194,NIRMITEE    ,MS,Q,103.00,118.05,103.00,118.05,118.05,98.40,6,10800,1222020.00,
543207,NATURAL     ,XT,Q,5.40,5.40,5.39,5.39,5.39,5.67,17,3713,20014.00,
543208,REGIS       ,X ,Q,24.25,24.25,24.25,24.25,24.25,23.10,1,100,2425.00,
543210,AARTISURF   ,B ,Q,583.20,603.05,577.05,580.95,582.00,596.80,345,1409,823624.00,
543211,BONLON      ,B ,Q,62.10,64.00,61.10,61.10,61.10,64.30,55,7459,457173.00,
543212,BOROLTD     ,A ,Q,354.00,361.00,354.00,355.40,354.00,354.85,380,3162,1133135.00,
543213,ROSSARI     ,A ,Q,725.85,725.85,710.45,717.30,719.30,714.90,440,2910,2078423.00,
543214,NDRAUTO     ,B ,Q,629.70,629.70,602.55,611.90,617.00,610.65,317,3632,2227168.00,
543215,EBBETF0425  ,F ,Q,1098.23,1102.94,1098.23,1100.00,1100.00,1102.76,6,48,52790.00,
543216,EBBETF0431  ,F ,Q,1101.13,1106.57,1101.00,1104.60,1104.60,1107.48,43,3849,4245575.00,
543217,MINDSPACE   ,IF,Q,338.00,341.25,334.50,335.84,335.84,338.06,213,1340,452137.00,
543218,SBGLP       ,M ,Q,214.00,214.00,199.00,202.05,207.00,217.00,26,15500,3183225.00,
543219,ICICIALPLV  ,B ,Q,174.50,174.81,173.50,173.50,173.50,174.05,11,40,6965.00,
543220,MAXHEALTH   ,A ,Q,443.45,443.45,431.80,435.05,431.80,443.45,737,12650,5532684.00,
543221,ICICITECH   ,B ,Q,31.43,31.65,31.24,31.40,31.51,31.21,95,2690,84782.00,
543223,MAXINDIA    ,B ,Q,94.00,94.60,93.45,93.65,93.80,94.00,124,3820,358261.00,
543224,HBANKETF    ,B ,Q,437.68,437.68,428.10,429.25,429.25,430.75,43,211,90953.00,
543226,UTIBANKETF  ,B ,Q,43.53,43.88,42.83,42.94,42.94,43.10,59,589,25534.00,
543227,HAPPSTMNDS  ,A ,Q,830.00,884.60,830.00,876.45,876.45,824.80,4443,68725,59766105.00,
543228,ROUTE       ,A ,Q,1178.00,1295.10,1148.45,1229.10,1229.10,1142.10,16859,331478,412515026.00,
543229,SAMRATFORG  ,X ,Q,180.05,180.05,171.05,171.35,171.35,180.05,13,100,17230.00,
543230,ADVAIT      ,M ,Q,364.20,386.90,364.00,381.65,381.65,369.30,17,8500,3197825.00,
543232,CAMS        ,A ,Q,2332.95,2332.95,2295.00,2301.25,2305.30,2316.90,363,1532,3543871.00,
543233,CHEMCON     ,B ,Q,282.20,287.35,282.20,285.65,285.65,286.05,230,4275,1218464.00,
543234,SECMARK     ,M ,Q,77.50,77.50,73.10,73.10,73.10,68.50,4,10000,748875.00,
543235,ANGELONE    ,A ,Q,1301.40,1302.15,1270.00,1273.65,1274.50,1298.30,2052,18877,24204983.00,
543237,MAZDOCK     ,A ,Q,776.75,776.75,755.15,759.45,759.45,773.05,1541,33539,25709827.00,
543238,UTIAMC      ,A ,Q,764.65,774.80,761.75,770.15,768.30,765.25,532,4094,3144496.00,
543239,GMPL        ,M ,Q,181.45,181.45,181.45,181.45,181.45,190.95,1,2800,508060.00,
543240,LIKHITHA    ,B ,Q,226.35,235.90,226.35,232.40,232.00,231.00,1234,30531,7097480.00,
543241,VGIL        ,M ,Q,169.00,169.00,169.00,169.00,169.00,172.00,1,500,84500.00,
543242,HEMIPROP    ,A ,Q,103.25,103.45,101.85,102.55,102.40,102.40,208,9599,983489.00,
543243,EQUITASBNK  ,A ,Q,56.80,56.80,54.95,55.30,55.60,56.30,1604,195198,10828011.00,
543245,GLAND       ,A ,Q,1331.65,1389.55,1309.00,1357.00,1357.00,1377.35,5856,52976,71415440.00,
543246,MAESGETF    ,B ,Q,30.10,30.30,30.01,30.11,30.13,30.11,33,40,1205.00,
543248,RBA         ,A ,Q,114.90,117.25,114.90,116.00,115.20,114.95,1064,39244,4553443.00,
543249,TARC        ,B ,Q,40.20,41.65,40.20,40.70,40.75,40.65,452,44595,1828936.00,
543251,RVHL        ,B ,Q,24.35,24.35,22.75,23.20,23.75,23.85,19,1695,39036.00,
543252,FAIRCHEMOR  ,B ,Q,1186.10,1198.00,1178.00,1186.85,1197.80,1178.75,325,722,854974.00,
543253,BECTORFOOD  ,B ,Q,467.40,478.00,460.20,472.05,477.80,465.90,687,9173,4295179.00,
543254,AWHCL       ,B ,Q,291.05,293.00,289.20,291.90,290.50,288.25,236,2438,710940.00,
543255,INFRABEES   ,B ,Q,545.74,545.99,540.20,542.62,542.62,544.97,50,561,305772.00,
543256,RFLL        ,X ,Q,23.00,26.25,22.95,26.15,26.15,21.90,402,318768,8168336.00,
543257,IRFC        ,A ,Q,32.95,33.30,32.40,32.65,32.65,32.80,3246,3340974,109761888.00,
543258,INDIGOPNTS  ,A ,Q,1231.10,1233.05,1222.00,1229.75,1227.00,1226.40,159,700,860346.00,
543259,HOMEFIRST   ,A ,Q,754.45,769.50,736.60,755.50,768.00,754.45,1301,7724,5843723.00,
543260,STOVEKRAFT  ,A ,Q,516.95,517.00,498.40,502.20,505.50,508.20,380,4912,2492523.00,
543261,BIRET       ,IF,Q,290.95,293.70,287.23,288.33,288.33,290.41,710,29029,8382695.00,
543263,SMCGLOBAL   ,B ,Q,77.00,77.45,76.50,76.70,76.70,76.60,89,1552,119233.00,
543264,NURECA      ,B ,Q,449.95,481.80,440.60,458.05,453.00,456.45,5195,155652,72406931.00,
543265,RAILTEL     ,A ,Q,127.30,127.90,125.10,125.50,125.85,127.30,642,32375,4101760.00,
543266,HERANBA     ,B ,Q,480.00,480.00,469.60,470.15,471.25,470.00,500,3767,1776895.00,
543267,DAVANGERE   ,XT,Q,67.50,74.00,67.35,68.05,70.00,70.85,59,2841,195974.00,
543269,ADJIA       ,MS,Q,36.00,36.00,36.00,36.00,36.00,33.00,1,1600,57600.00,
543270,MTARTECH    ,A ,Q,1678.05,1705.00,1675.00,1683.25,1683.25,1680.70,2020,12664,21393018.00,
543271,JUBLINGREA  ,A ,Q,491.05,508.90,491.05,502.35,502.35,491.65,1514,28843,14492530.00,
543272,EASEMYTRIP  ,A ,Q,54.35,55.05,52.75,53.45,53.45,54.35,3559,489334,26520381.00,
543273,KMEW        ,M ,Q,1250.00,1250.00,1180.55,1202.85,1200.00,1242.30,37,10000,12145512.00,
543274,SUUMAYA     ,M ,Q,15.50,15.75,14.50,14.60,14.50,15.25,248,166950,2440732.00,
543275,ANURAS      ,A ,Q,624.05,627.90,612.80,620.45,624.90,626.65,515,3346,2079037.00,
543276,CRAFTSMAN   ,A ,Q,3299.75,3362.00,3249.75,3286.25,3292.00,3350.30,1140,3996,13201882.00,
543277,LXCHEM      ,A ,Q,293.20,294.40,286.05,289.35,289.80,290.70,2384,49020,14261439.00,
543278,KALYANKJIL  ,A ,Q,119.05,120.25,118.10,119.20,119.55,119.55,823,64849,7751468.00,
543279,SURYODAY    ,B ,Q,108.70,113.35,108.60,110.70,109.65,108.65,588,21855,2432183.00,
543280,NAZARA      ,A ,Q,599.95,614.75,595.40,611.30,611.30,593.50,1560,19303,11716307.00,
543281,SUVIDHAA    ,B ,Q,5.19,5.19,4.80,5.05,5.10,5.00,157,52220,259441.00,
543283,BARBEQUE    ,A ,Q,884.00,894.85,879.65,881.00,881.00,883.05,1653,46585,41326678.00,
543284,EKI         ,A ,Q,1248.55,1265.00,1191.10,1216.70,1220.00,1248.55,2765,23849,29208004.00,
543286,JETMALL     ,M ,Q,19.00,19.30,19.00,19.10,19.30,19.15,2,18000,343800.00,
543287,LODHA       ,A ,Q,1082.40,1086.10,1066.50,1079.00,1079.00,1092.40,872,7890,8529874.00,
543288,DEEPIND     ,B ,Q,311.00,322.00,303.90,307.50,309.10,311.30,567,11832,3713848.00,
543290,PGINVIT     ,IF,Q,129.00,129.12,127.81,128.92,128.92,128.07,439,51251,6581274.00,
543291,MAFANG      ,B ,Q,40.50,40.95,40.40,40.77,40.65,39.55,331,102835,4187292.00,
543292,ICICIPHARM  ,B ,Q,81.00,81.20,80.30,80.48,80.54,81.08,36,408,32879.00,
543297,IWEL        ,B ,Q,971.00,994.05,968.05,974.40,979.95,979.30,36,188,184420.00,
543298,VINEETLAB   ,B ,Q,59.90,62.05,58.95,59.15,58.95,59.90,236,10552,634392.00,
543299,SHYAMMETL   ,A ,Q,321.95,323.40,314.00,318.20,318.20,321.95,1258,20169,6427340.00,
543300,SONACOMS    ,A ,Q,421.95,435.95,416.10,432.20,432.20,417.80,6205,117363,49980776.00,
543305,NAVODAYENT  ,M ,Q,5.90,5.94,5.71,5.71,5.71,6.01,8,96000,553320.00,
543306,DODLA       ,A ,Q,506.35,507.65,502.20,504.10,505.60,504.80,69,217,109630.00,
543308,KIMS        ,A ,Q,1432.20,1453.40,1422.65,1432.65,1446.50,1432.25,484,1765,2527717.00,
543311,IPL         ,A ,Q,241.10,242.35,234.00,234.95,235.25,240.95,1168,15373,3637029.00,
543317,GRINFRA     ,A ,Q,1240.50,1243.90,1222.00,1241.35,1235.80,1242.75,339,1478,1828385.00,
543318,CLEAN       ,A ,Q,1371.05,1393.45,1370.00,1377.70,1387.05,1373.75,665,2465,3402627.00,
543320,ZOMATO      ,A ,Q,50.90,52.25,50.65,52.10,52.10,51.00,12815,2745468,141376937.00,
543321,TATVA       ,A ,Q,2146.70,2184.90,2140.00,2184.90,2184.90,2142.55,32,63,135315.00,
543322,GLS         ,A ,Q,400.05,400.50,390.00,391.45,391.45,398.15,1672,10872,4282407.00,
543323,MAFSETF     ,B ,Q,19.01,19.11,18.98,18.99,18.99,19.05,351,17688,337205.00,
543324,GCSL        ,M ,Q,98.00,102.00,98.00,100.10,100.10,101.00,15,165600,16581240.00,
543325,ROLEXRINGS  ,A ,Q,1758.80,1762.80,1723.85,1739.70,1733.50,1756.65,459,1672,2911558.00,
543326,ICICIFMCG   ,B ,Q,453.99,454.00,451.32,452.51,452.51,451.49,17,112,50838.00,
543327,EXXARO      ,B ,Q,134.00,143.70,132.25,139.85,139.85,130.85,4882,268260,37116427.00,
543328,KRSNAA      ,B ,Q,438.00,438.00,419.20,422.55,422.55,430.05,620,4240,1790239.00,
543329,WINDLAS     ,B ,Q,248.00,249.75,246.25,248.20,247.85,248.60,170,1126,279582.00,
543330,DEVYANI     ,A ,Q,160.00,160.90,159.40,159.80,159.80,160.45,1820,54452,8702292.00,
543331,MOL         ,A ,Q,98.80,100.90,98.30,100.05,100.30,98.80,962,73900,7372165.00,
543332,MFL         ,A ,Q,1040.15,1071.50,1039.50,1057.50,1054.95,1045.90,1501,5333,5648425.00,
543333,CARTRADE    ,A ,Q,458.05,475.95,458.05,473.20,473.20,465.15,511,3995,1887044.00,
543334,NUVOCO      ,A ,Q,362.00,370.20,362.00,367.35,366.00,365.95,551,4296,1577750.00,
543335,APTUS       ,A ,Q,292.45,292.45,285.60,286.15,286.95,288.05,414,5665,1623216.00,
543336,CHEMPLASTS  ,A ,Q,451.75,453.90,445.60,447.50,448.10,450.25,519,6933,3111500.00,
543341,SHARPLINE   ,X ,Q,8.49,8.70,8.35,8.62,8.62,8.66,83,12606,106998.00,
543346,AASHKA      ,MT,Q,54.55,55.75,54.55,54.75,54.60,56.05,17,18000,989100.00,
543347,AXISTECETF  ,B ,Q,311.00,314.28,308.68,313.02,308.68,309.43,24,60,18758.00,
543348,AXISHETF    ,B ,Q,80.90,81.67,80.10,80.70,80.70,81.16,27,392,31583.00,
543349,AMIORG      ,A ,Q,891.40,900.00,876.25,883.70,887.85,889.65,530,2773,2470066.00,
543350,VIJAYA      ,A ,Q,410.65,422.30,410.65,415.70,414.00,415.35,532,3360,1404735.00,
543351,NBL         ,MS,Q,56.50,80.00,56.50,65.35,64.00,67.50,7,20800,1419200.00,
543357,AXISCETF    ,B ,Q,75.00,75.90,75.00,75.37,75.37,75.04,11,81,6115.00,
543358,SANSERA     ,A ,Q,721.80,726.45,716.00,719.25,717.30,726.05,222,1212,872678.00,
543363,PREVEST     ,M ,Q,341.00,341.00,333.50,333.50,333.50,341.00,17,6800,2290960.00,
543364,MARKOLINES  ,M ,Q,157.00,157.00,153.00,153.05,153.05,157.60,9,8325,1293196.00,
543365,MASPTOP50   ,B ,Q,25.93,26.45,25.91,26.26,26.19,26.04,204,40835,1073655.00,
543366,SBLI        ,M ,Q,81.90,82.90,78.05,81.30,82.75,81.50,5,6000,488520.00,
543367,PARAS       ,A ,Q,560.00,564.25,557.00,558.35,559.95,560.45,1012,6600,3696452.00,
543372,GETALONG    ,M ,Q,70.00,70.00,70.00,70.00,70.00,73.65,2,4000,280000.00,
543373,SVRL        ,M ,Q,198.50,198.50,197.75,197.75,197.75,193.00,2,2000,396250.00,
543374,ABSLAMC     ,A ,Q,442.00,443.80,439.65,442.50,442.05,443.10,646,3959,1749870.00,
543377,ADISHAKTI   ,M ,Q,8.70,8.70,8.70,8.70,8.70,8.30,1,10000,87000.00,
543383,ICICICONSU  ,B ,Q,75.00,75.32,75.00,75.32,75.32,75.25,7,26,1957.00,
543384,NYKAA       ,A ,Q,125.50,135.25,123.70,134.35,134.35,124.75,32941,3694398,486513059.00,
543386,FINOPB      ,B ,Q,254.50,255.40,248.50,249.70,248.75,254.45,410,5062,1273271.00,
543387,SJS         ,B ,Q,469.05,475.00,464.05,467.70,467.70,467.75,374,2453,1150287.00,
543388,DSPNEWETF   ,B ,Q,209.50,209.50,209.30,209.30,209.30,209.35,2,2,418.00,
543389,SIGACHI     ,B ,Q,330.05,337.00,325.00,326.45,325.00,332.90,1419,28310,9372393.00,
543390,POLICYBZR   ,A ,Q,415.05,426.05,413.00,420.10,424.65,419.15,1629,40840,17180044.00,
543396,PAYTM       ,A ,Q,546.05,556.15,540.00,542.95,542.95,543.95,4639,115181,62939634.00,
543397,SAPPHIRE    ,A ,Q,1270.55,1312.05,1270.55,1303.80,1300.00,1297.00,577,1831,2381406.00,
543398,LATENTVIEW  ,A ,Q,384.05,391.05,372.20,375.85,375.85,383.10,2686,91288,35072406.00,
543399,TARSONS     ,A ,Q,695.05,716.10,695.05,702.90,702.00,697.75,859,4467,3160854.00,
543400,OMNIPOTENT  ,M ,Q,15.30,15.40,15.30,15.35,15.35,16.00,6,12000,184300.00,
543401,GOCOLORS    ,A ,Q,1133.50,1143.30,1109.85,1115.30,1115.30,1134.65,946,3937,4467290.00,
543411,HITECH      ,B ,Q,995.00,995.00,954.45,974.55,968.75,977.30,505,4715,4579316.00,
543412,STARHEALTH  ,A ,Q,522.05,525.05,504.20,514.10,514.10,525.10,2013,30550,15707477.00,
543413,TEGA        ,A ,Q,575.10,590.00,575.10,584.30,583.00,586.55,443,2409,1410504.00,
543414,MAHKTECH    ,B ,Q,16.16,16.25,16.00,16.12,16.12,15.88,153,77904,1260910.00,
543415,ANANDRATHI  ,A ,Q,838.15,849.00,833.65,845.35,843.30,835.00,626,2920,2457482.00,
543416,ZODIAC      ,B ,Q,118.15,119.75,116.15,116.70,116.70,119.45,404,9305,1086522.00,
543417,RATEGAIN    ,A ,Q,370.95,382.55,366.70,368.95,367.00,371.45,1555,39242,14670782.00,
543418,BBETF0432   ,F ,Q,1035.00,1035.00,1035.00,1035.00,1035.00,1036.76,2,10,10350.00,
543419,SHRIRAMPPS  ,B ,Q,73.95,74.00,73.00,73.70,73.80,73.40,160,9347,686075.00,
543420,JETFREIGHT  ,B ,Q,18.50,19.25,18.45,18.50,18.45,18.65,234,25700,480673.00,
543425,MAPMYINDIA  ,A ,Q,1125.05,1145.65,1125.05,1133.15,1133.15,1126.30,456,2526,2859650.00,
543426,METROBRAND  ,A ,Q,839.95,839.95,806.05,809.45,809.45,834.00,1454,12338,10079806.00,
543427,MEDPLUS     ,A ,Q,628.25,631.35,615.05,619.35,615.10,631.50,319,1582,987918.00,
543428,DATAPATTNS  ,A ,Q,1214.95,1230.00,1198.50,1220.50,1212.00,1211.75,963,6744,8190085.00,
543433,HPAL        ,B ,Q,383.05,393.80,376.45,384.25,384.35,383.70,2604,18571,7215465.00,
543434,SUPRIYA     ,A ,Q,226.60,226.60,218.40,219.15,219.15,223.15,837,10097,2239619.00,
543435,CLARA       ,M ,Q,245.10,245.10,238.95,238.95,238.95,251.50,5,7500,1819500.00,
543437,MONQ50      ,B ,Q,52.25,53.70,52.20,52.54,52.52,52.87,131,10021,534056.00,
543438,DSPQ50ETF   ,B ,Q,160.50,161.50,160.50,161.27,161.50,160.01,12,134,21606.00,
543440,DSPN50ETF   ,B ,Q,183.50,183.50,183.11,183.11,183.11,184.00,24,162,29668.00,
543441,CMSINFO     ,A ,Q,307.05,316.75,307.05,311.45,310.10,310.60,679,12756,3982442.00,
543442,BCONCEPTS   ,T ,Q,289.00,289.00,279.35,279.35,279.35,289.00,25,390,110349.00,
543443,ASCENSIVE   ,MS,Q,45.00,46.20,43.75,43.75,43.75,46.00,16,68000,3027000.00,
543444,FABINO      ,M ,Q,35.20,35.20,35.20,35.20,35.20,34.00,2,6000,211200.00,
543449,WEL         ,B ,Q,255.65,262.15,255.15,259.05,259.05,261.55,47,423,109114.00,
543450,ICICIAUTO   ,B ,Q,129.00,130.70,129.00,130.69,130.69,128.75,28,310,40240.00,
543451,AGSTRA      ,B ,Q,59.95,61.00,59.95,60.15,60.15,59.60,492,28450,1715924.00,
543452,ICICISILVE  ,E ,Q,69.81,69.98,69.38,69.98,69.98,69.90,46,6282,438759.00,
543453,ALKOSIGN    ,M ,Q,79.00,79.00,79.00,79.00,79.00,80.50,1,3000,237000.00,
543454,MAMFGETF    ,B ,Q,84.25,85.00,83.60,84.08,83.75,83.80,19,72,6051.00,
543458,AWL         ,A ,Q,546.55,573.50,546.55,573.15,573.15,546.20,14913,582105,330994448.00,
543461,SSTL        ,M ,Q,11.76,11.76,10.64,10.64,10.64,11.20,26,300000,3485000.00,
543462,DEVIT       ,T ,Q,113.80,113.80,110.65,111.20,112.00,114.15,43,2485,277766.00,
543463,MANYAVAR    ,A ,Q,1211.25,1214.40,1160.00,1164.40,1167.15,1201.45,704,2893,3410679.00,
543464,SPITZE      ,M ,Q,170.00,181.00,170.00,175.00,175.00,170.00,11,13000,2281450.00,
543465,MOMOMENTUM  ,B ,Q,38.55,38.55,38.39,38.42,38.42,38.50,12,415,15996.00,
543470,SOFTTECH    ,B ,Q,179.45,185.45,177.50,181.95,185.45,179.15,17,357,64836.00,
543471,SILVER      ,E ,Q,69.60,70.20,69.20,69.90,70.00,69.75,31,649,45008.00,
543472,TECH        ,B ,Q,30.35,31.19,30.35,30.71,30.71,30.80,139,4380,134377.00,
543473,HEALTHY     ,B ,Q,8.10,8.22,7.96,8.08,8.09,8.08,82,909,7358.00,
543474,BSLNIFTY    ,B ,Q,20.55,20.71,20.34,20.42,20.35,20.35,108,1588,32479.00,
543480,ICICI5GSEC  ,F ,Q,51.00,51.40,50.50,51.40,51.40,50.25,4,6,306.00,
543481,MAM150ETF   ,B ,Q,11.80,11.88,11.75,11.81,11.81,11.81,29,404,4775.00,
543482,EUREKAFORBE ,A ,Q,529.90,530.00,519.00,524.55,524.55,517.95,468,220236,114958519.00,
543489,GATEWAY     ,A ,Q,66.85,67.25,65.85,66.40,66.50,66.35,463,22807,1520812.00,
543490,GMRP&UI     ,B ,Q,20.45,20.90,20.05,20.60,20.75,20.10,440,78139,1610142.00,
543497,BCCL        ,M ,Q,41.00,41.40,41.00,41.40,41.40,41.70,2,3200,131840.00,
543498,MSUMI       ,A ,Q,51.00,51.15,50.35,50.65,50.65,51.05,2144,317065,16045398.00,
543500,EVOQ        ,M ,Q,15.45,15.50,15.45,15.50,15.50,15.50,2,8000,123800.00,
543501,MOLOWVOL    ,B ,Q,25.60,25.60,25.00,25.05,25.00,24.91,52,2513,63899.00,
543512,AVROIND     ,T ,Q,144.80,144.80,136.50,138.90,137.00,138.05,22,1023,141332.00,
543513,UMAEXPORTS  ,B ,Q,49.85,50.10,48.30,48.75,48.75,50.00,450,12678,623546.00,
543514,VERANDA     ,B ,Q,268.00,268.00,256.15,257.20,256.95,262.20,118,1808,475537.00,
543515,SEML        ,M ,Q,234.80,234.80,206.90,207.20,207.20,196.90,9,12000,2658900.00,
543517,HARIOMPIPE  ,B ,Q,400.00,408.20,395.20,397.55,396.50,401.15,1839,50827,20339284.00,
543521,FONE4       ,M ,Q,7.77,7.77,6.90,7.30,7.30,7.29,8,80000,577000.00,
543522,NVENTURES   ,M ,Q,32.20,32.20,32.20,32.20,32.20,34.15,1,3000,96600.00,
543523,CAMPUS      ,B ,Q,394.60,394.65,386.00,387.75,387.75,393.10,1006,11634,4532373.00,
543524,RAINBOW     ,B ,Q,725.00,732.00,722.95,726.50,725.00,726.20,579,2518,1829517.00,
543525,SILVERTUC   ,B ,Q,346.00,346.00,336.10,345.55,345.55,345.00,739,7656,2612918.00,
543526,LICI        ,A ,Q,701.35,714.50,700.50,702.20,702.20,700.70,2765,53315,37675958.00,
543527,PRUDENT     ,B ,Q,1030.00,1045.55,985.00,993.10,991.00,1011.70,881,3399,3471235.00,
543528,VENUSPIPES  ,B ,Q,736.00,739.70,726.95,732.40,729.10,740.80,435,4374,3213077.00,
543529,DELHIVERY   ,A ,Q,325.95,325.95,310.40,312.00,312.00,324.65,1038,22028,6947087.00,
543530,PARADEEP    ,B ,Q,59.95,60.40,58.70,58.90,58.90,60.05,1661,164598,9786227.00,
543531,TIERRA      ,B ,Q,126.55,133.90,126.55,133.70,133.80,132.90,13,30,3971.00,
543532,ETHOSLTD    ,B ,Q,972.60,993.25,966.65,974.90,993.00,979.70,321,1231,1200722.00,
543533,EMUDHRA     ,B ,Q,290.40,291.85,285.30,288.15,288.15,287.85,495,5713,1649524.00,
543534,AETHER      ,B ,Q,930.25,933.10,902.75,907.15,907.00,929.50,1236,5837,5351493.00,
543535,WEWIN       ,B ,Q,49.15,50.60,48.70,48.70,48.70,49.40,36,2038,101560.00,
543538,GOEL        ,M ,Q,168.20,168.20,168.20,168.20,168.20,173.00,1,800,134560.00,
543539,MODIS       ,M ,Q,163.00,167.00,161.55,165.00,165.00,170.05,12,19200,3144000.00,
543540,PGCRL       ,M ,Q,200.20,200.20,200.00,200.05,200.00,201.00,4,2400,480240.00,
543544,JAYANT      ,M ,Q,459.20,460.00,448.00,451.45,451.45,452.95,12,3250,1478925.00,
543545,VEERKRUPA   ,M ,Q,110.15,115.20,110.10,115.00,115.00,115.85,15,32000,3583400.00,
543546,HEALTHYLIFE ,M ,Q,7.21,7.21,7.11,7.11,7.11,7.38,3,30000,215200.00,
543547,DDEVPLASTIK ,B ,Q,89.00,93.85,89.00,90.65,90.65,89.60,602,36144,3285170.00,
543563,MOHEALTH    ,B ,Q,22.91,22.91,22.67,22.67,22.67,23.14,2,2,45.00,
543568,ICICIMOM30  ,B ,Q,19.40,19.40,19.25,19.25,19.25,19.40,5,55,1063.00,
543569,HDFCNIF100  ,B ,Q,183.50,183.50,182.73,182.73,182.73,183.99,14,112,20549.00,
543570,HDFCNEXT50  ,B ,Q,422.95,422.95,422.95,422.95,422.95,422.97,1,2,845.00,
543571,ICICIINFRA  ,B ,Q,53.31,53.31,52.92,52.92,52.92,53.50,8,8,424.00,
543572,DSPSILVETF  ,E ,Q,67.50,68.00,67.00,67.50,67.00,67.50,15,38,2574.00,
543573,SYRMA       ,B ,Q,267.35,270.15,264.45,265.10,265.00,268.10,626,13848,3709593.00,
543574,NIFTYQLITY  ,B ,Q,14.49,14.49,14.25,14.37,14.38,14.24,71,2713,39120.00,
543575,MOMENTUM    ,B ,Q,19.20,19.40,19.20,19.39,19.30,18.85,8,102,1978.00,
543576,MOVALUE     ,B ,Q,51.40,51.40,50.65,50.70,50.66,51.35,10,53,2714.00,
543578,OLATECH     ,M ,Q,84.10,86.85,84.10,85.05,85.05,82.30,7,14000,1198400.00,
543579,NATURO      ,M ,Q,13.40,13.40,13.20,13.20,13.20,13.60,3,16000,212400.00,
543590,RHETAN      ,M ,Q,450.00,455.00,445.25,446.50,446.50,447.55,20,98000,43783100.00,
543591,DREAMFOLKS  ,B ,Q,397.85,402.10,389.30,393.10,395.00,397.85,492,6352,2517057.00,
543592,HDFCSILVER  ,E ,Q,67.36,68.90,67.10,68.23,68.90,67.53,72,7687,521246.00,
543593,DBOL        ,B ,Q,185.00,187.80,180.65,181.05,181.00,183.90,790,14754,2702708.00,
543594,DPL         ,M ,Q,21.30,22.20,20.75,21.40,21.40,21.65,7,21000,449250.00,
543595,EPBIO       ,M ,Q,191.95,191.95,191.90,191.90,191.90,191.80,2,2000,383850.00,
543596,TMB         ,B ,Q,479.50,482.95,479.50,480.85,481.50,479.50,356,3596,1730644.00,
543597,VOEPL       ,M ,Q,135.50,144.00,135.50,142.50,142.85,136.05,36,74000,10416600.00,
543598,SISL        ,M ,Q,80.00,80.00,79.00,79.05,79.05,80.45,3,4800,380880.00,
543599,KSOLVES     ,B ,Q,439.45,442.90,433.50,434.60,433.50,436.65,356,1883,824074.00,
543600,HARSHA      ,B ,Q,393.65,402.60,393.65,399.90,400.20,396.10,616,16098,6431937.00,
543605,HDFCQUAL    ,B ,Q,38.50,38.50,38.41,38.47,38.47,38.85,4,4,153.00,
543607,HDFCGROWTH  ,B ,Q,88.00,88.56,87.60,88.40,88.40,87.67,12,13,1146.00,
543613,MAFIA       ,M ,Q,19.80,19.80,19.80,19.80,19.80,19.05,1,4000,79200.00,
543614,TIPSFILMS   ,B ,Q,452.95,455.75,444.00,445.85,444.00,455.10,120,459,205433.00,
543615,SRSOLTD     ,M ,Q,159.75,159.75,151.20,159.25,159.45,152.25,13,20800,3264480.00,
543616,TLL         ,M ,Q,145.90,145.90,142.00,142.95,142.95,147.00,5,8400,1201620.00,
543617,REETECH     ,M ,Q,74.00,74.00,74.00,74.00,74.00,74.80,1,1200,88800.00,
543618,CARGOTRANS  ,M ,Q,102.50,109.70,102.50,109.70,109.70,110.00,2,6000,636600.00,
543619,CNCRD       ,M ,Q,232.80,236.95,227.00,229.80,230.00,229.00,8,28000,6477600.00,
543620,INA         ,M ,Q,157.95,157.95,146.30,155.00,155.00,152.65,27,81000,12333750.00,
543622,STML        ,M ,Q,183.00,183.00,180.00,180.00,180.00,180.00,2,2400,435600.00,
543624,MAAGHADV    ,M ,Q,27.50,27.50,27.50,27.50,27.50,27.70,1,2000,55000.00,
543625,SECURCRED   ,B ,Q,23.30,26.85,23.00,25.85,25.85,23.35,733,129243,3297192.00,
543626,EMIL        ,B ,Q,81.05,82.50,80.55,80.95,81.15,81.10,1013,45446,3696444.00,
543628,HDFCMOMENT  ,B ,Q,191.00,191.00,189.22,189.22,189.22,193.63,2,2,380.00,
543635,PPLPHARMA   ,B ,Q,111.15,112.25,108.80,109.95,109.85,111.40,2985,184102,20277190.00,
543636,DCI         ,T ,Q,133.70,134.95,127.55,134.10,134.10,133.70,23,293,37884.00,
543637,PACE        ,M ,Q,30.35,31.25,29.30,30.75,30.75,30.80,85,105600,3141300.00,
543638,TRACXN      ,B ,Q,93.70,97.90,93.15,97.15,96.60,93.65,3310,645182,61618767.00,
543643,NARMADA     ,B ,Q,22.30,22.90,22.00,22.30,22.50,22.55,55,2241,50095.00,
543644,INFOBEAN    ,B ,Q,547.75,567.25,547.75,562.25,563.00,540.90,451,3273,1840494.00,
543645,HPIL        ,B ,Q,104.10,104.10,100.40,100.40,100.40,102.75,5,30,3068.00,
543650,DCXINDIA    ,B ,Q,213.90,213.90,208.70,210.70,211.00,211.90,1338,36808,7762525.00,
543652,FUSION      ,B ,Q,410.10,416.00,406.35,412.10,412.10,408.15,770,13992,5761802.00,
543653,BIKAJI      ,B ,Q,426.70,436.70,421.60,425.75,425.75,426.60,1399,27371,11779879.00,
543654,MEDANTA     ,B ,Q,443.05,450.50,442.30,444.55,444.35,446.50,579,8854,3950511.00,
543656,TECHNOPACK  ,M ,Q,115.00,119.90,112.70,113.50,113.50,111.60,24,48000,5554300.00,
543657,ACI         ,B ,Q,617.75,637.95,608.50,623.10,622.20,618.30,3043,640436,398479553.00,
543663,FIVESTAR    ,B ,Q,591.50,599.35,588.80,589.80,590.00,590.30,402,3156,1870929.00,
543664,KAYNES      ,B ,Q,800.00,808.45,782.00,795.20,794.20,798.05,934,9436,7493092.00,
543665,HDFCNIFIT   ,B ,Q,302.00,305.61,302.00,305.61,305.61,302.56,58,103,31159.00,
543666,HDFCPVTBAN  ,B ,Q,216.00,216.00,214.70,214.70,214.70,216.10,4,8,1722.00,
543667,INOXGREEN   ,B ,Q,50.60,52.25,50.15,50.65,50.25,50.60,2750,253371,12967340.00,
543668,BBTCL       ,B ,Q,271.05,279.10,260.50,268.45,268.00,269.85,518,2276,611849.00,
543669,RUSTOMJEE   ,B ,Q,529.60,530.95,520.00,522.00,522.00,531.05,336,2595,1367295.00,
543670,VINNY       ,T ,Q,206.75,222.00,206.75,219.70,221.00,217.60,465,42081,8924985.00,
543671,AAATECH     ,B ,Q,62.35,66.55,62.35,65.00,65.00,64.75,216,2554,165772.00,
543677,ICICIFIN    ,B ,Q,16.55,16.79,16.43,16.43,16.43,16.48,24,222,3698.00,
543678,AMBOAGRI    ,M ,Q,36.00,38.90,35.30,38.30,38.90,37.30,28,112000,4238000.00,
543686,SIRCA       ,B ,Q,654.30,654.80,633.00,638.05,633.00,651.00,1239,5685,3683840.00,
543687,DHARMAJ     ,B ,Q,189.70,191.35,188.35,188.80,188.35,189.45,1744,32788,6237570.00,
543688,SARVESHWAR  ,B ,Q,86.90,89.65,84.05,87.00,87.00,86.50,225,7270,631071.00,
543689,UNIPARTS    ,B ,Q,540.05,551.00,540.05,546.35,546.15,544.25,562,6560,3589102.00,
543709,GARGI       ,M ,Q,154.40,155.65,154.10,155.65,155.65,148.25,10,40000,6191600.00,
543710,ICICICOMMO  ,B ,Q,59.50,59.50,58.80,58.80,58.80,59.20,5,5,295.00,
543711,SULA        ,B ,Q,421.05,427.25,395.95,398.90,398.90,426.05,4685,74836,30746785.00,
543712,AHL         ,B ,Q,265.70,272.00,265.70,270.15,269.10,270.30,510,9296,2508342.00,
543713,DRONACHRYA  ,M ,Q,161.60,161.60,161.60,161.60,161.60,170.10,16,32000,5171200.00,
543714,LANDMARK    ,B ,Q,635.00,649.20,630.00,642.10,642.10,635.40,1942,24689,15782851.00,
543715,IEL         ,B ,Q,21.30,21.30,18.55,18.85,18.85,20.60,2063,464115,9096479.00,
543720,KFINTECH    ,B ,Q,336.40,342.85,336.10,340.70,339.10,336.35,1300,16586,5633730.00,
543725,ELIN        ,B ,Q,216.10,223.15,216.10,221.55,221.55,217.35,970,15140,3319222.00,
543732,RADIANTCMS  ,B ,Q,91.45,102.45,91.45,94.50,94.50,92.95,1528,518402,48954413.00,
543737,AVEER       ,B ,Q,202.00,241.90,202.00,241.90,241.90,219.95,216,57761,13857328.00,
543738,DSPBANKETF  ,B ,Q,43.00,43.00,42.60,42.62,42.62,42.92,3,3,128.00,
543743,SAH         ,T ,Q,84.85,86.60,82.00,84.65,85.40,83.80,257,28058,2382819.00,
543744,REXSEAL     ,MT,Q,162.90,165.35,154.00,165.25,165.35,157.50,43,44000,7140200.00,
543745,SVS         ,MT,Q,18.10,18.10,16.50,16.50,16.50,17.35,31,192000,3210300.00,
543746,ELIL        ,MT,Q,241.00,258.55,241.00,247.00,247.00,253.15,20,36000,8846850.00,
543747,KAMOPAINTS  ,T ,Q,170.00,178.50,170.00,178.50,178.50,0.00,27,7316,1296556.00,
555555,ICICISENSX  ,A ,Q,672.00,675.83,671.76,672.82,672.82,669.77,22,42,28292.00,
570001,TATAMTRTDVR ,A ,Q,212.80,218.75,212.15,217.30,217.30,211.80,2208,98610,21365588.00,
570002,FELDVR      ,B ,Q,7.73,7.73,7.38,7.47,7.52,7.51,22,4658,34995.00,
570004,JISLBNDVR   ,B ,Q,18.50,19.15,18.50,18.80,18.80,18.65,51,443,8302.00,
570005,SCAPDVR     ,B ,Q,13.85,14.14,13.13,13.72,14.14,13.48,331,625139,8461580.00,
590003,KARUR VY(PS ,B ,Q,108.70,109.85,106.60,108.65,108.65,108.45,4437,717962,77604586.00,
590005,TIDE WATE(PS,B ,Q,998.95,998.95,988.00,993.25,995.00,990.55,385,2198,2176492.00,
590006,AMRUTANJAN  ,B ,Q,701.40,718.45,701.40,709.15,708.85,708.00,616,3124,2221203.00,
590013,XPRO INDI(PS,B ,Q,698.10,709.00,696.10,699.05,699.05,697.35,294,1132,793169.00,
590018,HISARMET(PS ,B ,Q,179.80,182.00,173.60,177.85,176.95,173.70,603,15559,2763547.00,
590021,BHARAT RA(PS,B ,Q,9368.50,9557.50,9306.30,9443.65,9500.00,9363.50,78,87,815878.00,
590022,EASTER SI(PS,T ,Q,3.52,3.68,3.50,3.68,3.68,3.53,22,20133,72473.00,
590024,FERT CHE(PS ,B ,Q,330.00,333.30,320.55,322.20,322.20,329.70,2261,60455,19622278.00,
590025,GINNI FIL(PS,B ,Q,33.40,33.55,32.90,33.50,33.50,33.45,78,3775,125821.00,
590030,SOUTH PET(PS,B ,Q,75.00,76.65,73.20,73.55,73.55,76.65,1729,146852,10948227.00,
590031,DE NORA     ,B ,Q,770.00,801.90,770.00,796.45,794.45,792.50,75,444,350855.00,
590041,KAVERI TELE ,B ,Q,7.00,7.00,6.55,6.56,6.55,6.84,24,3018,20035.00,
590051,SAKSOFT LTD ,B ,Q,145.00,147.65,142.65,144.25,144.25,143.25,1496,49027,7097737.00,
590056,SALONA COTSP,B ,Q,265.00,265.00,253.85,256.50,259.20,258.10,62,1548,397052.00,
590057,EQUIPPP     ,T ,Q,51.15,54.55,49.60,53.00,53.00,52.20,53,4065,209986.00,
590062,ANDHRA SUGAR,B ,Q,132.60,133.20,130.30,130.55,130.30,132.60,187,1926,252676.00,
590065,INDIA MOTOR ,B ,Q,713.90,716.85,705.30,716.85,716.85,712.40,23,94,66931.00,
590066,KCP LTD     ,B ,Q,106.55,107.25,104.00,106.30,106.65,106.50,520,14707,1556045.00,
590068,KHAITAN INDI,T ,Q,50.05,53.75,48.80,51.45,52.00,51.30,22,1205,61659.00,
590071,SUNDARAM FIN,B ,Q,2292.10,2296.45,2260.00,2262.95,2262.90,2295.30,237,464,1059314.00,
590072,SUNDARAM BRK,B ,Q,320.00,321.85,316.20,319.75,320.05,318.20,28,566,180952.00,
590073,WHEELS INDIA,B ,Q,572.25,575.65,565.00,565.65,565.00,570.80,59,106,60299.00,
590075,LAMBODHARA T,B ,Q,160.90,175.45,159.70,175.45,175.45,159.50,2776,121264,20812161.00,
590078,MAITHAN ALL ,B ,Q,1109.85,1148.75,1096.85,1138.50,1138.50,1102.00,1650,10025,11369912.00,
590082,LOHIA SECURI,X ,Q,183.80,183.80,173.95,174.00,173.95,177.10,21,217,38002.00,
590086,ORISSA MINE ,B ,Q,3168.40,3181.90,3075.00,3083.25,3075.00,3137.05,133,365,1139957.00,
590095,GOLDBEES    ,E ,Q,48.89,49.09,48.87,48.96,48.96,48.77,2820,486079,23818124.00,
590096,LIQUIDBEES  ,F ,Q,999.51,1000.01,999.51,1000.00,1000.00,1000.00,134,13004,13003810.00,
590097,KOTAKGOLDETF,E ,Q,49.04,49.25,48.97,49.05,49.05,48.80,71,6187,303840.00,
590098,SBI GOLD ETS,E ,Q,50.45,50.49,50.25,50.40,50.40,50.06,223,28522,1438072.00,
590099,QUANTUM GOLD,E ,Q,48.94,48.94,48.59,48.78,48.78,48.51,31,1309,63846.00,
590101,UTI GOLD ETF,E ,Q,48.93,49.10,48.88,49.01,49.07,48.73,121,21122,1034273.00,
590103,NIFTYBEES   ,B ,Q,198.92,199.36,198.04,198.18,198.18,198.45,998,71051,14098232.00,
590104,JUNIORBEES  ,B ,Q,443.10,445.87,442.02,442.36,442.10,443.60,136,1232,546482.00,
590106,BANKBEES    ,B ,Q,434.90,435.58,431.61,432.37,432.82,433.54,227,9427,4083606.00,
590107,KOTAK PSU BK,B ,Q,423.00,424.00,414.18,415.27,414.18,422.05,127,1021,425230.00,
590108,PSUBNKBEES  ,B ,Q,47.86,47.86,46.34,46.46,46.46,47.13,406,45398,2123377.00,
590109,SHARIABEES  ,B ,Q,422.00,423.41,422.00,422.39,422.39,420.99,5,5,2112.00,
590110,QNIFTY      ,B ,Q,1920.00,1925.00,1914.00,1916.00,1916.00,1918.00,25,178,341414.00,
590113,HNGSNGBEES  ,E ,Q,313.83,324.50,308.00,324.20,324.50,314.01,144,5745,1828886.00,
590115,MOM50       ,B ,Q,182.85,182.85,182.00,182.10,182.10,182.55,7,10,1823.00,
590122,ASHIKACR    ,X ,Q,33.00,34.65,32.00,32.00,32.00,32.95,77,7076,229811.00,
590126,GRADIENTE   ,XT,Q,8.10,8.15,7.70,7.94,8.13,8.06,33,21220,171339.00,
590134,MADRASFERT  ,B ,Q,67.60,67.65,65.30,65.80,65.80,67.25,1142,56378,3721332.00,
590136,KOTAKBKETF  ,B ,Q,434.00,435.90,431.65,432.74,432.97,434.52,99,558,242139.00,
590137,SETFNIFBK   ,B ,Q,430.99,432.00,428.41,429.14,429.32,430.56,69,1252,539148.00,
590138,SETFNIF50   ,B ,Q,188.09,188.26,187.21,187.49,187.21,187.69,235,8651,1623674.00,
750751,VISAGAR-RE  ,R ,Q,0.05,0.05,0.05,0.05,0.05,0.05,397,2520048,126002.00,
750752,RAJAPAL-RE  ,R ,Q,92.50,97.55,91.00,92.10,92.10,93.50,82,1183,111114.00,
750753,VEL-RE      ,R ,Q,2.20,2.75,2.20,2.20,2.20,2.75,144,302796,690251.00,
750754,PACIFIC-RE  ,R ,Q,75.00,79.00,70.30,73.25,72.05,74.40,72,3679,267963.00,
750755,JETFRE-RE   ,R ,Q,1.17,1.70,1.17,1.17,1.17,1.94,418,228460,275517.00,
750756,FAMILY-RE   ,R ,Q,0.48,0.74,0.47,0.47,0.47,0.78,909,827791,404122.00,
800251,SGB20151    ,G ,B,5600.00,5840.00,5511.00,5540.20,5540.20,5500.00,5,5,28261.00,
800252,SGB2016I    ,G ,B,5679.50,5679.50,5679.50,5679.50,5679.50,5600.00,1,1,5679.00,
800254,SGBAUG24    ,G ,B,5691.00,5691.00,5521.01,5550.00,5550.00,5592.00,12,44,244065.00,
800258,SGB2016IIA  ,G ,B,5521.00,5531.12,5521.00,5531.12,5531.12,5594.99,2,18,99539.00,
800259,SGB2016IIIA ,G ,B,5605.00,5605.00,5500.00,5500.00,5500.00,5500.00,2,5,27920.00,
800269,SGBJULY25   ,G ,B,5201.01,5789.00,5201.01,5749.00,5749.00,5328.86,3,3,16739.00,
800301,SGBSEP27    ,G ,B,5305.01,5305.01,5305.01,5305.01,5305.01,5352.00,1,1,5305.00,
800303,SGBOCT27A   ,G ,B,5262.00,5296.00,5262.00,5296.00,5296.00,5430.00,4,23,121608.00,
800313,SGBJAN28    ,G ,B,5300.00,5300.00,5300.00,5300.00,5300.00,5310.00,2,13,68900.00,
800314,SGBFEB28    ,G ,B,5450.00,5450.00,5450.00,5450.00,5450.00,5376.00,1,1,5450.00,
800315,SGBMAR28    ,G ,B,5335.00,5335.00,5275.01,5294.99,5294.99,5340.00,6,71,374985.00,
800318,SGBAPR28    ,G ,B,5364.00,5364.00,5340.00,5362.00,5362.00,5305.00,9,44,235721.00,
800320,SGBMAY28    ,G ,B,5276.00,5315.00,5275.00,5281.00,5281.00,5330.00,6,35,184751.00,
800322,SGBJUN28    ,G ,B,5375.00,5375.00,5375.00,5375.00,5375.00,5275.00,1,1,5375.00,
800324,SGBJULY28   ,G ,B,5270.00,5370.00,5266.00,5298.00,5298.00,5297.90,17,104,552369.00,
800325,SGBAUG28    ,G ,B,5379.99,5379.99,5342.00,5354.33,5353.00,5349.16,46,250,1337949.00,
800329,SGBNOV28    ,G ,B,5290.00,5314.00,5282.60,5285.20,5285.20,5290.00,4,22,116607.00,
800331,SGBJAN29    ,G ,B,5285.00,5294.00,5267.00,5292.00,5292.00,5284.00,18,54,285589.00,
800332,SGBJAN29A   ,G ,B,5265.00,5297.00,5265.00,5280.25,5280.25,5285.00,7,90,474941.00,
800339,SGBMAR29    ,G ,B,5298.00,5300.00,5292.51,5294.10,5294.10,5300.00,19,68,360216.00,
800340,SGBMAY29    ,G ,B,5282.00,5282.00,5282.00,5282.00,5282.00,5272.01,2,100,528200.00,
800341,SGBJUNE29   ,G ,B,5310.00,5310.00,5310.00,5310.00,5310.00,5261.00,1,1,5310.00,
800342,SGBJUN29A   ,G ,B,5275.00,5350.00,5265.00,5281.25,5281.25,5324.00,8,201,1060002.00,
800367,SGBJULY29   ,G ,B,5280.00,5300.00,5280.00,5282.00,5282.00,5310.00,5,11,58147.00,
800385,SGBAUG29    ,G ,B,5348.50,5349.00,5317.00,5320.75,5322.00,5330.00,13,45,239889.00,
800386,SGBSEP29    ,G ,B,5300.00,5301.10,5300.00,5301.10,5301.10,5293.05,3,12,63601.00,
800434,SGBNOV29    ,G ,B,5275.00,5275.00,5275.00,5275.00,5275.00,5275.00,1,1,5275.00,
800438,SGBJAN30    ,G ,B,5256.00,5325.00,5256.00,5277.00,5275.00,5293.04,7,16,84637.00,
800439,SGBMARCH30  ,G ,B,5280.11,5365.00,5275.00,5365.00,5365.00,5301.50,3,27,142615.00,
800442,738GOI2027  ,G ,B,102.95,102.95,101.25,101.25,101.25,102.50,2,210,21279.00,
800443,SGBJUNE30   ,G ,B,5320.00,5320.00,5320.00,5320.00,5320.00,5310.33,2,60,319200.00,
800488,SGBAUG30    ,G ,B,5336.20,5370.00,5336.01,5370.00,5370.00,5343.60,4,7,37387.00,
800573,SGBDEC30    ,G ,B,5301.00,5373.00,5301.00,5328.60,5328.20,5329.66,12,16,85463.00,
890157,AIRTELPP    ,A ,Q,392.70,397.00,384.00,395.30,395.45,392.90,526,5518,2153921.00,
890167,ASMTECPP    ,X ,Q,395.00,395.00,345.00,377.00,377.00,352.55,8,91,33155.00,
890168,AURUMPP     ,T ,Q,62.40,67.00,62.40,65.95,65.95,64.55,35,7188,466123.00,
890175,GGLPP       ,T ,Q,4.12,4.12,4.12,4.12,4.12,4.33,148,55029,226719.00,
890176,SUZLONPP    ,A ,Q,7.16,7.30,7.10,7.13,7.10,7.25,427,693861,4977398.00,
890177,TFLPP       ,B ,Q,3.15,3.15,3.15,3.15,3.15,3.15,3,101,318.00,
890179,ADCONPP     ,XT,Q,2.24,2.24,2.24,2.24,2.24,2.35,29,27486,61568.00,
935321,990IFCI24F  ,F ,D,1022.01,1026.00,1022.01,1026.00,1026.00,1024.10,4,1108,1136776.00,
935383,849NTPC25   ,F ,D,13.55,13.55,13.55,13.55,13.55,13.55,10,1887,25568.00,
935540,714REC25    ,F ,D,1036.51,1053.94,1036.51,1050.24,1053.94,1044.80,30,690,721006.00,
935572,732IRFC25   ,F ,D,1050.01,1050.01,1050.01,1050.01,1050.01,1053.01,2,50,52500.00,
935584,76NHAI31    ,F ,D,1197.00,1197.00,1195.00,1195.00,1195.00,1197.00,4,133,159015.00,
935606,0MFL23AV    ,F ,D,1989.00,1989.00,1940.00,1940.00,1940.00,1890.41,2,840,1644300.00,
935642,764HUDCO31  ,F ,D,1141.50,1141.50,1141.00,1141.00,1141.00,1139.00,2,105,119855.00,
935662,729NHAI26   ,F ,D,1080.00,1080.00,1080.00,1080.00,1080.00,1080.00,3,47,50760.00,
935666,769NHAI31   ,F ,D,1165.00,1165.00,1165.00,1165.00,1165.00,1162.31,3,50,58250.00,
935674,769HUDCO31  ,F ,D,1147.00,1155.00,1147.00,1155.00,1155.00,1152.00,6,38,43781.00,
935682,764IRFC31   ,F ,D,1164.85,1164.85,1164.85,1164.85,1164.85,1158.50,1,100,116485.00,
935690,764NABARD31 ,F ,D,1200.55,1200.55,1200.50,1200.50,1200.50,1200.00,4,800,960410.00,
935712,0MFL23A5    ,F ,D,1859.00,1859.00,1859.00,1859.00,1859.00,1860.00,1,46,85514.00,
935748,88MMFSL23   ,F ,D,1047.00,1047.00,1047.00,1047.00,1047.00,1047.00,1,50,52350.00,
935788,10EHFL26    ,F ,D,1035.00,1035.00,1035.00,1035.00,1035.00,1028.01,3,350,362250.00,
936044,800MMFSL27  ,F ,D,990.28,993.88,990.20,993.88,993.88,968.00,3,117,115966.00,
936166,10KFL23     ,F ,D,976.05,976.05,976.05,976.05,976.05,1000.00,1,50,48802.00,
936186,92SEFL28    ,F ,D,380.00,380.00,380.00,380.00,380.00,390.05,1,5,1900.00,
936188,96SEFL28    ,F ,D,381.50,393.90,381.20,391.54,393.00,376.00,10,242,94712.00,
936220,95JMFCSL23  ,F ,D,1062.00,1062.00,1062.00,1062.00,1062.00,1062.05,1,100,106200.00,
936228,893STFCL23  ,F ,D,1003.00,1003.00,999.00,1002.50,1002.50,1002.15,19,689,690501.00,
936230,903STFCL28  ,F ,D,1042.00,1060.00,1042.00,1060.00,1060.00,1069.00,2,101,105260.00,
936234,93STFCL23   ,F ,D,1042.15,1049.50,1042.00,1044.61,1047.00,1050.32,23,920,961402.00,
936236,94STFCL28   ,F ,D,1080.00,1080.00,1070.00,1070.00,1070.00,1081.50,4,400,429801.00,
936290,890TCFSL23  ,F ,D,1034.96,1034.96,1033.15,1033.45,1034.76,1032.99,11,1488,1537912.00,
936360,10MFL23     ,F ,D,1010.00,1010.00,1010.00,1010.00,1010.00,1010.00,1,150,151500.00,
936380,101JMFCSL23 ,F ,D,1023.00,1023.00,1015.00,1016.02,1015.00,1036.00,18,505,513705.00,
936382,967JMFCSL23 ,F ,D,1012.00,1012.00,1012.00,1012.00,1012.00,1012.00,1,10,10120.00,
936428,1005SEFL24  ,F ,D,385.00,385.00,385.00,385.00,385.00,395.44,1,10,3850.00,
936430,105SEFL24   ,F ,D,375.20,388.00,375.20,388.00,388.00,381.00,6,226,87332.00,
936504,1050DLSL24  ,F ,D,955.25,1048.98,955.25,1048.98,1048.98,1049.89,3,18,17663.00,
936508,0DLSL24     ,F ,D,1452.00,1452.00,1452.00,1452.00,1452.00,1426.22,1,10,14520.00,
936524,889LTFL24   ,F ,D,1042.55,1042.55,1042.55,1042.55,1042.55,1055.12,1,1,1042.00,
936528,935LTFL29   ,F ,D,1160.00,1160.00,1160.00,1160.00,1160.00,1162.00,1,27,31320.00,
936538,975MFL24A   ,F ,D,1010.05,1016.50,1010.05,1016.50,1016.50,1016.00,5,82,82955.00,
936544,10MFL24     ,F ,D,1091.20,1100.00,1091.20,1100.00,1100.00,1093.87,3,25,27412.00,
936578,87LTFL27    ,F ,D,1050.00,1050.00,1050.00,1050.00,1050.00,1043.25,2,11,11550.00,
936670,1075SEFL24  ,F ,D,385.00,385.00,385.00,385.00,385.00,386.00,1,10,3850.00,
936716,995EFL24A   ,F ,D,992.00,992.00,992.00,992.00,992.00,993.00,1,10,9920.00,
936720,0EFL24      ,F ,D,1440.00,1449.41,1438.00,1438.00,1438.00,1430.14,5,442,637998.00,
936724,104EFL29    ,F ,D,1006.00,1009.10,1006.00,1009.10,1009.10,1075.00,2,40,40271.00,
936736,10MFL24A    ,F ,D,1081.20,1081.20,1081.20,1081.20,1081.20,1082.00,1,20,21624.00,
936744,0MFL26A     ,F ,D,1421.70,1421.70,1406.00,1411.07,1411.10,1420.00,8,424,601218.00,
936758,1013DLSL24  ,F ,D,1000.00,1000.00,1000.00,1000.00,1000.00,1000.00,3,152,152000.00,
936788,95STF23     ,F ,D,1039.75,1039.75,1039.75,1039.75,1039.75,1037.00,1,223,231864.00,
936794,0STF23      ,F ,D,1358.00,1358.00,1358.00,1358.00,1358.00,1350.00,3,300,407400.00,
936806,85TCFS24    ,F ,D,1047.50,1048.00,1047.50,1048.00,1048.00,1047.00,12,750,785700.00,
936810,865TCFS27   ,F ,D,1068.00,1068.00,1068.00,1068.00,1068.00,1068.00,1,35,37380.00,
936900,1175KAFL24  ,F ,D,1010.00,1010.00,1010.00,1010.00,1010.00,1000.00,2,89,89890.00,
936930,975MFL24B   ,F ,D,1012.10,1027.00,1012.10,1027.00,1027.00,1025.00,3,60,61470.00,
936936,10MFL24B    ,F ,D,1031.25,1031.25,1031.25,1031.25,1031.25,1032.00,1,20,20625.00,
936955,1065MHFL24  ,F ,D,1022.40,1050.00,1022.00,1050.00,1050.00,1023.00,4,210,214940.00,
936959,0MHFL26     ,F ,D,1425.00,1425.00,1425.00,1425.00,1425.00,1425.00,4,344,490200.00,
936965,102ECL23    ,F ,D,1015.00,1017.00,1015.00,1017.00,1017.00,1015.40,4,371,376601.00,
937009,86LTFL24    ,F ,D,1130.00,1130.00,1130.00,1130.00,1130.00,1022.92,2,700,791000.00,
937013,829LTFL24   ,F ,D,1034.95,1034.95,1034.95,1034.95,1034.95,1018.55,2,20,20699.00,
937017,865LTFL26   ,F ,D,1030.00,1030.00,1030.00,1030.00,1030.00,1031.51,3,35,36050.00,
937087,1025NWFL25  ,F ,D,989.90,989.90,989.90,989.90,989.90,989.90,1,25,24747.00,
937091,98NWFL30    ,F ,D,998.90,998.90,975.10,975.10,975.10,975.00,3,250,247940.00,
937101,95MFL25     ,F ,D,1007.00,1007.00,1007.00,1007.00,1007.00,1000.00,3,464,467248.00,
937139,929JFPL23   ,F ,D,1003.00,1003.00,1003.00,1003.00,1003.00,1011.00,1,50,50150.00,
937143,0JFPL25     ,F ,D,1318.00,1318.00,1318.00,1318.00,1318.00,1310.05,1,1,1318.00,
937165,0MVAFL23    ,F ,D,1292.00,1292.00,1292.00,1292.00,1292.00,1290.00,1,109,140828.00,
937197,10KFL23A    ,F ,D,1000.00,1000.00,1000.00,1000.00,1000.00,1000.00,6,136,136000.00,
937221,MMFL2JUN20C ,F ,D,1151.00,1325.00,1086.00,1325.00,1325.00,1350.00,4,34,41547.00,
937253,975MFL25    ,F ,D,1034.00,1034.00,1034.00,1034.00,1034.00,1010.00,1,10,10340.00,
937311,MFLOII25    ,F ,D,975.00,980.00,975.00,980.00,980.00,931.05,3,188,184235.00,
937313,MFLOIII24   ,F ,D,995.00,995.00,995.00,995.00,995.00,998.00,1,1,995.00,
937335,935EFSL24   ,F ,D,977.05,977.05,977.00,977.00,977.00,990.00,3,51,49827.00,
937337,0EFSL24     ,F ,D,1165.50,1165.50,1165.50,1165.50,1165.50,1184.73,1,15,17482.00,
937339,939EFSL26   ,F ,D,980.00,980.00,980.00,980.00,980.00,985.00,1,10,9800.00,
937345,953EFSL31   ,F ,D,941.00,941.00,941.00,941.00,941.00,950.00,1,1,941.00,
937373,7PFCL31     ,F ,D,968.00,968.00,955.00,958.56,955.00,960.35,12,1300,1252278.00,
937377,683PFCL31   ,F ,D,975.00,975.00,975.00,975.00,975.00,972.00,4,200,195000.00,
937381,697PFCL36   ,F ,D,945.00,947.90,945.00,947.01,947.01,941.81,9,182,172147.00,
937385,715PFCL36   ,F ,D,974.00,974.00,968.00,968.95,968.95,966.03,14,504,488450.00,
937403,825MFL23    ,F ,D,994.00,994.00,994.00,994.00,994.00,994.00,1,79,78526.00,
937417,0MFL26B     ,F ,D,1091.12,1091.12,1091.12,1091.12,1091.12,1091.02,1,60,65467.00,
937435,825MFL23A   ,F ,D,991.00,991.00,991.00,991.00,991.00,991.00,1,50,49550.00,
937455,96IFL28     ,F ,D,999.00,999.00,997.00,998.00,998.00,994.01,9,81,80829.00,
937457,0IFL28      ,F ,D,1075.50,1075.50,1075.50,1075.50,1075.50,1095.55,1,10,10755.00,
937463,MFLIII23C   ,F ,D,1046.89,1046.89,1046.89,1046.89,1046.89,1046.68,30,1099,1150532.00,
937467,MFLV26E     ,F ,D,981.53,1025.80,981.53,1025.80,1025.80,1011.88,3,102,104498.00,
937469,MFLVI31F    ,F ,D,1010.00,1018.80,1010.00,1018.80,1018.80,1010.00,2,640,646752.00,
937483,10KFL24D    ,F ,D,997.00,997.00,997.00,997.00,997.00,997.00,1,20,19940.00,
937495,916EFSL26   ,F ,D,974.38,974.38,960.00,967.00,974.00,964.38,5,5,4857.00,
937501,930EFSL31   ,F ,D,999.90,999.90,999.90,999.90,999.90,981.90,1,1,999.00,
937537,82IGT31     ,F ,D,1058.15,1058.15,1058.15,1058.15,1058.15,1064.99,2,25,26453.00,
937545,850MFCL24B  ,F ,D,990.00,990.00,990.00,990.00,990.00,990.00,1,30,29700.00,
937553,0MFCL23VI   ,F ,D,1142.01,1142.01,1142.01,1142.01,1142.01,1159.65,1,45,51390.00,
937561,BILNCD2021  ,F ,D,28.98,29.45,28.98,29.01,29.01,29.09,41,770,22342.00,
937573,85PCHFL24   ,F ,D,1041.00,1041.00,1041.00,1041.00,1041.00,1021.50,1,100,104100.00,
937595,1050SFL26   ,F ,D,967.00,967.00,967.00,967.00,967.00,970.00,2,32,30944.00,
937621,96IHFL28    ,F ,D,995.10,999.96,990.20,999.96,999.96,993.00,4,507,503542.00,
937625,875EFSL24   ,F ,D,975.50,975.50,975.50,975.50,975.50,975.50,5,140,136570.00,
937631,915EFSL26   ,F ,D,965.00,965.00,965.00,965.00,965.00,963.89,1,14,13510.00,
937689,0KSFL23     ,F ,D,1002.05,1002.05,1002.05,1002.05,1002.05,950.01,1,45,45092.00,
937707,820JMFPL26  ,F ,D,1001.00,1005.20,1001.00,1005.20,1005.20,1001.00,2,260,260302.00,
937709,791JMFPL26  ,F ,D,990.00,990.00,975.00,975.00,975.00,989.62,3,75,73390.00,
937723,875IIFL26   ,F ,D,980.01,980.01,980.01,980.01,980.01,980.00,1,175,171501.00,
937725,0IIFL26     ,F ,D,1060.00,1060.00,1060.00,1060.00,1060.00,995.00,1,10,10600.00,
937769,825MFL24    ,F ,D,982.00,982.00,982.00,982.00,982.00,982.00,2,110,108020.00,
937779,MFL291021   ,F ,D,1102.62,1102.62,1090.00,1090.00,1090.00,1085.00,2,100,110135.00,
937793,875EFSL24A  ,F ,D,975.00,975.00,975.00,975.00,975.00,969.81,1,1,975.00,
937795,91EFSL24A   ,F ,D,976.33,976.33,976.33,976.33,976.33,976.33,7,200,195266.00,
937799,915EFSL26A  ,F ,D,945.00,950.10,934.00,950.10,950.10,958.13,5,93,87807.00,
937807,97EFSL31A   ,F ,D,953.00,953.00,937.00,941.00,941.00,940.06,8,30,28425.00,
937821,825IHFL25   ,F ,D,974.95,974.95,974.95,974.95,974.95,970.00,1,5,4874.00,
937823,ZCIHFL25    ,F ,D,1045.00,1045.00,1045.00,1045.00,1045.00,1006.00,1,38,39710.00,
937825,820IHFL27   ,F ,D,941.00,942.55,941.00,942.55,942.55,960.00,3,110,103665.00,
937853,IHFL60122   ,F ,D,1044.55,1044.55,1044.55,1044.55,1044.55,1040.55,1,15,15668.00,
937881,8MFL24      ,F ,D,978.20,978.20,978.00,978.00,978.00,978.20,3,100,97817.00,
937883,825MFL25    ,F ,D,985.00,985.00,980.00,980.00,980.00,985.25,3,21,20631.00,
937889,9MFL30      ,F ,D,1010.00,1010.00,1010.00,1010.00,1010.00,1010.00,2,100,101000.00,
937891,ZCMFL24     ,F ,D,1058.00,1058.00,1058.00,1058.00,1058.00,1058.00,6,343,362894.00,
937935,950KFIL26   ,F ,D,990.00,990.00,990.00,990.00,990.00,960.00,4,153,151470.00,
937949,0IBHFL24    ,F ,D,975.10,975.10,975.10,975.10,975.10,975.00,1,10,9751.00,
937989,850EHFL24   ,F ,D,1030.20,1030.20,1030.20,1030.20,1030.20,1044.65,1,10,10302.00,
937991,EHFL29422   ,F ,D,1005.35,1020.00,986.00,1020.00,1020.00,1032.97,3,15,15056.00,
937999,915EHFL27   ,F ,D,976.29,976.29,976.29,976.29,976.29,979.00,1,5,4881.00,
938009,MFLI25A     ,F ,D,970.00,970.00,970.00,970.00,970.00,950.00,1,1,970.00,
938013,MFLIII25C   ,F ,D,1004.79,1004.79,1004.79,1004.79,1004.79,1004.00,1,500,502395.00,
938017,10UCL23A    ,F ,D,1015.00,1015.00,1015.00,1015.00,1015.00,1020.00,1,3,3045.00,
938019,MFLV29E     ,F ,D,965.00,965.00,965.00,965.00,965.00,965.00,1,5,4825.00,
938025,1040UCL25   ,F ,D,1019.00,1019.00,972.00,972.00,972.00,1029.90,3,24,23469.00,
938027,MFLVII25G   ,F ,D,1000.00,1000.00,1000.00,1000.00,1000.00,980.00,1,50,50000.00,
938057,920NFL23    ,F ,D,990.10,994.70,990.10,992.00,992.00,989.74,9,705,700800.00,
938069,MFLIII25    ,F ,D,1000.00,1007.00,1000.00,1007.00,1007.00,995.00,2,525,528500.00,
938073,MFLV29      ,F ,D,1041.90,1041.90,1041.90,1041.90,1041.90,941.00,1,2,2083.00,
938091,11IML27     ,F ,D,1000.00,1000.00,1000.00,1000.00,1000.00,999.00,2,55,55000.00,
938095,875NWIL24   ,F ,D,1000.00,1000.00,1000.00,1000.00,1000.00,990.80,1,10,10000.00,
938097,NWIL150722  ,F ,D,1000.00,1000.00,1000.00,1000.00,1000.00,995.00,4,500,500000.00,
938099,88NWIL25    ,F ,D,965.00,967.95,965.00,967.95,967.95,950.00,4,104,100371.00,
938101,915NWIL25   ,F ,D,1000.00,1000.00,1000.00,1000.00,1000.00,1000.00,1,70,70000.00,
938115,7KFL23      ,F ,D,860.20,960.10,860.20,960.10,960.10,970.00,2,20,18203.00,
938123,95KFL26     ,F ,D,990.00,990.00,990.00,990.00,990.00,990.00,1,23,22770.00,
938131,8MFL24A     ,F ,D,966.20,974.80,966.20,974.80,974.80,975.00,2,199,193383.00,
938135,835MFL26    ,F ,D,960.00,960.00,950.21,951.48,951.00,968.00,4,37,35194.00,
938137,MFL060922   ,F ,D,1010.00,1010.00,1000.00,1000.00,1000.00,1009.99,2,131,131300.00,
938145,1015UCL24A  ,F ,D,958.10,958.10,958.10,958.10,958.10,955.10,1,35,33533.00,
938149,1050UCL25   ,F ,D,1023.30,1023.30,1023.30,1023.30,1023.30,1005.00,1,3,3069.00,
938200,KLM181022A  ,F ,D,945.00,945.00,945.00,945.00,945.00,930.00,2,15,14175.00,
938204,EFSL201022  ,F ,D,965.15,965.15,965.15,965.15,965.15,962.50,1,10,9651.00,
938208,925EFSL25   ,F ,D,957.55,957.55,957.55,957.55,957.55,983.00,1,10,9575.00,
938218,965EFSL32   ,F ,D,995.00,995.00,995.00,995.00,995.00,970.73,1,1,995.00,
938222,79NHIT35    ,F ,D,311.00,312.00,311.00,311.01,311.01,311.95,4,310,96527.00,
938224,79NHIT40    ,F ,D,311.80,311.95,311.36,311.95,311.95,310.52,5,50,15581.00,
938226,79NHIT47    ,F ,D,415.80,416.50,415.80,416.45,416.45,416.65,4,145,60364.00,
938260,MFLTDIII24  ,F ,D,965.00,965.00,960.00,963.00,963.00,951.20,11,165,158793.00,
938270,945CAGL24   ,F ,D,1008.04,1008.04,1008.04,1008.04,1008.04,1002.00,1,1000,1008040.00,
938288,760MFL25    ,F ,D,1000.00,1000.00,1000.00,1000.00,1000.00,960.00,1,5,5000.00,
938322,95CCIL24    ,F ,D,1000.00,1000.00,1000.00,1000.00,1000.00,1000.00,2,8,8000.00,
938324,1050CCIL24  ,F ,D,989.00,1000.00,989.00,1000.00,1000.00,1000.00,5,3205,3204945.00,
938328,11CCIL26    ,F ,D,1000.00,1000.00,1000.00,1000.00,1000.00,1000.00,2,1001,1001000.00,
938330,115CCIL28   ,F ,D,1000.00,1000.00,951.00,951.00,951.00,1000.00,2,52,51902.00,
938338,KFL160123   ,F ,D,812.20,812.20,812.20,812.20,812.20,0.00,1,10,8122.00,
938356,ZCEFSL25    ,F ,D,1000.00,1000.00,1000.00,1000.00,1000.00,0.00,1,100,100000.00,
938358,920EFSL26   ,F ,D,995.00,995.00,985.00,985.00,985.00,0.00,34,356,351100.00,
938362,ZCEFSL26    ,F ,D,1000.00,1000.00,1000.00,1000.00,1000.00,0.00,1,1,1000.00,
938364,967EFSL28   ,F ,D,980.00,985.10,980.00,983.40,983.15,0.00,20,540,531017.00,
938370,10EFSL33    ,F ,D,1000.00,1009.99,978.01,998.00,998.00,0.00,9,124,122791.00,
938372,1045EFSL33  ,F ,D,990.00,990.00,981.00,981.00,981.00,0.00,13,251,248406.00,
957809,1015UPPCL27 ,F ,D,1013256.00,1013256.00,1013256.00,1013256.00,1013256.00,1029000.00,1,1,1013256.00,
957835,9STFCL28A   ,F ,D,1174000.00,1174000.00,1174000.00,1174000.00,1174000.00,1180000.00,1,1,1174000.00,
958178,1032APCRD26 ,F ,D,204600.00,204600.00,204500.00,204500.00,204500.00,205150.00,2,15,3068000.00,
958409,956SBIPERP  ,F ,D,1030500.00,1030500.00,1030500.00,1030500.00,1030500.00,1020473.57,1,1,1030500.00,
959087,87HFSLPERP  ,F ,D,990000.00,1013210.00,990000.00,1013210.00,1013210.00,998041.00,2,4,4006420.00,
959209,1375SIBLPER ,F ,D,101855.00,101855.00,101765.00,101765.00,101765.00,101769.99,2,20,2036200.00,
959800,85BOBPERP   ,F ,D,1045000.00,1045000.00,1045000.00,1045000.00,1045000.00,1041006.00,3,3,3135000.00,
961714,PFCBS4      ,F ,B,13410.00,13410.00,13410.00,13410.00,13410.00,13410.00,1,4,53640.00,
961730,830PFC2027  ,F ,B,1135.00,1135.00,1135.00,1135.00,1135.00,1135.00,45,1250,1418750.00,
961732,810IRFC2327 ,F ,B,1128.80,1129.00,1128.80,1129.00,1129.00,1121.70,5,83,93705.00,
961744,812REC27    ,F ,B,1145.23,1148.00,1145.23,1148.00,1148.00,1173.48,2,105,120263.00,
961761,697DCI2023  ,F ,B,1060.00,1060.00,1050.00,1050.00,1050.00,1062.45,2,59,62050.00,
961765,751HUDCO28  ,F ,B,1087.10,1087.10,1087.10,1087.10,1087.10,1169.31,1,100,108710.00,
961779,871REC28    ,F ,B,1178.99,1179.00,1178.99,1179.00,1179.00,1172.00,2,845,996252.00,
961785,876HUDCO28  ,F ,B,1185.00,1195.00,1185.00,1195.00,1195.00,1188.00,2,3,3565.00,
961803,879PFC28    ,F ,B,1180.00,1180.00,1180.00,1180.00,1180.00,1221.00,1,1,1180.00,
961804,892PFC33    ,F ,B,1313.00,1313.49,1310.01,1310.04,1313.49,1310.00,3,134,175574.00,
961810,891NTPC33   ,F ,B,1331.00,1334.99,1331.00,1333.00,1333.00,1329.95,7,579,772104.00,
961822,891IIFCL34  ,F ,B,1280.00,1284.00,1280.00,1284.00,1284.00,1285.00,2,239,306844.00,
961829,848IRFC24   ,F ,B,1148.39,1148.39,1148.39,1148.39,1148.39,1089.11,1,45,51677.00,
961839,880IREDA29  ,F ,B,1295.97,1295.97,1295.97,1295.97,1295.97,1295.99,1,50,64798.00,
961851,900KPL29    ,F ,B,1255.00,1255.00,1255.00,1255.00,1255.00,1250.00,1,1,1255.00,
961863,898HUDCO29  ,F ,B,1188.16,1188.16,1188.16,1188.16,1188.16,1196.50,1,100,118816.00,
961879,819IRFC24   ,F ,B,1306.90,1306.90,1306.90,1306.90,1306.90,1090.00,1,1,1306.00,
961895,880IIFCL29  ,F ,B,1267.00,1267.00,1250.00,1250.00,1250.00,1263.00,5,949,1199722.00,
961897,880IIFCL34  ,F ,B,1340.00,1350.00,1340.00,1350.00,1350.00,1346.75,3,40,53700.00,
961906,736NTPC25D  ,F ,B,1062.00,1062.00,1060.00,1060.00,1060.00,1060.01,2,125,132700.00,
972655,IFCI010811B ,F ,B,32880.00,32880.00,32880.00,32880.00,32880.00,32850.00,1,10,328800.00,
972657,IFCI010811D ,F ,B,11200.00,11200.00,10900.00,10900.00,10900.00,11000.00,2,20,221000.00,
972706,IFCI121211C ,F ,B,12285.00,12285.00,12285.00,12285.00,12285.00,12270.00,2,4,49140.00,
972715,IFCI150212C ,F ,B,12720.00,12720.00,12720.00,12720.00,12720.00,12650.00,3,12,152640.00,
972719,IFCI310312A ,F ,B,11700.00,11700.00,11700.00,11700.00,11700.00,12000.00,1,4,46800.00,
973117,SFL30321    ,F ,B,1158000.00,1158000.00,1158000.00,1158000.00,1158000.00,1151999.00,1,7,8106000.00,
973491,675PCHFL31  ,F ,B,831.55,833.72,831.51,832.97,832.50,831.90,12,4723,3931787.00,
973879,97UPPCL26   ,F ,B,1003444.00,1003444.00,1003444.00,1003444.00,1003444.00,1006500.00,2,2,2006888.00,
973947,AKCFL26522  ,F ,B,1057179.00,1057179.00,1057179.00,1057179.00,1057179.00,1001583.00,1,10,10571790.00,
974129,AFSL26822   ,F ,B,1033237.00,1033237.00,1033237.00,1033237.00,1033237.00,996858.00,1,8,8265896.00,
974286,995UPPCL30  ,F ,B,1031000.00,1033222.00,1031000.00,1033222.00,1033222.00,1030799.00,2,2,2064222.00,
974288,995UPPCL32  ,F ,B,1035000.00,1038000.00,1035000.00,1038000.00,1038000.00,1038777.00,5,6,6224000.00,
974354,8MTNL32     ,F ,B,1029000.00,1029000.00,1029000.00,1029000.00,1029000.00,1029616.00,1,5,5145000.00,
974452,962ASB32    ,F ,B,1012500.00,1012500.00,1012500.00,1012500.00,1012500.00,1012250.00,1,1,1012500.00,
974520,OFSPL060123 ,F ,B,100425.89,100425.89,100425.89,100425.89,100425.89,100400.09,15,18,1807666.00,
