SC_CODE,SC_NAME,SC_GROUP,SC_TYPE,OPEN,HIGH,LOW,CLOSE,LAST,PREVCLOSE,NO_TRADES,NO_OF_SHRS,NET_TURNOV,TDCLOINDI
500002,ABB LTD.    ,A ,Q,1584.60,1584.75,1563.20,1578.45,1579.00,1582.55,287,1771,2790383.00,
500003,AEGIS LOGIS ,A ,Q,229.30,230.95,222.95,224.85,224.00,230.90,362,8167,1842050.00,
500008,AMAR RAJA BA,A ,Q,639.70,642.25,630.95,639.15,639.80,630.25,455,9944,6325374.00,
500009,A.SARABHAI  ,X ,Q,15.20,15.49,14.25,14.41,14.62,15.12,183,34457,511218.00,
500010,HDFC        ,A ,Q,2146.90,2193.00,2128.80,2185.65,2185.65,2146.80,5353,133344,289236734.00,
500012,ANDHRA PETRO,X ,Q,60.10,61.95,59.00,59.40,59.45,60.15,216,32672,1963579.00,
500013,ANSAL INFRAS,B ,Q,9.25,9.40,9.00,9.06,9.05,8.65,251,47924,437843.00,
500014,APPLE FINANC,XT,Q,1.47,1.47,1.47,1.47,1.47,1.40,5,327,480.00,
500020,BOM DYEING  ,A ,Q,128.05,134.50,127.50,131.35,131.35,127.60,4253,356438,46942633.00,
500024,ASSAMCO     ,T ,Q,1.85,1.85,1.69,1.70,1.75,1.77,45,77343,131882.00,
500027,ATUL LTD.   ,A ,Q,3950.00,3960.00,3889.05,3925.30,3892.00,3959.50,228,560,2200542.00,
500028,ATV PROJECTS,XT,Q,4.40,4.48,4.40,4.48,4.48,4.48,12,1400,6228.00,
500029,AUTOLITE(I) ,Z ,Q,31.00,31.70,31.00,31.70,31.70,31.10,2,200,6270.00,
500031,BAJAJ ELECT.,A ,Q,544.35,548.50,540.00,542.50,540.00,544.10,281,4870,2647816.00,
500032,BAJAJHIND   ,B ,Q,9.00,9.10,8.75,8.92,8.92,9.00,372,337473,3009235.00,
500033,FORCE MOTR  ,A ,Q,1534.00,1595.00,1525.30,1579.85,1579.85,1532.10,1518,15698,24534602.00,
500034,BAJFINANCE  ,A ,Q,3410.00,3486.90,3402.20,3480.75,3481.00,3410.25,3689,68848,237789255.00,
500038,BALRAM.CHINI,A ,Q,152.60,154.80,151.45,153.20,153.20,152.50,604,65819,10074703.00,
500039,BANCO PROD. ,B ,Q,151.00,151.00,140.65,142.60,142.60,150.05,281,16376,2336831.00,
500040,CENTURY TEXT,A ,Q,1027.95,1039.50,1022.95,1031.70,1031.70,1023.80,574,10170,10484248.00,
500041,BANNARI AMAN,B ,Q,1454.95,1490.00,1420.00,1475.20,1475.00,1457.00,42,232,337418.00,
500042,BASF INDIA  ,A ,Q,1400.00,1406.75,1387.05,1391.75,1392.75,1392.75,52,243,338891.00,
500043,BATA INDIA  ,A ,Q,1323.80,1333.00,1303.75,1320.20,1320.20,1317.75,1893,57767,76381723.00,
500048,BEML LTD    ,A ,Q,987.00,1013.90,976.00,1008.65,1008.65,984.75,2020,77979,77904543.00,
500049,BHARAT ELECT,A ,Q,116.95,116.95,111.60,113.60,113.60,111.95,9252,1621603,184180237.00,
500052,BHANSALI ENG,B ,Q,71.55,73.65,71.55,72.50,72.50,71.25,693,65494,4743690.00,
500055,TATASTLBSL  ,B ,Q,30.75,31.00,30.40,30.55,30.60,30.80,645,58279,1783059.00,
500058,BIHAR SPONGE,XT,Q,0.94,0.97,0.94,0.95,0.95,0.98,4,352,333.00,
500059,BINANI IND. ,Z ,Q,29.90,29.90,27.35,29.20,29.20,28.65,42,8379,238040.00,
500060,BIRLACABLE  ,B ,Q,110.00,118.15,108.80,115.50,115.50,111.15,677,38712,4436532.00,
500067,BLUE STAR   ,A ,Q,796.20,808.55,781.60,786.75,784.00,796.65,489,3482,2760897.00,
500068,DISA INDIA  ,X ,Q,5860.50,5990.00,5815.00,5908.10,5900.00,5943.00,31,254,1495751.00,
500069,BNK CAPITAL ,X ,Q,80.85,86.10,80.80,85.25,85.25,85.75,13,1276,106505.00,
500074,BPL LTD.    ,B ,Q,27.05,27.40,26.45,26.85,26.85,26.80,102,18482,495143.00,
500078,OAL         ,X ,Q,220.00,222.00,217.15,220.25,218.00,225.05,52,6535,1436312.00,
500083,CENTURY EXT ,B ,Q,4.90,5.05,4.90,4.90,4.90,4.96,15,9980,49063.00,
500084,CESC LTD.   ,A ,Q,727.05,749.95,724.55,746.00,749.95,727.30,1636,50423,37511068.00,
500085,CHAMBAL FERT,A ,Q,188.50,189.00,182.95,187.95,187.95,186.70,940,35145,6560480.00,
500086,EXIDE IND.  ,A ,Q,212.85,216.00,212.80,214.35,214.00,212.65,679,57777,12391503.00,
500087,CIPLA LTD.  ,A ,Q,562.90,564.65,555.20,563.30,563.30,563.10,883,59184,33171627.00,
500092,CRISIL LTD  ,A ,Q,1455.40,1475.80,1455.00,1459.90,1455.00,1479.50,143,616,900098.00,
500093,CGPOWER     ,A ,Q,37.20,37.20,35.40,36.30,36.30,36.70,1184,615750,22278744.00,
500096,DABUR (I)   ,A ,Q,398.50,401.75,394.60,396.00,397.45,398.65,734,41804,16609777.00,
500097,DALMIASUG   ,B ,Q,116.30,120.80,116.30,117.95,117.95,117.90,352,19105,2260457.00,
500101,ARVIND Ltd  ,A ,Q,76.70,78.75,75.70,77.90,77.90,76.25,642,141825,10975062.00,
500102,BALARPUR IND,B ,Q,2.70,2.75,2.60,2.64,2.60,2.65,123,202674,541996.00,
500103,BHEL        ,A ,Q,71.15,72.10,70.60,71.65,71.65,71.15,2669,937161,66826180.00,
500104,HIND.PETRO  ,A ,Q,314.90,318.90,313.45,317.65,317.65,313.40,2611,216492,68529991.00,
500106,IFCI LTD    ,A ,Q,10.15,10.45,10.12,10.30,10.35,10.22,2097,355068,3660538.00,
500108,MAHA.TELE   ,B ,Q,9.99,9.99,9.67,9.85,9.85,9.71,246,116379,1136791.00,
500109,MRPL        ,A ,Q,63.40,63.40,62.05,62.25,62.25,63.30,368,88940,5555389.00,XD
500110,CHENNAI PET.,A ,Q,224.65,224.65,216.90,219.85,219.85,225.40,496,24070,5289863.00,
500111,REL.CAP.    ,A ,Q,131.35,133.10,126.55,130.20,130.20,130.35,7174,1290833,167403900.00,
500112,STATE BANK  ,A ,Q,350.00,354.90,347.60,353.65,353.65,348.55,8188,1041082,366050009.00,
500113,STEEL AUTH. ,A ,Q,51.70,51.80,49.75,50.60,50.60,51.20,2742,1425027,72133311.00,
500114,TITAN       ,A ,Q,1234.00,1248.70,1225.00,1240.90,1240.90,1235.50,790,26149,32299459.00,
500116,IDBI BANK L ,A ,Q,36.80,38.30,36.65,37.95,37.95,37.00,1173,537123,20250785.00,
500117,DCW LTD.    ,B ,Q,20.15,20.70,19.80,20.15,20.25,20.15,132,29755,604491.00,
500119,DHAMPUR SUGA,B ,Q,224.55,229.50,222.30,228.45,229.00,225.40,946,54919,12474413.00,
500120,DIAMINES&CHM,X ,Q,129.80,129.80,121.15,127.45,127.45,125.70,35,2997,378793.00,
500123,ELANTAS     ,B ,Q,2220.00,2250.00,2189.95,2213.50,2213.50,2268.80,91,846,1871684.00,
500124,DR.REDDY'S  ,A ,Q,2635.00,2665.00,2595.95,2651.40,2651.40,2611.05,1461,23838,62858218.00,
500125,E.I.D.PAR   ,A ,Q,190.20,193.70,188.05,189.95,190.70,191.25,162,3690,703047.00,
500126,MERCK LTD   ,A ,Q,3993.00,4098.95,3993.00,4081.60,4081.60,3993.00,1214,4765,19369660.00,
500128,ELEC.CASTING,B ,Q,19.25,19.40,19.00,19.10,19.25,19.20,44,6622,127672.00,
500132,EMPEE SUGARS,XT,Q,1.13,1.15,1.13,1.13,1.13,1.18,5,2508,2838.00,
500133,ESAB INDIA  ,B ,Q,1260.00,1295.00,1194.00,1207.20,1207.20,1237.35,254,1311,1611308.00,
500135,ESSEL PROP  ,B ,Q,129.05,130.40,129.00,129.70,129.70,129.10,51,4257,551715.00,
500136,ESTER INDUS.,B ,Q,35.95,36.45,35.95,36.00,36.05,35.70,44,4674,168603.00,
500141,FERRO ALLOYS,X ,Q,4.18,4.35,4.18,4.25,4.25,4.29,39,13205,55918.00,
500144,FINOL. CABLE,A ,Q,465.00,470.15,455.00,468.05,469.95,459.30,637,5222,2423544.00,
500147,CMI FPE     ,X ,Q,1220.00,1270.00,1207.00,1237.90,1231.00,1212.50,72,1593,1986300.00,
500148,UFLEX LTD   ,A ,Q,259.95,266.40,258.25,264.70,264.70,258.00,194,5980,1565475.00,
500150,FOSECO INDIA,B ,Q,1325.00,1325.05,1310.70,1314.20,1310.70,1323.15,16,180,237799.00,
500151,GOLDEN TOB  ,B ,Q,36.25,36.25,36.25,36.25,36.25,37.45,1,24,870.00,
500153,GANESH BENZO,X ,Q,48.00,48.00,45.50,45.80,45.60,47.75,129,29125,1346554.00,
500155,GARDEN SILK ,B ,Q,19.60,19.60,18.50,18.50,18.50,18.70,18,1174,21818.00,
500159,METROGLOBL  ,X ,Q,65.95,65.95,55.80,59.00,59.00,55.70,22,1115,65399.00,
500160,GTL LTD.    ,B ,Q,3.80,3.94,3.80,3.80,3.80,3.85,24,11674,45392.00,
500163,GODFREY PH  ,A ,Q,993.40,1011.20,940.00,950.20,950.20,992.40,1983,46794,45653123.00,
500164,GODREJ IND  ,A ,Q,484.15,487.00,476.00,484.60,484.60,482.45,493,19136,9254998.00,
500165,KANSAI NERO ,A ,Q,444.90,447.95,438.40,444.00,444.00,446.00,244,3212,1421537.00,
500166,GOODRICKE   ,X ,Q,201.00,204.00,195.25,197.55,197.00,203.65,138,6942,1377622.00,
500168,GOODYEAR (I),B ,Q,946.00,968.20,940.35,946.25,945.00,953.45,133,1504,1438191.00,
500171,GHCL LTD    ,A ,Q,263.15,268.35,261.30,264.65,264.65,262.65,268,6065,1602162.00,
500173,GUJ.FLOURO  ,A ,Q,1039.05,1044.90,1020.00,1035.15,1044.30,1040.50,271,3000,3109445.00,
500179,HCL INFOSYS ,B ,Q,16.00,16.80,16.00,16.40,16.40,16.55,143,43216,710912.00,
500180,HDFC BANK   ,A ,Q,2429.95,2447.15,2412.30,2439.25,2439.25,2415.75,2968,64410,156838127.00,
500182,HEROMOTOCO  ,A ,Q,2722.00,2743.70,2705.10,2717.70,2717.70,2722.80,1273,21664,58947608.00,
500183,HIMACHAL FUT,A ,Q,21.50,21.95,21.45,21.55,21.55,21.60,812,368112,7956276.00,
500184,HSCL        ,A ,Q,102.80,103.65,102.00,102.65,102.50,102.35,465,33245,3416019.00,
500185,HIND.CONSTN.,A ,Q,13.00,13.30,12.92,13.01,13.01,12.88,456,147395,1921207.00,
500186,HIND.OIL EXP,B ,Q,130.05,132.65,129.80,131.25,131.25,130.00,1186,94866,12448067.00,
500187,HSIL        ,B ,Q,289.50,293.05,286.70,288.45,290.00,289.50,128,3048,881907.00,
500188,HINDUS.ZI   ,A ,Q,254.00,254.00,246.90,250.05,249.05,248.80,590,46025,11465475.00,
500189,HINDUJA VENT,B ,Q,394.10,402.95,392.00,396.10,396.00,395.50,18,111,44033.00,
500191,HMT LTD.    ,Z ,Q,17.80,17.80,17.50,17.55,17.50,18.05,16,1941,34172.00,
500193,HOTEL LEELA.,B ,Q,9.30,9.39,9.00,9.21,9.25,9.30,28,6360,58622.00,
500199,I.G.PETRO   ,B ,Q,295.50,312.75,285.00,286.10,286.10,299.80,54,915,264545.00,
500201,IND.GLYCOLS ,B ,Q,267.40,269.85,263.55,267.95,267.95,269.35,405,13103,3496814.00,
500206,MARGO FIN   ,X ,Q,7.95,7.95,7.95,7.95,7.95,7.95,1,200,1590.00,
500207,INDO RAMA   ,B ,Q,31.15,31.80,30.55,31.10,31.10,31.80,13,3301,102452.00,
500209,INFOSYS LTD ,A ,Q,727.80,737.35,724.00,733.30,733.30,727.35,5626,217850,159685939.00,
500210,INGERSOLL   ,B ,Q,659.00,665.75,650.00,654.40,653.90,653.05,612,6693,4412544.00,
500211,INSILCO LTD.,X ,Q,16.60,16.60,16.50,16.50,16.50,16.80,16,2473,40853.00,
500212,INTEG.FIN.SE,XT,Q,31.85,31.85,31.85,31.85,31.85,33.50,2,10,318.00,
500213,INTER.TRAVEL,X ,Q,123.55,127.60,123.10,123.45,123.10,126.90,24,2046,253954.00,
500214,ION EXCHANGE,X ,Q,461.85,461.85,455.35,461.20,461.85,439.90,658,100165,46184371.00,
500215,AGRO TECH FO,B ,Q,537.65,544.00,525.10,532.20,528.00,535.50,28,89,47561.00,
500219,JAIN IRRIG  ,A ,Q,54.50,54.70,52.65,54.20,54.20,53.95,1049,477471,25598639.00,
500220,JASCH INDUST,X ,Q,50.05,57.00,50.05,54.60,54.60,52.50,168,56772,3117289.00,
500223,JCT LTD     ,X ,Q,1.48,1.50,1.45,1.46,1.46,1.47,30,19674,28881.00,
500227,JINDAL POLYF,B ,Q,257.35,262.30,250.55,255.05,254.00,256.35,85,2526,649712.00,
500228,JSWSL       ,A ,Q,282.00,282.70,275.10,276.60,276.60,280.55,3592,574836,160372795.00,
500231,UMANG DAIR  ,B ,Q,53.70,53.75,50.70,50.75,50.70,53.65,27,3004,153323.00,
500233,KAJARIA CER.,A ,Q,638.85,644.80,632.50,640.20,643.00,637.05,564,26491,16910443.00,
500234,KAKATIYA CEM,B ,Q,202.45,223.75,200.00,210.70,210.70,198.90,1544,40831,8782623.00,
500235,KALYANI STEL,B ,Q,233.00,233.00,222.35,224.70,224.70,233.60,556,15525,3508842.00,
500238,WHIRLPOOL   ,A ,Q,1453.00,1464.00,1437.15,1459.70,1462.00,1447.75,256,1353,1963043.00,
500239,KG DENIM    ,X ,Q,42.25,44.00,42.25,43.65,44.00,42.55,17,2268,98001.00,
500240,KINETIC ENG.,X ,Q,35.00,39.20,35.00,36.70,37.60,33.60,60,7656,287759.00,
500241,KIRL.BROS.  ,B ,Q,182.25,182.25,179.35,180.05,180.00,181.10,15,151,27206.00,
500243,KIRL INDUS  ,B ,Q,833.00,833.00,805.25,814.00,814.00,796.35,19,31,25439.00,
500245,KIRL.FERROUS,B ,Q,92.50,92.50,88.50,88.85,88.85,90.40,163,14648,1313257.00,
500246,ENVAIN ELECT,X ,Q,33.15,36.00,33.15,36.00,36.00,34.30,2,103,3423.00,
500247,KOTAK MAH.BK,A ,Q,1515.00,1538.70,1513.75,1533.50,1525.15,1515.35,1852,39865,60937702.00,
500249,KSB         ,B ,Q,720.95,720.95,692.00,693.05,693.20,705.70,62,450,313447.00,
500250,L.G.BALKRISH,B ,Q,361.05,386.65,361.05,377.30,380.90,374.00,94,1303,495797.00,
500251,TRENT LTD.  ,A ,Q,376.05,387.00,376.05,385.35,386.50,376.30,268,5047,1930099.00,
500252,LAXMIMACH   ,A ,Q,5555.00,5680.00,5506.00,5615.45,5607.00,5643.15,89,280,1580987.00,
500253,LIC HOUS.FIN,A ,Q,550.30,564.25,550.30,556.10,556.10,556.80,1618,62535,34939626.00,
500254,UTTAMVALUE  ,T ,Q,0.19,0.19,0.19,0.19,0.19,0.19,5,1147,217.00,
500257,LUPIN LTD.  ,A ,Q,738.00,746.85,733.40,743.70,743.70,733.60,1121,46842,34645049.00,
500259,LYKA LABS   ,T ,Q,25.70,26.80,25.70,26.10,26.10,26.45,3,151,3921.00,
500260,RAMCOCEM    ,A ,Q,825.65,835.00,821.30,828.95,834.00,819.75,353,7061,5860294.00,
500264,MAFATLAL IND,X ,Q,100.00,100.00,96.50,99.10,100.00,100.00,26,737,72835.00,
500265,MAH.SEAMLESS,B ,Q,459.00,466.50,454.20,456.80,456.95,469.20,712,23397,10730358.00,
500266,MAH.SCOOTER ,B ,Q,4227.30,4298.95,4208.40,4256.15,4298.95,4186.65,46,107,455273.00,
500267,MAJESTIC AUT,X ,Q,185.00,189.00,181.20,183.85,183.85,182.10,68,5282,966938.00,
500268,MANALI PETRO,B ,Q,26.00,26.00,25.70,25.85,25.75,25.90,60,12215,315588.00,
500271,MFSL        ,A ,Q,438.20,460.50,433.80,453.35,453.35,439.65,1496,67389,30365748.00,
500279,MIRC ELECT  ,B ,Q,22.30,22.30,20.45,21.00,21.15,22.30,449,55433,1166595.00,
500280,CENTURY ENKA,B ,Q,231.85,232.50,229.00,230.65,230.50,227.85,95,4620,1067475.00,
500284,LORDS CHLORO,XT,Q,59.85,59.85,59.85,59.85,59.85,60.50,1,5,299.00,
500285,SPICEJET LTD,A ,Q,138.70,148.00,138.50,144.50,144.50,140.05,16598,2953564,426764075.00,
500288,MOREPEN LAB.,B ,Q,21.00,21.30,20.15,20.45,20.50,21.00,325,96303,1996385.00,
500290,MRF LTD.    ,A ,Q,55425.00,56199.95,55001.00,55212.85,55212.85,55994.20,161,200,11106168.00,
500292,HEIDEL CEM  ,A ,Q,211.85,214.15,209.20,210.60,210.60,214.85,584,22176,4697920.00,
500294,NCC         ,A ,Q,111.50,117.90,111.50,116.95,116.95,113.45,2621,656300,75949921.00,
500295,VEDL        ,A ,Q,165.80,165.95,162.80,163.95,163.95,165.80,2740,451088,74119367.00,
500296,NAHAR SPG.  ,B ,Q,86.85,91.00,85.00,85.65,85.10,86.35,63,2438,210424.00,
500298,NAT.PEROXIDE,B ,Q,2477.05,2544.80,2454.60,2471.90,2471.90,2489.65,860,4117,10314152.00,
500300,GRASIM IND. ,A ,Q,911.90,919.75,899.10,911.20,910.00,911.95,1885,80783,73657718.00,
500302,PEL         ,A ,Q,2200.00,2215.55,2156.50,2201.10,2201.10,2156.15,1600,31485,69000576.00,
500304,NIIT LTD.   ,B ,Q,108.40,109.60,106.45,106.70,106.70,108.05,856,65493,7071646.00,
500306,JAYKAY      ,X ,Q,5.40,5.40,5.01,5.07,5.06,5.25,17,1368,6933.00,
500307,NIRLON      ,B ,Q,210.65,218.65,206.60,206.60,206.60,205.00,25,13666,2834114.00,
500312,ONGC CORPN  ,A ,Q,172.15,172.15,168.00,169.65,169.65,171.55,1763,223213,37893443.00,
500313,OIL COUNTRY ,B ,Q,12.01,12.01,11.80,11.80,11.80,12.02,8,714,8530.00,
500314,ORIENT HOTEL,B ,Q,42.55,43.60,42.55,42.60,42.60,43.45,10,353,15171.00,
500315,ORINTAL BANK,A ,Q,102.20,103.30,99.75,101.35,101.35,102.10,818,214346,21727456.00,
500317,OSWAL AGRO. ,B ,Q,7.88,7.88,6.90,7.11,7.11,7.28,22,837,6051.00,
500319,INDIAN SUCRO,X ,Q,22.25,22.30,20.55,21.45,21.45,21.25,15,1241,26588.00,
500325,RELIANCE    ,A ,Q,1316.40,1340.45,1316.00,1330.60,1330.60,1313.25,14544,509268,676887565.00,
500327,PILITA      ,B ,Q,7.90,8.63,7.81,8.61,8.61,8.22,343,432368,3593529.00,
500329,PENTAMED.G  ,XT,Q,0.34,0.35,0.33,0.33,0.35,0.34,19,8712,2904.00,
500330,RAYMOND     ,A ,Q,840.45,852.00,838.00,848.60,848.60,838.05,465,12563,10613562.00,
500331,PIDILITE    ,A ,Q,1267.70,1280.80,1260.95,1268.45,1268.45,1266.85,623,12129,15423540.00,
500333,PIX TRANS   ,X ,Q,186.00,190.85,185.40,188.05,188.05,186.70,64,1739,326257.00,
500335,BIRLA CORPN.,A ,Q,674.75,677.45,661.20,662.40,662.40,670.75,714,17337,11559170.00,
500336,SURYA ROSHNI,B ,Q,257.00,259.15,255.00,255.80,255.10,257.35,203,11623,2990557.00,
500337,PRIME SECUR.,B ,Q,39.25,41.80,39.25,41.70,40.50,39.70,314,118126,4839477.00,
500338,PRSMJOHNSN  ,A ,Q,96.90,101.25,96.75,98.55,98.60,97.15,499,36613,3615855.00,
500339,RAIN        ,A ,Q,117.35,120.20,115.00,118.95,118.95,116.60,1883,129168,15271505.00,
500343,AMJLAND     ,B ,Q,19.00,19.40,19.00,19.25,19.25,19.70,14,2568,49673.00,
500346,PUN.COMMUNI.,B ,Q,16.10,16.80,16.10,16.80,16.80,17.45,5,182,2968.00,
500350,RSWM  LTD   ,B ,Q,159.55,160.50,158.00,160.25,160.25,161.65,45,863,138242.00,
500354,RAJSH.SUGAR ,B ,Q,26.80,27.00,24.75,25.25,25.70,27.00,38,5740,149876.00,
500355,RALLIS INDIA,A ,Q,150.95,154.25,150.30,150.90,150.40,151.45,168,5532,842099.00,
500356,RAMANEWS    ,B ,Q,20.50,21.80,20.35,21.60,21.75,21.85,35,13161,278476.00,
500357,RAMA PAPER  ,X ,Q,19.55,20.25,19.00,20.10,20.25,18.85,30,6764,133843.00,
500360,RAPICUT CARB,X ,Q,46.00,46.00,46.00,46.00,46.00,45.25,2,187,8602.00,
500365,RMGALLOY    ,X ,Q,15.45,15.90,15.00,15.40,15.40,15.65,43,67267,1013748.00,
500366,ROLTA (I)   ,T ,Q,6.99,6.99,6.51,6.70,6.84,6.77,128,65942,445916.00,
500367,RUBFILA INT.,X ,Q,41.20,42.90,40.65,41.25,41.15,41.85,81,59475,2469205.00,
500368,RUCHI SOYA  ,T ,Q,7.95,7.95,7.55,7.66,7.60,7.58,620,378565,2941410.00,
500378,JINDAL SAW  ,A ,Q,89.55,89.95,87.00,88.90,89.20,89.35,439,56121,4973022.00,
500380,JK LAKSHMI  ,A ,Q,391.00,394.75,385.15,390.00,390.55,390.55,269,5518,2149067.00,
500387,SHREE CEMENT,A ,Q,21513.50,21899.85,21291.85,21421.10,21400.00,21611.55,182,334,7202004.00,
500390,REL INFRA   ,A ,Q,110.00,110.60,101.50,103.10,103.10,109.65,10106,1845279,193230931.00,
500400,TATA POWER  ,A ,Q,68.95,70.70,67.95,70.30,70.30,68.60,3435,1232205,86136934.00,
500402,SPMLINFRA   ,B ,Q,28.50,28.50,26.55,27.60,28.00,27.05,26,1309,35728.00,
500403,SUNDARAM FAS,A ,Q,541.05,544.95,533.75,540.70,542.80,543.55,187,1339,721804.00,
500404,SUNFLAG IRON,B ,Q,43.00,43.45,42.10,42.95,43.35,42.50,129,8978,383216.00,
500405,SUPREME PET ,B ,Q,224.60,226.50,223.90,224.60,225.00,226.00,65,2443,548593.00,
500407,SWARAJ ENGIN,B ,Q,1415.00,1423.10,1413.00,1414.15,1413.00,1417.10,10,38,53832.00,
500408,TATA ELXSI  ,A ,Q,891.40,892.35,882.00,884.85,884.85,888.55,909,30461,26973349.00,
500410,ACC LTD     ,A ,Q,1721.20,1732.10,1703.45,1710.60,1716.95,1724.50,865,38415,65945404.00,
500411,THERMAX     ,A ,Q,999.15,1016.00,998.05,1005.35,1005.35,1008.35,295,2158,2174232.00,
500412,THIRUMALAI  ,B ,Q,92.75,93.40,89.10,90.90,90.90,92.25,417,29847,2712709.00,
500413,THOMAS COOK ,A ,Q,225.10,234.70,225.10,231.80,229.35,226.45,235,4020,929639.00,
500414,TIMEX GROUP ,X ,Q,47.10,48.35,46.55,46.95,46.55,47.70,67,18980,893649.00,
500418,TOKYO PLAST ,B ,Q,43.70,55.95,43.70,48.60,48.60,49.90,16,188,9213.00,
500420,TORRENT PHAR,A ,Q,1510.80,1575.15,1510.80,1559.75,1559.75,1510.80,1155,22419,34883918.00,
500422,TRANSCHEM   ,X ,Q,23.55,23.55,20.50,21.10,21.10,22.20,12,500,10456.00,
500425,AMBUJA CEME ,A ,Q,236.85,236.85,232.45,233.40,233.40,234.05,477,39040,9118818.00,
500426,UTLINDS     ,X ,Q,18.80,19.40,18.45,19.00,19.25,19.40,127,144693,2732002.00,
500429,UNIPHOS ENT.,B ,Q,101.15,103.30,100.20,101.35,100.20,103.00,33,3205,326872.00,
500439,VARD HOLDNG ,B ,Q,2087.50,2087.50,2059.10,2067.05,2075.00,2105.00,8,13,26979.00,
500440,HINDALCO    ,A ,Q,200.70,200.70,196.40,199.90,199.90,199.40,1981,490441,97650233.00,
500444,WEST COAS PA,B ,Q,289.80,297.00,276.40,279.10,279.10,262.35,6635,303729,86764273.00,
500449,HIND.ORG.CHM,B ,Q,25.75,25.75,23.50,23.95,24.00,23.70,357,117979,2880050.00,
500450,MPIL CORP L ,XT,Q,160.00,160.00,160.00,160.00,160.00,158.25,1,5,800.00,
500456,PAS.ACRYLON ,X ,Q,18.25,18.80,18.25,18.40,18.50,18.60,27,5326,98269.00,
500459,PROCTER &GAM,A ,Q,10938.60,11006.00,10896.60,10974.55,10969.05,10910.60,79,133,1454053.00,
500460,MUKAND LTD. ,B ,Q,55.00,55.30,52.30,53.45,53.45,55.00,111,42013,2303921.00,
500463,AGCNET      ,B ,Q,109.00,118.40,109.00,110.25,110.25,108.10,33,585,67068.00,
500464,UCAL FUEL   ,B ,Q,171.55,172.00,170.15,171.30,171.50,173.15,56,2686,459738.00,
500467,HARR.MALAYAL,B ,Q,71.85,73.00,71.50,72.40,73.00,71.65,71,2370,171321.00,
500469,FEDERAL BANK,A ,Q,107.85,108.80,107.15,108.05,108.05,107.45,1388,406110,43829313.00,
500470,TATA STEEL  ,A ,Q,494.00,496.05,486.65,489.10,489.10,493.30,4887,349808,171562100.00,
500472,SKF INDIA   ,A ,Q,1900.00,1900.00,1880.00,1886.70,1897.00,1909.25,94,512,967075.00,
500477,ASHOK LEYL. ,A ,Q,90.10,90.50,89.20,90.35,90.35,89.70,4523,955540,85940093.00,
500480,CUMMINS (I) ,A ,Q,761.55,771.00,751.90,764.10,771.00,767.50,1716,19943,15101966.00,
500483,TATA COMM   ,A ,Q,546.05,551.95,541.50,549.95,549.95,545.05,419,11434,6262903.00,
500488,ABBOTT (I)  ,A ,Q,7864.85,7944.45,7762.85,7826.80,7807.25,7803.20,181,416,3266836.00,
500490,BAJ HOLD INV,A ,Q,3486.05,3510.90,3455.00,3494.50,3493.00,3507.55,212,1715,5994195.00,
500493,BHARAT FORGE,A ,Q,474.80,477.00,465.60,470.45,470.45,473.50,1330,63108,29638411.00,
500495,ESCORTS LTD.,A ,Q,619.00,620.00,606.30,616.75,616.75,619.35,2074,97195,59650251.00,
500500,HIND.MOTORS ,T ,Q,7.13,7.60,7.02,7.27,7.30,7.38,46,16047,114375.00,
500510,LARSEN & TOU,A ,Q,1550.00,1569.00,1541.10,1558.25,1558.25,1552.40,4331,126329,196888207.00,
500520,MAH & MAH   ,A ,Q,658.90,667.25,656.20,661.45,661.45,672.25,3055,119167,78844561.00,
500530,BOSCH LTD   ,A ,Q,17099.80,17450.00,16943.55,17192.40,17192.40,17025.00,986,5131,88691814.00,
500547,BHARAT PET. ,A ,Q,401.70,409.00,400.25,407.50,407.50,399.05,1877,169332,68540549.00,
500550,SIEMENS LTD.,A ,Q,1254.45,1308.00,1249.30,1299.25,1299.25,1253.20,1995,37026,47676928.00,
500570,TATA MOTORS ,A ,Q,176.65,178.60,173.30,175.05,175.05,176.30,7485,1247352,218849685.00,
500575,VOLTAS LTD  ,A ,Q,570.45,575.20,564.70,571.90,571.90,572.35,902,53578,30583758.00,
500620,GREAT EASTE ,A ,Q,284.25,284.80,278.65,280.05,280.05,282.25,170,2302,645842.00,
500645,DEEPAK FERT.,A ,Q,151.80,153.70,146.50,148.05,148.05,150.90,664,28263,4246056.00,
500650,EXCEL INDUST,B ,Q,1116.40,1133.00,1108.80,1126.20,1115.00,1107.80,170,2133,2392771.00,
500655,GARWARE POLY,X ,Q,263.00,263.00,245.00,246.00,245.50,233.70,479,48126,11980873.00,
500660,GLAXOSMITH  ,A ,Q,1271.65,1275.45,1262.55,1270.40,1269.00,1271.00,117,662,839596.00,
500670,GUJ.NARMADA ,A ,Q,293.25,294.50,287.05,288.75,288.75,308.35,3102,180378,52406425.00,
500672,NOVARTIS    ,B ,Q,701.05,707.50,694.00,695.65,695.65,700.65,697,8644,6049183.00,
500674,SANOFI      ,A ,Q,5400.00,5424.45,5335.00,5365.75,5389.50,5424.90,110,324,1741649.00,
500676,GLAXOSMITHKL,A ,Q,7450.00,7465.00,7380.00,7437.95,7455.00,7404.35,90,218,1619399.00,
500680,PFIZER LTD. ,A ,Q,3195.80,3217.35,3178.60,3196.50,3217.35,3178.40,166,568,1813657.00,
500690,GUJ.ST.FERT ,A ,Q,107.10,108.60,106.30,107.90,107.90,107.10,1079,161355,17389355.00,
500696,HIND UNI LT ,A ,Q,1786.00,1791.65,1780.00,1784.00,1784.00,1778.35,1650,40297,72009127.00,
500710,AKZOINDIA   ,A ,Q,1754.95,1782.15,1736.95,1748.85,1745.00,1756.55,163,728,1274262.00,
500730,NOCIL LTD   ,A ,Q,133.65,135.35,133.40,134.35,134.20,135.25,383,26123,3503860.00,
500770,TATA CHEM.  ,A ,Q,636.60,640.50,629.80,634.10,634.10,634.65,1481,38950,24720445.00,
500777,T.P.L.      ,B ,Q,39.05,39.30,38.40,38.75,38.65,38.95,46,3704,143847.00,
500780,ZUARIGLOB   ,B ,Q,106.15,107.15,104.50,105.05,104.60,103.25,30,587,61746.00,
500790,NESTLE (I)  ,A ,Q,11176.05,11341.45,11176.00,11291.10,11302.00,11179.55,599,1981,22346029.00,
500800,TATAGLOBAL  ,A ,Q,234.30,238.00,233.10,236.75,236.75,234.25,1173,104595,24605628.00,
500820,ASIAN PAINTS,A ,Q,1359.35,1387.50,1353.60,1373.35,1373.35,1359.35,3047,111685,153367136.00,
500825,BRITANIA IND,A ,Q,2954.70,2954.70,2876.90,2887.75,2887.75,2921.90,1043,23354,68114100.00,
500830,COLGATE PALM,A ,Q,1161.90,1165.95,1152.40,1161.20,1161.20,1161.90,1349,15272,17711384.00,
500840,EIH LTD.    ,A ,Q,196.40,200.00,195.00,198.55,198.55,197.00,411,30674,6023552.00,
500850,INDIAN HOTEL,A ,Q,150.00,152.40,148.60,151.30,151.30,149.60,643,28172,4243972.00,
500870,CASTROL     ,A ,Q,146.75,147.90,146.00,147.00,147.00,147.45,473,56896,8361781.00,
500875,ITC LTD.    ,A ,Q,289.55,290.90,288.20,289.10,289.10,288.35,2015,245478,71138622.00,
500877,APOLLO TYRES,A ,Q,192.60,199.25,192.60,197.20,195.50,194.25,722,71455,14055379.00,
500878,CEAT LIMITED,A ,Q,1002.55,1004.35,990.15,996.25,999.20,1000.35,467,41374,41259070.00,
500940,FINOLEX IND.,A ,Q,494.00,500.65,493.90,496.50,494.80,491.75,341,4833,2404470.00,
501148,DALAL ST INV,XT,Q,238.50,238.50,238.50,238.50,238.50,233.85,8,180,42930.00,
501150,CENTRUM CAP ,A ,Q,30.35,31.15,30.35,30.75,30.75,30.90,76,26380,812687.00,
501242,TCI FINANCE ,B ,Q,15.00,16.00,15.00,15.46,15.94,16.51,9,764,11925.00,
501295,INDUS.INV.TR,B ,Q,71.00,71.00,71.00,71.00,71.00,76.00,1,10,710.00,
501298,INDUS.&PRUD.,X ,Q,910.20,910.20,910.10,910.10,910.10,944.00,2,25,22754.00,
501301,TATA INVEST.,A ,Q,885.00,891.00,883.25,888.60,888.00,886.85,115,946,839552.00,
501314,GROMOTRADE  ,X ,Q,450.05,450.35,449.75,449.75,449.75,449.80,64,2577,1159403.00,
501343,MOTOR&GEN.FI,B ,Q,35.00,39.00,35.00,35.75,35.75,38.20,3,102,3649.00,
501370,WALCHAND PF ,X ,Q,95.00,95.00,86.05,86.05,86.05,87.20,3,61,5258.00,
501391,W.H.BRADY   ,X ,Q,119.90,119.90,119.90,119.90,119.90,117.90,1,1,119.00,
501421,SOLIX TECHNO,XT,Q,131.80,138.35,131.80,138.35,138.35,131.80,3,10,1363.00,
501423,SHA ENG PLA ,X ,Q,668.80,668.80,613.15,641.30,635.00,643.70,131,3386,2155582.00,
501425,BOM.BURMAH  ,A ,Q,1152.05,1181.50,1146.00,1166.75,1166.95,1146.80,852,9364,10939305.00,
501430,BOM.CYCLE   ,X ,Q,2249.00,2257.50,2047.00,2047.00,2047.00,2150.00,10,13,28475.00,
501455,GREAVES COTT,A ,Q,148.40,151.20,146.30,149.40,149.40,147.95,991,44897,6713421.00,
501700,INDIA NIVEH ,X ,Q,66.55,66.65,66.50,66.55,66.55,66.65,33,6129,407923.00,
501831,COAST CORP  ,X ,Q,320.00,320.00,301.00,307.40,315.00,313.80,87,16156,5026472.00,
501833,CHOWGULE ST ,XT,Q,6.90,7.00,6.75,7.00,7.00,6.88,27,50210,347929.00,
501848,GLOBAL OFFS ,B ,Q,10.64,10.95,10.00,10.50,10.51,10.64,26,8712,91194.00,
502015,ASIIL       ,X ,Q,16.65,16.65,15.90,16.43,16.60,16.30,21,10265,168918.00,
502090,SAGAR CEM.  ,B ,Q,697.00,705.00,680.00,680.30,680.30,698.85,44,897,621783.00,
502137,DECAN CEMENT,B ,Q,425.00,433.00,398.75,416.30,410.50,427.50,206,3005,1265457.00,
502157,MANGALAM CEM,B ,Q,272.30,272.30,264.05,266.10,266.10,264.55,11,464,124406.00,
502168,N C L IND.  ,B ,Q,147.00,153.00,147.00,151.80,151.80,145.80,108,2665,402973.00,
502175,SAURAS.CEM. ,X ,Q,47.10,48.60,47.05,47.70,47.35,47.15,32,2361,112273.00,
502180,SRI DIGV CEM,X ,Q,16.50,16.90,16.40,16.45,16.45,16.50,237,113815,1883673.00,
502219,BOROSIL GLAS,B ,Q,209.00,209.90,199.00,199.75,199.25,204.25,603,23794,4841781.00,
502271,RAASI REFRAC,XT,Q,4.86,5.11,4.86,5.11,5.11,5.11,2,251,1232.00,
502281,TRIVENI GLAS,XT,Q,9.50,9.50,9.50,9.50,9.50,9.55,172,9057,86041.00,
502330,IPAPPM      ,B ,Q,426.00,428.00,406.00,423.95,423.95,429.35,2794,140413,58720125.00,
502355,BALKRISH IND,A ,Q,815.15,818.15,797.35,799.50,798.10,813.05,802,24901,20056831.00,
502407,NATH PULP   ,X ,Q,66.00,66.80,62.65,66.80,66.80,62.60,6,406,26480.00,
502420,ORIENT PAPER,B ,Q,33.40,33.75,33.20,33.35,33.35,32.75,310,49862,1669390.00,
502445,CITADEL     ,X ,Q,14.90,15.95,14.85,15.20,15.20,16.35,46,3686,55530.00,
502448,ROLLATAINER ,T ,Q,2.28,2.28,2.28,2.28,2.28,2.28,2,200,456.00,
502450,SESHA.PAPER ,B ,Q,1004.00,1007.90,989.50,1005.00,1005.00,982.45,8,78,77721.00,
502587,RAMA PULP   ,X ,Q,66.70,68.40,64.00,64.00,64.00,66.70,44,8553,559573.00,
502589,VAPI PAPER  ,XT,Q,15.46,15.46,15.16,15.45,15.45,15.16,9,991,15079.00,
502742,SINTEX IND. ,B ,Q,6.35,6.50,6.30,6.31,6.37,6.37,250,181086,1146771.00,
502820,DCM LTD.    ,T ,Q,45.00,45.00,42.75,42.75,42.75,80.70,184,20953,907996.00,SA
502865,FORBES & CO ,B ,Q,2131.00,2226.95,2130.00,2144.90,2131.35,2141.20,93,495,1068185.00,
502901,JAMSHRI RANJ,X ,Q,1890.00,1983.90,1890.00,1925.00,1925.00,1890.00,4,5,9653.00,
502933,KATARE SPG. ,XT,Q,10.55,10.55,10.55,10.55,10.55,10.05,1,100,1055.00,
502937,KESORAM IND ,B ,Q,70.70,72.85,69.45,71.15,71.15,70.70,138,8062,572997.00,
502958,LAKSHMI MILL,X ,Q,2175.10,2335.00,2175.10,2310.20,2310.00,2291.20,21,101,230432.00,
502986,VARDH TEXT  ,A ,Q,1077.25,1098.00,1077.25,1088.40,1088.40,1093.85,46,368,399453.00,
503015,MODERN INDIA,XT,Q,73.90,75.00,73.90,73.90,73.90,75.40,7,1193,88275.00,
503031,PENLAND LTD ,B ,Q,8.10,8.40,7.96,8.05,7.96,7.83,255,76532,626991.00,
503100,PHOENIX MILL,A ,Q,620.00,634.85,620.00,629.25,629.25,605.10,314,3305,2079705.00,
503101,MARATHON NEX,B ,Q,114.25,124.70,114.25,122.95,118.05,126.80,25,937,113851.00,
503162,REL.CHEMOTX ,X ,Q,76.10,80.00,76.10,77.50,77.50,77.05,34,2974,231305.00,
503169,RUBY MILLS  ,B ,Q,259.00,259.35,255.05,258.50,259.35,260.00,11,192,49704.00,
503229,SIMPLEX REAL,X ,Q,63.45,64.00,63.40,64.00,64.00,66.55,4,162,10303.00,
503310,SWAN ENG    ,A ,Q,104.90,106.80,104.55,105.90,106.00,105.15,752,158963,16728161.00,
503349,VICTORIA MIL,X ,Q,2400.00,2400.00,2400.00,2400.00,2400.00,2402.00,1,4,9600.00,
503657,VEER ENERGY ,X ,Q,9.11,9.27,8.95,9.09,9.00,9.20,97,8737,80073.00,
503663,TILAK       ,X ,Q,0.57,0.57,0.56,0.56,0.56,0.57,4,5400,3029.00,
503722,BANSW.SYNTEX,B ,Q,71.30,73.00,71.30,73.00,73.00,75.50,15,790,56820.00,
503804,SHRI DINESH ,X ,Q,135.00,135.00,126.70,126.80,126.80,131.00,6,99,12964.00,
503806,SRF LIMITED ,A ,Q,2900.00,2909.60,2880.10,2899.75,2899.75,2911.45,814,11274,32680404.00,
503811,SIYARAM SILK,B ,Q,354.30,358.80,350.00,353.95,353.95,352.85,82,574,203259.00,
503831,FOMENTO HOTE,X ,Q,104.95,107.00,104.95,107.00,107.00,102.00,4,785,82585.00,
503960,BHARAT BIJLE,B ,Q,1130.00,1209.40,1104.95,1145.05,1145.05,1096.55,968,7288,8529198.00,
504000,ELPRO INTER ,X ,Q,50.00,50.25,50.00,50.15,50.25,50.00,9,1455,72825.00,
504008,EMCO LTD.   ,T ,Q,2.15,2.15,2.05,2.15,2.15,2.15,16,65757,141111.00,
504028,GEE LTD     ,X ,Q,30.20,32.00,28.00,29.50,29.60,31.70,61,8877,264210.00,
504036,HIND.RECT   ,B ,Q,134.60,135.60,132.65,135.40,135.60,134.65,26,2693,362476.00,
504058,NIPPOBATRY  ,B ,Q,520.00,523.00,505.45,512.00,512.00,512.55,26,239,123124.00,
504067,ZENSAR TECH.,A ,Q,246.55,250.75,246.50,249.30,248.00,245.45,126,2097,521114.00,
504076,JYOTI LTD.  ,XT,Q,7.90,8.45,7.90,8.45,8.45,8.11,8,1112,9333.00,
504084,KAYCEE IND  ,X ,Q,3482.00,3482.00,3482.00,3482.00,3482.00,3316.20,20,123,428286.00,
504092,INDOKEM LTD.,X ,Q,10.40,10.63,10.25,10.25,10.25,10.41,7,820,8592.00,
504093,PANA ENERG  ,X ,Q,181.50,184.80,177.00,178.35,178.35,180.90,134,9425,1704495.00,
504112,NELCO LTD.  ,B ,Q,323.00,325.00,311.80,312.90,312.90,320.55,657,19837,6303718.00,
504132,PERM MAGNETS,X ,Q,179.85,194.50,174.05,192.75,192.75,162.10,993,71736,13642974.00,
504176,HIGH ENERGY ,X ,Q,225.00,225.00,200.00,216.95,211.30,210.00,13,138,29756.00,
504212,UNIV.CABLE  ,B ,Q,238.00,240.20,230.25,233.60,231.80,239.60,235,9728,2285205.00,
504220,W.S.INDUSTR.,T ,Q,0.90,0.90,0.90,0.90,0.90,0.94,1,200,180.00,
504258,LAKSHMI ELEC,X ,Q,492.50,499.95,480.05,485.80,485.80,491.20,79,2475,1195375.00,
504286,DELTA MAG   ,B ,Q,65.35,69.70,65.35,69.70,69.70,67.95,2,371,24249.00,
504341,RELTD       ,X ,Q,38.00,39.40,38.00,38.00,38.00,39.95,8,1175,44930.00,
504351,EMPOWER     ,X ,Q,0.19,0.19,0.19,0.19,0.19,0.19,5,13001,2470.00,
504378,NYSSACORP   ,X ,Q,1.36,1.38,1.36,1.38,1.38,1.38,3,96,132.00,
504392,KRISHNA VEN ,XT,Q,6.65,6.65,6.65,6.65,6.65,6.34,5,1122,7461.00,
504605,UNI ABEX    ,X ,Q,468.00,468.80,468.00,468.80,468.80,446.50,6,90,42184.00,
504614,SARDA ENMIN ,B ,Q,283.35,283.75,270.70,272.75,274.40,283.00,194,4751,1304570.00,
504646,BHAGWATI AUT,X ,Q,124.50,129.00,124.50,126.00,126.00,128.55,11,218,27415.00,
504713,HIND.WIR LTD,X ,Q,37.00,37.70,37.00,37.70,37.70,35.95,5,1112,41642.00,
504741,IND.HUME PIP,B ,Q,286.50,290.00,279.60,285.45,285.00,279.45,163,13516,3836571.00,
504786,INVEST &PREC,X ,Q,263.00,263.00,250.00,255.00,255.00,260.30,14,302,77023.00,
504879,ORIENT ABRAS,B ,Q,23.70,24.45,23.55,24.00,24.30,23.65,27,5824,140327.00,
504918,SANDUR MANG.,X ,Q,893.00,900.00,880.00,881.90,880.05,893.35,76,2887,2567231.00,
504959,STOVAC IND. ,X ,Q,2298.00,2298.00,2250.00,2253.00,2280.00,2285.35,12,60,136836.00,
504961,TATA YODOGAW,XT,Q,39.55,39.80,39.35,39.80,39.80,40.75,10,1221,48229.00,
504966,TINPLATE    ,B ,Q,147.55,147.80,145.10,146.10,146.10,148.75,1008,90573,13219769.00,
504973,CHOLAHLDNG  ,A ,Q,489.00,497.50,488.05,494.90,491.10,492.40,29,358,176264.00,
504988,WELCAST     ,X ,Q,530.00,550.00,530.00,550.00,550.00,547.65,2,8,4260.00,
505010,AUTO AXLES  ,B ,Q,1150.00,1153.35,1131.05,1141.85,1137.05,1144.85,82,769,876225.00,
505029,ATLAS CYCLES,T ,Q,51.35,51.35,49.65,50.85,50.85,51.00,75,3953,200119.00,
505036,AUTO COR.GOA,X ,Q,501.55,517.95,501.55,515.10,515.00,514.55,20,300,154206.00,
505075,SETCO AUTO  ,B ,Q,28.00,28.15,27.40,27.95,27.75,27.65,67,11577,320960.00,
505141,SCOOTERS IND,T ,Q,30.00,30.00,27.20,28.55,28.55,28.60,19,2129,59365.00,
505160,TALBROS AUTO,B ,Q,185.00,190.00,185.00,189.40,190.00,190.80,59,1297,244193.00,
505163,ZF STEERING ,X ,Q,501.00,508.80,495.00,503.40,505.00,506.25,105,3494,1744490.00,
505192,SMLISUZU    ,B ,Q,850.00,850.35,822.00,832.50,822.00,841.30,162,1770,1473017.00,
505196,TIL LTD.    ,B ,Q,280.00,288.00,280.00,282.55,282.75,277.05,56,866,245701.00,
505200,EICHER MOTOR,A ,Q,20600.00,20600.00,19800.00,19879.65,19879.65,20417.65,1793,4511,90320695.00,
505216,ALFRED HERB ,X ,Q,592.10,623.20,592.10,623.20,623.20,597.55,10,75,45766.00,
505230,CIMMCO      ,B ,Q,33.60,33.90,33.55,33.90,33.90,35.70,5,248,8364.00,
505232,VELJAN      ,X ,Q,820.00,820.20,817.90,818.75,820.20,820.40,10,125,102380.00,
505242,DYNAMAT.TECH,B ,Q,1471.10,1515.00,1471.10,1514.00,1514.00,1538.50,4,9,13545.00,
505255,GMM PFAUDLER,B ,Q,1364.95,1392.95,1331.90,1363.50,1363.50,1366.05,174,2724,3719017.00,
505283,KIRLOSAR PN ,B ,Q,187.90,187.90,184.50,185.20,185.05,185.05,37,18296,3387457.00,
505285,TULIVE      ,XT,Q,255.00,255.00,255.00,255.00,255.00,260.10,1,8,2040.00,
505299,KULK-POWER  ,X ,Q,72.05,75.00,72.05,73.05,73.05,73.00,24,2643,197673.00,
505324,MANUGRAPH IN,B ,Q,22.90,22.90,20.35,21.10,21.10,21.15,71,4701,99067.00,
505343,MONOTYPE IND,XT,Q,0.19,0.19,0.19,0.19,0.19,0.19,3,1101,209.00,
505355,NESCO LTD   ,B ,Q,518.85,518.95,506.55,511.00,514.50,508.55,124,1814,926602.00,
505358,INTEGRA ENG ,X ,Q,52.90,53.70,50.20,51.15,51.00,52.55,48,10042,518905.00,
505368,REVATHI EQU.,B ,Q,444.30,444.70,418.00,444.70,444.70,370.60,47,882,384844.00,
505400,TEXINFRA    ,B ,Q,53.35,55.35,53.35,53.50,53.50,53.85,26,1035,55989.00,
505412,WENDT(INDIA),B ,Q,2851.10,2851.10,2851.10,2851.10,2851.10,2924.05,1,1,2851.00,
505509,RESPON IND  ,B ,Q,95.00,95.00,89.00,89.90,89.95,91.05,113,13355,1199295.00,
505523,MAHA CORP   ,X ,Q,0.21,0.21,0.21,0.21,0.21,0.22,1,90,18.00,
505526,DOLAT INV.  ,X ,Q,51.55,54.50,51.30,53.05,52.80,53.25,420,130957,6884955.00,
505533,WESTLIFE DEV,A ,Q,347.00,355.90,344.40,348.20,347.00,347.80,485,18288,6416737.00,
505537,ZEE ENTER   ,A ,Q,375.00,375.00,361.70,365.70,365.70,372.20,4686,311090,114197702.00,
505576,GOLDCORP    ,X ,Q,88.00,88.00,87.50,88.00,88.00,84.00,5,291,25604.00,
505590,SVPGLOB     ,X ,Q,385.00,389.90,370.55,379.50,379.50,377.00,56,4796,1823421.00,
505650,SKYL MILLAR ,X ,Q,3.02,3.02,3.02,3.02,3.02,3.02,1,800,2416.00,
505681,BIMETAL BEAR,X ,Q,464.95,470.00,461.05,467.30,462.10,465.60,15,161,75041.00,
505688,BHARAT GEARS,B ,Q,136.85,143.00,135.50,137.35,137.90,139.55,86,1331,184573.00,
505700,ELECON ENG  ,B ,Q,54.55,54.80,53.50,53.75,53.50,54.40,101,6423,345913.00,
505703,DECCAN BEAR.,XT,Q,7.22,7.22,7.22,7.22,7.22,7.60,3,25,180.00,
505710,GRAUER& WEIL,B ,Q,57.80,58.00,54.50,56.15,56.15,55.65,1482,211049,11838301.00,
505712,HIMTEK      ,X ,Q,78.50,78.50,73.70,74.95,75.00,75.10,37,7125,544226.00,
505714,GABRIEL(I)  ,B ,Q,136.00,136.05,133.85,134.95,134.50,135.80,89,2034,274395.00,
505720,HERC.HOISTS ,B ,Q,108.95,108.95,105.25,105.35,105.35,107.15,31,1892,200535.00,
505725,HIND.EVEREST,X ,Q,62.85,66.00,62.85,66.00,66.00,66.15,2,4,260.00,
505726,IFB IND.LTD.,B ,Q,790.25,800.20,758.60,764.85,766.95,801.35,188,1157,888978.00,
505729,SINGER INDIA,X ,Q,42.75,42.75,41.30,41.45,41.45,42.00,62,7585,317252.00,
505737,INTER.COMBUS,X ,Q,262.50,272.00,258.50,269.60,272.00,270.70,35,7109,1878834.00,
505750,JOSTS ENG.  ,X ,Q,666.50,679.90,622.50,650.00,650.00,666.70,11,144,91685.00,
505790,SCHAEFFLER  ,A ,Q,5131.50,5178.00,5085.00,5119.85,5112.75,5180.25,77,115,589228.00,
505800,RANE HOLDIN ,B ,Q,1240.00,1256.00,1240.00,1243.00,1243.00,1214.65,26,167,208568.00,
505827,SNL BEARINGS,X ,Q,298.90,298.90,265.00,269.40,270.50,288.00,83,4245,1145098.00,
505840,JAIPAN INDUS,X ,Q,18.00,18.00,16.30,17.70,17.70,16.95,8,153,2579.00,
505850,MANCREDIT   ,X ,Q,60.00,60.00,57.00,58.05,58.55,59.55,43,17788,1042451.00,
505854,TRF LTD.    ,B ,Q,129.65,132.70,128.25,128.70,128.70,128.50,283,6854,889204.00,
505872,WPIL LTD.   ,X ,Q,972.80,987.90,963.15,979.40,983.85,961.50,234,6072,5924653.00,
505890,KENNAMETAL  ,B ,Q,1222.00,1222.00,1175.10,1184.05,1184.05,1199.70,82,649,776539.00,
505893,HINDHARD    ,X ,Q,100.05,100.05,100.05,100.05,100.05,100.00,1,25,2501.00,
505978,TRITON VALVE,X ,Q,1032.50,1050.00,1011.15,1020.75,1015.00,1032.50,36,362,372875.00,
506022,PRAKASH IND.,B ,Q,71.60,73.45,63.00,72.90,72.90,72.30,484,70191,5014825.00,
506074,ARSHIYA     ,B ,Q,31.80,33.45,31.15,32.40,32.50,32.30,269,23328,763179.00,
506076,GRIND NORTON,A ,Q,595.40,602.00,590.00,592.80,592.25,601.50,353,3647,2179946.00,
506079,LAKSHMI PREC,Z ,Q,9.95,9.95,9.89,9.89,9.89,10.30,2,850,8409.00,
506105,STANROSE MAF,X ,Q,98.00,98.50,98.00,98.10,98.00,95.50,9,437,42919.00,
506109,GENESYS INT.,B ,Q,112.00,114.25,102.00,102.40,102.55,111.75,344,5239,558232.00,
506122,PANKAJPIYUS ,X ,Q,55.50,60.60,55.50,60.00,60.00,57.90,14,679,40105.00,
506128,PARNAXLAB   ,X ,Q,30.00,31.00,30.00,30.40,30.40,31.95,8,696,21186.00,
506146,VISAGAR POL ,B ,Q,0.49,0.50,0.46,0.49,0.49,0.48,18,14515,7051.00,
506186,GCKL        ,XT,Q,26.60,26.60,26.60,26.60,26.60,27.95,2,50,1330.00,
506194,ARIH SUPER  ,T ,Q,61.20,61.20,58.10,59.80,60.25,61.15,26,5847,348942.00,
506197,BLISSGVS PH ,B ,Q,168.30,169.50,164.30,166.15,166.15,166.95,1181,809881,135360192.00,
506222,INEOSSTYRO  ,B ,Q,494.90,504.75,493.00,500.30,498.30,493.35,48,514,256408.00,
506235,ALEMBIC LTD.,B ,Q,42.95,43.35,42.40,42.90,42.95,42.60,89,12668,541584.00,
506248,AMINES&PLAST,X ,Q,39.00,39.50,36.15,38.65,38.65,38.95,63,5598,214090.00,
506260,ANUH PHARMA ,X ,Q,135.15,139.00,135.15,138.70,139.00,137.10,41,2568,354773.00,
506261,MODISON MET.,X ,Q,47.00,48.60,47.00,47.25,47.30,46.50,56,17129,818708.00,
506285,BAYER CROP  ,A ,Q,3878.50,3883.70,3810.00,3870.20,3870.20,3858.25,242,1575,6062082.00,
506390,CLARI CHEM  ,B ,Q,310.00,310.00,305.60,306.25,307.00,308.15,98,3443,1055531.00,
506395,COROM INTER ,A ,Q,434.05,438.00,424.25,436.55,435.55,434.05,262,2884,1242152.00,
506401,DEEPAK NITR.,A ,Q,316.20,322.00,315.00,318.20,318.20,313.60,1396,62363,19862147.00,
506405,DHARAMSI CHM,X ,Q,195.40,195.40,170.00,176.65,175.95,162.90,696,106240,18896165.00,
506414,DIL LTD     ,X ,Q,782.00,921.00,782.00,887.25,887.25,781.25,933,19501,16968038.00,
506480,GOCLCORP    ,B ,Q,290.00,290.00,285.10,285.20,285.10,293.40,15,49,14156.00,
506520,JAYSHRI CHEM,X ,Q,8.85,8.85,7.51,7.93,7.90,7.80,12,3296,25833.00,
506522,JL MORISON  ,X ,Q,1375.00,1400.00,1375.00,1375.00,1375.00,1400.00,5,312,432050.00,
506525,KANORIA CHEM,B ,Q,62.00,65.00,62.00,64.00,64.00,63.90,31,3071,197333.00,
506528,KELTECH EN. ,X ,Q,791.05,852.80,791.00,793.05,791.00,830.00,7,50,39612.00,
506532,NITTA GELA  ,X ,Q,122.05,127.30,122.00,125.90,125.00,123.10,27,2260,282555.00,
506579,ORIENT.CARB.,B ,Q,1158.05,1176.90,1155.00,1157.65,1155.00,1169.95,37,263,306331.00,
506590,PHIL.CARBON ,A ,Q,156.95,157.00,150.10,151.50,151.50,156.55,1892,112729,17137031.00,
506597,AMAL PRODUCT,X ,Q,113.55,114.75,113.55,114.45,114.45,113.65,19,1404,160037.00,
506605,POLYCHEM    ,X ,Q,340.00,340.00,336.30,336.30,336.30,354.00,2,4,1356.00,
506618,PUN.CHEM    ,B ,Q,680.00,698.90,680.00,681.00,681.00,678.85,19,177,121717.00,
506642,SADHANA NITR,X ,Q,215.60,215.60,215.60,215.60,215.60,219.95,65,2723,587078.00,
506655,SUDARSH.CHEM,A ,Q,340.30,344.25,338.05,340.25,340.50,340.30,160,3695,1260931.00,
506685,ULTRAMARINE ,X ,Q,203.00,207.00,200.05,204.80,207.00,197.25,2482,30628,6245841.00,
506687,TRANSPEK    ,X ,Q,1590.00,1658.00,1588.00,1637.40,1632.00,1582.45,399,9062,14867529.00,
506690,UNICHEM LAB ,B ,Q,191.50,195.90,189.95,193.70,193.70,191.45,141,3908,753346.00,
506734,MYS PETRO   ,X ,Q,65.90,66.00,62.30,62.30,62.30,65.80,6,857,55971.00,
506767,ALKYL AMINES,B ,Q,838.00,874.90,800.00,819.35,819.35,803.25,250,3548,2990566.00,
506808,TUTICORIN.  ,XT,Q,3.42,3.42,3.32,3.32,3.32,3.42,2,100,337.00,
506820,ASTRAZEN.PH.,A ,Q,1984.40,2023.00,1976.15,1986.70,1994.00,1981.20,127,482,960977.00,
506852,PUN.ALKALI  ,X ,Q,79.95,79.95,76.50,77.10,77.00,78.00,43,1848,142814.00,
506854,TANFAC IND. ,X ,Q,187.05,191.90,186.00,186.50,186.50,190.30,99,9003,1682846.00,
506863,SWADESHI IND,XT,Q,0.95,0.95,0.95,0.95,0.95,0.95,5,193,183.00,
506879,GUJ.THEMIS. ,XT,Q,42.20,43.85,41.60,42.00,42.80,42.20,24,7916,333460.00,
506906,SCBL        ,XT,Q,5.24,5.25,4.91,5.20,5.20,5.16,79,17969,91632.00,
506910,JAYSN DYEST ,X ,Q,56.65,56.70,55.00,55.00,55.00,54.00,10,366,20401.00,
506919,MAKERS LAB. ,X ,Q,49.00,51.00,49.00,51.00,51.00,48.65,14,1040,52402.00,
506943,J.B.CHEMICAL,B ,Q,377.75,378.80,368.05,372.15,372.15,373.85,153,2367,884795.00,
506981,BL.CHIP TEX ,X ,Q,98.95,99.00,91.00,95.00,95.00,98.20,12,704,69268.00,
507155,JAGATJIT IND,XT,Q,38.45,38.45,38.45,38.45,38.45,40.00,1,50,1922.00,
507205,TILAKNAG IND,B ,Q,15.51,15.95,15.11,15.11,15.11,15.51,75,25058,385475.00,
507300,RAVALGAON   ,XT,Q,2599.60,2599.60,2408.00,2480.00,2480.00,2475.85,10,19,46197.00,
507315,SAKTHI SUGAR,T ,Q,11.35,11.35,10.70,10.70,10.70,11.07,27,3646,39796.00,
507410,WALCHANDNGR ,B ,Q,97.55,98.75,95.50,96.50,96.50,97.55,1604,194175,18907141.00,
507435,KHOD.INDIA  ,XT,Q,64.75,64.75,62.05,62.05,62.05,62.40,2,10,631.00,
507438,IFB AGRO    ,B ,Q,420.00,423.90,412.05,423.90,423.90,422.00,16,38,15915.00,
507442,DHARANI SUG ,B ,Q,11.05,11.10,10.34,10.46,10.73,10.55,65,9051,97356.00,
507450,THIRU A.SUG.,Z ,Q,10.45,10.45,10.45,10.45,10.45,10.99,23,5500,57475.00,
507474,KOTHARI FERM,X ,Q,74.50,77.55,73.15,76.30,77.50,72.00,24,1670,125432.00,
507488,G.M.BREWERI ,B ,Q,520.30,524.00,505.60,520.50,521.00,516.90,184,2100,1088571.00,
507490,RANA SUGARS ,B ,Q,3.30,3.34,3.22,3.25,3.25,3.30,16,12405,40347.00,
507498,PICCADILY SU,X ,Q,6.65,6.68,6.08,6.40,6.40,6.12,9,1948,12491.00,
507508,RIGA SUGAR  ,XT,Q,4.80,4.80,4.80,4.80,4.80,4.60,1,200,960.00,
507514,SOM DISTILL.,Z ,Q,126.00,135.00,125.40,128.60,132.00,131.95,243,43427,5475344.00,
507525,AMRIT CORP  ,X ,Q,590.00,646.00,590.00,646.00,646.00,618.05,11,51,32065.00,
507526,ASSO.ALCOHOL,X ,Q,230.00,231.90,225.00,226.60,227.00,231.65,186,8737,1989955.00,
507552,FOODS & INNS,X ,Q,68.55,70.80,68.20,69.50,69.50,69.50,461,63811,4426915.00,
507580,IVP LIMITED ,T ,Q,96.00,96.00,95.95,95.95,95.95,101.00,6,360,34552.00,
507598,KLRFM       ,X ,Q,41.40,41.40,36.00,37.80,37.80,40.00,25,1182,44504.00,
507621,MILKFOOD    ,X ,Q,424.00,433.60,417.00,423.90,423.90,424.00,27,1539,646213.00,
507645,POLSON LTD. ,X ,Q,10250.00,10730.00,10082.10,10301.05,10301.05,10321.00,11,13,135239.00,
507685,WIPRO LTD.  ,A ,Q,286.05,289.90,285.60,288.30,288.30,285.90,4541,291032,83742544.00,
507690,ORIENT BEVER,X ,Q,83.55,83.55,78.15,79.35,78.25,83.60,8,500,40647.00,
507717,DHAN AGRI   ,B ,Q,375.00,383.85,375.00,383.85,383.85,376.15,13,336,127001.00,
507747,TTK HEALTHCA,B ,Q,650.00,684.95,646.00,662.90,684.95,651.05,37,337,220507.00,
507753,TGVSL       ,X ,Q,38.30,38.35,37.30,37.60,37.60,38.55,284,78812,2978887.00,
507759,LIME CHEM.  ,X ,Q,40.50,40.50,40.50,40.50,40.50,40.00,2,115,4657.00,
507779,KANPUR PLAST,X ,Q,103.15,114.00,103.15,108.65,109.50,104.50,113,7494,818173.00,
507785,TAINWALA CH.,B ,Q,83.00,86.40,72.30,76.25,72.65,75.80,134,5387,431263.00,
507789,JAGSON PHAR ,B ,Q,27.00,30.20,27.00,29.75,29.50,28.85,45,3434,101020.00,
507794,KHAITAN CHEM,X ,Q,8.06,8.10,7.95,8.08,8.08,8.16,18,5970,48115.00,
507813,NATI. OXYGEN,X ,Q,40.00,44.90,37.35,42.00,42.00,42.50,47,6590,277809.00,
507815,GILLETTE (I),A ,Q,7333.50,7333.50,7168.80,7191.70,7180.00,7278.70,85,172,1242122.00,
507817,WIRES FABRIK,X ,Q,78.00,78.00,78.00,78.00,78.00,75.05,5,85,6630.00,
507828,ANSALHSG    ,B ,Q,10.95,10.95,10.20,10.42,10.26,10.04,286,69028,725899.00,
507836,MAC CHARLES ,X ,Q,286.00,305.00,286.00,300.00,300.00,293.85,23,867,257675.00,
507852,ADDI IND.   ,X ,Q,8.00,8.00,8.00,8.00,8.00,8.00,1,5,40.00,
507864,PION INVEST ,X ,Q,29.30,32.00,29.30,30.55,30.55,32.25,105,20612,622572.00,
507872,ASHNOOR TEX.,XT,Q,14.45,14.45,14.45,14.45,14.45,13.80,5,1235,17845.00,
507878,UNITECH LTD ,B ,Q,1.27,1.27,1.21,1.24,1.24,1.25,276,1046706,1288756.00,
507880,VIP INDUS.  ,A ,Q,437.50,439.20,430.50,435.25,436.10,438.20,833,22149,9626549.00,
507894,SCHABLONA (I,XT,Q,9.91,9.91,9.91,9.91,9.91,9.45,2,15,148.00,
507910,FIBERWB IN  ,X ,Q,20.25,20.60,19.70,20.00,19.95,20.35,356,74309,1486235.00,
507912,LKP FIN     ,X ,Q,101.50,101.50,101.00,101.00,101.00,105.00,3,120,12141.00,
507944,BAJAJ STEEL ,X ,Q,279.00,279.00,261.00,265.45,266.50,279.55,80,2516,668048.00,
507960,GUJ.HOTELS  ,X ,Q,105.15,107.95,105.15,107.95,107.90,107.25,4,22,2318.00,
507970,PARA. COSMET,X ,Q,16.45,16.45,16.45,16.45,16.45,17.30,1,46,756.00,
507981,JINDAL HOTL ,X ,Q,38.70,39.70,38.10,39.60,39.70,37.05,20,962,38059.00,
507998,SIMMONDS-MAR,X ,Q,72.00,72.00,66.00,67.55,67.10,67.20,68,4867,326739.00,
508136,BNALTD      ,X ,Q,152.00,152.00,147.00,147.90,147.00,149.00,5,690,102550.00,
508486,HAWKINS COOK,B ,Q,3029.95,3030.00,2925.00,3001.30,3020.00,3004.05,362,1859,5515033.00,
508494,WARREN TEA  ,X ,Q,60.55,60.55,58.25,60.10,60.10,61.30,9,60,3513.00,
508664,BEST E.HOTEL,XT,Q,20.10,20.10,20.10,20.10,20.10,20.50,4,5030,101103.00,
508807,IST LTD.    ,X ,Q,625.05,650.00,625.00,650.00,650.00,648.55,4,150,96250.00,
508814,COSMO FILMS ,B ,Q,235.05,236.75,228.50,229.40,233.00,232.50,99,2559,591636.00,
508869,APOLLO HOSP.,A ,Q,1225.00,1235.00,1195.50,1204.90,1204.90,1203.35,3152,100718,122252639.00,
508875,NITINCAST   ,X ,Q,79.45,79.45,79.45,79.45,79.45,79.45,2,37,2939.00,
508905,SMIFS CAPITA,X ,Q,39.70,39.70,39.70,39.70,39.70,38.00,3,4,158.00,
508906,EVEREST INDS,B ,Q,452.10,465.00,452.10,460.65,456.00,447.50,128,1797,823874.00,
508922,MSR INDIA   ,X ,Q,9.90,9.90,9.50,9.50,9.50,9.50,3,35,343.00,
508933,AYMSYNTEX   ,B ,Q,35.50,35.55,35.50,35.55,35.55,35.80,2,800,28405.00,
508941,PANASON CAR ,X ,Q,351.50,352.50,340.00,346.55,344.10,350.95,51,786,273080.00,
508989,NAVNETEDUL  ,B ,Q,109.00,110.85,108.95,109.25,108.95,109.75,39,1928,211137.00,
508996,SATPROP LTD ,X ,Q,1.39,1.39,1.39,1.39,1.39,1.41,9,14654,20369.00,
509020,RUCHI INFRA.,T ,Q,2.85,2.90,2.72,2.82,2.74,2.85,13,3805,10637.00,
509048,LANCOR HOLDS,X ,Q,15.75,15.75,15.20,15.50,15.20,15.50,4,520,8080.00,
509051,INDIAN INFO.,XT,Q,0.19,0.19,0.19,0.19,0.19,0.19,4,890,169.00,
509055,VISAKA IND. ,B ,Q,428.00,449.70,426.50,431.75,426.50,417.55,1338,31837,14038086.00,
509077,PRESSMN     ,B ,Q,29.00,29.90,28.95,29.00,28.95,28.75,6,526,15338.00,
509079,GUFIC BIO SC,B ,Q,82.00,83.95,80.65,82.00,82.70,80.90,100,4692,382867.00,
509148,GOVIND RUBB.,XT,Q,3.46,3.63,3.46,3.63,3.63,3.46,12,2300,8230.00,
509152,GRPLTD      ,B ,Q,1015.00,1059.95,1006.05,1033.30,1059.95,1031.80,19,84,86712.00,
509162,INDAG RUBBER,X ,Q,99.25,99.25,95.00,95.00,95.00,96.70,45,2760,264037.00,
509196,M.M.RUBBER  ,XT,Q,70.50,73.70,66.70,69.55,71.00,70.20,44,7606,518119.00,
509220,PTL LTD     ,B ,Q,40.60,41.50,40.00,41.40,41.40,41.95,22,699,28334.00,
509243,TVS SRICHAKR,B ,Q,2070.30,2084.80,2050.00,2054.65,2055.10,2080.00,80,284,585158.00,
509438,BENARES HOT ,XT,Q,1594.85,1595.05,1530.00,1552.35,1584.95,1549.55,33,374,592311.00,
509449,BHAGWATI OXY,XT,Q,13.97,13.97,13.97,13.97,13.97,14.70,1,149,2081.00,
509472,CRAVATEX    ,X ,Q,315.95,315.95,315.95,315.95,315.95,300.95,5,279,88150.00,
509480,BERGE PAINT ,A ,Q,305.90,305.90,297.10,300.40,300.40,300.25,900,41242,12363456.00,
509486,CAPRIHANS   ,X ,Q,55.50,55.50,48.00,52.55,52.60,49.95,66,8288,422139.00,
509488,GRAPHITE IN.,A ,Q,433.65,438.90,427.75,432.40,432.40,430.65,4456,203912,88215671.00,
509496,ITDCEM      ,B ,Q,114.70,118.80,114.70,117.90,117.90,114.30,219,9067,1061879.00,
509525,EMPIRE IND. ,X ,Q,717.10,739.85,696.60,702.40,706.00,716.60,212,5573,3942849.00,
509557,GARFIBRES   ,B ,Q,1151.55,1151.55,1093.00,1114.85,1111.00,1105.85,31,74,83726.00,
509567,GOA CARBON  ,B ,Q,417.75,420.90,410.30,413.90,413.90,416.35,764,15431,6407032.00,
509597,HARDCASTLE  ,X ,Q,258.00,280.00,258.00,280.00,280.00,268.00,3,6,1614.00,
509631,HEG LIMITED ,A ,Q,1825.00,1843.70,1775.00,1792.95,1792.95,1819.05,2495,27825,50281148.00,
509635,HIND.COMPOSI,B ,Q,211.00,218.00,211.00,215.25,215.90,216.00,15,162,34803.00,
509675,HIL         ,B ,Q,1832.50,1867.00,1830.60,1841.05,1833.00,1837.70,105,410,756912.00,
509692,IND.CARD    ,T ,Q,107.25,107.25,107.25,107.25,107.25,111.05,1,1,107.00,
509709,INT.CONVEYOR,X ,Q,28.10,28.10,28.10,28.10,28.10,29.50,1,200,5620.00,
509715,JAYSHRE TEA ,B ,Q,64.80,65.50,59.00,63.15,63.15,64.85,184,11151,697806.00,
509820,PAPERPROD   ,B ,Q,268.00,268.00,258.60,260.20,260.75,261.80,97,4389,1147529.00,
509835,PREMIER SYN.,X ,Q,7.22,7.22,7.22,7.22,7.22,7.36,8,179,1292.00,
509874,SHALIMAR PAI,B ,Q,84.50,91.95,83.15,89.10,89.10,81.95,918,82197,7342021.00,
509895,HIND MILLS  ,X ,Q,325.70,349.00,325.70,345.00,345.00,336.00,12,94,32339.00,
509930,SUPREM IND  ,A ,Q,1087.60,1089.35,1072.85,1082.60,1081.25,1087.60,131,1188,1281998.00,
509966,VST INDUS.  ,A ,Q,3488.25,3488.25,3450.00,3476.00,3477.70,3474.00,9,23,79992.00,
510245,SWASTI VINAY,X ,Q,3.30,3.44,3.06,3.26,3.39,3.24,39,7591,25133.00,
511012,YAMINI INVES,XT,Q,0.24,0.24,0.23,0.24,0.24,0.23,16,27084,6480.00,
511034,JINDAL DRILL,B ,Q,103.00,107.50,102.00,103.90,104.60,93.25,694,38709,4060295.00,
511064,APLAYA      ,X ,Q,0.61,0.61,0.61,0.61,0.61,0.60,46,97228,59309.00,
511066,SAKTHI FIN. ,X ,Q,18.50,19.50,18.50,19.50,19.50,19.00,11,1291,24895.00,
511072,DEWAN H.FIN.,A ,Q,114.90,118.40,109.65,114.35,114.35,115.85,11377,2170033,247896088.00,
511076,SAT IND LTD ,X ,Q,33.50,34.40,31.00,33.15,33.00,30.80,120,35644,1171722.00,
511092,JMDVL       ,X ,Q,6.35,6.35,6.35,6.35,6.35,6.47,1,2,12.00,
511108,SHIVA TEXYAM,B ,Q,150.00,150.00,139.00,139.70,139.15,144.65,29,276,39140.00,
511110,V.B.DESAI   ,X ,Q,7.59,7.59,7.59,7.59,7.59,7.98,1,10,75.00,
511116,QUADRANT    ,XT,Q,0.20,0.21,0.20,0.21,0.21,0.21,9,15076,3065.00,
511131,KAMAN HSG   ,X ,Q,7.50,8.00,6.97,7.98,7.98,7.56,17,1193,8823.00,
511144,ASYAINFO    ,X ,Q,3.26,3.26,3.26,3.26,3.26,3.20,6,3670,11964.00,
511147,WALL ST.FIN.,X ,Q,27.95,29.95,26.65,28.65,29.10,27.00,22,1301,36782.00,
511196,CANFIN HOMES,A ,Q,353.10,358.70,353.10,356.05,356.05,353.85,1615,58236,20754451.00,
511208,IL & FS INVE,B ,Q,4.02,4.30,4.02,4.16,4.16,4.11,20,30353,126055.00,
511218,SHRIRAM TRAN,A ,Q,1114.00,1130.80,1108.35,1126.30,1122.00,1109.80,889,11063,12390499.00,
511243,CHOLAFIN    ,A ,Q,1482.70,1525.95,1480.00,1505.40,1505.40,1477.55,1756,25778,38866481.00,
511288,GRUH FINANCE,A ,Q,315.00,320.40,315.00,317.75,317.25,315.80,1132,22019,6996926.00,
511333,VLS FINANCE ,B ,Q,60.10,61.25,59.15,59.20,59.20,60.45,63,2745,165519.00,
511355,IND CEM CAP ,X ,Q,2.42,2.42,2.42,2.42,2.42,2.31,1,50,121.00,
511359,AD-MANUM FIN,X ,Q,17.00,17.60,16.70,17.60,17.60,17.50,9,902,15281.00,
511389,VIDEOCON IND,Z ,Q,2.10,2.10,2.00,2.03,2.03,2.06,27,9392,18935.00,
511411,SHRISTINFRA ,X ,Q,182.00,184.00,181.00,183.70,181.00,180.55,9,72,13201.00,
511431,VAKRANGEE   ,A ,Q,49.00,49.80,46.55,47.95,47.95,48.75,3589,1469527,71296620.00,
511441,GUJ.CREDIT  ,XT,Q,8.74,8.74,8.74,8.74,8.74,9.20,1,2,17.00,
511451,DHARANI FIN.,XT,Q,2.66,2.66,2.53,2.53,2.53,2.66,2,599,1593.00,
511463,ALEXANDER   ,X ,Q,13.54,14.90,13.54,14.11,14.70,14.25,153,80982,1136431.00,
511473,IND.BANK MER,B ,Q,8.75,9.25,8.75,8.85,8.85,8.95,12,2312,20802.00,
511501,BHARAT BHUSH,X ,Q,17.95,17.95,17.95,17.95,17.95,17.10,2,8,143.00,
511505,CAPITAL TRUS,B ,Q,189.00,189.00,180.00,180.00,180.00,185.15,4,345,63000.00,
511509,VIVO BIO TEC,X ,Q,41.35,41.40,36.65,39.95,39.95,41.70,33,3025,117843.00,
511523,VEERHEALTH  ,X ,Q,8.25,8.25,8.00,8.00,8.00,8.00,3,550,4402.00,
511533,SAHARA HOUSG,X ,Q,42.00,42.00,37.00,39.95,39.95,36.00,3,350,13892.00,
511543,GSB FINANCE ,X ,Q,8.49,8.49,8.49,8.49,8.49,8.49,1,9,76.00,
511549,MORARKA FIN.,X ,Q,19.95,19.95,19.00,19.00,19.00,19.00,3,146,2816.00,
511551,MONARCH     ,X ,Q,32.15,33.00,32.15,32.30,32.25,33.00,16,1081,35029.00,
511557,PRO FIN CAP.,X ,Q,39.25,39.25,39.25,39.25,39.25,40.05,4,20,785.00,
511559,TIMES GUARAN,T ,Q,34.35,37.85,34.35,37.85,37.85,36.05,3,550,20642.00,
511571,SOMDATT FIN ,XT,Q,4.67,4.67,4.67,4.67,4.67,4.45,2,255,1190.00,
511589,AVONMORE    ,X ,Q,14.95,14.95,14.00,14.68,14.50,14.55,20,4320,61150.00,
511605,ARIHANT CAP.,X ,Q,72.50,72.50,70.00,70.40,70.40,70.05,20,906,63817.00,
511630,SAMBHAAV MED,B ,Q,5.10,5.10,4.22,4.40,4.40,4.49,24,7901,37683.00,
511658,NETTLINX LTD,X ,Q,38.00,38.00,34.25,35.80,36.00,37.65,45,7402,273148.00,
511664,BGIL FL TEC ,XT,Q,1.96,2.05,1.94,2.05,2.05,1.96,5,1600,3169.00,
511672,SCANSTL     ,X ,Q,35.20,39.45,35.20,36.50,37.90,36.35,45,6566,248291.00,
511676,GIC HOUSING ,A ,Q,271.00,271.00,266.45,269.65,268.10,269.10,233,8375,2257366.00,
511692,AJCON GLOBAL,XT,Q,29.40,29.40,29.40,29.40,29.40,29.45,1,1,29.00,
511712,RELIC TECHNO,X ,Q,7.38,7.38,7.38,7.38,7.38,7.03,1,151,1114.00,
511716,ESCORT FINAN,XT,Q,3.53,3.53,3.21,3.21,3.21,3.37,5,1050,3469.00,
511724,BAID LEASING,X ,Q,68.25,68.25,66.60,68.25,68.25,65.00,31,1790,121728.00,
511726,VIPUL LTD   ,B ,Q,44.50,44.50,43.25,43.25,43.25,46.00,10,2152,93358.00,
511728,KZ LEAS FIN.,X ,Q,8.71,8.71,8.71,8.71,8.71,8.30,1,2,17.00,
511736,USHDEV INTNL,XT,Q,0.31,0.32,0.31,0.32,0.32,0.31,11,25075,7970.00,
511742,UGROCAP     ,X ,Q,202.00,204.95,194.50,200.00,200.00,198.80,23,79689,16085693.00,
511764,UPASANA FIN.,X ,Q,47.00,53.00,45.00,45.40,45.00,46.35,40,30741,1559406.00,
511766,MUTHOOT CAP ,B ,Q,733.05,747.90,722.25,730.55,722.25,740.05,65,50561,37413635.00,
512018,CNI RES LTD ,XT,Q,1.71,1.86,1.70,1.86,1.86,1.78,3,260,447.00,
512048,LUHARUKA    ,X ,Q,0.52,0.52,0.52,0.52,0.52,0.52,1,1000,520.00,
512068,DECCANGOLD  ,X ,Q,26.05,26.40,25.15,25.75,25.75,26.30,121,45322,1175106.00,
512070,UPL         ,A ,Q,995.00,1014.70,988.55,1007.45,1007.45,995.85,3326,212309,214112060.00,
512093,CRANES SOFTW,X ,Q,1.48,1.55,1.42,1.47,1.55,1.48,23,3738,5411.00,
512131,SIGNET IND  ,B ,Q,37.50,38.10,36.70,37.35,37.35,38.40,34,4057,152407.00,
512149,ADVANCE TECH,X ,Q,0.19,0.19,0.19,0.19,0.19,0.19,3,17515,3327.00,
512161,8KMILES     ,B ,Q,99.50,102.80,98.10,101.15,101.15,100.05,222,15196,1539635.00,
512165,ABANSENT    ,XT,Q,45.00,45.00,41.95,42.00,42.00,44.00,16,2942,126924.00,
512175,VAMA INDS   ,X ,Q,9.25,9.25,8.50,8.90,8.90,8.71,10,2796,24264.00,
512179,SUNTECK REAL,A ,Q,502.15,505.35,480.30,492.80,492.80,496.30,927,56465,27853817.00,
512215,STEPHANOTIS ,XT,Q,83.90,85.25,83.25,83.95,85.25,85.00,15,575,48052.00,
512229,VERITAS     ,XT,Q,51.25,53.00,51.25,52.20,52.20,52.20,4,275,14263.00,
512237,JAI CORP LTD,A ,Q,121.30,122.30,117.80,119.85,119.85,121.15,1509,172467,20725275.00,
512247,ASHIRWAD CAP,X ,Q,3.43,3.54,3.37,3.49,3.44,3.44,58,44033,151334.00,
512257,SVARTCORP   ,X ,Q,4.33,4.33,3.92,4.03,4.03,4.33,90,55013,226575.00,
512267,MEDIA MATRIX,X ,Q,4.80,4.80,4.20,4.37,4.58,4.60,6,91013,402154.00,
512289,SHIRPUR GOLD,B ,Q,14.85,14.85,14.85,14.85,14.85,14.15,5,505,7499.00,
512296,BHAGYA INL  ,B ,Q,27.70,28.65,27.20,28.25,28.25,27.70,10,1316,36374.00,
512379,CRESSANDA SO,X ,Q,0.19,0.19,0.19,0.19,0.19,0.20,1,100,19.00,
512381,STARTECK    ,XT,Q,24.05,24.05,24.05,24.05,24.05,25.00,2,625,15031.00,
512393,SHARDUL SECU,X ,Q,48.80,48.85,48.80,48.85,48.85,47.10,2,2,97.00,
512425,NIRAV COMMER,X ,Q,241.40,241.40,221.00,221.00,221.00,229.95,2,20,4440.00,
512437,APOLLO FIN I,X ,Q,57.75,57.75,54.95,55.00,55.00,55.00,5,508,27959.00,
512453,SHRI JAGDAMB,X ,Q,217.70,220.60,203.70,215.80,216.00,210.40,19,436,93284.00,
512455,LLOYDS MET E,X ,Q,10.91,11.10,10.85,11.01,11.10,11.01,18,2661,29233.00,
512493,GARNET INTL ,X ,Q,47.65,47.65,47.55,47.55,47.55,47.60,5,105,4997.00,
512519,DONEAR IND. ,B ,Q,41.10,41.10,39.95,40.55,41.00,40.50,71,9112,369877.00,
512527,SUPER SAL IN,X ,Q,393.95,393.95,373.00,390.80,390.80,382.60,16,497,188034.00,
512529,SEQUENT     ,B ,Q,69.05,70.25,68.90,69.75,69.50,69.15,136,18120,1262144.00,
512531,STC INDIA   ,B ,Q,125.05,127.40,123.65,126.15,126.15,125.45,523,25851,3250982.00,
512553,ZENITH EXP. ,T ,Q,76.15,76.15,76.15,76.15,76.15,80.15,5,138,10508.00,
512559,KOHINORFOODS,B ,Q,28.50,28.50,27.70,28.20,28.20,29.00,55,3313,93211.00,
512573,AVANTI FEEDS,A ,Q,381.90,389.00,368.60,378.30,378.30,376.20,2817,93503,35453471.00,
512587,ZODIAC JRD  ,B ,Q,38.85,38.85,37.85,37.95,37.95,36.70,6,130,4927.00,
512597,KEYFINSER   ,B ,Q,36.90,36.90,36.90,36.90,36.90,35.20,1,23,848.00,
512599,ADANI ENTER ,A ,Q,158.00,159.35,155.30,157.85,157.85,155.30,4006,714522,112249489.00,
512604,HARIA EXPORT,X ,Q,1.90,1.90,1.90,1.90,1.90,1.93,4,1050,1995.00,
512608,BHANDARI HOS,B ,Q,2.02,2.02,1.81,1.85,1.85,2.05,25,28759,53894.00,
512626,ORBIT EXPORT,B ,Q,115.05,115.05,115.05,115.05,115.05,115.20,1,14,1610.00,
512634,SAVERA IND  ,X ,Q,59.05,63.00,56.40,58.50,58.45,63.65,129,7074,411319.00,
513010,TATA SPONGE ,B ,Q,726.50,727.30,718.90,723.05,723.55,728.85,128,1955,1412169.00,
513023,NAV BHAR VEN,A ,Q,104.35,104.35,96.60,97.20,97.20,106.30,1204,78823,7741660.00,
513059,G.S.AUTO INT,X ,Q,5.77,5.90,5.77,5.90,5.90,5.99,4,1210,7100.00,
513097,SHIV.BIMETAL,X ,Q,108.85,108.85,104.00,106.45,106.90,106.25,139,19870,2110470.00,
513108,GANDHI SP.TU,B ,Q,395.35,403.00,392.20,402.55,400.00,395.00,35,4607,1832427.00,
513121,ORICON ENT  ,B ,Q,26.55,27.65,26.40,26.60,26.95,26.90,47,4869,131103.00,
513142,BALASORE    ,X ,Q,21.25,21.40,20.15,21.40,21.30,20.40,203,49299,1041560.00,
513179,NAT STL AGRO,B ,Q,4.50,4.50,4.00,4.20,4.20,4.17,17,4648,19279.00,
513216,UTTAM GALVA ,B ,Q,10.78,10.78,9.81,9.86,9.81,9.86,34,5489,54404.00,
513228,PENNAR STEEL,B ,Q,37.65,38.00,36.65,37.65,37.70,37.00,261,23724,887569.00,
513252,JAY USHIN   ,XT,Q,339.75,339.75,339.75,339.75,339.75,357.60,1,50,16987.00,
513262,ST.STR.WHEEL,B ,Q,824.00,824.00,800.00,803.25,800.00,804.40,38,235,189420.00,
513269,MAN IND.(I) ,B ,Q,63.80,63.80,59.00,60.05,60.10,60.00,368,38558,2318204.00,
513291,PREM PIPES  ,XT,Q,11.70,11.70,11.70,11.70,11.70,11.90,2,2,23.00,
513307,SYNTHIKO FOI,XT,Q,19.05,19.05,19.05,19.05,19.05,19.05,2,41,781.00,
513335,METALFORGE  ,B ,Q,7.95,8.10,7.95,8.00,8.10,8.05,15,274,2188.00,
513349,AJMERA      ,B ,Q,181.95,191.00,181.90,185.85,185.85,181.60,527,21897,4112820.00,
513353,COCHIN MIN. ,X ,Q,181.90,182.40,171.15,172.00,172.00,175.60,20,2090,371722.00,
513361,ISW LTD     ,X ,Q,0.96,0.99,0.96,0.96,0.96,0.95,19,20610,19993.00,
513369,RAJKUMAR FRG,X ,Q,30.25,33.30,30.25,33.30,33.30,31.80,12,800,24866.00,
513375,CARBORUNDUM ,A ,Q,374.45,376.95,374.45,375.40,376.50,379.85,32,531,199202.00,
513377,MINERAL&METL,A ,Q,27.00,27.80,27.00,27.45,27.45,27.10,512,153051,4199024.00,
513401,ASHIANA ISP.,X ,Q,21.00,21.80,20.00,21.40,21.40,20.85,7,430,8910.00,
513414,SMPL        ,T ,Q,0.43,0.43,0.43,0.43,0.43,0.43,1,1000,430.00,
513434,TATA METALIK,A ,Q,610.45,619.90,607.20,611.80,619.90,611.00,72,1048,639123.00,
513436,SHAH ALLOYS ,B ,Q,17.00,17.00,17.00,17.00,17.00,16.50,1,5,85.00,
513446,MONNETISPA  ,B ,Q,22.25,22.40,21.60,21.60,21.60,22.15,56,8075,176369.00,
513456,KANISHK ST. ,XT,Q,9.45,9.45,9.45,9.45,9.45,9.00,2,62,585.00,
513472,SIMPLEX CAST,X ,Q,64.00,64.00,58.65,59.00,59.00,60.10,7,211,12952.00,
513502,BARODA EXTR.,XT,Q,0.19,0.19,0.19,0.19,0.19,0.19,2,5000,950.00,
513509,KALYANI FORG,T ,Q,278.45,283.00,256.60,283.00,283.00,270.00,56,3490,931683.00,
513511,PANCH.STEEL ,X ,Q,32.15,35.70,32.15,32.50,32.50,33.30,7,329,10663.00,
513517,STEELCAST   ,X ,Q,152.55,162.00,150.05,150.20,152.00,163.95,44,4106,629066.00,
513519,PITTIENG    ,B ,Q,50.30,50.30,48.75,49.40,48.75,50.10,30,2630,131065.00,
513532,PRADEEP MET.,X ,Q,68.40,68.40,64.95,65.75,67.35,64.80,13,1130,74984.00,
513534,VARDHMAN IND,X ,Q,2.00,2.00,2.00,2.00,2.00,2.00,2,1000,2000.00,
513536,GNRL        ,XT,Q,12.00,12.00,12.00,12.00,12.00,12.60,5,619,7428.00,
513540,T.N.STEEL TU,P ,Q,29.00,29.00,26.60,26.60,26.60,28.00,3,300,8220.00,
513548,SHARDA ISPAT,XT,Q,66.00,66.00,66.00,66.00,66.00,66.00,1,1,66.00,
513554,MAHA STEEL  ,B ,Q,188.00,195.00,187.00,194.00,194.00,185.90,412,50427,9675265.00,
513558,REAL STRIPS ,X ,Q,14.80,14.80,14.80,14.80,14.80,14.18,1,5,74.00,
513566,NOVA IRON&ST,XT,Q,6.90,6.90,6.90,6.90,6.90,6.95,7,302,2083.00,
513599,HIND.COPPER ,A ,Q,46.30,46.30,45.10,45.45,45.45,45.75,614,110330,5022914.00,
513605,SRIPIPES    ,B ,Q,191.20,192.60,188.00,188.75,189.00,189.00,151,8103,1540049.00,
513642,AXEL POLYMER,XT,Q,11.20,11.20,11.20,11.20,11.20,11.75,1,260,2912.00,
513683,NLCINDIA    ,A ,Q,69.65,69.65,64.55,64.90,64.90,69.20,565,41476,2743078.00,
513687,SPECTRA IND.,XT,Q,3.51,3.51,3.19,3.19,3.19,3.35,14,3452,11390.00,
513691,JMT AUTO LTD,B ,Q,2.40,2.40,2.24,2.25,2.24,2.35,8,926,2173.00,
513693,KIC METALIKS,X ,Q,66.25,67.00,66.25,66.80,67.00,62.95,12,1000,66712.00,
513703,KUMAR WIRE  ,XT,Q,41.50,41.50,41.50,41.50,41.50,39.55,1,25,1037.00,
513709,SHILP GRAVUR,X ,Q,106.95,106.95,100.00,103.65,103.00,102.50,57,4939,500189.00,
513713,WHITEORG    ,X ,Q,16.80,17.20,16.40,16.55,16.65,16.60,529,237306,3950699.00,
513729,ARO GRANITE ,B ,Q,55.40,55.80,54.00,54.00,54.00,55.65,25,2049,112062.00,
514010,HIM.FIBRES  ,X ,Q,1.79,1.79,1.63,1.79,1.79,1.71,4,41,73.00,
514030,DEEPAK SPINN,X ,Q,92.10,92.25,92.00,92.00,92.00,93.00,6,2325,214172.00,
514034,JBF IND.LTD ,B ,Q,18.25,19.00,18.25,18.65,18.65,18.60,14,1469,27363.00,
514036,LOY.TEX MILL,X ,Q,400.00,412.00,388.00,388.10,388.00,388.05,17,923,358953.00,
514043,HIMAT.SEIDE ,B ,Q,199.00,209.00,197.00,202.70,198.20,199.80,610,14456,2952305.00,
514045,BSL LTD.    ,B ,Q,37.75,37.75,37.25,37.50,37.25,37.35,8,1002,37594.00,
514087,PBM POLYTEX ,X ,Q,76.00,76.85,71.75,72.70,72.55,83.00,60,5217,381857.00,
514128,KONARK SYN. ,X ,Q,11.28,11.28,11.28,11.28,11.28,11.86,7,25,282.00,
514138,SURYALATA SP,X ,Q,142.25,142.25,142.25,142.25,142.25,135.50,6,35,4978.00,
514142,TT LTD.     ,B ,Q,52.45,52.50,52.20,52.25,52.20,54.35,9,432,22627.00,
514162,WELSPUN (I) ,A ,Q,57.50,57.50,56.40,56.70,56.70,57.20,576,52389,2983466.00,
514165,IND.ACRYLICS,X ,Q,15.15,15.15,14.30,14.37,14.30,14.73,126,31310,453012.00,
514167,GANESH ECOSP,B ,Q,320.00,330.05,317.10,319.70,319.70,318.00,74,6633,2127574.00,
514171,CEETA IND.  ,XT,Q,4.70,4.70,4.65,4.65,4.65,4.89,14,658,3064.00,
514175,VARDHMAN POL,T ,Q,6.65,6.65,6.10,6.15,6.15,6.37,32,1964,12155.00,
514183,BLA ROS IND ,X ,Q,48.00,53.35,48.00,48.60,48.50,48.00,342,64643,3278857.00,
514211,SUMEET INDUS,B ,Q,3.65,3.78,3.45,3.48,3.45,3.64,44,19745,69361.00,
514215,BINNY LTD.  ,X ,Q,140.30,140.55,133.05,134.90,134.90,145.65,67,2899,395163.00,
514221,KLIFESTYLE  ,XT,Q,0.20,0.20,0.20,0.20,0.20,0.19,1,1000,200.00,
514234,SANGAM INDIA,B ,Q,62.00,64.90,60.15,62.35,62.50,60.45,30,1084,66934.00,
514264,SEASONS TEXT,X ,Q,7.80,8.00,7.80,7.80,7.80,7.42,7,1380,10775.00,
514266,ZENITH FIBRE,X ,Q,55.00,55.00,53.30,53.30,53.30,53.30,9,1625,89257.00,
514272,BHILWARA SP.,X ,Q,13.40,14.50,13.40,14.43,14.50,14.10,24,3927,56175.00,
514274,AARVEE DENIM,B ,Q,22.65,23.40,22.65,23.40,23.40,24.00,4,200,4642.00,
514280,SANRHEA TECH,XT,Q,21.50,21.50,21.50,21.50,21.50,21.15,2,50,1075.00,
514286,ASHIMA LTD. ,B ,Q,11.77,11.80,11.26,11.47,11.50,11.79,48,11074,126750.00,
514300,PIONEER EMB ,T ,Q,25.20,26.00,24.25,25.60,24.25,25.20,10,3092,79070.00,
514302,VIPPY SPIN. ,X ,Q,39.00,43.00,39.00,42.10,42.00,43.15,15,3986,159121.00,
514318,JATTAINDUS  ,P ,Q,17.00,17.00,17.00,17.00,17.00,16.29,1,100,1700.00,
514322,KAMADGIRI   ,X ,Q,93.00,98.90,81.00,81.30,81.15,83.85,25,630,51475.00,
514326,PATSPIN INDI,B ,Q,9.25,9.90,9.25,9.90,9.90,9.65,5,943,9020.00,
514330,OVERSEAS SYN,X ,Q,3.72,3.72,3.72,3.72,3.72,3.72,1,30,111.00,
514332,NEOINFRA    ,XT,Q,27.00,27.00,27.00,27.00,27.00,28.00,1,50,1350.00,
514354,PREMIER POLY,B ,Q,28.00,28.00,23.30,23.30,23.30,24.30,3,60,1462.00,
514358,EVERLON SYN.,X ,Q,14.10,14.22,14.10,14.18,14.18,14.18,6,650,9213.00,
514394,AJIL        ,B ,Q,37.25,37.25,37.25,37.25,37.25,38.00,21,2586,96328.00,
514418,MANORG      ,X ,Q,409.50,414.80,392.20,392.20,392.20,412.80,505,27801,11097428.00,
514442,SRI KPR IND ,X ,Q,16.10,16.10,16.10,16.10,16.10,15.35,2,1000,16100.00,
514448,JYOTI RESINS,X ,Q,167.00,179.75,150.00,174.45,177.00,166.05,109,6652,1103127.00,
514450,MAHA.RUBTECH,X ,Q,36.10,39.00,36.10,38.30,38.95,39.95,9,487,18303.00,
514470,WIMSOME TEXT,B ,Q,23.10,24.60,22.60,24.00,24.00,23.45,28,3490,83812.00,
514474,FAIRDEAL FIL,X ,Q,95.60,103.00,95.60,100.90,100.90,96.95,17,889,88602.00,
515030,ASAHI IN.GLA,A ,Q,237.25,242.30,237.25,242.00,242.30,242.00,10,118,28443.00,
515037,MURD.CERAM  ,B ,Q,21.25,21.75,20.95,21.00,20.95,21.80,34,5374,113443.00,
515043,SAINT-GOBAIN,X ,Q,56.35,57.00,55.05,56.75,57.00,55.85,159,18977,1073953.00,
515055,ANANTRAJ    ,B ,Q,35.00,35.10,34.00,34.55,34.25,34.30,299,51167,1768811.00,
515085,RESTILE CER.,X ,Q,3.20,3.21,3.20,3.21,3.21,3.27,3,44,141.00,
515127,RAMASIGNS   ,X ,Q,11.93,11.95,10.83,11.95,11.95,11.39,7,131,1447.00,
515145,HIND.NAT.GLS,B ,Q,73.65,73.65,72.50,72.50,72.50,72.90,2,31,2282.00,
515147,HALDYN GLASS,X ,Q,34.05,34.10,33.00,33.35,33.50,34.15,43,8415,281438.00,
516003,DUROPLY     ,X ,Q,83.00,83.00,75.05,77.05,75.05,83.00,25,1669,130229.00,
516007,MANGALAM TIM,B ,Q,14.70,15.35,14.05,14.30,14.05,14.90,33,2641,38683.00,
516016,SHREYANS IND,B ,Q,169.15,169.15,162.00,162.20,162.40,163.05,113,7631,1255727.00,
516022,STAR PAPER  ,B ,Q,129.00,131.85,128.50,129.70,129.70,124.80,379,18481,2397409.00,
516030,YASH PAPERS ,X ,Q,56.85,57.20,54.50,55.05,55.05,56.00,98,16306,912311.00,
516062,NAT.PLYWOOD ,XT,Q,28.50,31.40,28.50,30.70,31.40,30.00,3,300,8990.00,
516064,ARROWGREEN  ,B ,Q,60.35,63.95,60.30,62.45,63.00,61.15,39,2896,179896.00,
516072,VISHNU CHEM ,B ,Q,153.60,157.80,145.40,147.95,146.00,154.20,89,1501,227900.00,
516078,JUMBO BAG   ,Z ,Q,11.50,11.50,11.50,11.50,11.50,11.30,3,401,4611.00,
516082,N.R.AGARWAL ,B ,Q,300.00,300.00,285.00,288.15,289.90,288.85,79,2644,762490.00,
516086,SH.RAJES.PAP,XT,Q,8.91,8.92,8.91,8.92,8.92,8.50,3,2900,25844.00,
516092,3PLAND      ,T ,Q,10.97,10.97,9.93,9.93,9.93,10.45,5,2978,30616.00,
516096,SANGAL PAPER,XT,Q,160.00,163.95,150.00,161.75,161.00,156.50,49,2979,480468.00,
516098,VENTURA TEXL,XT,Q,5.51,5.51,5.51,5.51,5.51,5.25,1,10,55.00,
516106,SH.KARTHIK P,X ,Q,8.98,9.00,7.65,7.65,7.65,9.56,241,114503,910811.00,
516108,S.I.PAPER   ,XT,Q,78.75,80.00,77.00,78.00,78.00,78.75,11,720,56269.00,
517015,VINDHYA TELE,B ,Q,1542.20,1549.00,1505.20,1522.55,1521.00,1533.15,221,1614,2457405.00,
517035,RUTTONSHA IN,X ,Q,40.60,43.90,40.60,43.90,43.90,42.05,4,150,6416.00,
517041,ADORWELDING ,B ,Q,365.00,367.50,360.50,366.60,366.60,368.85,18,425,155553.00,
517044,INT.DATA MAN,XT,Q,11.30,11.30,11.30,11.30,11.30,11.32,2,5,56.00,
517059,SALZER ELEC ,B ,Q,134.50,135.00,134.00,134.35,134.10,134.75,70,10912,1470571.00,
517063,JETINFOTRAN ,X ,Q,31.50,31.50,28.00,28.50,28.50,30.00,6,381,10759.00,
517080,HIGHGROUND  ,B ,Q,6.30,6.53,5.21,5.35,5.35,6.51,143,84679,457973.00,
517119,PCS TECH    ,X ,Q,8.50,8.50,8.47,8.47,8.47,8.39,3,60,509.00,
517146,USHA MART.LT,B ,Q,31.75,32.10,31.50,31.60,31.65,31.30,84,14375,457525.00,
517166,SPEL SEMICON,X ,Q,5.90,6.49,5.37,5.84,5.90,6.00,20,5078,29811.00,
517168,SUBROS LTD. ,B ,Q,274.50,278.40,270.45,272.25,272.60,273.10,79,1455,397795.00,
517174,HONEYWELL   ,A ,Q,26100.40,26106.50,25834.00,26043.90,26100.00,26014.45,26,38,990290.00,
517201,SWITCH.TECH.,XT,Q,52.25,52.25,52.25,52.25,52.25,52.25,1,85,4441.00,
517206,LUMAX IND   ,B ,Q,1498.00,1513.75,1480.00,1502.40,1513.75,1471.35,77,238,357223.00,
517224,SUJANA INDUS,T ,Q,0.27,0.27,0.25,0.25,0.25,0.26,9,20245,5171.00,
517236,CALCOM VISIO,X ,Q,25.00,25.00,21.70,23.85,24.50,24.65,54,5310,122885.00,
517238,DYNAVISION  ,XT,Q,50.10,50.10,50.10,50.10,50.10,51.00,3,100,5010.00,
517246,BCC FUBA    ,XT,Q,13.54,13.92,13.41,13.92,13.92,13.65,10,1810,25076.00,
517258,PRECISION EL,XT,Q,29.45,29.45,29.45,29.45,29.45,30.95,1,10,294.00,
517271,HBL P SYS   ,B ,Q,27.05,27.35,26.50,26.55,26.60,26.80,102,12646,340664.00,
517288,GUJARATPOLY ,X ,Q,26.95,27.30,26.95,27.30,27.30,26.00,12,2020,55041.00,
517300,GUJ.IND.POW.,B ,Q,78.00,79.05,77.30,77.45,77.45,77.85,141,15027,1176107.00,
517330,CMI LTD.    ,B ,Q,139.90,139.90,135.00,135.65,135.65,138.85,204,9739,1328591.00,
517334,MOTHERSON SS,A ,Q,120.00,120.45,117.00,117.85,117.85,119.65,3504,493430,58123376.00,
517344,MINDTECK (I),B ,Q,47.95,51.95,44.30,51.05,51.05,43.50,891,76280,3745005.00,
517354,HAVELLSINDIA,A ,Q,736.70,736.70,709.30,723.15,736.00,730.00,3486,190538,137221666.00,
517356,ACI INFOCOM ,X ,Q,0.19,0.19,0.19,0.19,0.19,0.20,1,2100,399.00,
517370,INCAP LTD.  ,XT,Q,35.45,35.45,35.45,35.45,35.45,37.30,1,24,850.00,
517372,GUJ.INTRUX  ,X ,Q,85.00,87.00,81.00,81.00,81.00,85.95,8,452,37909.00,
517380,IGARSHI MOT ,B ,Q,267.65,268.75,250.00,258.45,258.45,266.75,277,4726,1217584.00,
517385,SYMPHONY    ,A ,Q,1380.05,1450.00,1354.95,1436.90,1436.90,1376.60,1067,7155,10116097.00,
517411,SHYAM TELEC.,B ,Q,5.70,5.70,5.70,5.70,5.70,6.00,3,165,940.00,
517415,LEE&NEE SOFT,XT,Q,1.30,1.30,1.30,1.30,1.30,1.26,1,50,65.00,
517417,PATEL AIRTEM,X ,Q,98.50,99.90,96.00,96.30,98.00,97.80,16,824,79598.00,
517421,BFLYGANDHI  ,B ,Q,180.55,193.40,180.55,190.80,190.80,181.20,154,3150,588708.00,
517429,ATHENAGLO   ,XT,Q,40.85,40.85,40.85,40.85,40.85,38.95,1,2,81.00,
517437,DUTRON POLY.,XT,Q,141.00,141.00,141.00,141.00,141.00,139.75,2,85,11985.00,
517447,R.S.SOFTWARE,B ,Q,28.20,29.50,27.25,28.60,28.60,29.35,22,893,25485.00,
517449,MAGNA ELECTR,X ,Q,184.00,186.00,177.30,178.90,180.00,181.05,158,10174,1848002.00,
517477,ELNET TECH. ,X ,Q,102.00,104.20,101.05,104.05,104.00,100.50,11,506,52372.00,
517481,APTL        ,XT,Q,1.68,1.68,1.68,1.68,1.68,1.70,4,2502,4203.00,
517494,ACCEL       ,X ,Q,8.59,8.59,8.15,8.33,8.33,8.36,27,11337,94442.00,
517498,WEBELSOLAR  ,B ,Q,22.90,22.90,19.00,19.55,19.55,23.70,958,151553,3036974.00,
517500,ROTO PUMPS  ,X ,Q,156.40,158.10,151.00,152.00,151.00,156.25,177,14353,2220325.00,
517506,TTK PRESTIGE,A ,Q,7201.00,7280.00,7110.80,7239.35,7201.30,7291.35,89,192,1377419.00,
517514,DHINDIA     ,X ,Q,21.00,22.50,20.25,22.45,22.45,22.30,28,2271,47934.00,
517518,LEEL        ,T ,Q,10.20,10.20,9.75,9.75,9.75,10.25,69,32677,318750.00,
517522,RAJ GLO WIR ,X ,Q,801.00,820.00,801.00,805.15,805.00,803.95,49,21927,17645296.00,
517530,SURANATP    ,B ,Q,5.00,5.15,4.45,4.50,4.51,4.55,73,13071,60190.00,
517536,ONWARD TECHN,B ,Q,65.50,66.60,64.50,66.50,66.50,65.65,30,7330,485258.00,
517544,CENTUM ELEC ,B ,Q,528.20,575.00,528.20,556.45,557.00,517.80,574,8151,4527892.00,
517548,STARLITE COM,X ,Q,15.85,15.85,14.80,15.20,15.20,15.20,25,1088,16314.00,
517554,NHCFOODS    ,X ,Q,7.02,7.03,7.02,7.03,7.03,6.70,42,12605,88586.00,
517562,TRIGYN TECH ,B ,Q,75.50,75.50,73.40,73.60,73.60,75.10,271,25152,1864424.00,
517569,KEI INDUST. ,A ,Q,523.70,526.00,515.00,517.20,516.00,526.40,1553,26359,13722668.00,
517571,IMPPOWERS   ,B ,Q,38.90,39.00,34.00,37.65,37.65,38.35,44,2191,83377.00,
518011,KEERTHI     ,XT,Q,57.80,57.85,57.80,57.85,57.85,60.80,4,149,8614.00,
518029,GUJ.SIDH.CEM,B ,Q,21.60,22.30,21.60,22.00,22.00,22.50,32,3435,75704.00,
518091,ANJANI PORTL,B ,Q,174.85,189.75,174.85,188.45,189.00,178.60,70,1814,331299.00,
519003,MODINATURAL ,X ,Q,70.00,70.00,65.35,68.90,70.00,68.70,21,1694,115640.00,
519091,TASTY BITE  ,B ,Q,8240.05,8407.90,8200.00,8200.05,8200.00,8200.00,6,9,74375.00,
519097,RITESH INTER,XT,Q,4.70,4.72,4.70,4.72,4.72,4.63,2,201,944.00,
519105,AVT NATURAL ,B ,Q,25.10,25.35,24.50,24.80,24.50,25.05,43,3906,97108.00,
519126,HIND.FOODS  ,X ,Q,439.40,439.40,406.00,420.00,420.00,409.10,68,4123,1744731.00,
519136,NAHAR INDUST,B ,Q,39.60,42.00,39.60,41.90,41.25,39.85,5,270,10979.00,
519156,VADILAL IND ,B ,Q,579.75,580.00,570.10,570.65,570.50,580.70,12,24,13788.00,
519183,ADF FOODS LT,B ,Q,284.00,303.00,279.95,297.70,296.00,277.35,2119,146175,42390382.00,
519216,AJANTA SOYA ,X ,Q,20.40,21.50,20.30,20.40,20.40,20.50,9,1286,26860.00,
519224,WILLIAM.MAGO,B ,Q,31.50,31.65,30.75,31.60,30.75,30.15,28,2726,85869.00,
519248,JVL AGRO    ,Z ,Q,1.54,1.54,1.48,1.51,1.54,1.55,38,22178,33759.00,
519260,SANWARIA    ,B ,Q,8.00,8.11,7.92,7.97,7.97,7.99,134,73507,589785.00,
519262,PRIMA AGRO L,XT,Q,9.00,9.00,8.84,8.84,8.84,9.30,4,717,6354.00,
519279,MADHUR IND  ,XT,Q,9.03,9.97,9.03,9.97,9.97,9.50,2,6,55.00,
519287,MODERN DAIRI,XT,Q,3.63,3.63,3.60,3.60,3.60,3.46,4,4892,17727.00,
519295,BAMBINO AGRO,X ,Q,180.00,180.00,174.00,175.00,175.00,174.10,7,558,97910.00,
519307,VIKAS WSP   ,XT,Q,16.70,16.70,16.70,16.70,16.70,17.55,158,163661,2733138.00,
519319,JATALIA     ,XT,Q,8.50,8.50,8.50,8.50,8.50,8.67,2,11,93.00,
519359,POONA DAL   ,X ,Q,28.15,28.15,28.15,28.15,28.15,25.60,8,1244,35018.00,
519383,ANIK INDS   ,B ,Q,14.05,14.70,13.99,14.50,14.50,14.72,9,1190,16984.00,
519421,KSE LIMITED ,XT,Q,1387.90,1387.90,1324.00,1350.65,1370.00,1352.00,37,566,760605.00,
519455,NARBADA     ,X ,Q,60.95,67.35,60.95,66.45,67.00,64.15,27,1145,73130.00,
519457,VIRAT CRANE ,X ,Q,33.80,33.80,29.30,30.20,30.20,30.95,6,231,7019.00,
519475,CHORDIA FOOD,X ,Q,147.35,154.00,147.25,151.20,151.20,155.00,12,741,109685.00,
519483,TAI INDUST. ,XT,Q,11.72,11.72,10.66,10.68,10.68,11.19,4,244,2811.00,
519491,OCEAN AGRO  ,X ,Q,25.00,26.50,25.00,26.25,26.25,25.65,4,8,203.00,
519494,N K INDUST. ,B ,Q,34.00,36.90,31.00,31.40,31.40,36.70,11,145,4617.00,
519552,HERITGFOOD  ,A ,Q,424.30,434.95,418.50,422.60,418.50,421.85,195,4645,1969367.00,
519560,NEHA INTER. ,X ,Q,2.82,3.05,2.76,2.96,2.98,2.99,23,7018,20187.00,
519566,SIMRAN FARMS,X ,Q,72.00,73.00,69.00,69.55,69.00,71.65,78,5659,400292.00,
519588,DFM FOODS   ,B ,Q,255.70,255.70,255.70,255.70,255.70,264.95,1,1,255.00,
519600,CCL PRODUCTS,A ,Q,261.45,270.90,261.45,263.50,263.10,264.85,103,1765,467688.00,
519602,KELLTONTEC  ,B ,Q,35.55,36.00,34.75,34.95,34.95,35.15,149,123984,4390869.00,
520008,RICO AUTO   ,B ,Q,67.50,68.00,65.00,65.60,65.60,68.55,575,66248,4363013.00,
520021,OMAX AUTOS. ,B ,Q,68.00,68.00,67.20,67.20,67.20,68.40,15,653,44057.00,
520043,MUNJAL SHOWA,B ,Q,165.10,167.70,165.00,165.20,165.20,168.00,8,240,39672.00,
520051,JAMNA AUTO  ,A ,Q,59.95,59.95,56.20,56.80,56.80,58.65,386,47781,2729863.00,
520056,SUNDAR.CLAY ,A ,Q,2690.00,2690.00,2572.00,2581.15,2572.00,2611.50,39,60,156418.00,
520057,JTEKTINDIA  ,B ,Q,105.50,105.70,102.30,103.55,103.00,104.90,100,7962,827445.00,
520059,MUNAUTO     ,B ,Q,50.90,51.30,50.40,50.75,50.50,50.75,62,4758,241695.00,
520066,JAYBH.MARUTI,B ,Q,247.50,247.70,243.10,244.05,243.10,246.20,26,208,50982.00,
520073,RACLGEAR    ,X ,Q,83.00,83.00,80.20,82.30,83.00,81.00,65,12904,1052714.00,
520075,SAMKRG PIST.,X ,Q,163.50,166.00,158.20,159.10,159.00,162.45,66,3591,582014.00,
520086,SICAL LOG   ,B ,Q,129.65,130.00,127.15,129.50,129.50,129.65,15,285,36594.00,
520111,RATNAMNI MET,B ,Q,1010.45,1010.45,968.40,972.25,972.50,967.20,190,2958,2873992.00,
520113,VESUVIUS IND,B ,Q,1150.05,1191.35,1130.00,1147.60,1147.20,1193.55,55,354,408866.00,
520119,AUTOMOTIVE S,B ,Q,53.25,53.80,52.50,53.80,53.80,54.40,5,134,7124.00,
520123,ABC INDIA   ,X ,Q,64.00,65.95,60.10,61.90,62.00,62.50,35,2033,129357.00,
520127,BALURGHAT TE,X ,Q,6.40,6.45,6.40,6.45,6.45,6.15,5,801,5165.00,
520139,JAGSON AIRLI,XT,Q,0.93,0.93,0.93,0.93,0.93,0.93,1,100,93.00,
520141,SIBAR AUTO  ,XT,Q,26.65,28.50,26.65,26.65,26.65,28.05,5,142,3786.00,
520151,SHREY SH LOG,B ,Q,192.00,192.00,180.00,180.00,180.00,183.00,14,99,18529.00,
521005,INDOVATION  ,XT,Q,6.05,6.05,6.05,6.05,6.05,5.81,6,30000,181500.00,
521014,EUROTEX IND ,B ,Q,14.67,14.67,14.67,14.67,14.67,14.00,2,75,1100.00,
521016,INDO COUNT  ,B ,Q,43.25,43.25,40.50,41.90,42.00,42.35,112,15110,623332.00,
521034,SOMA TEXTILE,T ,Q,3.24,3.24,3.24,3.24,3.24,3.09,1,25,81.00,
521062,OCTAVE      ,X ,Q,1.15,1.15,1.15,1.15,1.15,1.10,2,450,517.00,
521064,TRIDENT     ,A ,Q,68.50,69.40,68.00,68.55,68.55,68.40,415,37486,2576665.00,
521068,HISAR SPIN. ,P ,Q,12.02,12.02,12.02,12.02,12.02,12.65,1,200,2404.00,
521070,ALOK INDS.  ,T ,Q,4.07,4.07,3.85,3.85,3.85,3.89,234,285181,1113015.00,
521080,PASARI SPIN ,XT,Q,3.49,3.49,3.49,3.49,3.49,3.67,1,500,1745.00,
521097,AMARJOTHI SP,X ,Q,87.00,88.50,86.05,86.80,86.80,88.45,29,2922,254457.00,
521105,OLYMPIA IND.,X ,Q,16.25,16.95,16.25,16.95,16.95,16.95,3,400,6640.00,
521109,NAGREEKA EXP,B ,Q,20.80,21.00,20.80,21.00,21.00,21.25,4,900,18740.00,
521113,SUDITI IND. ,X ,Q,23.20,26.00,23.20,25.00,25.00,25.90,8,951,23580.00,
521131,SBFL        ,X ,Q,6.48,6.48,6.48,6.48,6.48,6.82,1,1500,9720.00,
521149,PRIME URBAN ,X ,Q,8.17,8.19,8.17,8.19,8.19,7.80,13,1710,13989.00,
521163,ZODIAC CLOTH,T ,Q,267.05,270.00,266.00,268.75,269.95,271.25,19,839,224645.00,
521167,FRONT BUSS  ,X ,Q,4.60,4.60,4.60,4.60,4.60,4.84,1,40,184.00,
521180,SUPER SPIN. ,B ,Q,6.95,6.95,5.81,6.09,6.09,6.43,89,12705,78294.00,
521194,SIL INVEST  ,B ,Q,212.00,212.00,203.25,205.95,205.95,205.15,35,2762,573129.00,
521200,SURYLAK.COTT,B ,Q,34.90,34.90,30.15,32.20,32.20,34.90,5,500,15754.00,
521206,SAMTEX FASH.,XT,Q,1.28,1.35,1.28,1.28,1.28,1.34,17,5890,7584.00,
521220,DAMOINDUS   ,B ,Q,41.95,41.95,39.00,39.05,40.50,40.50,5,287,11286.00,
521226,UNI ROYAL IN,X ,Q,8.14,8.14,8.14,8.14,8.14,7.76,4,2100,17094.00,
521228,TATIA GLOB  ,X ,Q,0.19,0.19,0.19,0.19,0.19,0.20,1,440,83.00,
521240,SAMBANDAM SP,X ,Q,84.00,90.95,84.00,88.00,88.00,84.00,4,75,6374.00,
521242,KANDAGIRI SP,X ,Q,17.70,17.70,17.70,17.70,17.70,16.90,1,10,177.00,
521248,KITEX GARMEN,B ,Q,112.50,112.50,110.00,110.35,111.10,109.95,133,5527,615153.00,
522004,BATLIBOI LTD,X ,Q,15.30,16.38,14.55,15.40,15.40,15.50,18,2048,30724.00,
522005,AUSTIN ENGG.,X ,Q,56.55,56.55,56.55,56.55,56.55,53.90,21,4272,241581.00,
522014,UNITED DRILL,X ,Q,119.50,119.50,107.15,110.00,110.00,104.00,16,1275,138058.00,
522017,FLUIDOMAT   ,X ,Q,105.00,105.00,100.90,101.20,101.00,102.50,12,556,56238.00,
522029,WINDSOR MACH,B ,Q,65.60,67.80,64.90,67.10,67.10,66.00,211,69454,4579571.00,
522034,SHANTHI GEAR,B ,Q,119.95,119.95,116.05,117.15,117.15,118.40,48,2446,288978.00,
522064,HONDA SIEL  ,B ,Q,1014.00,1020.00,1006.00,1011.80,1010.20,1013.05,54,473,478632.00,
522073,HITECHGEAR  ,B ,Q,275.00,294.80,275.00,275.35,279.40,276.00,79,2567,719029.00,
522074,ELGI EQUIP  ,A ,Q,275.30,283.95,272.50,283.30,283.40,279.15,43,437,120345.00,
522091,UV DER HORST,X ,Q,14.50,14.80,14.50,14.80,14.80,15.25,2,400,5890.00,
522101,KILBURN ENGG,X ,Q,35.00,40.00,35.00,36.40,35.40,35.00,78,12458,472369.00,
522105,BIRLA PRETEC,X ,Q,14.50,14.50,12.05,12.90,13.00,13.95,902,217661,2861713.00,
522108,YUKEN INDIA ,X ,Q,750.00,750.00,732.00,746.50,747.80,741.45,120,1615,1196136.00,
522113,TIMKEN (I)  ,B ,Q,693.00,702.95,685.15,686.60,685.15,700.00,120,1073,743598.00,
522122,VOITH PAPER ,X ,Q,840.45,844.95,834.00,844.00,844.00,840.50,11,166,139496.00,
522134,ARTSON ENG  ,X ,Q,48.45,48.45,44.00,44.00,44.00,46.65,53,23206,1044835.00,
522152,SOLITAIR MC ,X ,Q,35.00,37.65,34.00,37.65,37.65,35.00,7,482,16705.00,
522163,DIAMONPOWER ,Z ,Q,1.03,1.03,1.03,1.03,1.03,0.99,1,295,303.00,
522165,INDSIL HYD  ,X ,Q,56.50,61.00,53.50,54.70,54.70,56.50,76,10756,604807.00,
522183,ITL INDUSTRS,X ,Q,184.90,184.90,166.30,169.35,169.35,174.70,86,6010,1035594.00,
522195,FRONTIER SPR,X ,Q,240.00,247.00,230.30,236.05,236.05,241.70,109,12075,2890726.00,
522205,PRAJ IND.LTD,B ,Q,144.60,152.00,141.30,148.45,148.45,144.50,3483,337831,49935728.00,
522207,RASANDIK ENG,X ,Q,108.00,108.00,90.30,96.70,97.55,93.95,32,1020,99268.00,
522215,SWISS GLASS ,X ,Q,187.00,188.00,178.20,186.10,183.10,182.20,38,2767,511741.00,
522217,GUJ APOIND  ,B ,Q,138.10,140.50,135.60,139.00,139.00,139.40,22,980,135317.00,
522229,TANEJA AERO.,X ,Q,31.25,31.85,31.10,31.10,31.10,31.50,11,2589,80841.00,
522231,CONART ENG. ,X ,Q,31.40,31.40,29.40,29.60,31.05,30.45,4,42,1244.00,
522241,M.M.FORGINGS,B ,Q,518.60,518.60,518.60,518.60,518.60,522.10,1,200,103720.00,
522249,MAYUR UNIQ. ,B ,Q,309.00,321.95,308.05,315.15,313.50,314.35,66,779,243762.00,
522251,CENLUB INDUS,X ,Q,71.70,75.00,71.60,74.90,75.00,71.60,23,2051,151959.00,
522257,RAJOO ENGIN.,X ,Q,24.50,25.05,24.40,24.50,24.50,24.80,187,156235,3874904.00,
522261,DOLPHIN OFF.,B ,Q,44.30,45.45,43.40,44.30,45.10,42.85,63,6456,288128.00,
522263,JMC PROJECTS,B ,Q,139.90,142.75,134.25,135.80,135.80,137.55,298,12305,1722040.00,
522273,AHMED.STEEL ,XT,Q,16.47,16.47,16.47,16.47,16.47,16.47,1,100,1647.00,
522275,GET&D       ,A ,Q,271.00,272.30,262.05,264.95,263.45,271.65,131,1453,389330.00,
522281,RAM RAT.WIRE,X ,Q,101.50,102.50,97.25,97.90,97.80,100.00,41,3448,341311.00,
522285,JAY NECO IND,T ,Q,5.13,5.13,4.80,4.91,4.81,5.02,23,10474,51182.00,
522287,KALPA.POWER ,A ,Q,531.35,536.65,519.75,522.85,528.00,531.45,301,2617,1380583.00,
522292,CHANDNI TE  ,X ,Q,32.50,35.50,32.50,34.50,35.50,34.20,14,1145,37462.00,
522294,T & I GLOBAL,X ,Q,83.55,85.95,79.90,80.00,80.00,84.85,17,3881,311774.00,
522295,CONTROL PRNT,B ,Q,248.05,252.00,248.05,250.00,248.10,251.05,7,267,66766.00,
522650,BEMCO HYDRAU,X ,Q,148.65,148.65,134.55,134.55,134.55,141.60,16,454,61707.00,
523007,ANSAL BUILD.,X ,Q,36.80,42.00,36.80,39.65,39.00,39.20,33,1527,60975.00,
523011,WEIZMANN LTD,B ,Q,34.40,35.70,34.25,35.10,35.00,35.75,11,497,17291.00,
523019,B.N.RATHI SE,X ,Q,21.05,21.80,20.95,20.95,20.95,21.00,27,3234,68043.00,
523021,RISHITECH   ,X ,Q,34.00,37.50,34.00,37.15,37.50,35.05,21,3208,112267.00,
523023,SINCLAIR HOT,X ,Q,336.00,336.00,325.20,335.00,335.00,333.00,37,1407,467613.00,
523025,SAFARI IND. ,B ,Q,616.75,679.90,616.75,645.45,679.90,624.20,186,3880,2474240.00,
523120,ADOR MULTI. ,X ,Q,42.00,42.00,42.00,42.00,42.00,41.75,1,5,210.00,
523127,EIH ASSO.HOT,B ,Q,362.30,388.95,362.00,378.60,388.95,374.25,16,190,69240.00,
523144,MEDI CAPS   ,X ,Q,17.68,17.68,15.25,15.83,15.83,17.29,52,12513,201256.00,
523160,MORGAN CRU  ,X ,Q,1347.00,1367.00,1330.00,1338.95,1338.95,1331.60,13,42,56500.00,
523204,ABAN OFFSHO ,T ,Q,50.95,52.35,50.95,52.35,52.35,49.90,86,8346,436078.00,
523207,KOKUYOCMLN  ,B ,Q,89.20,89.60,88.00,88.40,88.45,87.60,69,1659,147738.00,
523229,BHARAT SEATS,X ,Q,81.75,81.75,79.00,80.40,80.50,80.30,70,6205,497590.00,
523260,PEARL POLYME,T ,Q,13.27,13.27,13.27,13.27,13.27,12.65,1,1,13.00,
523261,VENKEY'S (I),A ,Q,2094.90,2107.50,2030.00,2037.60,2037.60,2094.90,2605,22346,46168560.00,
523269,ADVANI HOTEL,B ,Q,64.00,65.75,63.60,64.50,64.50,65.55,17,662,42808.00,
523277,G.V.FILMS   ,X ,Q,0.45,0.49,0.42,0.42,0.45,0.43,55,67696,29036.00,
523283,SUPER HOUSE ,B ,Q,114.00,119.50,108.35,115.10,115.00,121.55,43,1205,139775.00,
523289,RAMA VISION ,X ,Q,4.20,4.45,4.03,4.45,4.45,4.24,35,87930,388434.00,
523301,TCPL PACK   ,B ,Q,390.95,398.00,371.20,391.80,391.00,371.00,11,252,98963.00,
523319,BALMER LAWRI,B ,Q,203.00,203.00,197.00,198.25,198.25,201.30,336,13569,2701116.00,
523323,KOVAI MEDI. ,X ,Q,770.00,797.95,770.00,775.50,771.00,786.00,20,348,271490.00,
523329,ELDECO HOUS.,X ,Q,1690.00,1976.00,1690.00,1974.85,1974.85,1646.70,417,6416,12053885.00,
523367,DCMSHRIRAM  ,A ,Q,556.90,589.00,556.90,580.45,580.45,553.00,400,10660,6113381.00,
523369,DCM SHR.IND ,X ,Q,200.00,200.00,185.00,195.15,195.15,200.00,112,5704,1110603.00,
523371,MAWANA SUGAR,B ,Q,51.10,53.90,51.10,51.25,51.25,52.30,133,29948,1576563.00,
523384,MAH.RAS.APEX,T ,Q,99.95,100.00,96.05,96.05,96.05,99.95,5,274,27077.00,
523385,NILKAMAL L  ,A ,Q,1243.90,1243.90,1221.10,1231.65,1231.65,1239.00,197,1598,1968238.00,
523391,NAHAR POLY  ,B ,Q,36.80,36.80,34.20,34.20,34.20,34.25,2,200,7100.00,
523395,3M INDIA LTD,A ,Q,22817.00,23210.75,22725.00,22920.90,22820.00,22977.90,168,260,5940789.00,
523398,JCHAC       ,B ,Q,1870.00,1887.00,1825.25,1831.45,1825.25,1844.05,17,73,134887.00,
523405,JM FINANCIAL,A ,Q,94.95,95.50,94.00,95.10,95.10,93.85,431,25148,2386840.00,
523411,ADCINDIA    ,X ,Q,214.50,223.80,214.50,216.15,216.05,216.55,15,6132,1343536.00,
523445,REL INDL INF,B ,Q,331.90,337.20,331.00,333.25,333.25,331.65,805,25538,8531433.00,
523449,SHARP INDIA ,XT,Q,23.95,26.40,23.95,26.00,26.00,25.20,4,250,6103.00,
523457,LINDEINDIA  ,A ,Q,566.00,577.20,566.00,571.05,571.05,568.65,300,2717,1554292.00,
523465,IND.BANK HSG,B ,Q,32.00,34.45,32.00,33.55,32.40,33.90,19,660,22002.00,
523467,JAIMATA GLAS,Z ,Q,0.30,0.30,0.30,0.30,0.30,0.30,2,10000,3000.00,
523475,LOTUS CHOC  ,X ,Q,17.70,19.45,17.05,18.95,17.75,17.60,34,2406,44312.00,
523489,CMM HOSPITAL,X ,Q,10.21,10.21,10.21,10.21,10.21,10.74,1,500,5105.00,
523519,UNI OFF AUTO,XT,Q,1.66,1.66,1.53,1.55,1.53,1.59,3,730,1202.00,
523523,RAINBOW PAP.,T ,Q,0.86,0.86,0.86,0.86,0.86,0.90,8,5000,4300.00,
523537,APM INDUS.  ,X ,Q,40.70,41.95,40.70,41.80,41.80,41.95,9,2207,90708.00,
523539,PRECISION WR,B ,Q,207.00,210.00,203.40,205.60,208.00,207.45,31,1837,378990.00,
523550,KRYPTON IND ,X ,Q,16.65,16.90,16.65,16.80,16.65,16.50,5,135,2261.00,
523574,FEL         ,B ,Q,35.30,36.10,35.00,35.65,35.80,35.85,746,75753,2682637.00,
523586,IND.TONERS  ,X ,Q,145.00,145.00,141.00,141.25,141.20,142.55,45,1962,278638.00,
523598,SHIPP.CORPN ,A ,Q,34.25,34.25,33.35,33.70,33.70,34.40,924,48895,1654030.00,
523606,SIKA INTER. ,X ,Q,151.50,151.50,150.00,150.00,150.00,145.00,4,110,16515.00,
523610,ITI LTD.    ,A ,Q,95.95,96.00,93.75,94.15,93.95,95.35,622,66137,6231546.00,
523618,DREDGING COR,B ,Q,402.25,415.00,398.00,405.10,405.10,402.95,1121,27545,11182838.00,
523628,PODDAR      ,T ,Q,540.75,540.75,540.75,540.75,540.75,515.00,1,1,540.00,
523630,NATIONAL FER,B ,Q,40.45,40.90,39.60,40.45,40.50,39.90,577,90938,3673637.00,
523638,IP RINGS LTD,X ,Q,99.05,109.90,98.75,101.00,101.00,103.20,29,2935,304161.00,
523642,PI INDUS.LTD,A ,Q,1047.80,1089.00,1040.10,1082.70,1089.00,1054.70,323,2661,2826462.00,
523648,PLASTIBLEND ,B ,Q,195.00,195.00,195.00,195.00,195.00,194.00,2,1100,214500.00,
523660,WATERBASE   ,X ,Q,143.50,143.85,136.00,138.40,138.40,141.25,1079,81000,11330456.00,
523672,FLEX FOODS  ,X ,Q,66.60,71.00,66.60,70.05,70.10,69.10,33,2308,161995.00,
523676,GOLKUNDA DIA,X ,Q,10.00,10.00,10.00,10.00,10.00,9.53,1,200,2000.00,
523694,APCOTEX IND ,B ,Q,535.00,543.00,532.05,537.60,537.60,537.20,116,4188,2251512.00,
523696,FORTIS MLR  ,X ,Q,52.20,52.80,52.20,52.40,52.40,52.05,3,120,6284.00,
523704,MASTEK LTD  ,B ,Q,478.00,485.55,467.90,471.80,470.10,480.90,534,8024,3804270.00,
523708,EIMCO ELECON,B ,Q,395.00,399.00,390.00,394.50,394.00,389.75,10,467,182761.00,
523710,SAYAJI HOTEL,XT,Q,250.00,259.65,247.00,259.60,259.60,260.00,16,330,82291.00,
523716,ASHIANA HOU ,B ,Q,120.80,124.00,118.95,119.95,120.00,118.00,70,2973,359680.00,
523722,SVAM SOFTWAR,X ,Q,0.39,0.39,0.39,0.39,0.39,0.40,1,200,78.00,
523736,DVL         ,B ,Q,95.90,96.30,94.00,94.50,95.00,95.00,37,652,61812.00,
523754,MAHEPC      ,X ,Q,114.00,115.70,113.00,113.90,114.85,115.00,94,7783,885733.00,
523756,SREIINFRA   ,A ,Q,25.60,25.80,25.25,25.55,25.70,25.85,153,29008,740901.00,
523768,GUJ.BOROSIL ,X ,Q,89.25,90.75,88.50,89.35,88.65,89.25,85,9277,829093.00,
523782,MITSHI      ,X ,Q,41.00,41.00,38.50,40.05,38.60,40.50,25,6815,276648.00,
523792,MAZDA LTD   ,B ,Q,463.00,464.00,439.05,446.40,446.50,463.50,264,2929,1312189.00,
523796,VICEROY HOTE,T ,Q,3.05,3.05,2.86,2.99,2.95,2.95,16,3773,11181.00,
523826,SOVEREIGN DI,X ,Q,5.07,5.07,5.07,5.07,5.07,5.26,1,37,187.00,
523828,MENON BEAR. ,B ,Q,77.00,79.55,76.75,77.05,77.90,77.80,13,406,31398.00,
523838,SIMPLX INFRA,B ,Q,165.65,165.65,156.00,160.15,160.85,160.80,38,1616,259807.00,
523840,INN.TECH.PAC,X ,Q,25.45,25.45,23.85,24.20,23.85,25.15,51,17338,424030.00,
523842,SUPER TANNER,X ,Q,2.95,2.96,2.85,2.85,2.85,2.82,4,577,1644.00,
523850,AXTEL INDUS.,X ,Q,124.10,126.90,123.00,123.00,123.00,125.10,44,6196,769148.00,
523874,PRECI CONTNR,X ,Q,0.19,0.19,0.19,0.19,0.19,0.19,1,100,19.00,
524000,MAGMA FIN   ,A ,Q,133.00,135.00,130.40,132.15,132.00,133.50,472,1339673,176855363.00,
524013,HIND.FLUROCA,T ,Q,15.08,15.09,14.60,14.60,14.60,14.38,14,6651,99602.00,
524019,KINGFA      ,B ,Q,720.60,732.00,705.00,714.95,707.55,723.95,51,1106,795520.00,
524037,RAMA PHOSPH ,X ,Q,76.00,80.75,76.00,80.00,80.00,78.55,39,2280,182691.00,
524051,POLYPLEX    ,B ,Q,581.50,588.90,563.10,576.10,575.10,587.30,1021,29445,16887146.00,
524075,ALBERT DAVID,B ,Q,489.20,498.00,451.75,459.45,459.45,492.85,382,6227,2902558.00,
524084,MONSANTO (I),A ,Q,2450.00,2450.00,2404.85,2412.05,2404.85,2433.50,49,173,421005.00,
524091,ACRYCIL LTD.,X ,Q,115.00,117.50,112.80,114.80,114.30,112.80,78,12299,1424629.00,
524109,KABRA EXTR  ,B ,Q,84.00,85.70,83.25,83.50,83.50,84.35,33,1412,118112.00,
524129,VINYL CHEM  ,B ,Q,76.95,76.95,75.05,75.20,75.05,76.50,45,3377,256547.00,
524136,PEE CEE COSM,X ,Q,95.15,105.05,95.15,105.00,105.00,100.05,8,486,50151.00,
524164,IOL CHEM PH ,B ,Q,233.00,234.90,217.45,219.90,219.90,227.40,5083,388126,88208813.00,
524174,KESAR PETRO ,X ,Q,9.70,9.70,9.05,9.28,9.30,9.33,107,33442,311758.00,
524200,VINATI ORG. ,A ,Q,2080.00,2135.50,2036.15,2093.50,2093.50,2078.05,767,5069,10610542.00,
524202,LACTOSE(I)  ,XT,Q,32.50,33.50,32.50,33.00,33.00,32.50,17,3129,104020.00,
524208,AARTI INDUST,A ,Q,1750.00,1850.00,1750.00,1843.90,1843.90,1784.75,925,8937,16377296.00,
524212,WANBURY LTD ,T ,Q,19.95,19.95,19.90,19.90,19.90,19.10,4,604,12020.00,
524218,RESONANCE   ,X ,Q,26.25,26.25,26.25,26.25,26.25,21.90,38,17045,447431.00,
524226,GUJ AMB EXP ,B ,Q,198.45,201.50,197.75,201.10,201.20,200.10,214,3084,616814.00,
524230,RASHTR.CHEM.,A ,Q,66.00,66.90,65.00,65.75,65.75,65.60,1141,189651,12504603.00,
524280,KOPRAN LTD. ,B ,Q,41.25,41.40,39.90,40.05,40.05,41.20,104,5177,209247.00,
524288,AIMCO PESTI.,X ,Q,125.25,130.00,125.10,126.05,125.30,126.05,47,6214,791393.00,
524314,GUJ.TERC LAB,XT,Q,6.96,6.96,6.96,6.96,6.96,7.26,5,401,2790.00,
524322,KABRA DRUGS ,XT,Q,0.53,0.53,0.53,0.53,0.53,0.54,1,200,106.00,
524324,SEYAIND     ,B ,Q,490.00,492.45,476.10,478.25,476.10,481.35,98,9178,4434023.00,
524330,JAYANT AGRO ,B ,Q,208.00,211.00,204.10,204.75,204.10,205.25,19,107,21944.00,
524332,BCLIL       ,X ,Q,100.00,100.00,93.70,94.65,95.00,94.90,137,20935,1979231.00,
524336,SH.HARI CHEM,X ,Q,24.05,26.20,24.05,25.30,25.30,25.30,14,470,11409.00,
524342,INDOBORAXC  ,X ,Q,405.10,414.00,397.00,400.00,400.00,420.80,70,2371,953266.00,
524348,AARTI DRUGS ,B ,Q,587.00,587.00,574.40,575.85,574.40,582.85,83,340,196533.00,
524370,BODAL CHEM  ,B ,Q,118.00,122.00,118.00,120.75,119.50,118.00,230,38594,4643746.00,
524372,ORCHIDPHAR  ,Z ,Q,4.85,4.98,4.72,4.72,4.72,4.95,30,11659,55920.00,
524394,VIMTA LABS  ,B ,Q,198.30,198.30,192.00,192.60,192.60,194.55,54,1582,304521.00,
524396,BIOFIL CHEM ,T ,Q,8.20,8.20,8.15,8.15,8.15,7.88,3,41,335.00,
524400,ISHITA DRUGS,X ,Q,17.70,17.70,17.70,17.70,17.70,16.90,7,1425,25222.00,
524404,MARKSANS    ,B ,Q,25.15,25.20,23.10,23.20,23.20,25.00,996,287443,6865752.00,
524408,UNIV.STARCH ,XT,Q,34.10,35.50,34.10,34.50,34.50,35.85,13,1405,48770.00,
524412,AAREY DRUGS ,X ,Q,24.80,26.95,24.80,26.00,26.00,25.95,64,28048,728569.00,
524440,CAMEX LTD   ,X ,Q,30.00,30.15,29.50,29.50,29.50,29.85,9,1686,50180.00,
524444,KAVITIND    ,X ,Q,48.90,51.00,47.70,48.80,48.95,48.45,124,25780,1260757.00,
524470,SYNCOM FORM.,X ,Q,1.13,1.15,1.10,1.13,1.14,1.14,227,1043873,1183665.00,
524480,RIDHI SIDHI ,XT,Q,290.00,300.00,290.00,300.00,300.00,299.00,4,161,47300.00,
524488,SVCIND      ,XT,Q,0.82,0.82,0.82,0.82,0.82,0.79,7,6000,4920.00,
524494,IPCA LAB LTD,A ,Q,940.00,945.00,928.00,932.65,932.65,924.75,1114,9586,8969638.00,
524500,KILITCH DRUG,B ,Q,194.50,202.00,170.00,171.95,171.95,193.40,852,30551,5510598.00,
524506,CORAL LAB.  ,X ,Q,299.50,299.50,277.00,283.55,280.50,287.65,69,2948,835875.00,
524518,KREBS BIOCHM,B ,Q,90.50,90.50,90.50,90.50,90.50,93.05,2,62,5611.00,
524520,KMC SHIL    ,X ,Q,15.20,15.20,14.10,14.53,14.53,15.08,48,8540,124823.00,
524534,BHASKAR AGRO,XT,Q,17.50,17.50,17.50,17.50,17.50,17.50,1,100,1750.00,
524542,SUKJIT STRCH,X ,Q,247.45,247.45,236.55,244.00,244.00,241.75,63,4186,1007481.00,
524558,NEULAND LAB.,B ,Q,616.65,626.50,602.60,609.55,610.85,617.55,124,543,332075.00,
524570,PODDAR PIGM.,B ,Q,190.00,196.00,186.70,186.75,186.75,187.55,20,414,79290.00,
524576,VIVID IND   ,X ,Q,34.10,34.65,34.00,34.30,34.30,34.00,14,1635,55945.00,
524580,PRIYA LTD.  ,X ,Q,29.90,29.90,27.10,27.10,27.10,28.50,10,1271,34888.00,
524582,TIRUPATI STA,XT,Q,33.60,33.60,33.60,33.60,33.60,33.10,2,500,16800.00,
524594,ASHOK-ALCO  ,X ,Q,44.70,48.50,41.60,43.55,43.50,49.70,207,22352,970881.00,
524598,AKSHARCHEM I,B ,Q,348.00,350.00,330.00,340.10,340.10,343.90,156,2804,957445.00,
524606,BERYL DRUGS ,X ,Q,5.72,6.00,5.72,5.73,5.73,6.01,5,1515,8676.00,
524610,RATHI GRAPH.,X ,Q,3.17,3.17,3.17,3.17,3.17,3.33,1,200,634.00,
524632,SHUKRAPHAR  ,XT,Q,60.90,60.90,58.65,60.00,60.00,59.80,8,97,5783.00,
524634,ALU FLUORIDE,X ,Q,101.00,107.50,100.00,106.10,106.20,103.75,66,3971,416147.00,
524640,ARCHITORG   ,X ,Q,10.25,10.60,9.68,10.60,10.60,10.15,14,2589,25910.00,
524648,INDO AMINES ,X ,Q,87.50,90.95,85.05,86.95,89.00,84.90,86,9337,818285.00,
524652,IND.SWIFT LT,T ,Q,5.39,5.39,5.03,5.35,5.35,5.29,5,566,2870.00,
524654,NATURAL CAPS,X ,Q,60.25,61.00,59.00,60.90,61.00,58.40,10,678,40682.00,
524661,WELCURE DRUG,XT,Q,0.43,0.43,0.43,0.43,0.43,0.41,2,1450,623.00,
524663,BH.IMMUN&BIO,B ,Q,8.90,9.36,8.70,8.78,8.78,8.96,53,7443,66492.00,
524667,SOTL        ,B ,Q,1342.95,1371.00,1310.25,1356.40,1353.00,1283.90,177,3096,4168319.00,
524669,HESTER BISC ,B ,Q,1740.00,1740.00,1676.05,1689.55,1690.00,1707.55,23,36,61216.00,
524675,KABSONS INDU,XT,Q,2.95,2.95,2.95,2.95,2.95,2.95,1,100,295.00,
524687,BASANT AGRO ,X ,Q,3.81,3.96,3.55,3.79,3.79,3.94,63,56956,215681.00,
524689,PARENT.DRUGS,B ,Q,6.51,6.51,6.31,6.32,6.31,6.99,14,2800,17975.00,
524699,KILBURN CHEM,XT,Q,34.00,36.50,34.00,34.00,34.00,34.90,21,1601,54436.00,
524703,SANDU PHARMA,X ,Q,20.35,24.20,20.25,22.00,22.00,23.00,25,3425,74836.00,
524709,NACLIND     ,B ,Q,28.00,29.00,28.00,28.55,28.55,29.60,15,2883,81196.00,
524711,VISTA PHARMA,XT,Q,16.25,16.25,15.30,15.95,16.00,15.95,33,13651,215299.00,
524715,SUN PHARMA. ,A ,Q,422.30,422.30,411.55,412.75,412.75,422.85,6798,531001,220842817.00,
524717,TITAN BIOTEC,X ,Q,41.50,41.50,40.85,40.85,40.85,43.00,2,500,20620.00,
524731,JENBURKT PH.,X ,Q,530.00,536.00,527.90,529.85,529.85,525.00,30,487,258227.00,
524735,HIKAL LTD.  ,B ,Q,173.70,174.35,172.00,173.55,173.55,173.70,420,20125,3492374.00,
524742,CAPLIN POINT,B ,Q,415.05,421.50,411.15,414.00,414.00,416.75,70,1390,577265.00,
524743,FISCHER     ,XT,Q,85.00,85.00,85.00,85.00,85.00,85.00,1,3,255.00,
524748,LINK PHARMA ,X ,Q,19.75,19.75,19.75,19.75,19.75,20.90,1,300,5925.00,
524758,WINTAC LTD  ,X ,Q,181.10,200.00,181.10,198.95,198.95,199.00,4,221,43788.00,
524764,NUTRA       ,X ,Q,16.65,17.25,15.65,15.95,16.00,16.95,169,67417,1130131.00,
524774,NGL FINE CHM,X ,Q,620.00,620.00,490.30,534.10,549.50,520.15,821,29701,16636073.00,
524790,EVEREST ORG.,X ,Q,163.00,167.50,156.40,160.30,162.00,162.30,31,553,89364.00,
524804,AUROB.PHARMA,A ,Q,690.00,702.00,681.10,684.85,684.85,685.60,2450,123818,85726120.00,
524816,NATCO PHARM ,A ,Q,520.00,522.90,510.00,515.90,515.90,523.50,845,16724,8643194.00,
524818,DYNAMIC IND.,X ,Q,81.90,84.00,80.90,81.40,81.00,84.90,11,264,21548.00,
524820,PANAMA PETRO,B ,Q,117.50,118.70,115.60,116.50,118.45,119.30,19,585,68670.00,
524824,BAL PHARMA  ,B ,Q,67.90,67.90,65.40,66.40,66.40,68.25,98,4913,327100.00,
524828,BDH INDUS.  ,XT,Q,74.10,74.10,74.10,74.10,74.10,78.00,21,4049,300030.00,
526009,PROCAL ELECT,XT,Q,0.54,0.54,0.53,0.53,0.53,0.55,3,500,266.00,
526027,CUBEX TUBING,B ,Q,12.56,12.56,12.56,12.56,12.56,12.56,1,1000,12560.00,
526043,POLYMECH.MCH,X ,Q,34.05,36.00,30.80,31.45,30.85,38.45,55,4342,139951.00,
526073,GALAXY BEAR.,XT,Q,190.00,190.00,179.05,180.30,179.05,181.50,19,130,24469.00,
526093,SATVAH.ISPAT,B ,Q,8.30,8.62,8.30,8.62,8.62,8.21,19,4940,42203.00,
526095,RAVILEELA GR,X ,Q,12.80,12.80,12.70,12.70,12.70,12.64,2,22,280.00,
526113,UNIROYAL MAR,XT,Q,7.75,8.53,7.73,8.53,8.53,8.13,15,3583,27779.00,
526115,KARAN WOO-SN,XT,Q,2.72,2.72,2.72,2.72,2.72,2.72,1,10,27.00,
526117,SHERVANI IND,X ,Q,718.95,718.95,650.00,655.60,665.00,664.75,98,587,389976.00,
526133,SUPERTEX IND,X ,Q,3.40,3.40,3.40,3.40,3.40,3.44,1,950,3230.00,
526139,TRANSGENE BI,XT,Q,3.86,4.03,3.86,3.93,4.00,3.97,34,18918,74890.00,
526143,MPL         ,XT,Q,6.00,6.00,5.71,5.76,6.00,6.01,21,3750,21994.00,
526159,NIKHIL ADHSV,X ,Q,134.00,140.70,134.00,140.70,140.70,134.00,7,355,49081.00,
526161,SPENTA INT. ,X ,Q,71.00,77.00,68.85,77.00,77.00,72.00,4,302,21239.00,
526169,MULTIBASE I ,X ,Q,387.90,387.90,315.70,319.50,319.50,389.95,1622,59097,19741792.00,
526173,ANDREW YULE ,B ,Q,19.25,19.30,18.90,19.00,19.00,19.05,78,29643,566238.00,
526179,LUDOLOW JUTE,X ,Q,62.05,62.30,61.15,61.25,61.15,61.80,29,1638,100618.00,
526193,ROYAL CUSHIO,XT,Q,6.83,7.17,6.83,7.17,7.17,6.83,7,1050,7528.00,
526195,NEOGEM INDIA,XT,Q,3.23,3.23,3.23,3.23,3.23,3.40,1,100,323.00,
526217,HITECHCORP  ,B ,Q,89.10,93.60,89.00,92.70,92.70,94.65,16,164,14667.00,
526225,BLOOM DEKOR ,X ,Q,14.90,16.23,14.87,16.23,16.23,15.65,6,633,9416.00,
526227,FILATEX INDI,B ,Q,44.20,44.95,43.85,44.20,44.20,43.70,268,35615,1582579.00,
526235,MERCATOR    ,B ,Q,2.78,2.78,2.65,2.65,2.65,2.78,59,70968,188131.00,
526241,AMRAPALI IND,X ,Q,4.36,4.36,4.36,4.36,4.36,4.36,2,1132,4935.00,
526247,PREMIER EXPL,B ,Q,206.00,216.30,205.00,207.40,207.40,205.05,9,552,114837.00,
526263,MOLD-TEK TEC,B ,Q,59.00,62.65,55.60,59.80,59.05,57.95,109,10419,623795.00,
526299,MPHASIS LTD ,A ,Q,955.05,1005.00,950.00,1002.45,1002.45,960.10,2175,59371,59147247.00,
526315,DIVYA.GRANIT,X ,Q,79.00,85.55,77.15,83.75,85.55,84.00,13,403,32729.00,
526325,ORIENT PRESS,B ,Q,155.00,160.00,150.00,150.00,150.00,160.20,4,22,3360.00,
526365,SWARNASA    ,XT,Q,9.97,9.97,9.03,9.95,9.95,9.50,12,5319,51068.00,
526367,GANESH HSG. ,B ,Q,59.40,60.95,59.40,60.80,60.80,59.45,37,1741,105106.00,
526371,NMDC LTD    ,A ,Q,103.00,103.15,101.75,102.70,102.70,102.50,2153,341214,35030678.00,
526381,PAT INT LOG ,B ,Q,42.85,42.85,41.95,42.15,42.15,43.25,57,6162,260318.00,
526397,ALPHAGEO (I),B ,Q,469.00,487.60,469.00,473.85,472.00,464.10,182,578,276136.00,
526407,RIT PRO IND ,X ,Q,17.50,18.44,17.50,18.39,18.44,17.57,12,3646,66345.00,
526409,KKALPANAIND ,X ,Q,23.15,23.15,21.25,22.20,22.35,21.95,18,3227,71069.00,
526415,OK PLAY (I) ,XT,Q,39.65,39.65,35.95,37.30,37.90,37.80,43,7652,282489.00,
526423,KRITI INDUS.,X ,Q,22.90,22.90,21.50,22.00,22.00,21.60,35,2794,60930.00,
526433,ASM TECHNOLO,X ,Q,104.00,112.00,104.00,108.75,110.00,104.80,28,1812,196115.00,
526435,PERFECTPAC  ,X ,Q,160.00,160.00,160.00,160.00,160.00,157.10,1,35,5600.00,
526441,VISIONCINE  ,XT,Q,0.94,0.94,0.94,0.94,0.94,0.98,3,3331,3131.00,
526471,WINSOME BREW,XT,Q,3.85,4.04,3.66,4.04,4.04,3.85,8,416,1547.00,
526492,RISHIROOP   ,X ,Q,57.10,58.60,57.10,58.60,58.60,61.10,7,464,27104.00,
526494,PROMACT     ,X ,Q,5.61,5.61,5.61,5.61,5.61,5.61,3,3786,21239.00,
526506,SYSTAMATIX C,X ,Q,42.90,42.95,41.35,41.35,41.35,43.50,19,5089,217137.00,
526519,ALPINE HSG. ,X ,Q,18.43,18.43,14.15,14.25,14.30,15.38,49,5356,77022.00,
526521,SANGHI IND. ,B ,Q,68.95,68.95,68.10,68.95,68.95,68.70,42,3030,207997.00,
526538,MAXIMAA SYST,X ,Q,3.73,3.73,3.39,3.40,3.40,3.56,9,7341,24942.00,
526544,SCANP GEOM  ,X ,Q,27.45,27.75,26.80,27.15,27.00,27.40,50,7976,217217.00,
526550,CCHHL       ,T ,Q,7.90,8.05,7.41,7.53,7.79,7.77,54,17863,141594.00,
526574,ENTERPR.INTE,X ,Q,7.86,8.66,7.86,8.66,8.66,8.25,8,650,5189.00,
526576,TECHIN      ,B ,Q,3.85,4.15,3.85,4.14,4.15,4.05,4,910,3504.00,
526582,TPL PLAST   ,B ,Q,146.10,150.00,146.10,150.00,150.00,147.60,5,131,19260.00,
526586,WIM PLAST LT,X ,Q,520.00,528.00,496.05,515.00,527.95,499.65,48,1067,546982.00,
526596,LIBERTY SHOE,B ,Q,143.35,143.55,140.10,141.30,141.30,146.00,181,6919,982063.00,
526604,LIPPI SYSTEM,XT,Q,8.67,8.67,8.66,8.66,8.66,8.66,2,421,3646.00,
526608,ELECTROTHERM,B ,Q,358.00,358.20,337.35,337.35,337.35,355.10,377,9191,3154935.00,
526612,BLUE DART EX,A ,Q,2719.95,2739.40,2680.00,2692.95,2692.95,2706.85,128,374,1011481.00,
526614,EXPO GAS    ,X ,Q,3.95,4.07,3.95,4.07,4.07,4.14,5,1500,5937.00,
526616,NAT.PLASTIC ,X ,Q,30.00,30.80,28.70,30.05,30.50,30.00,22,1237,37056.00,
526642,MIRZA INTER ,B ,Q,61.00,61.00,57.35,58.60,58.60,60.30,270,22486,1326149.00,
526650,TOURISM FINA,B ,Q,124.20,124.20,119.05,120.40,122.65,123.10,304,12157,1485114.00,
526654,THAKKERS DEV,X ,Q,64.70,64.70,64.70,64.70,64.70,64.70,1,10,647.00,
526666,BHARTIYA INT,B ,Q,275.00,284.90,269.05,277.60,277.60,275.00,34,578,159402.00,
526668,KAMAT HOTELS,B ,Q,51.85,51.95,50.10,50.40,50.40,51.00,33,1794,90654.00,
526683,HOTEL RUGBY ,T ,Q,1.44,1.44,1.44,1.44,1.44,1.38,1,30,43.00,
526687,POLO HOTELS ,XT,Q,4.85,4.85,4.85,4.85,4.85,5.06,3,405,1964.00,
526689,FENOPLAS.LTD,XT,Q,36.50,36.95,36.50,36.95,36.95,36.95,2,3,110.00,
526703,ECOPLAST LTD,X ,Q,127.00,131.00,125.00,125.00,125.00,119.95,43,3789,480080.00,
526705,ELEGANT MARB,X ,Q,167.55,167.55,167.55,167.55,167.55,159.60,3,73,12231.00,
526717,GOPALA POLY.,X ,Q,37.25,37.30,34.65,35.00,35.75,36.00,116,14572,521938.00,
526721,NICCO PARKS ,XT,Q,23.45,25.75,23.45,25.00,25.00,24.65,13,3198,80068.00,
526723,NTC INDUST  ,X ,Q,46.00,48.50,45.75,45.95,48.25,47.75,7,364,16733.00,
526725,SANDESH LTD.,B ,Q,757.50,758.50,746.00,748.65,749.95,749.40,20,122,91720.00,
526727,GARNET CONST,X ,Q,11.00,11.50,10.00,10.48,10.70,10.98,61,8644,89737.00,
526729,GOLDIAM INT.,B ,Q,114.00,117.90,110.60,111.90,111.00,115.95,157,8209,939811.00,
526731,BRIGHT BROS.,X ,Q,72.00,72.00,70.00,71.00,71.00,72.20,15,450,32007.00,
526737,CORPOR COUR ,X ,Q,12.90,12.90,11.20,11.20,11.20,13.25,11,3701,43108.00,
526739,NARMADA GEL ,X ,Q,160.00,161.80,154.05,155.35,155.00,159.20,45,1751,275229.00,
526747,P.G.FOILS   ,X ,Q,73.00,75.00,68.00,74.70,75.00,71.95,21,1371,101723.00,
526755,VELAN HOTELS,X ,Q,3.75,3.75,3.56,3.74,3.74,3.70,11,4077,15221.00,
526775,VALIANT COMM,X ,Q,23.90,26.00,23.00,25.20,25.20,24.25,11,97,2411.00,
526783,DR.AGAR.EYE ,XT,Q,275.00,285.00,264.00,279.90,285.00,277.40,19,1940,545800.00,
526797,GREENPLY IND,B ,Q,162.55,165.85,161.05,163.85,165.85,163.90,316,21792,3547888.00,
526801,PSL LTD     ,B ,Q,0.97,0.97,0.97,0.97,0.97,0.93,1,50,48.00,
526807,SEAMEC LTD  ,B ,Q,467.00,467.00,443.00,457.00,449.05,453.05,74,614,276982.00,
526817,CHEVIOT CO. ,X ,Q,648.85,648.95,630.00,634.35,635.00,636.35,34,832,528658.00,
526821,DAI-ICHI KAR,X ,Q,222.00,231.50,215.00,224.00,224.00,231.90,17,910,200820.00,
526829,CONFI PETRO ,B ,Q,40.40,41.70,39.60,40.15,40.15,40.35,798,283417,11525477.00,
526843,ATLANTADEV  ,XT,Q,0.62,0.62,0.62,0.62,0.62,0.65,4,415,257.00,
526849,BANARAS BEAD,B ,Q,51.00,51.00,51.00,51.00,51.00,52.00,2,20,1020.00,
526853,BILCARE LTD.,X ,Q,27.00,29.50,25.55,29.25,29.25,27.85,173,18682,532911.00,
526861,RISHI LASER ,X ,Q,22.30,22.30,20.10,21.90,21.80,21.00,18,12779,268180.00,
526865,JAINCO PROJ.,XT,Q,0.47,0.47,0.47,0.47,0.47,0.49,1,100,47.00,
526881,63MOONS     ,B ,Q,135.35,140.90,132.25,134.70,134.70,135.45,752,28679,3917272.00,
526885,SARLA PER F ,B ,Q,29.30,29.80,28.80,28.80,28.80,28.85,80,9280,271755.00,
526899,HFIL        ,X ,Q,7.44,7.74,7.33,7.45,7.43,7.38,84,31936,240934.00,
526905,PADMAIND    ,X ,Q,96.00,98.00,95.00,98.00,98.00,93.35,24,122,11901.00,
526917,CHD DEV LTD ,X ,Q,5.20,5.20,4.82,5.04,4.91,5.07,367,82304,407101.00,
526921,21ST CEN.MGM,B ,Q,19.75,19.75,19.75,19.75,19.75,20.15,1,200,3950.00,
526927,DION        ,XT,Q,3.93,3.93,3.93,3.93,3.93,3.93,4,546,2145.00,
526931,HARIYANA SH.,X ,Q,66.50,66.50,65.00,65.00,65.00,66.95,11,311,20375.00,
526947,LA-OPALA RG ,B ,Q,205.95,205.95,197.00,204.55,205.50,204.60,58,1445,294043.00,
526951,GOLDEN LAMIN,X ,Q,711.15,726.00,711.15,723.80,721.00,711.50,26,829,599923.00,
526953,VENUS REMEDI,B ,Q,32.35,32.35,29.00,29.75,29.70,32.20,161,15782,472274.00,
526957,UDL         ,X ,Q,18.50,19.25,18.50,19.20,19.20,18.50,32,7664,145842.00,
526965,GUJ.CRAFT IN,XT,Q,23.00,24.15,23.00,24.15,24.15,23.00,2,205,4720.00,
526971,DHOOT I.FIN.,X ,Q,33.55,34.50,31.80,34.30,34.50,33.20,9,1055,36073.00,
526981,SHRI BAJRANG,X ,Q,21.15,21.15,20.05,21.10,21.15,19.25,114,50660,1070331.00,
526987,URJA GLOBAL ,B ,Q,2.80,2.80,2.65,2.69,2.72,2.75,309,493286,1333571.00,
527001,ASHAPURA LTD,T ,Q,25.20,25.20,24.10,24.75,24.80,24.00,38,8071,199574.00,
530001,GUJ.ALKALI  ,A ,Q,553.60,568.40,548.60,554.40,554.40,547.65,635,7360,4112922.00,
530005,INDIA CEM.  ,A ,Q,110.30,112.50,109.10,110.90,110.90,110.45,2080,475341,52693393.00,
530007,JK TYRE IND ,A ,Q,82.25,82.90,81.55,81.85,81.85,82.50,358,42448,3492893.00,
530011,MANGLR.CHEM ,B ,Q,41.45,41.45,40.30,40.50,40.55,40.80,38,3520,143585.00,
530017,STD.INDUST. ,T ,Q,13.07,13.63,13.07,13.63,13.63,13.25,6,1209,16346.00,
530019,JUBILANT    ,A ,Q,506.00,517.00,502.30,506.00,506.00,501.10,1176,686962,344565205.00,
530023,THEINVEST   ,B ,Q,171.00,171.00,162.00,162.00,162.00,166.00,3,75,12562.00,
530037,SREE JAYA.AU,XT,Q,1.95,1.95,1.95,1.95,1.95,1.95,1,1,1.00,
530043,ACKNIT IND  ,X ,Q,93.80,94.85,89.00,94.00,92.80,92.10,65,7360,682702.00,
530045,TITAN SECUR.,X ,Q,3.73,3.73,3.50,3.65,3.65,3.45,20,26700,93759.00,
530047,MOHOTAIND   ,B ,Q,35.20,35.30,34.80,35.30,35.30,33.65,21,2220,78047.00,
530067,CSLFINANCE  ,X ,Q,293.35,306.50,290.00,304.70,306.50,291.00,176,17088,5085905.00,
530073,SANGHVI MOVE,B ,Q,129.00,129.00,126.00,126.00,126.00,127.60,16,29,3663.00,
530075,SELAN EXPLOR,B ,Q,180.05,188.00,180.00,182.65,182.65,179.85,172,8468,1561724.00,
530077,FRESHTROP FR,X ,Q,140.00,142.95,134.30,135.10,134.50,140.00,296,17822,2432177.00,
530079,FAZE THREE L,X ,Q,44.00,44.95,40.75,42.10,43.00,43.95,68,7492,316534.00,
530111,RAJ PACKAGIN,X ,Q,26.50,26.50,24.00,24.00,24.00,24.00,4,101,2429.00,
530117,FAIRCHEM    ,B ,Q,557.40,569.90,546.40,558.90,559.75,552.85,65,601,335297.00,
530119,NATRAJ PROTE,XT,Q,26.00,26.00,26.00,26.00,26.00,27.20,1,19,494.00,
530125,SAMRAT PHARM,X ,Q,86.90,96.95,84.15,86.55,93.95,95.50,27,532,46819.00,
530127,NPR FINANCE ,X ,Q,19.90,21.00,19.90,21.00,21.00,20.80,3,310,6290.00,
530129,NILE LTD.   ,X ,Q,280.00,285.00,268.95,275.35,275.35,272.60,133,8134,2231899.00,
530131,UDAIPUR CEME,X ,Q,17.50,18.20,17.50,17.82,17.82,17.38,395,164047,2927725.00,
530135,OPTIEMUS    ,B ,Q,98.90,99.50,93.40,94.85,94.85,97.00,347,78087,7500733.00,
530145,KISAN MOULD.,X ,Q,33.55,37.00,33.55,37.00,37.00,35.25,125,42068,1528546.00,
530151,VIJAY TEXTIL,X ,Q,27.30,27.30,24.00,24.15,24.15,24.35,26,2984,72170.00,
530163,KERALA AYUR ,X ,Q,60.30,63.00,60.30,62.15,62.60,63.00,49,3904,240533.00,
530169,MOHIT PAPER ,X ,Q,9.34,9.34,9.34,9.34,9.34,8.91,2,2000,18680.00,
530173,OSCAR GLOBAL,X ,Q,4.06,4.06,4.06,4.06,4.06,4.27,1,100,406.00,
530175,ODYSSEY TECH,X ,Q,26.10,27.50,26.10,27.50,27.50,27.35,2,20,536.00,
530177,SPS INTL.   ,X ,Q,23.75,23.75,23.75,23.75,23.75,25.00,9,3121,74123.00,
530185,SURAT TEXT. ,X ,Q,2.01,2.13,1.98,2.01,2.03,2.03,159,218141,440698.00,
530187,ATHARV ENT  ,XT,Q,0.90,0.90,0.90,0.90,0.90,0.93,1,1,0.00,
530191,CHROMATIC IN,B ,Q,0.89,0.89,0.81,0.88,0.88,0.89,10,6699,5493.00,
530199,THEMIS MEDIC,B ,Q,266.45,272.40,260.00,272.40,272.40,262.25,35,1203,320189.00,
530201,KALLAM      ,X ,Q,15.55,16.00,15.55,16.00,16.00,15.55,6,395,6171.00,
530207,BRAWN BIO   ,XT,Q,36.95,36.95,33.45,33.45,33.45,35.20,25,2626,88364.00,
530215,KINGSINFRA  ,X ,Q,21.50,22.95,21.50,22.90,22.90,22.95,20,2372,51190.00,
530233,AURO LAB.   ,X ,Q,57.55,60.70,57.50,60.05,60.00,57.20,7,550,32645.00,
530239,SUVEN LIFE S,A ,Q,268.90,283.00,268.00,277.60,277.60,267.90,1563,65695,18199314.00,
530245,ARYAMAN FIN.,X ,Q,49.00,49.00,47.00,47.05,47.00,49.00,3,13,613.00,
530251,RISA INTL   ,XT,Q,0.57,0.57,0.55,0.55,0.55,0.57,9,1520,838.00,
530255,KAY POW PAP ,X ,Q,3.00,3.00,3.00,3.00,3.00,2.86,7,2775,8325.00,
530281,QUANTUM DIG.,XT,Q,1.12,1.12,1.12,1.12,1.12,1.07,3,400,448.00,
530299,KOTHARI PROD,B ,Q,86.50,98.10,86.50,98.10,98.10,81.75,168,9598,931622.00,
530305,PICCADILY AG,X ,Q,9.75,10.10,9.21,9.68,9.75,10.22,76,25900,246784.00,
530307,CHAMANLAL SE,X ,Q,70.95,70.95,60.85,61.40,61.40,72.00,972,123648,7717932.00,
530309,CHANDRA PRAB,X ,Q,16.80,16.80,16.80,16.80,16.80,16.80,3,1600,26880.00,
530313,KIMIABL     ,XT,Q,28.70,28.70,28.50,28.50,28.50,29.95,6,2199,62871.00,
530315,HIND.TIN WRK,X ,Q,58.85,58.85,55.25,55.35,55.35,57.80,222,23460,1313993.00,
530317,GODAVARI DRU,X ,Q,23.40,23.40,22.15,23.00,22.30,22.85,29,1730,39426.00,
530331,PREMCO GLOB.,X ,Q,132.80,132.80,128.00,128.30,128.30,132.80,9,331,42712.00,
530341,MUKESH BABU ,X ,Q,87.00,87.00,87.00,87.00,87.00,90.45,1,1,87.00,
530343,GENUS POWER ,B ,Q,29.25,29.30,28.80,29.05,28.95,29.30,40,4007,116533.00,
530355,ASIAN OILFIE,X ,Q,81.00,82.60,74.90,75.70,75.70,83.45,200,31005,2396405.00,
530363,UGAR SUGAR  ,B ,Q,16.06,16.06,15.61,15.72,15.72,15.85,48,25577,403645.00,
530365,ORIENTBELL  ,B ,Q,154.65,157.40,152.85,156.90,156.90,156.30,24,398,61876.00,
530367,NRB BEARINGS,B ,Q,155.00,172.05,155.00,168.75,168.00,174.50,252,3438,582362.00,
530377,NILA INFRA. ,B ,Q,8.39,8.59,7.75,8.07,8.10,8.08,182,106689,887099.00,
530381,PETRON ENGG.,T ,Q,8.95,8.95,8.95,8.95,8.95,8.53,3,450,4027.00,
530401,VINYOFLEX LT,XT,Q,26.25,28.50,26.25,28.50,28.50,27.45,4,1001,28526.00,
530419,SUMEDHA FISC,X ,Q,22.25,23.25,20.30,22.50,22.50,22.00,11,1208,26667.00,
530427,CHOKSI IMAG ,X ,Q,16.50,16.50,16.50,16.50,16.50,16.50,4,1538,25377.00,
530429,ASHISH POLY.,XT,Q,8.48,8.48,8.48,8.48,8.48,8.48,1,30,254.00,
530431,ADOR FONTECH,X ,Q,105.50,109.00,105.05,106.05,106.50,108.00,114,8895,949773.00,
530433,SHIVA FERT. ,X ,Q,39.90,40.80,36.50,39.75,39.75,38.25,47,4227,162497.00,
530459,VALSON INDUS,X ,Q,26.55,27.45,26.50,26.55,27.45,26.50,11,3744,99328.00,
530461,SABOO SODIUM,X ,Q,7.25,7.25,6.72,6.90,6.90,7.30,9,1000,6902.00,
530477,VIKRAM THERM,X ,Q,82.00,93.00,82.00,91.85,91.85,77.50,394,41269,3734439.00,
530499,A.K.CAPITAL ,X ,Q,329.00,339.85,320.25,330.05,327.00,325.00,15,2389,786772.00,
530517,RELAXO FOOT.,A ,Q,839.95,850.00,831.00,836.65,849.95,841.45,144,992,836049.00,
530521,VIRAT INDUS.,X ,Q,45.00,45.00,44.10,44.10,44.10,45.05,6,351,15614.00,
530525,SHEETAL DIAM,X ,Q,1.45,1.45,1.45,1.45,1.45,1.45,1,900,1305.00,
530543,MARG LTD    ,X ,Q,19.00,19.55,18.15,18.50,18.30,18.65,237,160278,3091395.00,
530549,SHILPA MEDIC,B ,Q,352.40,360.00,348.00,353.25,352.00,349.90,152,3022,1058361.00,
530555,PARAMOUNT CO,B ,Q,12.95,13.25,12.75,12.90,12.90,12.96,72,16914,217823.00,
530577,LADDERUP FIN,X ,Q,23.50,23.50,23.50,23.50,23.50,22.40,1,40,940.00,
530579,UYFINCORP   ,X ,Q,2.82,2.95,2.81,2.81,2.81,2.95,31,60384,170523.00,
530585,SWASTIK INV ,X ,Q,80.90,80.90,74.00,74.00,74.00,76.10,7,176,13031.00,
530589,PRIMA PLASTI,X ,Q,87.65,88.90,84.10,84.95,86.00,86.35,29,2451,211618.00,
530601,JAGSON FIN. ,XT,Q,5.99,5.99,5.99,5.99,5.99,6.03,1,11,65.00,
530617,SAMPRE NUTRI,XT,Q,17.45,17.45,15.95,15.95,15.95,16.65,3,186,3244.00,
530621,AAIL        ,X ,Q,34.95,35.60,33.25,35.35,35.35,33.90,16,1748,60785.00,
530627,VIPULORG    ,XT,Q,180.00,191.00,179.50,186.00,186.00,183.45,134,6793,1260783.00,
530643,ECORECO     ,X ,Q,36.00,37.00,34.05,34.10,34.05,35.60,11,504,17617.00,
530655,GOODLUCK    ,B ,Q,72.45,72.45,69.80,70.00,71.20,70.60,74,2418,171160.00,
530663,GOYAL ASSO. ,XT,Q,3.20,3.30,3.15,3.25,3.25,3.20,5,10215,33585.00,
530665,ZENITH HEALT,XT,Q,2.20,2.35,2.20,2.30,2.34,2.31,58,31588,72442.00,
530677,SUPREME HO  ,X ,Q,20.90,20.90,20.90,20.90,20.90,22.00,2,1050,21945.00,
530689,LYKISLTD    ,XT,Q,21.45,23.65,21.45,23.65,23.65,22.55,28,4443,100800.00,
530695,PRIME PROP  ,X ,Q,23.90,24.95,21.20,22.30,22.30,22.70,15,1176,27391.00,
530697,ZENLABS     ,X ,Q,47.85,47.85,43.40,44.00,44.00,47.00,30,2230,99427.00,
530709,GOWRA LEASNG,XT,Q,16.98,17.28,16.98,17.11,17.25,16.49,5,35,598.00,
530721,ANGIND      ,Z ,Q,0.76,0.76,0.76,0.76,0.76,0.73,4,2200,1672.00,
530733,NOVAPUBLIC  ,XT,Q,12.00,12.00,12.00,12.00,12.00,11.50,5,77,924.00,
530759,STERL.TOOLS ,B ,Q,242.85,242.85,229.80,230.05,229.80,233.65,31,618,143551.00,
530773,IVRCL LTD   ,B ,Q,0.61,0.61,0.61,0.61,0.61,0.59,13,3718,2267.00,
530789,CEEJAY FINAN,X ,Q,130.00,131.95,125.40,125.45,129.85,132.00,21,905,114624.00,
530803,BHAGIL      ,B ,Q,282.60,282.60,262.20,270.20,274.95,281.10,159,6443,1764373.00,
530805,OIVL        ,X ,Q,18.70,18.70,18.70,18.70,18.70,18.70,3,20000,374000.00,
530813,KRBL LTD.   ,A ,Q,352.05,355.05,349.35,351.90,354.10,353.65,79,1705,600565.00,
530815,REFNOL RESIN,X ,Q,28.00,28.00,26.60,26.70,26.70,26.00,15,3370,92359.00,
530821,SSPDL LTD   ,X ,Q,28.90,28.90,28.90,28.90,28.90,28.00,3,30,867.00,
530825,DAIKAFFIL CH,X ,Q,36.10,37.90,33.75,36.35,37.90,36.55,16,1286,45387.00,
530829,CIL SECURITS,X ,Q,13.99,14.00,13.99,14.00,14.00,14.00,6,576,8062.00,
530843,CUPID LTD   ,B ,Q,153.00,153.00,140.00,140.30,140.00,144.85,411,16974,2450119.00,
530845,SUNSHIELD CH,X ,Q,179.90,179.90,172.60,173.65,174.00,175.65,17,1214,213127.00,
530859,COSBOARD IND,XT,Q,6.50,6.50,6.50,6.50,6.50,6.50,2,500,3250.00,
530871,CHEMBOND CHM,X ,Q,285.05,300.00,272.00,295.55,295.00,294.05,74,4046,1186081.00,
530879,CIFL        ,X ,Q,173.40,174.00,151.70,163.25,174.00,160.25,15,523,88218.00,
530883,SUPER CROP. ,X ,Q,28.45,28.45,27.60,27.90,28.00,28.15,159,96070,2683118.00,
530897,N.G.IND.LTD.,X ,Q,63.50,63.50,61.00,62.00,62.00,60.50,12,1460,92014.00,
530915,J.R.FOODS   ,XT,Q,16.80,16.80,15.85,16.65,16.65,16.65,6,14225,237671.00,
530919,REMSONS IND.,B ,Q,80.00,84.90,77.05,78.40,78.20,79.80,39,7052,564206.00,
530943,SRI ADHIKARI,T ,Q,3.79,3.96,3.79,3.81,3.79,3.98,22,5830,22286.00,
530951,RAMINFO     ,X ,Q,42.00,48.30,41.50,41.50,41.50,42.05,34,5447,227256.00,
530953,SUNIL AGRO F,X ,Q,28.40,29.40,28.40,29.40,29.40,28.40,6,318,9062.00,
530959,DIANA TEA CO,X ,Q,12.50,12.80,10.00,11.40,11.50,12.16,108,21333,240560.00,
530961,VIKASECO    ,B ,Q,13.35,13.50,12.25,13.22,13.22,13.42,1032,236037,3028174.00,
530965,INDIAN OIL  ,A ,Q,160.95,163.60,159.40,162.60,162.60,160.50,3723,757909,122541318.00,
530973,ALFA ICA (I),XT,Q,29.65,29.75,29.65,29.75,29.75,29.65,3,300,8915.00,
530977,SKCIL       ,X ,Q,80.30,80.30,66.20,76.75,73.50,73.00,227,15738,1175682.00,
530979,INDIA HOME  ,X ,Q,70.95,70.95,68.00,69.00,69.00,69.45,63,6564,450628.00,
530991,ROOPA INDUS ,X ,Q,11.50,11.50,11.50,11.50,11.50,11.00,1,20,230.00,
530997,UNIQUE ORGAN,X ,Q,7.20,7.49,7.20,7.49,7.49,7.14,3,305,2226.00,
530999,BALAJI AMINE,B ,Q,400.60,409.60,400.00,405.35,403.30,400.20,165,3243,1314219.00,
531041,COMPETENT AU,X ,Q,157.30,172.20,155.00,159.70,168.00,160.05,41,1396,220270.00,
531043,DHAN JEEVAN ,XT,Q,11.13,11.13,11.13,11.13,11.13,10.60,1,50,556.00,
531082,ALANKIT     ,B ,Q,38.00,38.95,36.60,38.70,38.30,38.25,310,216193,8118523.00,
531083,NIHAR INFO  ,X ,Q,9.55,10.00,9.55,10.00,10.00,9.55,5,5,49.00,
531091,UNITED CRED.,X ,Q,21.20,21.20,21.20,21.20,21.20,21.25,3,4,84.00,
531092,OM MET INFRA,B ,Q,29.05,29.80,29.00,29.70,29.70,30.05,58,1455,42965.00,
531109,ISHAN DYES  ,X ,Q,27.20,27.85,27.20,27.40,27.40,27.60,9,805,22040.00,
531111,GOTHI PLASCO,P ,Q,7.35,7.35,7.35,7.35,7.35,7.00,1,500,3675.00,
531119,CEENIK EXPO.,XT,Q,7.91,7.91,7.91,7.91,7.91,7.91,2,20,158.00,
531120,PATEL ENGG. ,B ,Q,27.75,27.75,27.10,27.40,27.35,26.90,50,4801,131415.00,
531129,INANI MARBLE,X ,Q,19.45,19.45,19.10,19.10,19.10,19.50,4,1150,22012.00,
531146,MEDICAMEN BI,X ,Q,491.00,494.85,480.00,490.35,494.50,489.95,50,2330,1130131.00,
531147,ALICON      ,B ,Q,612.25,612.25,612.25,612.25,612.25,606.50,1,50,30612.00,
531157,ORGANIC COAT,X ,Q,6.45,6.45,6.45,6.45,6.45,6.45,2,198,1277.00,
531158,CATVISION   ,X ,Q,12.45,12.49,12.45,12.49,12.49,12.79,2,500,6243.00,
531161,ABM KNOWLEDG,X ,Q,65.00,65.95,63.10,65.15,65.05,65.00,19,1562,101652.00,
531162,EMAMI LTD.  ,A ,Q,340.05,344.65,334.75,342.35,342.35,343.65,735,16539,5629675.00,
531169,SKP SECURE. ,X ,Q,65.00,65.00,65.00,65.00,65.00,67.00,1,3,195.00,
531173,SYSCHEM (I) ,X ,Q,8.64,8.64,8.64,8.64,8.64,8.21,1,1,8.00,
531175,BLS INFOTE  ,X ,Q,0.19,0.19,0.19,0.19,0.19,0.19,1,4000,760.00,
531176,MEFCOM CAPIT,X ,Q,15.05,15.05,15.05,15.05,15.05,15.05,2,26,391.00,
531196,GAGAN POLYCO,XT,Q,2.96,2.96,2.96,2.96,2.96,2.82,1,100,296.00,
531198,DHANADACOL  ,XT,Q,1.90,1.90,1.73,1.73,1.73,1.82,7,570,1003.00,
531201,SHILCHAR TEC,X ,Q,286.00,290.00,276.00,290.00,290.00,273.20,17,562,159715.00,
531209,NUCLE.SOFT E,B ,Q,358.45,363.00,355.80,360.70,363.00,358.55,6,54,19390.00,
531210,COLINZ LABOR,XT,Q,6.80,6.80,6.80,6.80,6.80,6.48,1,100,680.00,
531211,WELLNESS    ,P ,Q,11.09,11.09,11.09,11.09,11.09,11.31,3,600,6654.00,
531213,MANAP FIN   ,A ,Q,131.40,137.10,131.30,136.00,136.00,131.30,2181,278522,37325597.00,
531215,RTS POWER CO,X ,Q,39.50,43.50,39.50,42.60,43.50,39.70,71,16349,664046.00,
531216,COMFORT INTE,X ,Q,6.00,6.00,5.66,5.85,5.96,5.94,21,3624,21502.00,
531223,ANJANI SYNT.,X ,Q,16.90,18.00,15.35,16.00,16.00,16.90,9,236,3812.00,
531233,RASI ELECTRO,X ,Q,4.02,4.16,4.00,4.16,4.16,4.20,17,7174,29130.00,
531253,INDIA GELAT.,X ,Q,107.50,124.00,101.00,102.60,101.00,108.10,65,2689,280685.00,
531254,OPTIFIN     ,X ,Q,17.00,17.00,17.00,17.00,17.00,17.45,1,49,833.00,
531255,PARAGON FIN.,X ,Q,13.16,13.16,13.16,13.16,13.16,12.54,1,1,13.00,
531257,PRATIKSHA CH,XT,Q,4.13,4.13,4.13,4.13,4.13,4.13,1,400,1652.00,
531266,VST TILLERS ,B ,Q,1279.00,1300.30,1279.00,1298.50,1291.00,1269.10,58,236,305726.00,
531268,B2B SOFT.   ,XT,Q,9.40,9.40,8.55,8.55,8.55,9.00,3,550,4745.00,
531273,RADHE DEVLOP,X ,Q,10.50,10.70,9.75,9.87,9.85,10.71,17,465,4579.00,
531278,ELIXIR      ,X ,Q,35.90,35.90,33.05,35.70,35.70,35.75,11,222,7442.00,
531289,NATFIT      ,X ,Q,100.00,100.00,97.25,98.00,98.00,99.90,6,478,47434.00,
531304,NUTECH GLOBA,X ,Q,9.38,9.38,9.38,9.38,9.38,8.94,1,25,234.00,
531306,DHP INDIA LT,X ,Q,599.00,620.00,580.15,581.25,580.15,590.50,70,1289,776919.00,
531307,SRK INDUS   ,X ,Q,0.67,0.67,0.66,0.66,0.66,0.68,25,246200,162592.00,
531323,JAYIND      ,X ,Q,15.75,15.75,15.75,15.75,15.75,16.55,1,100,1575.00,
531335,ZYDUS WELL  ,A ,Q,1343.15,1343.15,1323.20,1334.40,1338.50,1336.05,103,606,805128.00,
531337,JUMPNET     ,X ,Q,47.50,48.50,47.25,48.50,48.50,47.95,407,2388870,114763024.00,
531340,BERVIN INV. ,XT,Q,7.75,7.75,7.75,7.75,7.75,8.00,1,1,7.00,
531343,INDINFRA    ,X ,Q,4.20,4.20,4.20,4.20,4.20,4.20,1,2,8.00,
531344,CONTAIN.CORP,A ,Q,527.00,537.45,527.00,529.85,531.00,524.90,1434,37164,19785123.00,
531346,EASTERN TRED,X ,Q,43.05,43.05,43.00,43.00,43.00,46.60,4,201,8643.00,
531349,PANACEA BIOT,B ,Q,191.15,194.00,190.00,193.05,194.00,193.20,44,1601,307978.00,
531358,CHOICE INT. ,X ,Q,69.95,69.95,66.60,67.90,67.90,70.35,72,6523,444683.00,
531373,BYKE HOSP   ,B ,Q,26.35,27.45,26.25,26.25,26.25,27.60,128,69421,1822649.00,
531381,ARIHANT FOUN,B ,Q,35.90,36.80,31.00,32.00,32.00,31.20,61,2862,97529.00,
531390,UPSURGE INV.,XT,Q,15.30,15.30,15.30,15.30,15.30,14.60,3,6750,103275.00,
531400,ALMONDZ GLO ,B ,Q,20.40,22.50,20.40,22.30,22.50,20.95,4,157,3307.00,
531404,ZICOM ELECTR,T ,Q,2.72,2.72,2.60,2.60,2.60,2.71,38,17129,45911.00,
531409,ALCH CORP   ,XT,Q,12.24,12.24,12.24,12.24,12.24,12.48,1,1,12.00,
531411,TUNI TEXTILE,X ,Q,0.19,0.19,0.19,0.19,0.19,0.19,3,13480,2561.00,
531412,RADIX IND   ,X ,Q,92.80,93.10,92.80,93.00,93.10,96.60,2,70,6511.00,
531426,TAMIL.NEWSPR,A ,Q,209.00,209.00,200.65,201.90,201.90,204.55,211,5179,1055261.00,
531431,SHAKTI PUMPS,B ,Q,446.60,472.90,445.95,464.65,464.65,442.60,1234,28967,13455306.00,
531437,PWASML      ,X ,Q,24.50,26.25,22.35,23.25,23.25,24.50,19,760,17811.00,
531439,GOLDSTONE EN,B ,Q,12.48,12.55,12.10,12.14,12.10,12.48,18,4606,57419.00,
531449,GRM OVERSEAS,X ,Q,238.00,249.65,238.00,249.65,249.65,237.80,22,1078,268756.00,
531453,MOHIT INDUS.,B ,Q,7.70,7.99,7.70,7.96,7.93,8.67,3,254,1956.00,
531454,POLYLINK POL,X ,Q,14.30,14.30,12.05,12.60,12.50,14.40,45,23227,299639.00,
531456,MINAXI TEXT.,X ,Q,0.72,0.72,0.72,0.72,0.72,0.75,1,665,478.00,
531460,CONTI.CONTRL,XT,Q,4.50,4.50,4.50,4.50,4.50,4.59,1,100,450.00,
531471,DUKE OFFSHOR,X ,Q,20.05,21.70,19.75,20.15,20.15,21.20,56,9672,200677.00,
531472,CYBELE IND  ,XT,Q,8.53,8.53,8.53,8.53,8.53,8.70,6,250,2132.00,
531489,CG-VAK SOFTW,X ,Q,40.00,42.00,40.00,42.00,42.00,39.90,2,71,2842.00,
531494,NAVKAR BUILD,X ,Q,25.20,25.50,23.20,23.20,23.20,24.40,43,6665,166832.00,
531495,BLUECOAST   ,B ,Q,39.95,39.95,39.95,39.95,39.95,42.05,1,1,39.00,
531497,MADHUCON PRJ,B ,Q,10.40,10.91,9.88,9.88,9.88,10.40,48,17965,181362.00,
531499,SYBLY INDS. ,X ,Q,2.57,2.57,2.57,2.57,2.57,2.57,2,101,259.00,
531500,RAJESH EXPO.,A ,Q,700.00,700.00,657.00,658.90,658.90,656.65,1462,54793,36376871.00,
531502,ESAAR (I)LTD,X ,Q,2.49,2.49,2.49,2.49,2.49,2.45,18,13942,34715.00,
531508,EVEREADY (I),B ,Q,90.50,91.05,88.00,88.60,89.00,90.25,203,12281,1090118.00,
531512,ORIENT TRADE,X ,Q,7.35,7.35,6.80,7.15,7.10,7.10,123,149485,1051756.00,
531518,VIKASPROP   ,X ,Q,12.75,12.75,12.75,12.75,12.75,13.00,140,53933,687645.00,
531524,I.C.S.A. IND,T ,Q,1.24,1.24,1.24,1.24,1.24,1.30,1,20,24.00,
531525,ACE SOFTWARE,X ,Q,22.55,22.55,22.55,22.55,22.55,22.55,1,444,10012.00,
531531,HATSUN AGRO ,A ,Q,711.05,721.50,705.00,714.80,714.80,710.00,38,757,534787.00,
531539,RISHABH DIGH,X ,Q,36.00,36.00,34.20,34.80,34.80,35.20,22,941,33382.00,
531540,MARUTI INFRA,X ,Q,17.85,18.65,17.80,18.65,18.65,17.60,37,5265,96311.00,
531541,AVONLIFE    ,Z ,Q,2.75,2.88,2.62,2.69,2.88,2.75,22,13500,35491.00,
531543,JINDAL WORLD,B ,Q,77.00,84.35,77.00,78.30,78.50,77.10,647,81081,6531719.00,
531548,SOMANY CRAM ,B ,Q,443.10,445.00,433.20,438.90,435.00,441.65,194,4467,1952431.00,
531553,DRL         ,XT,Q,6.19,6.19,6.19,6.19,6.19,5.90,1,200,1238.00,
531556,CORAL (I)FIN,B ,Q,15.50,16.70,15.50,15.50,15.50,15.50,10,1530,24067.00,
531569,SANJIVANI PA,XT,Q,6.18,6.60,6.18,6.60,6.60,6.50,4,225,1411.00,
531574,VAS INFRA   ,X ,Q,6.30,6.30,6.30,6.30,6.30,6.17,1,10,63.00,
531591,BAMPSL SECUR,X ,Q,1.80,1.80,1.80,1.80,1.80,1.89,1,100,180.00,
531592,GENPHARMA   ,XT,Q,13.50,14.20,13.30,13.70,13.30,14.00,25,1112,15269.00,
531595,CGCL        ,B ,Q,190.60,195.35,189.30,190.80,189.30,188.20,1744,280641,53946754.00,
531599,FDC LIMITED ,B ,Q,195.50,200.00,195.50,196.15,196.15,194.25,386,15584,3083855.00,
531608,GORANI INDUS,X ,Q,18.60,18.60,17.75,17.75,17.75,18.65,4,806,14391.00,
531609,KG PETROCHEM,XT,Q,84.00,84.00,84.00,84.00,84.00,84.00,1,3,252.00,
531624,COUNTRY COND,B ,Q,4.65,4.65,4.65,4.65,4.65,4.23,17,12590,58543.00,
531626,OROSMITHS   ,XT,Q,8.10,8.10,8.10,8.10,8.10,8.10,1,10,81.00,
531633,LINCOLN PHAR,B ,Q,191.95,197.00,179.00,180.25,180.25,190.90,273,14897,2733254.00,
531637,SWORD &SHIEL,XT,Q,4.32,4.32,4.32,4.32,4.32,4.24,1,1,4.00,
531642,MARICOLTD   ,A ,Q,364.65,368.00,360.75,364.40,367.00,366.45,619,27299,9933782.00,
531644,TOKYO FINANC,X ,Q,7.50,7.50,7.50,7.50,7.50,7.50,1,2000,15000.00,
531651,NATIONAL GEN,XT,Q,24.05,24.05,24.05,24.05,24.05,24.05,1,200,4810.00,
531661,HITTCO TOOLS,XT,Q,8.77,8.77,8.60,8.60,8.60,8.77,9,3326,28898.00,
531663,YUVRAAJHPL  ,XT,Q,0.67,0.67,0.67,0.67,0.67,0.68,1,1,0.00,
531667,RRMETAL     ,X ,Q,23.35,23.35,22.45,23.00,23.00,22.35,6,132,3027.00,
531682,CAT TECHN.  ,XT,Q,0.71,0.71,0.71,0.71,0.71,0.71,1,1000,710.00,
531686,ADVIK LABORS,XT,Q,1.62,1.62,1.62,1.62,1.62,1.66,1,1000,1620.00,
531687,KARUTURI GLO,T ,Q,1.19,1.24,1.17,1.18,1.18,1.21,66,327695,395216.00,
531688,PRITHVIEXCH ,X ,Q,31.10,33.60,31.10,33.55,33.60,32.00,21,2456,76578.00,
531717,VIDHIING    ,B ,Q,76.80,77.50,75.15,76.40,75.90,76.80,160,6462,493903.00,
531719,BHAGIRA.CHEM,X ,Q,509.90,524.40,498.10,509.35,510.00,506.10,63,1957,997034.00,
531723,STAMPEDE CAP,T ,Q,1.36,1.44,1.34,1.36,1.44,1.40,13,23689,33139.00,
531726,PANCHSHEEL O,X ,Q,63.30,65.70,62.60,62.80,62.60,64.00,6,830,53148.00,
531727,MENON PISTON,X ,Q,19.70,20.20,19.50,19.75,19.75,19.95,30,13962,275950.00,
531737,GREENCREST  ,X ,Q,1.25,1.25,1.23,1.23,1.23,1.25,7,3606,4507.00,
531739,GENNEX LAB  ,X ,Q,4.00,4.16,3.85,4.05,4.16,3.97,192,368120,1483154.00,
531746,PRAJAY ENGS.,B ,Q,8.25,8.89,8.00,8.68,8.75,8.11,9,1959,15987.00,
531752,SUN TECHNO  ,XT,Q,0.19,0.19,0.19,0.19,0.19,0.19,2,502,95.00,
531761,APOLLOPIPES ,X ,Q,399.95,399.95,394.00,395.15,395.00,399.40,90,8658,3422463.00,
531762,UNJHA FORMUL,X ,Q,11.00,11.00,10.36,10.36,10.36,10.90,3,1500,16308.00,
531768,POLY MEDICUR,B ,Q,193.00,198.00,193.00,193.00,193.00,193.50,5,5010,978730.00,
531769,PFL INFOTECH,Z ,Q,10.24,10.24,9.50,9.50,9.50,9.76,41,22035,224158.00,
531795,ATUL AUTO   ,B ,Q,312.00,315.00,307.05,309.40,309.40,312.40,24,409,127454.00,
531802,PRERNA INFR ,XT,Q,22.60,22.60,20.80,20.80,20.85,21.80,3,211,4570.00,
531814,TIRUPATI SAR,X ,Q,13.50,13.50,12.33,12.84,12.99,13.01,6,1055,13625.00,
531822,RODIUM      ,X ,Q,118.10,120.00,117.00,118.00,118.00,117.80,24,10598,1252937.00,
531831,UNISYS SOFT.,X ,Q,7.28,7.28,7.28,7.28,7.28,7.42,1,10,72.00,
531834,NATURA HUE C,X ,Q,2.47,2.47,2.47,2.47,2.47,2.47,1,100,247.00,
531842,LAHOTI OVER.,X ,Q,21.00,21.75,20.85,21.50,21.75,21.00,27,4872,103808.00,
531845,ZENITH BIRLA,T ,Q,0.53,0.53,0.53,0.53,0.53,0.55,3,1400,742.00,
531846,TRINITYLEA  ,XT,Q,13.50,13.50,13.50,13.50,13.50,14.00,1,10,135.00,
531859,ORIENTAL VEN,X ,Q,52.85,54.95,52.00,52.20,52.00,52.90,24,13625,720266.00,
531861,JOINDRE CAPI,X ,Q,17.50,18.20,16.50,18.20,18.20,18.00,53,22127,395117.00,
531862,BHARATAGRI  ,X ,Q,110.50,115.80,106.10,110.80,110.80,110.50,16,5388,584367.00,
531867,UNITECH INTE,X ,Q,6.25,6.55,6.20,6.20,6.20,6.10,14,11985,74700.00,
531869,SACHETA MET.,X ,Q,16.80,17.50,16.00,16.90,16.90,16.00,58,11128,186900.00,
531881,GMETCOAL    ,X ,Q,12.00,12.00,12.00,12.00,12.00,12.00,4,630,7560.00,
531882,KWALITYLTD  ,B ,Q,5.60,5.70,5.40,5.59,5.59,5.61,149,109823,610905.00,
531888,REXNORD ELE.,X ,Q,34.20,34.20,30.65,32.95,33.35,31.65,7,185,6150.00,
531892,KHANDWALA SE,B ,Q,14.99,14.99,14.99,14.99,14.99,15.10,1,100,1499.00,
531898,SANGUINE MD ,XT,Q,0.19,0.19,0.19,0.19,0.19,0.19,2,3000,570.00,
531900,CCL INTER   ,X ,Q,10.55,10.55,10.55,10.55,10.55,10.55,2,500,5275.00,
531909,SWAGRUHA    ,XT,Q,5.25,5.55,5.25,5.30,5.30,5.49,11,1656,8749.00,
531917,TWINSTAR SOF,Z ,Q,1.57,1.57,1.57,1.57,1.57,1.57,2,600,942.00,
531921,AGAR IND COR,B ,Q,160.25,160.25,158.00,159.20,159.00,164.00,12,574,91802.00,
531923,DHAMPURE SGR,X ,Q,13.20,14.30,13.05,14.30,14.30,13.70,11,3031,39810.00,
531925,SHANTANU SHE,XT,Q,1.40,1.40,1.40,1.40,1.40,1.40,2,1000,1400.00,
531928,GOLDEN CARPE,XT,Q,4.60,4.60,4.60,4.60,4.60,4.56,1,83,381.00,
531950,VERTEX SEC. ,X ,Q,1.70,1.70,1.60,1.60,1.60,1.70,5,3353,5378.00,
531952,RIBA TEXTILS,X ,Q,106.00,107.00,105.00,105.00,105.00,106.55,50,18946,2000780.00,
531962,SHREMETAL   ,XT,Q,15.00,15.00,15.00,15.00,15.00,15.00,1,200,3000.00,
531977,CHARTERLOGIS,XT,Q,5.04,5.56,5.04,5.04,5.04,5.30,56,28285,145118.00,
531978,AMBIKA COTTO,B ,Q,1100.00,1117.90,1080.00,1084.35,1081.10,1096.00,77,471,513571.00,
531979,HIND ALUMIN ,X ,Q,69.70,69.90,64.10,65.85,66.70,69.95,79,3033,200605.00,
531996,ODYSSEY CORP,X ,Q,2.07,2.07,2.07,2.07,2.07,2.17,1,350,724.00,
532005,SAM INDUS.  ,X ,Q,9.80,9.80,9.80,9.80,9.80,9.90,1,5,49.00,
532022,FILAT FASH  ,XT,Q,2.50,2.60,2.50,2.51,2.50,2.55,16,17250,43763.00,
532033,JAIN STUDIOS,Z ,Q,2.67,2.67,2.67,2.67,2.67,2.55,3,983,2624.00,
532034,SAFALHBS    ,XT,Q,0.93,0.93,0.93,0.93,0.93,0.92,3,300,279.00,
532035,UNISTAR MULT,X ,Q,3.90,3.90,3.90,3.90,3.90,3.73,1,100,390.00,
532039,ZENOTECH    ,X ,Q,21.85,22.00,21.35,22.00,22.00,21.00,30,4591,100158.00,
532051,SWELECT     ,B ,Q,235.00,235.00,235.00,235.00,235.00,233.65,4,100,23500.00,
532053,WALLFORT FIN,X ,Q,26.95,29.75,26.95,27.35,27.35,30.00,3,135,3642.00,
532054,KDDL LTD    ,B ,Q,466.00,466.00,450.00,456.05,456.00,467.10,22,284,130160.00,
532056,ADINATH EXIM,XT,Q,10.45,10.45,10.45,10.45,10.45,10.45,1,10,104.00,
532067,KILPEST (I) ,X ,Q,88.00,92.00,85.55,89.35,88.60,87.45,56,4161,373868.00,
532081,KSERASERA   ,B ,Q,0.19,0.19,0.19,0.19,0.19,0.19,10,23723,4507.00,
532102,SBEC SUGAR  ,X ,Q,8.57,8.57,8.57,8.57,8.57,8.57,4,100,857.00,
532113,BRIJLAXMI LE,X ,Q,1.54,1.54,1.54,1.54,1.54,1.57,1,1,1.00,
532123,BSE  INFRA  ,B ,Q,2.01,2.07,2.00,2.04,2.04,2.03,16,6659,13405.00,
532124,RELIAB VEN  ,X ,Q,13.30,13.30,13.30,13.30,13.30,14.00,4,15000,199500.00,
532129,HEXAWARE TEC,A ,Q,362.00,364.70,352.25,362.95,362.95,355.70,1079,44400,16019327.00,
532134,BANKBARODA  ,A ,Q,136.30,137.75,134.30,134.95,134.95,136.30,4506,1072603,145518495.00,
532140,MOHITE      ,X ,Q,12.00,12.00,12.00,12.00,12.00,12.00,1,4,48.00,
532141,ANDHRA CEMEN,T ,Q,4.56,4.89,4.56,4.75,4.65,4.75,29,13333,62859.00,
532143,SKM EGG PROD,B ,Q,41.20,48.90,41.20,47.85,48.00,49.55,34,1807,87031.00,
532144,WELCORP     ,A ,Q,145.60,146.05,141.65,142.55,142.55,146.05,776,154649,22213197.00,
532149,BNK OF INDIA,A ,Q,95.75,97.90,95.30,97.45,97.45,96.25,2038,661603,63994837.00,
532150,INDRAPRAST  ,B ,Q,39.40,40.20,39.30,39.50,39.55,39.35,34,2590,103120.00,
532155,GAIL (I) LTD,A ,Q,355.00,361.30,353.70,359.35,359.35,354.45,2182,877374,311045104.00,
532156,VAIBHAVGBL  ,B ,Q,721.40,752.70,721.30,730.90,730.00,719.25,169,1614,1194499.00,
532159,TRESCON     ,X ,Q,85.00,85.00,80.95,81.10,83.00,85.00,6,60,4940.00,
532160,GUJ.STAT.FIN,T ,Q,1.24,1.24,1.24,1.24,1.24,1.19,1,1000,1240.00,
532162,JK PAPER    ,B ,Q,140.50,142.05,135.50,136.00,136.00,138.25,1346,118398,16388152.00,
532163,SAREGAMA (I),B ,Q,541.05,556.05,541.05,547.90,546.50,550.40,130,1824,999286.00,
532173,CYBERTECH   ,B ,Q,52.45,53.50,50.65,52.00,52.00,50.50,48,3869,201423.00,
532174,ICICI BANK  ,A ,Q,422.95,427.90,420.00,426.45,426.45,422.90,4300,388339,164775108.00,
532175,CYIENT      ,A ,Q,552.00,567.75,543.75,551.90,551.90,560.00,607,13819,7726223.00,XD
532178,ENGINRS.(I) ,A ,Q,121.10,127.05,121.10,125.15,125.15,122.25,1902,185231,23119182.00,
532179,CORPN.BANK  ,A ,Q,25.00,25.60,25.00,25.25,25.10,25.15,110,23927,603843.00,
532180,DHANALAK.BNK,B ,Q,19.15,19.65,19.05,19.25,19.25,19.05,84,29084,560675.00,
532181,GUJ.MINERAL ,A ,Q,82.25,82.75,80.95,81.20,81.15,82.75,138,7907,645780.00,
532183,GAYATRI SUGR,X ,Q,2.51,2.69,2.51,2.69,2.69,2.57,16,8181,21985.00,
532187,INDUSIND BNK,A ,Q,1607.85,1621.70,1580.00,1586.10,1586.10,1607.85,2592,62867,100703605.00,
532189,INDIA TOURIS,B ,Q,263.05,269.00,260.70,265.05,265.05,266.65,199,3945,1039562.00,
532209,J & K BANK  ,A ,Q,58.40,59.85,58.00,59.55,59.55,58.40,416,50756,3008582.00,
532210,CITY UNION  ,A ,Q,218.00,218.00,210.70,211.75,211.75,215.05,332,122174,25986875.00,
532212,ARCHIES LTD ,B ,Q,22.00,22.30,21.95,22.05,22.05,22.00,4,5,110.00,
532215,AXIS BANK   ,A ,Q,804.80,814.15,803.05,808.10,808.10,804.80,3148,217577,176032943.00,
532216,HB STOCKHOL.,B ,Q,7.61,7.81,7.61,7.81,7.81,7.99,3,171,1319.00,
532218,SOUTH IND.BK,A ,Q,14.50,14.60,14.25,14.35,14.35,14.50,629,565511,8135580.00,
532219,ENERGY DEV. ,B ,Q,7.00,7.00,6.10,6.71,6.70,7.07,18,5408,35309.00,
532221,SONATA SOFT.,A ,Q,352.55,354.90,351.10,354.45,354.45,353.80,110,1954,689633.00,
532230,BENGAL TEA &,X ,Q,37.80,37.80,36.00,36.00,36.00,36.00,4,408,14887.00,
532234,NAT.ALUM    ,A ,Q,50.30,50.60,49.55,50.35,50.35,50.15,1852,813563,40777858.00,
532240,INDIA NIPPON,B ,Q,409.90,416.80,405.05,412.50,414.00,409.20,34,499,205854.00,
532259,APAR INDUS. ,B ,Q,687.95,687.95,662.35,670.60,670.00,676.15,401,6895,4659786.00,
532271,CYBERMATE   ,X ,Q,2.57,2.58,2.18,2.24,2.33,2.42,237,389340,906416.00,
532275,LANDMARC LEI,XT,Q,0.45,0.47,0.45,0.47,0.47,0.47,4,4266,1935.00,
532276,SYNDICATE BN,A ,Q,36.10,36.30,35.45,35.80,35.80,35.80,738,548115,19624842.00,
532281,HCL TECHNO  ,A ,Q,1088.00,1098.15,1068.00,1077.10,1077.10,1084.50,2503,104007,113069170.00,
532282,CASTEXTECH  ,T ,Q,0.81,0.86,0.79,0.84,0.86,0.82,23,45726,37064.00,
532284,TCFC FINANCE,X ,Q,29.15,29.30,29.15,29.30,29.30,28.90,4,303,8844.00,
532285,GEOJITFSL   ,B ,Q,39.45,40.00,39.15,39.15,39.15,38.50,96,30696,1205362.00,
532286,JINDAL STE  ,A ,Q,164.00,164.95,161.55,163.65,163.65,163.25,1677,316931,51714394.00,
532290,BLB LTD.    ,B ,Q,5.20,5.30,4.94,5.24,5.24,5.20,18,12070,61023.00,
532296,GLENMARK PHA,A ,Q,533.00,557.50,533.00,555.35,555.35,547.35,1392,53361,29380293.00,
532300,WOCKHARDT   ,A ,Q,393.00,404.00,392.60,402.75,402.75,392.10,1318,72504,28902675.00,
532301,TATA COFFEE ,B ,Q,91.00,91.05,89.15,89.50,89.50,91.05,478,49764,4482697.00,
532305,IND-SWIFT LA,B ,Q,39.00,39.75,36.60,37.45,37.45,39.95,82,5862,221620.00,
532307,MELSTAR INFO,T ,Q,1.99,1.99,1.81,1.81,1.81,1.90,3,121,230.00,
532309,GEPIL       ,B ,Q,878.30,880.00,866.10,877.05,879.50,875.95,65,520,455296.00,
532310,SHREE RAMA  ,B ,Q,6.45,6.45,6.00,6.10,6.10,6.26,9,1254,7651.00,
532313,MAHINDRALIFE,A ,Q,419.95,424.25,414.45,417.10,417.85,416.70,136,1870,779532.00,
532321,CADILA HEALT,A ,Q,265.00,266.00,254.05,257.30,257.30,263.65,2319,138968,35868723.00,
532323,SHIVA CEMENT,X ,Q,16.18,16.18,14.50,14.92,15.12,15.84,241,90846,1381884.00,
532324,CINEVISTA   ,T ,Q,6.20,6.25,6.20,6.20,6.20,6.00,4,1510,9412.00,
532326,INTENS TECH ,B ,Q,38.55,40.30,38.55,40.00,40.30,39.05,20,2215,88514.00,
532329,DANLAW TECH.,X ,Q,94.95,95.00,90.60,91.20,94.00,90.95,9,1772,165312.00,
532330,BIOPAC INDIA,X ,Q,3.90,4.20,3.90,4.06,4.17,4.00,29,4272,17324.00,
532331,AJANTA PHARM,A ,Q,1024.40,1042.40,1023.50,1038.40,1041.80,1030.05,471,11383,11770341.00,
532332,CURATECH    ,T ,Q,1.98,1.98,1.98,1.98,1.98,1.89,3,2010,3979.00,
532333,HB PORTFOLIO,X ,Q,22.05,24.50,22.05,24.50,24.50,23.80,17,762,17406.00,
532334,HB ESTATE DE,X ,Q,16.20,16.20,15.40,15.40,15.40,16.20,18,1545,23858.00,
532339,COMPUCOM SOF,B ,Q,9.30,9.60,9.27,9.59,9.60,9.50,20,5150,48756.00,
532341,IZMO        ,B ,Q,54.45,58.00,54.45,57.70,58.00,54.40,70,8199,460521.00,
532343,TVS MOTOR L ,A ,Q,487.70,488.10,479.95,481.45,480.10,487.70,634,29303,14175807.00,
532344,SOFTSOL (I) ,X ,Q,30.45,30.45,30.45,30.45,30.45,29.00,1,63,1918.00,
532345,GATI LTD.   ,B ,Q,83.95,84.55,80.55,80.90,80.90,83.50,1123,82616,6799483.00,
532348,SUBEX LTX   ,B ,Q,6.97,7.08,6.80,6.98,6.93,7.00,120,164663,1151379.00,
532349,TRANSPORT CO,B ,Q,304.40,309.90,304.40,307.90,309.90,302.25,60,1112,342260.00,
532350,PADMALAYA TE,XT,Q,1.72,1.80,1.72,1.80,1.80,1.72,6,2095,3690.00,
532351,AKSH OPTIFIB,B ,Q,13.95,14.10,13.60,13.75,13.80,13.70,257,62223,856403.00,
532355,PICTURHOUSE ,X ,Q,1.58,1.58,1.58,1.58,1.58,1.58,1,300,474.00,
532356,TRIVENI ENGG,B ,Q,71.35,72.70,71.15,71.60,71.60,72.05,271,32302,2317568.00,
532357,MUKTA ARTS  ,B ,Q,45.50,45.80,45.00,45.10,45.00,45.80,7,413,18758.00,
532362,NAGPUR POWER,X ,Q,37.20,37.20,37.20,37.20,37.20,38.75,1,2,74.00,
532365,DYNACONS SYS,B ,Q,37.45,37.45,33.70,34.65,34.65,36.25,76,9845,339951.00,
532366,PNB GILTS   ,B ,Q,33.45,33.45,32.70,33.15,33.15,33.25,48,6010,198753.00,
532368,BCG         ,T ,Q,4.87,4.87,4.87,4.87,4.87,5.12,15,6331,30831.00,
532369,RAMCO INDS. ,B ,Q,211.05,214.00,207.30,208.85,208.85,210.45,98,2093,440542.00,
532370,RAMCO  SYSTM,B ,Q,203.05,215.50,203.05,208.50,214.35,201.35,811,882880,184107486.00,
532371,TATA TELESER,B ,Q,3.60,3.80,3.25,3.79,3.79,3.17,1150,1543527,5679831.00,
532372,VIRINCHI    ,X ,Q,86.60,93.00,86.55,90.80,90.80,88.15,458,83588,7585951.00,
532373,WEPSOLN     ,X ,Q,20.50,23.45,20.05,21.15,21.15,20.15,32,4246,89528.00,
532374,STER TECH   ,A ,Q,174.95,179.20,172.50,177.10,177.10,174.35,3231,267128,47025300.00,
532375,TIPSINDUSTR ,B ,Q,59.70,59.70,59.70,59.70,59.70,60.05,2,200,11940.00,
532378,UNIVERSAL A ,XT,Q,0.79,0.79,0.79,0.79,0.79,0.79,1,2000,1580.00,
532380,BABA ARTS   ,X ,Q,3.31,3.75,3.31,3.75,3.75,3.90,3,35,118.00,
532382,BALAJI TELE.,B ,Q,71.80,76.00,71.80,73.30,74.20,73.05,79,1974,144971.00,
532384,TYCHE INDS  ,X ,Q,66.00,67.90,63.30,65.15,65.15,66.60,17,1016,66964.00,
532386,CALIFORN.SOF,B ,Q,20.40,20.40,18.80,20.00,20.00,19.75,11,508,9790.00,
532388,INDIAN OVER.,A ,Q,11.84,11.99,11.84,11.91,11.91,11.88,132,41342,493067.00,
532390,TAJ GVK HOTL,B ,Q,206.10,206.10,202.40,202.95,202.40,206.40,35,720,146578.00,
532391,OPTO CIRCUIT,B ,Q,7.40,7.57,7.11,7.21,7.21,7.37,132,52211,378199.00,
532392,CREATIVE EYE,B ,Q,1.90,1.91,1.90,1.91,1.91,2.00,3,2643,5028.00,
532395,AXISCADES   ,B ,Q,61.80,63.95,60.65,63.45,63.25,61.80,338,71276,4432045.00,
532398,UMESL       ,B ,Q,1.98,1.98,1.97,1.97,1.97,1.89,3,537,1059.00,
532400,BSOFT       ,A ,Q,94.00,98.80,92.40,96.75,96.75,94.00,1023,78777,7614178.00,
532404,SAVEN TECHNO,X ,Q,21.20,21.50,19.60,19.70,19.65,21.20,34,4669,96781.00,
532406,AVANTEL LTD ,X ,Q,256.20,279.00,256.20,274.90,279.00,264.00,15,1051,288221.00,
532407,MOSCHIP     ,X ,Q,18.30,18.85,18.25,18.80,18.80,18.50,16,7237,134382.00,
532408,MEGASOFT LTD,B ,Q,7.30,7.33,7.30,7.33,7.33,6.67,6,6382,46741.00,
532410,TRANSCORP IN,X ,Q,20.90,21.00,19.80,20.50,20.60,20.90,21,2477,50098.00,
532411,VISESH INFO.,T ,Q,0.19,0.19,0.19,0.19,0.19,0.19,4,212,40.00,
532413,CEREBRA INTE,B ,Q,26.05,27.75,26.05,26.60,26.55,26.75,109,17553,473977.00,
532418,ANDHRA BANK ,A ,Q,25.55,25.75,25.00,25.30,25.30,25.55,233,49435,1256518.00,
532419,SMARTLINK   ,B ,Q,86.00,89.20,86.00,87.50,88.00,85.40,18,954,84158.00,
532424,GODREJ CONS ,A ,Q,664.00,668.55,656.35,659.20,659.20,666.10,805,31107,20636902.00,
532430,BF UTILI    ,B ,Q,216.65,218.95,212.55,213.25,212.70,216.25,3226,111578,23975986.00,
532432,UNITD SPR   ,B ,Q,528.80,544.00,514.00,540.15,541.00,535.35,7049,274456,146873776.00,
532439,OLECTRA     ,B ,Q,219.95,219.95,209.85,213.50,213.00,217.75,141,5255,1124087.00,
532440,MPS LTD     ,B ,Q,563.00,565.00,561.00,561.00,561.00,568.95,10,88,49540.00,
532443,CERA SANITAR,A ,Q,3000.00,3011.90,2985.00,3000.65,3000.00,2995.85,19,126,378054.00,
532454,BHARTI ARTL ,A ,Q,340.00,349.95,340.00,346.60,346.60,338.70,2839,257495,89113065.00,
532455,SHALIMAR WIR,X ,Q,13.43,13.43,12.96,12.96,12.96,13.15,2,140,1837.00,
532456,COMPUAGE INF,B ,Q,14.55,14.60,14.25,14.25,14.25,14.20,23,4310,61861.00,
532457,GULSHAN POLY,B ,Q,52.45,52.65,51.65,52.05,51.65,52.50,20,1227,64029.00,
532461,PUNJAB NATIO,A ,Q,82.15,83.15,80.90,81.50,81.50,81.90,7012,2235468,183184191.00,
532466,ORACLE FIN  ,A ,Q,3429.00,3429.00,3370.00,3401.55,3415.00,3384.80,266,2008,6811045.00,
532467,HAZ MUL PRO ,XT,Q,0.58,0.58,0.58,0.58,0.58,0.59,12,30000,17400.00,
532468,KAMAHOLDING ,B ,Q,5465.05,5486.00,5465.05,5475.80,5475.00,5452.50,10,51,279003.00,
532475,APTECH LTD  ,B ,Q,161.90,165.65,160.30,161.55,161.55,165.45,909,41976,6835047.00,XD
532477,UNION BANK L,A ,Q,80.90,80.90,77.35,78.15,78.15,78.55,3377,1012705,79678120.00,
532478,UNITED BREWA,A ,Q,1350.00,1379.00,1342.00,1355.70,1355.70,1359.20,726,15587,21095537.00,
532479,ISMT LTD    ,B ,Q,7.39,7.39,7.06,7.20,7.20,7.39,3,202,1440.00,
532480,ALLAHABAD BK,A ,Q,45.20,46.70,45.05,46.15,46.15,45.45,879,283044,13094432.00,
532481,NOIDA-TOLL B,B ,Q,4.62,4.82,4.62,4.76,4.76,4.73,14,8158,38862.00,
532482,GRANULES (I),A ,Q,113.00,114.30,110.45,112.25,112.50,112.95,261,22294,2508493.00,
532483,CANARA BANK ,A ,Q,272.05,276.50,268.50,272.45,272.45,272.35,2076,211708,57598783.00,
532485,BALMER LA.IN,B ,Q,444.50,444.90,436.05,440.25,441.00,441.30,231,9870,4348478.00,
532486,POKARNA LTD ,B ,Q,182.85,183.80,176.10,176.10,176.10,183.50,174,4344,778870.00,
532488,DIVI'S LAB. ,A ,Q,1591.05,1625.50,1580.05,1585.00,1585.00,1589.55,1765,41023,65569152.00,
532493,ASTRA MICRO ,B ,Q,91.75,91.95,87.85,88.65,88.65,91.60,226,15589,1396031.00,
532497,RADICOKHAIT ,A ,Q,338.70,342.65,337.50,341.00,341.00,339.65,910,22479,7629734.00,
532498,SHRMCITYUN  ,A ,Q,1508.75,1530.00,1508.75,1520.10,1530.00,1520.95,46,122,185668.00,
532500,MARUTISUZUK ,A ,Q,6900.00,6920.00,6825.30,6858.75,6858.75,6887.05,3397,28199,193837291.00,
532503,RAJAPAMILLS ,X ,Q,845.00,848.90,805.70,846.30,847.95,838.15,141,1962,1652365.00,
532504,NAVIN FLUORI,A ,Q,718.20,728.00,715.00,720.80,716.70,721.80,60,837,603496.00,
532505,UCOBANK     ,A ,Q,17.20,17.50,17.15,17.25,17.15,17.30,116,20511,354212.00,
532507,BAG FIL MED ,B ,Q,4.20,4.28,4.00,4.23,4.25,4.52,140,129103,539590.00,
532508,JSL         ,B ,Q,40.70,40.70,37.55,38.40,39.00,38.35,211,317561,12004503.00,
532509,SUPRAJIT ENG,B ,Q,216.05,216.05,212.10,213.20,212.50,211.35,17,174,37100.00,
532511,EXCEL CROP. ,B ,Q,3275.00,3362.00,3153.00,3185.25,3185.25,3085.95,287,1181,3881007.00,
532513,TVSELE      ,B ,Q,200.10,204.00,193.85,195.00,195.00,200.00,1726,63338,12519128.00,
532514,INDRA GAS   ,A ,Q,331.70,339.80,326.20,337.00,337.00,329.85,1773,97467,32493422.00,
532515,TV TODAY    ,B ,Q,272.95,288.25,272.85,281.60,277.80,270.30,407,18670,5228320.00,
532518,FLORENCE    ,X ,Q,1334.95,1335.00,1300.00,1318.90,1318.90,1345.00,79,1372,1789327.00,
532521,PALRED      ,B ,Q,36.05,37.95,36.05,37.35,37.35,39.15,47,3172,118640.00,
532522,PETRONET LNG,A ,Q,244.50,247.25,240.90,242.65,242.65,243.65,1416,63837,15558923.00,
532523,BIOCON LTD. ,A ,Q,543.45,550.80,541.55,544.45,544.10,543.15,1328,74961,40924176.00,
532524,PTC INDIA   ,A ,Q,70.60,71.30,69.80,71.10,71.30,70.45,303,74453,5240045.00,
532525,BANK MAHA   ,B ,Q,16.30,16.45,15.90,16.15,16.15,16.30,189,81900,1319725.00,
532527,RK FORGINGS ,B ,Q,509.00,509.00,485.00,502.20,508.00,507.00,103,400,198988.00,
532528,DATAM GLOB  ,B ,Q,108.60,108.60,105.15,105.90,105.90,108.15,86,4892,521327.00,
532529,NDTV        ,B ,Q,34.30,35.00,34.30,34.75,34.70,34.60,18,2205,76752.00,
532531,STAR        ,A ,Q,434.85,434.85,424.80,428.00,428.00,427.10,790,34547,14800506.00,
532532,JAIPRA      ,A ,Q,4.94,5.02,4.89,4.94,4.94,4.92,9404,848043,4208175.00,
532538,ULTRATECH CM,A ,Q,4721.00,4784.90,4706.00,4756.90,4781.90,4719.55,1488,16107,76378370.00,
532539,MINDA IND   ,A ,Q,355.40,360.90,343.10,346.85,346.85,355.50,376,6526,2287854.00,
532540,TCS LTD.    ,A ,Q,2120.00,2153.40,2116.40,2145.40,2145.40,2105.25,8241,170973,366209305.00,
532541,NIITTECH    ,A ,Q,1291.50,1312.00,1286.85,1305.10,1305.10,1284.80,1009,58492,76195076.00,
532543,GULFPETRO   ,B ,Q,61.40,61.40,59.35,60.10,59.80,62.15,44,3613,217691.00,
532548,CENTURYPLY  ,A ,Q,170.25,174.60,170.00,171.80,173.00,170.35,234,7868,1358894.00,
532553,WELENT      ,B ,Q,134.70,134.70,132.60,133.60,133.55,133.05,233,11282,1511945.00,
532555,NTPC LTD    ,A ,Q,131.50,135.95,131.50,135.35,135.35,130.85,11912,3408580,455481225.00,
532604,SALSTEEL    ,B ,Q,4.36,4.88,4.36,4.57,4.61,4.68,8,312,1472.00,
532605,JBM AUTO    ,B ,Q,252.05,257.95,252.05,255.65,254.55,254.40,11,275,70257.00,
532610,DWAR SUGAR  ,B ,Q,28.20,28.75,27.90,28.00,28.00,28.35,179,36353,1025331.00,
532612,INDOCO REM  ,B ,Q,190.35,194.15,184.85,189.30,188.70,186.85,243,2947,554692.00,
532613,VIPCLOTHNG  ,B ,Q,17.10,17.90,17.10,17.55,17.55,17.00,67,5367,92855.00,
532614,IMPEX       ,T ,Q,0.56,0.56,0.56,0.56,0.56,0.54,17,8428,4719.00,
532616,XCHANGING   ,B ,Q,46.95,47.00,46.95,47.00,47.00,45.50,4,500,23497.00,
532617,JETAIRWAYS  ,A ,Q,149.60,154.50,148.50,150.85,150.85,148.60,4186,715807,108060487.00,
532622,GATEWAY DIST,A ,Q,146.80,149.80,146.80,148.90,149.50,147.50,120,7733,1145785.00,
532624,JINDALPH    ,B ,Q,19.50,19.50,19.00,19.00,19.00,19.10,4,373,7237.00,
532626,PONDY OXIDES,X ,Q,285.00,288.00,277.05,285.65,285.65,284.35,193,7722,2206667.00,
532627,JPPOWER     ,B ,Q,2.16,2.27,2.16,2.27,2.27,2.17,95,97146,220142.00,
532628,3I INFOTECH ,B ,Q,3.64,3.64,3.51,3.53,3.52,3.60,120,94001,333587.00,
532629,MCNALLYB    ,T ,Q,5.35,5.35,4.85,5.14,5.19,5.10,104,150361,785604.00,
532630,GOKALDAS    ,B ,Q,113.90,114.70,108.00,109.20,109.20,113.70,871,68815,7707552.00,
532633,ALLSEC TECH ,T ,Q,318.45,318.45,304.10,311.65,311.65,318.45,11,300,91580.00,XD
532636,IIFL        ,T ,Q,198.00,207.90,188.10,188.10,188.10,425.25,542,47948,9063964.00,SA
532637,MAN DRUGORG ,T ,Q,46.00,46.00,43.00,44.50,44.50,44.90,44,3401,148989.00,
532638,SHOPPER STOP,A ,Q,488.10,488.30,485.55,487.75,485.60,485.40,40,312,152138.00,
532640,CYBER MEDIA ,B ,Q,3.48,3.48,3.48,3.48,3.48,3.65,1,100,348.00,
532641,NDL         ,B ,Q,48.00,49.95,48.00,48.95,48.95,49.10,44,849,41339.00,
532644,JK CEMENT   ,A ,Q,1035.00,1049.75,1011.00,1016.00,1020.00,1028.00,1081,7879,8060059.00,
532646,UNIPLY IND  ,B ,Q,42.50,43.05,41.10,42.55,42.70,42.25,212,31846,1343785.00,
532647,PROVOGUE IND,T ,Q,1.15,1.15,1.10,1.14,1.14,1.13,11,1225,1355.00,
532648,YES BANK    ,A ,Q,150.35,156.45,149.80,154.55,154.55,151.70,20593,5104696,786773253.00,
532649,NECTAR LIFE ,B ,Q,19.00,19.85,19.00,19.75,19.75,19.20,213,19252,377905.00,
532650,MSP STEEL   ,B ,Q,9.92,9.92,9.21,9.40,9.40,9.50,17,4566,43141.00,
532651,SPL INDS    ,B ,Q,44.30,44.30,40.50,41.15,41.15,41.65,21,1616,67677.00,
532652,KARNATAKA BK,A ,Q,114.40,114.50,112.80,114.20,114.20,113.50,718,101625,11541154.00,
532654,MCLEOD RUSSE,B ,Q,35.00,35.65,33.70,34.25,34.25,34.70,646,116319,4040526.00,
532656,FACOR ALLOYS,X ,Q,1.85,1.89,1.83,1.85,1.83,1.86,33,28113,51979.00,
532658,EON ELECT   ,B ,Q,35.00,37.00,33.55,33.65,33.60,35.85,110,6397,226798.00,
532659,IDFC        ,A ,Q,37.40,38.00,37.25,37.70,37.70,37.30,1046,291282,10978358.00,
532660,VIVIMED LABS,B ,Q,22.60,23.10,22.45,22.70,22.95,23.15,84,9832,222998.00,
532661,RANE MADRAS ,B ,Q,373.00,382.00,370.55,374.50,371.00,369.00,83,662,249938.00,
532662,HT MEDIA    ,B ,Q,35.80,35.80,33.80,33.85,33.85,34.60,76,3895,134163.00,
532663,SASKEN      ,B ,Q,720.00,724.60,707.00,722.25,724.50,722.00,217,2208,1591988.00,
532666,FCS SOFTWARE,B ,Q,0.20,0.21,0.19,0.21,0.21,0.20,32,73785,14689.00,
532667,SUZLONENERGY,A ,Q,5.38,5.91,5.38,5.75,5.75,5.36,19584,9284161,53378738.00,
532668,AURIONPRO SO,B ,Q,131.25,131.25,127.00,128.70,129.95,133.00,28,1030,132057.00,
532669,SOUTHBIOTEC ,XT,Q,1.03,1.03,1.03,1.03,1.03,1.03,2,200,206.00,
532670,RENUKA SUGAR,B ,Q,10.75,10.75,10.00,10.08,10.08,10.72,233,128690,1332553.00,
532673,KM SUGARMILL,B ,Q,8.99,9.90,8.99,9.11,9.11,9.30,85,20481,188409.00,
532678,BOMBAY RAYON,T ,Q,8.95,8.96,8.51,8.60,8.60,8.70,6,1171,10421.00,
532679,SORILINFRA  ,B ,Q,298.80,301.15,289.20,291.15,291.15,297.45,107,2248,664696.00,
532683,AIAENGINEER ,A ,Q,1741.00,1770.00,1741.00,1769.65,1770.00,1784.85,95,477,843783.00,
532684,EVEREST KANT,B ,Q,28.85,29.25,28.60,28.90,28.90,28.85,131,21345,616962.00,
532686,KERNEX MICRO,T ,Q,25.00,25.10,25.00,25.10,25.10,25.60,2,276,6907.00,
532687,REPRO INDIA ,B ,Q,585.00,609.00,585.00,603.00,603.00,596.30,10,53,31951.00,
532689,PVR LTD     ,A ,Q,1707.05,1783.25,1707.05,1772.70,1772.70,1714.25,1232,18083,31704400.00,
532692,RADHA MADHAV,B ,Q,12.45,12.45,11.55,11.75,11.75,12.10,149,40585,490404.00,
532693,PUNJ LLOYD  ,T ,Q,1.73,1.75,1.70,1.72,1.73,1.73,72,88442,152563.00,
532694,BARTRONICSIN,B ,Q,5.80,6.22,5.80,5.85,5.94,5.99,33,21233,127933.00,
532695,CELEBRITYFAS,B ,Q,7.67,7.84,7.50,7.84,7.84,7.87,13,7173,54316.00,
532696,EDUCOMP SOLN,Z ,Q,1.73,1.90,1.72,1.83,1.85,1.81,36,16936,31232.00,
532698,NITINSPINNER,B ,Q,79.05,80.95,79.00,79.05,79.00,79.70,21,901,71361.00,
532699,ROYALORCH   ,B ,Q,122.00,122.05,118.15,119.65,119.65,121.50,61,2494,298361.00,
532700,ENT NETWORK ,B ,Q,470.10,497.00,470.10,486.00,486.00,471.50,32,153,74193.00,
532701,CELLA       ,Z ,Q,3.95,4.20,3.95,4.20,4.20,4.15,6,203,802.00,
532702,GUJ PETRONET,A ,Q,190.50,193.35,188.65,190.95,188.65,191.70,402,7047,1341837.00,
532705,JAGRAN PRAK ,A ,Q,112.75,119.45,111.25,114.65,114.65,111.10,1844,65897,7597439.00,
532706,INOX LEISURE,A ,Q,364.45,373.60,363.95,365.65,365.00,366.00,634,9578,3528773.00,
532707,DYNEMIC PRO ,B ,Q,118.50,123.90,116.00,120.45,119.00,116.45,73,4661,562065.00,
532708,GVK POWERINF,B ,Q,7.19,7.31,7.10,7.15,7.24,7.15,139,111301,799588.00,
532710,SADBHAV ENGG,A ,Q,269.75,272.00,255.40,257.20,257.20,267.30,866,40642,10800537.00,
532711,SUNIL HITECH,T ,Q,0.86,0.86,0.86,0.86,0.86,0.82,15,18290,15729.00,
532712,REL COM LTD ,A ,Q,1.95,2.00,1.92,1.97,1.97,1.96,221951,5646977,11117433.00,
532713,SAKUMA EXPO ,B ,Q,32.75,35.10,31.35,31.85,31.75,34.00,267,57269,1917125.00,
532714,KEC INTERN  ,A ,Q,324.00,324.00,317.05,319.10,319.10,324.45,561,13915,4443938.00,
532716,GILLA ARBUT ,B ,Q,45.65,48.85,45.65,46.50,46.50,49.40,18,881,41404.00,
532717,INDOTECHTR  ,B ,Q,101.00,111.80,101.00,106.50,106.50,104.30,105,5637,608541.00,
532719,BL KASHYAP  ,B ,Q,19.45,19.75,19.00,19.15,19.15,19.15,56,8683,168040.00,
532720,M&M FINANSER,A ,Q,416.45,429.00,410.10,424.50,424.50,416.60,1527,64890,27347228.00,
532721,VISA STEEL  ,B ,Q,6.75,7.18,6.75,7.02,6.85,7.09,3,125,870.00,
532722,NITCO TILES ,B ,Q,40.00,40.75,39.05,39.45,39.45,40.10,97,10917,433479.00,
532725,SOLAR IND   ,A ,Q,1170.05,1190.00,1164.95,1169.70,1190.00,1168.20,78,314,367838.00,
532726,GALLAN METAL,B ,Q,45.80,45.90,42.00,42.45,43.95,42.60,25,4475,196175.00,
532727,ADHUNIK MET ,T ,Q,2.13,2.19,2.03,2.14,2.14,2.13,17,6341,13232.00,
532728,MALU PAPER  ,B ,Q,27.90,27.95,26.90,26.95,26.90,26.70,42,6002,166217.00,
532729,UTTAM SUGAR ,B ,Q,129.95,137.00,129.00,132.85,132.85,129.95,468,39100,5238563.00,
532730,STL GLOBAL  ,B ,Q,7.14,8.26,7.14,8.26,8.26,6.89,38,16492,133953.00,
532731,ROHIT FERRO ,T ,Q,1.19,1.19,1.19,1.19,1.19,1.25,1,2468,2936.00,
532732,KEWAL KIRAN ,B ,Q,1250.10,1250.10,1250.10,1250.10,1250.10,1290.00,2,20,25002.00,
532733,SUN TVNET   ,A ,Q,539.05,547.00,535.15,544.95,544.95,536.60,3246,136419,74251726.00,
532734,GODAWARI POW,B ,Q,257.00,258.75,250.45,254.15,254.15,258.85,351,7942,2021743.00,
532735,RSYSTEMINT  ,B ,Q,46.45,46.75,46.30,46.75,46.75,46.20,7,306,14187.00,
532737,EMKAY GLOB F,B ,Q,86.00,86.70,86.00,86.00,86.00,87.50,9,525,45292.00,
532741,KAMDHENU    ,B ,Q,182.00,185.90,178.05,180.30,179.00,177.30,40,2337,423114.00,
532742,PAUSHAK LTD ,X ,Q,2425.00,2458.00,2375.00,2410.75,2439.00,2409.80,119,787,1907078.00,
532744,GTN TEXTILE ,T ,Q,7.72,7.72,7.72,7.72,7.72,8.03,1,681,5257.00,
532745,INDICAP     ,X ,Q,40.00,40.80,38.20,40.80,40.80,39.65,34,3786,150483.00,
532746,UNITY INFRA ,Z ,Q,0.55,0.55,0.55,0.55,0.55,0.55,3,301,165.00,
532748,PRIME FOCUS ,B ,Q,66.00,66.45,64.75,64.95,64.75,64.80,141,9641,631596.00,
532749,ALLCARGO    ,B ,Q,117.45,118.95,114.25,115.15,115.50,116.15,276,13495,1572061.00,
532751,EASUNREYRL  ,B ,Q,5.80,5.90,5.45,5.50,5.45,5.70,78,9540,54766.00,
532754,GMR INFRASTR,A ,Q,16.05,16.50,15.70,16.05,16.05,16.05,2629,2712217,43878424.00,
532755,TECH MAH    ,A ,Q,741.10,745.55,731.00,735.55,735.55,738.85,1697,61784,45609046.00,
532756,MAHINDCIE   ,A ,Q,245.80,251.65,241.90,246.30,246.40,243.45,580,10996,2711755.00,
532757,VOLTAMP TRAN,B ,Q,1108.00,1271.25,1108.00,1216.65,1216.65,1079.10,2272,16524,20250366.00,
532759,ATLANTA     ,B ,Q,15.10,15.10,14.00,14.30,14.10,14.70,166,7326,105195.00,
532760,DEEP INDS   ,B ,Q,141.40,167.00,141.40,163.45,163.45,141.00,2228,109702,17793150.00,
532761,HOV SERVICES,B ,Q,130.00,132.15,128.95,130.40,130.40,130.90,84,1559,203402.00,
532762,ACTION CONST,B ,Q,109.85,109.85,104.00,105.85,105.95,109.20,544,20877,2221042.00,
532764,GEECEE      ,B ,Q,122.00,122.00,119.55,119.55,119.55,119.50,3,27,3289.00,
532766,RICHA IND   ,XT,Q,1.48,1.48,1.48,1.48,1.48,1.51,3,88,130.00,
532767,GAYATRI PROJ,B ,Q,177.15,177.15,170.65,175.30,174.75,173.10,74,902,157628.00,
532768,FIEM INDS   ,B ,Q,460.00,465.00,452.50,460.25,452.50,464.00,17,150,69034.00,
532771,JHS SVEN    ,B ,Q,23.75,23.90,23.60,23.60,23.60,23.70,21,3126,74155.00,
532772,DCBBANK     ,A ,Q,230.80,235.00,229.90,234.10,234.10,230.65,973,92400,21505126.00,
532773,GLOBAL VECT ,T ,Q,75.90,75.90,72.30,75.90,75.90,72.30,56,13200,1001596.00,
532774,INSPIRISYS  ,B ,Q,54.85,54.85,51.05,51.10,53.95,52.05,4,58,2967.00,
532775,GTL INFRAST ,T ,Q,0.82,0.83,0.80,0.81,0.82,0.81,73,233808,189799.00,
532776,SHIVAM AUTO ,B ,Q,37.00,37.00,35.20,35.50,35.50,35.60,50,1768,63039.00,
532777,INFO EDGE   ,A ,Q,2045.00,2190.00,2017.60,2161.00,2161.00,2052.60,2357,19825,42239321.00,
532779,TORNT POWER ,A ,Q,241.10,252.00,241.10,250.85,252.00,243.75,614,41437,10280503.00,
532780,PARSVNATH   ,B ,Q,4.54,4.75,4.01,4.40,4.40,4.50,51,20021,86646.00,
532782,SUTLEJ TEXT ,B ,Q,36.95,36.95,35.75,35.75,35.75,35.75,3,289,10456.00,
532783,DAAWAT      ,B ,Q,30.50,30.55,30.10,30.20,30.20,30.70,248,44638,1352228.00,
532784,SOBHA       ,A ,Q,550.00,550.00,542.35,545.05,544.20,550.00,212,2099,1147498.00,
532785,RUCHIRA PAP ,B ,Q,108.15,109.00,103.00,104.95,104.95,102.95,751,40122,4251404.00,
532787,ESS DEE ALUM,Z ,Q,9.44,9.44,8.60,8.95,8.95,9.02,49,7628,67247.00,
532788,XLENERGY    ,T ,Q,0.93,0.93,0.92,0.92,0.92,0.93,2,160,147.00,
532790,TANLA       ,B ,Q,49.10,50.75,49.10,50.75,50.75,48.35,523,250597,12691644.00,
532794,ZEEMEDIA    ,B ,Q,15.00,15.10,14.52,14.67,14.67,15.02,222,48182,709594.00,
532795,SITINET     ,T ,Q,3.10,3.15,2.91,2.91,3.05,3.06,95,94283,280836.00,
532796,LUMAX TECH  ,B ,Q,126.90,126.90,123.50,123.85,124.00,123.30,19,705,87897.00,
532797,AUTOIND     ,B ,Q,47.90,47.90,47.90,47.90,47.90,48.30,1,90,4311.00,
532798,NTWK MED INV,A ,Q,31.40,32.60,31.40,32.20,32.40,31.50,168,23307,749391.00,
532799,HUBTOWN     ,B ,Q,29.20,29.90,29.10,29.55,29.85,29.20,169,4980,146718.00,
532800,TV18BRDCST  ,A ,Q,29.50,29.85,28.85,29.20,29.20,29.50,514,262791,7694342.00,
532801,CAMBRIDGE   ,B ,Q,42.65,45.40,41.00,44.00,44.00,44.60,22,636,27630.00,
532804,TECHNOCRAFT ,B ,Q,479.70,484.55,464.50,467.30,464.65,477.10,156,1715,813390.00,
532805,REDINGTON   ,A ,Q,94.80,99.60,94.80,97.25,97.25,95.20,333,13269,1302183.00,
532807,CINELINE    ,B ,Q,49.90,50.00,46.05,47.15,47.45,45.30,407,26947,1290066.00,
532808,PGIL        ,B ,Q,188.00,188.00,172.05,179.15,179.15,186.50,102,2916,512826.00,
532809,FSL         ,A ,Q,55.50,56.55,54.60,55.65,55.65,55.75,1770,311889,17357830.00,
532810,POWER FINAN ,A ,Q,124.10,124.10,120.70,122.85,122.85,121.10,3079,590186,72055037.00,
532811,AHLUWALIA CO,B ,Q,355.00,358.05,351.00,351.30,351.00,348.95,9,13,4599.00,
532812,TRANSWARRANT,T ,Q,6.01,6.01,6.01,6.01,6.01,6.32,12,3930,23619.00,
532813,C & C CONSTR,Z ,Q,8.95,8.95,8.50,8.61,8.95,8.53,52,17129,151336.00,
532814,INDIAN BANK ,A ,Q,275.70,289.00,273.85,282.20,282.50,275.70,3214,126622,35582411.00,
532815,SMS PHARMACE,B ,Q,60.10,60.10,59.90,59.90,59.90,59.00,2,4,240.00,
532817,ORIENTAL    ,B ,Q,13.00,14.75,13.00,14.20,14.20,13.19,35,11259,158154.00,
532819,MINDTREE LTD,A ,Q,983.85,984.60,980.00,980.00,980.00,980.20,207,7658,7509604.00,
532820,ELAND       ,T ,Q,6.53,6.96,6.53,6.53,6.53,6.87,5,235,1536.00,
532822,IDEA        ,A ,Q,13.30,13.70,13.00,13.30,13.30,13.25,4083,5639077,75148041.00,
532823,EURO CERAMIC,T ,Q,1.81,1.81,1.81,1.81,1.81,1.90,5,6500,11765.00,
532825,JAGJANANI   ,X ,Q,0.38,0.38,0.38,0.38,0.38,0.40,1,1000,380.00,
532826,RAJ TELE    ,Z ,Q,44.50,47.00,44.05,47.00,47.00,45.30,3,131,5796.00,
532827,PAGE INDUSTR,A ,Q,19800.00,19800.00,19240.95,19300.35,19300.35,19807.25,1223,4201,81568821.00,XD
532828,AMD INDUS   ,B ,Q,19.90,20.50,19.90,20.25,20.20,19.60,13,691,13945.00,
532829,LAWRESHWAR  ,X ,Q,27.80,29.20,24.50,25.60,25.60,25.10,31,3087,79171.00,
532830,ASTRAL POLY ,A ,Q,1274.90,1280.00,1257.00,1262.65,1257.10,1274.00,278,1603,2035347.00,
532832,INDBUL REAL ,A ,Q,126.00,129.50,123.90,124.80,124.80,125.55,4667,758854,96432352.00,
532834,CAMLINFINE  ,B ,Q,59.70,60.35,57.70,59.65,59.00,60.35,1186,89460,5287528.00,
532835,ICRA        ,B ,Q,3030.00,3030.00,2917.00,2960.00,2960.00,2942.45,9,64,188011.00,
532839,DISH TV     ,A ,Q,31.75,32.15,30.30,31.05,31.05,31.75,1459,948263,29380729.00,
532841,SAHYA INDU  ,X ,Q,178.20,184.25,178.20,180.65,179.50,182.25,79,4856,879951.00,
532842,SREE RAYALA ,B ,Q,174.70,174.70,161.15,167.95,168.00,167.65,35,2157,361432.00,
532843,FORTIS      ,A ,Q,125.75,127.35,125.75,126.70,126.30,127.10,146,8699,1100326.00,
532845,TGBHOTELS   ,B ,Q,10.80,10.80,9.41,9.77,9.77,9.96,9,1702,16412.00,
532847,HILTON MET  ,T ,Q,17.00,17.05,16.20,16.20,16.20,16.25,6,1343,22788.00,
532848,DELTA CORP  ,A ,Q,208.00,210.40,204.10,207.35,207.35,205.95,2305,155561,32254469.00,
532850,MIC ELECTRON,T ,Q,1.08,1.08,0.99,1.05,1.07,1.03,37,38628,39833.00,
532851,INSECTCID   ,B ,Q,713.05,714.55,705.00,708.15,708.25,707.30,104,1091,773689.00,
532852,MCD HOLDING ,B ,Q,22.80,23.50,22.10,22.25,22.25,22.20,13,1136,26394.00,
532853,ASAHI SONG  ,B ,Q,158.90,168.00,158.15,161.45,164.00,164.35,13,163,26240.00,
532854,NITIN FIRE  ,B ,Q,1.05,1.15,1.05,1.14,1.14,1.10,17,35101,39201.00,
532855,HARYA CAPFIN,X ,Q,46.45,48.75,44.15,47.50,47.50,46.45,6,6990,334305.00,
532856,TIME TECHNO ,A ,Q,99.35,99.40,96.60,98.50,99.00,98.50,162,8705,855848.00,
532859,HGSL        ,B ,Q,632.05,654.50,632.05,644.55,649.00,630.55,9,73,46991.00,
532864,NELCAST     ,B ,Q,64.65,65.00,63.50,64.00,64.45,64.80,31,1699,108870.00,
532865,MEGHMANI    ,A ,Q,71.00,71.80,67.15,68.55,69.00,70.60,1211,191060,13335268.00,
532866,QUINTEGRA SO,T ,Q,0.35,0.35,0.35,0.35,0.35,0.34,4,142,49.00,
532867,V2RETAIL    ,B ,Q,235.00,238.00,230.00,234.20,233.60,240.40,111,1457,340602.00,
532868,DLF LIMITED ,A ,Q,195.70,196.50,190.75,194.65,194.65,193.65,4742,547889,106135218.00,
532869,TARMAT      ,B ,Q,40.20,40.20,37.20,39.00,39.00,38.55,6,1155,45177.00,
532870,ANKIT METAL ,T ,Q,0.53,0.53,0.50,0.50,0.50,0.51,8,4026,2063.00,
532871,CELESTIAL   ,B ,Q,5.30,5.35,5.04,5.30,5.34,5.03,12,1551,7920.00,
532872,SUNPHA ADV  ,A ,Q,152.60,154.50,151.45,152.15,152.15,152.50,629,33643,5144161.00,
532873,HOUSING DEV ,A ,Q,22.95,23.75,22.95,23.40,23.40,22.95,651,291686,6798953.00,
532874,SURYACHAKRA ,Z ,Q,0.21,0.23,0.21,0.23,0.23,0.22,14,4184,931.00,
532875,ALLIED DIGIT,B ,Q,17.00,17.14,17.00,17.14,17.14,16.33,16,8040,137768.00,
532878,ALPA LAB    ,B ,Q,22.45,23.55,22.45,22.55,22.55,23.20,43,3113,72135.00,
532879,SIR SHADI LA,XT,Q,43.65,43.65,41.80,41.80,41.80,41.60,8,434,18906.00,
532880,OMAXE LTD   ,A ,Q,207.80,207.80,205.45,206.00,205.55,206.45,548,156107,32176526.00,
532884,REFEX       ,T ,Q,56.00,56.40,54.00,56.40,56.40,53.75,327,89127,5006878.00,
532885,CENTRAL BK  ,A ,Q,25.40,25.65,25.30,25.55,25.65,25.45,217,41569,1058706.00,
532886,SEL MANUF   ,B ,Q,1.07,1.10,1.05,1.05,1.05,1.07,5,1162,1247.00,
532888,ASIAN GRANIT,B ,Q,247.15,249.50,244.00,248.75,248.75,242.75,252,19826,4900477.00,
532889,K.P.R. MILL ,A ,Q,626.95,631.20,623.00,623.55,623.00,626.20,79,501,313634.00,
532890,TAKE SOLUT  ,A ,Q,157.90,157.90,151.10,153.35,153.35,156.90,1014,29672,4586459.00,
532891,PURAVANKARA ,B ,Q,82.90,83.95,81.05,82.20,82.50,81.85,102,7189,592842.00,
532892,MOTILALOFS  ,A ,Q,813.95,819.65,793.05,798.90,800.00,816.90,508,3587,2885301.00,
532893,VTM LTD     ,X ,Q,29.80,29.80,27.95,28.00,27.95,28.80,26,5029,141926.00,
532894,IWIND ENERGY,B ,Q,5.00,5.06,4.81,4.94,4.94,5.06,17,5410,26671.00,
532895,NAGREKA CAP ,B ,Q,11.55,12.40,11.55,12.20,12.40,12.16,9,1100,13028.00,
532896,MAGNUM VENT ,B ,Q,6.50,6.50,5.25,5.62,5.62,6.23,253,25404,146617.00,
532898,POWER GRID  ,A ,Q,194.70,194.70,188.20,191.15,191.15,190.30,5012,2090881,396348363.00,
532899,KAVERI SEED ,A ,Q,535.00,548.00,528.30,540.05,538.70,537.20,825,27293,14764365.00,
532900,PAISALO     ,B ,Q,399.95,399.95,391.15,391.15,391.15,396.65,2,36,14301.00,
532904,SUPREME INFR,T ,Q,21.55,21.55,21.50,21.50,21.50,20.90,2,100,2150.00,
532906,MAANALU     ,B ,Q,92.50,94.85,92.50,93.10,93.10,93.50,14,281,26189.00,
532907,ILFSENGG    ,Z ,Q,6.60,6.84,6.35,6.35,6.35,6.65,23,7035,44788.00,
532911,PARLE SOFTWR,XT,Q,34.15,34.15,34.15,34.15,34.15,34.80,8,603,20592.00,
532914,ARCOTECH LTD,T ,Q,4.34,4.35,4.18,4.30,4.30,4.15,17,13293,57283.00,
532915,RELIGARE ENT,B ,Q,25.00,26.00,24.20,24.60,25.05,25.70,182,37397,921316.00,
532916,BARAK VALL  ,T ,Q,18.55,18.55,17.70,17.70,17.70,17.70,4,141,2598.00,
532918,RATHI BARS  ,X ,Q,13.51,13.51,13.02,13.05,13.05,13.85,10,2150,28474.00,
532920,EMPEE DIST  ,Z ,Q,6.10,6.25,5.98,6.25,6.25,6.29,9,2137,12947.00,
532921,ADANI PORTS ,A ,Q,405.70,413.00,401.75,409.05,409.05,405.80,2221,240799,97860292.00,
532922,EDELWEISS   ,A ,Q,185.00,193.00,184.05,191.40,191.40,182.95,2450,181421,34369543.00,
532923,RGL         ,B ,Q,291.50,296.70,291.50,292.55,295.00,294.40,13,130,38290.00,
532924,KOLTEPATIL  ,B ,Q,247.10,247.10,242.20,243.65,242.20,248.70,102,2366,580042.00,
532926,JYOTHY LAB  ,A ,Q,170.45,172.70,170.00,171.20,171.70,171.10,156,3782,647132.00,
532927,ECLERX      ,A ,Q,931.00,940.00,928.55,937.30,940.00,931.40,120,1323,1236865.00,
532928,TRIL        ,B ,Q,13.20,14.97,13.20,13.67,13.74,12.91,217,25666,353958.00,
532929,BRIGADE     ,B ,Q,251.45,258.25,251.45,253.35,252.20,250.15,92,2241,572903.00,
532930,BGR ENERGY  ,B ,Q,61.00,61.50,60.20,60.55,61.40,60.30,126,4836,293627.00,
532931,BURNPUR     ,T ,Q,2.76,2.76,2.57,2.57,2.57,2.70,36,27770,72873.00,
532932,MANAKSIA LTD,B ,Q,39.90,39.95,38.20,38.70,39.50,37.55,36,12380,480831.00,
532933,PORWAL AUTO ,X ,Q,26.35,28.85,25.40,26.70,27.00,27.90,164,14395,380989.00,
532934,PPAP        ,B ,Q,280.90,286.80,280.00,283.15,280.75,280.00,36,733,207151.00,
532935,ARIES AGRO  ,B ,Q,78.75,78.75,76.70,77.20,76.75,77.70,46,2747,213426.00,
532937,KUANTUM     ,X ,Q,498.90,498.90,441.20,447.30,447.30,481.50,112,2565,1176013.00,
532939,RPOWER      ,A ,Q,7.75,7.79,7.12,7.38,7.38,7.82,8459,6436438,47879948.00,
532940,J KUMAR INFR,B ,Q,168.50,169.00,158.00,160.80,160.55,168.25,1204,60854,9785893.00,
532941,CORDS CABLE ,B ,Q,66.10,66.10,62.15,63.05,63.00,64.25,30,2907,185289.00,
532942,KNR CONST   ,A ,Q,289.90,293.05,280.25,284.15,282.60,288.30,667,29627,8528321.00,
532944,ONMOBILE    ,B ,Q,39.60,40.25,39.40,39.50,39.50,39.55,19,3159,125831.00,
532945,SHRIRAM EPC ,B ,Q,8.96,8.96,8.96,8.96,8.96,8.54,23,11713,104948.00,
532946,BANG        ,B ,Q,44.50,47.00,44.50,46.55,46.20,44.20,46,10074,458156.00,
532947,IRB INFRA   ,A ,Q,132.50,132.50,127.60,128.30,128.30,131.05,1085,125593,16187001.00,
532951,GSS INFOTECH,B ,Q,131.45,131.45,122.10,124.40,122.10,133.15,704,94738,11921263.00,
532952,NAHAR CAP   ,B ,Q,87.70,87.70,87.55,87.55,87.55,88.25,2,50,4383.00,
532953,V GUARD IND ,A ,Q,228.25,236.90,223.90,234.00,234.00,227.25,2299,169725,39210091.00,
532955,RECLTD      ,A ,Q,145.00,146.40,142.60,143.80,143.80,145.05,1045,158301,22782160.00,
532957,GOKAK TEXTI ,X ,Q,21.85,21.85,21.85,21.85,21.85,23.00,5,539,11777.00,
532959,GAMMON INFRA,B ,Q,0.45,0.47,0.45,0.46,0.46,0.45,105,3029531,1393137.00,
532960,IBVENTURES  ,B ,Q,307.00,325.80,306.60,310.50,312.25,304.20,4824,248870,78818352.00,
532966,TITAGARH WAG,B ,Q,73.55,74.80,73.10,73.65,73.65,73.35,228,27279,2012215.00,
532967,KIRI DYES   ,B ,Q,592.00,592.65,541.10,568.65,568.65,590.65,3264,80565,46048551.00,
532972,SANKHYA INFO,XT,Q,59.00,60.00,58.60,59.30,59.45,58.50,49,14382,852961.00,
532974,ABML        ,B ,Q,50.40,50.85,49.10,50.10,50.05,49.80,224,9187,460365.00,
532976,JAIBALA IND ,T ,Q,31.35,31.35,31.15,31.30,31.30,29.90,28,6957,217705.00,
532977,BAJAJ AUTO  ,A ,Q,2956.60,2976.65,2923.35,2945.35,2945.10,2925.30,1890,30105,88561464.00,
532978,BAJAJ FINSE ,A ,Q,8130.00,8248.00,8109.60,8220.70,8220.70,8134.15,1230,7253,59453220.00,
532979,PIRPHYTO    ,T ,Q,28.00,29.00,28.00,29.00,29.00,28.70,15,5095,147691.00,
532980,GOKUL REFOIL,B ,Q,13.10,13.13,12.62,13.10,13.10,12.51,145,64082,822003.00,
532983,RPG LIFESCI ,B ,Q,252.15,255.20,252.00,255.00,255.00,255.75,24,2713,691473.00,
532985,KOTAK SENSEX,B ,Q,404.00,408.00,404.00,407.50,407.50,404.50,6,184,74973.00,
532986,NIRAJ CEMENT,X ,Q,16.50,16.50,15.40,16.15,16.15,16.00,5,3410,55194.00,
532987,RANE BRAKE  ,B ,Q,669.10,701.00,662.35,673.75,663.05,673.45,231,2158,1486660.00,
532988,RANE ENGVL  ,B ,Q,485.90,505.75,485.90,504.40,505.10,490.00,18,434,217884.00,
532990,METKORE     ,T ,Q,0.75,0.75,0.75,0.75,0.75,0.78,2,52,39.00,
532991,MVL LIMITED ,B ,Q,0.20,0.21,0.20,0.21,0.21,0.20,9,5411,1129.00,
532994,ARCHIDPLY IN,B ,Q,38.50,38.50,37.10,38.10,38.10,38.35,22,700,26499.00,
532997,KSK ENERGY  ,B ,Q,0.97,0.99,0.95,0.96,0.95,0.97,78,455096,438412.00,
532998,LEHIL       ,B ,Q,20.25,20.50,20.00,20.30,20.50,19.90,4,4,81.00,
533001,SOMI CONVEY ,B ,Q,23.45,23.45,21.05,22.40,22.95,22.60,6,45,1031.00,
533006,BIRLA COTSYN,XT,Q,0.08,0.08,0.08,0.08,0.08,0.08,10,27301,2184.00,
533007,LGB FORGE   ,T ,Q,2.65,2.80,2.54,2.69,2.69,2.67,23,21151,54709.00,
533008,OCL IRON&ST ,T ,Q,5.80,5.80,5.51,5.51,5.51,5.77,19,15637,86259.00,
533012,LANDMRK PRO ,B ,Q,3.40,3.51,3.40,3.51,3.51,3.57,3,1912,6690.00,
533014,SICAGEN IND ,B ,Q,26.90,26.90,24.50,24.60,24.60,26.30,115,18705,467261.00,
533022,20 MICRONS  ,B ,Q,43.20,43.55,42.15,42.15,42.15,42.50,89,3933,168918.00,
533023,WABCO       ,A ,Q,6330.00,6463.15,6255.00,6281.85,6255.00,6436.25,159,388,2473205.00,
533029,ALKALI      ,B ,Q,45.70,46.75,45.25,45.55,45.40,45.85,7,321,14633.00,
533033,ISGEC       ,B ,Q,511.00,515.50,500.10,501.80,501.80,505.95,611,9986,5077508.00,
533047,INDIAN MET  ,B ,Q,225.00,228.60,223.30,224.70,223.50,225.05,46,1111,249884.00,
533056,VEDAVAAG    ,X ,Q,26.85,28.75,24.00,27.15,27.35,26.05,137,13182,358880.00,
533068,ARROW TEX   ,B ,Q,17.80,17.80,16.10,16.10,17.50,17.95,18,2977,49320.00,
533078,MANJEERA    ,X ,Q,64.90,64.90,64.90,64.90,64.90,64.90,1,55,3569.00,
533080,MOLDTKPACK  ,B ,Q,259.60,261.10,247.00,248.55,250.00,257.50,190,7154,1807671.00,
533088,MAH HOLIDAY ,A ,Q,220.00,224.50,220.00,222.95,222.90,222.60,50,1380,308101.00,
533090,EXCEL       ,T ,Q,1.04,1.04,0.95,1.00,1.00,1.00,21,11520,11670.00,
533095,BENGLA& ASM ,B ,Q,1600.00,1645.00,1600.00,1644.95,1644.95,1594.90,17,211,343068.00,
533096,ADANI POWER ,A ,Q,50.05,52.70,49.40,51.50,51.50,48.40,10179,4577007,234426548.00,
533098,NHPC        ,A ,Q,25.00,25.15,24.50,24.70,24.70,25.00,1090,367027,9077816.00,
533101,SURYAMBA SP ,X ,Q,60.30,63.95,60.20,63.40,63.00,63.30,18,3240,204910.00,
533103,JINDALCOTEX ,T ,Q,3.15,3.46,3.15,3.43,3.43,3.30,4,455,1506.00,
533104,GLOBUS SPR  ,B ,Q,140.90,140.90,137.20,139.25,139.25,138.65,88,2347,325779.00,
533106,OIL INDIA   ,A ,Q,182.70,182.70,179.00,179.80,179.30,180.10,530,23060,4153877.00,
533107,RNAVAL      ,B ,Q,7.99,7.99,7.80,7.86,7.86,7.90,326,77425,609751.00,
533108,BHILWRA TEC ,X ,Q,7.80,8.00,7.05,7.30,7.30,7.14,15,4586,34530.00,
533110,SH PRECOTED ,X ,Q,0.90,0.90,0.90,0.90,0.90,0.91,2,4,3.00,
533121,EXPLEOSOL   ,B ,Q,453.05,453.05,438.00,438.85,438.85,444.75,21,131,58029.00,
533122,RTNPOWER    ,B ,Q,2.29,2.37,2.26,2.27,2.27,2.37,5153,264337,605980.00,
533137,DEN NETWORK ,B ,Q,60.00,60.00,58.40,58.75,58.40,58.70,50,1040,61723.00,
533138,ASTEC LIFE  ,B ,Q,447.00,461.00,447.00,453.95,457.60,453.85,20,222,100898.00,
533144,COX KINGS   ,A ,Q,94.50,96.30,92.55,92.95,93.15,94.30,384,15442,1446097.00,
533146,DLINK IND   ,B ,Q,95.25,96.20,93.00,94.00,94.00,95.15,79,6974,654530.00,
533148,JSW ENERGY  ,A ,Q,74.40,74.40,71.60,72.30,72.30,73.30,889,51460,3749697.00,
533149,ESSAR SECU  ,X ,Q,1.48,1.48,1.48,1.48,1.48,1.41,3,472,698.00,
533150,GODREJ PROP ,A ,Q,902.50,917.00,881.95,885.40,885.40,900.05,1113,50719,45751038.00,
533151,D B CORP    ,A ,Q,193.05,196.35,192.00,195.90,196.00,193.75,80,1734,336431.00,
533152,MBL INFRA   ,B ,Q,14.00,14.79,13.36,13.59,13.90,14.66,39,13674,192146.00,
533155,JUBL FOOD   ,A ,Q,1331.20,1340.55,1312.70,1320.75,1320.75,1325.35,1379,61699,81734475.00,
533156,VASCON ENG  ,B ,Q,16.74,17.00,15.76,15.87,15.87,16.59,129,35599,575920.00,
533157,SYNCOM HEAL ,T ,Q,1.43,1.50,1.36,1.36,1.36,1.43,9,12050,17162.00,
533158,THANGAMAYIL ,B ,Q,332.00,332.00,332.00,332.00,332.00,336.00,1,40,13280.00,
533160,D B REALTY  ,B ,Q,16.40,16.41,15.59,15.63,15.67,16.09,240,76848,1225816.00,
533161,EMMBI       ,B ,Q,143.00,143.00,139.00,141.60,140.80,141.20,53,1668,235630.00,
533162,HATHWAY CAB ,B ,Q,25.20,25.35,24.50,24.65,24.55,25.35,230,25665,638502.00,
533163,ARSS INFRA  ,T ,Q,41.05,42.30,40.90,41.10,42.30,42.50,45,3864,158946.00,
533164,TEXMO PIPES ,B ,Q,20.80,20.90,19.75,19.90,19.75,20.55,54,15521,315442.00,
533166,SUNDARAMMUL ,B ,Q,2.00,2.02,1.94,2.02,2.02,1.98,22,18310,36598.00,
533167,CORO ENGG   ,X ,Q,26.80,26.80,26.80,26.80,26.80,26.80,2,30,804.00,
533168,ROSSELL IND ,B ,Q,53.65,53.65,53.65,53.65,53.65,52.70,2,21,1126.00,
533169,MAN INFRA   ,B ,Q,34.90,35.15,34.10,34.25,34.85,35.40,46,5174,179431.00,
533170,TAMBOLI CAP ,X ,Q,64.85,64.85,59.00,60.10,60.00,63.95,20,2415,145847.00,
533171,UNITED BANK ,B ,Q,10.89,10.90,10.80,10.84,10.80,10.81,37,14525,157481.00,
533176,DQ ENT      ,B ,Q,5.45,5.45,5.40,5.45,5.45,5.46,9,906,4921.00,
533177,IL&FS TRANS ,Z ,Q,4.01,4.01,3.70,3.93,3.98,3.82,55,61583,241760.00,
533179,PERSISTENT  ,A ,Q,575.50,581.95,568.00,579.15,578.00,580.10,1727,8642,4997827.00,
533181,INTRASOFT   ,T ,Q,101.50,105.20,101.20,105.20,105.20,100.20,25,1609,166545.00,
533189,GOENKA DIAM ,Z ,Q,0.33,0.35,0.33,0.35,0.35,0.34,5,5600,1856.00,
533192,KCP SUGAR IN,B ,Q,16.85,16.85,16.40,16.45,16.45,16.50,98,38282,631294.00,
533193,KIRLOSKAR EL,B ,Q,16.90,17.00,16.45,16.55,16.75,16.30,109,15181,253961.00,
533200,TALWALKAR   ,B ,Q,53.30,55.25,52.00,54.90,54.15,52.95,339,72854,3913186.00,
533202,NITESHEST   ,B ,Q,3.02,3.10,2.95,2.98,2.98,2.97,76,37621,113073.00,
533206,SJVN        ,A ,Q,27.40,27.75,25.55,25.70,25.70,25.30,1846,532299,14131421.00,
533207,JPINFRATEC  ,B ,Q,2.07,2.10,1.95,2.10,2.10,2.00,767,2117071,4393086.00,
533208,EMAMI PAPER ,B ,Q,160.00,160.00,154.40,154.40,154.40,160.10,10,110,17313.00,
533210,KRITI NUTRI ,X ,Q,25.00,25.15,24.05,24.80,24.50,24.30,64,13740,334381.00,
533211,PARAB DRUGS ,T ,Q,1.24,1.24,1.24,1.24,1.24,1.29,2,600,744.00,
533216,TECHNOFAB   ,B ,Q,52.00,52.00,51.05,51.05,51.05,52.00,6,84620,4399800.00,
533218,EMAMIREAL   ,B ,Q,98.00,98.70,92.95,94.10,94.10,98.20,70,2633,250763.00,
533221,ASIAN HTL W ,B ,Q,334.00,346.90,334.00,345.45,345.50,339.00,14,248,84800.00,
533227,ASIAN HTL E ,B ,Q,227.20,236.00,212.10,212.15,212.15,221.10,31,280,60731.00,
533228,BHARATFIN   ,A ,Q,1009.10,1013.45,989.05,992.65,992.65,1009.30,205,6338,6344836.00,
533229,BAJAJCON    ,A ,Q,338.45,345.00,336.45,343.90,345.00,339.50,189,2387,815581.00,
533230,HDFCMFGETF  ,E ,Q,2885.00,2893.00,2883.00,2883.00,2883.00,2885.00,10,122,351821.00,
533239,PRAKASHSTL  ,B ,Q,0.25,0.25,0.25,0.25,0.25,0.27,4,6001,1500.00,
533244,ICICIGOLD   ,E ,Q,28.80,28.80,28.55,28.55,28.55,28.91,4,315,9047.00,
533248,GPPL        ,A ,Q,88.05,89.25,87.00,87.15,87.40,89.10,386,11100,972915.00,
533257,INDOSOLAR   ,T ,Q,1.65,1.71,1.56,1.71,1.71,1.63,81,121380,201578.00,
533259,SASTASUNDR  ,B ,Q,104.70,104.70,103.00,103.00,103.00,104.80,2,300,30917.00,
533260,CAREERP     ,B ,Q,69.75,72.50,69.75,72.50,72.50,70.50,23,8440,609268.00,
533261,EROS MEDIA  ,B ,Q,68.75,68.75,67.30,67.70,67.70,69.35,393,24157,1645845.00,
533262,RAMKY INFRA ,B ,Q,120.10,123.50,119.10,120.05,119.10,120.20,70,4132,503018.00,
533263,GREENPOWER  ,T ,Q,4.36,4.36,3.96,4.03,4.20,4.16,196,235319,948678.00,
533265,GALLISPAT   ,B ,Q,41.95,41.95,38.50,39.00,39.00,39.55,17,852,33229.00,
533267,CANTABIL    ,B ,Q,207.50,208.10,207.30,207.55,207.30,213.10,8,313,64961.00,
533269,VATECH WABA ,A ,Q,321.00,324.40,315.25,321.65,321.65,319.30,212,3424,1103149.00,
533270,BEDMUTHA IN ,B ,Q,16.50,16.50,16.50,16.50,16.50,16.40,2,59,973.00,
533271,ASHOKA      ,A ,Q,153.00,155.00,143.40,145.70,145.70,149.90,1705,98886,14766640.00,
533272,CEBBCO      ,B ,Q,19.10,19.10,18.30,18.60,18.70,18.70,16,3196,59819.00,
533273,OBEROI REAL ,A ,Q,561.95,566.35,549.95,564.00,564.00,562.05,832,11031,6162081.00,
533274,PRESTIGE    ,A ,Q,313.00,313.00,283.10,286.35,286.35,303.10,2008,59736,17568830.00,
533275,GYSCOAL     ,B ,Q,4.17,4.17,3.72,3.94,3.87,3.93,12,16777,67509.00,
533278,COAL INDIA  ,A ,Q,252.00,255.40,249.85,252.90,252.90,251.00,3583,358924,90874312.00,
533282,GRAVITA     ,B ,Q,69.00,74.50,68.95,72.25,71.05,68.95,340,32032,2312797.00,
533284,RPP INFRA   ,B ,Q,132.75,133.85,129.00,132.40,132.40,129.10,57,3352,443571.00,
533285,RDB REALTY  ,X ,Q,24.70,25.90,24.65,25.90,25.90,25.90,3,102,2516.00,
533286,MOIL LTD    ,A ,Q,156.90,157.30,155.00,157.10,157.10,156.90,142,4848,759796.00,
533287,ZEE LEARN   ,B ,Q,28.50,28.95,27.65,27.75,27.65,28.70,110,10513,296186.00,
533289,KESAR TERMI ,B ,Q,49.15,49.15,49.15,49.15,49.15,53.55,1,1,49.00,
533292,A2ZINFRA    ,B ,Q,17.35,17.45,16.65,16.80,16.80,17.55,233,34715,589566.00,
533293,KIRLOIL ENG ,B ,Q,196.85,196.85,191.15,192.20,192.00,199.10,195,14260,2750775.00,
533294,RAVI KUMAR  ,T ,Q,7.70,7.70,7.70,7.70,7.70,7.46,1,1,7.00,
533295,PUNJABNSIND ,B ,Q,28.25,28.55,28.00,28.10,28.05,28.10,25,4967,139670.00,
533296,FMNL        ,T ,Q,42.65,42.65,40.00,40.70,40.70,41.20,13,2111,87131.00,
533298,SURANASOL   ,B ,Q,7.24,7.92,6.91,7.30,7.30,7.15,30,8636,64961.00,
533302,KALYANI INV ,B ,Q,1812.85,1830.00,1780.00,1823.40,1830.00,1773.00,35,52,93577.00,
533303,BF INVEST   ,B ,Q,262.05,264.35,251.00,252.65,252.55,260.95,432,10075,2601068.00,
533306,SUMMIT SECU ,B ,Q,579.95,579.95,551.00,551.00,551.00,555.00,12,174,97441.00,
533310,MIDVAL ENT  ,X ,Q,1.96,1.96,1.96,1.96,1.96,1.96,1,100,196.00,
533315,INNO INVEST ,X ,Q,7.02,7.02,6.47,6.57,6.47,7.00,7,499,3297.00,
533316,STEL        ,B ,Q,95.10,95.55,94.00,94.00,94.00,97.30,8,1500,141977.00,
533317,OMKAR SPC   ,B ,Q,15.05,15.05,14.05,14.15,14.15,14.45,77,7382,104553.00,
533320,JUBILNT IND ,B ,Q,113.60,116.95,112.10,116.95,116.95,112.60,17,185254,21045470.00,
533321,BIL ENERGY  ,T ,Q,4.46,4.46,4.46,4.46,4.46,4.69,26,14188,63278.00,
533326,TEXMACO RAIL,B ,Q,74.35,77.40,73.80,76.25,76.30,73.80,588,67375,5135068.00,
533329,IND TERRAIN ,B ,Q,115.95,115.95,110.05,111.75,112.50,110.80,19,352,39171.00,
533333,FINEOTEX  CH,B ,Q,40.60,40.60,39.10,39.25,39.45,40.05,126,11941,473605.00,
533336,DHUNINV     ,B ,Q,271.75,271.75,269.85,269.85,269.85,269.40,2,2,541.00,
533339,ZEN TECH    ,B ,Q,74.20,80.00,73.35,74.25,74.25,72.90,191,13719,1037288.00,
533343,LOVABLE     ,B ,Q,93.45,94.05,92.00,93.00,93.00,95.10,87,4400,410842.00,
533344,PTCFIN SER  ,B ,Q,16.55,16.75,16.45,16.50,16.55,16.65,114,56709,942258.00,
533385,N100        ,E ,Q,500.50,502.75,500.00,502.00,502.00,502.94,21,424,212354.00,
533393,TCI DEVELP  ,B ,Q,378.00,378.00,331.55,331.55,331.55,367.40,3,3,1056.00,
533398,MUTHOOT FIN ,A ,Q,624.80,644.25,624.80,641.40,641.40,628.85,844,20983,13356730.00,
533400,FCONSUMER   ,A ,Q,45.35,45.40,44.10,44.40,44.40,45.40,549,163634,7301154.00,
533411,SANGH FORG  ,T ,Q,18.65,18.70,18.65,18.70,18.70,19.55,2,84,1566.00,
533427,VMS INDUSTR ,X ,Q,17.90,17.90,17.90,17.90,17.90,18.00,1,50,895.00,
533470,RUSHIL DECOR,B ,Q,675.55,691.00,658.15,660.50,660.50,662.00,60,39814,26300413.00,
533477,ENKEI WHEEL ,X ,Q,370.00,376.00,366.90,368.85,376.00,371.70,27,1180,436455.00,
533482,KRIINFRA    ,B ,Q,29.00,29.00,25.35,26.45,26.60,29.80,852,159115,4343122.00,
533499,BGLOBAL     ,T ,Q,2.38,2.52,2.38,2.52,2.52,2.50,8,7144,17142.00,
533506,INVENTURE   ,B ,Q,15.25,15.25,15.00,15.00,15.00,15.84,3,3600,54127.00,
533519,LNT FH      ,A ,Q,133.00,133.90,130.85,131.60,132.25,132.85,2353,340430,45016131.00,
533520,IBULISL     ,A ,Q,292.95,300.90,288.75,291.55,291.55,293.95,261,13336,3947726.00,
533540,TREE HOUSE  ,T ,Q,4.80,4.80,4.62,4.77,4.80,4.85,4,1350,6446.00,
533543,BROOKS LABS ,B ,Q,54.10,54.80,53.00,53.80,54.80,54.05,51,2684,144312.00,
533552,RUPA & CO   ,B ,Q,282.50,282.50,279.50,279.95,279.50,282.75,28,596,167239.00,
533553,TD POWER    ,B ,Q,151.00,154.75,148.60,153.00,152.05,149.80,45,1002,153116.00,
533569,SRS LIMITED ,Z ,Q,0.24,0.25,0.24,0.24,0.24,0.25,7,18901,4551.00,
533573,ALEM PHARMA ,A ,Q,524.10,524.10,515.05,517.30,517.30,523.55,96,770,399236.00,
533576,VASWANI IND ,B ,Q,11.38,11.38,8.47,9.69,9.69,9.64,4,180,1569.00,
533581,PG ELECTRO  ,B ,Q,72.95,73.40,71.20,71.60,72.00,72.70,71,6783,491209.00,
533605,PRAKASH CON ,B ,Q,3.65,4.00,3.62,3.82,3.82,3.75,34,55551,217675.00,
533608,RDB RASAYAN ,X ,Q,50.00,50.00,45.35,46.10,47.25,46.35,70,5404,252253.00,
533629,TIJARIA PPL ,B ,Q,14.90,15.00,14.70,14.85,14.95,14.80,13,2794,41590.00,
533632,ONELIFE CAP ,B ,Q,10.93,10.93,10.93,10.93,10.93,11.50,1,50,546.00,
533638,FLEXITUFF   ,B ,Q,36.10,38.50,36.05,36.10,36.10,36.60,4,255,9210.00,
533644,UJAAS       ,B ,Q,6.90,7.01,6.80,6.86,6.89,7.07,15,4934,33893.00,
533655,TRIVENITURB ,B ,Q,110.15,110.15,108.75,108.85,108.85,111.40,9,310,33744.00,
533676,INDO THAI   ,B ,Q,30.00,30.00,30.00,30.00,30.00,32.00,4,100,3000.00,
533704,ESSAR SHIP  ,T ,Q,10.30,11.25,10.30,10.54,10.45,10.84,21,3427,36214.00,
533719,IDBIGOLD    ,E ,Q,2912.00,2916.00,2912.00,2916.00,2916.00,2930.00,2,6,17484.00,
533758,APL APOLLO  ,A ,Q,1623.05,1637.95,1615.10,1621.90,1615.15,1629.20,105,542,881730.00,
533982,TERASOFTWARE,B ,Q,43.65,43.65,42.10,42.10,42.10,42.70,20,422,18078.00,
534060,PMCFIN      ,X ,Q,0.47,0.47,0.43,0.44,0.44,0.46,154,898664,406723.00,
534063,FUT SOL     ,XT,Q,39.40,39.40,39.40,39.40,39.40,37.60,1,5,197.00,
534076,ORIENT REF  ,B ,Q,238.00,238.00,226.05,226.50,232.00,228.65,35,1047,237623.00,
534091,MCX LTD     ,A ,Q,826.60,830.85,811.90,815.65,815.65,823.95,1406,28454,23389508.00,
534139,SCHNEIDER   ,B ,Q,103.85,103.85,100.50,101.65,101.35,102.90,137,9327,951784.00,
534184,NORL        ,B ,Q,0.29,0.29,0.29,0.29,0.29,0.28,19,11186,3243.00,
534309,NBCC        ,A ,Q,63.00,64.10,62.60,63.75,63.75,62.65,1948,629554,39976420.00,
534312,MT EDUCARE  ,B ,Q,68.90,69.50,67.60,68.05,68.05,68.30,168,23995,1644765.00,
534328,HEXATRADEX  ,T ,Q,15.85,16.85,15.55,15.85,15.85,16.20,7,757,12148.00,
534338,MAXHEIGHTS  ,X ,Q,18.00,18.00,17.90,17.90,17.90,17.65,2,110,1974.00,
534369,TBZ LTD     ,B ,Q,53.75,55.50,53.50,54.15,53.70,53.85,166,12341,673086.00,
534392,VSSL        ,B ,Q,94.00,95.70,93.55,94.15,93.60,93.85,10,432,40641.00,
534425,SPECIALITY R,B ,Q,90.80,90.80,83.10,87.35,87.35,93.60,398,21537,1844496.00,
534532,LYPSA GEMS  ,B ,Q,6.40,6.71,6.13,6.36,6.36,6.40,10,11524,73819.00,
534535,BIOGRPAPER  ,X ,Q,4.32,4.32,4.25,4.25,4.25,4.12,3,3,12.00,
534597,RTNINFRA    ,B ,Q,2.26,2.26,2.15,2.18,2.18,2.22,70,154083,337470.00,
534598,SEPOWER     ,B ,Q,2.97,3.00,2.97,3.00,3.00,3.09,2,22,65.00,
534600,JTL INFRA   ,X ,Q,130.65,134.70,126.10,126.45,134.00,129.90,12,1595,208520.00,
534612,AMTL        ,X ,Q,24.10,27.60,21.75,23.60,22.00,25.05,59,18152,436432.00,
534615,NECC LTD    ,B ,Q,7.60,7.97,7.35,7.49,7.51,7.67,20,4300,32998.00,
534618,SAREL       ,XT,Q,18.00,18.00,17.20,17.20,17.20,18.10,3,3000,52400.00,
534623,JUPITER INFO,X ,Q,62.00,62.70,61.00,61.00,61.00,61.90,9,2330,144193.00,
534674,DUCON       ,B ,Q,16.60,17.90,16.00,17.26,17.26,16.79,298,62545,1064603.00,
534675,PROZONINTU  ,B ,Q,33.00,33.70,31.00,31.30,31.40,31.00,518,104125,3357012.00,
534680,SRG HFL     ,X ,Q,210.50,213.95,197.00,199.00,199.00,218.70,207,26882,5391569.00,
534690,LAKSHMIVILAS,A ,Q,73.85,75.40,73.10,73.70,74.40,73.55,264,55831,4159089.00,
534691,COMFORT COM ,X ,Q,3.55,3.95,3.55,3.75,3.75,3.93,21,9545,34633.00,
534731,BRONZE INFRA,X ,Q,0.31,0.32,0.31,0.32,0.32,0.31,2,100,31.00,
534733,SUPREMEX    ,XT,Q,4.04,4.04,4.04,4.04,4.04,4.25,1,100,404.00,
534734,RMCHEM      ,X ,Q,1.05,1.05,1.05,1.05,1.05,1.07,5,673,706.00,
534741,VIRTUAL GLO ,X ,Q,0.25,0.26,0.24,0.25,0.26,0.25,66,312688,77275.00,
534742,ZUARI AGRO  ,B ,Q,172.60,177.00,172.00,172.65,176.15,170.85,179,6864,1196067.00,
534748,STEEL EXCH  ,B ,Q,13.00,13.45,12.00,12.80,12.80,12.70,54,14280,182706.00,
534756,TARA JEWELS ,T ,Q,0.81,0.81,0.80,0.80,0.80,0.78,10,8358,6712.00,
534758,CIGNITI TECH,B ,Q,347.00,347.00,322.00,328.85,328.00,318.05,121,1737,575064.00,
534804,CARERATING  ,A ,Q,944.70,972.00,944.70,968.15,972.00,944.65,113,599,575427.00,
534809,PC JEWELLER ,A ,Q,83.90,85.30,74.70,80.55,80.55,83.80,41379,12456998,981804861.00,
534816,BH INFRATEL ,A ,Q,275.90,275.90,271.60,272.40,273.10,275.80,581,38341,10493706.00,
534976,VMART       ,A ,Q,2477.65,2495.85,2460.45,2493.65,2488.00,2491.65,17,26,64419.00,
535205,MYSTICELE   ,X ,Q,2.60,2.60,2.60,2.60,2.60,2.60,4,33,85.00,
535267,COM FINCAP  ,X ,Q,10.50,10.50,10.38,10.43,10.43,10.38,61,16418,170853.00,
535276,SBISENSEX   ,B ,Q,417.42,419.00,416.67,419.00,419.00,416.95,31,449,187465.00,
535322,REPCO HOME  ,A ,Q,407.90,425.30,407.90,415.35,415.35,403.80,1101,45080,18839793.00,
535458,NRB IND BEA ,B ,Q,18.65,18.65,18.65,18.65,18.65,19.80,1,50,932.00,
535467,AIFL        ,T ,Q,6.53,6.53,6.21,6.21,6.21,6.53,20,6624,41263.00,
535566,KIFS FSL    ,X ,Q,62.20,62.20,62.20,62.20,62.20,59.25,2,20,1244.00,
535601,SREELEATHER ,B ,Q,208.10,209.85,198.45,202.95,203.40,215.00,105,5194,1055370.00,
535602,SHARDA MOTOR,B ,Q,1423.05,1523.00,1423.05,1447.70,1443.00,1451.00,38,257,378814.00,
535620,BINNY MILLS ,X ,Q,59.30,62.00,59.30,61.50,62.00,62.30,4,20,1208.00,
535621,SV GLOBAL   ,X ,Q,53.55,53.55,50.10,50.50,50.50,51.00,19,2168,109755.00,
535648,JUSTDIAL    ,A ,Q,694.70,778.40,691.00,747.15,747.15,690.00,11801,609640,443278280.00,
535658,PAWANSUT    ,XT,Q,1.42,1.42,1.42,1.42,1.42,1.42,6,2018,2865.00,
535667,IFINSEC     ,XT,Q,19.00,19.00,19.00,19.00,19.00,19.00,4,500,9500.00,
535694,EDSL        ,X ,Q,0.37,0.37,0.37,0.37,0.37,0.37,1,250,92.00,
535754,ORIENT CEM  ,A ,Q,118.80,122.80,118.80,120.00,120.00,118.40,255,14241,1726876.00,
535755,ABFRL       ,A ,Q,212.50,218.90,211.50,218.00,218.00,211.40,1007,42800,9238640.00,
535789,IBUL HSG FIN,A ,Q,784.80,793.15,770.30,774.30,774.30,776.20,5587,303306,236984023.00,
536128,VKJINFRA    ,XT,Q,0.50,0.50,0.49,0.49,0.49,0.49,37,61189,30229.00,
536170,KUSHAL      ,T ,Q,17.60,17.65,17.60,17.65,17.65,16.85,51,16827,296946.00,
536264,TIGER LOGS  ,X ,Q,88.90,90.00,88.15,89.70,89.95,89.65,75,13094,1169586.00,
536493,JKAGRI GEN  ,X ,Q,825.00,830.00,816.00,825.35,820.00,833.25,39,471,389443.00,
536507,FUTLIF FAS  ,A ,Q,456.00,461.60,455.90,456.25,456.00,459.85,58,1060,484090.00,
536565,TRIMURTHI   ,XT,Q,6.65,6.65,6.65,6.65,6.65,7.00,3,126,837.00,
536659,PVVINFRA    ,XT,Q,25.70,25.70,24.85,25.70,25.70,24.50,98,42089,1074933.00,
536672,VCU DATA    ,T ,Q,12.28,12.28,12.28,12.28,12.28,12.92,1,1,12.00,
536709,INDRENEW    ,X ,Q,21.50,21.50,19.50,19.75,19.75,21.40,9,3237,64215.00,
536751,FIVEXTRADE  ,X ,Q,0.40,0.40,0.40,0.40,0.40,0.39,1,1,0.00,
536773,JIN POLY INV,T ,Q,34.50,34.50,34.50,34.50,34.50,34.25,1,5,172.00,
536868,INTEGRA TELE,XT,Q,9.75,9.75,9.75,9.75,9.75,9.92,3,150,1462.00,
536974,CAPTAIN POLY,X ,Q,25.45,26.15,25.45,25.85,25.85,24.60,60,20499,528219.00,
537007,ICICINIFTY  ,B ,Q,122.55,124.72,122.55,124.53,124.52,123.64,158,6226,773121.00,
537008,ICICINF100  ,B ,Q,127.78,127.78,127.78,127.78,127.78,127.97,1,20,2555.00,
537069,ARNOLD HOLD ,X ,Q,7.75,7.80,7.50,7.80,7.80,7.75,21,6331,48776.00,
537092,MODEX INT   ,X ,Q,52.10,52.15,52.10,52.15,52.15,51.50,3,200,10425.00,
537253,SUNIL HEALTH,X ,Q,35.50,35.50,29.05,33.00,33.00,33.10,6,305,9959.00,
537254,RCI IND     ,X ,Q,75.50,79.00,75.00,75.75,75.75,76.90,102,17188,1311796.00,
537259,SUYOG TELE  ,X ,Q,430.00,437.80,376.70,432.25,437.80,398.00,74,6136,2521037.00,
537291,NATH BIOGEN ,B ,Q,455.00,464.00,450.00,460.50,460.50,453.05,140,4251,1950827.00,
537292,AGRI TECH   ,B ,Q,64.00,66.00,63.10,63.55,63.55,65.50,42,1237,79096.00,
537524,VIAANINDUS  ,XT,Q,7.35,7.35,6.84,6.84,6.84,7.20,86,21397,147049.00,
537536,DENIS CHEM  ,X ,Q,57.50,61.65,57.50,58.40,61.65,57.85,9,327,19544.00,
537708,KOTAKNIFTY  ,B ,Q,122.20,123.77,122.20,123.38,123.10,121.55,19,1043,127966.00,
537750,KIRAN VYPAR ,X ,Q,97.50,99.50,97.50,99.50,99.50,97.20,13,1348,132284.00,
537766,BCP LTD     ,B ,Q,37.35,44.40,37.00,43.40,43.40,37.00,3024,5726290,233487347.00,
537800,MANGALAM IND,XT,Q,0.42,0.42,0.42,0.42,0.42,0.40,3,1050,441.00,
537839,PHOENIX TN  ,X ,Q,11.88,11.88,11.88,11.88,11.88,11.32,2,100,1188.00,
537840,RAUNAQEPC   ,XT,Q,70.00,75.90,69.35,69.35,69.35,72.95,21,3192,221379.00,
538019,OBI LTD     ,X ,Q,17.65,17.65,17.65,17.65,17.65,18.55,30,1655,29210.00,
538057,CPSE ETF    ,B ,Q,27.80,28.08,27.80,28.00,28.00,27.84,194,263294,7374770.00,
538081,HARIA APL   ,X ,Q,2.07,2.07,2.07,2.07,2.07,1.98,2,110,227.00,
538092,JOONKTOLLEE ,X ,Q,123.55,135.00,123.55,124.00,124.00,129.90,4,53,6604.00,
538128,WOMENS NEXT ,M ,Q,5.00,5.00,3.90,4.00,4.00,4.21,13,26000,105680.00,
538180,GOLD LINE   ,X ,Q,4.24,4.24,4.24,4.24,4.24,4.24,1,1,4.00,
538268,WONDERLA    ,B ,Q,307.00,309.80,300.10,309.20,309.20,307.85,25,142,43404.00,
538365,ADHUNIKIND  ,B ,Q,87.90,87.95,85.00,85.45,85.00,86.15,44,7875,680594.00,
538401,MAESTROS ELE,XT,Q,62.75,69.20,62.75,69.20,69.20,66.00,9,7631,479547.00,
538422,JACKSON     ,XT,Q,0.19,0.19,0.19,0.19,0.19,0.19,8,5394,1024.00,
538423,ALPS MOTOR  ,XT,Q,0.87,0.87,0.87,0.87,0.87,0.88,8,5655,4919.00,
538433,CLASSIC     ,XT,Q,0.25,0.25,0.25,0.25,0.25,0.26,3,446,111.00,
538476,CTL         ,X ,Q,4.00,4.00,3.92,4.00,4.00,4.00,3,1771,6998.00,
538521,CROWNTOURS  ,X ,Q,23.00,23.35,23.00,23.15,23.15,23.55,30,10862,252155.00,
538539,JTAPARIA    ,X ,Q,0.27,0.27,0.27,0.27,0.27,0.26,1,10,2.00,
538546,BANSAL ROOF ,M ,Q,40.00,40.00,40.00,40.00,40.00,40.00,1,3000,120000.00,
538562,SKIPPER     ,B ,Q,65.90,65.90,63.95,64.95,63.95,65.65,109,5242,339835.00,
538564,JAMESWARREN ,X ,Q,102.05,102.05,101.00,101.00,101.00,100.95,6,456,46269.00,
538566,APOLLOTRI   ,X ,Q,181.10,186.95,180.00,182.80,182.80,181.20,120,12763,2341202.00,
538567,GULFOIL LUB ,B ,Q,882.00,889.95,882.00,887.50,887.50,886.35,20,107,94907.00,
538570,ACHAL       ,XT,Q,0.85,0.85,0.85,0.85,0.85,0.86,1,57,48.00,
538598,VISHAL      ,B ,Q,296.00,296.00,295.00,295.00,295.00,295.00,2,51,15046.00,
538607,TOYAMIND    ,X ,Q,5.15,5.15,4.89,4.92,4.90,5.00,141,136104,676123.00,
538608," DWITIYA    ",Z ,Q,12.60,12.60,12.60,12.60,12.60,13.25,2,1101,13872.00,
538611,RTFL        ,XT,Q,16.00,16.00,16.00,16.00,16.00,16.15,1,50,800.00,
538634,VRL         ,X ,Q,33.40,35.50,32.50,35.50,35.50,34.05,3,201,6625.00,
538635,SNOWMAN     ,B ,Q,39.00,39.00,36.70,36.90,37.00,38.65,422,49988,1864076.00,
538647,PURSHOTTAM  ,X ,Q,8.46,8.75,7.96,7.96,7.96,8.37,5,189,1561.00,
538653,EML         ,XT,Q,1.23,1.23,1.23,1.23,1.23,1.25,4,202,248.00,
538666,SHARDACROP  ,A ,Q,349.65,354.65,346.20,352.35,354.65,351.95,26,308,107581.00,
538683,RELSENSEX   ,B ,Q,420.40,420.40,420.40,420.40,420.40,420.00,1,1,420.00,
538685,SHEMAROO    ,B ,Q,397.90,397.90,374.40,381.85,382.00,389.55,23,207,79397.00,
538706,ULTRACAB    ,X ,Q,58.60,65.00,55.15,60.40,60.40,58.60,20,3030,179186.00,
538708,ETIL        ,X ,Q,7.19,7.19,7.00,7.19,7.19,6.85,10,372,2608.00,
538713,ATISHAY     ,X ,Q,72.00,74.95,70.00,74.20,74.50,74.45,27,567,41451.00,
538715,DHABRIYA    ,X ,Q,62.00,64.00,58.00,58.05,60.35,62.95,15,2174,127412.00,
538730,PDSMFL      ,B ,Q,255.00,255.00,237.00,250.25,251.00,242.10,37,76886,19137026.00,
538734,CEINSYSTECH ,T ,Q,109.95,109.95,109.95,109.95,109.95,110.00,1,100,10995.00,
538742,PANACHE     ,X ,Q,32.00,32.00,31.00,32.00,32.00,32.00,16,7095,226945.00,
538765,JSHL        ,M ,Q,10.00,10.49,9.70,10.24,10.20,10.00,32,370000,3753500.00,
538772,NIYOGIN     ,B ,Q,75.00,75.00,75.00,75.00,75.00,75.95,1,36,2700.00,
538778,AKASHDEEP   ,XT,Q,47.00,47.00,47.00,47.00,47.00,45.00,1,5,235.00,
538787,GBFL        ,X ,Q,0.55,0.56,0.55,0.56,0.56,0.55,3,508,284.00,
538788,GILADAFINS  ,X ,Q,14.00,14.00,14.00,14.00,14.00,14.60,3,234,3276.00,
538795,SAPPL       ,X ,Q,198.05,208.00,191.30,207.50,207.50,200.10,20,4265,855719.00,
538812,AANCHALISP  ,B ,Q,12.10,13.00,11.25,12.91,13.00,12.79,73,55092,686371.00,
538834,MEL         ,XT,Q,10.58,10.68,10.58,10.68,10.68,10.58,11,1099,11632.00,
538835,INTELLECT   ,A ,Q,248.00,252.95,248.00,249.70,249.70,250.50,718,30598,7665647.00,
538836,MONTECARLO  ,B ,Q,312.30,315.85,308.40,310.00,310.30,312.15,29,635,197385.00,
538837,JSTL        ,X ,Q,34.40,34.40,29.55,31.80,31.70,31.20,14,258,7865.00,
538838,ICL         ,XT,Q,7.10,7.10,7.10,7.10,7.10,7.24,3,3000,21300.00,
538858,CAMSONBIO   ,XT,Q,7.43,8.18,7.43,8.00,8.00,7.80,12,7768,62701.00,
538860,PANAFIC     ,X ,Q,0.32,0.32,0.32,0.32,0.32,0.31,5,17520,5606.00,
538882," EMERALD    ",X ,Q,11.22,11.22,11.22,11.22,11.22,10.71,12,10005,112256.00,
538890,MKEXIM      ,XT,Q,10.42,10.42,10.42,10.42,10.42,10.22,4,3000,31260.00,
538891,MCLOUD      ,X ,Q,30.55,30.65,29.60,30.00,30.10,29.80,2078,163571,4934561.00,
538896,KANCHI      ,XT,Q,315.00,315.00,295.00,295.55,298.00,301.85,228,16547,4963429.00,
538902,DHUN TEAIND ,B ,Q,216.10,223.00,212.25,220.50,220.50,218.00,14,185,40356.00,
538921,RAFL        ,M ,Q,145.00,150.00,145.00,150.00,150.00,148.50,3,6250,931250.00,
538922,COSYN       ,X ,Q,34.60,36.00,33.75,33.95,33.95,35.75,30,1721,60318.00,
538928,KARNAVATI   ,T ,Q,34.90,35.00,34.90,35.00,35.00,34.90,10,1900,66360.00,
538942,MERCANTILE  ,X ,Q,4.56,4.56,4.16,4.43,4.16,4.35,6,1375,6136.00,
538943,SONAL       ,XT,Q,9.73,9.73,9.73,9.73,9.73,9.27,3,4000,38920.00,
538961,GENUSPAPER  ,B ,Q,7.23,7.40,7.10,7.24,7.13,7.80,89,63115,459265.00,
538962,MINDACORP   ,B ,Q,122.15,123.00,119.05,120.10,121.00,121.70,287,6600,797542.00,
538964,MERCURYLAB  ,XT,Q,291.90,291.90,268.00,268.00,268.00,278.00,4,90,24744.00,
538979,GRNLAM IND  ,B ,Q,870.15,870.15,860.30,860.30,860.30,873.00,4,9,7791.00,
538987,TALBROSENG  ,X ,Q,132.10,141.95,132.00,141.95,141.95,140.75,6,160,21321.00,
539006,PTCIL       ,X ,Q,480.50,480.50,450.00,480.00,480.00,440.10,3,15,7052.00,
539009,GBLIL       ,X ,Q,10.16,10.16,10.16,10.16,10.16,10.36,10,159,1615.00,
539011,CHENFERRO   ,XT,Q,5.97,5.97,5.97,5.97,5.97,5.69,7,1152,6877.00,
539015,ORTEL       ,T ,Q,2.75,2.76,2.75,2.76,2.76,2.85,6,4025,11069.00,
539017,ASHFL       ,B ,Q,48.00,48.00,44.00,45.40,44.55,48.00,17,1085,49751.00,
539018,BEEKAY      ,X ,Q,302.00,302.00,294.00,302.00,302.00,305.00,6,180,54188.00,
539026,SSPNFIN     ,M ,Q,29.00,34.00,29.00,33.30,33.95,34.00,5,30000,977400.00,
539031,SETFBSE100  ,B ,Q,129.00,129.00,129.00,129.00,129.00,126.00,2,2,258.00,
539042,AGIIL       ,T ,Q,64.60,64.60,62.50,62.50,62.50,61.55,9,2742,176989.00,
539043,BKMINDST    ,T ,Q,3.68,3.68,3.68,3.68,3.68,3.81,1,200,736.00,
539044,MANAKSTELTD ,B ,Q,18.65,19.00,18.65,19.00,19.00,19.30,4,1500,28150.00,
539045,MNKALCOLTD  ,B ,Q,7.50,7.65,7.04,7.25,7.25,7.06,20,12729,95522.00,
539046,MNKCMILTD   ,B ,Q,4.55,4.55,4.55,4.55,4.55,4.16,3,7,31.00,
539056,ADLABS      ,B ,Q,7.20,7.85,7.20,7.57,7.55,7.85,46,18655,139408.00,
539083,INOXWIND    ,A ,Q,71.50,72.90,69.55,71.50,71.50,71.05,207,13225,942436.00,
539097,YOGYA       ,M ,Q,20.60,20.70,20.60,20.70,20.70,20.80,3,24000,495600.00,
539113,PML         ,X ,Q,1899.00,1899.00,1710.00,1817.85,1863.00,1850.00,38,199,362778.00,
539118,VRLLOG      ,B ,Q,304.05,304.05,290.00,293.65,292.70,304.45,169,2580,764719.00,
539122,BODHTREE    ,X ,Q,33.65,33.75,31.40,31.95,32.90,32.35,41,6198,200228.00,
539123,VBIND       ,X ,Q,3.42,3.42,3.42,3.42,3.42,3.48,1,3,10.00,
539126,MEP         ,B ,Q,40.25,41.20,39.80,40.65,41.00,40.55,260,22820,919405.00,
539132,VEGETABLE   ,X ,Q,4.17,4.30,3.51,4.25,4.25,4.17,48,25622,102777.00,
539141,UFO         ,B ,Q,293.00,296.90,286.15,293.30,293.30,292.30,515,5223,1526879.00,
539143,PANTH       ,X ,Q,95.25,95.25,93.70,95.25,95.25,93.45,224,40386,3841960.00,
539148,SHIVALIK    ,X ,Q,296.00,296.00,270.30,274.15,273.00,275.55,65,4987,1363384.00,
539150,PNCINFRA    ,A ,Q,189.95,196.75,189.95,195.75,195.75,190.40,511,19175,3718529.00,
539151,ARFIN       ,X ,Q,148.75,148.75,140.70,141.10,141.00,144.15,21,1198,172463.00,
539176,HAWAENG     ,XT,Q,31.60,32.85,31.35,32.85,32.85,33.00,12,481,15555.00,
539195,POEL        ,X ,Q,35.00,35.00,32.25,32.45,32.45,31.25,65,4315,142840.00,
539196,AEL         ,X ,Q,12.50,13.00,10.80,11.84,10.80,12.50,24,13014,156737.00,
539197,DEVHARI     ,XT,Q,6.66,6.66,6.04,6.04,6.04,6.35,14,50065,302735.00,
539199,MOONGIPASEC ,XT,Q,2.95,2.95,2.95,2.95,2.95,2.95,2,6500,19175.00,
539201,SATIA       ,X ,Q,702.00,714.50,702.00,714.00,714.50,703.75,49,3196,2268089.00,
539207,MANPASAND   ,A ,Q,57.10,57.10,57.10,57.10,57.10,63.40,252,22851,1304792.00,
539219,MUL         ,X ,Q,254.50,255.60,253.00,253.85,253.85,250.90,65,2376,603956.00,
539221,SPORTKING   ,XT,Q,425.00,429.95,410.00,419.50,419.90,421.80,9,85,36037.00,
539223,AMBITION    ,T ,Q,18.25,18.25,16.60,17.85,17.85,17.40,16,11320,203315.00,
539225,JIYAECO     ,B ,Q,67.50,67.80,65.00,67.25,67.25,64.70,1399,408296,27236805.00,
539227,LOYAL       ,T ,Q,39.50,39.50,37.05,39.00,39.00,38.95,5,152,5732.00,
539228,GGPL        ,B ,Q,62.25,63.15,62.10,63.05,63.00,62.35,26,2575,160303.00,
539229,MRSS        ,M ,Q,27.25,27.25,26.40,26.45,26.45,26.00,4,3600,96630.00,
539235,GPL         ,X ,Q,224.00,224.00,223.00,223.45,223.45,213.60,5,450,100672.00,
539251,BALKRISHNA  ,B ,Q,38.00,38.25,37.55,37.75,37.75,37.55,23,1217,46068.00,
539252,SCFL        ,B ,Q,6.15,6.15,5.60,5.63,5.60,5.76,17,4489,25586.00,
539254,ADANITRANS  ,A ,Q,233.00,239.00,231.80,234.80,233.00,235.80,859,34579,8113761.00,
539255,STARDELTA   ,X ,Q,133.10,133.10,133.10,133.10,133.10,139.95,2,37,4924.00,
539268,SYNGENE     ,A ,Q,685.00,689.70,676.45,685.15,685.00,680.10,378,3841,2628447.00,
539273,PECOS       ,M ,Q,39.60,39.60,39.60,39.60,39.60,36.00,1,1000,39600.00,
539276,KAYA        ,B ,Q,630.80,640.00,617.20,626.95,625.00,625.95,85,661,417638.00,
539278,SYMBIOX     ,XT,Q,0.94,0.94,0.90,0.93,0.94,0.94,13,3880,3599.00,
539287,ORTINLAABS  ,B ,Q,12.35,12.50,12.00,12.50,12.50,12.50,5,1500,18380.00,
539289,MJCO        ,B ,Q,517.15,518.50,488.65,497.35,497.95,512.10,440,7443,3708738.00,
539290,BINDALAGRO  ,B ,Q,15.03,15.20,15.00,15.20,15.20,15.97,11,5149,77435.00,
539301,ARVSMART    ,B ,Q,120.50,120.50,116.50,118.00,118.00,117.20,40,724,85360.00,
539302,POWERMECH   ,B ,Q,1077.00,1103.50,1059.20,1085.35,1097.50,1066.30,437,2534,2756206.00,
539309,RAMASTEEL   ,B ,Q,100.55,102.85,99.00,99.40,99.40,103.45,58,3707,370832.00,
539310,TISL        ,B ,Q,2.94,3.09,2.94,2.94,2.98,3.09,39,1023095,3042395.00,
539313,UTINIFTETF  ,B ,Q,1250.00,1254.00,1250.00,1254.00,1254.00,1200.00,3,9,11282.00,
539331,VETO        ,B ,Q,63.30,63.50,60.00,62.45,61.45,61.00,144,4197,261346.00,
539332,NAVKARCORP  ,A ,Q,38.80,39.00,36.80,37.05,37.05,38.70,612,66077,2477755.00,
539333,PENPEBS     ,B ,Q,63.00,63.00,61.50,61.55,61.55,61.50,21,2617,162455.00,
539334,SHREEPUSHK  ,B ,Q,140.00,142.00,136.10,137.95,137.95,139.85,138,5945,825509.00,
539336,GUJGAS      ,A ,Q,182.00,189.00,182.00,186.90,186.90,180.95,2000,68892,12863948.00,
539346,SADBHIN     ,B ,Q,82.00,82.00,72.00,74.75,77.00,82.45,110,22824,1717479.00,
539351,PRABHAT     ,B ,Q,69.50,71.00,68.40,69.60,69.60,69.00,160,20416,1431710.00,
539353,SWARAJAUTO  ,X ,Q,201.00,211.05,199.50,208.85,210.00,201.00,62,3412,713547.00,
539354,POLYSPIN    ,X ,Q,124.00,124.00,118.00,119.95,120.00,120.00,5,927,111194.00,
539359,PRITIKAUTO  ,X ,Q,128.50,128.95,127.30,127.80,127.75,127.70,62,27005,3456053.00,
539363,SKC         ,Z ,Q,21.90,21.90,21.90,21.90,21.90,23.05,1,2,43.00,
539398,VISHALBL    ,M ,Q,38.40,39.40,38.40,39.00,39.00,47.95,7,23625,918168.00,
539399,BELLACASA   ,T ,Q,136.55,143.00,136.55,138.35,138.00,136.55,15,1311,182248.00,
539400,MALLCOM     ,X ,Q,250.00,250.00,250.00,250.00,250.00,262.35,3,165,41250.00,
539402,VAL         ,M ,Q,20.00,20.00,20.00,20.00,20.00,20.00,1,4000,80000.00,
539404,SATIN       ,B ,Q,335.15,335.70,325.00,326.10,326.10,329.15,48,570,189120.00,
539407,GENCON      ,X ,Q,117.75,120.00,116.00,118.55,120.00,117.75,58,10265,1207202.00,
539408,KUBERJI     ,X ,Q,2.50,2.50,2.50,2.50,2.50,2.39,4,709,1772.00,
539410,WELCON      ,X ,Q,6.75,6.93,6.60,6.60,6.60,6.60,4,201,1341.00,
539428,TEJNAKSH    ,B ,Q,57.95,59.90,56.30,59.80,59.90,56.35,20,3071,181280.00,
539436,COFFEEDAY   ,A ,Q,253.95,256.80,250.00,253.55,254.95,252.55,237,5217,1326185.00,
539437,IDFCFIRSTB  ,A ,Q,46.10,46.40,45.50,45.70,45.70,45.85,1924,1128954,51711610.00,
539448,INDIGO      ,A ,Q,1640.05,1663.40,1628.15,1641.80,1641.80,1639.00,3458,107991,177579681.00,
539450,SHK         ,B ,Q,152.00,154.90,151.45,152.95,152.05,152.05,100,2637,402405.00,
539455,DASL        ,XT,Q,24.00,24.50,24.00,24.15,24.50,23.80,5,1100,26550.00,
539470,SHREEGANES  ,XT,Q,120.00,120.00,120.00,120.00,120.00,120.00,19,53,6360.00,
539486,GEETANJ     ,XT,Q,1.73,1.75,1.70,1.74,1.74,1.73,12,9057,15607.00,
539487,LICNETFSEN  ,B ,Q,454.95,454.95,454.95,454.95,454.95,440.00,1,3,1364.00,
539515,GMLM        ,XT,Q,58.55,58.55,58.55,58.55,58.55,57.45,1,2000,117100.00,
539516,HDFCNIFETF  ,B ,Q,1248.02,1248.02,1248.02,1248.02,1248.02,1243.14,1,20,24960.00,
539517,SXETF       ,B ,Q,4140.00,4140.00,4140.00,4140.00,4140.00,4127.00,3,6,24840.00,
539518,UDAYJEW     ,X ,Q,58.00,58.00,57.95,57.95,57.95,55.10,2,15,869.00,
539519,MAYUKH      ,XT,Q,13.25,13.25,13.25,13.25,13.25,13.00,2,6,79.00,
539520,SHAILJA     ,X ,Q,13.45,13.45,12.60,13.00,13.00,12.90,20,94172,1212894.00,
539523,ALKEM       ,A ,Q,1727.05,1798.00,1721.55,1762.45,1763.35,1725.10,1076,6627,11769928.00,
539524,LALPATHLAB  ,A ,Q,1043.05,1053.50,1027.00,1032.55,1032.55,1054.80,232,840,870686.00,
539527,CREATIVE    ,X ,Q,349.00,349.95,349.00,349.95,349.95,333.30,2,105,36654.00,
539528,AAYUSH      ,X ,Q,29.40,31.00,29.10,29.10,29.10,29.00,4,81,2433.00,
539542,LUXIND      ,A ,Q,1258.20,1258.20,1244.45,1249.65,1245.00,1265.55,53,305,381559.00,
539544,ABHIINFRA   ,XT,Q,3.61,3.61,3.61,3.61,3.61,3.45,2,100,361.00,
539551,NH          ,B ,Q,224.90,231.95,224.90,227.70,229.00,229.50,32,1466,335859.00,
539561,ROXY        ,XT,Q,16.52,16.52,16.52,16.52,16.52,15.75,1,25,413.00,
539570,ACEWIN      ,M ,Q,11.70,11.70,11.70,11.70,11.70,11.57,1,28800,336960.00,
539574,SCL         ,X ,Q,13.80,13.80,13.80,13.80,13.80,13.19,5,38,524.00,
539594,MISHTANN    ,X ,Q,47.55,47.55,47.55,47.55,47.55,46.65,5,690,32809.00,
539595,NATECO      ,XT,Q,12.40,12.40,12.40,12.40,12.40,12.41,1,45,558.00,
539596,DELTA       ,XT,Q,4.85,4.85,4.85,4.85,4.85,4.85,1,100,485.00,
539597,JSLHISAR    ,A ,Q,85.25,87.85,85.15,86.95,87.05,85.40,509,30418,2621575.00,
539620,AINFRA      ,X ,Q,28.75,28.75,28.70,28.75,28.75,27.40,15,2397,68902.00,
539621,BCLENTERPR  ,X ,Q,18.30,18.40,18.10,18.40,18.40,18.55,276,51883,951281.00,
539636,PRECAM      ,B ,Q,59.30,62.50,58.30,61.90,61.50,60.60,59,3236,196637.00,
539658,TEAMLEASE   ,A ,Q,3025.00,3025.00,2932.00,2986.60,2999.00,2986.50,63,105,311497.00,
539660,SAHYOGMULT  ,X ,Q,45.75,46.50,45.75,46.35,46.35,45.75,7,405,18770.00,
539661,ACEMEN      ,XT,Q,19.30,19.30,19.30,19.30,19.30,19.30,1,8,154.00,
539678,QUICKHEAL   ,B ,Q,191.90,191.90,187.95,189.70,189.90,193.00,291,6608,1250952.00,
539679,KAPILRAJ    ,X ,Q,6.20,6.20,6.20,6.20,6.20,6.50,13,43307,268503.00,
539686,KPEL        ,B ,Q,185.00,195.00,184.95,195.00,195.00,190.00,6,507,93814.00,
539692,IFINSER     ,XT,Q,26.20,26.20,26.00,26.20,26.20,25.70,3,445,11579.00,
539725,GOKULAGRO   ,B ,Q,13.00,13.00,12.20,13.00,13.00,12.46,54,10043,128243.00,
539730,FREDUN      ,X ,Q,446.00,457.00,418.00,442.60,445.00,445.00,53,1768,778213.00,
539742,SIMBHALS    ,B ,Q,10.10,10.40,10.10,10.40,10.39,10.74,6,3019,30811.00,
539770,DARJEELING  ,X ,Q,90.70,91.95,89.75,91.70,91.70,90.70,118,81765,7429171.00,
539785,PDMJEPAPER  ,B ,Q,15.45,15.45,14.90,15.00,14.95,15.10,19,4100,61728.00,
539798,UMIYA       ,T ,Q,8.10,8.50,8.00,8.00,8.00,8.41,40,151400,1212237.00,
539799,BHARATWIRE  ,B ,Q,44.75,47.00,44.75,45.15,44.75,45.05,28,1314,60050.00,
539807,INFIBEAM    ,A ,Q,47.50,51.70,47.05,50.50,50.50,48.10,2636,1688879,82020130.00,
539833,SICLTD      ,XT,Q,3.86,3.86,3.86,3.86,3.86,3.68,1,10,38.00,
539841,LANCER      ,T ,Q,67.00,67.00,62.10,66.00,66.00,63.90,31,7321,483038.00,
539844,EQUITAS     ,A ,Q,135.05,137.30,134.15,136.55,137.25,135.55,968,109732,14960852.00,
539854,HALDER      ,XT,Q,70.65,70.65,70.65,70.65,70.65,72.05,2,15,1059.00,
539861,SKIL        ,T ,Q,10.24,10.24,9.60,9.95,9.95,10.10,5,405,3953.00,
539871,THYROCARE   ,A ,Q,476.85,485.35,473.40,484.70,483.10,476.20,37,357,171309.00,
539872,BAJAJHCARE  ,B ,Q,218.00,220.00,217.00,218.00,218.00,218.30,21,1137,249153.00,
539874,UJJIVAN     ,A ,Q,339.10,343.90,337.30,340.50,340.50,338.75,1861,92322,31434309.00,
539876,CROMPTON    ,A ,Q,237.00,240.50,234.15,236.85,237.00,236.25,765,26516,6279967.00,
539883,PILANIINVS  ,B ,Q,2500.00,2545.00,2485.00,2540.10,2545.00,2477.25,114,2716,6868748.00,
539884,DARSHANORNA ,B ,Q,29.60,30.15,29.50,30.15,30.15,29.70,18,1204,35565.00,
539889,PARAGMILK   ,A ,Q,242.00,244.00,238.70,242.05,239.90,242.45,226,4331,1045719.00,
539917,NAGARFERT   ,B ,Q,6.51,6.60,6.37,6.56,6.54,6.30,114,81037,524346.00,
539927,LIKHAMI     ,XT,Q,42.00,42.00,42.00,42.00,42.00,42.00,1,10,420.00,
539938,MIL         ,X ,Q,116.95,116.95,110.00,110.00,110.00,112.70,14,1424,156664.00,
539939,YASHCHEM    ,B ,Q,114.40,114.55,108.60,109.85,110.35,113.50,157,31628,3513524.00,
539940,MAXVIL      ,B ,Q,47.15,50.50,47.15,49.35,49.35,47.55,211,12554,616571.00,
539944,RXXX1SR2G   ,F ,Q,12.00,12.00,12.00,12.00,12.00,11.82,1,2500,30000.00,
539945,ICICINV20   ,B ,Q,57.23,57.23,57.23,57.23,57.23,56.75,1,5,286.00,
539956,TAALENT     ,X ,Q,285.00,285.00,265.00,269.05,269.05,280.95,28,7520,2015173.00,
539957,MGL         ,A ,Q,880.00,900.00,880.00,894.00,894.00,883.90,952,58780,52093789.00,
539962,QFSL        ,XT,Q,0.19,0.20,0.19,0.20,0.20,0.19,8,4097,789.00,
539978,QUESS       ,A ,Q,658.20,666.85,656.10,665.50,665.40,664.10,82,887,587161.00,
539979,DIGJAMLTD   ,T ,Q,3.30,3.36,3.21,3.32,3.36,3.20,27,8212,27013.00,
539980,ICICIMCAP   ,B ,Q,66.89,66.89,66.67,66.67,66.67,66.89,2,61,4078.00,
539981,MAXINDIA    ,A ,Q,62.50,68.95,62.50,66.85,65.50,63.35,670,63968,4220028.00,
539984,HUIL        ,X ,Q,659.00,665.60,620.90,664.40,664.40,633.95,36,712,470494.00,
539986,COMSYN      ,B ,Q,67.00,67.00,58.70,59.00,58.70,58.50,48,10286,610461.00,
539992,LLOYDSTEEL  ,B ,Q,0.62,0.62,0.60,0.61,0.61,0.63,130,338919,207732.00,
540005,LTI         ,A ,Q,1827.95,1860.00,1790.65,1825.90,1825.90,1828.95,2124,33770,62321761.00,
540006,EASTWEST    ,X ,Q,131.50,135.50,125.05,129.30,126.20,130.40,52,8010,1034480.00,
540024,ASHARI      ,XT,Q,16.35,16.40,16.10,16.26,16.30,16.20,101,55793,910298.00,
540025,ADVENZYMES  ,A ,Q,208.50,214.45,208.50,212.60,212.60,210.85,437,14713,3125107.00,
540027,PTIL        ,T ,Q,413.00,413.00,407.00,410.00,410.00,410.50,51,5370,2203563.00,
540047,DBL         ,A ,Q,599.00,606.00,594.15,598.75,596.00,597.75,496,14441,8639470.00,
540048,SPAL        ,B ,Q,292.00,292.00,286.00,291.85,286.00,294.00,5,103,30059.00,
540061,BIGBLOC     ,B ,Q,35.70,38.80,35.65,35.65,35.65,37.50,13,4970,177208.00,
540063,ECS         ,XT,Q,2.97,2.97,2.97,2.97,2.97,2.83,6,1030,3059.00,
540064,FRETAIL     ,A ,Q,446.95,453.40,438.00,442.45,441.00,444.80,388,14095,6266087.00,
540065,RBLBANK     ,A ,Q,690.00,696.80,683.10,692.25,692.25,687.00,1670,85573,59215584.00,
540071,CAMSONSEEDS ,Z ,Q,4.71,4.71,4.71,4.71,4.71,4.80,7,733,3452.00,
540073,BLS         ,B ,Q,129.45,132.60,126.30,129.30,130.30,127.90,297,14130,1833804.00,
540080,NARAYANI    ,B ,Q,26.50,33.90,25.55,32.35,32.35,28.60,79,106066,3201214.00,
540083,TVVISION    ,T ,Q,2.75,2.75,2.75,2.75,2.75,2.70,3,2400,6600.00,
540108,TAHL        ,X ,Q,108.95,108.95,99.70,104.50,107.00,104.85,94,5226,539637.00,
540115,LTTS        ,A ,Q,1758.00,1770.00,1741.40,1748.90,1748.90,1737.45,680,4131,7252477.00,
540124,GNA         ,B ,Q,304.10,307.65,297.60,299.45,301.00,306.25,149,3666,1108284.00,
540125,RADHIKAJWE  ,M ,Q,25.25,26.00,24.25,25.00,24.55,25.95,21,88000,2203040.00,
540133,ICICIPRULI  ,A ,Q,384.95,396.05,384.60,387.80,386.90,381.65,4370,219415,86091518.00,
540134,IISL        ,X ,Q,17.50,17.50,17.20,17.25,17.20,18.20,17,989,17158.00,
540135,ARCFIN      ,XT,Q,0.67,0.67,0.67,0.67,0.67,0.67,2,100,67.00,
540136,HPL         ,B ,Q,69.90,69.90,65.55,65.95,66.55,67.20,174,9689,641590.00,
540143,SAGARSOFT   ,X ,Q,84.00,88.60,83.50,88.00,88.00,87.85,14,158,13771.00,
540145,VALIANTORG  ,M ,Q,1887.00,1887.00,1887.00,1887.00,1887.00,1920.00,1,150,283050.00,
540153,ENDURANCE   ,A ,Q,1221.95,1221.95,1183.00,1193.15,1194.95,1214.50,319,1734,2073694.00,
540154,IDFSENSEXE  ,B ,Q,410.00,420.00,390.00,420.00,420.00,400.00,5,7,2805.00,
540173,PNBHOUSING  ,A ,Q,862.00,870.00,837.50,845.70,841.20,859.15,1138,14921,12763296.00,
540175,REGENCY     ,X ,Q,25.60,25.60,25.50,25.60,25.60,25.20,94,10884,278123.00,
540180,VBL         ,A ,Q,947.80,947.80,918.25,921.90,925.75,944.40,144,1195,1112639.00,
540190,FRANKLININD ,XT,Q,14.45,14.45,14.45,14.45,14.45,15.20,3,8,115.00,
540192,LKPSEC      ,XT,Q,9.80,9.80,8.96,9.01,9.00,9.35,23,4936,44596.00,
540198,OSIAJEE     ,X ,Q,21.60,21.80,21.60,21.80,21.80,21.90,115,27056,585689.00,
540203,SFL         ,B ,Q,1253.50,1253.50,1235.05,1246.25,1253.00,1243.95,17,77,96241.00,
540210,TMRVL       ,B ,Q,21.50,21.50,19.80,19.95,20.30,19.80,68,5600,112778.00,
540212,TCIEXP      ,B ,Q,687.30,696.80,673.25,694.60,690.00,677.15,83,656,448981.00,
540222,LAURUSLABS  ,A ,Q,360.10,369.00,360.00,362.85,362.85,368.60,169,3247,1178004.00,
540243,NEWLIGHT    ,X ,Q,32.90,34.20,31.70,33.85,33.85,32.90,36,21269,709190.00,
540266,GLCL        ,X ,Q,7.05,7.05,7.05,7.05,7.05,7.05,6,22000,155100.00,
540267,FLORACORP   ,X ,Q,11.78,11.78,11.78,11.78,11.78,12.40,2,105,1236.00,
540268,DHANVARSHA  ,X ,Q,64.00,64.50,62.00,64.00,64.00,61.95,46,45659,2910531.00,
540293,PRICOLLTD   ,B ,Q,41.00,45.20,40.45,44.05,44.05,40.25,1543,190826,8361611.00,
540311,JITFINFRA   ,T ,Q,12.55,13.00,12.25,12.55,12.55,12.50,5,146,1863.00,
540358,RMC         ,M ,Q,35.20,35.20,35.20,35.20,35.20,32.00,1,2000,70400.00,
540360,LLFICL      ,X ,Q,84.50,86.45,80.00,81.40,86.40,78.60,38,12150,1002716.00,
540361,DANUBE      ,XT,Q,6.36,6.36,6.36,6.36,6.36,6.06,1,110,699.00,
540366,RADIOCITY   ,B ,Q,60.50,60.50,57.90,58.20,58.00,59.15,38,2443,144474.00,
540376,DMART       ,A ,Q,1307.05,1317.00,1297.70,1302.80,1302.80,1307.10,1200,25120,32801821.00,
540401,MAXIMUS     ,M ,Q,39.65,39.65,39.65,39.65,39.65,37.55,8,126000,4995900.00,
540403,CLEDUCATE   ,B ,Q,117.20,120.00,117.00,117.15,117.15,117.05,10,287,34105.00,
540425,SHANKARA    ,A ,Q,516.70,532.80,516.70,527.30,527.30,518.85,609,8746,4601442.00,
540426,RELSTRUCT   ,M ,Q,10.15,10.15,10.15,10.15,10.15,9.67,1,3000,30450.00,
540497,SCHAND      ,B ,Q,118.05,118.05,109.25,111.00,111.00,116.55,339,11340,1275790.00,
540519,MEERA       ,M ,Q,214.00,218.00,214.00,218.00,218.00,209.00,3,1500,323000.00,
540526,IRBINVIT    ,IF,Q,65.00,65.00,65.00,65.00,65.00,64.75,3,15000,975000.00,
540530,HUDCO       ,A ,Q,44.45,44.50,43.40,43.60,43.60,44.60,443,111442,4880204.00,
540544,PSPPROJECT  ,B ,Q,523.00,523.00,504.40,514.05,515.00,507.40,152,2607,1335370.00,
540565,INDIGRID    ,IF,Q,87.50,87.50,85.50,85.70,85.70,85.51,13,66339,5694743.00,
540575,STARCEMENT  ,B ,Q,119.20,127.80,119.00,123.80,123.80,120.30,243,15205,1869794.00,
540593,HEOF1126RG  ,B ,Q,10.20,10.20,10.20,10.20,10.20,10.20,2,3500,35700.00,
540595,TEJASNET    ,B ,Q,181.40,195.00,178.00,188.10,188.10,178.90,492,57443,10791642.00,
540596,ERIS        ,A ,Q,527.60,535.00,511.15,513.45,515.00,524.95,103,1337,701666.00,
540602,GTPL        ,B ,Q,69.00,69.00,67.00,67.95,67.95,69.00,9,346,23456.00,
540611,AUBANK      ,A ,Q,698.00,719.25,694.20,698.70,698.70,697.75,967,40207,28434703.00,
540614,GGENG       ,M ,Q,59.95,60.15,59.95,60.15,60.15,59.50,2,3000,180150.00,
540615,7NR         ,M ,Q,101.00,101.00,101.00,101.00,101.00,100.00,1,3000,303000.00,
540616,ARTEMIS     ,B ,Q,58.00,58.00,58.00,58.00,58.00,56.40,1,50,2900.00,
540621,BHAGYAPROP  ,B ,Q,26.00,28.90,26.00,28.90,28.90,28.90,2,56,1473.00,
540642,SALASAR     ,B ,Q,196.90,198.00,193.10,194.60,193.55,195.25,180,7267,1416027.00,
540647,GANGESSEC   ,B ,Q,43.55,43.55,43.55,43.55,43.55,47.00,1,5,217.00,
540648,PALASHSEC   ,B ,Q,41.00,41.00,41.00,41.00,41.00,40.25,1,235,9635.00,
540649,AVADHSUGAR  ,B ,Q,669.00,685.00,655.00,679.70,679.70,676.55,346,13584,9191168.00,
540650,MAGADHSUGAR ,B ,Q,160.00,166.75,160.00,160.85,160.85,161.00,53,1722,281504.00,
540652,CTCL        ,M ,Q,45.00,50.00,45.00,50.00,50.00,44.00,2,6000,285000.00,
540653,SINTEXPLAST ,B ,Q,16.50,16.65,16.00,16.30,16.30,16.65,344,119221,1949560.00,
540673,SIS         ,B ,Q,913.70,920.45,909.30,910.05,909.30,910.25,31,117,106817.00,
540678,COCHINSHIP  ,A ,Q,384.00,384.00,376.25,376.95,376.50,382.10,178,2247,849113.00,
540679,SMSLIFE     ,B ,Q,506.00,506.00,479.40,481.05,481.05,523.30,60,999,492950.00,
540680,KIOCL       ,B ,Q,146.50,146.50,142.35,144.10,144.10,140.45,15,533,76884.00,
540686,SMRUTHIORG  ,X ,Q,147.10,162.00,147.10,160.00,160.00,160.00,13,1510,236035.00,
540691,ABCAPITAL   ,A ,Q,99.80,99.85,98.75,99.55,99.55,99.90,828,117687,11676403.00,
540692,APEX        ,B ,Q,292.15,312.00,292.15,302.50,302.50,294.40,1333,34785,10528272.00,
540694,ANG         ,M ,Q,54.10,54.95,54.10,54.55,54.10,54.15,4,6400,347680.00,
540698,NEL         ,M ,Q,1.58,1.58,1.58,1.58,1.58,1.51,1,4000,6320.00,
540699,DIXON       ,B ,Q,2411.40,2480.00,2411.40,2463.85,2465.30,2439.20,61,192,470245.00,
540701,DCAL        ,A ,Q,238.00,238.50,230.25,232.95,230.25,238.65,172,2345,549809.00,
540702,LASA        ,B ,Q,21.75,21.75,19.95,20.15,20.35,20.95,38,11224,225797.00,
540704,MATRIMONY   ,B ,Q,725.00,729.30,717.45,720.55,719.25,725.00,26,328,237266.00,
540709,RELHOME     ,B ,Q,21.80,22.85,21.80,22.35,22.35,22.35,178,18691,419167.00,
540710,CAPACITE    ,B ,Q,269.00,270.40,267.70,269.55,270.00,269.40,260,5238,1410405.00,
540715,SAGAR       ,M ,Q,10.70,10.70,10.70,10.70,10.70,10.70,1,3000,32100.00,
540716,ICICIGI     ,A ,Q,1150.00,1153.80,1140.85,1146.85,1146.85,1133.70,1366,10162,11641204.00,
540717,PQIF        ,XT,Q,74.00,74.00,74.00,74.00,74.00,77.70,1,10,740.00,
540719,SBILIFE     ,A ,Q,680.40,685.40,673.75,680.30,680.30,680.45,696,10497,7128525.00,
540724,DIAMONDYD   ,B ,Q,905.00,925.95,897.00,901.85,900.00,906.55,30,112,101844.00,
540725,SISL        ,M ,Q,79.90,80.00,79.90,80.00,80.00,77.75,2,2000,159900.00,
540727,POOJA       ,M ,Q,49.00,51.00,49.00,51.00,51.00,54.00,3,9000,450000.00,
540728,SAYAJIIND   ,X ,Q,240.00,254.00,240.00,254.00,254.00,248.00,5,119,30140.00,
540735,IRIS        ,M ,Q,22.50,22.50,20.00,20.25,20.00,22.95,4,20000,423000.00,
540736,SIDDH       ,M ,Q,23.70,23.70,23.70,23.70,23.70,24.90,1,4000,94800.00,
540743,GODREJAGRO  ,A ,Q,515.05,517.30,510.90,514.15,512.50,512.65,308,4052,2081362.00,
540744,MESCON      ,XT,Q,13.00,14.10,13.00,13.98,13.98,13.65,44,3362,45100.00,
540749,MASFIN      ,B ,Q,536.35,540.20,535.00,536.00,535.05,539.50,28,100161,54086386.00,
540750,IEX         ,A ,Q,153.45,156.00,153.20,154.30,155.55,153.20,112,3798,589337.00,
540755,GICRE       ,A ,Q,226.40,229.00,225.00,225.75,226.00,229.20,216,4682,1063774.00,
540756,KAARYAFSL   ,M ,Q,27.90,27.90,27.90,27.90,27.90,24.05,1,3000,83700.00,
540757,SCPL        ,M ,Q,126.00,134.10,120.25,126.80,126.80,126.00,24,20000,2513760.00,
540762,TIINDIA     ,A ,Q,395.00,397.05,385.05,390.60,385.05,394.95,90,816,320782.00,
540767,RNAM        ,A ,Q,221.55,222.60,220.60,220.95,220.90,221.55,227,174962,38789478.00,
540768,MAHLOG      ,A ,Q,508.95,511.10,494.65,501.10,496.15,505.80,279,3922,1984957.00,
540769,NIACL       ,A ,Q,164.50,165.10,163.20,163.80,163.75,165.30,110,1772,290455.00,
540774,IFGLEXPOR   ,B ,Q,216.00,218.05,212.50,216.00,216.00,221.00,34,409,87916.00,
540775,KHADIM      ,B ,Q,368.85,368.85,343.05,353.20,345.00,347.15,24,209,73818.00,
540776,5PAISA      ,B ,Q,259.10,259.10,246.15,246.15,246.15,259.10,65,1683,419696.00,
540777,HDFCLIFE    ,A ,Q,426.00,436.95,423.40,435.00,435.00,424.40,4357,172934,74729922.00,
540782,SBRANDS     ,M ,Q,26.50,26.50,26.50,26.50,26.50,27.30,2,2000,53000.00,
540787,ICICIB22    ,B ,Q,39.10,39.50,39.10,39.45,39.45,39.11,182,74938,2954258.00,
540789,DNAMEDIA    ,B ,Q,0.74,0.75,0.74,0.75,0.75,0.72,6,10406,7704.00,
540793,HHOF1140RG  ,B ,Q,8.97,9.19,8.97,9.18,9.10,9.17,7,10643,97307.00,
540795,DYNAMIC     ,M ,Q,34.20,34.20,34.20,34.20,34.20,28.50,3,9000,307800.00,
540797,SHALBY      ,B ,Q,126.00,132.95,126.00,126.25,126.35,126.55,77,1361,172897.00,
540798,FSC         ,B ,Q,611.70,648.50,611.70,625.15,625.15,617.50,126,1535,965739.00,
540824,ASTRON      ,B ,Q,109.10,110.70,107.60,110.15,110.15,110.25,223,45545,4979531.00,
540850,JFL         ,M ,Q,19.95,20.00,19.95,20.00,20.00,20.30,3,6000,119900.00,
540874,7SEAS       ,Z ,Q,8.30,8.37,8.30,8.37,8.37,8.37,2,45,376.00,
540879,APOLLO      ,B ,Q,137.80,138.10,133.75,134.15,134.00,134.90,55,2310,313367.00,
540900,NEWGEN      ,B ,Q,320.00,320.00,315.00,316.50,316.00,317.80,77,833,264400.00,
540901,PRAXIS      ,B ,Q,130.50,130.50,123.80,126.05,123.80,125.10,96,2699,344617.00,
540902,AMBER       ,B ,Q,852.00,853.75,842.00,849.20,849.85,843.00,112,1056,895134.00,
540903,CRPRISK     ,M ,Q,37.50,37.50,37.50,37.50,37.50,37.20,1,2000,75000.00,
540904,TIRUFOAM    ,X ,Q,80.20,80.20,80.20,80.20,80.20,80.10,3,200,16040.00,
540923,AML         ,M ,Q,4.30,4.58,3.92,3.92,3.92,4.19,5,30000,124920.00,
540935,GALAXYSURF  ,B ,Q,1192.95,1192.95,1128.00,1158.00,1156.00,1179.20,301,1732,2012805.00,
540937,MEDICO      ,M ,Q,91.65,91.65,91.65,91.65,91.65,89.00,1,1200,109980.00,
540945,FSSPL       ,M ,Q,3.17,3.17,3.17,3.17,3.17,3.02,1,4000,12680.00,
540949,IPRU3035    ,B ,Q,10.89,10.89,10.89,10.89,10.89,9.90,1,5,54.00,
540954,IWP         ,X ,Q,65.80,67.00,64.40,65.70,65.60,65.80,54,18465,1228606.00,
540955,TDSL        ,M ,Q,19.75,20.00,19.75,20.00,20.00,19.25,2,6000,119250.00,
540956,BHATIA      ,M ,Q,77.50,77.50,77.50,77.50,77.50,79.25,1,2000,155000.00,
540961,SHIVAMILLS  ,B ,Q,51.00,52.40,50.20,50.55,50.25,53.00,15,805,41369.00,
540975,ASTERDM     ,B ,Q,154.50,156.00,153.10,153.25,153.10,151.95,115,5460,846190.00,
540980,YSL         ,XT,Q,10348.00,10348.00,10348.00,10348.00,10348.00,9980.00,1,2,20696.00,
540981,KTKIND4RG   ,B ,Q,8.80,8.80,8.80,8.80,8.80,8.22,1,1000,8800.00,
541005,KANCOTEA    ,X ,Q,33.00,33.60,33.00,33.60,33.60,32.00,3,61,2034.00,
541019,HGINFRA     ,B ,Q,289.00,305.00,286.55,300.25,298.05,288.75,364,10784,3143269.00,
541083,INFLAME     ,M ,Q,135.00,149.90,135.00,141.00,141.00,132.40,7,7000,995400.00,
541096,BPLPHARMA   ,XT,Q,190.00,206.90,190.00,206.90,206.90,197.05,20,1403,286042.00,
541097,LIQUIDETF   ,F ,Q,999.99,999.99,999.99,999.99,999.99,1000.01,1,2,1999.00,
541143,BDL         ,B ,Q,329.40,336.85,321.00,325.50,325.50,324.50,348,7658,2516669.00,
541144,ACTIVE      ,M ,Q,22.50,22.50,22.50,22.50,22.50,23.00,2,4000,90000.00,
541153,BANDHANBNK  ,A ,Q,590.20,600.80,590.20,596.30,596.30,589.50,697,21589,12878636.00,
541154,HAL         ,A ,Q,714.35,725.00,710.00,718.15,717.00,716.15,96,892,639759.00,
541161,KARDA       ,B ,Q,200.35,204.00,200.35,202.95,203.80,201.00,50,1915,388333.00,
541163,SANDHAR     ,B ,Q,295.00,299.70,295.00,296.10,295.00,296.95,12,174,51548.00,
541178,BENARA      ,M ,Q,30.00,30.00,29.10,29.10,29.10,30.70,4,8000,236300.00,
541179,ISEC        ,A ,Q,214.10,220.00,212.80,218.15,218.20,213.05,831,25278,5509660.00,
541195,MIDHANI     ,B ,Q,139.25,142.90,136.65,137.05,137.05,137.30,465,21626,3019115.00,
541206,OBCL        ,M ,Q,55.50,57.50,55.50,56.05,56.05,53.25,8,48000,2679100.00,
541233,LEMONTREE   ,A ,Q,75.50,75.50,73.05,73.40,73.05,74.45,210,12481,919609.00,
541269,CHEMFABALKA ,B ,Q,179.75,179.75,168.05,168.05,168.05,170.65,5,234,40227.00,
541301,ORIENTELEC  ,B ,Q,163.20,164.20,160.10,160.70,160.60,163.95,90,2244,364033.00,
541302,DHRUV       ,M ,Q,37.00,39.00,37.00,39.00,39.00,36.50,3,6000,230000.00,
541304,INDOUS      ,M ,Q,98.00,98.35,96.75,98.10,98.10,97.00,6,17500,1708250.00,
541336,INDOSTAR    ,A ,Q,393.20,396.00,388.10,391.40,396.00,391.40,124,1435,563250.00,
541337,MILEFUR     ,M ,Q,18.50,18.50,18.50,18.50,18.50,18.15,19,90000,1665000.00,
541347,PARVATI     ,T ,Q,2.73,2.73,2.71,2.71,2.71,2.74,6,4581,12420.00,
541353,INNOVATORS  ,M ,Q,46.05,48.75,46.05,48.15,48.75,48.00,8,12800,605360.00,
541400,ZIMLAB      ,X ,Q,116.65,121.95,116.65,118.00,118.25,123.90,11,469,55838.00,
541401,ARIHANTINS  ,M ,Q,5.91,6.38,5.91,6.38,6.38,6.22,8,32000,197440.00,
541403,DOLLAR      ,B ,Q,247.00,254.85,244.00,254.85,254.85,255.00,6,81,20289.00,
541444,PALMJEWELS  ,M ,Q,22.95,22.95,22.95,22.95,22.95,22.75,1,4000,91800.00,
541450,ADANIGREEN  ,A ,Q,45.00,45.20,44.35,44.65,44.65,44.25,573,103543,4637380.00,
541540,SOLARA      ,B ,Q,471.00,477.90,468.00,474.20,473.60,465.35,206,6464,3045889.00,
541545,TALWGYM     ,B ,Q,117.75,124.90,117.75,119.05,119.05,117.75,417,13734,1667621.00,
541546,GAYAHWS     ,B ,Q,0.84,0.84,0.84,0.84,0.84,0.80,1,1000,840.00,
541556,RITES       ,B ,Q,281.00,287.00,277.65,282.70,282.70,277.45,2266,86392,24439545.00,
541557,FINEORG     ,B ,Q,1499.20,1517.35,1486.00,1499.75,1486.00,1486.00,184,3771,5655378.00,
541578,VARROC      ,B ,Q,532.65,532.65,517.00,521.05,520.00,524.35,210,2092,1089987.00,
541601,RAJNISH     ,M ,Q,165.00,165.00,165.00,165.00,165.00,169.00,1,1200,198000.00,
541627,HITECHWIND  ,XT,Q,19.00,19.00,18.45,18.45,18.45,19.40,3,101,1864.00,
541678,TVF1G       ,B ,Q,9.00,9.00,8.51,8.88,8.88,8.80,4,26000,224080.00,
541700,TCNSBRANDS  ,B ,Q,740.00,794.00,715.40,776.00,780.00,727.70,417,3461,2608166.00,
541701,SUPERSHAKT  ,M ,Q,428.35,428.35,428.35,428.35,428.35,444.00,3,6000,2570100.00,
541729,HDFCAMC     ,B ,Q,1764.00,1765.25,1749.95,1757.85,1757.85,1764.95,1063,5396,9476540.00,
541735,VIVANTA     ,XT,Q,3.70,3.70,3.70,3.70,3.70,3.77,2,6,22.00,
541741,TINNATFL    ,X ,Q,18.00,18.00,18.00,18.00,18.00,17.50,1,17,306.00,
541770,CREDITACC   ,B ,Q,529.85,548.50,529.30,539.60,542.00,529.15,472,5015,2705329.00,
541804,IPRU3168    ,B ,Q,8.48,8.48,8.40,8.43,8.40,8.48,2,585,4930.00,
541809,ICICINXT50  ,B ,Q,27.90,27.90,27.61,27.61,27.61,27.66,3,202,5619.00,
541865,ASPL        ,M ,Q,43.00,43.40,40.00,40.05,40.05,39.50,7,28000,1169200.00,
541890,SPACEINCUBA ,X ,Q,0.87,0.88,0.87,0.88,0.88,0.90,4,1780,1552.00,
541946,ICICILIQ    ,F ,Q,1000.01,1000.01,1000.00,1000.00,1000.00,1000.00,17,6242,6242000.00,
541956,IRCON       ,B ,Q,406.75,414.95,399.60,413.70,413.70,404.40,338,6892,2829614.00,
541972,SETFSN50    ,B ,Q,332.00,332.00,332.00,332.00,332.00,332.24,2,23,7636.00,
541974,MANORAMA    ,M ,Q,205.00,205.00,203.50,204.00,204.00,201.00,7,9000,1835760.00,
541984,RIOSAG      ,B ,Q,9.55,9.55,9.55,9.55,9.55,9.85,1,1866,17820.00,
541988,AAVAS       ,B ,Q,1420.55,1425.45,1370.00,1384.30,1376.05,1413.10,161,933,1303972.00,
542011,GRSE        ,B ,Q,121.00,137.00,120.00,121.70,121.70,116.20,1875,142317,18014020.00,
542013,DOLFIN      ,M ,Q,43.80,43.80,39.95,43.75,43.75,41.85,4,12000,509900.00,
542019,SHUBHAM     ,M ,Q,41.65,41.65,41.65,41.65,41.65,42.50,1,12000,499800.00,
542025,SUNRETAIL   ,M ,Q,30.95,30.95,30.95,30.95,30.95,30.95,3,102000,3156900.00,
542057,BCPL        ,M ,Q,35.00,35.00,35.00,35.00,35.00,36.75,1,4000,140000.00,
542066,ADANIGAS    ,B ,Q,168.10,172.50,164.70,170.70,170.70,167.45,5382,406109,68636599.00,
542117,NETRIPPLES  ,X ,Q,11.58,11.58,11.58,11.58,11.58,11.10,1,21,243.00,
542131,MAN50ETF    ,B ,Q,119.50,119.50,119.50,119.50,119.50,119.00,1,3,358.00,
542141,TECHNOE     ,B ,Q,247.35,247.35,242.55,246.25,246.25,248.00,55,3162,774849.00,
542155,DGL         ,M ,Q,22.80,24.95,22.80,24.65,24.95,24.00,42,162000,3950600.00,
542156,IPRU3218    ,B ,Q,9.06,9.06,9.06,9.06,9.06,9.06,1,89,806.00,
542216,DALBHARAT   ,B ,Q,1189.10,1198.50,1182.50,1197.05,1198.50,1199.90,70,600,715520.00,
542231,NILASPACES  ,B ,Q,1.97,2.04,1.90,2.00,2.00,1.95,81,312131,622239.00,
542233,TREJHARA    ,B ,Q,24.15,24.20,24.15,24.20,24.20,25.95,3,250,6043.00,
542247,AXISCCGPG   ,B ,Q,8.03,8.03,8.03,8.03,8.03,8.02,1,700,5621.00,
542248,DECCAN      ,M ,Q,104.75,104.75,100.50,102.55,102.90,102.75,8,9600,981600.00,
542285,AXITA       ,M ,Q,81.00,82.90,81.00,82.90,82.90,79.50,4,8000,656800.00,
542323,KPIGLOBAL   ,M ,Q,66.55,67.85,65.50,67.85,67.85,67.75,8,14400,950320.00,
542333,CESCVENTURE ,B ,Q,471.00,480.00,468.20,474.05,477.00,468.75,86,825,389376.00,
542337,SPENCER     ,B ,Q,117.35,118.85,115.15,116.80,116.80,115.65,188,6158,722367.00,
542351,GLOSTERLTD  ,T ,Q,935.00,988.05,935.00,986.75,988.05,941.00,8,344,337539.00,
542383,RITCO       ,M ,Q,73.10,76.85,73.10,74.95,74.05,73.80,26,96000,7061680.00,
542399,CHALET      ,B ,Q,320.75,336.90,320.75,331.75,333.00,324.95,46,620,205382.00,
542437,ANMOL       ,M ,Q,29.50,29.50,29.50,29.50,29.50,30.00,1,4000,118000.00,
542459,KRANTI      ,M ,Q,38.00,38.00,38.00,38.00,38.00,38.00,2,6000,228000.00,
542460,ANUP        ,B ,Q,518.40,522.00,500.00,511.45,510.40,512.65,139,1403,719028.00,
542484,ARVINDFASN  ,B ,Q,808.75,817.55,805.00,807.95,809.00,806.45,93,840,680636.00,
542580,AARTECH     ,M ,Q,35.00,35.00,35.00,35.00,35.00,35.00,8,32000,1120000.00,
542597,MSTC        ,B ,Q,101.00,105.85,98.80,99.35,99.15,101.40,314,11501,1164794.00,
542602,EMBASSY     ,IF,Q,347.84,352.50,347.84,348.30,348.30,347.84,12,5200,1817632.00,
542627,CHANDNIMACH ,X ,Q,10.85,10.85,10.75,10.75,10.75,11.30,6,765,8278.00,
542641,CKFSL       ,B ,Q,13.25,13.25,13.25,13.25,13.25,13.90,10,2706,35854.00,
542649,RVNL        ,B ,Q,29.30,29.55,27.80,28.20,28.20,28.75,4548,1933214,54908754.00,
542650,METROPOLIS  ,B ,Q,961.65,962.00,955.10,958.35,958.15,962.95,117,561,537260.00,
542651,KPITTECH    ,B ,Q,94.50,96.95,94.50,96.00,96.00,95.10,42,1469,140834.00,
542652,POLYCAB     ,B ,Q,617.95,624.00,613.05,618.65,618.65,619.45,412,7968,4933384.00,
542653,JINAAM      ,M ,Q,39.35,41.40,39.35,40.90,41.40,40.75,3,8000,327100.00,
542654,VRFILMS     ,M ,Q,68.95,68.95,68.95,68.95,68.95,67.90,1,2000,137900.00,
542655,VIKASMCORP  ,B ,Q,3.95,4.20,3.75,4.09,4.09,3.92,96,89727,360112.00,
542665,NEOGEN      ,B ,Q,289.50,298.00,285.30,293.40,293.40,290.75,305,6440,1876802.00,
542667,WORL        ,M ,Q,84.00,90.60,83.00,83.00,83.00,84.00,6,12000,1013700.00,
542669,BMW         ,X ,Q,31.50,31.50,26.25,27.75,27.60,26.60,44,48637,1344850.00,
542670,ARTEMISELC  ,M ,Q,80.00,82.00,79.10,80.45,79.10,78.70,15,30000,2418600.00,
542678,CHCL        ,MT,Q,60.50,60.50,60.45,60.45,60.45,61.00,55,296000,17899500.00,
555555,ICICISENSX  ,B ,Q,410.00,421.11,410.00,421.11,421.11,419.46,3,777,327191.00,
570001,TATAMTRTDVR ,A ,Q,86.05,86.15,84.20,84.90,84.90,85.25,1085,239450,20422563.00,
570002,FELDVR      ,B ,Q,33.05,35.40,33.05,34.30,34.30,34.90,8,506,17442.00,
570004,JISLBNDVR   ,B ,Q,39.60,40.70,37.90,38.90,38.70,40.15,140,14824,582548.00,
580001,STAN CHART  ,B ,I,53.35,55.00,53.35,55.00,55.00,53.65,9,1020,54756.00,
590003,KARUR VY(PS ,B ,Q,81.00,81.00,79.15,79.55,79.55,79.40,178,20196,1608921.00,
590005,TIDE WATE(PS,B ,Q,5280.00,5300.00,5205.00,5236.50,5210.00,5237.00,72,174,916224.00,
590006,AMRUTANJAN  ,B ,Q,322.35,332.80,321.00,321.80,321.80,325.40,198,4035,1319500.00,
590013,XPRO INDI(PS,B ,Q,36.70,37.05,36.65,36.65,37.05,37.00,7,818,29985.00,
590018,HISARMET(PS ,B ,Q,58.50,60.45,56.25,57.50,57.25,59.65,9,922,53404.00,
590021,BHARAT RA(PS,B ,Q,4635.45,4643.20,4525.00,4604.55,4600.00,4611.90,50,151,695007.00,
590022,EASTER SI(PS,T ,Q,1.71,1.89,1.71,1.89,1.89,1.80,4,16200,28710.00,
590024,FERT CHE(PS ,B ,Q,45.50,46.00,43.50,44.25,44.25,41.55,1214,153987,6850523.00,
590025,GINNI FIL(PS,B ,Q,13.12,13.39,13.11,13.27,13.12,13.17,15,1149,15214.00,
590030,SOUTH PET(PS,B ,Q,26.00,26.00,25.05,25.70,25.75,25.10,65,4619,118393.00,
590031,DE NORA     ,B ,Q,250.00,254.90,247.00,247.00,247.00,245.10,28,324,80932.00,
590043,HARITA SEAT ,B ,Q,457.45,460.00,449.10,452.90,449.10,463.00,20,2489,1127365.00,
590051,SAKSOFT LTD ,B ,Q,302.00,306.00,299.60,300.55,305.00,297.45,41,779,235884.00,
590057,PROSEED     ,B ,Q,0.45,0.45,0.42,0.45,0.45,0.44,6,10255,4311.00,
590062,ANDHRA SUGAR,B ,Q,397.50,402.85,388.20,391.55,390.35,391.15,230,6696,2647186.00,
590065,INDIA MOTOR ,B ,Q,840.00,929.95,840.00,877.20,880.00,894.70,85,1286,1131154.00,
590066,KCP LTD     ,B ,Q,94.05,95.25,91.50,91.85,91.50,93.55,37,1519,140854.00,
590068,KHAITAN INDI,B ,Q,29.80,33.50,28.70,30.40,32.40,31.40,12,1260,37804.00,
590070,RADAAN MEDIA,B ,Q,2.60,2.89,2.51,2.79,2.79,2.64,13,4940,13266.00,
590071,SUNDARAM FIN,B ,Q,1578.95,1648.00,1540.00,1633.50,1620.00,1571.40,620,3629,5817095.00,
590072,SUNDARAM BRK,B ,Q,371.00,375.35,362.20,371.80,372.95,369.90,48,617,226860.00,
590075,LAMBODHARA T,B ,Q,46.50,49.40,46.50,48.85,49.30,47.50,31,2593,125322.00,
590078,MAITHAN ALL ,B ,Q,628.00,664.90,617.70,654.15,662.20,621.50,334,3987,2562745.00,
590086,ORISSA MINE ,B ,Q,809.00,840.00,809.00,816.70,816.70,817.35,78,487,400009.00,
590095,GOLDBEES    ,E ,Q,2817.32,2817.32,2800.00,2801.14,2805.00,2817.32,61,677,1898589.00,
590096,LIQUIDBEES  ,F ,Q,1000.00,1000.01,999.99,1000.01,1000.01,1000.01,561,351147,351145072.00,
590097,KOTAKGOLDETF,E ,Q,279.99,279.99,277.35,278.40,277.36,278.00,8,233,65113.00,
590098,SBI GOLD ETS,E ,Q,2858.00,2864.99,2840.25,2845.00,2845.00,2857.71,15,102,290279.00,
590099,QUANTUM GOLD,E ,Q,1398.00,1398.00,1396.00,1396.00,1396.00,1405.00,2,9,12574.00,
590101,UTI GOLD ETF,E ,Q,2820.00,2829.00,2814.45,2822.00,2822.00,2835.00,14,134,378179.00,
590103,NIFTY BEES  ,B ,Q,1249.99,1255.00,1249.99,1251.78,1255.00,1247.66,74,954,1194338.00,
590104,JUNIOR BEES ,B ,Q,284.00,285.66,284.00,284.50,284.50,284.97,25,355,101057.00,
590106,BANK BEES   ,B ,Q,3195.00,3218.20,3190.00,3216.40,3218.20,3176.87,14,1252,4012586.00,
590107,KOTAK PSU BK,B ,Q,327.00,327.50,324.05,324.05,324.05,324.00,9,39,12746.00,
590108,PSUBNK BEES ,B ,Q,366.10,366.10,359.10,359.10,359.10,361.00,10,19,6898.00,
590126,GRADIENTE   ,XT,Q,1.32,1.32,1.32,1.32,1.32,1.26,6,8611,11366.00,
590134,MADRASFERT  ,B ,Q,25.85,26.90,25.55,26.05,26.05,23.45,878,185013,4836852.00,
715004,ILFS1606PFA ,F ,P,675.00,675.00,675.00,675.00,675.00,810.00,1,5,3375.00,
715014,815LTFH2020 ,F ,P,104.99,104.99,104.99,104.99,104.99,105.00,1,40,4199.00,
715027,895LTFHL21  ,F ,P,103.43,103.70,103.43,103.60,103.60,103.25,12,113752,11776357.00,
717502,JSW NCPS    ,F ,P,4.77,4.84,4.77,4.84,4.84,4.80,3,1400,6744.00,
717503,ZEE NCPS    ,F ,P,5.27,5.27,5.25,5.26,5.26,5.29,20,1152439,6072326.00,
800251,SGB20151    ,G ,B,2952.00,3140.00,2952.00,3140.00,3140.00,3016.65,2,6,18276.00,
800252,SGB2016I    ,G ,B,2952.60,2952.60,2952.60,2952.60,2952.60,2961.00,1,4,11810.00,
800254,SGBAUG24    ,G ,B,2970.10,2970.10,2970.10,2970.10,2970.10,3000.00,2,15,44551.00,
800258,SGB2016IIA  ,G ,B,2956.01,2959.00,2956.00,2956.75,2956.00,2957.22,6,245,724392.00,
800265,SGB2016IV   ,G ,B,2942.00,2945.03,2942.00,2945.03,2945.03,2942.10,2,37,108944.00,
810617,83GUJ2029   ,G ,B,103.45,103.45,103.45,103.45,103.45,105.80,1,1000,103450.00,
810622,814GJSDL29  ,G ,B,103.25,103.25,103.25,103.25,103.25,0.00,1,50000,5162500.00,
890144,TATASTEELPP ,A ,Q,69.00,69.00,65.40,65.95,65.95,66.10,1239,231534,15343981.00,
890145,IBVENTUREPP ,B ,Q,191.00,194.70,188.90,191.95,192.00,177.00,78,11067,2145337.00,
934885,SREI2019VI  ,F ,D,1880.00,1880.00,1880.00,1880.00,1880.00,1871.17,1,5,9400.00,
934920,0STFC20VI   ,F ,D,1907.50,1907.50,1907.50,1907.50,1907.50,1890.00,1,100,190750.00,
935016,IIFLHFL202  ,F ,D,1014.00,1014.00,1014.00,1014.00,1014.00,1015.00,2,1000,1014000.00,
935136,971STFC21   ,F ,D,1011.05,1015.00,1010.00,1011.00,1011.00,1023.00,11,242,244692.00,
935142,0STFC2021   ,F ,D,1725.01,1725.01,1725.01,1725.01,1725.01,1723.11,1,1,1725.00,
935276,0KFL2020G   ,F ,D,1383.00,1750.00,1382.00,1750.00,1750.00,1640.00,43,600,929730.00,
935290,1125SREI19G ,F ,D,985.00,985.00,985.00,985.00,985.00,985.00,2,20,19700.00,
935310,BLUENCDSR3  ,F ,D,10.06,10.06,10.06,10.06,10.06,10.74,1,15,150.00,
935317,990IFCI21D  ,F ,D,1010.00,1010.00,1000.00,1000.00,1000.00,1010.00,2,200,201000.00,
935321,990IFCI24F  ,F ,D,1012.00,1012.00,1000.05,1008.10,1000.05,1014.90,11,417,421614.00,
935383,849NTPC25   ,F ,D,12.80,12.85,12.80,12.85,12.85,12.87,28,3952,50773.00,
935451,1025SEFL20H ,F ,D,980.00,980.00,980.00,980.00,980.00,985.00,1,10,9800.00,
935463,1075SREI20  ,F ,D,960.00,960.00,955.00,958.00,958.00,901.00,10,309,296002.00,
935506,736PFC25    ,F ,D,1082.11,1082.11,1082.11,1082.11,1082.11,1086.00,1,14,15149.00,
935514,760PFC35    ,F ,D,1158.05,1168.00,1158.05,1168.00,1168.00,1156.60,2,101,117281.00,
935540,714REC25    ,F ,D,1063.00,1065.01,1063.00,1065.01,1065.01,1062.01,2,26,27660.00,
935584,76NHAI31    ,F ,D,1118.04,1120.11,1118.03,1120.10,1120.10,1121.08,9,580,649355.00,
935642,764HUDCO31  ,F ,D,1120.15,1125.00,1120.10,1125.00,1125.00,1125.00,4,550,616555.00,
935666,769NHAI31   ,F ,D,1164.50,1167.90,1164.50,1167.90,1167.90,1152.00,6,1004,1169355.00,
935674,769HUDCO31  ,F ,D,1144.00,1154.00,1144.00,1154.00,1154.00,1143.00,12,717,822127.00,
935690,764NABARD31 ,F ,D,1150.00,1151.00,1125.00,1132.00,1132.00,1121.00,15,405,462076.00,
935740,872MMFSL26  ,F ,D,1000.00,1000.00,1000.00,1000.00,1000.00,1000.00,8,425,425000.00,
935752,9MMFSL26    ,F ,D,1003.00,1003.00,1003.00,1003.00,1003.00,1002.75,1,50,50150.00,
935760,MMFSL26A    ,F ,D,1205.00,1215.00,1205.00,1215.00,1215.00,1211.93,5,536,650160.00,
935794,883DHFL19B  ,F ,D,935.00,935.00,935.00,935.00,935.00,910.12,1,27,25245.00,
935798,888DHFL21B  ,F ,D,695.00,695.00,695.00,695.00,695.00,674.00,1,4,2780.00,
935802,893DHFL26B  ,F ,D,660.00,691.00,660.00,691.00,691.00,639.11,3,51,34931.00,
935806,920DHFL19B  ,F ,D,951.00,958.00,951.00,958.00,958.00,936.20,4,223,212106.00,
935810,925DHFL21B  ,F ,D,700.00,700.00,700.00,700.00,700.00,695.00,3,100,70000.00,
935818,0DHFL19B    ,F ,D,1205.00,1205.00,1205.00,1205.00,1205.00,1200.00,1,1,1205.00,
935824,0DHFL26B    ,F ,D,944.00,950.00,944.00,950.00,950.00,835.00,2,16,15194.00,
935832,910DHFL19B  ,F ,D,910.00,919.40,910.00,915.00,915.00,914.59,12,328,299824.00,
935840,925DHFL23B  ,F ,D,631.00,680.00,630.00,640.00,640.00,628.05,7,450,288005.00,
935894,0SIFL19     ,F ,D,1210.00,1210.00,1210.00,1210.00,1210.00,1210.00,1,25,30250.00,
935924,912SEFL20B  ,F ,D,988.00,988.00,988.00,988.00,988.00,989.00,1,1,988.00,
935928,95SEFL20B   ,F ,D,965.00,965.00,965.00,965.00,965.00,965.00,1,7,6755.00,
935940,975SEFL22B  ,F ,D,880.00,880.00,880.00,880.00,880.00,910.00,3,100,88000.00,
936008,875MFL20B   ,F ,D,998.40,998.50,998.40,998.42,998.50,999.99,7,190,189700.00,
936018,0MFL20      ,F ,D,1145.00,1145.00,1145.00,1145.00,1145.00,1120.00,2,300,343500.00,
936040,785MMFSL24  ,F ,D,931.00,931.00,931.00,931.00,931.00,970.00,1,10,9310.00,
936048,805MMFSL32  ,F ,D,910.00,910.00,910.00,910.00,910.00,890.05,1,25,22750.00,
936052,930SEFL22   ,F ,D,880.00,880.00,880.00,880.00,880.00,820.36,2,266,234080.00,
936056,935SEFL24   ,F ,D,948.00,948.00,948.00,948.00,948.00,947.99,1,20,18960.00,
936090,95KFL21     ,F ,D,960.00,960.00,960.00,960.00,960.00,935.00,1,200,192000.00,
936138,875MFL23    ,F ,D,956.00,965.00,956.00,964.99,964.99,980.00,4,6,5780.00,
936144,9MFL23      ,F ,D,966.49,966.49,966.49,966.49,966.49,959.00,1,25,24162.00,
936196,865DHFL23   ,F ,D,652.00,652.00,650.00,650.00,650.00,656.00,10,100,65018.00,
936198,89DHFL21    ,F ,D,630.00,655.00,630.00,654.99,654.99,658.80,9,160,104316.00,
936202,856DHFL21   ,F ,D,750.00,750.00,700.00,700.00,700.00,681.00,4,102,71499.00,
936206,910DHFL28   ,F ,D,510.05,560.00,510.05,560.00,560.00,527.44,2,21,11710.00,
936214,9DHFL23     ,F ,D,561.00,574.00,560.00,574.00,574.00,545.38,10,95,53888.00,
936216,925JMFCSL21 ,F ,D,975.00,975.00,975.00,975.00,975.00,948.23,1,11,10725.00,
936220,95JMFCSL23  ,F ,D,926.00,949.00,926.00,949.00,949.00,940.00,9,223,211098.00,
936222,911JMFCSL23 ,F ,D,950.00,950.00,950.00,950.00,950.00,980.00,8,184,174800.00,
936224,975JMFCSL28 ,F ,D,928.00,928.00,928.00,928.00,928.00,941.00,1,1000,928000.00,
936226,934JMFCS28  ,F ,D,916.00,916.00,916.00,916.00,916.00,916.01,1,3,2748.00,
936228,893STFCL23  ,F ,D,979.00,979.00,972.00,972.00,972.00,970.00,3,58,56411.00,
936230,903STFCL28  ,F ,D,980.00,980.00,975.00,975.00,975.00,979.00,6,381,372975.00,
936232,91STFCL21   ,F ,D,1055.00,1060.00,1045.20,1059.99,1059.99,1055.00,13,1040,1098702.00,
936234,93STFCL23   ,F ,D,1038.60,1038.60,1038.60,1038.60,1038.60,1035.00,1,50,51930.00,
936242,0EFL21      ,F ,D,1035.00,1035.00,1024.00,1024.00,1024.00,1035.00,2,40,41070.00,
936250,965EFL23    ,F ,D,1005.00,1005.00,1004.00,1004.00,1004.00,1003.00,3,300,301400.00,
936252,943EFL28    ,F ,D,965.80,965.80,965.80,965.80,965.80,933.05,1,54,52153.00,
936268,890ICCL21   ,F ,D,985.00,985.00,985.00,985.00,985.00,996.00,1,5,4925.00,
936286,880TCFSL21  ,F ,D,1055.05,1055.05,1055.05,1055.05,1055.05,1055.00,2,20,21101.00,
936290,890TCFSL23  ,F ,D,1071.90,1078.90,1064.10,1065.00,1065.00,1063.20,19,1345,1436733.00,
936312,AHFL29SEP18 ,F ,D,825.03,825.03,825.03,825.03,825.03,960.00,1,10,8250.00,
936314,96AHFL21    ,F ,D,968.01,968.01,968.01,968.01,968.01,981.00,1,10,9680.00,
936318,965AHFL23   ,F ,D,918.00,918.00,918.00,918.00,918.00,916.00,1,12,11016.00,
936324,912STFCL23  ,F ,D,962.00,962.00,962.00,962.00,962.00,980.00,1,24,23088.00,
936330,950STFCL23  ,F ,D,1024.50,1024.50,1024.50,1024.50,1024.50,1000.16,1,25,25612.00,
936356,MFL29NOV18  ,F ,D,1035.15,1036.50,1035.15,1036.50,1036.50,1035.00,8,85,88021.00,
936360,10MFL23     ,F ,D,1000.00,1000.00,1000.00,1000.00,1000.00,1012.00,4,49,49000.00,
936362,985MFL20    ,F ,D,1019.00,1019.00,1018.01,1018.01,1018.01,1017.60,2,100,101830.00,
936368,MFL29NOV18A ,F ,D,1012.01,1023.99,1012.01,1023.99,1023.99,1028.00,5,100,101800.00,
936372,MFL29NOV18C ,F ,D,1040.01,1041.01,1040.01,1041.00,1041.00,1005.00,4,100,104096.00,
936374,MFL29NOV18D ,F ,D,1000.00,1041.00,1000.00,1041.00,1041.00,1020.04,12,516,536746.00,
936376,10JMFCSL22  ,F ,D,975.00,995.00,975.00,995.00,995.00,999.00,3,65,63875.00,
936384,1025JFCSL28 ,F ,D,980.00,980.00,979.00,979.81,980.00,975.00,6,210,205760.00,
936386,981JMFCSL28 ,F ,D,987.00,987.00,987.00,987.00,987.00,971.00,1,8,7896.00,
936388,1020EFL22   ,F ,D,1000.00,1000.00,997.00,1000.00,1000.00,1000.00,13,781,780297.00,
936390,EFL4JAN19   ,F ,D,995.00,995.00,995.00,995.00,995.00,994.91,9,500,497500.00,
936392,995EFL24    ,F ,D,984.00,989.90,983.00,989.90,989.90,988.00,6,425,419355.00,
936398,1015EFL29   ,F ,D,1000.00,1000.00,996.00,996.13,996.00,1000.00,13,621,619837.00,
936400,1060EFL29   ,F ,D,1004.45,1004.45,1004.45,1004.45,1004.45,968.53,1,50,50222.00,
936412,93MMFSL27   ,F ,D,1035.11,1042.50,1032.00,1035.38,1042.50,1045.99,6,135,139776.00,
936438,0KFLSRII    ,F ,D,950.00,950.00,950.00,950.00,950.00,950.00,4,20,19000.00,
936456,94STFCL22   ,F ,D,1000.01,1005.00,1000.01,1005.00,1005.00,1000.00,2,10,10025.00,
936460,97STFCL29   ,F ,D,1005.00,1010.00,1005.00,1010.00,1010.00,996.00,3,429,433110.00,
936462,0STFCL22A   ,F ,D,998.00,998.00,998.00,998.00,998.00,980.05,2,40,39920.00,
936468,960IIFL22   ,F ,D,970.06,970.06,966.50,968.85,966.50,966.61,3,50,48442.00,
936480,935MFL22    ,F ,D,953.01,958.00,953.01,954.26,954.26,958.00,14,401,383293.00,
936484,975MFL22A   ,F ,D,962.12,966.15,962.12,966.15,966.15,980.00,2,20,19282.00,
936492,0MFL26      ,F ,D,950.00,979.00,950.00,979.00,979.00,937.87,2,40,38580.00,
936494,1075ICFL21  ,F ,D,976.03,976.03,976.03,976.03,976.03,980.00,1,10,9760.00,
936498,1040ICFL22  ,F ,D,1019.00,1019.00,1000.00,1000.00,1000.00,1018.63,9,81,81931.00,
936500,1090ICFL22  ,F ,D,990.00,990.00,990.00,990.00,990.00,951.50,1,10,9900.00,
936502,0ICFL22     ,F ,D,975.00,975.00,975.00,975.00,975.00,955.00,1,10,9750.00,
936506,11ICFL24    ,F ,D,993.00,993.00,985.50,985.50,985.50,987.78,5,85,84255.00,
936512,91LTFL22    ,F ,D,1020.00,1020.00,1020.00,1020.00,1020.00,1016.00,2,75,76500.00,
936520,925LTFL24   ,F ,D,1060.00,1060.01,1045.00,1053.04,1056.00,1031.25,6,372,393026.00,
936524,889LTFL24   ,F ,D,1015.00,1022.98,1015.00,1020.40,1020.40,1012.00,5,106,108221.00,
936532,898LTFL29   ,F ,D,1011.20,1014.01,1011.20,1014.01,1014.01,1020.00,3,300,303641.00,
936540,950MFL21A   ,F ,D,1009.99,1009.99,1009.99,1009.99,1009.99,1000.00,1,5,5049.00,
936558,0LTFL22C    ,F ,D,1015.00,1015.00,1015.00,1015.00,1015.00,1007.01,1,25,25375.00,
936562,9LTFL24     ,F ,D,1018.00,1018.00,1018.00,1018.00,1018.00,1018.00,4,200,203600.00,
936566,866LTFL24   ,F ,D,1006.00,1006.00,1006.00,1006.00,1006.00,1014.00,1,37,37222.00,
936574,905LTFL27   ,F ,D,1020.00,1020.00,1020.00,1020.00,1020.00,1018.50,2,353,360060.00,
936602,975SCUF24   ,F ,D,1003.00,1003.00,1003.00,1003.00,1003.00,1003.00,1,11,11033.00,
936604,935SCUF24   ,F ,D,995.00,995.00,995.00,995.00,995.00,991.00,1,10,9950.00,
936642,975MHIL24   ,F ,D,977.97,989.99,977.97,989.99,989.99,987.99,4,50,49018.00,
936700,1020JMFPL22 ,F ,D,980.00,980.00,980.00,980.00,980.00,990.00,1,14,13720.00,
936704,1004JMFPL24 ,F ,D,990.00,990.00,990.00,990.00,990.00,996.17,2,23,22770.00,
936706,1050JMFPL24 ,F ,D,985.00,985.00,970.00,970.00,970.00,990.00,3,250,245100.00,
936708,99EFL21     ,F ,D,988.00,990.00,987.50,990.00,990.00,988.00,4,44,43465.00,
936710,0EFL21A     ,F ,D,990.00,990.00,990.00,990.00,990.00,980.00,1,10,9900.00,
936712,102EFL22    ,F ,D,990.00,990.00,962.01,962.01,962.01,995.00,5,27,26702.00,
936716,995EFL24A   ,F ,D,980.00,985.00,976.00,980.00,980.00,985.31,25,1410,1380870.00,
936722,995EFL29    ,F ,D,980.50,980.50,970.00,972.02,972.00,988.00,24,3710,3624709.00,
947146,TATA18MAR11 ,F ,D,1060000.00,1060000.00,1060000.00,1060000.00,1060000.00,1055501.50,2,2,2120000.00,
950495,843PFC22A   ,F ,D,8500.06,8500.06,8500.05,8500.05,8500.05,8500.00,3,12,102000.00,
950497,872PFC22A   ,F ,D,8650.00,8650.00,8650.00,8650.00,8650.00,8700.00,1,4,34600.00,
955457,95YBLPER    ,F ,D,924000.00,932000.00,924000.00,932000.00,932000.00,923000.00,5,5,4639000.00,
956720,920ICICIPER ,F ,D,1006000.00,1015000.00,1006000.00,1015000.00,1015000.00,1008894.53,3,3,3035250.00,
958179,1032APCRD27 ,F ,D,206997.86,206997.86,206997.86,206997.86,206997.86,206844.66,1,5,1034989.00,
958413,1025STFCL24 ,F ,D,1002222.00,1002222.00,1002222.00,1002222.00,1002222.00,1003623.29,1,2,2004444.00,
958644,RFL15MAR23  ,F ,D,100000.00,100000.00,100000.00,100000.00,100000.00,100000.00,2,20,2000000.00,
958670,1175SIBL29  ,F ,D,103421.00,103421.00,103421.00,103421.00,103421.00,103325.00,1,10,1034210.00,
958790,EEL24MAY19  ,F ,D,101800.00,101800.00,101800.00,101800.00,101800.00,101800.00,1,10,1018000.00,
961694,IDFCFBLD1A  ,F ,B,5005.00,5005.00,5000.00,5000.00,5000.00,5000.03,3,13,65055.00,
961700,IDFCFBLD1F  ,F ,B,9000.00,9030.00,9000.00,9000.00,9000.00,9030.00,5,16,144147.00,
961703,SBIBIVR     ,F ,B,11050.00,11074.00,11040.00,11074.00,11074.00,11007.20,15,71,784474.00,
961705,IIFCLBDIS1  ,F ,B,925.09,925.09,925.09,925.09,925.09,931.50,2,40,37003.00,
961706,IIFCLBDIS2  ,F ,B,1805.15,1805.15,1805.15,1805.15,1805.15,1812.00,1,20,36103.00,
961708,IIFCLBDIS4  ,F ,B,1799.00,1799.00,1799.00,1799.00,1799.00,1656.01,1,11,19789.00,
961710,IDFCFBLD1H  ,F ,B,9120.02,9130.00,9120.02,9130.00,9130.00,9100.00,2,8,73000.00,
961711,PFCBS1      ,F ,B,4910.00,4910.00,4910.00,4910.00,4910.00,4910.00,2,4,19640.00,
961712,PFCBS2      ,F ,B,9350.00,9350.00,9225.50,9243.83,9230.50,9207.00,7,18,166885.00,
961714,PFCBS4      ,F ,B,9236.00,9236.00,9236.00,9236.00,9236.00,8908.00,1,4,36944.00,
961715,PFCBT1S1    ,F ,B,5050.00,5050.00,5050.00,5050.00,5050.00,5030.00,1,2,10100.00,
961716,PFCBT1S2    ,F ,B,8828.00,8828.00,8820.50,8820.50,8820.50,8828.00,4,9,79393.00,
961720,IDFCFBLD1J  ,F ,B,9080.00,9080.00,9080.00,9080.00,9080.00,9070.00,1,4,36320.00,
961721,LTINF90122I ,F ,B,1020.00,1025.00,1012.01,1023.55,1025.00,1012.10,11,250,255053.00,
961722,LTINF9122II ,F ,B,1821.32,1835.00,1821.32,1832.56,1832.56,1845.51,10,183,335155.00,
961727,820NHAI22   ,F ,B,1100.00,1100.00,1100.00,1100.00,1100.00,1104.92,1,5,5500.00,
961731,8IRFC230222 ,F ,B,1100.00,1104.00,1095.00,1095.04,1095.00,1100.00,7,770,847880.00,
961735,87IDFCBFBL  ,F ,B,4801.01,4801.01,4801.01,4801.01,4801.01,4800.09,1,4,19204.00,
961736,870IDFCFBL  ,F ,B,8700.00,8700.00,8700.00,8700.00,8700.00,8700.00,8,25,217500.00,
961737,870LNT22A   ,F ,B,972.01,976.00,972.01,974.01,973.01,980.00,10,137,133528.00,
961738,870LNT22B   ,F ,B,1731.01,1740.00,1731.01,1740.00,1740.00,1735.05,21,286,496371.00,
961740,890SREI17B  ,F ,B,1632.00,1633.00,1632.00,1633.00,1633.00,1630.00,2,4,6530.00,
961744,812REC27    ,F ,B,1195.00,1195.00,1180.00,1180.00,1180.00,1195.00,12,3700,4386921.00,
961749,738REC27TF  ,F ,B,1103.00,1103.00,1103.00,1103.00,1103.00,1100.00,1,200,220600.00,
961750,719PFC2023  ,F ,B,1074.90,1075.11,1074.90,1075.11,1075.11,1070.00,4,200,215011.00,
961755,718IRFC2023 ,F ,B,1080.00,1080.00,1054.90,1059.97,1054.90,1069.14,7,13,13847.00,
961756,734IRFC2028 ,F ,B,1111.00,1111.00,1103.20,1103.20,1103.20,1096.00,2,10,11071.00,
961758,704IRFC2028 ,F ,B,1082.00,1082.00,1082.00,1082.00,1082.00,1086.00,1,8,8656.00,
961765,751HUDCO28  ,F ,B,1090.40,1090.40,1090.40,1090.40,1090.40,1100.00,1,10,10904.00,
961767,719HUDCO28  ,F ,B,1065.00,1068.00,1065.00,1068.00,1068.00,1057.51,2,16,17064.00,
961779,871REC28    ,F ,B,1214.00,1214.00,1214.00,1214.00,1214.00,1200.05,1,57,69198.00,
961785,876HUDCO28  ,F ,B,1218.00,1218.00,1210.00,1215.00,1215.00,1213.40,16,450,545642.00,
961786,874HUDCO33  ,F ,B,1270.00,1270.00,1250.00,1250.00,1250.00,1270.00,4,41,51370.00,
961792,892NHPC33   ,F ,B,1260.00,1264.00,1252.30,1252.30,1252.30,1257.00,9,500,629094.00,
961798,875IIFCL33  ,F ,B,1255.50,1260.00,1255.50,1260.00,1260.00,1255.50,2,25,31432.00,
961804,892PFC33    ,F ,B,1290.01,1290.01,1290.01,1290.01,1290.01,1300.00,1,1,1290.00,
961808,866NTPC23   ,F ,B,1185.00,1190.00,1185.00,1190.00,1190.00,1180.00,4,300,356250.00,
961810,891NTPC33   ,F ,B,1305.00,1305.00,1286.01,1288.03,1288.03,1300.00,8,601,773737.00,
961814,876HUDCO24  ,F ,B,1138.01,1144.35,1137.00,1137.11,1137.11,1136.10,5,126,143982.00,
961816,901HUDCO34  ,F ,B,1332.99,1340.00,1332.99,1340.00,1340.00,1308.01,13,321,428583.00,
961820,866IIFCL24C ,F ,B,1115.00,1115.00,1113.00,1113.00,1113.00,1115.18,2,439,488807.00,
961822,891IIFCL34  ,F ,B,1265.00,1265.00,1265.00,1265.00,1265.00,1265.00,1,1,1265.00,
961837,841IREDA24  ,F ,B,1122.00,1122.00,1122.00,1122.00,1122.00,1121.70,1,69,77418.00,
961839,880IREDA29  ,F ,B,1206.00,1206.00,1206.00,1206.00,1206.00,1205.99,4,160,192960.00,
961841,880IREDA34  ,F ,B,1247.11,1260.00,1247.11,1253.03,1253.03,1252.02,6,326,407885.00,
961853,900KPL34    ,F ,B,1280.00,1280.00,1280.00,1280.00,1280.00,1280.00,1,1,1280.00,
961893,841IIFCL24B ,F ,B,1105.00,1105.00,1105.00,1105.00,1105.00,1114.00,2,94,103870.00,
961910,762NTPC35F  ,F ,B,1160.40,1160.40,1160.40,1160.40,1160.40,1175.00,1,70,81228.00,
972609,IFCI150910B ,F ,B,9411.00,9420.01,9411.00,9420.01,9420.01,9411.00,6,18,169488.00,
972656,IFCI010811C ,F ,B,10201.90,10201.90,10201.80,10201.80,10201.80,10610.00,3,30,306055.00,
972660,IFCI310111A ,F ,B,4938.01,4938.01,4938.01,4938.01,4938.01,4935.01,2,4,19752.00,
972661,IFCI310111B ,F ,B,9100.26,9171.00,9100.26,9135.01,9135.00,9164.85,12,31,283749.00,
972663,IFCI310111D ,F ,B,9250.00,9250.00,9250.00,9250.00,9250.00,9240.00,4,16,148000.00,
972704,IFCI121211A ,F ,B,8655.01,8655.01,8655.01,8655.01,8655.01,8650.02,4,8,69240.00,
972713,IFCI150212A ,F ,B,9020.00,9020.00,9000.02,9015.00,9015.00,9015.86,10,36,324505.00,
972716,IFCI150212D ,F ,B,4800.00,4800.00,4800.00,4800.00,4800.00,4800.00,1,2,9600.00,
972719,IFCI310312A ,F ,B,8100.00,8100.00,8100.00,8100.00,8100.00,8100.00,1,4,32400.00,
972721,IFCI310312C ,F ,B,8500.10,8500.10,8500.10,8500.10,8500.10,8500.00,2,24,204002.00,
972881,825PTCIF21  ,F ,B,4900.01,4900.01,4900.01,4900.01,4900.01,4910.00,2,8,39200.00,
972883,893PTCIF22  ,F ,B,4936.00,4940.01,4936.00,4940.01,4940.01,4905.01,2,8,39504.00,
972885,893PTCIF22A ,F ,B,8882.01,8921.00,8882.01,8921.00,8921.00,8881.01,2,8,71212.00,
